{
  "final_metrics": {
    "loss": 0.7558957470787896,
    "accuracy": 0.5581395348837209,
    "precision": 0.4482758620689655,
    "recall": 0.5098039215686274,
    "f1": 0.47706422018348627,
    "auc": 0.5148315736551031
  },
  "feature_importance": {
    "TP9_delta": 99.30475616455078,
    "TP9_theta": 100.0,
    "TP9_alpha": 63.99707794189453,
    "TP9_beta": 11.889284133911133,
    "TP9_low_gamma": 5.097393035888672,
    "TP9_high_gamma": 31.276023864746094,
    "TP9_very_high": 4.017090797424316,
    "AF7_delta": 5.477518558502197,
    "AF7_theta": 33.52420425415039,
    "AF7_alpha": 5.855435371398926,
    "AF7_beta": 10.513344764709473,
    "AF7_low_gamma": 2.707679271697998,
    "AF7_high_gamma": 43.365047454833984,
    "AF7_very_high": 18.289201736450195,
    "AF8_delta": 17.84477996826172,
    "AF8_theta": 67.23485565185547,
    "AF8_alpha": 75.59188842773438,
    "AF8_beta": 14.082938194274902,
    "AF8_low_gamma": 4.416556358337402,
    "AF8_high_gamma": 11.562600135803223,
    "AF8_very_high": 20.75788116455078,
    "TP10_delta": 2.414865732192993,
    "TP10_theta": 35.376373291015625,
    "TP10_alpha": 51.98371887207031,
    "TP10_beta": 9.824877738952637,
    "TP10_low_gamma": 37.056640625,
    "TP10_high_gamma": 28.835847854614258,
    "TP10_very_high": 18.383846282958984
  },
  "electrode_band_importance": {
    "TP9": {
      "delta": 99.30475616455078,
      "theta": 100.0,
      "alpha": 63.99707794189453,
      "beta": 11.889284133911133,
      "low_gamma": 5.097393035888672,
      "high_gamma": 31.276023864746094,
      "very_high": 4.017090797424316
    },
    "AF7": {
      "delta": 5.477518558502197,
      "theta": 33.52420425415039,
      "alpha": 5.855435371398926,
      "beta": 10.513344764709473,
      "low_gamma": 2.707679271697998,
      "high_gamma": 43.365047454833984,
      "very_high": 18.289201736450195
    },
    "AF8": {
      "delta": 17.84477996826172,
      "theta": 67.23485565185547,
      "alpha": 75.59188842773438,
      "beta": 14.082938194274902,
      "low_gamma": 4.416556358337402,
      "high_gamma": 11.562600135803223,
      "very_high": 20.75788116455078
    },
    "TP10": {
      "delta": 2.414865732192993,
      "theta": 35.376373291015625,
      "alpha": 51.98371887207031,
      "beta": 9.824877738952637,
      "low_gamma": 37.056640625,
      "high_gamma": 28.835847854614258,
      "very_high": 18.383846282958984
    }
  },
  "training_config": {
    "epochs": 100,
    "batch_size": 16,
    "learning_rate": 0.003,
    "balanced": true,
    "train_samples": 192,
    "val_samples": 129
  },
  "timestamp": "2025-12-11T19:26:49.904355"
}