timestamp,lsl_timestamp,TP9,AF7,AF8,TP10,Right AUX,keypress_A,keypress_B
1766589209.25361,1766589209.1825235,5.37109375,-38.57421875,-21.97265625,111.328125,0.0,0,0
1766589209.2539032,1766589209.1864202,-21.484375,-40.52734375,-24.4140625,43.9453125,0.0,0,0
1766589209.253946,1766589209.1903167,-76.66015625,-41.9921875,-31.25,-98.14453125,0.0,0,0
1766589209.2540002,1766589209.1942132,-96.19140625,-45.8984375,-47.8515625,-152.83203125,0.0,0,0
1766589209.2540312,1766589209.1981096,-38.57421875,-43.9453125,-37.59765625,-2.9296875,0.0,0,0
1766589209.2540631,1766589209.2020063,14.6484375,-31.25,-22.94921875,99.609375,0.0,0,0
1766589209.254092,1766589209.2059028,8.7890625,-22.94921875,-24.4140625,29.78515625,0.0,0,0
1766589209.254122,1766589209.2097993,-53.22265625,-32.71484375,-32.71484375,-130.859375,0.0,0,0
1766589209.2541509,1766589209.2136958,-94.23828125,-45.8984375,-43.45703125,-200.68359375,0.0,0,0
1766589209.2541802,1766589209.2175922,-43.45703125,-42.48046875,-39.55078125,-75.68359375,0.0,0,0
1766589209.25421,1766589209.221489,14.16015625,-32.71484375,-30.76171875,66.89453125,0.0,0,0
1766589209.254239,1766589209.2253854,-3.90625,-30.2734375,-27.83203125,65.4296875,0.0,0,0
1766589209.298144,1766589209.2293932,-58.59375,-31.25,-28.3203125,-72.75390625,0.0,0,0
1766589209.298229,1766589209.23329,-78.125,-31.25,-35.64453125,-122.0703125,0.0,0,0
1766589209.2982569,1766589209.2371864,-39.0625,-28.80859375,-32.2265625,-16.11328125,0.0,0,0
1766589209.298283,1766589209.241083,4.39453125,-28.3203125,-27.83203125,93.26171875,0.0,0,0
1766589209.2983098,1766589209.2449794,8.30078125,-24.4140625,-27.83203125,89.84375,0.0,0,0
1766589209.298346,1766589209.248876,-41.015625,-24.90234375,-31.25,-74.21875,0.0,0,0
1766589209.2983732,1766589209.2527726,-77.1484375,-24.90234375,-35.64453125,-187.01171875,0.0,0,0
1766589209.2984169,1766589209.256669,-45.41015625,-33.203125,-31.73828125,-113.28125,0.0,0,0
1766589209.298462,1766589209.2605658,1.46484375,-42.48046875,-33.69140625,6.34765625,0.0,0,0
1766589209.298552,1766589209.2644622,6.34765625,-33.203125,-33.203125,30.2734375,0.0,0,0
1766589209.2985861,1766589209.2683587,-38.57421875,-31.73828125,-37.109375,-113.76953125,0.0,0,0
1766589209.2986119,1766589209.2722554,-78.125,-36.62109375,-50.78125,-228.02734375,0.0,0,0
1766589209.342858,1766589209.2762556,-62.01171875,-38.57421875,-50.29296875,-180.17578125,0.0,0,0
1766589209.3429601,1766589209.280152,-0.48828125,-30.2734375,-35.64453125,-30.76171875,0.0,0,0
1766589209.342989,1766589209.2840488,10.25390625,-24.4140625,-27.83203125,29.296875,0.0,0,0
1766589209.343015,1766589209.2879453,-44.43359375,-32.71484375,-39.55078125,-118.1640625,0.0,0,0
1766589209.34304,1766589209.291842,-82.51953125,-32.71484375,-40.52734375,-208.49609375,0.0,0,0
1766589209.343067,1766589209.2957385,-78.61328125,-30.2734375,-29.78515625,-163.57421875,0.0,0,0
1766589209.343091,1766589209.299635,-29.78515625,-26.3671875,-25.87890625,-24.4140625,0.0,0,0
1766589209.343116,1766589209.3035316,-2.9296875,-31.73828125,-27.34375,43.45703125,0.0,0,0
1766589209.343141,1766589209.3074281,-41.9921875,-33.203125,-33.69140625,-92.28515625,0.0,0,0
1766589209.343178,1766589209.3113246,-78.125,-26.3671875,-38.0859375,-213.8671875,0.0,0,0
1766589209.34322,1766589209.3152213,-70.80078125,-25.87890625,-36.1328125,-173.33984375,0.0,0,0
1766589209.343244,1766589209.3191178,-27.83203125,-31.73828125,-35.64453125,-17.08984375,0.0,0,0
1766589209.40418,1766589209.3231828,9.27734375,-29.296875,-26.85546875,85.9375,0.0,0,0
1766589209.404323,1766589209.3270793,-17.578125,-28.80859375,-31.25,-20.99609375,0.0,0,0
1766589209.404365,1766589209.330976,-62.01171875,-36.62109375,-46.875,-159.66796875,0.0,0,0
1766589209.404406,1766589209.3348725,-63.4765625,-30.2734375,-38.57421875,-149.4140625,0.0,0,0
1766589209.4045,1766589209.338769,-8.7890625,-26.3671875,-31.73828125,-2.9296875,0.0,0,0
1766589209.4045389,1766589209.3426657,27.34375,-25.87890625,-26.3671875,89.35546875,0.0,0,0
1766589209.404577,1766589209.3465621,5.37109375,-24.90234375,-22.4609375,18.5546875,0.0,0,0
1766589209.404614,1766589209.3504589,-41.9921875,-32.2265625,-40.0390625,-111.328125,0.0,0,0
1766589209.404664,1766589209.3543553,-64.94140625,-30.76171875,-44.921875,-146.484375,0.0,0,0
1766589209.4047098,1766589209.358252,-24.90234375,-30.2734375,-34.66796875,-13.18359375,0.0,0,0
1766589209.404746,1766589209.3621485,11.71875,-25.87890625,-25.390625,93.75,0.0,0,0
1766589209.4048011,1766589209.3660452,-6.8359375,-24.90234375,-22.4609375,41.015625,0.0,0,0
1766589209.433694,1766589209.3700273,-66.89453125,-34.66796875,-28.80859375,-109.375,0.0,0,0
1766589209.433872,1766589209.373924,-84.9609375,-32.2265625,-28.80859375,-153.80859375,0.0,0,0
1766589209.433934,1766589209.3778205,-36.1328125,-27.34375,-30.76171875,-18.06640625,0.0,0,0
1766589209.43407,1766589209.3817172,9.765625,-24.4140625,-26.85546875,91.796875,0.0,0,0
1766589209.434193,1766589209.3856137,-4.8828125,-24.90234375,-26.3671875,59.5703125,0.0,0,0
1766589209.434249,1766589209.3895104,-63.96484375,-27.34375,-33.69140625,-74.70703125,0.0,0,0
1766589209.4343019,1766589209.3934069,-77.1484375,-25.390625,-37.59765625,-145.99609375,0.0,0,0
1766589209.434436,1766589209.3973036,-45.41015625,-29.78515625,-42.96875,-60.546875,0.0,0,0
1766589209.434597,1766589209.4012,-7.8125,-29.296875,-37.109375,71.77734375,0.0,0,0
1766589209.4347641,1766589209.4050968,-1.953125,-25.390625,-25.87890625,94.7265625,0.0,0,0
1766589209.4348469,1766589209.4089932,-53.22265625,-30.2734375,-27.34375,-48.828125,0.0,0,0
1766589209.434905,1766589209.41289,-80.56640625,-27.83203125,-26.85546875,-132.8125,0.0,0,0
1766589209.4949079,1766589209.4168673,-48.828125,-23.92578125,-27.34375,-42.48046875,0.0,0,0
1766589209.495028,1766589209.4207637,-2.44140625,-28.80859375,-31.25,76.171875,0.0,0,0
1766589209.495074,1766589209.4246604,8.30078125,-27.83203125,-23.4375,100.5859375,0.0,0,0
1766589209.495114,1766589209.4285572,-50.78125,-26.3671875,-27.34375,-42.96875,0.0,0,0
1766589209.4952052,1766589209.4324536,-96.6796875,-28.80859375,-32.71484375,-135.25390625,0.0,0,0
1766589209.495251,1766589209.4363503,-51.7578125,-21.484375,-23.92578125,-41.9921875,0.0,0,0
1766589209.49529,1766589209.4402468,6.8359375,-15.13671875,-29.296875,79.1015625,0.0,0,0
1766589209.495328,1766589209.4441435,10.7421875,-15.13671875,-24.4140625,122.0703125,0.0,0,0
1766589209.4953659,1766589209.44804,-44.43359375,-28.80859375,-30.2734375,-22.4609375,0.0,0,0
1766589209.495426,1766589209.4519367,-69.3359375,-32.71484375,-34.66796875,-146.97265625,0.0,0,0
1766589209.495467,1766589209.4558332,-41.9921875,-31.73828125,-25.390625,-83.49609375,0.0,0,0
1766589209.4955049,1766589209.45973,-12.20703125,-33.203125,-18.06640625,49.8046875,0.0,0,0
1766589209.539815,1766589209.4637651,11.71875,-27.34375,-11.23046875,110.83984375,0.0,0,0
1766589209.539933,1766589209.4676616,-24.4140625,-23.4375,-22.4609375,-5.859375,0.0,0,0
1766589209.539976,1766589209.4715583,-91.796875,-24.4140625,-26.85546875,-130.859375,0.0,0,0
1766589209.5400162,1766589209.4754548,-80.56640625,-26.3671875,-27.83203125,-106.4453125,0.0,0,0
1766589209.5400581,1766589209.4793515,-12.6953125,-26.85546875,-24.90234375,19.53125,0.0,0,0
1766589209.540096,1766589209.4832482,11.23046875,-29.78515625,-19.04296875,78.61328125,0.0,0,0
1766589209.5401332,1766589209.4871447,-30.76171875,-33.203125,-31.73828125,-33.203125,0.0,0,0
1766589209.54017,1766589209.4910414,-78.125,-38.0859375,-38.57421875,-144.53125,0.0,0,0
1766589209.5402071,1766589209.4949381,-72.265625,-39.0625,-33.69140625,-132.8125,0.0,0,0
1766589209.5402439,1766589209.4988346,-14.16015625,-29.296875,-22.4609375,22.4609375,0.0,0,0
1766589209.540282,1766589209.5027313,20.99609375,-24.4140625,-22.94921875,105.46875,0.0,0,0
1766589209.540319,1766589209.5066278,-17.578125,-35.15625,-33.69140625,4.39453125,0.0,0,0
1766589209.583429,1766589209.5106585,-74.70703125,-40.0390625,-40.0390625,-125.48828125,0.0,0,0
1766589209.5835478,1766589209.514555,-73.2421875,-37.109375,-41.015625,-158.203125,0.0,0,0
1766589209.583582,1766589209.5184517,-11.71875,-27.34375,-24.4140625,-10.25390625,0.0,0,0
1766589209.584963,1766589209.5223484,22.4609375,-30.2734375,-21.97265625,67.3828125,0.0,0,0
1766589209.585012,1766589209.526245,-8.7890625,-35.15625,-28.3203125,-18.5546875,0.0,0,0
1766589209.585043,1766589209.5301416,-67.87109375,-32.71484375,-30.2734375,-160.15625,0.0,0,0
1766589209.585074,1766589209.5340383,-89.35546875,-35.64453125,-35.64453125,-239.2578125,0.0,0,0
1766589209.585116,1766589209.537935,-38.57421875,-38.0859375,-33.69140625,-104.4921875,0.0,0,0
1766589209.585153,1766589209.5418315,5.859375,-38.57421875,-34.66796875,20.01953125,0.0,0,0
1766589209.585182,1766589209.5457282,-12.20703125,-37.59765625,-33.203125,-29.78515625,0.0,0,0
1766589209.5852108,1766589209.549625,-46.38671875,-28.3203125,-28.3203125,-152.34375,0.0,0,0
1766589209.5852401,1766589209.5535214,-78.125,-27.34375,-32.2265625,-204.58984375,0.0,0,0
1766589209.6283789,1766589209.5575411,-50.78125,-28.80859375,-24.90234375,-90.33203125,0.0,0,0
1766589209.6284611,1766589209.5614378,5.859375,-32.2265625,-24.90234375,24.4140625,0.0,0,0
1766589209.628489,1766589209.5653346,-7.32421875,-38.0859375,-40.52734375,-10.7421875,0.0,0,0
1766589209.628513,1766589209.5692313,-61.03515625,-37.59765625,-42.96875,-116.69921875,0.0,0,0
1766589209.6285381,1766589209.5731277,-81.54296875,-39.0625,-41.50390625,-163.0859375,0.0,0,0
1766589209.628563,1766589209.5770245,-43.9453125,-33.69140625,-28.80859375,-51.7578125,0.0,0,0
1766589209.628587,1766589209.5809212,9.27734375,-26.3671875,-21.484375,108.3984375,0.0,0,0
1766589209.628611,1766589209.584818,7.32421875,-29.296875,-31.73828125,101.07421875,0.0,0,0
1766589209.628636,1766589209.5887146,-45.41015625,-33.69140625,-39.0625,-36.62109375,0.0,0,0
1766589209.62866,1766589209.592611,-73.2421875,-31.25,-39.0625,-120.60546875,0.0,0,0
1766589209.628684,1766589209.5965078,-45.41015625,-26.3671875,-34.1796875,-47.8515625,0.0,0,0
1766589209.6287072,1766589209.6004045,5.859375,-25.390625,-33.203125,82.03125,0.0,0,0
1766589209.675085,1766589209.6044157,15.625,-28.80859375,-30.76171875,99.12109375,0.0,0,0
1766589209.675204,1766589209.6083121,-30.2734375,-31.25,-35.64453125,-51.26953125,0.0,0,0
1766589209.675236,1766589209.6122088,-64.94140625,-27.83203125,-37.109375,-138.671875,0.0,0,0
1766589209.6752682,1766589209.6161056,-53.22265625,-23.92578125,-30.76171875,-57.6171875,0.0,0,0
1766589209.6752992,1766589209.6200023,2.44140625,-19.04296875,-29.78515625,83.0078125,0.0,0,0
1766589209.675328,1766589209.623899,27.83203125,-20.99609375,-24.4140625,120.1171875,0.0,0,0
1766589209.675358,1766589209.6277957,-23.92578125,-20.99609375,-28.80859375,-15.13671875,0.0,0,0
1766589209.675387,1766589209.6316922,-76.171875,-26.85546875,-42.96875,-129.39453125,0.0,0,0
1766589209.675416,1766589209.635589,-58.10546875,-29.296875,-31.25,-75.1953125,0.0,0,0
1766589209.675444,1766589209.6394856,7.32421875,-19.53125,-11.23046875,103.02734375,0.0,0,0
1766589209.675473,1766589209.6433823,29.78515625,-16.11328125,-10.25390625,134.27734375,0.0,0,0
1766589209.6755042,1766589209.647279,-18.06640625,-20.01953125,-18.06640625,-34.1796875,0.0,0,0
1766589209.7188601,1766589209.6512823,-66.40625,-26.85546875,-25.87890625,-134.765625,0.0,0,0
1766589209.7189791,1766589209.6551788,-58.59375,-25.87890625,-27.83203125,-102.5390625,0.0,0,0
1766589209.719008,1766589209.6590755,-7.8125,-20.99609375,-26.85546875,36.1328125,0.0,0,0
1766589209.7190342,1766589209.6629722,22.94921875,-19.04296875,-19.53125,87.890625,0.0,0,0
1766589209.71906,1766589209.666869,-5.859375,-24.4140625,-26.85546875,-19.04296875,0.0,0,0
1766589209.719085,1766589209.6707656,-55.17578125,-21.484375,-27.34375,-117.1875,0.0,0,0
1766589209.719109,1766589209.6746624,-71.2890625,-17.578125,-34.1796875,-141.11328125,0.0,0,0
1766589209.719133,1766589209.678559,-31.25,-31.73828125,-44.43359375,-21.97265625,0.0,0,0
1766589209.719189,1766589209.6824558,0.48828125,-38.57421875,-32.71484375,79.58984375,0.0,0,0
1766589209.7192152,1766589209.6863525,-23.4375,-28.80859375,-23.92578125,19.53125,0.0,0,0
1766589209.719239,1766589209.6902492,-72.75390625,-28.80859375,-34.66796875,-134.27734375,0.0,0,0
1766589209.719265,1766589209.6941457,-94.23828125,-35.15625,-48.828125,-192.87109375,0.0,0,0
1766589209.7780962,1766589209.6982095,-40.0390625,-29.296875,-36.1328125,-39.55078125,0.0,0,0
1766589209.778176,1766589209.7021062,7.8125,-24.4140625,-22.94921875,87.40234375,0.0,0,0
1766589209.778201,1766589209.706003,-19.53125,-32.2265625,-27.83203125,5.37109375,0.0,0,0
1766589209.7782242,1766589209.7098997,-73.73046875,-35.15625,-35.64453125,-160.15625,0.0,0,0
1766589209.778244,1766589209.7137964,-97.16796875,-34.66796875,-35.15625,-214.84375,0.0,0,0
1766589209.778263,1766589209.717693,-59.08203125,-31.73828125,-26.85546875,-53.22265625,0.0,0,0
1766589209.778311,1766589209.7215898,0.9765625,-20.99609375,-21.484375,92.28515625,0.0,0,0
1766589209.778364,1766589209.7254865,-11.23046875,-30.2734375,-32.2265625,24.90234375,0.0,0,0
1766589209.778389,1766589209.7293832,-76.171875,-39.0625,-43.45703125,-136.23046875,0.0,0,0
1766589209.77841,1766589209.73328,-98.14453125,-31.73828125,-46.875,-203.61328125,0.0,0,0
1766589209.77843,1766589209.7371764,-60.05859375,-35.15625,-41.9921875,-102.05078125,0.0,0,0
1766589209.7784488,1766589209.7410731,-3.90625,-35.64453125,-28.80859375,39.0625,0.0,0,0
1766589209.80955,1766589209.7450626,-1.46484375,-31.73828125,-27.83203125,41.015625,0.0,0,0
1766589209.8096042,1766589209.7489593,-58.59375,-37.109375,-31.73828125,-120.1171875,0.0,0,0
1766589209.809623,1766589209.752856,-91.796875,-37.59765625,-36.1328125,-212.40234375,0.0,0,0
1766589209.809639,1766589209.756753,-63.96484375,-28.80859375,-37.109375,-108.3984375,0.0,0,0
1766589209.809654,1766589209.7606497,-16.6015625,-27.83203125,-30.2734375,28.80859375,0.0,0,0
1766589209.80967,1766589209.7645464,-2.9296875,-26.3671875,-29.78515625,53.7109375,0.0,0,0
1766589209.809688,1766589209.768443,-54.6875,-26.85546875,-42.96875,-84.47265625,0.0,0,0
1766589209.8097029,1766589209.7723398,-95.703125,-32.71484375,-43.45703125,-168.9453125,0.0,0,0
1766589209.809719,1766589209.7762365,-67.87109375,-33.203125,-36.1328125,-91.30859375,0.0,0,0
1766589209.8097339,1766589209.7801332,-12.20703125,-26.85546875,-35.64453125,31.25,0.0,0,0
1766589209.809749,1766589209.78403,0.0,-27.34375,-33.203125,72.75390625,0.0,0,0
1766589209.8097641,1766589209.7879267,-45.8984375,-35.64453125,-40.0390625,-72.265625,0.0,0,0
1766589209.867572,1766589209.791899,-76.66015625,-28.80859375,-39.0625,-164.0625,0.0,0,0
1766589209.8676522,1766589209.7957957,-62.01171875,-29.296875,-37.109375,-108.88671875,0.0,0,0
1766589209.867682,1766589209.7996924,-1.953125,-25.87890625,-26.85546875,38.57421875,0.0,0,0
1766589209.867708,1766589209.803589,21.484375,-19.04296875,-19.04296875,100.09765625,0.0,0,0
1766589209.867732,1766589209.8074858,-31.73828125,-29.296875,-26.85546875,-31.73828125,0.0,0,0
1766589209.8677561,1766589209.8113825,-69.82421875,-25.390625,-28.80859375,-131.8359375,0.0,0,0
1766589209.8677802,1766589209.8152792,-62.5,-25.87890625,-35.64453125,-127.44140625,0.0,0,0
1766589209.8678029,1766589209.819176,-1.953125,-31.25,-41.015625,-8.30078125,0.0,0,0
1766589209.867828,1766589209.8230727,36.1328125,-33.203125,-42.96875,54.19921875,0.0,0,0
1766589209.867852,1766589209.8269694,-9.765625,-35.15625,-37.59765625,-46.875,0.0,0,0
1766589209.867875,1766589209.8308663,-61.5234375,-29.78515625,-32.71484375,-145.01953125,0.0,0,0
1766589209.867899,1766589209.834763,-72.265625,-36.62109375,-41.9921875,-155.76171875,0.0,0,0
1766589209.913662,1766589209.8387997,-22.94921875,-48.33984375,-38.0859375,-3.41796875,0.0,0,0
1766589209.913758,1766589209.8426964,12.6953125,-40.52734375,-24.4140625,111.81640625,0.0,0,0
1766589209.9138172,1766589209.8465934,-22.4609375,-32.2265625,-23.4375,25.390625,0.0,0,0
1766589209.91385,1766589209.85049,-64.453125,-32.2265625,-29.296875,-105.95703125,0.0,0,0
1766589209.913877,1766589209.8543868,-73.2421875,-37.109375,-34.66796875,-153.80859375,0.0,0,0
1766589209.913903,1766589209.8582835,-17.08984375,-39.0625,-28.3203125,16.6015625,0.0,0,0
1766589209.913928,1766589209.8621802,16.11328125,-40.0390625,-30.76171875,137.20703125,0.0,0,0
1766589209.914186,1766589209.866077,-4.8828125,-40.52734375,-31.73828125,53.7109375,0.0,0,0
1766589209.914214,1766589209.869974,-53.22265625,-37.59765625,-34.1796875,-79.1015625,0.0,0,0
1766589209.914238,1766589209.8738706,-74.21875,-34.66796875,-39.0625,-125.9765625,0.0,0,0
1766589209.914262,1766589209.8777673,-13.671875,-31.73828125,-30.76171875,15.625,0.0,0,0
1766589209.9142861,1766589209.881664,37.59765625,-25.87890625,-21.484375,123.046875,0.0,0,0
1766589209.958946,1766589209.8856885,13.671875,-21.484375,-23.92578125,74.70703125,0.0,0,0
1766589209.9590862,1766589209.8895853,-43.9453125,-25.390625,-31.73828125,-75.68359375,0.0,0,0
1766589209.959146,1766589209.8934822,-53.22265625,-29.78515625,-30.76171875,-145.99609375,0.0,0,0
1766589209.959201,1766589209.897379,-16.6015625,-30.76171875,-28.80859375,-25.390625,0.0,0,0
1766589209.959253,1766589209.9012756,26.85546875,-29.78515625,-22.4609375,109.375,0.0,0,0
1766589209.959307,1766589209.9051723,27.83203125,-20.99609375,-17.578125,104.98046875,0.0,0,0
1766589209.959359,1766589209.9090693,-40.52734375,-26.3671875,-29.78515625,-37.59765625,0.0,0,0
1766589209.95941,1766589209.912966,-69.3359375,-27.83203125,-30.2734375,-100.09765625,0.0,0,0
1766589209.9594612,1766589209.9168627,-35.15625,-26.85546875,-25.390625,-10.25390625,0.0,0,0
1766589209.959521,1766589209.9207594,5.859375,-31.25,-28.3203125,81.54296875,0.0,0,0
1766589209.95958,1766589209.9246564,17.08984375,-22.94921875,-17.578125,85.9375,0.0,0,0
1766589209.95963,1766589209.928553,-26.3671875,-22.94921875,-21.97265625,-47.36328125,0.0,0,0
1766589210.003618,1766589209.932568,-63.4765625,-22.94921875,-31.73828125,-132.32421875,0.0,0,0
1766589210.003745,1766589209.936465,-40.0390625,-21.97265625,-28.3203125,-46.38671875,0.0,0,0
1766589210.003802,1766589209.9403617,7.8125,-24.4140625,-23.4375,84.47265625,0.0,0,0
1766589210.003854,1766589209.9442585,17.08984375,-19.53125,-18.5546875,112.3046875,0.0,0,0
1766589210.003906,1766589209.9481552,-37.59765625,-23.92578125,-34.1796875,-64.94140625,0.0,0,0
1766589210.003958,1766589209.952052,-79.58984375,-29.78515625,-35.15625,-173.828125,0.0,0,0
1766589210.004009,1766589209.9559488,-59.5703125,-30.76171875,-28.3203125,-111.328125,0.0,0,0
1766589210.0040598,1766589209.9598455,-2.9296875,-27.34375,-28.80859375,25.87890625,0.0,0,0
1766589210.0041118,1766589209.9637425,8.30078125,-33.203125,-28.80859375,76.171875,0.0,0,0
1766589210.004163,1766589209.9676392,-39.0625,-35.64453125,-25.390625,-53.22265625,0.0,0,0
1766589210.004212,1766589209.971536,-71.2890625,-26.85546875,-28.3203125,-162.109375,0.0,0,0
1766589210.004276,1766589209.9754329,-64.453125,-31.25,-32.2265625,-140.625,0.0,0,0
1766589210.050237,1766589209.9794495,-8.30078125,-31.73828125,-25.87890625,-9.765625,0.0,0,0
1766589210.050368,1766589209.9833462,22.94921875,-31.25,-21.97265625,46.875,0.0,0,0
1766589210.050425,1766589209.987243,-21.484375,-32.2265625,-22.4609375,-70.3125,0.0,0,0
1766589210.050477,1766589209.99114,-76.66015625,-32.71484375,-22.4609375,-171.38671875,0.0,0,0
1766589210.05053,1766589209.9950366,-74.21875,-30.76171875,-27.83203125,-151.3671875,0.0,0,0
1766589210.050582,1766589209.9989333,-17.08984375,-28.80859375,-29.296875,-12.20703125,0.0,0,0
1766589210.050633,1766589210.0028303,17.08984375,-29.296875,-24.90234375,70.80078125,0.0,0,0
1766589210.0506828,1766589210.006727,-19.04296875,-41.015625,-28.3203125,-41.50390625,0.0,0,0
1766589210.050733,1766589210.0106237,-63.96484375,-49.8046875,-25.390625,-165.0390625,0.0,0,0
1766589210.050787,1766589210.0145206,-62.5,-42.96875,-24.90234375,-173.33984375,0.0,0,0
1766589210.050905,1766589210.0184174,-9.765625,-34.66796875,-20.5078125,-24.90234375,0.0,0,0
1766589210.050972,1766589210.0223143,33.203125,-35.15625,-15.625,75.1953125,0.0,0,0
1766589210.094198,1766589210.0263152,2.44140625,-37.59765625,-22.4609375,-10.7421875,0.0,0,0
1766589210.094333,1766589210.030212,-76.171875,-39.55078125,-25.87890625,-179.6875,0.0,0,0
1766589210.094391,1766589210.0341086,-97.65625,-40.0390625,-23.4375,-236.328125,0.0,0,0
1766589210.094445,1766589210.0380056,-35.15625,-35.15625,-18.06640625,-62.98828125,0.0,0,0
1766589210.094496,1766589210.0419023,-1.953125,-30.2734375,-13.18359375,57.6171875,0.0,0,0
1766589210.094548,1766589210.0457993,-17.08984375,-23.92578125,-13.671875,14.6484375,0.0,0,0
1766589210.0946,1766589210.049696,-70.3125,-22.94921875,-20.99609375,-133.7890625,0.0,0,0
1766589210.09465,1766589210.053593,-106.93359375,-37.109375,-30.76171875,-213.37890625,0.0,0,0
1766589210.094701,1766589210.0574896,-47.8515625,-40.52734375,-25.390625,-62.5,0.0,0,0
1766589210.094753,1766589210.0613863,12.20703125,-29.78515625,-18.5546875,68.84765625,0.0,0,0
1766589210.094811,1766589210.0652833,-5.37109375,-26.85546875,-18.06640625,35.15625,0.0,0,0
1766589210.094861,1766589210.06918,-56.15234375,-31.73828125,-25.390625,-110.83984375,0.0,0,0
1766589210.1387498,1766589210.0731683,-76.66015625,-38.57421875,-35.64453125,-171.38671875,0.0,0,0
1766589210.138887,1766589210.0770652,-38.57421875,-33.203125,-29.296875,-30.2734375,0.0,0,0
1766589210.138944,1766589210.080962,3.41796875,-27.34375,-24.90234375,77.1484375,0.0,0,0
1766589210.138997,1766589210.084859,7.8125,-22.4609375,-26.3671875,47.36328125,0.0,0,0
1766589210.139049,1766589210.0887556,-43.45703125,-29.296875,-35.64453125,-101.07421875,0.0,0,0
1766589210.1390998,1766589210.0926526,-92.28515625,-39.0625,-42.96875,-194.3359375,0.0,0,0
1766589210.139151,1766589210.0965493,-56.15234375,-33.203125,-33.69140625,-78.61328125,0.0,0,0
1766589210.139202,1766589210.1004462,4.39453125,-34.66796875,-27.83203125,65.4296875,0.0,0,0
1766589210.139253,1766589210.104343,12.6953125,-35.15625,-28.80859375,81.54296875,0.0,0,0
1766589210.139303,1766589210.10824,-33.69140625,-34.1796875,-30.76171875,-44.43359375,0.0,0,0
1766589210.139353,1766589210.1121366,-74.21875,-38.57421875,-37.59765625,-136.23046875,0.0,0,0
1766589210.139404,1766589210.1160333,-41.50390625,-30.76171875,-32.71484375,-54.19921875,0.0,0,0
1766589210.1832168,1766589210.120013,17.578125,-20.01953125,-21.484375,74.70703125,0.0,0,0
1766589210.1833642,1766589210.1239097,31.73828125,-22.94921875,-20.99609375,108.88671875,0.0,0,0
1766589210.183429,1766589210.1278067,-17.578125,-32.2265625,-27.83203125,-13.671875,0.0,0,0
1766589210.183483,1766589210.1317034,-55.17578125,-34.66796875,-33.203125,-123.046875,0.0,0,0
1766589210.183536,1766589210.1356003,-39.0625,-33.69140625,-32.71484375,-101.5625,0.0,0,0
1766589210.183588,1766589210.139497,17.578125,-25.87890625,-22.94921875,58.10546875,0.0,0,0
1766589210.1836421,1766589210.143394,48.33984375,-23.92578125,-17.578125,138.18359375,0.0,0,0
1766589210.1836941,1766589210.1472907,-3.90625,-33.203125,-30.2734375,-3.41796875,0.0,0,0
1766589210.1837518,1766589210.1511877,-52.734375,-28.80859375,-39.0625,-104.00390625,0.0,0,0
1766589210.1838112,1766589210.1550846,-58.10546875,-24.4140625,-37.109375,-97.16796875,0.0,0,0
1766589210.183863,1766589210.1589813,-1.953125,-23.92578125,-21.97265625,49.31640625,0.0,0,0
1766589210.183915,1766589210.1628783,37.109375,-19.04296875,-19.04296875,129.39453125,0.0,0,0
1766589210.24276,1766589210.1668491,1.953125,-20.5078125,-29.296875,7.8125,0.0,0,0
1766589210.242914,1766589210.170746,-52.24609375,-26.85546875,-34.66796875,-126.46484375,0.0,0,0
1766589210.243021,1766589210.1746428,-62.01171875,-28.80859375,-38.57421875,-148.92578125,0.0,0,0
1766589210.243079,1766589210.1785398,-0.48828125,-25.87890625,-27.34375,19.04296875,0.0,0,0
1766589210.2431328,1766589210.1824367,34.1796875,-23.92578125,-20.5078125,126.46484375,0.0,0,0
1766589210.243186,1766589210.1863334,-14.6484375,-25.87890625,-24.90234375,18.5546875,0.0,0,0
1766589210.243238,1766589210.1902304,-73.2421875,-34.66796875,-34.66796875,-130.37109375,0.0,0,0
1766589210.2432902,1766589210.194127,-81.54296875,-36.62109375,-41.50390625,-173.33984375,0.0,0,0
1766589210.24334,1766589210.198024,-27.83203125,-32.2265625,-38.0859375,-28.3203125,0.0,0,0
1766589210.243396,1766589210.2019207,9.765625,-42.96875,-33.203125,83.49609375,0.0,0,0
1766589210.243455,1766589210.2058177,-20.01953125,-49.31640625,-37.109375,21.97265625,0.0,0,0
1766589210.243836,1766589210.2097147,-69.3359375,-45.41015625,-40.52734375,-96.19140625,0.0,0,0
1766589210.288588,1766589210.2137463,-86.9140625,-40.0390625,-38.57421875,-136.23046875,0.0,0,0
1766589210.288702,1766589210.217643,-39.55078125,-34.1796875,-34.1796875,-37.109375,0.0,0,0
1766589210.2887611,1766589210.22154,1.46484375,-34.1796875,-28.80859375,60.05859375,0.0,0,0
1766589210.288815,1766589210.225437,-15.625,-33.203125,-26.3671875,38.57421875,0.0,0,0
1766589210.2888682,1766589210.2293336,-62.01171875,-30.76171875,-34.1796875,-102.5390625,0.0,0,0
1766589210.2889202,1766589210.2332306,-79.58984375,-24.4140625,-29.296875,-140.625,0.0,0,0
1766589210.28897,1766589210.2371275,-48.33984375,-29.78515625,-29.78515625,-36.62109375,0.0,0,0
1766589210.289021,1766589210.2410243,-11.23046875,-36.62109375,-39.0625,33.203125,0.0,0,0
1766589210.289071,1766589210.2449212,-6.34765625,-34.66796875,-32.2265625,33.69140625,0.0,0,0
1766589210.289121,1766589210.248818,-53.22265625,-34.1796875,-26.85546875,-90.8203125,0.0,0,0
1766589210.289171,1766589210.2527149,-79.58984375,-31.25,-22.4609375,-152.83203125,0.0,0,0
1766589210.28922,1766589210.2566118,-47.36328125,-31.73828125,-19.04296875,-50.29296875,0.0,0,0
1766589210.333569,1766589210.260635,0.0,-27.83203125,-20.5078125,69.3359375,0.0,0,0
1766589210.333684,1766589210.2645319,11.23046875,-22.4609375,-22.4609375,87.40234375,0.0,0,0
1766589210.333737,1766589210.2684286,-43.9453125,-23.4375,-27.34375,-63.96484375,0.0,0,0
1766589210.333788,1766589210.2723255,-83.0078125,-29.78515625,-27.83203125,-156.73828125,0.0,0,0
1766589210.333842,1766589210.2762225,-54.19921875,-26.3671875,-29.296875,-74.21875,0.0,0,0
1766589210.333893,1766589210.2801192,0.9765625,-15.625,-25.87890625,63.96484375,0.0,0,0
1766589210.333945,1766589210.2840161,7.32421875,-14.16015625,-24.4140625,98.6328125,0.0,0,0
1766589210.333996,1766589210.287913,-58.10546875,-25.390625,-38.57421875,-49.8046875,0.0,0,0
1766589210.334046,1766589210.29181,-98.6328125,-36.1328125,-44.921875,-148.4375,0.0,0,0
1766589210.334096,1766589210.2957067,-66.89453125,-35.15625,-32.2265625,-86.42578125,0.0,0,0
1766589210.334146,1766589210.2996037,-8.7890625,-25.390625,-20.5078125,48.828125,0.0,0,0
1766589210.3342028,1766589210.3035007,13.671875,-26.3671875,-24.4140625,104.4921875,0.0,0,0
1766589210.379762,1766589210.307519,-38.57421875,-32.2265625,-28.3203125,-18.5546875,0.0,0,0
1766589210.3799,1766589210.311416,-84.9609375,-28.3203125,-29.78515625,-132.32421875,0.0,0,0
1766589210.37996,1766589210.3153126,-56.640625,-20.01953125,-27.34375,-110.83984375,0.0,0,0
1766589210.3800151,1766589210.3192096,0.48828125,-18.5546875,-17.08984375,21.484375,0.0,0,0
1766589210.380069,1766589210.3231065,15.625,-21.484375,-16.11328125,76.171875,0.0,0,0
1766589210.380123,1766589210.3270035,-26.85546875,-19.53125,-21.484375,-40.52734375,0.0,0,0
1766589210.3801742,1766589210.3309004,-75.68359375,-20.99609375,-26.3671875,-139.6484375,0.0,0,0
1766589210.380227,1766589210.3347971,-77.63671875,-31.25,-34.1796875,-140.625,0.0,0,0
1766589210.380278,1766589210.338694,-20.01953125,-29.78515625,-27.34375,20.01953125,0.0,0,0
1766589210.380328,1766589210.342591,10.7421875,-22.4609375,-19.04296875,120.1171875,0.0,0,0
1766589210.380379,1766589210.346488,-24.90234375,-18.5546875,-27.34375,3.90625,0.0,0,0
1766589210.3804312,1766589210.3503847,-72.265625,-19.04296875,-33.203125,-123.046875,0.0,0,0
1766589210.423239,1766589210.3543897,-84.9609375,-20.99609375,-35.64453125,-140.13671875,0.0,0,0
1766589210.423372,1766589210.3582866,-39.0625,-24.4140625,-34.1796875,-17.578125,0.0,0,0
1766589210.423429,1766589210.3621836,0.9765625,-21.97265625,-31.25,87.890625,0.0,0,0
1766589210.423485,1766589210.3660805,-23.4375,-20.99609375,-39.55078125,18.5546875,0.0,0,0
1766589210.423546,1766589210.3699775,-78.61328125,-26.3671875,-49.31640625,-112.3046875,0.0,0,0
1766589210.423597,1766589210.3738742,-83.49609375,-25.390625,-44.43359375,-153.80859375,0.0,0,0
1766589210.423648,1766589210.3777711,-32.2265625,-20.99609375,-33.69140625,-18.06640625,0.0,0,0
1766589210.423698,1766589210.381668,5.859375,-27.34375,-33.203125,80.56640625,0.0,0,0
1766589210.4237492,1766589210.385565,-11.71875,-45.8984375,-36.62109375,13.671875,0.0,0,0
1766589210.423799,1766589210.389462,-65.4296875,-43.45703125,-41.015625,-130.37109375,0.0,0,0
1766589210.4238641,1766589210.393359,-78.61328125,-30.2734375,-35.15625,-166.015625,0.0,0,0
1766589210.4239218,1766589210.3972557,-31.73828125,-28.80859375,-21.484375,-9.27734375,0.0,0,0
1766589210.468787,1766589210.4012518,15.13671875,-31.25,-14.6484375,99.609375,0.0,0,0
1766589210.4689221,1766589210.4051485,14.16015625,-25.87890625,-18.06640625,79.1015625,0.0,0,0
1766589210.468983,1766589210.4090455,-43.45703125,-24.90234375,-28.3203125,-64.94140625,0.0,0,0
1766589210.469038,1766589210.4129424,-77.63671875,-28.80859375,-26.3671875,-148.4375,0.0,0,0
1766589210.4690912,1766589210.4168394,-42.48046875,-25.87890625,-20.5078125,-46.875,0.0,0,0
1766589210.469142,1766589210.4207363,6.8359375,-24.4140625,-17.578125,72.265625,0.0,0,0
1766589210.469195,1766589210.4246333,10.7421875,-27.34375,-24.4140625,56.15234375,0.0,0,0
1766589210.469245,1766589210.4285302,-51.26953125,-41.015625,-35.15625,-97.16796875,0.0,0,0
1766589210.4693031,1766589210.4324272,-84.47265625,-41.9921875,-31.25,-162.109375,0.0,0,0
1766589210.4693592,1766589210.4363241,-50.78125,-31.25,-25.390625,-71.77734375,0.0,0,0
1766589210.469419,1766589210.4402208,-0.9765625,-35.15625,-24.90234375,52.24609375,0.0,0,0
1766589210.469475,1766589210.4441178,13.671875,-36.1328125,-23.92578125,83.984375,0.0,0,0
1766589210.531604,1766589210.44813,-35.64453125,-35.15625,-35.64453125,-79.1015625,0.0,0,0
1766589210.5320508,1766589210.4520268,-77.1484375,-34.1796875,-43.45703125,-197.265625,0.0,0,0
1766589210.532199,1766589210.4559238,-57.6171875,-31.73828125,-34.66796875,-116.2109375,0.0,0,0
1766589210.53235,1766589210.4598207,-0.48828125,-28.3203125,-22.4609375,15.625,0.0,0,0
1766589210.532792,1766589210.4637177,11.71875,-29.78515625,-18.5546875,22.94921875,0.0,0,0
1766589210.532919,1766589210.4676147,-32.71484375,-28.3203125,-25.87890625,-109.375,0.0,0,0
1766589210.53296,1766589210.4715116,-76.66015625,-27.83203125,-31.25,-180.6640625,0.0,0,0
1766589210.533022,1766589210.4754086,-71.2890625,-32.71484375,-34.1796875,-128.90625,0.0,0,0
1766589210.5330791,1766589210.4793055,-16.6015625,-35.15625,-31.25,3.41796875,0.0,0,0
1766589210.533107,1766589210.4832025,3.41796875,-35.64453125,-25.87890625,56.15234375,0.0,0,0
1766589210.533133,1766589210.4870994,-36.62109375,-33.203125,-29.296875,-54.6875,0.0,0,0
1766589210.5331578,1766589210.4909964,-71.77734375,-34.66796875,-37.59765625,-185.546875,0.0,0,0
1766589210.5584488,1766589210.4949768,-57.6171875,-34.1796875,-31.25,-187.5,0.0,0,0
1766589210.5585291,1766589210.4988737,-8.7890625,-36.1328125,-26.85546875,-49.31640625,0.0,0,0
1766589210.558697,1766589210.5027707,20.5078125,-36.1328125,-27.34375,42.48046875,0.0,0,0
1766589210.558859,1766589210.5066676,-13.18359375,-34.1796875,-33.203125,-52.734375,0.0,0,0
1766589210.558987,1766589210.5105646,-67.3828125,-36.62109375,-40.0390625,-183.10546875,0.0,0,0
1766589210.559102,1766589210.5144615,-60.05859375,-26.3671875,-30.2734375,-169.921875,0.0,0,0
1766589210.5591512,1766589210.5183585,-7.32421875,-28.3203125,-30.2734375,-40.0390625,0.0,0,0
1766589210.559366,1766589210.5222554,15.13671875,-42.48046875,-36.1328125,14.16015625,0.0,0,0
1766589210.559781,1766589210.5261524,-12.6953125,-39.0625,-36.62109375,-70.3125,0.0,0,0
1766589210.559811,1766589210.5300493,-71.2890625,-40.0390625,-37.109375,-182.6171875,0.0,0,0
1766589210.559862,1766589210.5339463,-89.35546875,-38.0859375,-39.0625,-193.84765625,0.0,0,0
1766589210.5600371,1766589210.5378432,-34.66796875,-34.66796875,-31.25,-24.4140625,0.0,0,0
1766589210.6342242,1766589210.5419555,6.34765625,-37.59765625,-24.90234375,81.0546875,0.0,0,0
1766589210.634379,1766589210.5458524,-17.08984375,-37.59765625,-25.390625,4.8828125,0.0,0,0
1766589210.634572,1766589210.5497494,-68.359375,-31.73828125,-29.78515625,-135.25390625,0.0,0,0
1766589210.634648,1766589210.5536463,-92.7734375,-30.2734375,-39.55078125,-204.1015625,0.0,0,0
1766589210.634861,1766589210.5575433,-51.7578125,-36.62109375,-36.1328125,-62.01171875,0.0,0,0
1766589210.6348958,1766589210.5614402,0.0,-30.2734375,-21.484375,80.078125,0.0,0,0
1766589210.6349251,1766589210.5653372,-6.8359375,-31.25,-21.484375,37.59765625,0.0,0,0
1766589210.634954,1766589210.5692344,-66.40625,-45.8984375,-39.0625,-120.1171875,0.0,0,0
1766589210.6349828,1766589210.5731313,-91.30859375,-43.45703125,-42.96875,-183.10546875,0.0,0,0
1766589210.6350121,1766589210.5770283,-40.52734375,-33.203125,-29.78515625,-58.59375,0.0,0,0
1766589210.635041,1766589210.5809252,5.37109375,-29.78515625,-26.85546875,58.10546875,0.0,0,0
1766589210.6350698,1766589210.5848222,-4.39453125,-25.87890625,-22.4609375,41.015625,0.0,0,0
1766589210.664052,1766589210.5888567,-59.5703125,-22.4609375,-24.90234375,-125.48828125,0.0,0,0
1766589210.664146,1766589210.5927536,-90.33203125,-23.92578125,-36.62109375,-225.5859375,0.0,0,0
1766589210.664187,1766589210.5966508,-64.453125,-31.25,-34.66796875,-122.55859375,0.0,0,0
1766589210.664226,1766589210.6005478,-19.53125,-32.71484375,-25.390625,24.4140625,0.0,0,0
1766589210.664263,1766589210.6044447,-8.7890625,-25.390625,-20.99609375,47.8515625,0.0,0,0
1766589210.6643012,1766589210.6083417,-65.91796875,-27.83203125,-28.3203125,-119.140625,0.0,0,0
1766589210.6643388,1766589210.6122386,-99.609375,-28.3203125,-34.1796875,-213.8671875,0.0,0,0
1766589210.664377,1766589210.6161358,-70.3125,-34.1796875,-45.41015625,-145.99609375,0.0,0,0
1766589210.664445,1766589210.6200328,-14.16015625,-38.0859375,-45.8984375,-3.90625,0.0,0,0
1766589210.664484,1766589210.6239297,8.7890625,-27.83203125,-25.87890625,39.0625,0.0,0,0
1766589210.66452,1766589210.6278267,-39.0625,-28.3203125,-33.203125,-111.328125,0.0,0,0
1766589210.664556,1766589210.6317236,-78.61328125,-23.4375,-42.48046875,-188.96484375,0.0,0,0
1766589210.708661,1766589210.635745,-67.3828125,-23.4375,-38.0859375,-132.8125,0.0,0,0
1766589210.7087822,1766589210.639642,0.0,-27.83203125,-26.85546875,15.13671875,0.0,0,0
1766589210.708837,1766589210.643539,30.2734375,-22.94921875,-20.01953125,83.49609375,0.0,0,0
1766589210.7088902,1766589210.647436,-24.4140625,-24.90234375,-27.34375,-38.0859375,0.0,0,0
1766589210.708941,1766589210.651333,-67.3828125,-26.3671875,-29.296875,-134.27734375,0.0,0,0
1766589210.7089942,1766589210.65523,-63.4765625,-20.99609375,-31.73828125,-135.25390625,0.0,0,0
1766589210.709044,1766589210.659127,-4.8828125,-9.765625,-27.83203125,-16.11328125,0.0,0,0
1766589210.709095,1766589210.663024,18.06640625,-20.01953125,-29.78515625,45.8984375,0.0,0,0
1766589210.709145,1766589210.6669211,-24.90234375,-31.25,-28.3203125,-52.734375,0.0,0,0
1766589210.709195,1766589210.670818,-70.80078125,-25.87890625,-26.3671875,-156.73828125,0.0,0,0
1766589210.709246,1766589210.674715,-70.80078125,-25.87890625,-38.0859375,-163.57421875,0.0,0,0
1766589210.7092962,1766589210.678612,-11.23046875,-23.92578125,-32.2265625,14.6484375,0.0,0,0
1766589210.753072,1766589210.6826231,22.94921875,-25.87890625,-28.3203125,113.28125,0.0,0,0
1766589210.753214,1766589210.68652,-5.859375,-23.4375,-30.76171875,15.625,0.0,0,0
1766589210.753251,1766589210.6904173,-50.29296875,-20.99609375,-29.78515625,-73.2421875,0.0,0,0
1766589210.753282,1766589210.6943142,-57.12890625,-30.2734375,-32.71484375,-71.2890625,0.0,0,0
1766589210.753313,1766589210.6982112,-17.08984375,-26.85546875,-25.390625,83.0078125,0.0,0,0
1766589210.753342,1766589210.7021084,28.80859375,-14.6484375,-17.08984375,204.1015625,0.0,0,0
1766589210.7534258,1766589210.7060053,22.4609375,-18.5546875,-23.4375,125.48828125,0.0,0,0
1766589210.7535622,1766589210.7099023,-51.26953125,-25.390625,-29.296875,-21.97265625,0.0,0,0
1766589210.753599,1766589210.7137995,-86.9140625,-37.59765625,-38.57421875,-77.63671875,0.0,0,0
1766589210.753629,1766589210.7176964,-36.1328125,-38.0859375,-39.55078125,64.453125,0.0,0,0
1766589210.753658,1766589210.7215934,9.27734375,-23.92578125,-33.203125,177.24609375,0.0,0,0
1766589210.7536871,1766589210.7254906,1.46484375,-19.04296875,-28.80859375,134.27734375,0.0,0,0
1766589210.798456,1766589210.729493,-58.10546875,-25.87890625,-34.66796875,-22.94921875,0.0,0,0
1766589210.798547,1766589210.7333899,-89.35546875,-35.64453125,-41.015625,-117.1875,0.0,0,0
1766589210.798581,1766589210.737287,-23.4375,-24.4140625,-22.4609375,25.390625,0.0,0,0
1766589210.798611,1766589210.741184,32.71484375,-15.625,-20.01953125,133.7890625,0.0,0,0
1766589210.798641,1766589210.7450812,23.4375,-22.4609375,-28.3203125,70.3125,0.0,0,0
1766589210.79867,1766589210.7489781,-33.203125,-29.296875,-27.83203125,-86.42578125,0.0,0,0
1766589210.798699,1766589210.752875,-73.2421875,-26.3671875,-28.80859375,-139.16015625,0.0,0,0
1766589210.798729,1766589210.7567723,-40.0390625,-28.3203125,-29.296875,-27.34375,0.0,0,0
1766589210.7987578,1766589210.7606692,8.7890625,-41.015625,-34.1796875,63.96484375,0.0,0,0
1766589210.798798,1766589210.7645662,21.97265625,-32.2265625,-28.3203125,62.98828125,0.0,0,0
1766589210.798827,1766589210.7684634,-28.3203125,-21.97265625,-32.2265625,-67.3828125,0.0,0,0
1766589210.798862,1766589210.7723603,-63.4765625,-25.87890625,-36.1328125,-130.37109375,0.0,0,0
1766589210.8456728,1766589210.7763548,-31.73828125,-24.90234375,-30.2734375,-44.921875,0.0,0,0
1766589210.84575,1766589210.7802517,25.390625,-16.6015625,-14.6484375,94.23828125,0.0,0,0
1766589210.84578,1766589210.784149,27.34375,-15.13671875,-13.18359375,139.16015625,0.0,0,0
1766589210.8458052,1766589210.788046,-34.1796875,-22.4609375,-28.80859375,2.9296875,0.0,0,0
1766589210.8458638,1766589210.791943,-70.80078125,-30.76171875,-36.1328125,-102.5390625,0.0,0,0
1766589210.845911,1766589210.79584,-41.9921875,-26.3671875,-34.1796875,-40.52734375,0.0,0,0
1766589210.8460002,1766589210.799737,13.671875,-20.01953125,-34.1796875,72.75390625,0.0,0,0
1766589210.8460958,1766589210.8036342,22.94921875,-26.3671875,-29.78515625,88.8671875,0.0,0,0
1766589210.846143,1766589210.807531,-21.97265625,-28.80859375,-21.484375,-43.45703125,0.0,0,0
1766589210.846238,1766589210.8114283,-70.80078125,-29.296875,-23.92578125,-168.45703125,0.0,0,0
1766589210.8462698,1766589210.8153253,-58.59375,-28.80859375,-27.34375,-118.65234375,0.0,0,0
1766589210.8463209,1766589210.8192225,-3.90625,-32.2265625,-23.92578125,35.15625,0.0,0,0
1766589210.8894038,1766589210.8232083,16.6015625,-30.2734375,-18.5546875,92.28515625,0.0,0,0
1766589210.889475,1766589210.8271055,-21.97265625,-28.80859375,-30.76171875,-31.73828125,0.0,0,0
1766589210.889502,1766589210.8310025,-74.70703125,-32.2265625,-45.41015625,-148.92578125,0.0,0,0
1766589210.889528,1766589210.8348997,-72.75390625,-24.4140625,-29.78515625,-115.72265625,0.0,0,0
1766589210.889589,1766589210.8387966,-14.16015625,-24.90234375,-25.390625,27.83203125,0.0,0,0
1766589210.889618,1766589210.8426938,10.7421875,-26.3671875,-24.90234375,88.37890625,0.0,0,0
1766589210.8896441,1766589210.8465908,-22.4609375,-21.97265625,-15.625,-2.9296875,0.0,0,0
1766589210.889668,1766589210.850488,-71.77734375,-31.25,-27.34375,-136.23046875,0.0,0,0
1766589210.8896918,1766589210.854385,-88.37890625,-37.109375,-44.921875,-180.6640625,0.0,0,0
1766589210.889718,1766589210.8582819,-26.85546875,-31.73828125,-36.1328125,-27.34375,0.0,0,0
1766589210.8897421,1766589210.862179,18.06640625,-31.25,-25.87890625,92.7734375,0.0,0,0
1766589210.889766,1766589210.866076,-19.53125,-36.62109375,-24.90234375,14.16015625,0.0,0,0
1766589210.933803,1766589210.8700535,-76.66015625,-41.9921875,-31.25,-155.76171875,0.0,0,0
1766589210.933928,1766589210.8739505,-97.65625,-39.0625,-39.0625,-179.6875,0.0,0,0
1766589210.9340549,1766589210.8778477,-49.8046875,-38.0859375,-39.0625,-17.08984375,0.0,0,0
1766589210.934133,1766589210.8817446,2.9296875,-39.0625,-38.57421875,83.984375,0.0,0,0
1766589210.9341881,1766589210.8856418,-20.99609375,-39.55078125,-46.38671875,18.06640625,0.0,0,0
1766589210.934241,1766589210.8895388,-64.94140625,-31.73828125,-37.109375,-101.07421875,0.0,0,0
1766589210.934293,1766589210.893436,-70.80078125,-33.69140625,-38.0859375,-149.90234375,0.0,0,0
1766589210.934345,1766589210.897333,-31.73828125,-40.0390625,-44.921875,-41.015625,0.0,0,0
1766589210.934679,1766589210.90123,14.16015625,-21.97265625,-28.3203125,104.4921875,0.0,0,0
1766589210.934735,1766589210.905127,-2.9296875,-19.53125,-32.71484375,76.171875,0.0,0,0
1766589210.934786,1766589210.9090242,-68.84765625,-23.4375,-38.57421875,-78.125,0.0,0,0
1766589210.934836,1766589210.9129212,-85.44921875,-20.99609375,-33.69140625,-140.13671875,0.0,0,0
1766589210.9934132,1766589210.9168906,-29.296875,-21.484375,-33.203125,-18.5546875,0.0,0,0
1766589210.993566,1766589210.9207876,17.08984375,-23.92578125,-26.3671875,113.28125,0.0,0,0
1766589210.993661,1766589210.9246848,7.32421875,-23.92578125,-26.85546875,71.77734375,0.0,0,0
1766589210.993694,1766589210.9285817,-47.36328125,-23.92578125,-30.76171875,-78.61328125,0.0,0,0
1766589210.993768,1766589210.932479,-75.1953125,-27.34375,-33.203125,-114.2578125,0.0,0,0
1766589210.993858,1766589210.9363759,-37.109375,-24.90234375,-24.90234375,-4.39453125,0.0,0,0
1766589210.9939651,1766589210.940273,15.625,-20.01953125,-19.53125,132.32421875,0.0,0,0
1766589210.994018,1766589210.9441702,14.6484375,-24.90234375,-29.296875,129.39453125,0.0,0,0
1766589210.994179,1766589210.9480672,-39.55078125,-25.87890625,-36.62109375,-25.87890625,0.0,0,0
1766589210.994287,1766589210.9519644,-73.73046875,-24.4140625,-36.62109375,-110.3515625,0.0,0,0
1766589210.994378,1766589210.9558613,-39.55078125,-21.484375,-20.99609375,-15.625,0.0,0,0
1766589210.99453,1766589210.9597585,25.87890625,-18.06640625,-13.18359375,144.04296875,0.0,0,0
1766589211.0831091,1766589210.9639986,37.59765625,-18.06640625,-25.87890625,164.0625,0.0,0,0
1766589211.083151,1766589210.9678957,-29.78515625,-23.92578125,-33.69140625,-19.53125,0.0,0,0
1766589211.08318,1766589210.9717927,-79.1015625,-30.76171875,-31.73828125,-128.41796875,0.0,0,0
1766589211.083199,1766589210.97569,-55.17578125,-28.3203125,-28.3203125,-50.29296875,0.0,0,0
1766589211.08321,1766589210.979587,2.44140625,-27.34375,-23.92578125,99.609375,0.0,0,0
1766589211.083219,1766589210.9834843,21.97265625,-21.97265625,-15.625,164.55078125,0.0,0,0
1766589211.0832279,1766589210.9873812,-25.87890625,-24.90234375,-24.4140625,32.71484375,0.0,0,0
1766589211.083267,1766589210.9912784,-84.9609375,-38.57421875,-40.0390625,-101.07421875,0.0,0,0
1766589211.08329,1766589210.9951756,-70.80078125,-43.45703125,-41.9921875,-62.01171875,0.0,0,0
1766589211.083301,1766589210.9990728,5.859375,-38.0859375,-30.76171875,97.16796875,0.0,0,0
1766589211.0833411,1766589211.0029697,39.0625,-24.90234375,-20.99609375,166.015625,0.0,0,0
1766589211.0833669,1766589211.006867,-13.18359375,-29.78515625,-33.203125,25.87890625,0.0,0,0
1766589211.08572,1766589211.0108986,-69.82421875,-37.109375,-41.015625,-107.421875,0.0,0,0
1766589211.0857432,1766589211.0147958,-64.453125,-31.73828125,-36.1328125,-96.19140625,0.0,0,0
1766589211.0857542,1766589211.018693,-2.44140625,-23.4375,-23.92578125,62.5,0.0,0,0
1766589211.0857642,1766589211.02259,31.25,-21.97265625,-16.11328125,135.25390625,0.0,0,0
1766589211.085773,1766589211.026487,-11.71875,-32.2265625,-21.484375,19.04296875,0.0,0,0
1766589211.085783,1766589211.0303843,-70.80078125,-40.0390625,-37.109375,-114.2578125,0.0,0,0
1766589211.085792,1766589211.0342815,-72.75390625,-37.109375,-40.0390625,-138.18359375,0.0,0,0
1766589211.085801,1766589211.0381787,-18.5546875,-31.25,-25.87890625,23.92578125,0.0,0,0
1766589211.08581,1766589211.0420756,10.25390625,-37.109375,-29.78515625,108.88671875,0.0,0,0
1766589211.0858188,1766589211.0459728,-10.7421875,-40.0390625,-31.73828125,20.5078125,0.0,0,0
1766589211.08584,1766589211.04987,-60.546875,-32.71484375,-28.3203125,-97.65625,0.0,0,0
1766589211.085856,1766589211.0537672,-80.56640625,-34.66796875,-34.1796875,-139.6484375,0.0,0,0
1766589211.1278248,1766589211.0577745,-36.62109375,-33.203125,-33.69140625,-12.20703125,0.0,0,0
1766589211.127862,1766589211.0616717,8.30078125,-23.4375,-18.06640625,111.328125,0.0,0,0
1766589211.127873,1766589211.065569,0.0,-19.04296875,-11.71875,61.5234375,0.0,0,0
1766589211.127883,1766589211.069466,-59.08203125,-24.4140625,-27.83203125,-109.375,0.0,0,0
1766589211.127892,1766589211.0733633,-88.37890625,-32.71484375,-39.55078125,-169.43359375,0.0,0,0
1766589211.1279209,1766589211.0772605,-36.1328125,-24.90234375,-27.83203125,-13.671875,0.0,0,0
1766589211.1279411,1766589211.0811577,21.484375,-18.5546875,-20.5078125,118.65234375,0.0,0,0
1766589211.1279519,1766589211.0850549,6.8359375,-23.92578125,-27.83203125,88.37890625,0.0,0,0
1766589211.1279612,1766589211.0889518,-55.6640625,-34.66796875,-30.2734375,-67.87109375,0.0,0,0
1766589211.12797,1766589211.092849,-74.70703125,-37.109375,-31.25,-145.99609375,0.0,0,0
1766589211.127978,1766589211.0967462,-28.3203125,-22.94921875,-17.578125,-27.34375,0.0,0,0
1766589211.127987,1766589211.1006434,19.53125,-23.92578125,-16.11328125,92.7734375,0.0,0,0
1766589211.1724658,1766589211.104648,13.671875,-29.78515625,-20.5078125,91.796875,0.0,0,0
1766589211.1724942,1766589211.1085453,-41.015625,-27.34375,-21.484375,-63.96484375,0.0,0,0
1766589211.172504,1766589211.1124425,-88.37890625,-34.1796875,-29.296875,-167.48046875,0.0,0,0
1766589211.172513,1766589211.1163397,-60.546875,-27.83203125,-26.3671875,-61.03515625,0.0,0,0
1766589211.172537,1766589211.1202369,5.859375,-19.53125,-20.5078125,72.75390625,0.0,0,0
1766589211.172557,1766589211.124134,10.25390625,-21.97265625,-17.08984375,83.984375,0.0,0,0
1766589211.1725671,1766589211.1280313,-48.33984375,-20.5078125,-29.296875,-65.91796875,0.0,0,0
1766589211.172576,1766589211.1319284,-83.0078125,-26.85546875,-36.1328125,-173.33984375,0.0,0,0
1766589211.1725838,1766589211.1358256,-59.5703125,-31.25,-23.4375,-121.58203125,0.0,0,0
1766589211.1725929,1766589211.1397226,0.9765625,-24.90234375,-9.765625,3.90625,0.0,0,0
1766589211.1726022,1766589211.1436198,22.4609375,-17.578125,-8.30078125,40.52734375,0.0,0,0
1766589211.172618,1766589211.147517,-31.25,-19.53125,-20.5078125,-101.07421875,0.0,0,0
1766589211.232567,1766589211.1515768,-72.75390625,-27.83203125,-28.80859375,-213.8671875,0.0,0,0
1766589211.232599,1766589211.155474,-61.5234375,-33.69140625,-27.34375,-161.1328125,0.0,0,0
1766589211.232609,1766589211.1593711,-9.765625,-21.97265625,-21.97265625,-0.48828125,0.0,0,0
1766589211.232619,1766589211.1632683,9.27734375,-19.04296875,-21.97265625,59.5703125,0.0,0,0
1766589211.2326279,1766589211.1671655,-33.69140625,-26.85546875,-29.78515625,-65.91796875,0.0,0,0
1766589211.232638,1766589211.1710627,-79.1015625,-22.4609375,-35.15625,-180.6640625,0.0,0,0
1766589211.232682,1766589211.17496,-82.51953125,-22.94921875,-33.69140625,-163.0859375,0.0,0,0
1766589211.232702,1766589211.178857,-25.390625,-30.76171875,-30.2734375,-25.87890625,0.0,0,0
1766589211.232713,1766589211.1827543,10.25390625,-29.296875,-30.2734375,47.36328125,0.0,0,0
1766589211.2327218,1766589211.1866515,-19.53125,-18.5546875,-27.83203125,-70.3125,0.0,0,0
1766589211.2327302,1766589211.1905487,-64.94140625,-17.08984375,-26.3671875,-217.7734375,0.0,0,0
1766589211.232739,1766589211.1944458,-68.359375,-18.06640625,-31.25,-227.05078125,0.0,0,0
1766589211.2631428,1766589211.1984274,-23.4375,-22.94921875,-30.76171875,-78.125,0.0,0,0
1766589211.263189,1766589211.2023246,16.11328125,-36.62109375,-17.08984375,29.296875,0.0,0,0
1766589211.2632031,1766589211.2062218,4.8828125,-40.0390625,-21.97265625,-53.7109375,0.0,0,0
1766589211.263216,1766589211.210119,-61.03515625,-21.484375,-30.76171875,-206.0546875,0.0,0,0
1766589211.263259,1766589211.2140162,-93.26171875,-19.53125,-37.59765625,-260.25390625,0.0,0,0
1766589211.263287,1766589211.2179134,-36.1328125,-18.06640625,-41.015625,-109.86328125,0.0,0,0
1766589211.263354,1766589211.2218106,5.859375,-3.90625,-34.66796875,12.6953125,0.0,0,0
1766589211.2633688,1766589211.2257078,-21.484375,-9.27734375,-42.48046875,-62.01171875,0.0,0,0
1766589211.263381,1766589211.229605,-75.68359375,-11.71875,-49.31640625,-207.51953125,0.0,0,0
1766589211.2634041,1766589211.2335021,-82.51953125,-12.6953125,-52.24609375,-227.05078125,0.0,0,0
1766589211.263417,1766589211.2373993,-21.97265625,-9.765625,-46.875,-70.80078125,0.0,0,0
1766589211.263454,1766589211.2412965,27.34375,-2.9296875,-38.57421875,41.015625,0.0,0,0
1766589211.307922,1766589211.2452717,29.78515625,-5.37109375,-39.0625,6.34765625,0.0,0,0
1766589211.3079731,1766589211.2491689,-33.203125,-12.6953125,-45.41015625,-162.109375,0.0,0,0
1766589211.3080142,1766589211.253066,-74.21875,-21.97265625,-49.31640625,-252.9296875,0.0,0,0
1766589211.308053,1766589211.2569633,-32.71484375,-25.87890625,-47.36328125,-136.23046875,0.0,0,0
1766589211.308065,1766589211.2608604,18.06640625,-25.87890625,-40.0390625,-11.23046875,0.0,0,0
1766589211.308075,1766589211.2647579,15.625,-23.4375,-33.203125,-21.97265625,0.0,0,0
1766589211.308086,1766589211.268655,-41.015625,-31.25,-40.0390625,-158.203125,0.0,0,0
1766589211.308096,1766589211.2725523,-78.125,-38.0859375,-51.26953125,-224.12109375,0.0,0,0
1766589211.3081338,1766589211.2764494,-44.921875,-34.1796875,-43.9453125,-124.51171875,0.0,0,0
1766589211.308182,1766589211.2803466,4.8828125,-31.25,-37.59765625,3.90625,0.0,0,0
1766589211.308193,1766589211.2842438,3.41796875,-25.390625,-37.59765625,30.2734375,0.0,0,0
1766589211.3082361,1766589211.288141,-44.921875,-26.3671875,-42.48046875,-104.98046875,0.0,0,0
1766589211.368557,1766589211.2921057,-90.33203125,-33.69140625,-48.828125,-204.58984375,0.0,0,0
1766589211.368671,1766589211.2960029,-63.4765625,-30.76171875,-39.0625,-126.953125,0.0,0,0
1766589211.3687239,1766589211.2999003,3.90625,-20.01953125,-25.87890625,32.2265625,0.0,0,0
1766589211.3689978,1766589211.3037975,15.13671875,-23.4375,-32.2265625,74.21875,0.0,0,0
1766589211.3690398,1766589211.3076947,-27.34375,-28.80859375,-41.50390625,-56.640625,0.0,0,0
1766589211.370442,1766589211.3115919,-67.87109375,-27.34375,-40.0390625,-158.69140625,0.0,0,0
1766589211.370691,1766589211.315489,-51.26953125,-23.4375,-40.52734375,-119.140625,0.0,0,0
1766589211.370799,1766589211.3193862,9.765625,-21.97265625,-33.69140625,17.578125,0.0,0,0
1766589211.371077,1766589211.3232837,25.87890625,-29.78515625,-32.2265625,74.21875,0.0,0,0
1766589211.3712242,1766589211.3271809,-20.99609375,-33.69140625,-40.0390625,-77.1484375,0.0,0,0
1766589211.371475,1766589211.331078,-65.91796875,-23.92578125,-35.15625,-187.5,0.0,0,0
1766589211.371488,1766589211.3349752,-56.640625,-20.5078125,-33.203125,-122.0703125,0.0,0,0
1766589211.413158,1766589211.3389332,-0.48828125,-26.3671875,-37.59765625,26.85546875,0.0,0,0
1766589211.413321,1766589211.3428304,28.80859375,-25.390625,-33.69140625,93.26171875,0.0,0,0
1766589211.413416,1766589211.3467276,-10.7421875,-27.83203125,-31.25,-25.390625,0.0,0,0
1766589211.413428,1766589211.3506248,-58.10546875,-27.83203125,-32.2265625,-144.04296875,0.0,0,0
1766589211.4135091,1766589211.354522,-53.22265625,-24.4140625,-27.83203125,-116.69921875,0.0,0,0
1766589211.413686,1766589211.3584192,5.37109375,-21.484375,-19.04296875,34.1796875,0.0,0,0
1766589211.413816,1766589211.3623166,39.55078125,-13.18359375,-19.53125,107.91015625,0.0,0,0
1766589211.413999,1766589211.3662138,2.9296875,-18.5546875,-25.87890625,10.25390625,0.0,0,0
1766589211.414083,1766589211.370111,-56.15234375,-26.85546875,-31.73828125,-132.8125,0.0,0,0
1766589211.414112,1766589211.3740082,-65.4296875,-36.62109375,-38.57421875,-171.38671875,0.0,0,0
1766589211.4141939,1766589211.3779054,-10.25390625,-33.69140625,-33.69140625,-26.85546875,0.0,0,0
1766589211.414272,1766589211.3818028,30.76171875,-23.4375,-25.87890625,82.03125,0.0,0,0
1766589211.457335,1766589211.385823,7.32421875,-30.76171875,-27.34375,3.41796875,0.0,0,0
1766589211.457369,1766589211.3897202,-52.24609375,-38.0859375,-36.62109375,-136.71875,0.0,0,0
1766589211.45738,1766589211.3936176,-74.21875,-35.15625,-41.015625,-152.34375,0.0,0,0
1766589211.457389,1766589211.3975148,-20.99609375,-33.203125,-34.66796875,-3.41796875,0.0,0,0
1766589211.457397,1766589211.401412,21.97265625,-32.2265625,-23.4375,118.65234375,0.0,0,0
1766589211.45749,1766589211.4053092,16.11328125,-26.3671875,-16.11328125,88.37890625,0.0,0,0
1766589211.457503,1766589211.4092066,-42.48046875,-29.296875,-23.4375,-62.5,0.0,0,0
1766589211.4575129,1766589211.4131038,-77.1484375,-35.64453125,-38.57421875,-139.16015625,0.0,0,0
1766589211.457522,1766589211.417001,-28.80859375,-36.62109375,-38.57421875,-19.53125,0.0,0,0
1766589211.45753,1766589211.4208982,22.94921875,-35.15625,-27.83203125,95.703125,0.0,0,0
1766589211.457571,1766589211.4247956,24.90234375,-23.4375,-21.484375,87.890625,0.0,0,0
1766589211.457582,1766589211.4286928,-35.64453125,-22.94921875,-27.83203125,-56.15234375,0.0,0,0
1766589211.5343301,1766589211.4328387,-66.40625,-31.25,-34.66796875,-147.94921875,0.0,0,0
1766589211.5343812,1766589211.436736,-31.73828125,-32.71484375,-24.90234375,-57.12890625,0.0,0,0
1766589211.534432,1766589211.4406333,3.90625,-29.296875,-20.01953125,65.4296875,0.0,0,0
1766589211.534456,1766589211.4445307,15.13671875,-22.4609375,-18.5546875,86.9140625,0.0,0,0
1766589211.534474,1766589211.448428,-41.9921875,-29.78515625,-31.25,-69.82421875,0.0,0,0
1766589211.534528,1766589211.452325,-86.9140625,-33.69140625,-30.2734375,-146.484375,0.0,0,0
1766589211.534664,1766589211.4562225,-64.94140625,-27.83203125,-30.76171875,-54.19921875,0.0,0,0
1766589211.53472,1766589211.4601197,-13.18359375,-20.5078125,-31.73828125,82.03125,0.0,0,0
1766589211.534765,1766589211.464017,9.765625,-23.92578125,-25.87890625,114.2578125,0.0,0,0
1766589211.534849,1766589211.4679143,-36.1328125,-31.25,-29.78515625,-67.3828125,0.0,0,0
1766589211.534949,1766589211.4718115,-74.70703125,-25.87890625,-31.25,-187.5,0.0,0,0
1766589211.535012,1766589211.475709,-60.05859375,-21.484375,-38.0859375,-116.2109375,0.0,0,0
1766589211.565826,1766589211.4797175,-0.48828125,-15.13671875,-28.3203125,31.25,0.0,0,0
1766589211.565956,1766589211.483615,22.4609375,-20.99609375,-18.06640625,87.890625,0.0,0,0
1766589211.566357,1766589211.487512,-28.3203125,-25.390625,-28.80859375,-45.41015625,0.0,0,0
1766589211.566494,1766589211.4914093,-80.078125,-26.3671875,-38.57421875,-160.15625,0.0,0,0
1766589211.566549,1766589211.4953067,-66.89453125,-24.90234375,-33.203125,-120.60546875,0.0,0,0
1766589211.566581,1766589211.499204,1.953125,-16.6015625,-19.04296875,37.109375,0.0,0,0
1766589211.567227,1766589211.5031013,33.69140625,-11.71875,-13.18359375,106.93359375,0.0,0,0
1766589211.567283,1766589211.5069985,-10.7421875,-20.5078125,-23.92578125,-39.0625,0.0,0,0
1766589211.567487,1766589211.510896,-60.546875,-23.4375,-29.296875,-155.2734375,0.0,0,0
1766589211.567498,1766589211.5147932,-61.5234375,-21.484375,-27.83203125,-132.32421875,0.0,0,0
1766589211.5676732,1766589211.5186906,-0.9765625,-20.99609375,-22.94921875,36.62109375,0.0,0,0
1766589211.567735,1766589211.5225878,31.25,-21.484375,-18.5546875,130.37109375,0.0,0,0
1766589211.5978189,1766589211.526609,-18.5546875,-33.203125,-26.3671875,13.18359375,0.0,0,0
1766589211.597928,1766589211.5305064,-65.4296875,-35.64453125,-27.34375,-94.7265625,0.0,0,0
1766589211.5979578,1766589211.5344036,-66.89453125,-27.34375,-29.296875,-115.234375,0.0,0,0
1766589211.598012,1766589211.538301,-22.4609375,-34.1796875,-24.90234375,18.5546875,0.0,0,0
1766589211.598054,1766589211.5421982,21.97265625,-34.66796875,-16.6015625,130.37109375,0.0,0,0
1766589211.59809,1766589211.5460956,-5.37109375,-27.34375,-20.99609375,26.85546875,0.0,0,0
1766589211.598125,1766589211.5499928,-69.82421875,-28.3203125,-33.203125,-131.8359375,0.0,0,0
1766589211.598156,1766589211.5538902,-86.9140625,-37.109375,-42.48046875,-179.6875,0.0,0,0
1766589211.598208,1766589211.5577874,-32.2265625,-35.15625,-29.78515625,-24.90234375,0.0,0,0
1766589211.598272,1766589211.5616848,13.671875,-24.90234375,-23.92578125,97.65625,0.0,0,0
1766589211.598312,1766589211.565582,-5.37109375,-21.97265625,-25.87890625,64.453125,0.0,0,0
1766589211.598329,1766589211.5694795,-59.08203125,-25.390625,-30.2734375,-59.5703125,0.0,0,0
1766589211.644436,1766589211.573461,-83.0078125,-33.69140625,-44.43359375,-144.04296875,0.0,0,0
1766589211.644588,1766589211.5773582,-35.15625,-33.69140625,-36.1328125,7.32421875,0.0,0,0
1766589211.644602,1766589211.5812557,13.18359375,-26.3671875,-26.3671875,169.921875,0.0,0,0
1766589211.644612,1766589211.5851529,2.44140625,-26.85546875,-30.2734375,139.6484375,0.0,0,0
1766589211.6446211,1766589211.5890503,-48.828125,-30.2734375,-35.64453125,-13.18359375,0.0,0,0
1766589211.644802,1766589211.5929475,-75.1953125,-29.78515625,-41.50390625,-74.21875,0.0,0,0
1766589211.6448681,1766589211.596845,-50.29296875,-27.34375,-34.66796875,51.7578125,0.0,0,0
1766589211.644903,1766589211.6007423,0.48828125,-32.71484375,-30.76171875,166.015625,0.0,0,0
1766589211.644966,1766589211.6046395,4.39453125,-32.71484375,-34.66796875,157.2265625,0.0,0,0
1766589211.6449852,1766589211.608537,-58.59375,-28.3203125,-40.52734375,0.9765625,0.0,0,0
1766589211.645128,1766589211.6124341,-90.8203125,-34.66796875,-44.43359375,-101.5625,0.0,0,0
1766589211.645168,1766589211.6163316,-60.05859375,-25.390625,-37.59765625,-4.39453125,0.0,0,0
1766589211.6840231,1766589211.6203122,-10.25390625,-18.06640625,-27.34375,121.09375,0.0,0,0
1766589211.684082,1766589211.6242096,0.48828125,-24.4140625,-24.90234375,133.7890625,0.0,0,0
1766589211.684101,1766589211.6281068,-50.29296875,-29.78515625,-36.1328125,-22.4609375,0.0,0,0
1766589211.684256,1766589211.6320043,-103.515625,-39.55078125,-46.38671875,-159.1796875,0.0,0,0
1766589211.684306,1766589211.6359015,-86.9140625,-37.109375,-40.52734375,-83.0078125,0.0,0,0
1766589211.684373,1766589211.6397989,-16.11328125,-20.99609375,-24.90234375,93.26171875,0.0,0,0
1766589211.684396,1766589211.6436963,4.39453125,-26.85546875,-31.73828125,117.1875,0.0,0,0
1766589211.6844249,1766589211.6475935,-45.41015625,-37.59765625,-51.7578125,-53.7109375,0.0,0,0
1766589211.6844642,1766589211.651491,-72.75390625,-31.25,-42.96875,-149.4140625,0.0,0,0
1766589211.684494,1766589211.655388,-60.05859375,-37.109375,-25.390625,-102.5390625,0.0,0,0
1766589211.6846101,1766589211.6592855,-15.625,-30.76171875,-14.16015625,23.92578125,0.0,0,0
1766589211.6847281,1766589211.663183,12.20703125,-25.390625,-17.578125,81.54296875,0.0,0,0
1766589211.743742,1766589211.6671495,-27.34375,-36.1328125,-27.34375,-44.921875,0.0,0,0
1766589211.743809,1766589211.6710467,-74.70703125,-36.62109375,-26.3671875,-171.875,0.0,0,0
1766589211.743867,1766589211.6749442,-74.21875,-42.48046875,-27.34375,-149.90234375,0.0,0,0
1766589211.743988,1766589211.6788416,-17.08984375,-43.45703125,-26.3671875,4.8828125,0.0,0,0
1766589211.744014,1766589211.6827388,12.20703125,-32.71484375,-19.53125,65.91796875,0.0,0,0
1766589211.7440262,1766589211.6866362,-19.53125,-28.80859375,-18.06640625,-41.015625,0.0,0,0
1766589211.744048,1766589211.6905336,-66.89453125,-34.1796875,-24.90234375,-147.94921875,0.0,0,0
1766589211.7440588,1766589211.6944308,-85.9375,-42.48046875,-34.66796875,-173.33984375,0.0,0,0
1766589211.744116,1766589211.6983283,-29.78515625,-39.55078125,-26.3671875,-20.99609375,0.0,0,0
1766589211.744237,1766589211.7022254,21.484375,-30.2734375,-11.71875,89.35546875,0.0,0,0
1766589211.744286,1766589211.7061229,-5.859375,-32.2265625,-12.20703125,-6.8359375,0.0,0,0
1766589211.744378,1766589211.7100203,-69.3359375,-37.59765625,-23.92578125,-149.4140625,0.0,0,0
1766589211.788745,1766589211.7140474,-70.80078125,-34.1796875,-21.484375,-187.5,0.0,0,0
1766589211.788805,1766589211.7179446,-4.39453125,-23.92578125,-13.18359375,-27.83203125,0.0,0,0
1766589211.788816,1766589211.721842,33.203125,-23.92578125,-11.71875,84.47265625,0.0,0,0
1766589211.788936,1766589211.7257395,12.6953125,-30.76171875,-17.578125,-1.953125,0.0,0,0
1766589211.789006,1766589211.7296367,-47.8515625,-34.66796875,-28.80859375,-132.32421875,0.0,0,0
1766589211.7891462,1766589211.733534,-63.4765625,-33.69140625,-27.34375,-147.94921875,0.0,0,0
1766589211.7891688,1766589211.7374315,-15.625,-31.25,-20.01953125,0.48828125,0.0,0,0
1766589211.7891798,1766589211.741329,10.7421875,-39.0625,-20.99609375,70.80078125,0.0,0,0
1766589211.789189,1766589211.7452261,-7.8125,-44.921875,-23.4375,7.8125,0.0,0,0
1766589211.7891982,1766589211.7491236,-65.91796875,-46.875,-31.73828125,-121.09375,0.0,0,0
1766589211.789206,1766589211.753021,-89.84375,-40.52734375,-32.2265625,-184.5703125,0.0,0,0
1766589211.7892292,1766589211.7569182,-31.73828125,-35.15625,-24.4140625,-65.4296875,0.0,0,0
1766589211.89643,1766589211.761017,11.23046875,-30.76171875,-20.99609375,58.59375,0.0,0,0
1766589211.896468,1766589211.7649145,-6.8359375,-29.296875,-20.5078125,37.59765625,0.0,0,0
1766589211.896725,1766589211.768812,-50.78125,-32.2265625,-24.90234375,-102.05078125,0.0,0,0
1766589211.896734,1766589211.7727091,-72.75390625,-32.71484375,-35.15625,-159.1796875,0.0,0,0
1766589211.896744,1766589211.7766066,-36.1328125,-24.90234375,-26.85546875,-35.15625,0.0,0,0
1766589211.896841,1766589211.780504,17.08984375,-20.99609375,-20.5078125,112.3046875,0.0,0,0
1766589211.8968692,1766589211.7844014,11.23046875,-25.87890625,-28.80859375,122.55859375,0.0,0,0
1766589211.8969212,1766589211.7882988,-45.8984375,-26.3671875,-33.203125,-38.0859375,0.0,0,0
1766589211.910895,1766589211.792196,-67.3828125,-36.62109375,-41.015625,-127.9296875,0.0,0,0
1766589211.9109561,1766589211.7960935,-34.1796875,-35.15625,-32.2265625,-22.94921875,0.0,0,0
1766589211.914114,1766589211.799991,18.06640625,-22.94921875,-15.625,113.76953125,0.0,0,0
1766589211.914199,1766589211.8038883,27.34375,-18.5546875,-12.6953125,140.13671875,0.0,0,0
1766589211.9142442,1766589211.8080528,-32.71484375,-20.99609375,-26.3671875,-15.13671875,0.0,0,0
1766589211.914277,1766589211.8119502,-81.54296875,-30.76171875,-41.015625,-141.11328125,0.0,0,0
1766589211.914308,1766589211.8158476,-62.5,-30.2734375,-34.66796875,-71.77734375,0.0,0,0
1766589211.914338,1766589211.819745,0.9765625,-23.4375,-24.4140625,76.171875,0.0,0,0
1766589211.914368,1766589211.8236425,23.4375,-20.01953125,-24.4140625,110.3515625,0.0,0,0
1766589211.914418,1766589211.82754,-28.3203125,-22.94921875,-27.83203125,-22.4609375,0.0,0,0
1766589211.914966,1766589211.8314373,-70.3125,-26.3671875,-29.296875,-135.7421875,0.0,0,0
1766589211.915494,1766589211.8353348,-65.91796875,-26.85546875,-27.34375,-106.93359375,0.0,0,0
1766589211.91555,1766589211.8392322,-3.90625,-23.4375,-22.4609375,45.8984375,0.0,0,0
1766589211.915649,1766589211.8431296,26.3671875,-22.4609375,-21.484375,93.75,0.0,0,0
1766589211.9156601,1766589211.847027,-20.5078125,-28.80859375,-32.2265625,-39.55078125,0.0,0,0
1766589211.915734,1766589211.8509245,-65.4296875,-31.73828125,-42.96875,-155.76171875,0.0,0,0
1766589211.9261491,1766589211.8549247,-59.08203125,-24.4140625,-40.52734375,-125.9765625,0.0,0,0
1766589211.926193,1766589211.858822,-1.953125,-20.01953125,-35.64453125,36.62109375,0.0,0,0
1766589211.926205,1766589211.8627195,32.2265625,-20.01953125,-27.83203125,112.79296875,0.0,0,0
1766589211.926214,1766589211.866617,-6.34765625,-20.5078125,-27.34375,-9.27734375,0.0,0,0
1766589211.9262452,1766589211.8705144,-56.640625,-24.90234375,-38.0859375,-143.06640625,0.0,0,0
1766589211.926284,1766589211.8744118,-60.546875,-30.76171875,-42.96875,-163.0859375,0.0,0,0
1766589211.926362,1766589211.8783092,-12.6953125,-21.484375,-21.484375,-13.671875,0.0,0,0
1766589211.9263868,1766589211.8822067,13.18359375,-28.3203125,-19.53125,70.3125,0.0,0,0
1766589211.926476,1766589211.886104,-20.5078125,-42.48046875,-30.76171875,-16.11328125,0.0,0,0
1766589211.9265122,1766589211.8900015,-67.87109375,-30.2734375,-27.83203125,-146.484375,0.0,0,0
1766589211.926584,1766589211.893899,-78.125,-19.53125,-31.73828125,-187.01171875,0.0,0,0
1766589211.9266171,1766589211.8977964,-31.73828125,-26.3671875,-27.34375,-35.15625,0.0,0,0
1766589211.9676092,1766589211.9017868,11.71875,-29.296875,-17.578125,76.66015625,0.0,0,0
1766589211.96767,1766589211.9056842,0.0,-26.85546875,-23.4375,7.32421875,0.0,0,0
1766589211.9677,1766589211.9095817,-55.6640625,-29.296875,-30.76171875,-118.65234375,0.0,0,0
1766589211.9677298,1766589211.913479,-90.8203125,-32.71484375,-36.1328125,-184.08203125,0.0,0,0
1766589211.967743,1766589211.9173765,-50.29296875,-29.296875,-32.71484375,-78.61328125,0.0,0,0
1766589211.967753,1766589211.9212742,0.48828125,-23.92578125,-20.01953125,72.75390625,0.0,0,0
1766589211.967762,1766589211.9251716,-9.765625,-31.25,-26.85546875,43.45703125,0.0,0,0
1766589211.96777,1766589211.929069,-59.5703125,-41.9921875,-31.73828125,-120.1171875,0.0,0,0
1766589211.9677792,1766589211.9329665,-89.35546875,-39.0625,-22.4609375,-167.96875,0.0,0,0
1766589211.967787,1766589211.936864,-58.10546875,-32.2265625,-23.92578125,-69.82421875,0.0,0,0
1766589211.967883,1766589211.9407613,-3.41796875,-26.3671875,-17.08984375,34.1796875,0.0,0,0
1766589211.9678981,1766589211.9446588,0.9765625,-24.4140625,-14.6484375,59.08203125,0.0,0,0
1766589212.0150442,1766589211.9486542,-58.10546875,-30.76171875,-35.15625,-96.19140625,0.0,0,0
1766589212.015083,1766589211.9525516,-94.23828125,-30.76171875,-38.0859375,-196.2890625,0.0,0,0
1766589212.015125,1766589211.9564493,-60.546875,-23.92578125,-19.04296875,-75.68359375,0.0,0,0
1766589212.015136,1766589211.9603467,-5.859375,-21.484375,-17.578125,39.55078125,0.0,0,0
1766589212.01522,1766589211.9642441,9.765625,-19.04296875,-20.5078125,40.52734375,0.0,0,0
1766589212.015249,1766589211.9681416,-48.828125,-12.20703125,-22.4609375,-74.70703125,0.0,0,0
1766589212.015307,1766589211.972039,-101.5625,-15.625,-32.2265625,-166.9921875,0.0,0,0
1766589212.015318,1766589211.9759364,-73.2421875,-27.83203125,-37.109375,-125.9765625,0.0,0,0
1766589212.015369,1766589211.9798338,-3.90625,-29.78515625,-32.2265625,29.78515625,0.0,0,0
1766589212.015379,1766589211.9837313,17.08984375,-26.85546875,-29.78515625,93.75,0.0,0,0
1766589212.015408,1766589211.9876287,-25.390625,-27.34375,-32.2265625,-53.22265625,0.0,0,0
1766589212.015435,1766589211.9915261,-59.08203125,-25.87890625,-34.66796875,-164.0625,0.0,0,0
1766589212.057667,1766589211.9954967,-47.36328125,-22.4609375,-31.73828125,-114.74609375,0.0,0,0
1766589212.057704,1766589211.9993942,-0.48828125,-19.04296875,-28.80859375,34.66796875,0.0,0,0
1766589212.057715,1766589212.0032916,16.11328125,-16.6015625,-24.90234375,99.12109375,0.0,0,0
1766589212.057725,1766589212.0071893,-21.97265625,-25.87890625,-29.78515625,-22.4609375,0.0,0,0
1766589212.0577338,1766589212.0110867,-69.82421875,-34.66796875,-43.45703125,-149.4140625,0.0,0,0
1766589212.057743,1766589212.0149841,-68.84765625,-26.3671875,-38.0859375,-117.1875,0.0,0,0
1766589212.057751,1766589212.0188816,-8.7890625,-26.3671875,-36.1328125,29.78515625,0.0,0,0
1766589212.05776,1766589212.022779,23.92578125,-28.80859375,-31.73828125,96.19140625,0.0,0,0
1766589212.057769,1766589212.0266764,-13.18359375,-20.99609375,-27.83203125,-12.20703125,0.0,0,0
1766589212.057778,1766589212.0305738,-64.94140625,-19.53125,-31.25,-120.1171875,0.0,0,0
1766589212.057787,1766589212.0344715,-72.265625,-18.06640625,-31.73828125,-101.5625,0.0,0,0
1766589212.0578141,1766589212.038369,-22.4609375,-17.08984375,-24.90234375,53.22265625,0.0,0,0
1766589212.135864,1766589212.0424666,14.16015625,-21.484375,-18.5546875,127.9296875,0.0,0,0
1766589212.136193,1766589212.046364,-24.4140625,-33.69140625,-26.85546875,16.11328125,0.0,0,0
1766589212.136228,1766589212.0502617,-78.125,-37.109375,-33.69140625,-117.1875,0.0,0,0
1766589212.136287,1766589212.0541592,-81.54296875,-31.25,-28.80859375,-125.48828125,0.0,0,0
1766589212.136297,1766589212.0580566,-35.64453125,-28.3203125,-25.87890625,9.765625,0.0,0,0
1766589212.136328,1766589212.061954,10.25390625,-21.484375,-21.97265625,107.91015625,0.0,0,0
1766589212.1363578,1766589212.0658514,-7.32421875,-22.4609375,-20.99609375,46.875,0.0,0,0
1766589212.136389,1766589212.069749,-74.70703125,-36.62109375,-30.76171875,-111.81640625,0.0,0,0
1766589212.136433,1766589212.0736465,-99.609375,-45.8984375,-39.55078125,-169.43359375,0.0,0,0
1766589212.1364632,1766589212.077544,-53.7109375,-54.6875,-39.55078125,-24.4140625,0.0,0,0
1766589212.136493,1766589212.0814414,-5.37109375,-60.546875,-32.71484375,118.1640625,0.0,0,0
1766589212.13652,1766589212.085339,13.671875,-63.4765625,-23.4375,85.44921875,0.0,0,0
1766589212.200479,1766589212.0895097,-47.36328125,-78.61328125,-24.90234375,-69.82421875,0.0,0,0
1766589212.20155,1766589212.0934074,-104.4921875,-98.14453125,-31.25,-149.4140625,0.0,0,0
1766589212.399607,1766589212.0973048,-56.640625,-104.98046875,-23.4375,-32.71484375,0.0,0,0
1766589212.3996851,1766589212.1012022,4.8828125,-107.421875,-14.6484375,100.5859375,0.0,0,0
1766589212.3997078,1766589212.1051,-10.7421875,-116.69921875,-16.6015625,72.75390625,0.0,0,0
1766589212.399719,1766589212.1089973,-72.75390625,-118.65234375,-21.484375,-70.3125,0.0,0,0
1766589212.399729,1766589212.112895,-100.5859375,-124.0234375,-30.2734375,-158.203125,0.0,0,0
1766589212.399738,1766589212.1167924,-76.171875,-129.39453125,-36.1328125,-81.0546875,0.0,0,0
1766589212.399746,1766589212.1206899,-21.97265625,-127.9296875,-31.73828125,58.59375,0.0,0,0
1766589212.399755,1766589212.1245875,-9.27734375,-127.44140625,-26.3671875,72.265625,0.0,0,0
1766589212.3997781,1766589212.128485,-57.12890625,-124.51171875,-28.3203125,-72.265625,0.0,0,0
1766589212.399808,1766589212.1323824,-76.66015625,-125.0,-28.80859375,-160.64453125,0.0,0,0
1766589212.399831,1766589212.1372404,-49.8046875,-129.8828125,-31.25,-93.26171875,0.0,0,0
1766589212.399852,1766589212.141138,-4.39453125,-127.44140625,-23.92578125,66.89453125,0.0,0,0
1766589212.399872,1766589212.1450357,7.8125,-121.09375,-19.04296875,121.58203125,0.0,0,0
1766589212.39994,1766589212.1489334,-46.38671875,-124.0234375,-26.85546875,-30.76171875,0.0,0,0
1766589212.399953,1766589212.152831,-89.84375,-132.32421875,-33.203125,-141.11328125,0.0,0,0
1766589212.399963,1766589212.1567287,-69.82421875,-125.0,-28.3203125,-75.68359375,0.0,0,0
1766589212.400117,1766589212.1606262,-9.765625,-120.60546875,-24.4140625,77.1484375,0.0,0,0
1766589212.4003441,1766589212.1645238,9.765625,-125.48828125,-27.83203125,116.69921875,0.0,0,0
1766589212.400356,1766589212.1684215,-43.9453125,-128.41796875,-35.15625,-39.0625,0.0,0,0
1766589212.4004061,1766589212.1723192,-87.890625,-130.37109375,-35.15625,-145.01953125,0.0,0,0
1766589212.400416,1766589212.1762168,-81.0546875,-122.0703125,-33.69140625,-117.1875,0.0,0,0
1766589212.4006588,1766589212.1801145,-24.4140625,-107.91015625,-22.4609375,40.0390625,0.0,0,0
1766589212.400701,1766589212.184766,0.9765625,-104.00390625,-22.4609375,113.76953125,0.0,0,0
1766589212.4007308,1766589212.1886637,-40.0390625,-106.4453125,-33.203125,-10.7421875,0.0,0,0
1766589212.400917,1766589212.1925616,-89.35546875,-103.515625,-35.64453125,-122.55859375,0.0,0,0
1766589212.401052,1766589212.1964593,-89.84375,-102.05078125,-40.0390625,-131.34765625,0.0,0,0
1766589212.401083,1766589212.200357,-28.80859375,-98.14453125,-32.71484375,9.765625,0.0,0,0
1766589212.40113,1766589212.2042549,10.7421875,-83.0078125,-13.18359375,111.81640625,0.0,0,0
1766589212.40114,1766589212.2081525,-11.71875,-76.66015625,-18.06640625,17.08984375,0.0,0,0
1766589212.401189,1766589212.2120502,-57.12890625,-81.0546875,-37.109375,-112.79296875,0.0,0,0
1766589212.401231,1766589212.2159479,-65.4296875,-79.58984375,-38.0859375,-128.41796875,0.0,0,0
1766589212.401241,1766589212.2198458,-18.5546875,-78.61328125,-28.80859375,11.23046875,0.0,0,0
1766589212.4012501,1766589212.2237434,20.99609375,-67.3828125,-17.08984375,121.09375,0.0,0,0
1766589212.401259,1766589212.227641,-2.9296875,-66.40625,-22.94921875,36.1328125,0.0,0,0
1766589212.401268,1766589212.2320867,-53.22265625,-74.70703125,-40.0390625,-108.88671875,0.0,0,0
1766589212.4012768,1766589212.2359843,-76.66015625,-71.77734375,-41.015625,-141.6015625,0.0,0,0
1766589212.4013271,1766589212.2398822,-30.76171875,-65.4296875,-26.85546875,-0.9765625,0.0,0,0
1766589212.401345,1766589212.24378,22.94921875,-59.08203125,-18.5546875,129.39453125,0.0,0,0
1766589212.401355,1766589212.2476778,-4.8828125,-60.546875,-23.4375,82.51953125,0.0,0,0
1766589212.4013638,1766589212.2515755,-74.21875,-66.40625,-32.71484375,-90.8203125,0.0,0,0
1766589212.401381,1766589212.2554734,-87.890625,-61.5234375,-36.1328125,-158.203125,0.0,0,0
1766589212.4014,1766589212.259371,-28.3203125,-58.10546875,-30.2734375,-25.390625,0.0,0,0
1766589212.401425,1766589212.263269,17.08984375,-62.5,-34.66796875,69.3359375,0.0,0,0
1766589212.401435,1766589212.2671669,10.7421875,-58.10546875,-29.296875,48.33984375,0.0,0,0
1766589212.4014661,1766589212.2710645,-52.24609375,-52.24609375,-29.78515625,-81.0546875,0.0,0,0
1766589212.4014862,1766589212.2749624,-84.47265625,-50.78125,-33.69140625,-146.484375,0.0,0,0
1766589212.401515,1766589212.2792034,-42.96875,-51.7578125,-28.3203125,-45.41015625,0.0,0,0
1766589212.401602,1766589212.2831013,3.90625,-51.7578125,-29.296875,60.05859375,0.0,0,0
1766589212.401794,1766589212.2869992,0.9765625,-46.875,-25.87890625,72.265625,0.0,0,0
1766589212.401804,1766589212.2908971,-59.5703125,-43.9453125,-31.25,-50.29296875,0.0,0,0
1766589212.401814,1766589212.2947948,-88.8671875,-45.41015625,-31.25,-109.86328125,0.0,0,0
1766589212.401823,1766589212.2986927,-52.24609375,-43.45703125,-22.4609375,-14.16015625,0.0,0,0
1766589212.401831,1766589212.3025906,-0.9765625,-36.1328125,-22.94921875,105.95703125,0.0,0,0
1766589212.401839,1766589212.3064883,3.90625,-38.57421875,-28.3203125,116.69921875,0.0,0,0
1766589212.401848,1766589212.3103862,-45.8984375,-49.8046875,-38.0859375,-42.48046875,0.0,0,0
1766589212.401856,1766589212.314284,-82.03125,-55.17578125,-44.43359375,-132.8125,0.0,0,0
1766589212.401865,1766589212.318182,-62.01171875,-43.9453125,-34.66796875,-16.11328125,0.0,0,0
1766589212.401906,1766589212.3220797,-5.37109375,-35.15625,-21.97265625,132.32421875,0.0,0,0
1766589212.4019148,1766589212.3261163,13.18359375,-38.57421875,-20.01953125,136.23046875,0.0,0,0
1766589212.4019241,1766589212.3300142,-33.203125,-40.0390625,-25.390625,-0.9765625,0.0,0,0
1766589212.401932,1766589212.3339121,-62.5,-35.64453125,-23.92578125,-82.03125,0.0,0,0
1766589212.401941,1766589212.33781,-47.8515625,-36.1328125,-22.94921875,-53.7109375,0.0,0,0
1766589212.4019608,1766589212.341708,-0.48828125,-33.203125,-21.97265625,74.70703125,0.0,0,0
1766589212.401976,1766589212.3456056,15.625,-24.4140625,-21.97265625,129.39453125,0.0,0,0
1766589212.401988,1766589212.3495035,-26.85546875,-25.390625,-26.85546875,2.44140625,0.0,0,0
1766589212.4020422,1766589212.3534014,-84.47265625,-42.48046875,-40.52734375,-126.46484375,0.0,0,0
1766589212.402118,1766589212.3572993,-91.30859375,-41.50390625,-53.22265625,-114.74609375,0.0,0,0
1766589212.402179,1766589212.3611972,-19.53125,-26.85546875,-35.15625,80.078125,0.0,0,0
1766589212.402206,1766589212.3650951,13.18359375,-26.85546875,-25.390625,178.22265625,0.0,0,0
1766589212.402231,1766589212.3689928,-29.296875,-33.69140625,-39.0625,48.828125,0.0,0,0
1766589212.4326541,1766589212.3729532,-83.984375,-32.2265625,-41.015625,-55.6640625,0.0,0,0
1766589212.432698,1766589212.376851,-94.23828125,-37.109375,-44.921875,-65.4296875,0.0,0,0
1766589212.4327092,1766589212.3807487,-36.62109375,-37.109375,-36.1328125,60.05859375,0.0,0,0
1766589212.432804,1766589212.3846467,5.859375,-27.83203125,-25.87890625,135.25390625,0.0,0,0
1766589212.432821,1766589212.3885446,-25.390625,-28.3203125,-30.2734375,23.4375,0.0,0,0
1766589212.4328299,1766589212.3924425,-73.73046875,-28.80859375,-29.296875,-102.5390625,0.0,0,0
1766589212.432839,1766589212.3963404,-83.0078125,-36.62109375,-34.1796875,-138.671875,0.0,0,0
1766589212.432876,1766589212.4002383,-31.73828125,-37.59765625,-40.0390625,-5.37109375,0.0,0,0
1766589212.4329002,1766589212.404136,13.18359375,-29.296875,-36.1328125,108.3984375,0.0,0,0
1766589212.4329238,1766589212.4080338,-7.32421875,-28.80859375,-32.71484375,30.76171875,0.0,0,0
1766589212.432951,1766589212.4119318,-56.640625,-22.94921875,-29.78515625,-109.375,0.0,0,0
1766589212.4329731,1766589212.4158297,-68.359375,-22.4609375,-28.80859375,-171.38671875,0.0,0,0
1766589212.49673,1766589212.4197817,-19.04296875,-21.484375,-22.94921875,-56.15234375,0.0,0,0
1766589212.496774,1766589212.4236796,22.94921875,-18.5546875,-18.5546875,54.19921875,0.0,0,0
1766589212.496785,1766589212.4275775,7.8125,-21.97265625,-24.90234375,3.41796875,0.0,0,0
1766589212.4967942,1766589212.4314754,-53.22265625,-27.83203125,-31.25,-134.765625,0.0,0,0
1766589212.496803,1766589212.4353733,-84.47265625,-31.73828125,-32.2265625,-186.5234375,0.0,0,0
1766589212.496811,1766589212.4392712,-41.9921875,-30.76171875,-24.90234375,-68.84765625,0.0,0,0
1766589212.496819,1766589212.4431689,19.53125,-25.87890625,-21.484375,74.70703125,0.0,0,0
1766589212.4968278,1766589212.4470668,15.625,-25.390625,-26.85546875,53.22265625,0.0,0,0
1766589212.4968371,1766589212.4509647,-40.52734375,-30.76171875,-32.71484375,-125.0,0.0,0,0
1766589212.496845,1766589212.4548626,-75.1953125,-33.69140625,-30.2734375,-169.43359375,0.0,0,0
1766589212.496854,1766589212.4587605,-48.33984375,-32.71484375,-29.296875,-41.50390625,0.0,0,0
1766589212.496862,1766589212.4626584,-3.90625,-29.78515625,-27.34375,83.984375,0.0,0,0
1766589212.537708,1766589212.4666677,-1.953125,-26.3671875,-24.90234375,94.23828125,0.0,0,0
1766589212.5378401,1766589212.4705656,-42.48046875,-23.4375,-27.34375,-40.0390625,0.0,0,0
1766589212.537907,1766589212.4744635,-80.56640625,-24.90234375,-33.203125,-126.953125,0.0,0,0
1766589212.537925,1766589212.4783614,-56.15234375,-27.34375,-31.25,-54.6875,0.0,0,0
1766589212.537993,1766589212.4822593,7.8125,-22.94921875,-20.99609375,81.54296875,0.0,0,0
1766589212.5380301,1766589212.4861572,26.85546875,-20.01953125,-15.625,107.421875,0.0,0,0
1766589212.538079,1766589212.490055,-24.90234375,-31.73828125,-32.71484375,-53.7109375,0.0,0,0
1766589212.5382028,1766589212.493953,-66.40625,-33.203125,-38.0859375,-151.85546875,0.0,0,0
1766589212.538352,1766589212.497851,-50.78125,-22.4609375,-27.34375,-85.44921875,0.0,0,0
1766589212.538414,1766589212.5017488,14.16015625,-19.04296875,-28.80859375,43.9453125,0.0,0,0
1766589212.538526,1766589212.5056467,33.203125,-15.625,-29.296875,102.05078125,0.0,0,0
1766589212.5386581,1766589212.5095446,-26.3671875,-21.484375,-33.203125,-20.01953125,0.0,0,0
1766589212.583745,1766589212.5135458,-72.265625,-31.73828125,-39.55078125,-148.92578125,0.0,0,0
1766589212.583835,1766589212.5174437,-75.68359375,-28.80859375,-38.57421875,-135.7421875,0.0,0,0
1766589212.583999,1766589212.5213416,-20.99609375,-23.4375,-28.3203125,-0.9765625,0.0,0,0
1766589212.585396,1766589212.5252395,18.5546875,-21.484375,-24.4140625,55.6640625,0.0,0,0
1766589212.587231,1766589212.5291374,-17.08984375,-25.390625,-32.71484375,-68.359375,0.0,0,0
1766589212.587303,1766589212.5330353,-67.3828125,-28.3203125,-36.1328125,-198.2421875,0.0,0,0
1766589212.587633,1766589212.5369332,-67.87109375,-25.390625,-35.64453125,-175.29296875,0.0,0,0
1766589212.587863,1766589212.540831,-14.6484375,-20.5078125,-31.73828125,-15.13671875,0.0,0,0
1766589212.588144,1766589212.544729,13.671875,-25.390625,-26.3671875,64.94140625,0.0,0,0
1766589212.588175,1766589212.548627,-16.6015625,-36.62109375,-23.4375,-24.90234375,0.0,0,0
1766589212.588224,1766589212.5525248,-59.5703125,-31.25,-26.85546875,-136.71875,0.0,0,0
1766589212.5886889,1766589212.5564227,-65.91796875,-20.5078125,-29.296875,-142.08984375,0.0,0,0
1766589212.62784,1766589212.5604153,-26.3671875,-20.99609375,-34.66796875,-15.13671875,0.0,0,0
1766589212.627895,1766589212.5643132,10.7421875,-20.99609375,-37.109375,69.3359375,0.0,0,0
1766589212.627916,1766589212.568211,-9.27734375,-16.6015625,-29.78515625,3.41796875,0.0,0,0
1766589212.6280499,1766589212.572109,-66.40625,-20.01953125,-27.34375,-128.41796875,0.0,0,0
1766589212.6280909,1766589212.576007,-85.9375,-24.4140625,-32.71484375,-177.24609375,0.0,0,0
1766589212.628542,1766589212.5799048,-29.78515625,-13.18359375,-21.484375,-25.87890625,0.0,0,0
1766589212.628598,1766589212.5838027,26.3671875,-14.6484375,-22.4609375,91.796875,0.0,0,0
1766589212.628628,1766589212.5877006,7.32421875,-27.34375,-33.69140625,23.4375,0.0,0,0
1766589212.628654,1766589212.5915985,-56.15234375,-37.109375,-35.15625,-134.765625,0.0,0,0
1766589212.6286988,1766589212.5954964,-79.1015625,-40.52734375,-36.62109375,-194.3359375,0.0,0,0
1766589212.6287382,1766589212.5993943,-41.50390625,-28.80859375,-29.78515625,-65.91796875,0.0,0,0
1766589212.628768,1766589212.6032922,-1.953125,-25.390625,-23.92578125,56.640625,0.0,0,0
1766589212.6761348,1766589212.607296,-11.71875,-24.4140625,-26.3671875,38.0859375,0.0,0,0
1766589212.676415,1766589212.611194,-58.59375,-22.94921875,-26.85546875,-86.9140625,0.0,0,0
1766589212.676445,1766589212.6150918,-93.75,-22.4609375,-25.390625,-139.16015625,0.0,0,0
1766589212.67647,1766589212.6189897,-67.87109375,-19.04296875,-24.4140625,-22.4609375,0.0,0,0
1766589212.6766238,1766589212.6228876,-13.671875,-21.484375,-22.94921875,87.890625,0.0,0,0
1766589212.67676,1766589212.6267855,-4.39453125,-19.04296875,-18.06640625,74.21875,0.0,0,0
1766589212.6769521,1766589212.6306834,-55.6640625,-20.5078125,-23.92578125,-84.47265625,0.0,0,0
1766589212.677056,1766589212.6345813,-94.7265625,-34.1796875,-39.55078125,-189.453125,0.0,0,0
1766589212.677099,1766589212.6384792,-58.59375,-35.64453125,-37.59765625,-99.609375,0.0,0,0
1766589212.677135,1766589212.6423771,0.48828125,-26.85546875,-30.2734375,33.203125,0.0,0,0
1766589212.6771462,1766589212.6462753,15.625,-15.625,-20.01953125,80.56640625,0.0,0,0
1766589212.677166,1766589212.6501732,-36.62109375,-17.578125,-22.4609375,-60.05859375,0.0,0,0
1766589212.733353,1766589212.654214,-87.40234375,-31.73828125,-39.55078125,-184.08203125,0.0,0,0
1766589212.733391,1766589212.658112,-74.70703125,-36.1328125,-43.9453125,-113.28125,0.0,0,0
1766589212.733402,1766589212.66201,-18.5546875,-31.25,-33.203125,45.41015625,0.0,0,0
1766589212.733411,1766589212.6659079,3.41796875,-24.4140625,-23.92578125,88.37890625,0.0,0,0
1766589212.7334201,1766589212.6698058,-38.0859375,-25.87890625,-34.66796875,-58.59375,0.0,0,0
1766589212.733429,1766589212.6737037,-77.63671875,-20.99609375,-37.109375,-145.99609375,0.0,0,0
1766589212.733438,1766589212.6776016,-66.89453125,-14.16015625,-30.76171875,-104.00390625,0.0,0,0
1766589212.733446,1766589212.6814995,-16.6015625,-22.4609375,-34.1796875,18.06640625,0.0,0,0
1766589212.7334552,1766589212.6853976,11.23046875,-19.04296875,-25.390625,114.74609375,0.0,0,0
1766589212.733463,1766589212.6892955,-32.71484375,-15.13671875,-29.78515625,-10.25390625,0.0,0,0
1766589212.733472,1766589212.6931934,-82.51953125,-18.06640625,-35.64453125,-136.23046875,0.0,0,0
1766589212.73348,1766589212.6970913,-57.6171875,-15.625,-36.62109375,-101.07421875,0.0,0,0
1766589212.763466,1766589212.7010636,13.18359375,-22.94921875,-32.71484375,35.64453125,0.0,0,0
1766589212.763524,1766589212.7049618,7.8125,-26.3671875,-22.94921875,72.265625,0.0,0,0
1766589212.763535,1766589212.7088597,-58.59375,-27.83203125,-30.2734375,-64.453125,0.0,0,0
1766589212.763544,1766589212.7127576,-110.83984375,-35.15625,-34.1796875,-179.6875,0.0,0,0
1766589212.7635531,1766589212.7166555,-105.95703125,-32.71484375,-27.34375,-178.22265625,0.0,0,0
1766589212.763561,1766589212.7205534,-54.6875,-30.2734375,-23.92578125,-51.7578125,0.0,0,0
1766589212.7635698,1766589212.7244515,-22.94921875,-29.78515625,-12.6953125,56.640625,0.0,0,0
1766589212.763579,1766589212.7283494,-49.8046875,-33.203125,-10.25390625,-15.13671875,0.0,0,0
1766589212.763587,1766589212.7322474,-107.91015625,-42.96875,-25.390625,-172.8515625,0.0,0,0
1766589212.763595,1766589212.7361453,-113.28125,-40.0390625,-23.4375,-199.21875,0.0,0,0
1766589212.763648,1766589212.7400432,-60.05859375,-38.0859375,-10.25390625,-39.0625,0.0,0,0
1766589212.763677,1766589212.7439413,-14.6484375,-38.57421875,-9.765625,85.9375,0.0,0,0
1766589212.808125,1766589212.7479002,-31.25,-39.0625,-18.06640625,45.41015625,0.0,0,0
1766589212.8083332,1766589212.7517982,-87.40234375,-39.55078125,-25.87890625,-88.8671875,0.0,0,0
1766589212.808358,1766589212.755696,-113.76953125,-41.9921875,-29.296875,-133.7890625,0.0,0,0
1766589212.8083682,1766589212.7595942,-64.94140625,-44.43359375,-25.390625,-0.48828125,0.0,0,0
1766589212.808377,1766589212.763492,-12.20703125,-38.57421875,-23.4375,90.8203125,0.0,0,0
1766589212.808434,1766589212.76739,-16.11328125,-29.296875,-18.06640625,57.6171875,0.0,0,0
1766589212.808494,1766589212.771288,-64.453125,-33.69140625,-23.92578125,-67.3828125,0.0,0,0
1766589212.808536,1766589212.7751858,-92.7734375,-43.9453125,-40.52734375,-147.94921875,0.0,0,0
1766589212.808547,1766589212.779084,-46.38671875,-40.52734375,-37.59765625,-36.62109375,0.0,0,0
1766589212.808556,1766589212.7829819,4.8828125,-31.25,-28.3203125,74.21875,0.0,0,0
1766589212.808565,1766589212.7868798,-2.44140625,-26.3671875,-20.01953125,67.3828125,0.0,0,0
1766589212.808575,1766589212.7907777,-60.05859375,-31.25,-20.99609375,-73.2421875,0.0,0,0
1766589212.8684669,1766589212.7947316,-93.26171875,-37.109375,-28.80859375,-151.85546875,0.0,0,0
1766589212.8685272,1766589212.7986295,-62.98828125,-30.2734375,-31.73828125,-44.43359375,0.0,0,0
1766589212.8685398,1766589212.8025274,-3.41796875,-26.3671875,-32.71484375,67.3828125,0.0,0,0
1766589212.868591,1766589212.8064253,13.18359375,-30.2734375,-25.87890625,82.03125,0.0,0,0
1766589212.868615,1766589212.8103235,-33.69140625,-34.1796875,-23.92578125,-44.43359375,0.0,0,0
1766589212.8686259,1766589212.8142214,-72.75390625,-31.73828125,-28.3203125,-125.0,0.0,0,0
1766589212.868671,1766589212.8181193,-53.22265625,-31.73828125,-33.203125,-53.7109375,0.0,0,0
1766589212.868682,1766589212.8220172,8.30078125,-28.80859375,-30.2734375,75.1953125,0.0,0,0
1766589212.868691,1766589212.8259153,32.2265625,-23.92578125,-27.34375,109.375,0.0,0,0
1766589212.868723,1766589212.8298132,-31.73828125,-31.73828125,-35.15625,-42.48046875,0.0,0,0
1766589212.868747,1766589212.8337111,-80.56640625,-36.62109375,-39.55078125,-143.5546875,0.0,0,0
1766589212.868798,1766589212.837609,-54.6875,-39.0625,-39.55078125,-91.796875,0.0,0,0
1766589212.9136791,1766589212.8416176,0.48828125,-34.1796875,-32.71484375,49.31640625,0.0,0,0
1766589212.9137468,1766589212.8455157,30.76171875,-28.3203125,-24.90234375,119.62890625,0.0,0,0
1766589212.91377,1766589212.8494136,-18.06640625,-34.66796875,-29.78515625,1.953125,0.0,0,0
1766589212.913899,1766589212.8533115,-71.77734375,-40.0390625,-37.59765625,-126.953125,0.0,0,0
1766589212.913971,1766589212.8572097,-69.3359375,-34.1796875,-27.83203125,-94.23828125,0.0,0,0
1766589212.913999,1766589212.8611076,-12.20703125,-26.85546875,-15.625,78.125,0.0,0,0
1766589212.914298,1766589212.8650055,22.94921875,-30.2734375,-24.4140625,131.8359375,0.0,0,0
1766589212.914386,1766589212.8689036,-17.08984375,-36.1328125,-34.66796875,2.44140625,0.0,0,0
1766589212.9144561,1766589212.8728015,-68.359375,-36.62109375,-34.66796875,-99.12109375,0.0,0,0
1766589212.9147048,1766589212.8766994,-71.77734375,-40.0390625,-36.62109375,-107.421875,0.0,0,0
1766589212.915076,1766589212.8805976,-15.13671875,-36.62109375,-23.4375,29.296875,0.0,0,0
1766589212.915143,1766589212.8844955,14.16015625,-30.76171875,-23.4375,111.81640625,0.0,0,0
1766589212.9578729,1766589212.8884952,-12.20703125,-26.3671875,-27.83203125,15.13671875,0.0,0,0
1766589212.957956,1766589212.892393,-53.7109375,-22.94921875,-20.01953125,-111.81640625,0.0,0,0
1766589212.958018,1766589212.8962913,-60.05859375,-27.83203125,-28.3203125,-143.06640625,0.0,0,0
1766589212.958046,1766589212.9001892,-17.578125,-24.90234375,-21.484375,-8.7890625,0.0,0,0
1766589212.95809,1766589212.904087,-7.8125,-25.87890625,-7.8125,55.6640625,0.0,0,0
1766589212.9582112,1766589212.9079852,-38.57421875,-28.80859375,-15.625,-18.5546875,0.0,0,0
1766589212.958245,1766589212.911883,-83.0078125,-30.76171875,-32.2265625,-152.83203125,0.0,0,0
1766589212.958257,1766589212.9157813,-106.93359375,-36.62109375,-35.15625,-212.40234375,0.0,0,0
1766589212.958266,1766589212.9196792,-67.87109375,-39.55078125,-30.2734375,-74.70703125,0.0,0,0
1766589212.9583302,1766589212.923577,-22.94921875,-39.0625,-25.87890625,36.1328125,0.0,0,0
1766589212.958446,1766589212.9274752,-32.2265625,-36.62109375,-26.3671875,-14.6484375,0.0,0,0
1766589212.9584599,1766589212.9313731,-76.171875,-33.69140625,-31.25,-135.25390625,0.0,0,0
1766589213.103682,1766589212.9358058,-89.84375,-39.55078125,-37.59765625,-179.19921875,0.0,0,0
1766589213.103744,1766589212.939704,-48.33984375,-41.015625,-25.87890625,-43.45703125,0.0,0,0
1766589213.1038358,1766589212.9436018,2.9296875,-34.66796875,-20.99609375,93.75,0.0,0,0
1766589213.103882,1766589212.9475,14.16015625,-24.90234375,-21.484375,94.23828125,0.0,0,0
1766589213.1039171,1766589212.9513981,-34.66796875,-27.34375,-26.85546875,-47.36328125,0.0,0,0
1766589213.103949,1766589212.955296,-83.984375,-38.57421875,-38.57421875,-140.625,0.0,0,0
1766589213.103971,1766589212.9591942,-50.29296875,-36.62109375,-34.1796875,-28.80859375,0.0,0,0
1766589213.103997,1766589212.963092,1.46484375,-39.0625,-34.66796875,78.125,0.0,0,0
1766589213.1040058,1766589212.9669902,-11.23046875,-45.8984375,-40.0390625,63.4765625,0.0,0,0
1766589213.104034,1766589212.9708884,-59.5703125,-42.48046875,-37.109375,-83.0078125,0.0,0,0
1766589213.104157,1766589212.9747863,-85.9375,-27.83203125,-31.73828125,-172.36328125,0.0,0,0
1766589213.104169,1766589212.9786844,-64.453125,-29.296875,-32.71484375,-102.5390625,0.0,0,0
1766589213.104179,1766589212.982916,-3.41796875,-29.296875,-27.83203125,29.78515625,0.0,0,0
1766589213.104188,1766589212.9868143,15.625,-28.3203125,-24.90234375,64.94140625,0.0,0,0
1766589213.104196,1766589212.9907122,-39.55078125,-35.64453125,-33.69140625,-75.1953125,0.0,0,0
1766589213.10421,1766589212.9946103,-81.0546875,-34.1796875,-35.15625,-170.41015625,0.0,0,0
1766589213.104219,1766589212.9985085,-58.59375,-30.2734375,-29.296875,-97.65625,0.0,0,0
1766589213.104227,1766589213.0024066,2.9296875,-13.18359375,-23.4375,70.3125,0.0,0,0
1766589213.104235,1766589213.0063047,20.01953125,-8.7890625,-29.296875,104.98046875,0.0,0,0
1766589213.1042619,1766589213.0102026,-33.69140625,-21.97265625,-41.015625,-60.546875,0.0,0,0
1766589213.1043022,1766589213.0141008,-70.80078125,-28.3203125,-42.96875,-169.921875,0.0,0,0
1766589213.104317,1766589213.017999,-56.640625,-30.76171875,-39.0625,-149.4140625,0.0,0,0
1766589213.104339,1766589213.021897,-3.90625,-22.94921875,-31.25,9.27734375,0.0,0,0
1766589213.104364,1766589213.0257952,21.97265625,-18.06640625,-29.78515625,99.12109375,0.0,0,0
1766589213.1043782,1766589213.0298264,-16.6015625,-27.34375,-36.62109375,-27.83203125,0.0,0,0
1766589213.104388,1766589213.0337245,-59.5703125,-29.296875,-37.59765625,-135.7421875,0.0,0,0
1766589213.104398,1766589213.0376227,-65.91796875,-22.94921875,-35.64453125,-117.1875,0.0,0,0
1766589213.104409,1766589213.0415208,-14.6484375,-28.3203125,-33.69140625,12.6953125,0.0,0,0
1766589213.104419,1766589213.0454187,11.23046875,-33.69140625,-25.87890625,81.54296875,0.0,0,0
1766589213.1044302,1766589213.049317,-27.83203125,-27.34375,-26.3671875,-0.9765625,0.0,0,0
1766589213.104463,1766589213.053215,-67.3828125,-27.34375,-37.59765625,-102.5390625,0.0,0,0
1766589213.104474,1766589213.0571132,-71.2890625,-35.15625,-42.96875,-126.46484375,0.0,0,0
1766589213.1044831,1766589213.0610113,-18.06640625,-38.0859375,-30.76171875,0.9765625,0.0,0,0
1766589213.104511,1766589213.0649095,25.390625,-28.80859375,-18.5546875,99.609375,0.0,0,0
1766589213.1045382,1766589213.0688076,-18.06640625,-28.3203125,-22.4609375,27.34375,0.0,0,0
1766589213.1045592,1766589213.0727055,-79.58984375,-36.1328125,-40.52734375,-110.83984375,0.0,0,0
1766589213.140706,1766589213.0766773,-77.63671875,-34.66796875,-44.43359375,-146.97265625,0.0,0,0
1766589213.140919,1766589213.0805752,-23.92578125,-33.69140625,-35.64453125,-11.71875,0.0,0,0
1766589213.140953,1766589213.0844734,20.5078125,-29.78515625,-30.2734375,102.05078125,0.0,0,0
1766589213.1410828,1766589213.0883715,12.20703125,-23.92578125,-26.85546875,38.57421875,0.0,0,0
1766589213.1411788,1766589213.0922697,-40.0390625,-33.69140625,-36.62109375,-127.44140625,0.0,0,0
1766589213.141311,1766589213.0961678,-48.33984375,-33.69140625,-38.0859375,-148.4375,0.0,0,0
1766589213.141557,1766589213.100066,2.9296875,-19.04296875,-21.484375,32.71484375,0.0,0,0
1766589213.141612,1766589213.103964,26.3671875,-36.62109375,-32.2265625,99.609375,0.0,0,0
1766589213.141644,1766589213.1078622,16.11328125,-42.48046875,-32.71484375,66.40625,0.0,0,0
1766589213.141679,1766589213.1117604,-28.80859375,-28.80859375,-28.3203125,-55.17578125,0.0,0,0
1766589213.14172,1766589213.1156585,-62.5,-29.78515625,-33.69140625,-141.11328125,0.0,0,0
1766589213.1426618,1766589213.1195564,-25.87890625,-31.25,-30.2734375,-28.3203125,0.0,0,0
1766589213.184918,1766589213.1235294,14.6484375,-33.69140625,-33.69140625,74.70703125,0.0,0,0
1766589213.184952,1766589213.1274276,10.7421875,-34.66796875,-37.59765625,53.22265625,0.0,0,0
1766589213.185005,1766589213.1313257,-28.3203125,-34.66796875,-35.15625,-83.984375,0.0,0,0
1766589213.185104,1766589213.1352239,-65.4296875,-36.1328125,-39.0625,-144.53125,0.0,0,0
1766589213.1852171,1766589213.139122,-39.55078125,-37.59765625,-34.66796875,-43.45703125,0.0,0,0
1766589213.185444,1766589213.1430202,16.11328125,-27.34375,-17.578125,97.65625,0.0,0,0
1766589213.185481,1766589213.146918,5.859375,-26.85546875,-24.90234375,92.28515625,0.0,0,0
1766589213.1855109,1766589213.1508162,-56.15234375,-36.1328125,-36.62109375,-85.44921875,0.0,0,0
1766589213.185552,1766589213.1547143,-88.37890625,-37.59765625,-37.59765625,-180.6640625,0.0,0,0
1766589213.185594,1766589213.1586125,-53.7109375,-31.25,-34.66796875,-92.7734375,0.0,0,0
1766589213.1856241,1766589213.1625106,4.39453125,-21.484375,-29.296875,41.50390625,0.0,0,0
1766589213.185649,1766589213.1664088,24.90234375,-23.92578125,-27.34375,75.1953125,0.0,0,0
1766589213.2410939,1766589213.1703565,-26.3671875,-28.3203125,-36.1328125,-34.66796875,0.0,0,0
1766589213.241173,1766589213.1742547,-83.0078125,-29.296875,-42.48046875,-115.72265625,0.0,0,0
1766589213.241195,1766589213.1781528,-67.87109375,-27.34375,-39.0625,-62.98828125,0.0,0,0
1766589213.241214,1766589213.182051,-14.16015625,-32.2265625,-39.0625,64.94140625,0.0,0,0
1766589213.241239,1766589213.185949,8.30078125,-30.76171875,-34.66796875,129.39453125,0.0,0,0
1766589213.241266,1766589213.1898472,-29.78515625,-19.53125,-32.71484375,4.39453125,0.0,0,0
1766589213.241278,1766589213.1937454,-81.54296875,-24.4140625,-40.52734375,-135.25390625,0.0,0,0
1766589213.241303,1766589213.1976435,-82.51953125,-27.83203125,-40.0390625,-134.765625,0.0,0,0
1766589213.2413208,1766589213.2015417,-22.94921875,-26.85546875,-33.203125,-6.34765625,0.0,0,0
1766589213.2413309,1766589213.2054398,0.0,-27.34375,-28.3203125,69.3359375,0.0,0,0
1766589213.241376,1766589213.209338,-41.50390625,-24.90234375,-30.76171875,-13.18359375,0.0,0,0
1766589213.241388,1766589213.213236,-78.61328125,-22.94921875,-31.73828125,-108.88671875,0.0,0,0
1766589213.286747,1766589213.2171762,-73.2421875,-20.01953125,-22.4609375,-111.328125,0.0,0,0
1766589213.286786,1766589213.2210743,-16.11328125,-17.08984375,-17.08984375,34.66796875,0.0,0,0
1766589213.2868512,1766589213.2249725,21.484375,-14.16015625,-17.08984375,125.0,0.0,0,0
1766589213.2869172,1766589213.2288706,7.32421875,-15.625,-27.83203125,27.83203125,0.0,0,0
1766589213.2869382,1766589213.2327688,-33.203125,-15.13671875,-33.69140625,-104.98046875,0.0,0,0
1766589213.286973,1766589213.236667,-60.05859375,-21.484375,-26.3671875,-142.578125,0.0,0,0
1766589213.287026,1766589213.240565,-21.484375,-20.5078125,-15.625,-5.37109375,0.0,0,0
1766589213.287036,1766589213.2444632,16.6015625,-14.6484375,-9.765625,96.19140625,0.0,0,0
1766589213.287138,1766589213.2483613,-2.44140625,-21.484375,-15.625,32.71484375,0.0,0,0
1766589213.2871501,1766589213.2522595,-59.5703125,-24.90234375,-17.578125,-109.375,0.0,0,0
1766589213.287158,1766589213.2561576,-84.47265625,-25.87890625,-20.99609375,-172.36328125,0.0,0,0
1766589213.287207,1766589213.2600558,-42.96875,-28.3203125,-20.99609375,-46.38671875,0.0,0,0
1766589213.332491,1766589213.2640562,5.859375,-30.2734375,-11.71875,72.75390625,0.0,0,0
1766589213.332523,1766589213.2679543,-11.23046875,-31.73828125,-7.8125,33.69140625,0.0,0,0
1766589213.332533,1766589213.2718525,-74.70703125,-41.9921875,-13.671875,-83.0078125,0.0,0,0
1766589213.332543,1766589213.2757506,-92.7734375,-47.36328125,-22.94921875,-143.5546875,0.0,0,0
1766589213.332552,1766589213.2796488,-49.31640625,-46.875,-22.4609375,-42.96875,0.0,0,0
1766589213.3325598,1766589213.283547,-0.48828125,-38.57421875,-13.671875,94.7265625,0.0,0,0
1766589213.332591,1766589213.287445,4.39453125,-31.25,-6.34765625,88.37890625,0.0,0,0
1766589213.3326,1766589213.2913432,-41.9921875,-34.1796875,-20.5078125,-62.01171875,0.0,0,0
1766589213.332609,1766589213.2952414,-78.125,-39.0625,-31.25,-131.8359375,0.0,0,0
1766589213.332617,1766589213.2991395,-49.31640625,-44.43359375,-28.3203125,-29.296875,0.0,0,0
1766589213.33263,1766589213.3030376,3.90625,-39.0625,-23.4375,91.796875,0.0,0,0
1766589213.332639,1766589213.3069358,6.8359375,-36.62109375,-14.16015625,83.984375,0.0,0,0
1766589213.377475,1766589213.3109248,-41.015625,-39.0625,-21.484375,-62.98828125,0.0,0,0
1766589213.3775082,1766589213.314823,-90.33203125,-42.96875,-32.2265625,-137.20703125,0.0,0,0
1766589213.3775191,1766589213.318721,-58.10546875,-37.59765625,-19.04296875,-22.94921875,0.0,0,0
1766589213.377606,1766589213.3226192,3.41796875,-26.85546875,-15.13671875,95.703125,0.0,0,0
1766589213.377616,1766589213.3265173,9.27734375,-22.94921875,-17.08984375,109.86328125,0.0,0,0
1766589213.3776681,1766589213.3304155,-36.1328125,-23.4375,-22.94921875,-32.71484375,0.0,0,0
1766589213.3776882,1766589213.3343136,-74.21875,-27.83203125,-31.25,-150.87890625,0.0,0,0
1766589213.377698,1766589213.3382118,-57.6171875,-28.3203125,-30.76171875,-88.37890625,0.0,0,0
1766589213.377707,1766589213.34211,0.48828125,-28.3203125,-28.3203125,50.29296875,0.0,0,0
1766589213.377716,1766589213.346008,23.92578125,-26.85546875,-25.390625,95.703125,0.0,0,0
1766589213.377725,1766589213.3499062,-20.5078125,-19.53125,-25.390625,-33.203125,0.0,0,0
1766589213.3777332,1766589213.3538043,-72.75390625,-20.99609375,-28.80859375,-137.20703125,0.0,0,0
1766589213.422397,1766589213.3577847,-64.94140625,-28.80859375,-28.80859375,-104.00390625,0.0,0,0
1766589213.422441,1766589213.361683,-5.37109375,-29.78515625,-20.5078125,55.6640625,0.0,0,0
1766589213.422451,1766589213.365581,20.99609375,-21.484375,-14.6484375,131.8359375,0.0,0,0
1766589213.4224598,1766589213.3694794,-28.80859375,-23.92578125,-28.3203125,-8.7890625,0.0,0,0
1766589213.4224691,1766589213.3733776,-81.54296875,-34.1796875,-41.9921875,-148.92578125,0.0,0,0
1766589213.4224782,1766589213.3772757,-66.89453125,-33.69140625,-35.64453125,-143.5546875,0.0,0,0
1766589213.422487,1766589213.3811738,-2.9296875,-21.484375,-15.625,37.109375,0.0,0,0
1766589213.4225159,1766589213.385072,22.4609375,-25.390625,-16.11328125,114.2578125,0.0,0,0
1766589213.4225368,1766589213.3889701,-6.8359375,-34.66796875,-26.3671875,2.44140625,0.0,0,0
1766589213.422548,1766589213.3928683,-56.15234375,-33.69140625,-30.2734375,-125.48828125,0.0,0,0
1766589213.4225569,1766589213.3967664,-59.5703125,-31.25,-29.78515625,-159.66796875,0.0,0,0
1766589213.4225652,1766589213.4006648,-1.46484375,-32.2265625,-25.87890625,-14.6484375,0.0,0,0
1766589213.467561,1766589213.4046369,38.57421875,-30.2734375,-24.90234375,91.796875,0.0,0,0
1766589213.467594,1766589213.408535,12.20703125,-29.296875,-27.83203125,25.87890625,0.0,0,0
1766589213.4676049,1766589213.4124331,-57.12890625,-28.3203125,-34.1796875,-94.7265625,0.0,0,0
1766589213.467614,1766589213.4163313,-83.0078125,-26.3671875,-37.109375,-147.4609375,0.0,0,0
1766589213.467623,1766589213.4202294,-39.55078125,-31.73828125,-37.59765625,-22.94921875,0.0,0,0
1766589213.467631,1766589213.4241276,6.8359375,-25.390625,-26.85546875,102.5390625,0.0,0,0
1766589213.4676402,1766589213.428026,-3.90625,-23.4375,-23.4375,61.5234375,0.0,0,0
1766589213.467649,1766589213.431924,-50.78125,-34.66796875,-35.64453125,-83.0078125,0.0,0,0
1766589213.46767,1766589213.4358222,-64.94140625,-35.64453125,-41.50390625,-139.6484375,0.0,0,0
1766589213.467691,1766589213.4397204,-21.484375,-31.25,-33.69140625,-24.90234375,0.0,0,0
1766589213.467701,1766589213.4436185,11.23046875,-29.78515625,-29.296875,65.4296875,0.0,0,0
1766589213.4677088,1766589213.4475167,2.44140625,-28.3203125,-28.3203125,44.43359375,0.0,0,0
1766589213.5127501,1766589213.4514806,-41.015625,-31.73828125,-32.2265625,-89.35546875,0.0,0,0
1766589213.5128279,1766589213.455379,-70.80078125,-35.15625,-34.1796875,-154.296875,0.0,0,0
1766589213.5128388,1766589213.4592772,-29.296875,-28.3203125,-21.97265625,-39.55078125,0.0,0,0
1766589213.5128489,1766589213.4631753,11.23046875,-30.76171875,-25.87890625,68.359375,0.0,0,0
1766589213.512903,1766589213.4670734,7.8125,-35.15625,-29.296875,65.4296875,0.0,0,0
1766589213.512924,1766589213.4709716,-47.36328125,-29.78515625,-31.73828125,-74.21875,0.0,0,0
1766589213.513011,1766589213.47487,-90.33203125,-29.78515625,-36.62109375,-146.97265625,0.0,0,0
1766589213.513073,1766589213.478768,-56.640625,-39.55078125,-40.52734375,-51.26953125,0.0,0,0
1766589213.513104,1766589213.4826663,0.0,-46.875,-38.57421875,54.19921875,0.0,0,0
1766589213.513144,1766589213.4865644,6.8359375,-41.015625,-29.296875,64.453125,0.0,0,0
1766589213.513203,1766589213.4904625,-51.26953125,-41.9921875,-33.69140625,-71.77734375,0.0,0,0
1766589213.513225,1766589213.494361,-87.890625,-39.55078125,-38.57421875,-162.59765625,0.0,0,0
1766589213.557475,1766589213.4983172,-59.08203125,-27.34375,-38.0859375,-79.1015625,0.0,0,0
1766589213.557508,1766589213.5022154,-10.7421875,-25.87890625,-36.1328125,63.4765625,0.0,0,0
1766589213.5575192,1766589213.5061135,-0.9765625,-27.34375,-35.64453125,97.65625,0.0,0,0
1766589213.557528,1766589213.5100117,-53.22265625,-28.3203125,-37.59765625,-35.64453125,0.0,0,0
1766589213.557537,1766589213.51391,-98.6328125,-29.296875,-41.015625,-148.4375,0.0,0,0
1766589213.557545,1766589213.5178082,-70.80078125,-24.90234375,-33.203125,-105.95703125,0.0,0,0
1766589213.557554,1766589213.5217063,-13.671875,-26.85546875,-27.34375,36.62109375,0.0,0,0
1766589213.557562,1766589213.5256045,0.9765625,-32.71484375,-26.85546875,73.73046875,0.0,0,0
1766589213.5575712,1766589213.5295026,-36.62109375,-32.2265625,-29.78515625,-57.6171875,0.0,0,0
1766589213.557579,1766589213.533401,-80.078125,-29.296875,-31.73828125,-140.13671875,0.0,0,0
1766589213.557587,1766589213.5372992,-75.1953125,-25.390625,-32.2265625,-109.86328125,0.0,0,0
1766589213.557596,1766589213.5411973,-12.20703125,-25.390625,-22.94921875,38.0859375,0.0,0,0
1766589213.662218,1766589213.545401,20.5078125,-25.87890625,-16.11328125,119.140625,0.0,0,0
1766589213.662252,1766589213.5492992,-20.99609375,-28.3203125,-24.4140625,1.46484375,0.0,0,0
1766589213.662281,1766589213.5531976,-73.2421875,-26.85546875,-31.73828125,-124.0234375,0.0,0,0
1766589213.662302,1766589213.5570958,-76.66015625,-21.97265625,-31.25,-119.62890625,0.0,0,0
1766589213.662312,1766589213.560994,-29.296875,-17.08984375,-29.78515625,30.2734375,0.0,0,0
1766589213.6623209,1766589213.5648923,6.34765625,-12.20703125,-23.92578125,110.83984375,0.0,0,0
1766589213.6623302,1766589213.5687904,-19.04296875,-20.5078125,-31.25,4.39453125,0.0,0,0
1766589213.662339,1766589213.5726888,-64.94140625,-25.87890625,-33.69140625,-104.4921875,0.0,0,0
1766589213.662347,1766589213.576587,-71.2890625,-22.4609375,-27.83203125,-112.3046875,0.0,0,0
1766589213.662356,1766589213.580485,-28.80859375,-28.3203125,-30.2734375,15.13671875,0.0,0,0
1766589213.662364,1766589213.5843835,13.671875,-29.78515625,-28.80859375,112.3046875,0.0,0,0
1766589213.662373,1766589213.5882816,-2.9296875,-29.296875,-29.78515625,60.05859375,0.0,0,0
1766589213.666202,1766589213.5922976,-62.5,-24.90234375,-29.296875,-59.08203125,0.0,0,0
1766589213.6662242,1766589213.5961957,-91.796875,-31.25,-36.1328125,-129.39453125,0.0,0,0
1766589213.666235,1766589213.600094,-34.1796875,-33.203125,-28.3203125,0.9765625,0.0,0,0
1766589213.666244,1766589213.6039922,24.4140625,-26.3671875,-15.625,127.9296875,0.0,0,0
1766589213.666253,1766589213.6078906,4.39453125,-32.71484375,-25.87890625,76.171875,0.0,0,0
1766589213.666278,1766589213.6117887,-50.29296875,-26.85546875,-34.1796875,-63.4765625,0.0,0,0
1766589213.666293,1766589213.6156871,-77.1484375,-29.78515625,-37.59765625,-129.8828125,0.0,0,0
1766589213.666302,1766589213.6195853,-38.57421875,-33.203125,-32.2265625,-14.16015625,0.0,0,0
1766589213.666311,1766589213.6234834,9.765625,-28.80859375,-30.2734375,101.5625,0.0,0,0
1766589213.666338,1766589213.6273818,5.859375,-37.59765625,-32.71484375,66.40625,0.0,0,0
1766589213.666357,1766589213.63128,-46.38671875,-38.57421875,-33.203125,-83.984375,0.0,0,0
1766589213.666383,1766589213.6351783,-80.078125,-33.203125,-38.0859375,-162.59765625,0.0,0,0
1766589213.7071092,1766589213.639177,-49.31640625,-29.296875,-34.1796875,-70.3125,0.0,0,0
1766589213.7071471,1766589213.6430752,12.6953125,-26.3671875,-21.97265625,68.84765625,0.0,0,0
1766589213.70716,1766589213.6469736,14.6484375,-27.34375,-18.5546875,77.1484375,0.0,0,0
1766589213.70717,1766589213.6508718,-47.8515625,-31.73828125,-26.3671875,-81.54296875,0.0,0,0
1766589213.707181,1766589213.6547701,-80.078125,-36.62109375,-35.64453125,-193.359375,0.0,0,0
1766589213.7071922,1766589213.6586683,-47.36328125,-29.296875,-29.78515625,-99.12109375,0.0,0,0
1766589213.707202,1766589213.6625667,-0.9765625,-22.4609375,-31.73828125,43.9453125,0.0,0,0
1766589213.7073128,1766589213.6664648,13.18359375,-19.53125,-35.64453125,66.89453125,0.0,0,0
1766589213.7073228,1766589213.6703632,-25.390625,-19.53125,-27.83203125,-62.01171875,0.0,0,0
1766589213.7073312,1766589213.6742613,-80.56640625,-38.0859375,-34.66796875,-187.01171875,0.0,0,0
1766589213.70734,1766589213.6781597,-71.2890625,-42.96875,-34.1796875,-120.1171875,0.0,0,0
1766589213.7073479,1766589213.6820579,-5.37109375,-25.87890625,-21.484375,56.15234375,0.0,0,0
1766589213.752223,1766589213.6860483,17.578125,-22.4609375,-19.53125,118.1640625,0.0,0,0
1766589213.7522519,1766589213.6899464,-43.9453125,-28.80859375,-30.76171875,-6.34765625,0.0,0,0
1766589213.7522619,1766589213.6938448,-83.0078125,-32.2265625,-43.9453125,-112.79296875,0.0,0,0
1766589213.7522712,1766589213.697743,-54.6875,-32.2265625,-40.52734375,-67.3828125,0.0,0,0
1766589213.752279,1766589213.7016413,6.34765625,-25.390625,-28.3203125,90.8203125,0.0,0,0
1766589213.752288,1766589213.7055395,26.85546875,-27.34375,-28.3203125,142.08984375,0.0,0,0
1766589213.752296,1766589213.7094378,-12.20703125,-30.76171875,-28.80859375,27.83203125,0.0,0,0
1766589213.7523048,1766589213.7133362,-69.82421875,-31.73828125,-31.25,-116.2109375,0.0,0,0
1766589213.752314,1766589213.7172344,-91.30859375,-49.8046875,-39.0625,-149.90234375,0.0,0,0
1766589213.752335,1766589213.7211328,-32.2265625,-48.33984375,-31.25,-0.9765625,0.0,0,0
1766589213.7523499,1766589213.725031,11.71875,-27.34375,-18.5546875,81.54296875,0.0,0,0
1766589213.752372,1766589213.7289293,-22.94921875,-30.76171875,-24.4140625,-25.87890625,0.0,0,0
1766589213.80019,1766589213.732914,-80.078125,-32.71484375,-33.69140625,-155.2734375,0.0,0,0
1766589213.800216,1766589213.736812,-87.40234375,-30.2734375,-29.78515625,-164.0625,0.0,0,0
1766589213.800225,1766589213.7407105,-36.1328125,-23.92578125,-24.4140625,5.37109375,0.0,0,0
1766589213.800233,1766589213.7446086,5.859375,-20.01953125,-21.97265625,110.3515625,0.0,0,0
1766589213.800242,1766589213.748507,-11.71875,-26.85546875,-22.4609375,10.7421875,0.0,0,0
1766589213.80025,1766589213.7524054,-58.10546875,-28.3203125,-19.04296875,-133.7890625,0.0,0,0
1766589213.800259,1766589213.7563035,-69.82421875,-20.01953125,-21.97265625,-176.26953125,0.0,0,0
1766589213.800267,1766589213.760202,-21.484375,-24.4140625,-29.296875,-49.8046875,0.0,0,0
1766589213.8002748,1766589213.7641,24.90234375,-30.2734375,-26.85546875,52.734375,0.0,0,0
1766589213.800283,1766589213.7679985,11.23046875,-20.01953125,-22.94921875,0.9765625,0.0,0,0
1766589213.800292,1766589213.7718966,-40.0390625,-22.4609375,-27.83203125,-146.97265625,0.0,0,0
1766589213.8003001,1766589213.775795,-67.87109375,-29.78515625,-36.1328125,-206.0546875,0.0,0,0
1766589213.8423092,1766589213.7797692,-32.2265625,-31.25,-33.69140625,-77.1484375,0.0,0,0
1766589213.84236,1766589213.7836676,16.6015625,-24.90234375,-15.13671875,55.17578125,0.0,0,0
1766589213.8423722,1766589213.7875657,9.27734375,-23.92578125,-10.7421875,36.1328125,0.0,0,0
1766589213.8423831,1766589213.791464,-43.45703125,-28.3203125,-22.94921875,-116.69921875,0.0,0,0
1766589213.842394,1766589213.7953625,-73.2421875,-23.92578125,-26.3671875,-185.05859375,0.0,0,0
1766589213.8424041,1766589213.7992606,-42.48046875,-17.08984375,-19.04296875,-83.0078125,0.0,0,0
1766589213.842415,1766589213.803159,5.37109375,-13.671875,-18.06640625,35.15625,0.0,0,0
1766589213.842425,1766589213.8070574,10.25390625,-23.92578125,-25.87890625,35.64453125,0.0,0,0
1766589213.8424609,1766589213.8109555,-40.0390625,-33.203125,-28.3203125,-99.12109375,0.0,0,0
1766589213.842474,1766589213.814854,-75.1953125,-28.80859375,-32.2265625,-180.17578125,0.0,0,0
1766589213.842515,1766589213.818752,-40.52734375,-23.4375,-30.2734375,-71.2890625,0.0,0,0
1766589213.8425322,1766589213.8226504,20.99609375,-16.6015625,-16.11328125,83.49609375,0.0,0,0
1766589213.8888068,1766589213.8266163,37.109375,-10.25390625,-13.18359375,98.6328125,0.0,0,0
1766589213.888837,1766589213.8305144,-16.6015625,-11.23046875,-23.4375,-53.22265625,0.0,0,0
1766589213.888847,1766589213.8344128,-66.89453125,-18.5546875,-29.296875,-146.97265625,0.0,0,0
1766589213.8888562,1766589213.8383112,-53.22265625,-19.53125,-24.90234375,-76.171875,0.0,0,0
1766589213.888864,1766589213.8422093,0.0,-20.5078125,-22.94921875,67.87109375,0.0,0,0
1766589213.8888729,1766589213.8461077,20.01953125,-16.6015625,-17.578125,142.578125,0.0,0,0
1766589213.888881,1766589213.850006,-34.1796875,-16.6015625,-23.4375,16.6015625,0.0,0,0
1766589213.88889,1766589213.8539042,-86.9140625,-31.73828125,-37.59765625,-117.67578125,0.0,0,0
1766589213.8888981,1766589213.8578026,-70.3125,-31.73828125,-36.1328125,-108.3984375,0.0,0,0
1766589213.888907,1766589213.8617008,-15.625,-25.87890625,-29.78515625,27.83203125,0.0,0,0
1766589213.888915,1766589213.8655992,13.671875,-28.3203125,-21.484375,107.421875,0.0,0,0
1766589213.888926,1766589213.8694975,-20.01953125,-39.55078125,-29.78515625,-15.625,0.0,0,0
1766589213.932367,1766589213.8734524,-68.84765625,-35.64453125,-37.109375,-165.0390625,0.0,0,0
1766589213.932405,1766589213.8773506,-78.125,-28.3203125,-37.59765625,-150.390625,0.0,0,0
1766589213.932419,1766589213.881249,-17.578125,-19.04296875,-26.85546875,28.80859375,0.0,0,0
1766589213.9324312,1766589213.8851473,26.85546875,-14.16015625,-16.6015625,91.796875,0.0,0,0
1766589213.932443,1766589213.8890455,-16.11328125,-29.296875,-33.69140625,-43.9453125,0.0,0,0
1766589213.9324548,1766589213.8929439,-68.84765625,-34.1796875,-33.69140625,-140.625,0.0,0,0
1766589213.932466,1766589213.8968422,-73.73046875,-39.0625,-33.69140625,-121.09375,0.0,0,0
1766589213.932478,1766589213.9007404,-14.16015625,-39.0625,-34.1796875,32.71484375,0.0,0,0
1766589213.932489,1766589213.9046388,34.1796875,-30.2734375,-27.83203125,132.8125,0.0,0,0
1766589213.9325,1766589213.9085371,6.8359375,-30.2734375,-30.2734375,57.6171875,0.0,0,0
1766589213.932511,1766589213.9124353,-43.9453125,-25.87890625,-28.3203125,-53.22265625,0.0,0,0
1766589213.932522,1766589213.9163337,-44.921875,-22.94921875,-36.1328125,-87.40234375,0.0,0,0
1766589213.9938402,1766589213.9202812,5.859375,-22.4609375,-33.69140625,64.94140625,0.0,0,0
1766589213.993909,1766589213.9241796,35.15625,-24.4140625,-29.78515625,178.22265625,0.0,0,0
1766589213.99392,1766589213.928078,0.48828125,-33.203125,-39.0625,97.65625,0.0,0,0
1766589213.993929,1766589213.9319763,-59.08203125,-30.76171875,-38.0859375,-24.90234375,0.0,0,0
1766589213.993938,1766589213.9358745,-88.37890625,-32.2265625,-44.921875,-97.16796875,0.0,0,0
1766589213.993946,1766589213.9397728,-50.29296875,-26.85546875,-35.64453125,13.18359375,0.0,0,0
1766589213.9939551,1766589213.9436712,-0.9765625,-23.4375,-27.34375,121.58203125,0.0,0,0
1766589213.993963,1766589213.9475694,-5.859375,-28.3203125,-26.85546875,58.10546875,0.0,0,0
1766589213.9939709,1766589213.9514678,-54.19921875,-37.109375,-32.71484375,-98.6328125,0.0,0,0
1766589213.99398,1766589213.9553661,-78.125,-40.0390625,-35.64453125,-180.17578125,0.0,0,0
1766589213.993988,1766589213.9592643,-49.31640625,-34.1796875,-27.34375,-58.10546875,0.0,0,0
1766589213.993997,1766589213.9631627,-18.06640625,-29.78515625,-26.85546875,63.4765625,0.0,0,0
1766589214.0362601,1766589213.9671016,-17.08984375,-30.2734375,-34.66796875,32.2265625,0.0,0,0
1766589214.0362859,1766589213.9709997,-58.59375,-31.73828125,-35.64453125,-106.93359375,0.0,0,0
1766589214.036295,1766589213.974898,-89.84375,-22.94921875,-33.69140625,-158.203125,0.0,0,0
1766589214.0363038,1766589213.9787965,-53.22265625,-19.53125,-31.73828125,-52.734375,0.0,0,0
1766589214.036313,1766589213.9826946,3.90625,-25.390625,-33.69140625,61.03515625,0.0,0,0
1766589214.036321,1766589213.986593,17.578125,-21.484375,-30.2734375,80.56640625,0.0,0,0
1766589214.03633,1766589213.9904914,-40.0390625,-19.53125,-34.66796875,-84.47265625,0.0,0,0
1766589214.036339,1766589213.9943898,-84.9609375,-24.90234375,-45.8984375,-196.2890625,0.0,0,0
1766589214.036347,1766589213.998288,-60.05859375,-23.92578125,-39.55078125,-91.30859375,0.0,0,0
1766589214.036355,1766589214.0021863,-15.625,-19.53125,-31.25,62.01171875,0.0,0,0
1766589214.0363631,1766589214.0060847,-8.7890625,-21.484375,-26.3671875,101.07421875,0.0,0,0
1766589214.036437,1766589214.0099828,-59.5703125,-28.80859375,-32.71484375,-38.0859375,0.0,0,0
1766589214.0823638,1766589214.013977,-104.4921875,-32.2265625,-37.59765625,-114.2578125,0.0,0,0
1766589214.0823932,1766589214.0178754,-93.26171875,-32.71484375,-38.0859375,-57.12890625,0.0,0,0
1766589214.0824032,1766589214.0217738,-43.45703125,-36.62109375,-40.0390625,46.875,0.0,0,0
1766589214.082412,1766589214.0256722,-7.8125,-29.78515625,-27.83203125,106.93359375,0.0,0,0
1766589214.082432,1766589214.0295703,-34.1796875,-25.87890625,-21.484375,-36.1328125,0.0,0,0
1766589214.082446,1766589214.0334687,-89.84375,-25.87890625,-26.3671875,-195.3125,0.0,0,0
1766589214.0824552,1766589214.037367,-86.42578125,-19.53125,-29.78515625,-160.15625,0.0,0,0
1766589214.082463,1766589214.0412655,-29.296875,-25.390625,-31.25,4.39453125,0.0,0,0
1766589214.0824971,1766589214.0451636,1.46484375,-25.390625,-26.3671875,73.2421875,0.0,0,0
1766589214.082519,1766589214.049062,-38.0859375,-26.3671875,-35.15625,-61.03515625,0.0,0,0
1766589214.082531,1766589214.0529604,-94.7265625,-30.76171875,-42.48046875,-183.10546875,0.0,0,0
1766589214.0825431,1766589214.0568588,-89.35546875,-24.90234375,-30.2734375,-137.20703125,0.0,0,0
1766589214.1274638,1766589214.0608447,-32.71484375,-22.94921875,-28.80859375,27.34375,0.0,0,0
1766589214.1274931,1766589214.064743,8.7890625,-22.94921875,-32.71484375,101.5625,0.0,0,0
1766589214.1275039,1766589214.0686414,-16.11328125,-23.4375,-28.80859375,17.08984375,0.0,0,0
1766589214.1275141,1766589214.0725398,-70.3125,-33.203125,-37.109375,-95.703125,0.0,0,0
1766589214.1275232,1766589214.076438,-79.58984375,-32.71484375,-42.48046875,-113.76953125,0.0,0,0
1766589214.127531,1766589214.0803363,-30.2734375,-26.85546875,-33.203125,23.92578125,0.0,0,0
1766589214.1275399,1766589214.0842347,4.39453125,-27.83203125,-31.25,125.9765625,0.0,0,0
1766589214.127548,1766589214.088133,-17.578125,-27.34375,-33.69140625,57.12890625,0.0,0,0
1766589214.127556,1766589214.0920315,-69.82421875,-27.34375,-40.0390625,-92.28515625,0.0,0,0
1766589214.127564,1766589214.0959299,-94.23828125,-30.2734375,-42.48046875,-139.16015625,0.0,0,0
1766589214.127572,1766589214.099828,-40.0390625,-25.87890625,-26.3671875,-6.34765625,0.0,0,0
1766589214.12758,1766589214.1037264,9.27734375,-22.94921875,-20.01953125,73.2421875,0.0,0,0
1766589214.173413,1766589214.1077049,-4.39453125,-25.87890625,-23.4375,13.671875,0.0,0,0
1766589214.173444,1766589214.111603,-55.17578125,-26.3671875,-25.87890625,-132.32421875,0.0,0,0
1766589214.173455,1766589214.1155014,-89.35546875,-16.11328125,-23.92578125,-195.3125,0.0,0,0
1766589214.173464,1766589214.1193998,-56.15234375,-15.625,-20.01953125,-58.59375,0.0,0,0
1766589214.1734731,1766589214.1232982,-9.27734375,-23.92578125,-22.4609375,53.7109375,0.0,0,0
1766589214.173482,1766589214.1271966,-9.765625,-24.4140625,-19.53125,40.52734375,0.0,0,0
1766589214.173491,1766589214.131095,-52.734375,-25.390625,-18.06640625,-84.9609375,0.0,0,0
1766589214.1734998,1766589214.134993,-83.0078125,-25.390625,-28.80859375,-177.24609375,0.0,0,0
1766589214.1735082,1766589214.1388915,-58.59375,-32.71484375,-34.66796875,-96.6796875,0.0,0,0
1766589214.173517,1766589214.1427898,-2.9296875,-29.78515625,-19.04296875,34.66796875,0.0,0,0
1766589214.173525,1766589214.1466882,5.37109375,-20.5078125,-13.18359375,19.04296875,0.0,0,0
1766589214.173533,1766589214.1505866,-61.5234375,-20.01953125,-20.01953125,-145.5078125,0.0,0,0
1766589214.232469,1766589214.154625,-104.98046875,-26.85546875,-26.85546875,-226.07421875,0.0,0,0
1766589214.232501,1766589214.1585233,-63.96484375,-26.3671875,-27.83203125,-113.28125,0.0,0,0
1766589214.232511,1766589214.1624217,2.9296875,-19.04296875,-22.4609375,39.55078125,0.0,0,0
1766589214.2325199,1766589214.16632,4.8828125,-20.01953125,-26.85546875,57.12890625,0.0,0,0
1766589214.232528,1766589214.1702182,-59.08203125,-31.73828125,-36.62109375,-102.05078125,0.0,0,0
1766589214.232537,1766589214.1741166,-88.37890625,-28.3203125,-28.3203125,-200.1953125,0.0,0,0
1766589214.232546,1766589214.178015,-55.17578125,-22.94921875,-19.53125,-122.55859375,0.0,0,0
1766589214.232554,1766589214.1819134,-16.6015625,-32.71484375,-27.34375,12.20703125,0.0,0,0
1766589214.232563,1766589214.1858118,-1.953125,-35.15625,-25.87890625,67.3828125,0.0,0,0
1766589214.2325718,1766589214.1897101,-39.0625,-27.34375,-22.4609375,-79.1015625,0.0,0,0
1766589214.2325802,1766589214.1936085,-82.51953125,-22.94921875,-28.80859375,-210.44921875,0.0,0,0
1766589214.232605,1766589214.197507,-74.21875,-29.78515625,-33.203125,-194.3359375,0.0,0,0
1766589214.26232,1766589214.2014694,-18.06640625,-29.78515625,-30.2734375,-43.45703125,0.0,0,0
1766589214.262353,1766589214.2053678,10.25390625,-26.85546875,-29.296875,49.31640625,0.0,0,0
1766589214.262363,1766589214.2092662,-38.0859375,-28.3203125,-34.66796875,-80.56640625,0.0,0,0
1766589214.262372,1766589214.2131646,-80.56640625,-26.3671875,-33.203125,-191.89453125,0.0,0,0
1766589214.262381,1766589214.217063,-64.94140625,-28.80859375,-32.71484375,-152.34375,0.0,0,0
1766589214.262389,1766589214.2209613,5.859375,-25.390625,-25.87890625,24.4140625,0.0,0,0
1766589214.262398,1766589214.2248597,36.62109375,-22.4609375,-20.99609375,118.1640625,0.0,0,0
1766589214.2624068,1766589214.228758,-15.13671875,-38.57421875,-33.203125,2.9296875,0.0,0,0
1766589214.2624152,1766589214.2326565,-58.59375,-39.55078125,-35.15625,-110.83984375,0.0,0,0
1766589214.262452,1766589214.2365549,-67.87109375,-28.80859375,-30.2734375,-105.46875,0.0,0,0
1766589214.2624729,1766589214.2404532,-11.23046875,-31.73828125,-28.80859375,60.05859375,0.0,0,0
1766589214.262484,1766589214.2443516,18.06640625,-35.64453125,-30.76171875,140.625,0.0,0,0
1766589214.307572,1766589214.248307,-21.484375,-32.71484375,-30.2734375,41.9921875,0.0,0,0
1766589214.307606,1766589214.2522054,-66.40625,-36.62109375,-29.78515625,-98.14453125,0.0,0,0
1766589214.307621,1766589214.2561038,-75.68359375,-39.55078125,-30.76171875,-153.3203125,0.0,0,0
1766589214.3076322,1766589214.2600021,-20.99609375,-37.59765625,-33.203125,-26.85546875,0.0,0,0
1766589214.307644,1766589214.2639005,28.3203125,-30.2734375,-26.85546875,107.421875,0.0,0,0
1766589214.307656,1766589214.267799,5.37109375,-22.94921875,-22.94921875,44.43359375,0.0,0,0
1766589214.3076658,1766589214.2716973,-54.6875,-30.2734375,-34.66796875,-128.41796875,0.0,0,0
1766589214.307677,1766589214.2755957,-78.125,-36.62109375,-39.0625,-174.31640625,0.0,0,0
1766589214.307688,1766589214.279494,-41.9921875,-34.1796875,-37.59765625,-49.31640625,0.0,0,0
1766589214.307699,1766589214.2833924,4.8828125,-31.25,-35.64453125,86.42578125,0.0,0,0
1766589214.30782,1766589214.2872908,-1.953125,-24.90234375,-33.203125,62.5,0.0,0,0
1766589214.307851,1766589214.2911892,-51.26953125,-20.99609375,-36.1328125,-94.7265625,0.0,0,0
1766589214.366087,1766589214.2951374,-72.75390625,-20.99609375,-43.9453125,-164.55078125,0.0,0,0
1766589214.366118,1766589214.2990358,-30.76171875,-22.94921875,-39.0625,-30.76171875,0.0,0,0
1766589214.366127,1766589214.3029342,18.5546875,-19.53125,-29.78515625,106.4453125,0.0,0,0
1766589214.366137,1766589214.3068326,10.7421875,-20.99609375,-29.78515625,81.54296875,0.0,0,0
1766589214.366146,1766589214.310731,-52.24609375,-30.76171875,-34.1796875,-61.03515625,0.0,0,0
1766589214.3661911,1766589214.3146293,-82.03125,-28.80859375,-28.80859375,-77.63671875,0.0,0,0
1766589214.3662121,1766589214.3185277,-45.41015625,-24.4140625,-21.97265625,62.5,0.0,0,0
1766589214.366233,1766589214.322426,2.9296875,-25.390625,-28.3203125,178.7109375,0.0,0,0
1766589214.366258,1766589214.3263245,8.30078125,-23.4375,-26.3671875,187.01171875,0.0,0,0
1766589214.366279,1766589214.3302228,-42.96875,-26.3671875,-30.2734375,52.24609375,0.0,0,0
1766589214.366307,1766589214.3341212,-87.40234375,-29.296875,-33.203125,8.7890625,0.0,0,0
1766589214.366318,1766589214.3380196,-67.87109375,-25.390625,-28.80859375,56.15234375,0.0,0,0
1766589214.41252,1766589214.342021,-7.32421875,-30.2734375,-33.203125,159.1796875,0.0,0,0
1766589214.412556,1766589214.3459194,2.9296875,-33.203125,-31.25,241.69921875,0.0,0,0
1766589214.412569,1766589214.3498178,-41.50390625,-20.99609375,-15.13671875,164.0625,0.0,0,0
1766589214.4126542,1766589214.3537161,-72.75390625,-8.7890625,-19.53125,95.21484375,0.0,0,0
1766589214.412668,1766589214.3576145,-57.6171875,-15.13671875,-33.203125,124.51171875,0.0,0,0
1766589214.412682,1766589214.361513,-0.48828125,-17.08984375,-19.04296875,280.2734375,0.0,0,0
1766589214.412694,1766589214.3654113,6.8359375,-18.5546875,-21.484375,311.5234375,0.0,0,0
1766589214.412705,1766589214.3693097,-46.38671875,-27.34375,-31.73828125,117.67578125,0.0,0,0
1766589214.4127162,1766589214.373208,-87.890625,-27.34375,-32.71484375,-28.3203125,0.0,0,0
1766589214.412729,1766589214.3771064,-79.1015625,-23.92578125,-30.2734375,-61.5234375,0.0,0,0
1766589214.4127429,1766589214.3810048,-20.01953125,-19.53125,-28.80859375,32.2265625,0.0,0,0
1766589214.4127538,1766589214.3849032,11.23046875,-15.625,-28.80859375,76.66015625,0.0,0,0
1766589214.457557,1766589214.3888967,-27.83203125,-15.625,-31.73828125,-77.63671875,0.0,0,0
1766589214.45759,1766589214.392795,-73.2421875,-18.5546875,-31.73828125,-202.63671875,0.0,0,0
1766589214.457602,1766589214.3966935,-57.6171875,-16.6015625,-34.1796875,-188.4765625,0.0,0,0
1766589214.457611,1766589214.4005919,2.9296875,-16.11328125,-37.109375,-1.46484375,0.0,0,0
1766589214.45762,1766589214.4044902,15.625,-21.97265625,-26.85546875,92.7734375,0.0,0,0
1766589214.457628,1766589214.4083886,-24.4140625,-17.578125,-22.94921875,-40.0390625,0.0,0,0
1766589214.457637,1766589214.412287,-66.89453125,-21.97265625,-32.71484375,-193.359375,0.0,0,0
1766589214.457645,1766589214.4161854,-78.61328125,-29.296875,-38.0859375,-216.30859375,0.0,0,0
1766589214.457654,1766589214.4200838,-28.3203125,-36.62109375,-38.57421875,-67.3828125,0.0,0,0
1766589214.457669,1766589214.4239824,11.23046875,-39.0625,-31.25,50.78125,0.0,0,0
1766589214.457678,1766589214.4278808,-12.6953125,-33.203125,-34.1796875,-18.06640625,0.0,0,0
1766589214.4576871,1766589214.4317791,-59.08203125,-34.1796875,-41.015625,-141.11328125,0.0,0,0
1766589214.532939,1766589214.435891,-78.125,-36.62109375,-43.9453125,-146.97265625,0.0,0,0
1766589214.532971,1766589214.4397893,-41.9921875,-32.71484375,-40.52734375,-5.859375,0.0,0,0
1766589214.532981,1766589214.4436877,1.953125,-31.25,-33.203125,98.6328125,0.0,0,0
1766589214.53299,1766589214.4475863,-10.25390625,-31.25,-33.69140625,35.15625,0.0,0,0
1766589214.5329978,1766589214.4514847,-62.5,-29.296875,-39.55078125,-120.60546875,0.0,0,0
1766589214.5330071,1766589214.455383,-81.54296875,-27.34375,-38.57421875,-168.9453125,0.0,0,0
1766589214.533016,1766589214.4592814,-31.25,-29.78515625,-31.25,-40.52734375,0.0,0,0
1766589214.533024,1766589214.4631798,13.671875,-28.80859375,-32.71484375,92.28515625,0.0,0,0
1766589214.5330539,1766589214.4670784,10.25390625,-21.97265625,-30.76171875,72.75390625,0.0,0,0
1766589214.533074,1766589214.4709768,-45.41015625,-24.90234375,-41.015625,-116.69921875,0.0,0,0
1766589214.5330849,1766589214.4748752,-84.47265625,-26.3671875,-43.45703125,-193.359375,0.0,0,0
1766589214.533094,1766589214.4787736,-47.8515625,-24.4140625,-36.62109375,-65.91796875,0.0,0,0
1766589214.54736,1766589214.4827592,-0.9765625,-24.90234375,-33.203125,42.96875,0.0,0,0
1766589214.5473769,1766589214.4866576,0.0,-25.87890625,-33.69140625,18.06640625,0.0,0,0
1766589214.547385,1766589214.490556,-36.1328125,-21.484375,-42.48046875,-119.62890625,0.0,0,0
1766589214.547394,1766589214.4944544,-66.40625,-19.04296875,-45.8984375,-198.2421875,0.0,0,0
1766589214.547402,1766589214.4983528,-44.921875,-18.06640625,-36.1328125,-99.12109375,0.0,0,0
1766589214.547411,1766589214.5022514,6.34765625,-11.71875,-28.80859375,43.45703125,0.0,0,0
1766589214.5474188,1766589214.5061498,15.13671875,-12.20703125,-26.85546875,45.8984375,0.0,0,0
1766589214.5474648,1766589214.5100482,-37.59765625,-21.97265625,-38.57421875,-119.140625,0.0,0,0
1766589214.547486,1766589214.5139465,-74.70703125,-27.83203125,-43.45703125,-221.6796875,0.0,0,0
1766589214.547512,1766589214.5178452,-47.8515625,-22.4609375,-30.76171875,-114.74609375,0.0,0,0
1766589214.547521,1766589214.5217435,-2.9296875,-20.01953125,-22.4609375,40.52734375,0.0,0,0
1766589214.547584,1766589214.525642,3.90625,-19.04296875,-21.484375,58.10546875,0.0,0,0
1766589214.592243,1766589214.5296152,-32.71484375,-23.92578125,-29.78515625,-124.0234375,0.0,0,0
1766589214.592274,1766589214.5335138,-65.4296875,-31.25,-35.64453125,-246.58203125,0.0,0,0
1766589214.592284,1766589214.5374122,-50.78125,-23.4375,-30.76171875,-163.0859375,0.0,0,0
1766589214.592293,1766589214.5413105,-3.41796875,-30.76171875,-30.2734375,17.578125,0.0,0,0
1766589214.5923011,1766589214.5452092,14.6484375,-33.203125,-29.296875,69.3359375,0.0,0,0
1766589214.592321,1766589214.5491076,-13.18359375,-22.4609375,-27.34375,-58.10546875,0.0,0,0
1766589214.592342,1766589214.553006,-54.19921875,-21.484375,-36.1328125,-170.41015625,0.0,0,0
1766589214.592352,1766589214.5569043,-65.4296875,-24.4140625,-40.52734375,-167.96875,0.0,0,0
1766589214.592361,1766589214.560803,-25.87890625,-24.90234375,-34.1796875,-0.48828125,0.0,0,0
1766589214.59237,1766589214.5647013,5.859375,-19.53125,-32.2265625,79.1015625,0.0,0,0
1766589214.5923781,1766589214.5685997,-24.90234375,-19.04296875,-40.0390625,-51.26953125,0.0,0,0
1766589214.592387,1766589214.5724983,-71.2890625,-22.94921875,-37.109375,-188.96484375,0.0,0,0
1766589214.637485,1766589214.5764604,-72.75390625,-21.484375,-28.80859375,-198.2421875,0.0,0,0
1766589214.6375198,1766589214.5803587,-28.3203125,-21.484375,-24.4140625,-50.29296875,0.0,0,0
1766589214.63753,1766589214.5842571,6.8359375,-17.08984375,-18.5546875,63.96484375,0.0,0,0
1766589214.6375391,1766589214.5881557,-7.8125,-20.5078125,-28.80859375,-38.0859375,0.0,0,0
1766589214.637548,1766589214.5920541,-55.17578125,-32.2265625,-40.0390625,-210.9375,0.0,0,0
1766589214.637557,1766589214.5959525,-62.01171875,-20.99609375,-28.3203125,-209.47265625,0.0,0,0
1766589214.637565,1766589214.5998511,-23.92578125,-11.23046875,-22.94921875,-7.32421875,0.0,0,0
1766589214.637573,1766589214.6037495,-3.41796875,-29.296875,-39.0625,99.12109375,0.0,0,0
1766589214.63761,1766589214.607648,-8.7890625,-31.25,-41.9921875,55.17578125,0.0,0,0
1766589214.637629,1766589214.6115463,-47.8515625,-25.87890625,-41.9921875,-64.453125,0.0,0,0
1766589214.63764,1766589214.615445,-77.63671875,-30.2734375,-41.9921875,-126.953125,0.0,0,0
1766589214.6376488,1766589214.6193433,-29.78515625,-23.4375,-32.2265625,44.921875,0.0,0,0
1766589214.68292,1766589214.623298,13.671875,-24.4140625,-29.78515625,197.265625,0.0,0,0
1766589214.682951,1766589214.6271963,3.90625,-26.85546875,-31.25,188.96484375,0.0,0,0
1766589214.682961,1766589214.6310947,-42.96875,-22.94921875,-35.64453125,55.6640625,0.0,0,0
1766589214.6829708,1766589214.6349933,-74.21875,-24.4140625,-40.0390625,-30.2734375,0.0,0,0
1766589214.68298,1766589214.6388917,-24.4140625,-25.390625,-33.69140625,74.70703125,0.0,0,0
1766589214.6829891,1766589214.64279,3.41796875,-22.4609375,-22.4609375,182.12890625,0.0,0,0
1766589214.682998,1766589214.6466887,-3.90625,-22.4609375,-21.97265625,136.23046875,0.0,0,0
1766589214.683006,1766589214.650587,-48.828125,-29.78515625,-35.64453125,-57.6171875,0.0,0,0
1766589214.6830149,1766589214.6544855,-79.1015625,-30.2734375,-41.9921875,-144.53125,0.0,0,0
1766589214.683024,1766589214.658384,-37.59765625,-23.92578125,-40.0390625,-40.0390625,0.0,0,0
1766589214.683033,1766589214.6622825,10.7421875,-17.578125,-32.2265625,90.33203125,0.0,0,0
1766589214.683041,1766589214.6661808,18.5546875,-17.08984375,-27.83203125,83.0078125,0.0,0,0
1766589214.7412758,1766589214.6701276,-28.3203125,-23.4375,-35.64453125,-113.76953125,0.0,0,0
1766589214.7413068,1766589214.674026,-59.5703125,-27.34375,-39.0625,-197.265625,0.0,0,0
1766589214.741317,1766589214.6779246,-27.83203125,-23.92578125,-35.15625,-77.1484375,0.0,0,0
1766589214.741326,1766589214.681823,14.16015625,-23.4375,-32.71484375,60.05859375,0.0,0,0
1766589214.7413352,1766589214.6857214,22.4609375,-28.3203125,-30.2734375,90.8203125,0.0,0,0
1766589214.741344,1766589214.68962,-3.41796875,-20.99609375,-17.08984375,-40.0390625,0.0,0,0
1766589214.7413518,1766589214.6935184,-45.41015625,-22.94921875,-32.71484375,-160.15625,0.0,0,0
1766589214.7414331,1766589214.6974168,-47.8515625,-33.203125,-46.38671875,-109.375,0.0,0,0
1766589214.741442,1766589214.7013154,10.7421875,-25.87890625,-32.2265625,41.015625,0.0,0,0
1766589214.74145,1766589214.7052138,33.203125,-25.87890625,-31.73828125,72.265625,0.0,0,0
1766589214.741458,1766589214.7091124,-4.8828125,-25.390625,-27.83203125,-63.96484375,0.0,0,0
1766589214.741466,1766589214.7130108,-31.25,-21.97265625,-29.296875,-177.734375,0.0,0,0
1766589214.831448,1766589214.7169497,-32.71484375,-25.390625,-40.52734375,-156.73828125,0.0,0,0
1766589214.831477,1766589214.7208483,0.9765625,-23.4375,-29.78515625,25.390625,0.0,0,0
1766589214.831486,1766589214.7247467,24.4140625,-20.5078125,-17.08984375,102.5390625,0.0,0,0
1766589214.8314948,1766589214.7286453,-7.8125,-22.4609375,-26.3671875,-54.19921875,0.0,0,0
1766589214.8315032,1766589214.7325437,-50.78125,-23.4375,-28.80859375,-188.96484375,0.0,0,0
1766589214.831512,1766589214.736442,-50.29296875,-20.5078125,-19.53125,-171.875,0.0,0,0
1766589214.831521,1766589214.7403407,0.9765625,-20.01953125,-21.484375,-10.7421875,0.0,0,0
1766589214.831529,1766589214.744239,34.1796875,-21.484375,-16.11328125,101.07421875,0.0,0,0
1766589214.831537,1766589214.7481375,2.9296875,-19.53125,-15.13671875,-2.44140625,0.0,0,0
1766589214.831545,1766589214.752036,-55.6640625,-30.76171875,-32.2265625,-154.296875,0.0,0,0
1766589214.831553,1766589214.7559345,-67.3828125,-38.0859375,-33.203125,-132.8125,0.0,0,0
1766589214.831574,1766589214.759833,-18.5546875,-31.25,-23.92578125,26.3671875,0.0,0,0
1766589214.833688,1766589214.7638352,16.11328125,-33.69140625,-31.73828125,104.00390625,0.0,0,0
1766589214.833708,1766589214.7677336,-7.8125,-34.1796875,-32.2265625,41.9921875,0.0,0,0
1766589214.833718,1766589214.7716322,-59.08203125,-29.296875,-25.87890625,-137.20703125,0.0,0,0
1766589214.833727,1766589214.7755306,-70.3125,-33.203125,-33.203125,-229.98046875,0.0,0,0
1766589214.833736,1766589214.7794292,-31.25,-29.78515625,-26.3671875,-70.3125,0.0,0,0
1766589214.833745,1766589214.7833276,-0.9765625,-17.578125,-21.97265625,51.7578125,0.0,0,0
1766589214.833753,1766589214.787226,-15.13671875,-13.671875,-29.78515625,14.16015625,0.0,0,0
1766589214.833767,1766589214.7911246,-69.82421875,-25.87890625,-40.52734375,-154.296875,0.0,0,0
1766589214.8338099,1766589214.795023,-96.19140625,-33.203125,-49.31640625,-220.21484375,0.0,0,0
1766589214.833827,1766589214.7989216,-57.12890625,-29.296875,-41.50390625,-41.9921875,0.0,0,0
1766589214.833836,1766589214.80282,-19.53125,-24.4140625,-36.1328125,84.47265625,0.0,0,0
1766589214.833845,1766589214.8067186,-20.5078125,-25.390625,-40.52734375,129.39453125,0.0,0,0
1766589214.9076748,1766589214.810825,-49.8046875,-22.94921875,-34.66796875,78.61328125,0.0,0,0
1766589214.9077199,1766589214.8147235,-83.49609375,-25.390625,-35.15625,-25.87890625,0.0,0,0
1766589214.907758,1766589214.818622,-56.640625,-26.85546875,-31.25,27.34375,0.0,0,0
1766589214.9077709,1766589214.8225205,0.48828125,-28.3203125,-25.390625,306.15234375,0.0,0,0
1766589214.9077828,1766589214.826419,3.90625,-30.2734375,-23.4375,520.99609375,0.0,0,0
1766589214.9077928,1766589214.8303175,-52.24609375,-28.80859375,-20.99609375,230.46875,0.0,0,0
1766589214.907839,1766589214.834216,-87.40234375,-29.296875,-26.3671875,-39.55078125,0.0,0,0
1766589214.907856,1766589214.8381145,-56.15234375,-32.71484375,-30.76171875,65.4296875,0.0,0,0
1766589214.907865,1766589214.8420131,-13.671875,-39.55078125,-34.1796875,229.00390625,0.0,0,0
1766589214.9078872,1766589214.8459115,-1.46484375,-33.203125,-30.2734375,208.49609375,0.0,0,0
1766589214.907918,1766589214.8498101,-41.9921875,-28.3203125,-28.80859375,27.83203125,0.0,0,0
1766589214.907927,1766589214.8537087,-70.80078125,-27.83203125,-37.109375,-91.796875,0.0,0,0
1766589214.922257,1766589214.8576899,-51.26953125,-25.87890625,-39.55078125,-86.42578125,0.0,0,0
1766589214.922299,1766589214.8615885,-9.765625,-21.484375,-26.3671875,42.96875,0.0,0,0
1766589214.922316,1766589214.8654869,13.671875,-13.18359375,-20.5078125,88.37890625,0.0,0,0
1766589214.922326,1766589214.8693855,-33.69140625,-14.16015625,-34.66796875,-82.03125,0.0,0,0
1766589214.922336,1766589214.8732839,-71.2890625,-21.97265625,-43.45703125,-212.40234375,0.0,0,0
1766589214.922344,1766589214.8771825,-53.22265625,-17.578125,-35.64453125,-154.296875,0.0,0,0
1766589214.9223528,1766589214.881081,-6.8359375,-10.25390625,-31.73828125,4.8828125,0.0,0,0
1766589214.9223611,1766589214.8849795,11.71875,-9.27734375,-28.80859375,68.84765625,0.0,0,0
1766589214.922369,1766589214.888878,-31.73828125,-14.16015625,-33.203125,-64.453125,0.0,0,0
1766589214.9223769,1766589214.8927765,-74.70703125,-21.97265625,-41.50390625,-214.84375,0.0,0,0
1766589214.922386,1766589214.896675,-75.68359375,-26.85546875,-39.0625,-176.7578125,0.0,0,0
1766589214.922394,1766589214.9005735,-32.71484375,-28.80859375,-29.296875,11.23046875,0.0,0,0
1766589214.9674518,1766589214.9045427,-0.9765625,-27.34375,-26.85546875,92.28515625,0.0,0,0
1766589214.967482,1766589214.9084413,-38.57421875,-32.2265625,-33.203125,-35.15625,0.0,0,0
1766589214.967492,1766589214.91234,-88.37890625,-32.2265625,-33.203125,-138.671875,0.0,0,0
1766589214.967502,1766589214.9162383,-89.35546875,-26.85546875,-36.1328125,-104.4921875,0.0,0,0
1766589214.967511,1766589214.920137,-37.59765625,-24.90234375,-32.2265625,54.19921875,0.0,0,0
1766589214.967519,1766589214.9240353,6.8359375,-22.94921875,-24.90234375,170.41015625,0.0,0,0
1766589214.9675279,1766589214.927934,-41.50390625,-22.94921875,-33.203125,81.54296875,0.0,0,0
1766589214.9675362,1766589214.9318326,-88.8671875,-29.78515625,-40.0390625,-81.0546875,0.0,0,0
1766589214.967545,1766589214.935731,-82.51953125,-32.2265625,-37.109375,-115.234375,0.0,0,0
1766589214.9675531,1766589214.9396296,-42.48046875,-26.85546875,-30.76171875,74.21875,0.0,0,0
1766589214.967561,1766589214.943528,-8.30078125,-28.80859375,-27.83203125,210.44921875,0.0,0,0
1766589214.9675689,1766589214.9474266,-42.96875,-43.45703125,-35.64453125,81.54296875,0.0,0,0
1766589215.0124521,1766589214.9513884,-78.125,-41.015625,-40.0390625,-99.609375,0.0,0,0
1766589215.012485,1766589214.9552867,-92.7734375,-33.69140625,-39.0625,-107.91015625,0.0,0,0
1766589215.0124958,1766589214.9591854,-50.29296875,-30.2734375,-32.71484375,99.12109375,0.0,0,0
1766589215.012505,1766589214.963084,-1.953125,-22.94921875,-24.4140625,215.33203125,0.0,0,0
1766589215.012514,1766589214.9669824,-15.13671875,-29.78515625,-27.83203125,104.98046875,0.0,0,0
1766589215.012522,1766589214.970881,-57.6171875,-32.71484375,-28.3203125,45.8984375,0.0,0,0
1766589215.012531,1766589214.9747796,-74.70703125,-19.53125,-24.4140625,175.78125,0.0,0,0
1766589215.012539,1766589214.978678,-36.62109375,-23.92578125,-28.3203125,377.44140625,0.0,0,0
1766589215.0125482,1766589214.9825766,1.46484375,-23.92578125,-20.01953125,488.28125,0.0,0,0
1766589215.012556,1766589214.986475,-21.484375,-22.94921875,-17.578125,260.7421875,0.0,0,0
1766589215.012564,1766589214.9903736,-70.3125,-33.69140625,-24.90234375,-88.37890625,0.0,0,0
1766589215.0125718,1766589214.9942722,-93.75,-39.0625,-33.69140625,-235.83984375,0.0,0,0
1766589215.0575402,1766589214.9982266,-70.3125,-38.0859375,-40.0390625,-177.24609375,0.0,0,0
1766589215.0576031,1766589215.002125,-35.15625,-32.2265625,-33.203125,-38.57421875,0.0,0,0
1766589215.057614,1766589215.0060236,-13.671875,-30.2734375,-27.34375,-24.90234375,0.0,0,0
1766589215.057622,1766589215.0099223,-41.50390625,-40.0390625,-34.66796875,-196.2890625,0.0,0,0
1766589215.057631,1766589215.0138206,-95.703125,-45.8984375,-37.109375,-281.25,0.0,0,0
1766589215.057639,1766589215.0177193,-76.66015625,-28.3203125,-23.92578125,-170.41015625,0.0,0,0
1766589215.0576482,1766589215.021618,-41.9921875,-33.69140625,-27.83203125,-34.66796875,0.0,0,0
1766589215.057656,1766589215.0255163,-32.2265625,-45.41015625,-30.76171875,-16.6015625,0.0,0,0
1766589215.057664,1766589215.029415,-62.98828125,-34.1796875,-34.1796875,-183.59375,0.0,0,0
1766589215.057672,1766589215.0333135,-101.07421875,-34.66796875,-37.109375,-309.5703125,0.0,0,0
1766589215.0576808,1766589215.037212,-81.0546875,-40.0390625,-23.92578125,-208.984375,0.0,0,0
1766589215.0577621,1766589215.0411105,-31.25,-35.64453125,-16.11328125,-4.39453125,0.0,0,0
1766589215.132471,1766589215.0451784,-33.69140625,-32.2265625,-15.625,37.59765625,0.0,0,0
1766589215.132503,1766589215.0490768,-81.54296875,-27.34375,-16.6015625,-111.81640625,0.0,0,0
1766589215.132514,1766589215.0529754,-118.1640625,-25.390625,-24.4140625,-239.74609375,0.0,0,0
1766589215.132523,1766589215.056874,-132.32421875,-34.1796875,-32.2265625,-218.75,0.0,0,0
1766589215.132533,1766589215.0607727,-94.23828125,-33.69140625,-24.90234375,-28.3203125,0.0,0,0
1766589215.132541,1766589215.064671,-63.4765625,-18.5546875,-10.7421875,75.1953125,0.0,0,0
1766589215.13255,1766589215.0685697,-94.7265625,-20.5078125,-18.5546875,-48.33984375,0.0,0,0
1766589215.132559,1766589215.0724683,-128.41796875,-36.62109375,-34.66796875,-188.4765625,0.0,0,0
1766589215.132567,1766589215.076367,-112.79296875,-44.43359375,-48.828125,-185.05859375,0.0,0,0
1766589215.132576,1766589215.0802653,-60.05859375,-37.109375,-43.45703125,2.9296875,0.0,0,0
1766589215.132585,1766589215.084164,-23.4375,-29.296875,-24.4140625,132.32421875,0.0,0,0
1766589215.13261,1766589215.0880625,-57.6171875,-38.0859375,-34.1796875,11.23046875,0.0,0,0
1766589215.1614,1766589215.092005,-112.3046875,-37.59765625,-40.52734375,-141.11328125,0.0,0,0
1766589215.161419,1766589215.0959036,-116.69921875,-39.0625,-37.59765625,-173.33984375,0.0,0,0
1766589215.161429,1766589215.0998023,-72.265625,-39.55078125,-38.57421875,-9.27734375,0.0,0,0
1766589215.161438,1766589215.1037009,-32.2265625,-26.85546875,-28.80859375,107.421875,0.0,0,0
1766589215.1614468,1766589215.1075993,-59.5703125,-30.2734375,-32.2265625,33.69140625,0.0,0,0
1766589215.1614552,1766589215.1114979,-113.28125,-35.15625,-36.62109375,-109.86328125,0.0,0,0
1766589215.161463,1766589215.1153965,-139.6484375,-36.62109375,-40.52734375,-149.90234375,0.0,0,0
1766589215.16151,1766589215.1192951,-106.4453125,-35.15625,-37.109375,-10.25390625,0.0,0,0
1766589215.1615202,1766589215.1231935,-72.265625,-36.1328125,-24.4140625,98.6328125,0.0,0,0
1766589215.161529,1766589215.1270921,-97.16796875,-39.55078125,-29.78515625,34.66796875,0.0,0,0
1766589215.161537,1766589215.1309907,-131.34765625,-37.109375,-28.80859375,-106.93359375,0.0,0,0
1766589215.161545,1766589215.1348894,-156.25,-40.52734375,-29.78515625,-141.11328125,0.0,0,0
1766589215.2075279,1766589215.1388812,-134.27734375,-41.015625,-27.83203125,1.46484375,0.0,0,0
1766589215.2075572,1766589215.1427798,-82.51953125,-40.52734375,-19.53125,125.9765625,0.0,0,0
1766589215.207568,1766589215.1466784,-80.56640625,-40.0390625,-24.4140625,98.14453125,0.0,0,0
1766589215.2075782,1766589215.150577,-133.7890625,-42.48046875,-34.66796875,-78.125,0.0,0,0
1766589215.207586,1766589215.1544755,-157.71484375,-47.36328125,-36.1328125,-175.78125,0.0,0,0
1766589215.207595,1766589215.158374,-120.1171875,-36.62109375,-32.71484375,-49.31640625,0.0,0,0
1766589215.207603,1766589215.1622727,-67.87109375,-27.34375,-31.25,116.2109375,0.0,0,0
1766589215.2076118,1766589215.1661713,-58.10546875,-28.3203125,-28.80859375,107.91015625,0.0,0,0
1766589215.2076201,1766589215.17007,-116.69921875,-34.66796875,-35.15625,-85.9375,0.0,0,0
1766589215.207628,1766589215.1739683,-156.25,-44.43359375,-41.50390625,-178.7109375,0.0,0,0
1766589215.20769,1766589215.177867,-132.8125,-35.15625,-31.73828125,-57.6171875,0.0,0,0
1766589215.2077088,1766589215.1817656,-88.8671875,-26.85546875,-30.2734375,105.46875,0.0,0,0
1766589215.252782,1766589215.18575,-98.14453125,-29.78515625,-31.25,116.2109375,0.0,0,0
1766589215.252892,1766589215.1896486,-154.296875,-31.25,-36.1328125,-53.22265625,0.0,0,0
1766589215.252969,1766589215.1935472,-182.12890625,-28.3203125,-40.0390625,-163.0859375,0.0,0,0
1766589215.25299,1766589215.1974459,-168.45703125,-26.3671875,-40.0390625,-119.140625,0.0,0,0
1766589215.253,1766589215.2013445,-133.7890625,-33.69140625,-39.55078125,24.4140625,0.0,0,0
1766589215.253037,1766589215.2052429,-104.00390625,-29.78515625,-27.34375,83.49609375,0.0,0,0
1766589215.2530491,1766589215.2091415,-123.53515625,-17.578125,-26.85546875,-27.34375,0.0,0,0
1766589215.253067,1766589215.21304,-168.9453125,-22.4609375,-34.66796875,-92.28515625,0.0,0,0
1766589215.253076,1766589215.2169387,-177.24609375,-32.2265625,-32.2265625,-65.91796875,0.0,0,0
1766589215.253085,1766589215.2208374,-123.046875,-29.296875,-24.4140625,94.7265625,0.0,0,0
1766589215.253112,1766589215.224736,-94.7265625,-24.4140625,-23.92578125,180.17578125,0.0,0,0
1766589215.253122,1766589215.2286346,-144.53125,-27.34375,-30.2734375,50.29296875,0.0,0,0
1766589215.297523,1766589215.2326114,-179.19921875,-31.25,-39.0625,-61.5234375,0.0,0,0
1766589215.297555,1766589215.23651,-187.5,-33.69140625,-44.43359375,-31.73828125,0.0,0,0
1766589215.297565,1766589215.2404087,-163.0859375,-35.15625,-42.96875,115.72265625,0.0,0,0
1766589215.2975738,1766589215.244307,-141.6015625,-26.85546875,-36.1328125,202.1484375,0.0,0,0
1766589215.297583,1766589215.2482057,-175.78125,-29.78515625,-38.57421875,112.79296875,0.0,0,0
1766589215.297591,1766589215.2521043,-241.2109375,-34.66796875,-43.45703125,-41.50390625,0.0,0,0
1766589215.2976,1766589215.256003,-266.11328125,-23.92578125,-42.96875,-103.02734375,0.0,0,0
1766589215.297608,1766589215.2599015,-214.35546875,-22.94921875,-41.50390625,46.38671875,0.0,0,0
1766589215.2976158,1766589215.2638001,-183.59375,-30.76171875,-37.59765625,106.4453125,0.0,0,0
1766589215.297625,1766589215.2676988,-211.42578125,-26.3671875,-28.3203125,-18.5546875,0.0,0,0
1766589215.297633,1766589215.2715974,-259.27734375,-14.6484375,-22.4609375,-127.44140625,0.0,0,0
1766589215.297641,1766589215.2754958,-291.50390625,-10.7421875,-20.01953125,-178.7109375,0.0,0,0
1766589215.342314,1766589215.2794652,-255.37109375,-16.11328125,-27.83203125,-49.8046875,0.0,0,0
1766589215.342345,1766589215.2833638,-224.12109375,-13.671875,-21.484375,65.4296875,0.0,0,0
1766589215.342355,1766589215.2872624,-258.30078125,-12.20703125,-20.5078125,-41.9921875,0.0,0,0
1766589215.3423638,1766589215.291161,-311.5234375,-8.7890625,-29.296875,-250.48828125,0.0,0,0
1766589215.3423722,1766589215.2950597,-327.63671875,3.41796875,-20.5078125,-270.5078125,0.0,0,0
1766589215.342381,1766589215.298958,-289.55078125,12.6953125,-15.13671875,-97.16796875,0.0,0,0
1766589215.342389,1766589215.3028567,-271.484375,9.765625,-17.08984375,-28.80859375,0.0,0,0
1766589215.342398,1766589215.3067553,-314.94140625,2.9296875,-12.6953125,-92.7734375,0.0,0,0
1766589215.3424058,1766589215.310654,-379.39453125,5.859375,-13.671875,-235.83984375,0.0,0,0
1766589215.342415,1766589215.3145525,-406.25,12.20703125,-5.37109375,-350.09765625,0.0,0,0
1766589215.342423,1766589215.3184512,-401.3671875,23.4375,6.8359375,-313.96484375,0.0,0,0
1766589215.342431,1766589215.3223498,-389.16015625,29.296875,11.23046875,-207.51953125,0.0,0,0
1766589215.38751,1766589215.3263113,-360.3515625,23.4375,14.16015625,-173.33984375,0.0,0,0
1766589215.387543,1766589215.33021,-388.18359375,23.92578125,11.23046875,-312.01171875,0.0,0,0
1766589215.387553,1766589215.3341086,-441.89453125,27.34375,10.25390625,-405.2734375,0.0,0,0
1766589215.387562,1766589215.3380072,-404.296875,18.06640625,9.765625,-301.26953125,0.0,0,0
1766589215.3875709,1766589215.3419058,-343.26171875,16.6015625,19.53125,-137.6953125,0.0,0,0
1766589215.38758,1766589215.3458045,-314.94140625,31.25,23.4375,-90.33203125,0.0,0,0
1766589215.387588,1766589215.349703,-360.83984375,22.4609375,8.30078125,-256.8359375,0.0,0,0
1766589215.387597,1766589215.3536015,-411.1328125,7.8125,-2.44140625,-344.7265625,0.0,0,0
1766589215.387606,1766589215.3575,-355.46875,9.765625,0.9765625,-241.2109375,0.0,0,0
1766589215.387614,1766589215.3613987,-280.76171875,9.765625,13.18359375,-64.453125,0.0,0,0
1766589215.3876219,1766589215.3652973,-263.671875,8.7890625,15.625,5.859375,0.0,0,0
1766589215.38763,1766589215.369196,-290.52734375,-2.9296875,-2.44140625,-173.828125,0.0,0,0
1766589215.4324968,1766589215.3731503,-309.5703125,-17.08984375,-9.765625,-270.01953125,0.0,0,0
1766589215.432538,1766589215.377049,-279.78515625,-21.484375,-12.20703125,-180.6640625,0.0,0,0
1766589215.432553,1766589215.3809476,-208.984375,-28.3203125,-12.20703125,8.30078125,0.0,0,0
1766589215.432838,1766589215.3848462,-191.89453125,-37.59765625,-13.18359375,78.125,0.0,0,0
1766589215.432848,1766589215.3887448,-221.19140625,-49.31640625,-29.78515625,-76.171875,0.0,0,0
1766589215.432857,1766589215.3926435,-226.07421875,-48.33984375,-33.203125,-156.73828125,0.0,0,0
1766589215.432866,1766589215.396542,-199.21875,-55.17578125,-39.55078125,-124.51171875,0.0,0,0
1766589215.432874,1766589215.4004407,-135.25390625,-59.5703125,-38.57421875,76.66015625,0.0,0,0
1766589215.4328818,1766589215.4043393,-89.35546875,-56.640625,-30.2734375,188.96484375,0.0,0,0
1766589215.432891,1766589215.408238,-107.91015625,-61.03515625,-48.33984375,26.85546875,0.0,0,0
1766589215.432899,1766589215.4121366,-139.16015625,-55.17578125,-49.31640625,-97.65625,0.0,0,0
1766589215.432907,1766589215.4160352,-125.0,-59.08203125,-52.24609375,-75.1953125,0.0,0,0
1766589215.490911,1766589215.419982,-50.78125,-56.640625,-49.31640625,112.3046875,0.0,0,0
1766589215.4909399,1766589215.4238806,-26.85546875,-56.15234375,-39.0625,212.40234375,0.0,0,0
1766589215.4909499,1766589215.4277792,-63.96484375,-63.96484375,-55.17578125,97.16796875,0.0,0,0
1766589215.490958,1766589215.4316778,-105.46875,-66.40625,-62.01171875,-79.1015625,0.0,0,0
1766589215.490967,1766589215.4355764,-111.328125,-62.01171875,-60.05859375,-134.27734375,0.0,0,0
1766589215.490976,1766589215.439475,-63.96484375,-49.31640625,-47.36328125,48.33984375,0.0,0,0
1766589215.490984,1766589215.4433737,-37.59765625,-57.12890625,-43.9453125,174.31640625,0.0,0,0
1766589215.4909928,1766589215.4472723,-48.33984375,-66.40625,-54.6875,55.6640625,0.0,0,0
1766589215.491016,1766589215.451171,-97.65625,-63.4765625,-57.6171875,-127.9296875,0.0,0,0
1766589215.491026,1766589215.4550695,-100.09765625,-64.94140625,-60.05859375,-162.59765625,0.0,0,0
1766589215.491035,1766589215.4589682,-98.14453125,-52.734375,-51.26953125,36.62109375,0.0,0,0
1766589215.4910479,1766589215.4628668,-64.453125,-47.36328125,-43.9453125,163.0859375,0.0,0,0
1766589215.536572,1766589215.4668057,-14.6484375,-52.24609375,-44.921875,107.421875,0.0,0,0
1766589215.536605,1766589215.4707043,-80.078125,-48.33984375,-49.8046875,-44.921875,0.0,0,0
1766589215.5366158,1766589215.474603,-112.79296875,-48.33984375,-48.33984375,-75.1953125,0.0,0,0
1766589215.536625,1766589215.4785016,-50.29296875,-43.9453125,-39.0625,107.421875,0.0,0,0
1766589215.5366342,1766589215.4824002,-5.37109375,-42.96875,-37.59765625,215.8203125,0.0,0,0
1766589215.536642,1766589215.4862988,-20.5078125,-41.50390625,-35.64453125,178.22265625,0.0,0,0
1766589215.536651,1766589215.4901974,-57.6171875,-43.9453125,-51.7578125,33.69140625,0.0,0,0
1766589215.536659,1766589215.494096,-94.23828125,-44.43359375,-50.29296875,-15.625,0.0,0,0
1766589215.5366678,1766589215.4979947,-75.1953125,-41.015625,-40.52734375,87.40234375,0.0,0,0
1766589215.5366888,1766589215.5018933,-34.1796875,-41.9921875,-43.45703125,189.94140625,0.0,0,0
1766589215.536711,1766589215.505792,-45.41015625,-41.015625,-48.33984375,155.76171875,0.0,0,0
1766589215.536721,1766589215.5096905,-97.65625,-41.9921875,-56.640625,-43.9453125,0.0,0,0
1766589215.5826209,1766589215.5136824,-115.72265625,-40.52734375,-55.17578125,-117.1875,0.0,0,0
1766589215.582655,1766589215.517581,-73.2421875,-32.2265625,-44.921875,29.296875,0.0,0,0
1766589215.582665,1766589215.5214798,-5.859375,-20.99609375,-35.15625,231.93359375,0.0,0,0
1766589215.582674,1766589215.5253785,-8.30078125,-24.4140625,-32.2265625,295.41015625,0.0,0,0
1766589215.582727,1766589215.529277,-55.6640625,-29.78515625,-40.52734375,103.02734375,0.0,0,0
1766589215.582738,1766589215.5331757,-96.19140625,-25.87890625,-41.50390625,6.34765625,0.0,0,0
1766589215.582747,1766589215.5370743,-75.1953125,-26.85546875,-41.015625,120.60546875,0.0,0,0
1766589215.582756,1766589215.540973,-12.6953125,-38.0859375,-43.9453125,272.94921875,0.0,0,0
1766589215.582765,1766589215.5448716,4.39453125,-39.0625,-32.2265625,299.31640625,0.0,0,0
1766589215.582774,1766589215.5487702,-64.94140625,-39.55078125,-36.1328125,112.3046875,0.0,0,0
1766589215.582783,1766589215.5526688,-134.27734375,-41.50390625,-41.015625,25.390625,0.0,0,0
1766589215.582792,1766589215.5565674,-115.234375,-40.0390625,-37.59765625,121.58203125,0.0,0,0
1766589215.6274822,1766589215.5605514,-56.15234375,-33.203125,-36.1328125,414.55078125,0.0,0,0
1766589215.6275141,1766589215.56445,-65.91796875,-37.59765625,-40.0390625,461.9140625,0.0,0,0
1766589215.6275241,1766589215.568349,-123.53515625,-38.0859375,-47.8515625,203.125,0.0,0,0
1766589215.627533,1766589215.5722475,-130.859375,-38.0859375,-41.50390625,-9.27734375,0.0,0,0
1766589215.627542,1766589215.5761461,-100.5859375,-35.64453125,-29.296875,-40.52734375,0.0,0,0
1766589215.62755,1766589215.5800447,-41.50390625,-18.06640625,-15.625,159.66796875,0.0,0,0
1766589215.627558,1766589215.5839434,-40.0390625,-21.484375,-18.5546875,208.49609375,0.0,0,0
1766589215.627567,1766589215.587842,-100.5859375,-30.76171875,-37.59765625,-5.37109375,0.0,0,0
1766589215.6275752,1766589215.5917406,-138.671875,-35.64453125,-42.48046875,-187.98828125,0.0,0,0
1766589215.627584,1766589215.5956392,-131.34765625,-37.59765625,-41.9921875,-207.51953125,0.0,0,0
1766589215.6275918,1766589215.5995378,-68.359375,-20.99609375,-36.62109375,11.23046875,0.0,0,0
1766589215.6276631,1766589215.6034365,-64.94140625,-9.27734375,-36.1328125,36.62109375,0.0,0,0
1766589215.672541,1766589215.6074135,-108.3984375,-18.5546875,-40.52734375,-56.15234375,0.0,0,0
1766589215.6725812,1766589215.6113122,-105.95703125,-26.85546875,-40.0390625,-125.48828125,0.0,0,0
1766589215.672595,1766589215.6152108,-130.859375,-26.85546875,-48.33984375,-306.15234375,0.0,0,0
1766589215.672628,1766589215.6191094,-138.18359375,-24.4140625,-38.57421875,-208.49609375,0.0,0,0
1766589215.6726542,1766589215.6230083,-119.62890625,-11.71875,-32.71484375,-126.953125,0.0,0,0
1766589215.6726668,1766589215.6269069,-123.046875,-5.859375,-33.203125,-162.59765625,0.0,0,0
1766589215.672679,1766589215.6308055,-176.7578125,-10.25390625,-28.80859375,-312.5,0.0,0,0
1766589215.672704,1766589215.634704,-230.95703125,-23.4375,-39.55078125,-409.66796875,0.0,0,0
1766589215.672719,1766589215.6386027,-202.1484375,-32.71484375,-51.26953125,-275.390625,0.0,0,0
1766589215.6727302,1766589215.6425014,-125.0,-25.390625,-35.15625,-132.32421875,0.0,0,0
1766589215.6727412,1766589215.6464,-163.57421875,6.34765625,-23.4375,-157.71484375,0.0,0,0
1766589215.6727512,1766589215.6502986,-261.23046875,0.9765625,-36.1328125,-375.48828125,0.0,0,0
1766589215.732933,1766589215.6543276,-224.609375,-27.83203125,-38.0859375,-413.57421875,0.0,0,0
1766589215.7329621,1766589215.6582263,-202.63671875,-12.6953125,-30.76171875,-184.5703125,0.0,0,0
1766589215.73297,1766589215.662125,-176.7578125,-19.04296875,-23.92578125,20.01953125,0.0,0,0
1766589215.732979,1766589215.6660237,-152.34375,-14.6484375,-21.484375,34.1796875,0.0,0,0
1766589215.732987,1766589215.6699224,-175.78125,16.11328125,-30.2734375,-194.82421875,0.0,0,0
1766589215.733025,1766589215.673821,-236.81640625,20.99609375,-27.83203125,-275.87890625,0.0,0,0
1766589215.733053,1766589215.6777196,-287.59765625,19.53125,-37.109375,-81.54296875,0.0,0,0
1766589215.733073,1766589215.6816185,-241.69921875,12.6953125,-40.0390625,60.546875,0.0,0,0
1766589215.733084,1766589215.685517,-213.37890625,6.34765625,-31.73828125,23.4375,0.0,0,0
1766589215.733093,1766589215.6894157,-294.921875,13.18359375,-49.8046875,-66.40625,0.0,0,0
1766589215.7331011,1766589215.6933143,-323.73046875,36.62109375,-31.73828125,-123.53515625,0.0,0,0
1766589215.733109,1766589215.697213,-392.08984375,32.2265625,-25.87890625,-58.10546875,0.0,0,0
1766589215.762315,1766589215.7011788,-319.82421875,30.2734375,-40.0390625,166.015625,0.0,0,0
1766589215.762332,1766589215.7050776,-231.4453125,40.0390625,-31.73828125,167.48046875,0.0,0,0
1766589215.762341,1766589215.7089763,-365.72265625,35.15625,-30.76171875,-62.5,0.0,0,0
1766589215.7623491,1766589215.712875,-414.0625,38.0859375,-33.69140625,-122.55859375,0.0,0,0
1766589215.762357,1766589215.7167735,-385.25390625,41.50390625,-36.62109375,-16.6015625,0.0,0,0
1766589215.7623749,1766589215.7206724,-336.9140625,42.48046875,-38.57421875,179.6875,0.0,0,0
1766589215.762461,1766589215.724571,-348.14453125,45.41015625,-23.4375,224.609375,0.0,0,0
1766589215.762471,1766589215.7284696,-462.890625,62.01171875,-38.57421875,0.0,0.0,0,0
1766589215.762479,1766589215.7323682,-571.77734375,40.0390625,-66.89453125,-196.2890625,0.0,0,0
1766589215.762487,1766589215.736267,-523.4375,33.203125,-41.9921875,-122.0703125,0.0,0,0
1766589215.762495,1766589215.7401657,-423.828125,62.01171875,-54.19921875,100.5859375,0.0,0,0
1766589215.762503,1766589215.7440643,-430.17578125,24.4140625,-59.08203125,201.171875,0.0,0,0
1766589215.807424,1766589215.7480183,-417.96875,32.2265625,-45.41015625,54.6875,0.0,0,0
1766589215.807455,1766589215.751917,-503.41796875,38.57421875,-32.71484375,-150.87890625,0.0,0,0
1766589215.807466,1766589215.7558157,-531.25,17.08984375,-30.76171875,-73.2421875,0.0,0,0
1766589215.8074749,1766589215.7597144,-438.96484375,43.9453125,-40.52734375,158.69140625,0.0,0,0
1766589215.807484,1766589215.763613,-500.0,39.55078125,-44.921875,209.47265625,0.0,0,0
1766589215.807492,1766589215.7675116,-657.2265625,21.484375,-34.66796875,-1.46484375,0.0,0,0
1766589215.807513,1766589215.7714105,-577.63671875,38.57421875,-24.90234375,-186.03515625,0.0,0,0
1766589215.807523,1766589215.775309,-458.49609375,24.4140625,-48.33984375,-130.859375,0.0,0,0
1766589215.8075662,1766589215.7792077,-439.453125,20.99609375,-44.43359375,28.3203125,0.0,0,0
1766589215.807585,1766589215.7831063,-438.4765625,28.3203125,-43.45703125,106.93359375,0.0,0,0
1766589215.807613,1766589215.7870052,-486.81640625,51.26953125,-42.48046875,136.71875,0.0,0,0
1766589215.807625,1766589215.7909038,-520.99609375,29.78515625,-22.4609375,-120.60546875,0.0,0,0
1766589215.8660119,1766589215.794851,-438.96484375,-1.953125,-17.08984375,-160.15625,0.0,0,0
1766589215.866046,1766589215.79875,-430.6640625,20.01953125,-22.94921875,14.6484375,0.0,0,0
1766589215.866056,1766589215.8026485,-443.359375,40.52734375,-39.55078125,98.14453125,0.0,0,0
1766589215.866066,1766589215.8065472,-365.234375,51.26953125,-30.2734375,134.27734375,0.0,0,0
1766589215.866074,1766589215.8104458,-434.5703125,37.59765625,6.34765625,-138.671875,0.0,0,0
1766589215.8660831,1766589215.8143446,-343.75,-12.20703125,-44.921875,-142.578125,0.0,0,0
1766589215.866091,1766589215.8182433,-256.8359375,53.22265625,-68.84765625,90.8203125,0.0,0,0
1766589215.8661,1766589215.822142,-305.6640625,72.75390625,-24.90234375,83.49609375,0.0,0,0
1766589215.866108,1766589215.8260407,-217.28515625,-8.7890625,-4.39453125,101.5625,0.0,0,0
1766589215.866116,1766589215.8299394,-165.0390625,36.62109375,-59.5703125,-32.2265625,0.0,0,0
1766589215.866124,1766589215.833838,-293.9453125,76.66015625,-32.2265625,-244.62890625,0.0,0,0
1766589215.866132,1766589215.8377366,-229.98046875,22.94921875,30.76171875,-21.97265625,0.0,0,0
1766589215.912419,1766589215.8417354,-265.13671875,88.8671875,-104.4921875,180.6640625,0.0,0,0
1766589215.912454,1766589215.845634,-327.1484375,99.609375,-90.33203125,177.24609375,0.0,0,0
1766589215.9124649,1766589215.8495328,-118.1640625,-40.52734375,-9.765625,68.84765625,0.0,0,0
1766589215.9124968,1766589215.8534315,-176.26953125,0.0,-24.90234375,-193.84765625,0.0,0,0
1766589215.912509,1766589215.85733,-145.5078125,-8.30078125,-26.3671875,23.4375,0.0,0,0
1766589215.912554,1766589215.861229,-54.19921875,32.71484375,-61.03515625,276.3671875,0.0,0,0
1766589215.912576,1766589215.8651276,-51.26953125,53.7109375,-29.78515625,124.51171875,0.0,0,0
1766589215.912586,1766589215.8690262,-79.58984375,20.01953125,-93.26171875,-67.87109375,0.0,0,0
1766589215.912595,1766589215.872925,-128.41796875,26.3671875,-109.86328125,-100.5859375,0.0,0,0
1766589215.9126039,1766589215.8768237,-192.3828125,33.203125,-28.3203125,-63.96484375,0.0,0,0
1766589215.9126122,1766589215.8807223,-151.85546875,-11.71875,-17.08984375,189.94140625,0.0,0,0
1766589215.912632,1766589215.8846211,-52.734375,-6.34765625,-53.22265625,483.3984375,0.0,0,0
1766589215.957512,1766589215.8886118,-105.46875,19.53125,-84.47265625,412.59765625,0.0,0,0
1766589215.957539,1766589215.8925104,-59.08203125,-6.8359375,-62.01171875,230.46875,0.0,0,0
1766589215.9575481,1766589215.896409,-105.46875,8.7890625,-60.05859375,348.6328125,0.0,0,0
1766589215.957556,1766589215.900308,-83.0078125,37.59765625,-71.2890625,679.6875,0.0,0,0
1766589215.9575639,1766589215.9042065,57.6171875,4.39453125,-55.6640625,700.68359375,0.0,0,0
1766589215.9575732,1766589215.9081051,24.4140625,-33.203125,-43.9453125,204.58984375,0.0,0,0
1766589215.957581,1766589215.912004,-63.4765625,-28.3203125,-72.75390625,-142.578125,0.0,0,0
1766589215.95759,1766589215.9159026,-25.87890625,-18.5546875,-59.5703125,141.11328125,0.0,0,0
1766589215.9576352,1766589215.9198015,-91.30859375,-53.7109375,-63.96484375,385.7421875,0.0,0,0
1766589215.957655,1766589215.9237,0.48828125,-56.15234375,-81.0546875,441.89453125,0.0,0,0
1766589215.957665,1766589215.9275987,10.25390625,-30.76171875,-74.70703125,257.32421875,0.0,0,0
1766589215.957674,1766589215.9314976,-71.77734375,-44.921875,-68.84765625,92.7734375,0.0,0,0
1766589216.032568,1766589215.9356043,-47.36328125,20.01953125,-50.78125,5.37109375,0.0,0,0
1766589216.032599,1766589215.9395032,-22.4609375,1.46484375,-58.59375,148.92578125,0.0,0,0
1766589216.032609,1766589215.9434018,75.1953125,-49.31640625,-31.73828125,340.8203125,0.0,0,0
1766589216.032618,1766589215.9473007,-1.46484375,-31.73828125,-24.90234375,144.53125,0.0,0,0
1766589216.032626,1766589215.9511993,-33.69140625,-37.59765625,-65.4296875,6.34765625,0.0,0,0
1766589216.032635,1766589215.9550982,-83.984375,-59.08203125,-41.50390625,-26.3671875,0.0,0,0
1766589216.032643,1766589215.9589968,-63.96484375,-43.9453125,-45.41015625,199.21875,0.0,0,0
1766589216.0326521,1766589215.9628954,42.96875,21.484375,-108.88671875,424.8046875,0.0,0,0
1766589216.03266,1766589215.9667943,25.87890625,-24.4140625,-72.75390625,178.22265625,0.0,0,0
1766589216.0326679,1766589215.9706929,-62.01171875,-65.91796875,-39.0625,-105.95703125,0.0,0,0
1766589216.0326772,1766589215.9745917,-99.12109375,-62.01171875,-37.59765625,-29.296875,0.0,0,0
1766589216.032685,1766589215.9784904,38.0859375,-11.71875,-64.94140625,88.37890625,0.0,0,0
1766589216.0473979,1766589215.9824717,33.69140625,-17.08984375,-36.62109375,67.87109375,0.0,0,0
1766589216.047433,1766589215.9863706,-60.546875,-34.66796875,-6.8359375,105.95703125,0.0,0,0
1766589216.0474439,1766589215.9902692,-57.12890625,-61.03515625,-36.1328125,-108.88671875,0.0,0,0
1766589216.047453,1766589215.994168,-9.765625,-62.98828125,-73.73046875,-230.46875,0.0,0,0
1766589216.047462,1766589215.9980667,-89.35546875,-3.90625,-71.77734375,7.32421875,0.0,0,0
1766589216.047471,1766589216.0019655,-11.23046875,-15.625,-14.16015625,309.5703125,0.0,0,0
1766589216.047481,1766589216.0058641,25.390625,3.41796875,-34.1796875,157.2265625,0.0,0,0
1766589216.047489,1766589216.009763,-48.33984375,-19.04296875,-75.68359375,-132.32421875,0.0,0,0
1766589216.047498,1766589216.0136616,16.11328125,-64.453125,-37.109375,-123.53515625,0.0,0,0
1766589216.047507,1766589216.0175602,-49.31640625,-43.9453125,-30.2734375,-77.63671875,0.0,0,0
1766589216.0475159,1766589216.021459,-20.99609375,-4.8828125,-1.953125,168.9453125,0.0,0,0
1766589216.047539,1766589216.0253577,35.64453125,-28.80859375,11.71875,141.11328125,0.0,0,0
1766589216.0925,1766589216.0293262,-17.08984375,-37.109375,-40.52734375,-69.82421875,0.0,0,0
1766589216.092532,1766589216.033225,-135.25390625,-42.96875,-52.734375,-199.21875,0.0,0,0
1766589216.092542,1766589216.0371237,-24.4140625,-71.2890625,-56.15234375,12.20703125,0.0,0,0
1766589216.092551,1766589216.0410225,72.75390625,0.0,-24.4140625,293.45703125,0.0,0,0
1766589216.0925598,1766589216.0449212,2.9296875,-18.06640625,-15.625,226.07421875,0.0,0,0
1766589216.0925682,1766589216.04882,-12.20703125,-31.73828125,-32.2265625,-26.3671875,0.0,0,0
1766589216.092577,1766589216.0527186,-6.8359375,-16.11328125,-15.625,-116.2109375,0.0,0,0
1766589216.0925848,1766589216.0566175,4.39453125,-24.4140625,-43.45703125,-76.66015625,0.0,0,0
1766589216.092594,1766589216.060516,-36.1328125,-25.87890625,-59.5703125,75.68359375,0.0,0,0
1766589216.092602,1766589216.064415,35.15625,-49.31640625,-41.015625,232.91015625,0.0,0,0
1766589216.0927072,1766589216.0683136,125.9765625,-61.03515625,-4.39453125,39.55078125,0.0,0,0
1766589216.092716,1766589216.0722125,38.57421875,-58.59375,-5.37109375,-219.23828125,0.0,0,0
1766589216.137614,1766589216.076173,-11.23046875,1.953125,-68.359375,-47.8515625,0.0,0,0
1766589216.137645,1766589216.0800717,11.71875,-5.37109375,-30.2734375,217.7734375,0.0,0,0
1766589216.137655,1766589216.0839705,58.59375,-30.2734375,3.90625,239.74609375,0.0,0,0
1766589216.137664,1766589216.0878692,59.08203125,-34.66796875,-37.59765625,123.046875,0.0,0,0
1766589216.137673,1766589216.091768,56.15234375,-79.1015625,-46.38671875,4.8828125,0.0,0,0
1766589216.137682,1766589216.095667,27.34375,-1.46484375,-48.828125,60.05859375,0.0,0,0
1766589216.1376908,1766589216.0995655,-148.92578125,1.46484375,-62.01171875,99.609375,0.0,0,0
1766589216.137735,1766589216.1034644,-0.9765625,-77.1484375,-19.04296875,278.80859375,0.0,0,0
1766589216.137755,1766589216.107363,226.5625,-64.94140625,-23.92578125,364.2578125,0.0,0,0
1766589216.1377652,1766589216.1112618,-31.73828125,-4.8828125,-48.33984375,135.7421875,0.0,0,0
1766589216.137774,1766589216.1151605,-150.87890625,-42.48046875,9.27734375,222.16796875,0.0,0,0
1766589216.137795,1766589216.1190593,37.59765625,-78.125,-13.671875,578.125,0.0,0,0
1766589216.182566,1766589216.1230128,77.1484375,23.92578125,-60.546875,704.1015625,0.0,0,0
1766589216.182602,1766589216.1269116,-32.71484375,4.8828125,0.9765625,546.875,0.0,0,0
1766589216.182644,1766589216.1308105,2.9296875,-65.91796875,-16.11328125,326.66015625,0.0,0,0
1766589216.182683,1766589216.1347091,-30.2734375,-50.29296875,-43.45703125,216.30859375,0.0,0,0
1766589216.18273,1766589216.138608,-32.71484375,-22.94921875,2.44140625,341.796875,0.0,0,0
1766589216.18274,1766589216.1425066,54.6875,-44.43359375,23.92578125,479.00390625,0.0,0,0
1766589216.18275,1766589216.1464055,58.10546875,-35.15625,-37.59765625,354.00390625,0.0,0,0
1766589216.1827898,1766589216.150304,24.4140625,-43.45703125,-38.57421875,203.61328125,0.0,0,0
1766589216.182801,1766589216.154203,-63.4765625,-61.5234375,-38.0859375,62.01171875,0.0,0,0
1766589216.182864,1766589216.1581018,-110.3515625,-19.53125,-32.2265625,96.6796875,0.0,0,0
1766589216.182925,1766589216.1620004,60.546875,-39.55078125,-15.13671875,382.8125,0.0,0,0
1766589216.182952,1766589216.1658993,129.8828125,-41.015625,-30.2734375,362.3046875,0.0,0,0
1766589216.241319,1766589216.1698463,0.0,-40.52734375,-41.50390625,143.5546875,0.0,0,0
1766589216.2413461,1766589216.173745,-175.78125,-65.91796875,-2.44140625,-112.3046875,0.0,0,0
1766589216.241355,1766589216.1776438,-39.55078125,-57.12890625,-34.1796875,55.17578125,0.0,0,0
1766589216.2413929,1766589216.1815424,121.58203125,-42.48046875,-54.6875,379.8828125,0.0,0,0
1766589216.2414122,1766589216.1854413,55.17578125,-33.69140625,-23.4375,261.71875,0.0,0,0
1766589216.241421,1766589216.18934,-15.625,-3.41796875,-55.17578125,6.34765625,0.0,0,0
1766589216.241461,1766589216.1932387,-31.25,-44.43359375,-20.5078125,-98.14453125,0.0,0,0
1766589216.241471,1766589216.1971376,-21.484375,-58.10546875,-20.99609375,32.71484375,0.0,0,0
1766589216.2414908,1766589216.2010362,17.08984375,-53.22265625,-39.0625,178.22265625,0.0,0,0
1766589216.2415009,1766589216.204935,98.6328125,-90.33203125,-1.46484375,174.8046875,0.0,0,0
1766589216.24151,1766589216.208834,32.2265625,-50.78125,-22.4609375,-2.9296875,0.0,0,0
1766589216.241529,1766589216.2127326,-47.8515625,-22.94921875,-55.6640625,-16.11328125,0.0,0,0
1766589216.287573,1766589216.21673,-125.48828125,-20.99609375,-41.9921875,35.15625,0.0,0,0
1766589216.287603,1766589216.220629,10.7421875,-57.12890625,-25.390625,237.79296875,0.0,0,0
1766589216.287613,1766589216.2245278,127.44140625,-53.22265625,-23.92578125,321.2890625,0.0,0,0
1766589216.287622,1766589216.2284265,-8.30078125,-26.3671875,-12.20703125,84.47265625,0.0,0,0
1766589216.287631,1766589216.2323253,-45.41015625,-49.8046875,-39.0625,23.92578125,0.0,0,0
1766589216.28764,1766589216.2362242,-7.32421875,-3.41796875,-56.15234375,-3.90625,0.0,0,0
1766589216.287649,1766589216.2401228,62.5,-61.03515625,-24.90234375,204.1015625,0.0,0,0
1766589216.287658,1766589216.2440217,-19.53125,-51.26953125,-8.30078125,269.04296875,0.0,0,0
1766589216.2876658,1766589216.2479205,-58.59375,-7.32421875,-40.0390625,126.953125,0.0,0,0
1766589216.2876759,1766589216.2518191,1.953125,-65.91796875,-34.66796875,76.171875,0.0,0,0
1766589216.2876852,1766589216.255718,10.25390625,-41.9921875,-36.62109375,120.1171875,0.0,0,0
1766589216.287693,1766589216.2596169,35.64453125,-40.0390625,-11.23046875,382.32421875,0.0,0,0
1766589216.332492,1766589216.263607,102.5390625,-52.24609375,-14.6484375,521.484375,0.0,0,0
1766589216.3325188,1766589216.2675056,36.1328125,-55.17578125,0.0,272.4609375,0.0,0,0
1766589216.332528,1766589216.2714045,-76.66015625,-26.85546875,-25.390625,48.828125,0.0,0,0
1766589216.3325372,1766589216.2753034,-10.7421875,-48.828125,-66.40625,121.09375,0.0,0,0
1766589216.332545,1766589216.2792022,70.80078125,-47.36328125,-13.671875,338.8671875,0.0,0,0
1766589216.332553,1766589216.2831008,74.70703125,-37.59765625,-9.765625,381.8359375,0.0,0,0
1766589216.332562,1766589216.2869997,8.7890625,-75.1953125,-36.1328125,200.68359375,0.0,0,0
1766589216.33257,1766589216.2908986,-12.20703125,-59.5703125,-19.53125,66.89453125,0.0,0,0
1766589216.332578,1766589216.2947972,-18.06640625,-68.359375,-18.5546875,34.66796875,0.0,0,0
1766589216.332587,1766589216.298696,11.71875,-67.3828125,-38.57421875,197.75390625,0.0,0,0
1766589216.3325949,1766589216.302595,95.703125,-45.8984375,-35.15625,364.2578125,0.0,0,0
1766589216.332603,1766589216.3064935,18.5546875,-37.59765625,-26.85546875,210.44921875,0.0,0,0
1766589216.37741,1766589216.310476,-57.12890625,-49.31640625,-50.29296875,-169.43359375,0.0,0,0
1766589216.377434,1766589216.314375,3.41796875,-58.10546875,-60.546875,-233.3984375,0.0,0,0
1766589216.377443,1766589216.3182738,23.92578125,-41.9921875,-21.97265625,-13.671875,0.0,0,0
1766589216.3774521,1766589216.3221724,16.6015625,-49.8046875,-5.859375,9.765625,0.0,0,0
1766589216.37746,1766589216.3260713,21.484375,-39.0625,-23.4375,-35.64453125,0.0,0,0
1766589216.3774688,1766589216.3299701,18.06640625,-32.71484375,-39.0625,-157.71484375,0.0,0,0
1766589216.377517,1766589216.333869,-94.7265625,-32.2265625,-0.9765625,-387.20703125,0.0,0,0
1766589216.377558,1766589216.3377676,-137.6953125,-53.22265625,-0.48828125,-307.12890625,0.0,0,0
1766589216.377594,1766589216.3416665,-25.390625,-77.1484375,-30.76171875,-19.04296875,0.0,0,0
1766589216.3776278,1766589216.3455653,-16.11328125,-41.9921875,-18.06640625,18.06640625,0.0,0,0
1766589216.3776379,1766589216.3494642,-98.6328125,-20.5078125,-30.2734375,-333.984375,0.0,0,0
1766589216.377651,1766589216.3533628,-100.5859375,-81.54296875,-39.0625,-418.45703125,0.0,0,0
1766589216.4224918,1766589216.3573382,-37.109375,-53.7109375,-22.4609375,-161.62109375,0.0,0,0
1766589216.4225202,1766589216.361237,-50.78125,-45.8984375,6.34765625,-71.77734375,0.0,0,0
1766589216.422529,1766589216.365136,7.8125,-83.0078125,1.953125,-39.55078125,0.0,0,0
1766589216.422539,1766589216.3690348,56.15234375,-36.62109375,-65.91796875,-148.4375,0.0,0,0
1766589216.4225888,1766589216.3729334,-92.28515625,2.44140625,-34.1796875,-376.46484375,0.0,0,0
1766589216.4226,1766589216.3768322,-134.27734375,-24.90234375,-6.34765625,-306.640625,0.0,0,0
1766589216.4226089,1766589216.380731,55.17578125,-64.453125,-29.78515625,50.78125,0.0,0,0
1766589216.4226182,1766589216.38463,64.94140625,-25.87890625,-29.78515625,227.05078125,0.0,0,0
1766589216.422626,1766589216.3885286,-17.08984375,-18.06640625,-29.296875,115.72265625,0.0,0,0
1766589216.422635,1766589216.3924274,-97.16796875,-21.97265625,-41.50390625,-98.6328125,0.0,0,0
1766589216.422643,1766589216.3963263,-74.70703125,-19.53125,-24.4140625,37.109375,0.0,0,0
1766589216.4226508,1766589216.4002252,0.48828125,-51.26953125,1.46484375,206.54296875,0.0,0,0
1766589216.467393,1766589216.4041932,32.2265625,-26.85546875,-29.296875,327.1484375,0.0,0,0
1766589216.467423,1766589216.408092,19.04296875,-28.3203125,-34.66796875,230.46875,0.0,0,0
1766589216.467433,1766589216.4119906,-141.6015625,-37.109375,-18.06640625,-17.578125,0.0,0,0
1766589216.467506,1766589216.4158895,-157.2265625,-46.38671875,-20.99609375,21.97265625,0.0,0,0
1766589216.467516,1766589216.4197884,-7.32421875,-53.22265625,-39.55078125,357.91015625,0.0,0,0
1766589216.467525,1766589216.4236872,42.48046875,-18.5546875,-31.25,433.59375,0.0,0,0
1766589216.467534,1766589216.4275858,-40.0390625,-44.921875,-42.48046875,197.265625,0.0,0,0
1766589216.467542,1766589216.4314847,-108.88671875,-78.61328125,-35.15625,63.96484375,0.0,0,0
1766589216.46755,1766589216.4353836,-104.00390625,-58.59375,-18.06640625,32.71484375,0.0,0,0
1766589216.4675589,1766589216.4392824,20.99609375,-39.0625,-25.87890625,250.0,0.0,0,0
1766589216.4675672,1766589216.4431813,1.46484375,-18.5546875,-28.80859375,317.87109375,0.0,0,0
1766589216.467575,1766589216.44708,-39.55078125,-23.4375,-25.390625,180.6640625,0.0,0,0
1766589216.512506,1766589216.451041,-14.16015625,-37.59765625,-35.15625,-3.90625,0.0,0,0
1766589216.512543,1766589216.4549398,-91.796875,-39.55078125,-51.7578125,-11.23046875,0.0,0,0
1766589216.512636,1766589216.4588387,-42.48046875,-34.1796875,-22.94921875,237.79296875,0.0,0,0
1766589216.512647,1766589216.4627376,60.05859375,-17.578125,-12.6953125,381.34765625,0.0,0,0
1766589216.512656,1766589216.4666364,4.8828125,-28.3203125,1.953125,202.1484375,0.0,0,0
1766589216.512665,1766589216.470535,-90.33203125,-51.7578125,-24.90234375,8.30078125,0.0,0,0
1766589216.5127199,1766589216.474434,-64.94140625,-47.8515625,-59.08203125,50.78125,0.0,0,0
1766589216.5127401,1766589216.4783328,-29.296875,-20.99609375,-59.08203125,139.16015625,0.0,0,0
1766589216.512751,1766589216.4822316,2.9296875,-33.203125,-30.76171875,204.58984375,0.0,0,0
1766589216.5127602,1766589216.4861305,31.25,-45.8984375,-1.953125,202.63671875,0.0,0,0
1766589216.512769,1766589216.490029,-67.87109375,-38.0859375,-57.6171875,-70.3125,0.0,0,0
1766589216.512848,1766589216.493928,-60.546875,-31.25,-65.91796875,-84.47265625,0.0,0,0
1766589216.557608,1766589216.4978817,49.8046875,-29.296875,-38.0859375,95.703125,0.0,0,0
1766589216.557642,1766589216.5017803,25.87890625,-21.484375,0.48828125,-10.25390625,0.0,0,0
1766589216.557652,1766589216.5056791,-54.19921875,-22.4609375,-12.6953125,-217.28515625,0.0,0,0
1766589216.5576751,1766589216.509578,-69.3359375,-29.78515625,-15.625,-367.1875,0.0,0,0
1766589216.5576918,1766589216.5134768,-45.41015625,-1.46484375,-42.96875,-351.07421875,0.0,0,0
1766589216.557703,1766589216.5173757,-28.3203125,-18.06640625,-60.05859375,-119.62890625,0.0,0,0
1766589216.5577312,1766589216.5212746,0.9765625,-41.015625,-14.6484375,19.04296875,0.0,0,0
1766589216.557742,1766589216.5251734,-14.6484375,-14.16015625,-50.78125,-145.5078125,0.0,0,0
1766589216.557751,1766589216.529072,-77.1484375,-11.71875,-74.21875,-359.375,0.0,0,0
1766589216.557766,1766589216.532971,-38.57421875,-56.640625,-15.13671875,-330.078125,0.0,0,0
1766589216.5577831,1766589216.5368698,31.25,-30.76171875,-12.6953125,-195.3125,0.0,0,0
1766589216.557792,1766589216.5407686,51.7578125,-30.76171875,-31.73828125,-86.9140625,0.0,0,0
1766589216.632417,1766589216.544831,50.29296875,-18.06640625,-50.78125,-38.57421875,0.0,0,0
1766589216.632444,1766589216.54873,-2.44140625,-30.76171875,-30.2734375,-223.14453125,0.0,0,0
1766589216.6324549,1766589216.5526288,-70.80078125,-16.11328125,-53.7109375,-359.375,0.0,0,0
1766589216.6324632,1766589216.5565276,-58.59375,-23.92578125,-58.59375,-223.6328125,0.0,0,0
1766589216.632472,1766589216.5604265,36.62109375,-53.7109375,-25.390625,103.515625,0.0,0,0
1766589216.63248,1766589216.5643253,56.640625,-29.296875,-5.37109375,196.2890625,0.0,0,0
1766589216.632546,1766589216.5682242,-24.90234375,-27.83203125,-13.18359375,-82.51953125,0.0,0,0
1766589216.6325681,1766589216.572123,-118.1640625,-38.0859375,-2.9296875,-298.828125,0.0,0,0
1766589216.632579,1766589216.576022,-105.95703125,-47.36328125,-32.2265625,-303.22265625,0.0,0,0
1766589216.6325881,1766589216.5799208,44.921875,-71.2890625,-27.83203125,15.13671875,0.0,0,0
1766589216.632597,1766589216.5838194,49.8046875,-17.578125,-22.4609375,73.2421875,0.0,0,0
1766589216.632606,1766589216.5877182,-56.640625,15.13671875,-46.38671875,-151.3671875,0.0,0,0
1766589216.661545,1766589216.5916605,-32.71484375,-51.26953125,-42.96875,-292.48046875,0.0,0,0
1766589216.661572,1766589216.5955594,-23.4375,-59.5703125,-52.734375,-253.41796875,0.0,0,0
1766589216.661582,1766589216.5994582,-13.671875,-10.7421875,-31.73828125,-6.34765625,0.0,0,0
1766589216.66159,1766589216.603357,-15.13671875,-12.20703125,-10.7421875,-37.109375,0.0,0,0
1766589216.661599,1766589216.6072557,21.97265625,-66.89453125,-23.4375,-78.61328125,0.0,0,0
1766589216.661608,1766589216.6111546,-95.703125,-17.08984375,-4.39453125,-221.6796875,0.0,0,0
1766589216.661616,1766589216.6150534,-180.6640625,-35.15625,9.27734375,-350.5859375,0.0,0,0
1766589216.661624,1766589216.6189523,-37.59765625,-74.21875,-44.921875,-66.40625,0.0,0,0
1766589216.661633,1766589216.6228511,46.875,-34.66796875,-38.0859375,125.48828125,0.0,0,0
1766589216.661649,1766589216.62675,17.08984375,-36.1328125,-34.1796875,100.5859375,0.0,0,0
1766589216.6616802,1766589216.6306489,-105.95703125,-7.32421875,-49.31640625,-122.0703125,0.0,0,0
1766589216.6617,1766589216.6345477,-95.703125,-17.08984375,-46.875,-216.30859375,0.0,0,0
1766589216.707817,1766589216.6385374,-1.46484375,-70.3125,-6.34765625,24.90234375,0.0,0,0
1766589216.707856,1766589216.6424363,-6.34765625,-13.671875,-13.671875,187.01171875,0.0,0,0
1766589216.7078662,1766589216.6463351,-10.7421875,-13.18359375,-39.0625,142.08984375,0.0,0,0
1766589216.707875,1766589216.650234,-80.56640625,-47.36328125,-20.5078125,-74.70703125,0.0,0,0
1766589216.707884,1766589216.6541328,-181.640625,0.9765625,-40.52734375,-149.4140625,0.0,0,0
1766589216.707906,1766589216.6580317,-94.23828125,-17.08984375,-31.25,63.4765625,0.0,0,0
1766589216.707936,1766589216.6619306,53.22265625,-51.26953125,-42.96875,251.46484375,0.0,0,0
1766589216.707958,1766589216.6658294,41.9921875,-36.62109375,-31.73828125,236.328125,0.0,0,0
1766589216.7079701,1766589216.6697283,-85.44921875,-27.34375,-33.69140625,-90.8203125,0.0,0,0
1766589216.708073,1766589216.6736271,-113.76953125,-10.7421875,-53.7109375,-115.234375,0.0,0,0
1766589216.708085,1766589216.677526,-7.32421875,-18.06640625,-35.15625,166.9921875,0.0,0,0
1766589216.708094,1766589216.6814249,-8.7890625,-33.69140625,-19.53125,183.59375,0.0,0,0
1766589216.752403,1766589216.6854072,-0.48828125,-23.92578125,7.8125,127.9296875,0.0,0,0
1766589216.752434,1766589216.689306,-10.7421875,-34.66796875,-18.06640625,-7.32421875,0.0,0,0
1766589216.7524438,1766589216.6932049,-50.29296875,-33.69140625,-27.83203125,-96.19140625,0.0,0,0
1766589216.752455,1766589216.6971037,-43.9453125,-21.97265625,-36.1328125,9.27734375,0.0,0,0
1766589216.7524638,1766589216.7010026,-9.27734375,-43.9453125,-31.25,129.8828125,0.0,0,0
1766589216.752513,1766589216.7049015,44.921875,-28.80859375,-16.6015625,115.72265625,0.0,0,0
1766589216.7525241,1766589216.7088003,-10.7421875,-22.4609375,-37.109375,-91.30859375,0.0,0,0
1766589216.752533,1766589216.7126994,-87.40234375,-32.71484375,-27.83203125,-226.5625,0.0,0,0
1766589216.752543,1766589216.7165983,-42.96875,-43.45703125,-53.22265625,-122.0703125,0.0,0,0
1766589216.7525508,1766589216.7204971,41.50390625,-56.15234375,-57.12890625,125.48828125,0.0,0,0
1766589216.7526,1766589216.724396,1.46484375,-12.20703125,4.8828125,159.66796875,0.0,0,0
1766589216.7526112,1766589216.7282948,-56.15234375,-1.46484375,14.16015625,-27.34375,0.0,0,0
1766589216.797463,1766589216.7322698,-77.1484375,-24.90234375,-5.37109375,-130.37109375,0.0,0,0
1766589216.797493,1766589216.7361686,-62.5,3.90625,-39.55078125,-94.23828125,0.0,0,0
1766589216.797503,1766589216.7400675,-9.27734375,-13.671875,-35.64453125,99.12109375,0.0,0,0
1766589216.7975109,1766589216.7439663,36.1328125,-27.34375,12.20703125,119.62890625,0.0,0,0
1766589216.79752,1766589216.7478654,1.953125,-15.13671875,-0.9765625,-57.6171875,0.0,0,0
1766589216.797528,1766589216.7517643,-95.21484375,-17.08984375,-3.41796875,-189.453125,0.0,0,0
1766589216.797537,1766589216.7556632,-87.40234375,9.765625,-8.7890625,-132.32421875,0.0,0,0
1766589216.797787,1766589216.759562,-21.484375,-1.953125,-12.6953125,53.22265625,0.0,0,0
1766589216.7977972,1766589216.7634609,-57.6171875,4.39453125,31.25,69.3359375,0.0,0,0
1766589216.797806,1766589216.7673597,-124.51171875,15.13671875,4.39453125,-89.84375,0.0,0,0
1766589216.7978141,1766589216.7712586,-102.5390625,17.08984375,-29.78515625,-183.10546875,0.0,0,0
1766589216.797822,1766589216.7751575,-127.9296875,41.9921875,-28.3203125,-151.3671875,0.0,0,0
1766589216.8424408,1766589216.779125,-145.01953125,38.0859375,0.0,15.13671875,0.0,0,0
1766589216.8424718,1766589216.7830238,-156.73828125,56.640625,26.3671875,41.50390625,0.0,0,0
1766589216.842483,1766589216.7869227,-182.12890625,59.08203125,-11.23046875,1.953125,0.0,0,0
1766589216.8424919,1766589216.7908216,-171.38671875,58.59375,-17.578125,-81.0546875,0.0,0,0
1766589216.8425012,1766589216.7947204,-177.734375,89.84375,-8.30078125,-184.5703125,0.0,0,0
1766589216.84251,1766589216.7986193,-155.76171875,81.0546875,11.23046875,-28.80859375,0.0,0,0
1766589216.842518,1766589216.8025181,-91.796875,50.29296875,8.30078125,124.0234375,0.0,0,0
1766589216.842527,1766589216.8064172,-115.234375,75.1953125,-30.2734375,-11.71875,0.0,0,0
1766589216.842535,1766589216.810316,-207.51953125,78.125,-30.2734375,-210.9375,0.0,0,0
1766589216.842589,1766589216.814215,-183.10546875,41.9921875,8.7890625,-277.34375,0.0,0,0
1766589216.842609,1766589216.8181138,-125.0,56.640625,-14.6484375,-176.26953125,0.0,0,0
1766589216.842626,1766589216.8220127,-95.703125,45.41015625,-38.57421875,-100.09765625,0.0,0,0
1766589216.887468,1766589216.8259733,-90.8203125,37.109375,-31.73828125,-210.9375,0.0,0,0
1766589216.887496,1766589216.8298721,-109.86328125,43.9453125,-52.734375,-364.2578125,0.0,0,0
1766589216.8875048,1766589216.833771,-92.7734375,47.8515625,-52.734375,-395.5078125,0.0,0,0
1766589216.887514,1766589216.83767,-83.984375,41.9921875,-38.57421875,-264.6484375,0.0,0,0
1766589216.887522,1766589216.841569,-54.6875,10.7421875,-15.13671875,-162.59765625,0.0,0,0
1766589216.887531,1766589216.8454678,-48.828125,12.20703125,-27.34375,-211.9140625,0.0,0,0
1766589216.887539,1766589216.8493667,-62.98828125,18.06640625,-59.5703125,-367.67578125,0.0,0,0
1766589216.8875468,1766589216.8532655,-83.984375,-6.34765625,-59.5703125,-479.4921875,0.0,0,0
1766589216.887556,1766589216.8571644,-58.10546875,-17.08984375,-50.78125,-338.8671875,0.0,0,0
1766589216.887564,1766589216.8610632,17.08984375,-8.7890625,-37.59765625,-144.53125,0.0,0,0
1766589216.887572,1766589216.864962,21.97265625,-10.7421875,-31.73828125,-164.55078125,0.0,0,0
1766589216.8875809,1766589216.8688612,-17.08984375,-27.34375,-55.6640625,-313.4765625,0.0,0,0
1766589216.9324071,1766589216.87282,-58.59375,-31.25,-63.96484375,-375.0,0.0,0,0
1766589216.9324381,1766589216.8767188,-26.3671875,-33.69140625,-46.38671875,-263.671875,0.0,0,0
1766589216.932448,1766589216.8806176,40.0390625,-45.8984375,-37.59765625,-122.0703125,0.0,0,0
1766589216.932457,1766589216.8845167,63.96484375,-47.36328125,-39.0625,-109.86328125,0.0,0,0
1766589216.932466,1766589216.8884156,34.66796875,-50.29296875,-47.8515625,-281.73828125,0.0,0,0
1766589216.9324749,1766589216.8923144,-8.30078125,-47.36328125,-56.640625,-433.59375,0.0,0,0
1766589216.932483,1766589216.8962133,-0.9765625,-58.10546875,-59.08203125,-346.19140625,0.0,0,0
1766589216.932492,1766589216.9001122,52.24609375,-73.2421875,-56.15234375,-90.33203125,0.0,0,0
1766589216.9325,1766589216.904011,90.33203125,-70.80078125,-57.6171875,0.0,0.0,0,0
1766589216.932508,1766589216.9079099,53.7109375,-71.2890625,-57.12890625,-167.48046875,0.0,0,0
1766589216.932516,1766589216.911809,0.9765625,-76.171875,-62.5,-326.171875,0.0,0,0
1766589216.932524,1766589216.9157078,19.53125,-79.58984375,-73.73046875,-327.1484375,0.0,0,0
1766589216.991035,1766589216.919654,94.7265625,-84.47265625,-61.5234375,-174.8046875,0.0,0,0
1766589216.991081,1766589216.9235528,141.11328125,-86.9140625,-53.22265625,-83.0078125,0.0,0,0
1766589216.991091,1766589216.9274516,114.74609375,-87.40234375,-60.05859375,-216.796875,0.0,0,0
1766589216.9910998,1766589216.9313505,81.0546875,-84.9609375,-61.03515625,-363.28125,0.0,0,0
1766589216.9911091,1766589216.9352493,96.6796875,-81.54296875,-56.15234375,-360.3515625,0.0,0,0
1766589216.9911182,1766589216.9391482,169.921875,-79.58984375,-41.9921875,-153.80859375,0.0,0,0
1766589216.991127,1766589216.9430473,210.9375,-84.9609375,-32.2265625,-20.5078125,0.0,0,0
1766589216.991135,1766589216.9469461,174.8046875,-85.9375,-44.43359375,-167.48046875,0.0,0,0
1766589216.991143,1766589216.950845,122.55859375,-86.9140625,-57.6171875,-359.86328125,0.0,0,0
1766589216.991152,1766589216.9547439,102.05078125,-92.28515625,-54.19921875,-376.46484375,0.0,0,0
1766589216.9911602,1766589216.9586427,162.59765625,-79.58984375,-27.34375,-161.1328125,0.0,0,0
1766589216.991169,1766589216.9625416,213.8671875,-67.87109375,-22.4609375,-33.203125,0.0,0,0
1766589217.037605,1766589216.96648,191.40625,-68.359375,-32.2265625,-95.21484375,0.0,0,0
1766589217.037639,1766589216.9703789,138.18359375,-69.3359375,-32.2265625,-235.83984375,0.0,0,0
1766589217.0376499,1766589216.974278,123.53515625,-70.80078125,-28.80859375,-294.921875,0.0,0,0
1766589217.0376582,1766589216.9781768,172.8515625,-69.3359375,-27.34375,-138.18359375,0.0,0,0
1766589217.037667,1766589216.9820757,211.42578125,-70.3125,-28.3203125,-30.2734375,0.0,0,0
1766589217.037676,1766589216.9859746,197.75390625,-75.68359375,-21.97265625,-60.546875,0.0,0,0
1766589217.037685,1766589216.9898734,155.2734375,-84.9609375,-27.34375,-166.9921875,0.0,0,0
1766589217.037694,1766589216.9937723,141.6015625,-81.54296875,-35.15625,-218.26171875,0.0,0,0
1766589217.0377018,1766589216.9976714,181.640625,-73.73046875,-28.80859375,-71.77734375,0.0,0,0
1766589217.0377102,1766589217.0015702,236.81640625,-75.68359375,-21.484375,128.41796875,0.0,0,0
1766589217.037718,1766589217.005469,233.3984375,-68.84765625,-20.5078125,151.85546875,0.0,0,0
1766589217.0377269,1766589217.009368,169.921875,-61.03515625,-19.04296875,35.15625,0.0,0,0
1766589217.082447,1766589217.0133574,125.48828125,-63.96484375,-23.92578125,-48.33984375,0.0,0,0
1766589217.082478,1766589217.0172563,152.34375,-62.01171875,-18.06640625,56.640625,0.0,0,0
1766589217.082489,1766589217.0211554,201.66015625,-50.29296875,-6.34765625,298.33984375,0.0,0,0
1766589217.082498,1766589217.0250542,210.44921875,-45.41015625,-2.44140625,343.26171875,0.0,0,0
1766589217.082507,1766589217.028953,135.25390625,-46.875,-6.34765625,144.53125,0.0,0,0
1766589217.082516,1766589217.032852,74.21875,-40.0390625,-1.46484375,-35.64453125,0.0,0,0
1766589217.08254,1766589217.036751,93.75,-38.0859375,0.0,-35.64453125,0.0,0,0
1766589217.08256,1766589217.04065,161.62109375,-33.203125,0.0,131.8359375,0.0,0,0
1766589217.082571,1766589217.0445487,167.48046875,-41.015625,-3.90625,146.484375,0.0,0,0
1766589217.082579,1766589217.0484476,93.26171875,-58.10546875,-14.16015625,-33.203125,0.0,0,0
1766589217.082588,1766589217.0523465,48.33984375,-50.78125,-6.34765625,-77.1484375,0.0,0,0
1766589217.082597,1766589217.0562456,58.10546875,-39.0625,0.0,55.6640625,0.0,0,0
1766589217.1275342,1766589217.0602276,110.3515625,-35.64453125,4.8828125,233.3984375,0.0,0,0
1766589217.127562,1766589217.0641265,120.1171875,-42.48046875,2.44140625,222.65625,0.0,0,0
1766589217.1275709,1766589217.0680254,62.98828125,-41.015625,-14.6484375,23.4375,0.0,0,0
1766589217.12758,1766589217.0719244,9.27734375,-37.109375,-26.85546875,-125.9765625,0.0,0,0
1766589217.1275892,1766589217.0758233,2.44140625,-41.015625,-26.85546875,-91.30859375,0.0,0,0
1766589217.127598,1766589217.0797222,47.8515625,-35.64453125,-16.6015625,78.125,0.0,0,0
1766589217.127606,1766589217.083621,67.87109375,-33.203125,-14.16015625,186.03515625,0.0,0,0
1766589217.127614,1766589217.0875201,4.39453125,-41.015625,-22.94921875,80.56640625,0.0,0,0
1766589217.1276228,1766589217.091419,-65.91796875,-52.24609375,-27.83203125,-98.14453125,0.0,0,0
1766589217.1276312,1766589217.0953178,-62.98828125,-47.36328125,-24.4140625,-170.41015625,0.0,0,0
1766589217.12764,1766589217.099217,11.23046875,-38.0859375,-20.01953125,-61.03515625,0.0,0,0
1766589217.127709,1766589217.1031158,37.109375,-39.0625,-6.34765625,54.19921875,0.0,0,0
1766589217.172411,1766589217.1070902,-18.5546875,-42.96875,-4.8828125,20.5078125,0.0,0,0
1766589217.172432,1766589217.110989,-74.21875,-43.9453125,-21.484375,-65.91796875,0.0,0,0
1766589217.1724439,1766589217.1148882,-75.68359375,-37.109375,-24.90234375,-71.2890625,0.0,0,0
1766589217.1724548,1766589217.118787,-19.04296875,-35.15625,-12.20703125,104.4921875,0.0,0,0
1766589217.1724648,1766589217.122686,12.20703125,-37.59765625,-8.7890625,187.01171875,0.0,0,0
1766589217.172514,1766589217.1265848,-7.32421875,-40.52734375,-6.34765625,130.859375,0.0,0,0
1766589217.172534,1766589217.1304839,-57.12890625,-39.0625,-10.7421875,114.2578125,0.0,0,0
1766589217.172545,1766589217.1343827,-83.49609375,-48.33984375,-26.3671875,113.76953125,0.0,0,0
1766589217.172554,1766589217.1382816,-26.3671875,-58.59375,-21.484375,270.5078125,0.0,0,0
1766589217.1725628,1766589217.1421807,31.25,-44.921875,-5.859375,394.04296875,0.0,0,0
1766589217.1725912,1766589217.1460795,12.20703125,-40.52734375,-11.23046875,228.515625,0.0,0,0
1766589217.1726022,1766589217.1499784,-57.12890625,-50.78125,-23.4375,-10.25390625,0.0,0,0
1766589217.246042,1766589217.1540034,-88.37890625,-55.17578125,-32.2265625,-83.984375,0.0,0,0
1766589217.2460759,1766589217.1579022,-37.109375,-54.19921875,-23.4375,83.984375,0.0,0,0
1766589217.246086,1766589217.1618013,13.18359375,-49.31640625,-15.625,244.140625,0.0,0,0
1766589217.246096,1766589217.1657002,8.30078125,-45.41015625,-17.08984375,244.62890625,0.0,0,0
1766589217.2461162,1766589217.169599,-49.31640625,-45.8984375,-19.04296875,82.03125,0.0,0,0
1766589217.2461262,1766589217.1734982,-88.37890625,-46.38671875,-18.06640625,-71.77734375,0.0,0,0
1766589217.2461429,1766589217.177397,-56.15234375,-41.015625,-17.08984375,-49.8046875,0.0,0,0
1766589217.246152,1766589217.1812959,-11.23046875,-50.78125,-20.99609375,37.109375,0.0,0,0
1766589217.246177,1766589217.185195,-8.7890625,-54.19921875,-20.5078125,95.703125,0.0,0,0
1766589217.246191,1766589217.1890938,-69.3359375,-43.45703125,-26.85546875,-52.734375,0.0,0,0
1766589217.2462,1766589217.1929927,-108.3984375,-42.48046875,-37.109375,-184.5703125,0.0,0,0
1766589217.246208,1766589217.1968918,-69.3359375,-40.52734375,-29.296875,-86.42578125,0.0,0,0
1766589217.262538,1766589217.2008562,-10.25390625,-40.52734375,-22.4609375,7.8125,0.0,0,0
1766589217.2625659,1766589217.2047553,5.859375,-39.55078125,-14.6484375,-6.8359375,0.0,0,0
1766589217.262576,1766589217.2086542,-49.8046875,-40.52734375,-21.97265625,-170.8984375,0.0,0,0
1766589217.262584,1766589217.2125533,-90.8203125,-40.0390625,-32.71484375,-238.28125,0.0,0,0
1766589217.262593,1766589217.2164521,-53.7109375,-43.45703125,-26.3671875,-104.98046875,0.0,0,0
1766589217.262602,1766589217.220351,16.11328125,-32.71484375,-9.765625,124.0234375,0.0,0,0
1766589217.26261,1766589217.22425,26.3671875,-22.94921875,-7.32421875,218.26171875,0.0,0,0
1766589217.2626188,1766589217.228149,-34.66796875,-35.64453125,-20.5078125,11.23046875,0.0,0,0
1766589217.2626271,1766589217.232048,-74.70703125,-39.55078125,-30.2734375,-113.76953125,0.0,0,0
1766589217.262636,1766589217.235947,-65.4296875,-37.109375,-25.87890625,-31.25,0.0,0,0
1766589217.262644,1766589217.2398458,-10.25390625,-35.15625,-14.6484375,135.25390625,0.0,0,0
1766589217.262652,1766589217.2437449,12.20703125,-36.1328125,-13.671875,165.52734375,0.0,0,0
1766589217.3075662,1766589217.247698,-36.1328125,-40.0390625,-27.34375,-20.01953125,0.0,0,0
1766589217.307599,1766589217.251597,-92.28515625,-42.96875,-37.109375,-157.2265625,0.0,0,0
1766589217.307609,1766589217.255496,-92.28515625,-33.203125,-22.94921875,-169.921875,0.0,0,0
1766589217.3076181,1766589217.259395,-17.08984375,-28.80859375,-11.71875,-85.44921875,0.0,0,0
1766589217.307627,1766589217.263294,30.2734375,-33.203125,-20.01953125,-35.15625,0.0,0,0
1766589217.307636,1766589217.2671928,-7.8125,-28.80859375,-29.296875,-176.26953125,0.0,0,0
1766589217.3076448,1766589217.2710917,-60.05859375,-31.73828125,-33.203125,-327.63671875,0.0,0,0
1766589217.307654,1766589217.2749908,-62.98828125,-42.48046875,-38.0859375,-310.546875,0.0,0,0
1766589217.307662,1766589217.2788897,1.46484375,-43.45703125,-35.15625,-71.77734375,0.0,0,0
1766589217.307671,1766589217.2827888,53.22265625,-36.62109375,-28.80859375,138.18359375,0.0,0,0
1766589217.307679,1766589217.2866876,0.48828125,-33.203125,-22.94921875,30.2734375,0.0,0,0
1766589217.307704,1766589217.2905865,-70.3125,-33.203125,-25.390625,-144.53125,0.0,0,0
1766589217.3659918,1766589217.2945333,-76.66015625,-35.15625,-32.71484375,-166.50390625,0.0,0,0
1766589217.366018,1766589217.298432,-22.4609375,-38.57421875,-31.73828125,-80.56640625,0.0,0,0
1766589217.366026,1766589217.302331,23.4375,-38.0859375,-20.01953125,-29.78515625,0.0,0,0
1766589217.366035,1766589217.30623,3.90625,-33.203125,-14.16015625,-157.71484375,0.0,0,0
1766589217.366045,1766589217.310129,-53.22265625,-36.1328125,-27.83203125,-361.81640625,0.0,0,0
1766589217.366053,1766589217.314028,-75.68359375,-40.52734375,-26.85546875,-346.6796875,0.0,0,0
1766589217.3660622,1766589217.317927,-20.5078125,-34.1796875,-12.20703125,-95.703125,0.0,0,0
1766589217.36607,1766589217.321826,23.92578125,-34.66796875,-19.53125,79.1015625,0.0,0,0
1766589217.366078,1766589217.3257248,3.41796875,-38.0859375,-27.34375,29.296875,0.0,0,0
1766589217.366086,1766589217.3296237,-56.640625,-38.0859375,-28.3203125,-145.5078125,0.0,0,0
1766589217.366095,1766589217.3335228,-77.63671875,-37.59765625,-32.2265625,-226.5625,0.0,0,0
1766589217.366103,1766589217.3374217,-31.73828125,-39.0625,-28.3203125,-109.375,0.0,0,0
1766589217.414214,1766589217.3413608,12.20703125,-35.64453125,-19.04296875,12.20703125,0.0,0,0
1766589217.414249,1766589217.3452597,6.8359375,-35.15625,-20.01953125,-38.57421875,0.0,0,0
1766589217.41426,1766589217.3491588,-48.828125,-38.0859375,-27.34375,-187.01171875,0.0,0,0
1766589217.414268,1766589217.3530576,-69.82421875,-40.0390625,-29.78515625,-212.890625,0.0,0,0
1766589217.414277,1766589217.3569567,-21.484375,-34.66796875,-26.3671875,-107.91015625,0.0,0,0
1766589217.4142861,1766589217.3608556,35.64453125,-26.3671875,-16.6015625,52.734375,0.0,0,0
1766589217.414295,1766589217.3647544,29.296875,-33.203125,-26.85546875,42.48046875,0.0,0,0
1766589217.414303,1766589217.3686535,-37.59765625,-39.55078125,-34.66796875,-133.30078125,0.0,0,0
1766589217.414311,1766589217.3725524,-72.265625,-41.9921875,-32.2265625,-167.48046875,0.0,0,0
1766589217.4143202,1766589217.3764515,-35.64453125,-41.50390625,-33.203125,-65.4296875,0.0,0,0
1766589217.414328,1766589217.3803504,32.71484375,-36.62109375,-27.83203125,58.59375,0.0,0,0
1766589217.414336,1766589217.3842494,46.38671875,-29.296875,-22.94921875,65.91796875,0.0,0,0
1766589217.457443,1766589217.388238,-18.06640625,-36.62109375,-29.78515625,-79.58984375,0.0,0,0
1766589217.4574752,1766589217.392137,-61.5234375,-44.43359375,-32.2265625,-192.87109375,0.0,0,0
1766589217.457484,1766589217.396036,-36.62109375,-35.64453125,-19.53125,-126.46484375,0.0,0,0
1766589217.457493,1766589217.399935,27.83203125,-32.71484375,-15.13671875,73.2421875,0.0,0,0
1766589217.457502,1766589217.4038339,46.38671875,-34.1796875,-15.625,106.4453125,0.0,0,0
1766589217.457511,1766589217.407733,-2.44140625,-33.69140625,-14.6484375,-69.3359375,0.0,0,0
1766589217.457519,1766589217.4116318,-46.875,-37.59765625,-24.4140625,-185.05859375,0.0,0,0
1766589217.457529,1766589217.415531,-41.9921875,-38.57421875,-31.73828125,-166.50390625,0.0,0,0
1766589217.457537,1766589217.4194298,22.4609375,-33.69140625,-23.4375,5.859375,0.0,0,0
1766589217.457545,1766589217.4233289,60.546875,-34.66796875,-24.90234375,110.83984375,0.0,0,0
1766589217.4575539,1766589217.4272277,14.16015625,-41.015625,-33.203125,-47.8515625,0.0,0,0
1766589217.4575622,1766589217.4311268,-40.0390625,-42.48046875,-30.76171875,-203.125,0.0,0,0
1766589217.5325189,1766589217.4352221,-47.36328125,-42.96875,-32.71484375,-176.7578125,0.0,0,0
1766589217.532552,1766589217.4391212,9.765625,-38.57421875,-22.4609375,-4.39453125,0.0,0,0
1766589217.532563,1766589217.44302,46.875,-31.25,-12.20703125,90.8203125,0.0,0,0
1766589217.532844,1766589217.4469192,6.34765625,-32.71484375,-20.5078125,-17.578125,0.0,0,0
1766589217.532855,1766589217.4508183,-51.26953125,-39.0625,-29.78515625,-182.6171875,0.0,0,0
1766589217.532863,1766589217.4547172,-62.5,-40.0390625,-33.69140625,-191.40625,0.0,0,0
1766589217.532872,1766589217.4586163,-17.578125,-36.62109375,-32.2265625,-25.87890625,0.0,0,0
1766589217.5328798,1766589217.462515,17.08984375,-35.64453125,-30.76171875,60.546875,0.0,0,0
1766589217.5328882,1766589217.4664142,-10.25390625,-38.57421875,-34.66796875,-51.7578125,0.0,0,0
1766589217.532896,1766589217.470313,-68.359375,-40.52734375,-36.62109375,-233.88671875,0.0,0,0
1766589217.532904,1766589217.4742122,-80.56640625,-39.55078125,-36.62109375,-274.90234375,0.0,0,0
1766589217.532912,1766589217.4781113,-31.25,-40.52734375,-31.73828125,-85.9375,0.0,0,0
1766589217.5475268,1766589217.4820905,16.11328125,-36.62109375,-24.90234375,74.70703125,0.0,0,0
1766589217.547549,1766589217.4859896,6.34765625,-35.15625,-27.34375,17.08984375,0.0,0,0
1766589217.547559,1766589217.4898887,-53.7109375,-33.69140625,-32.71484375,-166.50390625,0.0,0,0
1766589217.547568,1766589217.4937875,-80.56640625,-37.109375,-36.62109375,-224.12109375,0.0,0,0
1766589217.5475771,1766589217.4976866,-26.3671875,-37.59765625,-30.2734375,-33.203125,0.0,0,0
1766589217.547585,1766589217.5015855,31.73828125,-27.34375,-21.97265625,83.984375,0.0,0,0
1766589217.5475929,1766589217.5054846,23.4375,-27.34375,-21.97265625,11.71875,0.0,0,0
1766589217.547631,1766589217.5093837,-37.59765625,-31.73828125,-31.25,-165.52734375,0.0,0,0
1766589217.54765,1766589217.5132825,-69.82421875,-37.59765625,-44.921875,-263.18359375,0.0,0,0
1766589217.54766,1766589217.5171816,-31.25,-38.57421875,-33.69140625,-79.58984375,0.0,0,0
1766589217.547669,1766589217.5210805,18.06640625,-30.76171875,-23.4375,95.21484375,0.0,0,0
1766589217.5476851,1766589217.5249796,14.16015625,-33.203125,-26.3671875,66.40625,0.0,0,0
1766589217.5925398,1766589217.528947,-40.0390625,-35.64453125,-31.73828125,-124.0234375,0.0,0,0
1766589217.59257,1766589217.532846,-74.21875,-37.109375,-38.57421875,-235.3515625,0.0,0,0
1766589217.59258,1766589217.536745,-37.109375,-37.109375,-31.25,-116.69921875,0.0,0,0
1766589217.592591,1766589217.5406442,25.87890625,-35.64453125,-28.3203125,20.99609375,0.0,0,0
1766589217.5926,1766589217.544543,33.69140625,-32.2265625,-27.34375,27.83203125,0.0,0,0
1766589217.592608,1766589217.5484421,-30.76171875,-24.4140625,-25.390625,-122.55859375,0.0,0,0
1766589217.5926158,1766589217.5523412,-76.66015625,-27.83203125,-33.69140625,-226.5625,0.0,0,0
1766589217.592625,1766589217.55624,-46.38671875,-40.52734375,-37.109375,-145.99609375,0.0,0,0
1766589217.592633,1766589217.5601392,9.765625,-37.109375,-23.4375,30.76171875,0.0,0,0
1766589217.592641,1766589217.564038,24.4140625,-33.203125,-18.5546875,55.6640625,0.0,0,0
1766589217.592694,1766589217.5679371,-27.34375,-31.25,-23.4375,-147.4609375,0.0,0,0
1766589217.592712,1766589217.5718362,-73.73046875,-26.85546875,-26.85546875,-286.1328125,0.0,0,0
1766589217.637425,1766589217.5757957,-55.6640625,-33.203125,-28.80859375,-240.72265625,0.0,0,0
1766589217.637453,1766589217.5796947,8.30078125,-28.80859375,-21.484375,-71.77734375,0.0,0,0
1766589217.637463,1766589217.5835938,31.73828125,-27.83203125,-17.578125,13.671875,0.0,0,0
1766589217.637471,1766589217.5874927,-14.16015625,-31.73828125,-22.94921875,-148.92578125,0.0,0,0
1766589217.63748,1766589217.5913918,-69.3359375,-38.0859375,-21.484375,-343.75,0.0,0,0
1766589217.6374881,1766589217.595291,-58.10546875,-37.109375,-19.53125,-292.48046875,0.0,0,0
1766589217.6374972,1766589217.5991898,3.41796875,-22.4609375,-25.390625,-79.58984375,0.0,0,0
1766589217.637505,1766589217.6030889,25.87890625,-20.5078125,-25.390625,-44.43359375,0.0,0,0
1766589217.6375139,1766589217.606988,-7.8125,-27.34375,-34.66796875,-176.26953125,0.0,0,0
1766589217.637522,1766589217.6108868,-59.08203125,-22.94921875,-31.25,-281.73828125,0.0,0,0
1766589217.63753,1766589217.614786,-73.2421875,-20.01953125,-29.296875,-295.41015625,0.0,0,0
1766589217.637538,1766589217.618685,-23.4375,-19.04296875,-32.2265625,-114.2578125,0.0,0,0
1766589217.68248,1766589217.6226377,22.94921875,-13.671875,-27.83203125,7.8125,0.0,0,0
1766589217.682507,1766589217.6265368,-1.953125,-20.5078125,-37.109375,-75.1953125,0.0,0,0
1766589217.682515,1766589217.630436,-62.98828125,-26.3671875,-36.62109375,-162.109375,0.0,0,0
1766589217.682524,1766589217.6343348,-81.0546875,-25.390625,-43.9453125,-151.85546875,0.0,0,0
1766589217.682532,1766589217.638234,-21.484375,-25.87890625,-42.48046875,33.203125,0.0,0,0
1766589217.6825411,1766589217.642133,28.80859375,-16.6015625,-26.3671875,199.21875,0.0,0,0
1766589217.682549,1766589217.6460319,3.90625,-22.4609375,-30.76171875,119.140625,0.0,0,0
1766589217.682558,1766589217.649931,-56.15234375,-34.66796875,-41.9921875,-80.078125,0.0,0,0
1766589217.682567,1766589217.65383,-81.0546875,-37.59765625,-44.921875,-135.25390625,0.0,0,0
1766589217.682591,1766589217.657729,-26.3671875,-37.109375,-41.015625,35.15625,0.0,0,0
1766589217.682601,1766589217.661628,24.90234375,-26.85546875,-35.64453125,164.0625,0.0,0,0
1766589217.6826088,1766589217.665527,2.9296875,-25.390625,-33.203125,57.12890625,0.0,0,0
1766589217.741322,1766589217.6694734,-54.6875,-34.66796875,-32.71484375,-161.62109375,0.0,0,0
1766589217.7413518,1766589217.6733723,-86.9140625,-42.48046875,-41.50390625,-259.765625,0.0,0,0
1766589217.7413619,1766589217.6772714,-41.50390625,-31.73828125,-34.1796875,-99.609375,0.0,0,0
1766589217.741371,1766589217.6811705,12.20703125,-26.3671875,-27.34375,52.24609375,0.0,0,0
1766589217.741379,1766589217.6850696,2.9296875,-36.62109375,-34.1796875,-1.46484375,0.0,0,0
1766589217.741388,1766589217.6889684,-51.7578125,-39.55078125,-33.69140625,-162.59765625,0.0,0,0
1766589217.741397,1766589217.6928675,-74.21875,-33.69140625,-27.34375,-217.28515625,0.0,0,0
1766589217.7414122,1766589217.6967666,-29.78515625,-26.3671875,-28.3203125,-99.12109375,0.0,0,0
1766589217.7414222,1766589217.7006655,24.4140625,-25.390625,-20.99609375,55.17578125,0.0,0,0
1766589217.7414641,1766589217.7045646,29.296875,-21.97265625,-16.11328125,47.36328125,0.0,0,0
1766589217.741482,1766589217.7084637,-16.6015625,-23.4375,-30.76171875,-170.8984375,0.0,0,0
1766589217.741492,1766589217.7123628,-58.10546875,-26.3671875,-41.9921875,-280.76171875,0.0,0,0
1766589217.786571,1766589217.7163012,-48.33984375,-33.203125,-47.8515625,-171.38671875,0.0,0,0
1766589217.786606,1766589217.7202003,24.4140625,-32.2265625,-33.69140625,71.77734375,0.0,0,0
1766589217.786616,1766589217.7240992,41.015625,-27.34375,-23.4375,166.9921875,0.0,0,0
1766589217.786625,1766589217.7279983,-26.85546875,-34.1796875,-32.2265625,-59.5703125,0.0,0,0
1766589217.786634,1766589217.7318974,-66.89453125,-31.73828125,-36.1328125,-190.91796875,0.0,0,0
1766589217.7866728,1766589217.7357965,-48.828125,-33.203125,-35.64453125,-99.12109375,0.0,0,0
1766589217.7866921,1766589217.7396953,9.27734375,-29.78515625,-30.2734375,102.5390625,0.0,0,0
1766589217.786701,1766589217.7435944,33.203125,-26.3671875,-29.78515625,139.16015625,0.0,0,0
1766589217.786748,1766589217.7474935,-13.671875,-26.3671875,-31.73828125,-15.625,0.0,0,0
1766589217.786759,1766589217.7513926,-61.03515625,-24.4140625,-37.109375,-98.14453125,0.0,0,0
1766589217.786767,1766589217.7552915,-53.7109375,-27.34375,-36.62109375,-54.19921875,0.0,0,0
1766589217.786775,1766589217.7591906,12.20703125,-20.01953125,-24.4140625,131.8359375,0.0,0,0
1766589217.832296,1766589217.7631783,37.59765625,-15.13671875,-15.625,187.98828125,0.0,0,0
1766589217.83232,1766589217.7670774,-2.9296875,-19.53125,-16.6015625,-6.8359375,0.0,0,0
1766589217.832329,1766589217.7709765,-50.29296875,-20.01953125,-29.296875,-215.8203125,0.0,0,0
1766589217.832337,1766589217.7748754,-62.98828125,-13.18359375,-35.64453125,-252.9296875,0.0,0,0
1766589217.832347,1766589217.7787745,-1.953125,-7.8125,-21.97265625,-26.3671875,0.0,0,0
1766589217.832355,1766589217.7826736,40.0390625,-9.765625,-16.6015625,73.2421875,0.0,0,0
1766589217.832363,1766589217.7865727,-4.39453125,-19.04296875,-20.5078125,-78.125,0.0,0,0
1766589217.8324559,1766589217.7904716,-56.15234375,-26.3671875,-31.25,-184.08203125,0.0,0,0
1766589217.832466,1766589217.7943707,-57.6171875,-27.34375,-40.52734375,-198.2421875,0.0,0,0
1766589217.832474,1766589217.7982697,-3.41796875,-24.90234375,-29.296875,-36.1328125,0.0,0,0
1766589217.832482,1766589217.8021688,41.015625,-23.92578125,-24.4140625,65.91796875,0.0,0,0
1766589217.83249,1766589217.8060677,21.97265625,-29.296875,-26.85546875,-24.90234375,0.0,0,0
1766589217.87748,1766589217.810049,-39.0625,-35.15625,-32.2265625,-130.37109375,0.0,0,0
1766589217.877514,1766589217.8139482,-58.59375,-31.73828125,-34.1796875,-176.26953125,0.0,0,0
1766589217.877524,1766589217.817847,-4.8828125,-27.34375,-26.85546875,-17.578125,0.0,0,0
1766589217.877533,1766589217.821746,36.1328125,-28.3203125,-25.390625,96.6796875,0.0,0,0
1766589217.8775418,1766589217.8256452,11.23046875,-28.80859375,-25.390625,0.9765625,0.0,0,0
1766589217.877551,1766589217.8295443,-38.0859375,-22.94921875,-22.4609375,-149.90234375,0.0,0,0
1766589217.8775601,1766589217.8334434,-57.12890625,-28.3203125,-36.1328125,-214.35546875,0.0,0,0
1766589217.8776162,1766589217.8373423,-10.7421875,-27.34375,-28.80859375,-31.73828125,0.0,0,0
1766589217.877663,1766589217.8412414,38.0859375,-26.3671875,-17.08984375,109.86328125,0.0,0,0
1766589217.877674,1766589217.8451405,24.4140625,-33.69140625,-27.83203125,42.96875,0.0,0,0
1766589217.877682,1766589217.8490396,-22.4609375,-20.5078125,-31.25,-111.81640625,0.0,0,0
1766589217.87769,1766589217.8529387,-47.8515625,-16.6015625,-25.390625,-160.64453125,0.0,0,0
1766589217.9662888,1766589217.8570244,-17.08984375,-22.94921875,-34.1796875,-18.06640625,0.0,0,0
1766589217.966322,1766589217.8609235,30.76171875,-18.06640625,-30.2734375,136.71875,0.0,0,0
1766589217.966332,1766589217.8648226,36.1328125,-6.34765625,-13.671875,145.99609375,0.0,0,0
1766589217.966342,1766589217.8687217,-28.80859375,-11.71875,-22.94921875,-43.9453125,0.0,0,0
1766589217.966351,1766589217.8726208,-68.84765625,-22.4609375,-32.71484375,-160.64453125,0.0,0,0
1766589217.966379,1766589217.87652,-30.2734375,-18.5546875,-27.34375,-13.18359375,0.0,0,0
1766589217.9663901,1766589217.880419,35.64453125,-8.7890625,-11.71875,176.26953125,0.0,0,0
1766589217.966399,1766589217.884318,38.57421875,-16.6015625,-18.06640625,169.921875,0.0,0,0
1766589217.9664068,1766589217.8882172,-33.69140625,-32.2265625,-32.2265625,-44.43359375,0.0,0,0
1766589217.966416,1766589217.892116,-64.453125,-25.390625,-34.1796875,-197.75390625,0.0,0,0
1766589217.966424,1766589217.8960152,-37.109375,-20.5078125,-23.92578125,-132.8125,0.0,0,0
1766589217.966432,1766589217.8999143,23.4375,-22.94921875,-14.6484375,19.53125,0.0,0,0
1766589217.967869,1766589217.903886,45.41015625,-20.5078125,-11.71875,65.91796875,0.0,0,0
1766589217.96789,1766589217.9077852,-16.6015625,-26.3671875,-15.625,-118.65234375,0.0,0,0
1766589217.9678998,1766589217.911684,-70.3125,-27.83203125,-27.34375,-290.52734375,0.0,0,0
1766589217.967909,1766589217.9155831,-55.17578125,-30.2734375,-32.2265625,-264.16015625,0.0,0,0
1766589217.9679182,1766589217.9194822,-5.37109375,-32.2265625,-27.83203125,-52.24609375,0.0,0,0
1766589217.967927,1766589217.9233813,18.06640625,-27.83203125,-21.97265625,40.52734375,0.0,0,0
1766589217.967935,1766589217.9272804,-35.64453125,-33.203125,-32.2265625,-147.4609375,0.0,0,0
1766589217.967944,1766589217.9311795,-85.44921875,-39.0625,-32.71484375,-289.55078125,0.0,0,0
1766589217.9679518,1766589217.9350786,-73.2421875,-38.0859375,-30.2734375,-257.32421875,0.0,0,0
1766589217.9679601,1766589217.9389777,-14.6484375,-32.2265625,-26.85546875,-54.19921875,0.0,0,0
1766589217.967968,1766589217.9428768,28.80859375,-26.3671875,-23.92578125,48.33984375,0.0,0,0
1766589217.967977,1766589217.946776,-17.578125,-25.390625,-27.34375,-121.58203125,0.0,0,0
1766589218.012287,1766589217.9507356,-73.73046875,-25.390625,-27.34375,-282.71484375,0.0,0,0
1766589218.012322,1766589217.9546347,-74.70703125,-28.80859375,-30.2734375,-298.828125,0.0,0,0
1766589218.01234,1766589217.9585338,-15.625,-28.3203125,-23.4375,-117.1875,0.0,0,0
1766589218.012367,1766589217.9624329,21.97265625,-30.2734375,-20.99609375,-5.859375,0.0,0,0
1766589218.012379,1766589217.966332,-13.671875,-39.55078125,-31.25,-112.3046875,0.0,0,0
1766589218.012418,1766589217.970231,-63.4765625,-33.69140625,-31.25,-240.72265625,0.0,0,0
1766589218.01244,1766589217.9741302,-83.0078125,-30.2734375,-33.203125,-244.140625,0.0,0,0
1766589218.0124521,1766589217.9780293,-28.80859375,-40.52734375,-35.64453125,-52.734375,0.0,0,0
1766589218.0124621,1766589217.9819283,18.5546875,-35.15625,-31.25,104.4921875,0.0,0,0
1766589218.0124722,1766589217.9858272,-10.25390625,-34.66796875,-37.109375,26.3671875,0.0,0,0
1766589218.012481,1766589217.9897263,-60.546875,-30.2734375,-41.015625,-157.71484375,0.0,0,0
1766589218.0124888,1766589217.9936254,-74.21875,-27.34375,-37.59765625,-162.59765625,0.0,0,0
1766589218.057502,1766589217.9975781,-22.94921875,-33.203125,-35.15625,58.59375,0.0,0,0
1766589218.057538,1766589218.0014772,28.80859375,-28.80859375,-29.296875,198.2421875,0.0,0,0
1766589218.057548,1766589218.0053763,18.06640625,-32.71484375,-28.80859375,105.95703125,0.0,0,0
1766589218.057556,1766589218.0092754,-43.9453125,-35.64453125,-37.109375,-90.8203125,0.0,0,0
1766589218.057566,1766589218.0131745,-82.03125,-33.69140625,-49.31640625,-162.109375,0.0,0,0
1766589218.0575738,1766589218.0170736,-29.296875,-22.4609375,-39.55078125,4.39453125,0.0,0,0
1766589218.057583,1766589218.0209727,36.62109375,-17.08984375,-23.92578125,129.39453125,0.0,0,0
1766589218.057591,1766589218.0248718,23.92578125,-29.296875,-31.25,49.31640625,0.0,0,0
1766589218.057599,1766589218.028771,-36.62109375,-27.83203125,-32.2265625,-126.953125,0.0,0,0
1766589218.057607,1766589218.03267,-62.5,-29.78515625,-31.25,-201.171875,0.0,0,0
1766589218.057627,1766589218.036569,-31.25,-33.203125,-26.3671875,-78.125,0.0,0,0
1766589218.057677,1766589218.040468,21.97265625,-30.76171875,-21.97265625,62.5,0.0,0,0
1766589218.1161559,1766589218.044414,30.76171875,-28.80859375,-23.4375,68.84765625,0.0,0,0
1766589218.116191,1766589218.0483131,-24.90234375,-30.76171875,-32.71484375,-106.93359375,0.0,0,0
1766589218.1162019,1766589218.0522122,-61.5234375,-35.64453125,-41.50390625,-210.9375,0.0,0,0
1766589218.11621,1766589218.0561113,-36.1328125,-33.203125,-33.69140625,-102.05078125,0.0,0,0
1766589218.1162188,1766589218.0600104,20.01953125,-32.2265625,-25.390625,51.26953125,0.0,0,0
1766589218.1162271,1766589218.0639095,44.921875,-29.296875,-14.16015625,101.07421875,0.0,0,0
1766589218.11626,1766589218.0678084,-14.16015625,-33.203125,-24.4140625,-70.3125,0.0,0,0
1766589218.116278,1766589218.0717075,-69.3359375,-42.48046875,-40.0390625,-203.125,0.0,0,0
1766589218.116287,1766589218.0756066,-46.875,-37.109375,-32.71484375,-121.09375,0.0,0,0
1766589218.116308,1766589218.0795057,19.53125,-31.25,-21.484375,48.828125,0.0,0,0
1766589218.116318,1766589218.0834048,33.203125,-34.66796875,-21.97265625,76.171875,0.0,0,0
1766589218.1163259,1766589218.0873039,-24.4140625,-31.25,-27.83203125,-114.2578125,0.0,0,0
1766589218.1624372,1766589218.091298,-63.4765625,-31.73828125,-35.64453125,-249.0234375,0.0,0,0
1766589218.162463,1766589218.0951972,-56.15234375,-34.66796875,-36.1328125,-163.0859375,0.0,0,0
1766589218.162472,1766589218.0990963,-4.8828125,-22.94921875,-26.85546875,61.5234375,0.0,0,0
1766589218.1624808,1766589218.1029954,21.484375,-19.53125,-27.83203125,138.18359375,0.0,0,0
1766589218.1624892,1766589218.1068945,-22.94921875,-21.97265625,-29.78515625,-25.87890625,0.0,0,0
1766589218.1624992,1766589218.1107936,-71.2890625,-22.4609375,-28.80859375,-154.78515625,0.0,0,0
1766589218.162507,1766589218.1146927,-67.3828125,-26.85546875,-31.73828125,-125.0,0.0,0,0
1766589218.162515,1766589218.1185918,-6.34765625,-27.34375,-26.85546875,51.26953125,0.0,0,0
1766589218.162556,1766589218.122491,26.3671875,-25.87890625,-19.53125,136.23046875,0.0,0,0
1766589218.162567,1766589218.12639,-11.71875,-26.85546875,-25.87890625,18.06640625,0.0,0,0
1766589218.1625888,1766589218.1302893,-66.89453125,-25.87890625,-30.2734375,-145.99609375,0.0,0,0
1766589218.162699,1766589218.1341884,-74.21875,-28.3203125,-28.3203125,-188.4765625,0.0,0,0
1766589218.207381,1766589218.138176,-20.5078125,-27.83203125,-24.90234375,0.9765625,0.0,0,0
1766589218.207416,1766589218.142075,20.01953125,-26.85546875,-22.4609375,111.328125,0.0,0,0
1766589218.207426,1766589218.1459742,3.41796875,-20.5078125,-15.13671875,28.3203125,0.0,0,0
1766589218.207435,1766589218.1498733,-63.4765625,-25.87890625,-35.15625,-151.85546875,0.0,0,0
1766589218.207443,1766589218.1537724,-82.03125,-34.66796875,-40.0390625,-169.43359375,0.0,0,0
1766589218.2074518,1766589218.1576717,-24.4140625,-26.85546875,-20.99609375,67.3828125,0.0,0,0
1766589218.2074602,1766589218.1615708,5.37109375,-23.4375,-21.97265625,175.78125,0.0,0,0
1766589218.2074702,1766589218.16547,-7.32421875,-25.87890625,-30.2734375,104.4921875,0.0,0,0
1766589218.207478,1766589218.169369,-57.12890625,-32.71484375,-37.109375,-79.1015625,0.0,0,0
1766589218.2075021,1766589218.173268,-84.47265625,-39.0625,-37.109375,-158.203125,0.0,0,0
1766589218.207523,1766589218.1771672,-36.1328125,-36.1328125,-26.3671875,-11.71875,0.0,0,0
1766589218.207538,1766589218.1810663,14.16015625,-29.78515625,-14.6484375,132.32421875,0.0,0,0
1766589218.252471,1766589218.185047,5.859375,-28.80859375,-20.01953125,94.23828125,0.0,0,0
1766589218.2524958,1766589218.188946,-52.734375,-30.2734375,-28.80859375,-98.6328125,0.0,0,0
1766589218.252504,1766589218.192845,-76.171875,-29.78515625,-27.34375,-158.203125,0.0,0,0
1766589218.252513,1766589218.1967442,-28.3203125,-31.73828125,-27.83203125,-0.9765625,0.0,0,0
1766589218.252522,1766589218.2006433,16.6015625,-28.3203125,-20.99609375,150.390625,0.0,0,0
1766589218.2525299,1766589218.2045424,6.34765625,-23.92578125,-18.06640625,129.39453125,0.0,0,0
1766589218.252539,1766589218.2084417,-57.6171875,-29.296875,-32.71484375,-61.03515625,0.0,0,0
1766589218.252547,1766589218.2123408,-99.609375,-35.64453125,-41.50390625,-163.57421875,0.0,0,0
1766589218.252555,1766589218.21624,-66.89453125,-42.48046875,-39.55078125,-54.6875,0.0,0,0
1766589218.252563,1766589218.220139,-1.46484375,-38.57421875,-29.296875,126.953125,0.0,0,0
1766589218.2525718,1766589218.2240381,8.7890625,-33.69140625,-23.4375,142.578125,0.0,0,0
1766589218.2525802,1766589218.2279372,-43.9453125,-37.109375,-30.76171875,-50.29296875,0.0,0,0
1766589218.297452,1766589218.2319112,-74.70703125,-32.2265625,-39.0625,-133.30078125,0.0,0,0
1766589218.297479,1766589218.2358103,-46.875,-29.296875,-31.25,-12.6953125,0.0,0,0
1766589218.297487,1766589218.2397094,6.8359375,-33.69140625,-21.484375,170.41015625,0.0,0,0
1766589218.2974951,1766589218.2436085,21.484375,-28.80859375,-21.484375,207.51953125,0.0,0,0
1766589218.297504,1766589218.2475076,-26.85546875,-33.203125,-31.25,20.01953125,0.0,0,0
1766589218.297512,1766589218.2514067,-63.96484375,-37.59765625,-30.76171875,-97.16796875,0.0,0,0
1766589218.2975202,1766589218.2553058,-44.43359375,-22.4609375,-20.99609375,-41.9921875,0.0,0,0
1766589218.297529,1766589218.259205,11.71875,-18.5546875,-21.484375,86.9140625,0.0,0,0
1766589218.297537,1766589218.2631042,33.69140625,-32.71484375,-29.78515625,140.625,0.0,0,0
1766589218.297546,1766589218.2670033,-14.6484375,-36.1328125,-37.59765625,-15.625,0.0,0,0
1766589218.297554,1766589218.2709024,-63.4765625,-31.73828125,-31.73828125,-123.046875,0.0,0,0
1766589218.2975621,1766589218.2748015,-57.6171875,-25.390625,-26.85546875,-44.43359375,0.0,0,0
1766589218.342488,1766589218.2787683,6.34765625,-21.97265625,-22.94921875,120.1171875,0.0,0,0
1766589218.3425221,1766589218.2826674,36.62109375,-24.4140625,-18.5546875,171.875,0.0,0,0
1766589218.3425322,1766589218.2865665,-5.859375,-23.92578125,-22.4609375,16.6015625,0.0,0,0
1766589218.342541,1766589218.2904656,-55.6640625,-24.4140625,-31.73828125,-128.90625,0.0,0,0
1766589218.342551,1766589218.2943647,-54.19921875,-23.92578125,-34.1796875,-114.2578125,0.0,0,0
1766589218.3425589,1766589218.2982638,7.8125,-18.06640625,-18.5546875,80.56640625,0.0,0,0
1766589218.3425689,1766589218.3021631,36.62109375,-11.23046875,-6.8359375,211.9140625,0.0,0,0
1766589218.342577,1766589218.3060622,-12.6953125,-31.73828125,-31.25,77.63671875,0.0,0,0
1766589218.342586,1766589218.3099613,-69.3359375,-43.45703125,-37.109375,-114.74609375,0.0,0,0
1766589218.342595,1766589218.3138604,-67.87109375,-25.390625,-24.90234375,-136.71875,0.0,0,0
1766589218.342603,1766589218.3177595,-15.625,-20.01953125,-19.53125,19.53125,0.0,0,0
1766589218.3426108,1766589218.3216586,26.3671875,-23.92578125,-15.625,107.91015625,0.0,0,0
1766589218.387624,1766589218.3256185,13.18359375,-25.87890625,-24.90234375,-3.41796875,0.0,0,0
1766589218.387657,1766589218.3295176,-54.19921875,-28.3203125,-26.85546875,-196.77734375,0.0,0,0
1766589218.387669,1766589218.3334167,-81.54296875,-30.2734375,-31.73828125,-268.5546875,0.0,0,0
1766589218.387678,1766589218.3373158,-27.34375,-28.80859375,-32.2265625,-90.33203125,0.0,0,0
1766589218.3876858,1766589218.3412151,21.484375,-25.390625,-22.4609375,53.22265625,0.0,0,0
1766589218.387695,1766589218.3451142,20.01953125,-14.6484375,-14.16015625,22.94921875,0.0,0,0
1766589218.387703,1766589218.3490133,-41.9921875,-12.6953125,-22.94921875,-153.3203125,0.0,0,0
1766589218.387712,1766589218.3529124,-87.890625,-30.2734375,-42.48046875,-250.0,0.0,0,0
1766589218.3877199,1766589218.3568115,-34.66796875,-34.66796875,-29.78515625,-55.6640625,0.0,0,0
1766589218.387728,1766589218.3607109,35.15625,-23.4375,-11.71875,101.07421875,0.0,0,0
1766589218.387736,1766589218.36461,31.25,-15.625,-11.71875,84.47265625,0.0,0,0
1766589218.3877609,1766589218.368509,-38.0859375,-24.90234375,-20.5078125,-91.796875,0.0,0,0
1766589218.432437,1766589218.3724616,-76.171875,-31.73828125,-30.76171875,-184.5703125,0.0,0,0
1766589218.4324648,1766589218.3763607,-34.66796875,-20.01953125,-26.85546875,-68.359375,0.0,0,0
1766589218.4324741,1766589218.38026,29.296875,-13.671875,-20.01953125,66.89453125,0.0,0,0
1766589218.432482,1766589218.384159,30.2734375,-20.01953125,-19.04296875,100.5859375,0.0,0,0
1766589218.432491,1766589218.3880582,-43.45703125,-30.2734375,-26.85546875,-78.125,0.0,0,0
1766589218.4325,1766589218.3919573,-75.68359375,-24.90234375,-27.34375,-200.1953125,0.0,0,0
1766589218.432508,1766589218.3958566,-46.38671875,-33.203125,-30.76171875,-124.51171875,0.0,0,0
1766589218.432516,1766589218.3997557,-1.46484375,-45.8984375,-29.296875,27.83203125,0.0,0,0
1766589218.4325252,1766589218.4036548,20.99609375,-35.64453125,-17.08984375,81.54296875,0.0,0,0
1766589218.432533,1766589218.407554,-26.85546875,-34.66796875,-24.4140625,-112.79296875,0.0,0,0
1766589218.432541,1766589218.411453,-77.63671875,-36.1328125,-27.83203125,-259.765625,0.0,0,0
1766589218.4325492,1766589218.4153523,-64.94140625,-36.62109375,-25.87890625,-183.59375,0.0,0,0
1766589218.4912179,1766589218.4192982,-6.8359375,-40.52734375,-24.90234375,-21.97265625,0.0,0,0
1766589218.491245,1766589218.4231975,23.4375,-37.59765625,-18.5546875,69.82421875,0.0,0,0
1766589218.491254,1766589218.4270966,-21.484375,-29.296875,-22.4609375,-39.55078125,0.0,0,0
1766589218.491263,1766589218.4309957,-78.125,-28.3203125,-29.296875,-185.05859375,0.0,0,0
1766589218.491272,1766589218.4348948,-74.70703125,-29.78515625,-32.2265625,-157.71484375,0.0,0,0
1766589218.4912808,1766589218.4387941,-14.6484375,-29.296875,-30.2734375,35.15625,0.0,0,0
1766589218.4912891,1766589218.4426932,24.4140625,-33.203125,-20.5078125,135.7421875,0.0,0,0
1766589218.491298,1766589218.4465923,-10.25390625,-29.296875,-28.80859375,1.953125,0.0,0,0
1766589218.491318,1766589218.4504914,-71.2890625,-29.78515625,-43.45703125,-155.76171875,0.0,0,0
1766589218.491341,1766589218.4543908,-78.61328125,-36.62109375,-40.0390625,-136.23046875,0.0,0,0
1766589218.4913611,1766589218.4582899,-21.97265625,-31.25,-31.73828125,44.43359375,0.0,0,0
1766589218.491371,1766589218.462189,25.390625,-24.90234375,-20.5078125,155.76171875,0.0,0,0
1766589218.552491,1766589218.466238,-7.32421875,-27.83203125,-24.4140625,30.2734375,0.0,0,0
1766589218.55252,1766589218.4701371,-80.078125,-31.25,-32.2265625,-149.4140625,0.0,0,0
1766589218.5525298,1766589218.4740365,-87.40234375,-26.3671875,-31.73828125,-154.296875,0.0,0,0
1766589218.552632,1766589218.4779356,-23.92578125,-22.4609375,-30.2734375,17.578125,0.0,0,0
1766589218.552643,1766589218.4818347,25.390625,-18.5546875,-20.5078125,157.2265625,0.0,0,0
1766589218.552651,1766589218.485734,-5.37109375,-22.4609375,-23.4375,60.05859375,0.0,0,0
1766589218.55266,1766589218.489633,-66.40625,-33.203125,-38.0859375,-139.16015625,0.0,0,0
1766589218.5526688,1766589218.4935322,-71.77734375,-30.2734375,-34.1796875,-184.08203125,0.0,0,0
1766589218.5526772,1766589218.4974315,-15.13671875,-31.73828125,-29.78515625,-25.87890625,0.0,0,0
1766589218.552685,1766589218.5013306,27.34375,-40.52734375,-36.62109375,96.6796875,0.0,0,0
1766589218.552694,1766589218.5052297,10.7421875,-38.0859375,-32.2265625,52.734375,0.0,0,0
1766589218.552702,1766589218.509129,-51.7578125,-35.64453125,-38.0859375,-121.58203125,0.0,0,0
1766589218.5823412,1766589218.513116,-74.70703125,-34.1796875,-41.9921875,-189.94140625,0.0,0,0
1766589218.582378,1766589218.517015,-20.99609375,-29.78515625,-34.1796875,-39.55078125,0.0,0,0
1766589218.582419,1766589218.520914,38.0859375,-30.2734375,-25.87890625,102.5390625,0.0,0,0
1766589218.58243,1766589218.5248134,36.1328125,-28.80859375,-22.4609375,64.453125,0.0,0,0
1766589218.582439,1766589218.5287125,-31.73828125,-32.2265625,-32.71484375,-137.6953125,0.0,0,0
1766589218.582477,1766589218.5326116,-69.82421875,-30.2734375,-37.59765625,-189.94140625,0.0,0,0
1766589218.5824902,1766589218.536511,-24.4140625,-28.3203125,-30.2734375,-24.90234375,0.0,0,0
1766589218.582525,1766589218.54041,27.34375,-33.69140625,-24.90234375,121.09375,0.0,0,0
1766589218.5825632,1766589218.5443091,20.5078125,-36.1328125,-27.34375,122.55859375,0.0,0,0
1766589218.582601,1766589218.5482085,-34.1796875,-40.52734375,-32.71484375,-94.23828125,0.0,0,0
1766589218.5826309,1766589218.5521076,-62.98828125,-36.1328125,-32.2265625,-240.234375,0.0,0,0
1766589218.5826619,1766589218.5560067,-36.1328125,-29.296875,-33.203125,-123.53515625,0.0,0,0
1766589218.62742,1766589218.5599864,21.97265625,-27.83203125,-32.2265625,66.40625,0.0,0,0
1766589218.627507,1766589218.5638857,33.203125,-28.3203125,-27.83203125,118.65234375,0.0,0,0
1766589218.627529,1766589218.5677848,-24.4140625,-29.296875,-37.59765625,-49.31640625,0.0,0,0
1766589218.6275399,1766589218.571684,-57.6171875,-25.390625,-42.48046875,-158.69140625,0.0,0,0
1766589218.62755,1766589218.5755832,-49.31640625,-30.2734375,-38.57421875,-64.453125,0.0,0,0
1766589218.627559,1766589218.5794823,2.9296875,-32.2265625,-29.296875,122.55859375,0.0,0,0
1766589218.627567,1766589218.5833814,20.99609375,-29.78515625,-28.3203125,155.76171875,0.0,0,0
1766589218.627576,1766589218.5872808,-19.04296875,-20.01953125,-18.5546875,-23.92578125,0.0,0,0
1766589218.627584,1766589218.5911798,-50.29296875,-16.11328125,-21.97265625,-161.1328125,0.0,0,0
1766589218.627629,1766589218.5950792,-42.48046875,-20.99609375,-36.1328125,-106.4453125,0.0,0,0
1766589218.627682,1766589218.5989783,14.16015625,-18.5546875,-33.69140625,92.28515625,0.0,0,0
1766589218.627692,1766589218.6028774,29.78515625,-26.3671875,-34.1796875,166.9921875,0.0,0,0
1766589218.673268,1766589218.6068506,-15.625,-35.64453125,-35.64453125,18.06640625,0.0,0,0
1766589218.6733718,1766589218.6107497,-62.98828125,-34.66796875,-37.59765625,-120.60546875,0.0,0,0
1766589218.673384,1766589218.614649,-61.5234375,-31.25,-41.015625,-109.375,0.0,0,0
1766589218.673393,1766589218.6185482,-3.90625,-33.69140625,-36.1328125,65.91796875,0.0,0,0
1766589218.673402,1766589218.6224475,30.2734375,-31.73828125,-32.71484375,170.41015625,0.0,0,0
1766589218.6734731,1766589218.6263466,-16.6015625,-37.109375,-39.0625,29.78515625,0.0,0,0
1766589218.673544,1766589218.6302457,-76.66015625,-34.1796875,-39.55078125,-115.72265625,0.0,0,0
1766589218.673554,1766589218.634145,-85.9375,-36.1328125,-50.78125,-137.6953125,0.0,0,0
1766589218.673653,1766589218.638044,-20.01953125,-40.0390625,-40.0390625,60.546875,0.0,0,0
1766589218.6736782,1766589218.6419435,34.66796875,-29.78515625,-16.6015625,220.21484375,0.0,0,0
1766589218.6736908,1766589218.6458426,3.41796875,-26.3671875,-23.4375,77.63671875,0.0,0,0
1766589218.673731,1766589218.6497416,-55.17578125,-27.34375,-31.73828125,-100.5859375,0.0,0,0
1766589218.747479,1766589218.6538172,-84.47265625,-30.76171875,-38.0859375,-140.625,0.0,0,0
1766589218.7475111,1766589218.6577163,-28.3203125,-30.76171875,-27.83203125,-12.20703125,0.0,0,0
1766589218.747521,1766589218.6616156,27.34375,-28.80859375,-15.13671875,89.84375,0.0,0,0
1766589218.74753,1766589218.6655147,-3.90625,-34.66796875,-22.4609375,-56.640625,0.0,0,0
1766589218.747539,1766589218.6694138,-65.4296875,-37.109375,-35.64453125,-253.41796875,0.0,0,0
1766589218.747547,1766589218.6733131,-77.1484375,-30.2734375,-36.62109375,-265.13671875,0.0,0,0
1766589218.747555,1766589218.6772122,-22.4609375,-23.4375,-31.73828125,-86.42578125,0.0,0,0
1766589218.747564,1766589218.6811116,23.92578125,-27.34375,-31.25,36.62109375,0.0,0,0
1766589218.747574,1766589218.6850107,10.25390625,-29.296875,-24.90234375,-41.9921875,0.0,0,0
1766589218.747582,1766589218.68891,-47.36328125,-27.83203125,-23.92578125,-232.91015625,0.0,0,0
1766589218.7475898,1766589218.692809,-75.68359375,-29.296875,-29.78515625,-306.640625,0.0,0,0
1766589218.7475991,1766589218.6967084,-34.66796875,-27.34375,-27.34375,-128.90625,0.0,0,0
1766589218.762284,1766589218.7006721,17.08984375,-25.87890625,-21.97265625,60.546875,0.0,0,0
1766589218.762302,1766589218.7045712,22.4609375,-24.4140625,-15.13671875,44.921875,0.0,0,0
1766589218.762311,1766589218.7084706,-32.71484375,-23.4375,-21.484375,-187.98828125,0.0,0,0
1766589218.7623198,1766589218.7123697,-76.66015625,-24.90234375,-27.34375,-309.5703125,0.0,0,0
1766589218.7623281,1766589218.716269,-48.33984375,-28.80859375,-21.97265625,-169.43359375,0.0,0,0
1766589218.762337,1766589218.720168,19.53125,-17.578125,-14.6484375,15.13671875,0.0,0,0
1766589218.762345,1766589218.7240674,25.390625,-12.20703125,-19.53125,42.48046875,0.0,0,0
1766589218.762354,1766589218.7279665,-35.15625,-24.4140625,-33.203125,-155.2734375,0.0,0,0
1766589218.762362,1766589218.731866,-74.21875,-26.3671875,-42.96875,-273.4375,0.0,0,0
1766589218.76237,1766589218.735765,-52.734375,-26.85546875,-44.43359375,-185.546875,0.0,0,0
1766589218.762379,1766589218.7396643,4.8828125,-20.01953125,-28.3203125,-50.29296875,0.0,0,0
1766589218.762398,1766589218.7435634,18.06640625,-15.625,-20.01953125,38.57421875,0.0,0,0
1766589218.807453,1766589218.7475154,-37.59765625,-26.85546875,-32.71484375,-29.78515625,0.0,0,0
1766589218.807491,1766589218.7514148,-79.58984375,-29.78515625,-40.0390625,-118.1640625,0.0,0,0
1766589218.807504,1766589218.7553139,-61.03515625,-26.3671875,-30.76171875,-18.5546875,0.0,0,0
1766589218.807515,1766589218.7592132,0.48828125,-28.3203125,-26.85546875,168.9453125,0.0,0,0
1766589218.807528,1766589218.7631123,25.390625,-28.80859375,-25.87890625,233.3984375,0.0,0,0
1766589218.807539,1766589218.7670116,-10.25390625,-22.4609375,-25.87890625,85.44921875,0.0,0,0
1766589218.807549,1766589218.7709107,-61.5234375,-22.94921875,-33.69140625,-89.84375,0.0,0,0
1766589218.80756,1766589218.77481,-67.3828125,-31.25,-32.2265625,-85.44921875,0.0,0,0
1766589218.807571,1766589218.7787092,-4.8828125,-25.390625,-21.97265625,101.5625,0.0,0,0
1766589218.807582,1766589218.7826085,21.484375,-20.01953125,-22.4609375,199.21875,0.0,0,0
1766589218.8075929,1766589218.7865076,-18.5546875,-19.04296875,-23.92578125,65.4296875,0.0,0,0
1766589218.807603,1766589218.790407,-68.84765625,-18.5546875,-22.94921875,-99.609375,0.0,0,0
1766589218.866005,1766589218.794352,-86.42578125,-24.90234375,-30.76171875,-118.65234375,0.0,0,0
1766589218.866036,1766589218.7982514,-27.83203125,-24.4140625,-27.83203125,30.76171875,0.0,0,0
1766589218.866045,1766589218.8021505,20.5078125,-22.4609375,-17.08984375,125.9765625,0.0,0,0
1766589218.866053,1766589218.8060498,-10.7421875,-19.53125,-20.01953125,11.23046875,0.0,0,0
1766589218.866061,1766589218.809949,-65.4296875,-21.484375,-31.25,-182.6171875,0.0,0,0
1766589218.86607,1766589218.8138483,-80.078125,-21.484375,-25.87890625,-217.28515625,0.0,0,0
1766589218.866078,1766589218.8177476,-20.01953125,-21.97265625,-25.390625,-40.52734375,0.0,0,0
1766589218.8661451,1766589218.8216467,23.4375,-32.2265625,-35.64453125,39.0625,0.0,0,0
1766589218.866155,1766589218.825546,-7.8125,-36.1328125,-38.57421875,-66.40625,0.0,0,0
1766589218.866163,1766589218.8294451,-52.734375,-25.87890625,-25.87890625,-203.61328125,0.0,0,0
1766589218.866171,1766589218.8333445,-62.98828125,-18.06640625,-22.94921875,-264.6484375,0.0,0,0
1766589218.8661802,1766589218.8372436,-14.16015625,-23.92578125,-27.83203125,-125.9765625,0.0,0,0
1766589218.926164,1766589218.8412368,44.43359375,-26.3671875,-17.578125,81.54296875,0.0,0,0
1766589218.926197,1766589218.845136,20.99609375,-28.3203125,-15.13671875,118.65234375,0.0,0,0
1766589218.926207,1766589218.8490353,-54.19921875,-37.59765625,-27.83203125,-45.41015625,0.0,0,0
1766589218.926216,1766589218.8529344,-76.171875,-35.64453125,-36.62109375,-109.375,0.0,0,0
1766589218.926225,1766589218.8568337,-10.7421875,-32.2265625,-37.59765625,50.78125,0.0,0,0
1766589218.926233,1766589218.860733,58.59375,-26.85546875,-27.83203125,221.6796875,0.0,0,0
1766589218.926242,1766589218.8646321,26.85546875,-30.76171875,-17.578125,129.39453125,0.0,0,0
1766589218.92625,1766589218.8685315,-64.94140625,-39.55078125,-24.4140625,-139.6484375,0.0,0,0
1766589218.9262578,1766589218.8724306,-89.84375,-39.0625,-37.109375,-238.76953125,0.0,0,0
1766589218.926267,1766589218.87633,-34.1796875,-41.50390625,-27.83203125,-56.15234375,0.0,0,0
1766589218.926275,1766589218.8802292,28.80859375,-36.1328125,-18.5546875,170.8984375,0.0,0,0
1766589218.9262831,1766589218.8841283,29.296875,-37.59765625,-28.3203125,153.3203125,0.0,0,0
1766589218.9574971,1766589218.888114,-39.0625,-41.015625,-35.15625,-74.21875,0.0,0,0
1766589218.9575229,1766589218.8920133,-63.96484375,-37.109375,-37.59765625,-213.37890625,0.0,0,0
1766589218.957532,1766589218.8959124,-31.73828125,-32.2265625,-35.64453125,-129.39453125,0.0,0,0
1766589218.95754,1766589218.8998117,17.578125,-30.2734375,-32.71484375,19.04296875,0.0,0,0
1766589218.9575481,1766589218.903711,40.52734375,-27.83203125,-24.4140625,69.82421875,0.0,0,0
1766589218.957557,1766589218.9076102,-10.25390625,-21.484375,-25.390625,-79.1015625,0.0,0,0
1766589218.9575648,1766589218.9115095,-61.5234375,-26.3671875,-38.57421875,-235.3515625,0.0,0,0
1766589218.9575732,1766589218.9154088,-46.875,-32.2265625,-36.1328125,-218.75,0.0,0,0
1766589218.9575832,1766589218.919308,15.625,-34.66796875,-30.76171875,-83.984375,0.0,0,0
1766589218.957592,1766589218.9232073,29.78515625,-38.57421875,-29.296875,-52.24609375,0.0,0,0
1766589218.9576,1766589218.9271064,-18.06640625,-36.1328125,-34.1796875,-214.84375,0.0,0,0
1766589218.957608,1766589218.9310057,-61.5234375,-34.1796875,-42.48046875,-321.77734375,0.0,0,0
1766589219.002856,1766589218.934986,-55.6640625,-35.64453125,-42.96875,-262.6953125,0.0,0,0
1766589219.0028958,1766589218.9388852,14.16015625,-26.3671875,-22.4609375,-48.828125,0.0,0,0
1766589219.0029068,1766589218.9427845,47.36328125,-20.01953125,-17.578125,53.7109375,0.0,0,0
1766589219.002916,1766589218.946684,-4.8828125,-26.3671875,-30.2734375,-77.63671875,0.0,0,0
1766589219.0029252,1766589218.950583,-57.12890625,-32.2265625,-37.109375,-191.89453125,0.0,0,0
1766589219.002934,1766589218.9544823,-49.31640625,-27.34375,-32.2265625,-193.359375,0.0,0,0
1766589219.002943,1766589218.9583817,17.578125,-17.08984375,-21.97265625,-14.16015625,0.0,0,0
1766589219.002951,1766589218.9622808,43.9453125,-18.5546875,-21.484375,101.07421875,0.0,0,0
1766589219.00296,1766589218.96618,-4.8828125,-34.1796875,-27.34375,-58.10546875,0.0,0,0
1766589219.002968,1766589218.9700794,-58.59375,-41.50390625,-35.15625,-236.81640625,0.0,0,0
1766589219.0030231,1766589218.9739785,-69.3359375,-36.62109375,-36.62109375,-221.6796875,0.0,0,0
1766589219.003042,1766589218.9778779,-18.5546875,-34.1796875,-30.76171875,-22.4609375,0.0,0,0
1766589219.0479019,1766589218.9818501,23.92578125,-33.203125,-27.83203125,97.65625,0.0,0,0
1766589219.047939,1766589218.9857495,-9.765625,-35.15625,-30.2734375,46.38671875,0.0,0,0
1766589219.048031,1766589218.9896488,-74.21875,-36.1328125,-37.109375,-107.421875,0.0,0,0
1766589219.048058,1766589218.993548,-85.44921875,-34.66796875,-34.1796875,-116.2109375,0.0,0,0
1766589219.048068,1766589218.9974473,-32.2265625,-34.1796875,-30.2734375,47.8515625,0.0,0,0
1766589219.048126,1766589219.0013466,14.6484375,-28.3203125,-24.90234375,157.2265625,0.0,0,0
1766589219.048154,1766589219.0052457,1.46484375,-25.390625,-20.01953125,131.8359375,0.0,0,0
1766589219.0481632,1766589219.009145,-59.5703125,-34.1796875,-31.25,-33.203125,0.0,0,0
1766589219.048177,1766589219.0130444,-84.9609375,-45.41015625,-45.41015625,-92.7734375,0.0,0,0
1766589219.048214,1766589219.0169435,-15.625,-37.109375,-43.9453125,102.5390625,0.0,0,0
1766589219.048248,1766589219.0208428,42.48046875,-28.3203125,-28.80859375,256.34765625,0.0,0,0
1766589219.0482738,1766589219.0247421,3.41796875,-33.69140625,-20.99609375,181.15234375,0.0,0,0
1766589219.092902,1766589219.028709,-79.1015625,-38.57421875,-28.80859375,-37.59765625,0.0,0,0
1766589219.0929348,1766589219.0326083,-110.83984375,-38.0859375,-34.1796875,-122.55859375,0.0,0,0
1766589219.092947,1766589219.0365074,-58.59375,-31.25,-29.296875,40.52734375,0.0,0,0
1766589219.0929558,1766589219.0404067,-3.41796875,-31.25,-16.11328125,163.0859375,0.0,0,0
1766589219.0929651,1766589219.044306,-19.04296875,-44.921875,-13.18359375,91.30859375,0.0,0,0
1766589219.092973,1766589219.0482051,-80.56640625,-44.921875,-17.08984375,-79.1015625,0.0,0,0
1766589219.092982,1766589219.0521045,-109.86328125,-43.45703125,-29.78515625,-172.36328125,0.0,0,0
1766589219.0929909,1766589219.0560038,-75.68359375,-56.15234375,-38.0859375,-81.54296875,0.0,0,0
1766589219.09302,1766589219.0599031,-15.13671875,-54.6875,-29.296875,79.58984375,0.0,0,0
1766589219.0930402,1766589219.0638022,4.8828125,-38.57421875,-18.06640625,114.2578125,0.0,0,0
1766589219.09305,1766589219.0677016,-50.78125,-41.50390625,-21.97265625,-81.0546875,0.0,0,0
1766589219.093059,1766589219.071601,-94.7265625,-48.828125,-29.296875,-195.80078125,0.0,0,0
1766589219.152969,1766589219.0756137,-59.08203125,-41.9921875,-31.73828125,-74.70703125,0.0,0,0
1766589219.1530619,1766589219.079513,2.44140625,-33.69140625,-24.90234375,97.16796875,0.0,0,0
1766589219.153136,1766589219.0834122,24.4140625,-22.94921875,-11.71875,142.08984375,0.0,0,0
1766589219.1532102,1766589219.0873115,-27.34375,-31.25,-31.25,-38.57421875,0.0,0,0
1766589219.1532302,1766589219.0912108,-82.51953125,-42.96875,-47.36328125,-154.296875,0.0,0,0
1766589219.15324,1766589219.0951102,-63.96484375,-34.66796875,-20.99609375,-63.96484375,0.0,0,0
1766589219.153249,1766589219.0990093,0.9765625,-23.92578125,2.44140625,124.51171875,0.0,0,0
1766589219.153258,1766589219.1029086,19.04296875,-25.87890625,-4.39453125,173.33984375,0.0,0,0
1766589219.153306,1766589219.106808,-31.73828125,-36.62109375,-16.11328125,11.71875,0.0,0,0
1766589219.153402,1766589219.1107073,-72.265625,-35.64453125,-26.85546875,-119.62890625,0.0,0,0
1766589219.15342,1766589219.1146066,-63.4765625,-26.85546875,-30.2734375,-85.44921875,0.0,0,0
1766589219.15343,1766589219.1185057,-4.39453125,-22.4609375,-18.5546875,105.46875,0.0,0,0
1766589219.182538,1766589219.1224573,26.3671875,-17.578125,-12.6953125,195.80078125,0.0,0,0
1766589219.1825678,1766589219.1263566,-19.53125,-24.90234375,-25.87890625,56.640625,0.0,0,0
1766589219.1825778,1766589219.130256,-76.171875,-28.80859375,-31.25,-83.49609375,0.0,0,0
1766589219.182587,1766589219.134155,-78.125,-27.83203125,-27.83203125,-85.44921875,0.0,0,0
1766589219.1825972,1766589219.1380544,-12.20703125,-24.90234375,-17.08984375,96.19140625,0.0,0,0
1766589219.182605,1766589219.1419537,25.87890625,-13.671875,-13.18359375,208.49609375,0.0,0,0
1766589219.182614,1766589219.145853,-17.578125,-20.5078125,-31.73828125,58.10546875,0.0,0,0
1766589219.182623,1766589219.1497524,-74.21875,-29.296875,-36.62109375,-116.69921875,0.0,0,0
1766589219.182631,1766589219.1536515,-81.54296875,-25.87890625,-34.66796875,-115.234375,0.0,0,0
1766589219.18264,1766589219.1575508,-23.4375,-20.99609375,-32.71484375,83.49609375,0.0,0,0
1766589219.1826482,1766589219.1614501,16.11328125,-22.94921875,-23.92578125,191.40625,0.0,0,0
1766589219.1827168,1766589219.1653495,-29.78515625,-36.1328125,-25.87890625,89.35546875,0.0,0,0
1766589219.241385,1766589219.1692948,-83.0078125,-36.62109375,-31.73828125,-63.96484375,0.0,0,0
1766589219.241427,1766589219.1731942,-89.35546875,-36.1328125,-34.66796875,-109.375,0.0,0,0
1766589219.241463,1766589219.1770935,-32.71484375,-35.15625,-27.83203125,44.921875,0.0,0,0
1766589219.2414908,1766589219.1809928,17.578125,-26.85546875,-22.94921875,143.06640625,0.0,0,0
1766589219.241502,1766589219.1848922,-9.765625,-31.73828125,-32.2265625,3.41796875,0.0,0,0
1766589219.24151,1766589219.1887915,-65.91796875,-35.64453125,-27.34375,-198.2421875,0.0,0,0
1766589219.2415192,1766589219.1926906,-73.73046875,-27.83203125,-12.6953125,-246.58203125,0.0,0,0
1766589219.241559,1766589219.19659,-37.59765625,-25.87890625,-18.06640625,-127.9296875,0.0,0,0
1766589219.241575,1766589219.2004893,1.953125,-28.80859375,-27.34375,-3.41796875,0.0,0,0
1766589219.2416189,1766589219.2043886,-2.44140625,-35.15625,-26.85546875,-35.15625,0.0,0,0
1766589219.241629,1766589219.208288,-50.29296875,-37.59765625,-29.78515625,-206.0546875,0.0,0,0
1766589219.241638,1766589219.212187,-88.37890625,-38.0859375,-34.66796875,-275.390625,0.0,0,0
1766589219.287715,1766589219.2161257,-58.10546875,-41.015625,-35.64453125,-174.8046875,0.0,0,0
1766589219.2877471,1766589219.220025,16.11328125,-32.71484375,-28.3203125,-9.27734375,0.0,0,0
1766589219.287758,1766589219.2239242,26.3671875,-28.3203125,-27.83203125,18.06640625,0.0,0,0
1766589219.287767,1766589219.2278235,-46.875,-40.52734375,-37.109375,-162.59765625,0.0,0,0
1766589219.287775,1766589219.2317228,-81.0546875,-47.8515625,-42.48046875,-271.97265625,0.0,0,0
1766589219.2877839,1766589219.2356222,-38.57421875,-40.0390625,-24.4140625,-158.69140625,0.0,0,0
1766589219.2877922,1766589219.2395215,7.32421875,-34.66796875,-20.5078125,22.4609375,0.0,0,0
1766589219.2878,1766589219.2434208,22.94921875,-34.66796875,-26.85546875,60.05859375,0.0,0,0
1766589219.2878091,1766589219.24732,-21.97265625,-31.73828125,-23.4375,-103.02734375,0.0,0,0
1766589219.287817,1766589219.2512193,-71.77734375,-34.66796875,-28.80859375,-216.30859375,0.0,0,0
1766589219.2878249,1766589219.2551186,-49.31640625,-42.96875,-30.2734375,-127.44140625,0.0,0,0
1766589219.287852,1766589219.259018,28.80859375,-39.55078125,-21.97265625,57.12890625,0.0,0,0
1766589219.332434,1766589219.2630033,46.875,-25.87890625,-26.3671875,105.95703125,0.0,0,0
1766589219.332466,1766589219.2669024,-39.55078125,-25.87890625,-43.45703125,-90.8203125,0.0,0,0
1766589219.332476,1766589219.2708018,-98.6328125,-27.83203125,-46.875,-229.00390625,0.0,0,0
1766589219.3324852,1766589219.274701,-80.078125,-11.71875,-41.9921875,-186.03515625,0.0,0,0
1766589219.332493,1766589219.2786005,-23.92578125,0.9765625,-34.66796875,-20.5078125,0.0,0,0
1766589219.3325021,1766589219.2824998,6.8359375,2.44140625,-28.80859375,37.109375,0.0,0,0
1766589219.33251,1766589219.2863991,-54.19921875,-1.953125,-46.875,-137.6953125,0.0,0,0
1766589219.3325188,1766589219.2902985,-114.2578125,-10.25390625,-61.5234375,-264.6484375,0.0,0,0
1766589219.3325272,1766589219.2941976,-107.91015625,-12.6953125,-56.640625,-217.28515625,0.0,0,0
1766589219.332536,1766589219.298097,-50.78125,-10.7421875,-52.24609375,-53.22265625,0.0,0,0
1766589219.332544,1766589219.3019962,-9.765625,-9.765625,-44.43359375,26.3671875,0.0,0,0
1766589219.332552,1766589219.3058956,-36.1328125,-17.578125,-44.921875,-90.8203125,0.0,0,0
1766589219.377488,1766589219.3098743,-88.37890625,-25.87890625,-59.5703125,-219.23828125,0.0,0,0
1766589219.377523,1766589219.3137736,-96.19140625,-23.4375,-60.05859375,-206.0546875,0.0,0,0
1766589219.377534,1766589219.317673,-34.1796875,-20.01953125,-52.24609375,-42.48046875,0.0,0,0
1766589219.3775418,1766589219.3215723,16.11328125,-20.01953125,-42.48046875,59.5703125,0.0,0,0
1766589219.3775518,1766589219.3254716,-9.765625,-23.4375,-40.0390625,-32.2265625,0.0,0,0
1766589219.3775659,1766589219.329371,-73.2421875,-26.85546875,-42.96875,-158.203125,0.0,0,0
1766589219.377613,1766589219.3332703,-88.8671875,-29.78515625,-41.9921875,-169.921875,0.0,0,0
1766589219.377682,1766589219.3371696,-29.78515625,-28.3203125,-29.296875,-1.46484375,0.0,0,0
1766589219.377694,1766589219.341069,22.94921875,-23.92578125,-32.2265625,125.48828125,0.0,0,0
1766589219.377703,1766589219.3449683,5.37109375,-26.85546875,-41.50390625,42.48046875,0.0,0,0
1766589219.377711,1766589219.3488674,-53.22265625,-29.296875,-40.52734375,-146.484375,0.0,0,0
1766589219.377729,1766589219.3527668,-72.75390625,-21.97265625,-33.69140625,-194.3359375,0.0,0,0
1766589219.467157,1766589219.3568482,-29.296875,-25.390625,-29.296875,-48.33984375,0.0,0,0
1766589219.467191,1766589219.3607476,28.3203125,-27.34375,-28.80859375,61.03515625,0.0,0,0
1766589219.467217,1766589219.364647,20.01953125,-18.5546875,-24.90234375,21.484375,0.0,0,0
1766589219.467227,1766589219.3685462,-49.31640625,-21.484375,-28.80859375,-155.2734375,0.0,0,0
1766589219.467236,1766589219.3724456,-65.91796875,-22.94921875,-30.76171875,-231.4453125,0.0,0,0
1766589219.4672441,1766589219.376345,-21.484375,-22.94921875,-28.3203125,-75.1953125,0.0,0,0
1766589219.467253,1766589219.3802443,37.109375,-12.20703125,-16.11328125,94.7265625,0.0,0,0
1766589219.467284,1766589219.3841436,25.87890625,-15.625,-20.01953125,59.5703125,0.0,0,0
1766589219.467325,1766589219.388043,-41.015625,-39.55078125,-41.015625,-131.34765625,0.0,0,0
1766589219.4673338,1766589219.3919423,-70.3125,-35.64453125,-39.55078125,-213.37890625,0.0,0,0
1766589219.467359,1766589219.3958416,-35.15625,-20.99609375,-29.78515625,-99.12109375,0.0,0,0
1766589219.467368,1766589219.399741,26.85546875,-18.06640625,-27.34375,64.453125,0.0,0,0
1766589219.481864,1766589219.4037209,47.36328125,-12.6953125,-14.6484375,106.93359375,0.0,0,0
1766589219.481906,1766589219.4076202,-14.6484375,-16.6015625,-15.625,-61.03515625,0.0,0,0
1766589219.4819179,1766589219.4115195,-64.94140625,-23.4375,-27.83203125,-165.52734375,0.0,0,0
1766589219.4819279,1766589219.4154189,-36.62109375,-16.11328125,-27.34375,-72.265625,0.0,0,0
1766589219.481995,1766589219.4193182,15.13671875,-16.6015625,-24.4140625,47.36328125,0.0,0,0
1766589219.482049,1766589219.4232175,24.4140625,-21.97265625,-20.99609375,109.375,0.0,0,0
1766589219.482059,1766589219.4271169,-28.3203125,-25.87890625,-27.34375,-16.6015625,0.0,0,0
1766589219.482185,1766589219.4310164,-71.2890625,-33.69140625,-37.109375,-177.734375,0.0,0,0
1766589219.482197,1766589219.4349158,-46.38671875,-36.62109375,-36.1328125,-131.34765625,0.0,0,0
1766589219.482225,1766589219.438815,21.484375,-28.3203125,-26.85546875,65.91796875,0.0,0,0
1766589219.482284,1766589219.4427145,39.0625,-23.4375,-21.484375,159.1796875,0.0,0,0
1766589219.482341,1766589219.4466138,-2.9296875,-27.34375,-29.78515625,72.265625,0.0,0,0
1766589219.512543,1766589219.4505718,-48.33984375,-27.83203125,-39.55078125,-41.50390625,0.0,0,0
1766589219.512578,1766589219.454471,-36.62109375,-18.06640625,-32.71484375,7.32421875,0.0,0,0
1766589219.512589,1766589219.4583704,37.109375,-20.01953125,-28.3203125,206.54296875,0.0,0,0
1766589219.512598,1766589219.4622698,65.91796875,-25.390625,-28.3203125,241.69921875,0.0,0,0
1766589219.5126069,1766589219.466169,11.71875,-20.01953125,-31.73828125,70.80078125,0.0,0,0
1766589219.512616,1766589219.4700685,-43.9453125,-20.5078125,-40.52734375,-91.796875,0.0,0,0
1766589219.512624,1766589219.4739678,-49.8046875,-19.53125,-42.48046875,-119.62890625,0.0,0,0
1766589219.5126321,1766589219.4778671,12.6953125,-20.99609375,-34.66796875,49.31640625,0.0,0,0
1766589219.51264,1766589219.4817665,46.875,-32.2265625,-36.1328125,127.44140625,0.0,0,0
1766589219.512649,1766589219.4856658,0.48828125,-35.15625,-44.43359375,4.8828125,0.0,0,0
1766589219.512657,1766589219.4895651,-53.22265625,-25.87890625,-40.52734375,-141.11328125,0.0,0,0
1766589219.512665,1766589219.4934645,-50.78125,-20.01953125,-38.57421875,-177.734375,0.0,0,0
1766589219.557444,1766589219.4974165,-6.34765625,-21.484375,-36.62109375,-37.109375,0.0,0,0
1766589219.5574982,1766589219.5013158,32.2265625,-24.90234375,-33.203125,41.015625,0.0,0,0
1766589219.557517,1766589219.5052152,12.20703125,-24.4140625,-39.0625,-68.359375,0.0,0,0
1766589219.5577338,1766589219.5091145,-56.640625,-32.2265625,-44.921875,-222.16796875,0.0,0,0
1766589219.557755,1766589219.5130138,-78.61328125,-35.64453125,-45.8984375,-246.58203125,0.0,0,0
1766589219.557766,1766589219.5169132,-23.92578125,-27.83203125,-40.0390625,-63.4765625,0.0,0,0
1766589219.557776,1766589219.5208125,19.04296875,-31.73828125,-32.2265625,81.0546875,0.0,0,0
1766589219.557785,1766589219.5247118,0.48828125,-41.50390625,-36.62109375,-0.9765625,0.0,0,0
1766589219.557794,1766589219.5286112,-42.96875,-31.73828125,-39.0625,-169.43359375,0.0,0,0
1766589219.557803,1766589219.5325105,-76.66015625,-27.83203125,-38.57421875,-229.00390625,0.0,0,0
1766589219.557813,1766589219.5364099,-44.43359375,-28.3203125,-32.2265625,-80.078125,0.0,0,0
1766589219.557821,1766589219.5403092,17.08984375,-16.6015625,-22.4609375,83.0078125,0.0,0,0
1766589219.602955,1766589219.5442545,16.6015625,-26.3671875,-27.83203125,47.8515625,0.0,0,0
1766589219.602987,1766589219.5481539,-54.19921875,-37.109375,-38.0859375,-141.6015625,0.0,0,0
1766589219.602997,1766589219.5520532,-90.8203125,-32.2265625,-39.0625,-213.37890625,0.0,0,0
1766589219.603006,1766589219.5559525,-48.828125,-29.78515625,-29.296875,-82.51953125,0.0,0,0
1766589219.603014,1766589219.559852,16.11328125,-24.90234375,-25.390625,65.91796875,0.0,0,0
1766589219.603023,1766589219.5637512,25.390625,-15.625,-25.87890625,79.1015625,0.0,0,0
1766589219.6030312,1766589219.5676506,-37.109375,-16.11328125,-26.85546875,-79.1015625,0.0,0,0
1766589219.60304,1766589219.57155,-78.61328125,-21.484375,-38.57421875,-185.546875,0.0,0,0
1766589219.6030478,1766589219.5754492,-53.7109375,-20.01953125,-40.0390625,-111.81640625,0.0,0,0
1766589219.603057,1766589219.5793486,5.859375,-19.04296875,-22.94921875,61.03515625,0.0,0,0
1766589219.603075,1766589219.583248,13.18359375,-22.4609375,-21.484375,85.44921875,0.0,0,0
1766589219.603084,1766589219.5871472,-46.38671875,-27.34375,-34.66796875,-119.62890625,0.0,0,0
1766589219.661698,1766589219.5910852,-81.54296875,-27.83203125,-29.78515625,-226.5625,0.0,0,0
1766589219.6617339,1766589219.5949845,-61.5234375,-22.4609375,-19.53125,-136.23046875,0.0,0,0
1766589219.6617448,1766589219.5988839,-4.8828125,-15.625,-13.671875,43.45703125,0.0,0,0
1766589219.6617541,1766589219.6027832,19.53125,-12.20703125,-13.18359375,127.9296875,0.0,0,0
1766589219.661763,1766589219.6066825,-34.66796875,-14.6484375,-26.3671875,-29.296875,0.0,0,0
1766589219.661772,1766589219.6105819,-80.56640625,-25.87890625,-34.66796875,-157.71484375,0.0,0,0
1766589219.661781,1766589219.6144812,-65.4296875,-34.1796875,-26.3671875,-103.515625,0.0,0,0
1766589219.661789,1766589219.6183805,-14.6484375,-35.15625,-21.97265625,71.77734375,0.0,0,0
1766589219.661797,1766589219.62228,22.94921875,-24.90234375,-19.04296875,158.203125,0.0,0,0
1766589219.661806,1766589219.6261795,-15.13671875,-20.5078125,-20.99609375,22.94921875,0.0,0,0
1766589219.661814,1766589219.6300788,-82.03125,-26.85546875,-26.85546875,-118.1640625,0.0,0,0
1766589219.661823,1766589219.6339781,-73.73046875,-27.34375,-31.73828125,-105.46875,0.0,0,0
1766589219.707527,1766589219.637963,-1.953125,-21.97265625,-35.15625,88.8671875,0.0,0,0
1766589219.7075741,1766589219.6418624,23.4375,-17.578125,-32.2265625,170.41015625,0.0,0,0
1766589219.7075899,1766589219.6457617,-8.7890625,-18.06640625,-22.94921875,39.55078125,0.0,0,0
1766589219.707604,1766589219.649661,-62.01171875,-20.99609375,-26.3671875,-131.34765625,0.0,0,0
1766589219.7076201,1766589219.6535604,-74.70703125,-22.94921875,-31.73828125,-168.9453125,0.0,0,0
1766589219.7076328,1766589219.6574597,-18.5546875,-19.04296875,-21.97265625,13.18359375,0.0,0,0
1766589219.707646,1766589219.6613593,9.765625,-24.90234375,-28.3203125,105.46875,0.0,0,0
1766589219.707659,1766589219.6652586,-18.5546875,-30.76171875,-33.203125,14.16015625,0.0,0,0
1766589219.707674,1766589219.669158,-76.171875,-35.15625,-40.52734375,-142.08984375,0.0,0,0
1766589219.707687,1766589219.6730573,-88.37890625,-34.1796875,-43.9453125,-198.2421875,0.0,0,0
1766589219.7077,1766589219.6769567,-18.06640625,-25.390625,-24.90234375,-31.73828125,0.0,0,0
1766589219.7077131,1766589219.680856,25.390625,-28.3203125,-22.4609375,111.81640625,0.0,0,0
1766589219.7524228,1766589219.6848352,0.48828125,-34.66796875,-27.34375,86.42578125,0.0,0,0
1766589219.752461,1766589219.6887345,-54.6875,-32.2265625,-24.90234375,-49.8046875,0.0,0,0
1766589219.752474,1766589219.6926339,-74.70703125,-23.4375,-27.83203125,-113.76953125,0.0,0,0
1766589219.752487,1766589219.6965332,-30.2734375,-22.94921875,-26.3671875,33.69140625,0.0,0,0
1766589219.752498,1766589219.7004325,8.7890625,-29.296875,-20.99609375,151.3671875,0.0,0,0
1766589219.7525089,1766589219.704332,-1.953125,-25.87890625,-14.6484375,125.0,0.0,0,0
1766589219.752519,1766589219.7082314,-59.08203125,-27.34375,-23.92578125,-26.3671875,0.0,0,0
1766589219.7525299,1766589219.7121308,-93.26171875,-31.25,-42.48046875,-150.390625,0.0,0,0
1766589219.7525408,1766589219.7160301,-51.26953125,-32.71484375,-40.0390625,-55.17578125,0.0,0,0
1766589219.7525508,1766589219.7199295,-1.953125,-34.66796875,-32.71484375,100.09765625,0.0,0,0
1766589219.7525911,1766589219.7238288,0.9765625,-31.25,-28.3203125,103.515625,0.0,0,0
1766589219.752618,1766589219.7277284,-53.22265625,-35.15625,-39.55078125,-94.7265625,0.0,0,0
1766589219.797845,1766589219.7317004,-86.9140625,-33.203125,-43.45703125,-199.70703125,0.0,0,0
1766589219.797884,1766589219.7355998,-53.7109375,-32.71484375,-36.62109375,-92.7734375,0.0,0,0
1766589219.797898,1766589219.739499,2.44140625,-31.25,-29.78515625,71.2890625,0.0,0,0
1766589219.797911,1766589219.7433984,4.39453125,-29.296875,-28.80859375,108.3984375,0.0,0,0
1766589219.797923,1766589219.747298,-62.01171875,-33.203125,-37.59765625,-63.96484375,0.0,0,0
1766589219.797934,1766589219.7511973,-92.7734375,-34.66796875,-35.64453125,-159.1796875,0.0,0,0
1766589219.797947,1766589219.7550967,-71.77734375,-33.69140625,-35.64453125,-58.59375,0.0,0,0
1766589219.797958,1766589219.758996,-3.90625,-31.73828125,-41.015625,94.23828125,0.0,0,0
1766589219.7979698,1766589219.7628953,29.78515625,-33.69140625,-30.2734375,138.18359375,0.0,0,0
1766589219.797982,1766589219.766795,-29.296875,-36.1328125,-24.90234375,-9.27734375,0.0,0,0
1766589219.797994,1766589219.7706943,-79.1015625,-35.15625,-34.66796875,-124.0234375,0.0,0,0
1766589219.798025,1766589219.7745936,-69.3359375,-39.0625,-37.59765625,-74.70703125,0.0,0,0
1766589219.843385,1766589219.7785587,-14.16015625,-32.71484375,-24.90234375,130.37109375,0.0,0,0
1766589219.8434272,1766589219.782458,9.27734375,-23.92578125,-17.578125,225.09765625,0.0,0,0
1766589219.843446,1766589219.7863574,-36.62109375,-25.87890625,-24.90234375,64.453125,0.0,0,0
1766589219.843462,1766589219.790257,-84.9609375,-29.78515625,-35.15625,-88.37890625,0.0,0,0
1766589219.843476,1766589219.7941563,-80.56640625,-36.62109375,-41.50390625,-75.1953125,0.0,0,0
1766589219.843491,1766589219.7980556,-8.30078125,-24.90234375,-26.85546875,141.11328125,0.0,0,0
1766589219.8435059,1766589219.801955,19.04296875,-21.484375,-23.4375,235.3515625,0.0,0,0
1766589219.843522,1766589219.8058546,-28.80859375,-35.64453125,-33.69140625,54.19921875,0.0,0,0
1766589219.8435378,1766589219.809754,-76.66015625,-40.52734375,-39.55078125,-111.328125,0.0,0,0
1766589219.843552,1766589219.8136532,-82.03125,-38.57421875,-37.109375,-97.65625,0.0,0,0
1766589219.8435662,1766589219.8175526,-21.97265625,-32.2265625,-22.94921875,72.75390625,0.0,0,0
1766589219.843581,1766589219.821452,12.6953125,-24.4140625,-16.6015625,159.66796875,0.0,0,0
1766589219.8876438,1766589219.825411,-22.4609375,-28.3203125,-26.85546875,15.13671875,0.0,0,0
1766589219.88769,1766589219.8293104,-81.0546875,-34.1796875,-33.203125,-151.85546875,0.0,0,0
1766589219.887708,1766589219.83321,-101.5625,-36.62109375,-35.15625,-146.97265625,0.0,0,0
1766589219.887724,1766589219.8371093,-34.66796875,-30.76171875,-27.83203125,34.66796875,0.0,0,0
1766589219.887739,1766589219.8410087,11.23046875,-20.99609375,-20.99609375,123.53515625,0.0,0,0
1766589219.887754,1766589219.844908,-16.6015625,-21.484375,-20.99609375,21.484375,0.0,0,0
1766589219.887769,1766589219.8488076,-60.05859375,-23.92578125,-18.06640625,-102.05078125,0.0,0,0
1766589219.88791,1766589219.852707,-90.33203125,-40.52734375,-30.76171875,-166.9921875,0.0,0,0
1766589219.887927,1766589219.8566062,-51.26953125,-41.50390625,-28.3203125,-25.87890625,0.0,0,0
1766589219.8879418,1766589219.8605056,11.23046875,-30.76171875,-11.71875,121.09375,0.0,0,0
1766589219.887956,1766589219.8644052,3.90625,-36.62109375,-18.5546875,51.26953125,0.0,0,0
1766589219.8879712,1766589219.8683045,-55.17578125,-41.015625,-34.66796875,-132.8125,0.0,0,0
1766589219.9328792,1766589219.8722563,-79.58984375,-36.62109375,-30.76171875,-185.546875,0.0,0,0
1766589219.9329128,1766589219.8761556,-39.0625,-34.66796875,-15.13671875,-24.90234375,0.0,0,0
1766589219.932933,1766589219.880055,18.06640625,-28.80859375,-11.23046875,132.8125,0.0,0,0
1766589219.9329531,1766589219.8839543,21.97265625,-21.484375,-10.7421875,128.90625,0.0,0,0
1766589219.9329731,1766589219.8878539,-38.57421875,-31.25,-25.390625,-56.640625,0.0,0,0
1766589219.932992,1766589219.8917532,-71.2890625,-30.2734375,-27.83203125,-142.08984375,0.0,0,0
1766589219.933024,1766589219.8956525,-27.83203125,-21.484375,-18.5546875,-17.578125,0.0,0,0
1766589219.9330719,1766589219.8995519,25.390625,-26.85546875,-26.85546875,103.02734375,0.0,0,0
1766589219.933124,1766589219.9034514,24.4140625,-27.34375,-29.296875,88.8671875,0.0,0,0
1766589219.933148,1766589219.9073508,-28.3203125,-32.2265625,-32.2265625,-79.1015625,0.0,0,0
1766589219.933169,1766589219.91125,-64.453125,-30.2734375,-31.73828125,-192.3828125,0.0,0,0
1766589219.9331882,1766589219.9151497,-33.203125,-25.390625,-23.92578125,-87.40234375,0.0,0,0
1766589219.991481,1766589219.919095,28.80859375,-25.87890625,-23.4375,73.2421875,0.0,0,0
1766589219.991534,1766589219.9229944,38.57421875,-26.3671875,-27.34375,90.33203125,0.0,0,0
1766589219.9915571,1766589219.9268937,-26.3671875,-27.34375,-37.109375,-73.73046875,0.0,0,0
1766589219.9915771,1766589219.930793,-73.2421875,-28.3203125,-39.55078125,-216.30859375,0.0,0,0
1766589219.991597,1766589219.9346926,-56.640625,-30.2734375,-29.78515625,-176.26953125,0.0,0,0
1766589219.991617,1766589219.938592,9.765625,-23.4375,-14.6484375,21.97265625,0.0,0,0
1766589219.991636,1766589219.9424913,45.41015625,-23.92578125,-16.6015625,94.7265625,0.0,0,0
1766589219.9916558,1766589219.9463909,-11.23046875,-36.1328125,-35.15625,-78.125,0.0,0,0
1766589219.991677,1766589219.9502902,-69.3359375,-34.1796875,-36.1328125,-170.8984375,0.0,0,0
1766589219.9916968,1766589219.9541895,-58.59375,-28.80859375,-27.34375,-108.88671875,0.0,0,0
1766589219.9917161,1766589219.9580889,8.30078125,-23.4375,-17.578125,37.109375,0.0,0,0
1766589219.991735,1766589219.9619884,38.57421875,-22.4609375,-21.484375,92.7734375,0.0,0,0
1766589220.066293,1766589219.9660378,-12.6953125,-23.4375,-33.69140625,-43.45703125,0.0,0,0
1766589220.066366,1766589219.969937,-68.359375,-28.80859375,-39.0625,-170.8984375,0.0,0,0
1766589220.0663948,1766589219.9738364,-54.19921875,-26.85546875,-39.55078125,-133.7890625,0.0,0,0
1766589220.066421,1766589219.977736,-5.37109375,-24.90234375,-29.296875,78.61328125,0.0,0,0
1766589220.066446,1766589219.9816353,21.97265625,-22.4609375,-23.92578125,168.9453125,0.0,0,0
1766589220.0664709,1766589219.985535,-0.48828125,-18.5546875,-28.3203125,62.98828125,0.0,0,0
1766589220.066496,1766589219.9894342,-65.91796875,-23.4375,-39.0625,-103.02734375,0.0,0,0
1766589220.06652,1766589219.9933336,-87.890625,-35.64453125,-50.78125,-185.546875,0.0,0,0
1766589220.066545,1766589219.9972332,-25.390625,-36.1328125,-38.0859375,14.6484375,0.0,0,0
1766589220.066568,1766589220.0011325,23.4375,-32.71484375,-24.90234375,163.0859375,0.0,0,0
1766589220.066593,1766589220.0050318,-4.8828125,-29.78515625,-28.3203125,59.08203125,0.0,0,0
1766589220.066616,1766589220.0089314,-63.4765625,-28.80859375,-36.62109375,-103.02734375,0.0,0,0
1766589220.082921,1766589220.0129213,-79.1015625,-31.25,-41.015625,-143.06640625,0.0,0,0
1766589220.0829608,1766589220.016821,-17.08984375,-22.4609375,-29.78515625,41.9921875,0.0,0,0
1766589220.0829818,1766589220.0207202,24.4140625,-20.5078125,-32.2265625,167.96875,0.0,0,0
1766589220.083002,1766589220.0246196,-5.859375,-27.34375,-30.76171875,72.265625,0.0,0,0
1766589220.083022,1766589220.0285192,-63.4765625,-30.76171875,-25.390625,-90.33203125,0.0,0,0
1766589220.083041,1766589220.0324185,-79.1015625,-26.3671875,-28.3203125,-115.72265625,0.0,0,0
1766589220.083061,1766589220.0363178,-30.2734375,-27.34375,-29.78515625,11.71875,0.0,0,0
1766589220.083107,1766589220.0402174,13.18359375,-35.15625,-25.87890625,113.28125,0.0,0,0
1766589220.0831401,1766589220.0441167,1.46484375,-36.1328125,-30.2734375,74.70703125,0.0,0,0
1766589220.083161,1766589220.0480163,-53.22265625,-37.59765625,-40.0390625,-102.05078125,0.0,0,0
1766589220.0831811,1766589220.0519156,-72.265625,-35.64453125,-38.0859375,-167.96875,0.0,0,0
1766589220.08323,1766589220.055815,-27.34375,-26.85546875,-27.83203125,2.44140625,0.0,0,0
1766589220.1275918,1766589220.0597937,21.484375,-31.25,-28.80859375,161.62109375,0.0,0,0
1766589220.127658,1766589220.063693,20.5078125,-33.69140625,-35.15625,187.01171875,0.0,0,0
1766589220.127688,1766589220.0675924,-31.25,-29.78515625,-34.66796875,56.640625,0.0,0,0
1766589220.1277099,1766589220.071492,-70.80078125,-37.59765625,-38.0859375,-41.015625,0.0,0,0
1766589220.12773,1766589220.0753913,-46.875,-39.55078125,-34.1796875,61.5234375,0.0,0,0
1766589220.12775,1766589220.0792909,22.94921875,-23.92578125,-14.6484375,261.23046875,0.0,0,0
1766589220.1277702,1766589220.0831902,38.0859375,-21.484375,-14.6484375,308.59375,0.0,0,0
1766589220.127789,1766589220.0870898,-29.78515625,-38.0859375,-33.203125,94.23828125,0.0,0,0
1766589220.127811,1766589220.090989,-91.796875,-52.24609375,-46.38671875,-53.22265625,0.0,0,0
1766589220.127831,1766589220.0948884,-71.77734375,-47.36328125,-40.52734375,30.76171875,0.0,0,0
1766589220.12785,1766589220.098788,-0.48828125,-28.80859375,-20.99609375,198.73046875,0.0,0,0
1766589220.1278698,1766589220.1026874,16.11328125,-26.3671875,-18.5546875,241.2109375,0.0,0,0
1766589220.172929,1766589220.1066592,-37.109375,-29.78515625,-23.4375,22.4609375,0.0,0,0
1766589220.172981,1766589220.1105587,-80.078125,-26.3671875,-23.92578125,-163.57421875,0.0,0,0
1766589220.173005,1766589220.114458,-62.01171875,-23.92578125,-29.78515625,-148.4375,0.0,0,0
1766589220.1730292,1766589220.1183577,9.27734375,-26.85546875,-28.80859375,1.46484375,0.0,0,0
1766589220.1730502,1766589220.122257,31.73828125,-26.3671875,-22.94921875,92.7734375,0.0,0,0
1766589220.1730728,1766589220.1261566,-28.80859375,-24.90234375,-27.34375,-25.87890625,0.0,0,0
1766589220.1730938,1766589220.130056,-77.1484375,-20.5078125,-30.2734375,-120.60546875,0.0,0,0
1766589220.173141,1766589220.1339555,-65.4296875,-20.5078125,-29.296875,-117.1875,0.0,0,0
1766589220.1731892,1766589220.1378548,-3.90625,-31.73828125,-35.15625,4.8828125,0.0,0,0
1766589220.173214,1766589220.1417542,25.390625,-32.71484375,-27.34375,108.88671875,0.0,0,0
1766589220.173235,1766589220.1456537,-8.7890625,-30.76171875,-19.53125,0.9765625,0.0,0,0
1766589220.173255,1766589220.149553,-52.24609375,-29.78515625,-24.4140625,-138.671875,0.0,0,0
1766589220.2178922,1766589220.153518,-61.03515625,-31.73828125,-33.203125,-121.58203125,0.0,0,0
1766589220.217938,1766589220.1574173,-15.13671875,-28.80859375,-24.4140625,80.56640625,0.0,0,0
1766589220.217964,1766589220.1613169,26.85546875,-23.92578125,-14.6484375,179.6875,0.0,0,0
1766589220.217988,1766589220.1652162,-6.8359375,-26.85546875,-25.390625,56.640625,0.0,0,0
1766589220.2180119,1766589220.1691158,-68.84765625,-32.2265625,-40.52734375,-124.0234375,0.0,0,0
1766589220.218036,1766589220.173015,-68.84765625,-29.78515625,-31.25,-162.109375,0.0,0,0
1766589220.21806,1766589220.1769147,-14.6484375,-22.4609375,-21.484375,0.0,0.0,0,0
1766589220.2180831,1766589220.180814,20.99609375,-30.76171875,-30.2734375,95.703125,0.0,0,0
1766589220.218109,1766589220.1847136,2.9296875,-34.66796875,-22.94921875,72.265625,0.0,0,0
1766589220.218133,1766589220.188613,-59.5703125,-36.1328125,-28.80859375,-61.5234375,0.0,0,0
1766589220.218157,1766589220.1925125,-82.03125,-36.62109375,-35.64453125,-122.55859375,0.0,0,0
1766589220.218383,1766589220.1964118,-22.4609375,-30.76171875,-28.3203125,-23.4375,0.0,0,0
1766589220.263179,1766589220.200372,30.76171875,-31.73828125,-28.80859375,37.109375,0.0,0,0
1766589220.2633128,1766589220.2042716,21.97265625,-34.66796875,-27.83203125,-13.671875,0.0,0,0
1766589220.263398,1766589220.208171,-32.2265625,-33.203125,-42.48046875,-171.875,0.0,0,0
1766589220.263477,1766589220.2120705,-41.015625,-35.15625,-50.78125,-232.421875,0.0,0,0
1766589220.263524,1766589220.2159698,-8.7890625,-39.55078125,-33.69140625,-96.6796875,0.0,0,0
1766589220.263564,1766589220.2198694,9.27734375,-37.109375,-21.484375,-0.48828125,0.0,0,0
1766589220.2636049,1766589220.2237687,9.765625,-32.2265625,-13.18359375,-20.5078125,0.0,0,0
1766589220.2636428,1766589220.2276683,-47.36328125,-41.50390625,-20.5078125,-219.7265625,0.0,0,0
1766589220.263681,1766589220.2315676,-72.265625,-44.43359375,-26.85546875,-319.3359375,0.0,0,0
1766589220.263724,1766589220.2354672,-23.92578125,-38.57421875,-15.625,-183.10546875,0.0,0,0
1766589220.263762,1766589220.2393668,21.97265625,-40.0390625,-21.484375,-60.546875,0.0,0,0
1766589220.263799,1766589220.243266,12.20703125,-43.9453125,-35.64453125,-42.96875,0.0,0,0
1766589220.307839,1766589220.2472184,-32.71484375,-37.59765625,-34.1796875,-173.828125,0.0,0,0
1766589220.307907,1766589220.2511177,-61.03515625,-33.69140625,-30.2734375,-268.06640625,0.0,0,0
1766589220.307935,1766589220.2550173,-38.57421875,-38.0859375,-28.3203125,-142.578125,0.0,0,0
1766589220.30796,1766589220.2589166,20.99609375,-35.64453125,-25.87890625,52.24609375,0.0,0,0
1766589220.307987,1766589220.2628162,34.66796875,-33.69140625,-19.04296875,110.83984375,0.0,0,0
1766589220.308012,1766589220.2667155,-24.4140625,-30.2734375,-21.97265625,-47.8515625,0.0,0,0
1766589220.308037,1766589220.270615,-77.63671875,-35.15625,-41.9921875,-215.33203125,0.0,0,0
1766589220.308061,1766589220.2745144,-63.4765625,-42.48046875,-45.8984375,-144.53125,0.0,0,0
1766589220.308085,1766589220.278414,-0.48828125,-38.0859375,-32.71484375,69.82421875,0.0,0,0
1766589220.308109,1766589220.2823133,24.4140625,-31.25,-22.4609375,150.390625,0.0,0,0
1766589220.3081331,1766589220.286213,-24.90234375,-28.3203125,-21.484375,27.83203125,0.0,0,0
1766589220.308158,1766589220.2901123,-62.5,-26.85546875,-29.296875,-75.68359375,0.0,0,0
1766589220.366601,1766589220.2940593,-51.7578125,-26.3671875,-37.59765625,-57.6171875,0.0,0,0
1766589220.3666382,1766589220.2979586,10.25390625,-22.94921875,-24.90234375,116.69921875,0.0,0,0
1766589220.366654,1766589220.3018582,49.31640625,-18.5546875,-12.6953125,219.23828125,0.0,0,0
1766589220.366668,1766589220.3057578,0.48828125,-16.6015625,-20.5078125,69.3359375,0.0,0,0
1766589220.3666828,1766589220.309657,-62.5,-23.92578125,-34.66796875,-100.5859375,0.0,0,0
1766589220.366698,1766589220.3135567,-60.546875,-29.296875,-38.57421875,-89.84375,0.0,0,0
1766589220.366712,1766589220.317456,-3.41796875,-28.3203125,-32.71484375,73.73046875,0.0,0,0
1766589220.366726,1766589220.3213556,21.484375,-34.66796875,-37.59765625,115.72265625,0.0,0,0
1766589220.366743,1766589220.325255,-17.578125,-39.55078125,-41.015625,-28.80859375,0.0,0,0
1766589220.3667572,1766589220.3291545,-73.2421875,-37.59765625,-31.25,-187.01171875,0.0,0,0
1766589220.366772,1766589220.3330538,-82.03125,-33.69140625,-24.90234375,-210.9375,0.0,0,0
1766589220.3668008,1766589220.3369534,-27.34375,-28.3203125,-20.5078125,-33.69140625,0.0,0,0
1766589220.4127822,1766589220.3408914,11.71875,-26.3671875,-13.671875,100.5859375,0.0,0,0
1766589220.412826,1766589220.344791,-15.625,-28.80859375,-16.6015625,23.4375,0.0,0,0
1766589220.412842,1766589220.3486905,-75.68359375,-32.71484375,-26.85546875,-156.25,0.0,0,0
1766589220.412856,1766589220.3525898,-85.44921875,-29.296875,-28.3203125,-202.63671875,0.0,0,0
1766589220.41287,1766589220.3564894,-27.34375,-21.484375,-20.5078125,-27.34375,0.0,0,0
1766589220.412883,1766589220.3603888,24.4140625,-17.08984375,-11.71875,114.74609375,0.0,0,0
1766589220.412896,1766589220.3642883,0.48828125,-23.92578125,-12.20703125,47.36328125,0.0,0,0
1766589220.4129121,1766589220.3681877,-64.94140625,-34.66796875,-22.94921875,-146.484375,0.0,0,0
1766589220.412925,1766589220.3720872,-82.03125,-32.2265625,-28.3203125,-211.42578125,0.0,0,0
1766589220.4129379,1766589220.3759866,-31.73828125,-28.3203125,-26.85546875,-61.5234375,0.0,0,0
1766589220.412951,1766589220.3798862,25.87890625,-22.4609375,-20.01953125,84.47265625,0.0,0,0
1766589220.412964,1766589220.3837857,19.53125,-21.97265625,-18.5546875,66.89453125,0.0,0,0
1766589220.457484,1766589220.3877702,-56.15234375,-26.85546875,-27.34375,-103.515625,0.0,0,0
1766589220.457522,1766589220.3916695,-94.23828125,-31.73828125,-36.1328125,-216.30859375,0.0,0,0
1766589220.457535,1766589220.395569,-44.43359375,-32.2265625,-31.25,-93.75,0.0,0,0
1766589220.4575481,1766589220.3994684,10.7421875,-21.97265625,-23.92578125,62.01171875,0.0,0,0
1766589220.457561,1766589220.403368,7.32421875,-18.5546875,-20.99609375,60.546875,0.0,0,0
1766589220.457574,1766589220.4072676,-49.8046875,-23.92578125,-22.4609375,-98.6328125,0.0,0,0
1766589220.457587,1766589220.411167,-90.33203125,-29.296875,-24.4140625,-188.4765625,0.0,0,0
1766589220.4576,1766589220.4150665,-59.5703125,-31.25,-25.87890625,-47.36328125,0.0,0,0
1766589220.457613,1766589220.4189658,0.48828125,-30.2734375,-32.2265625,123.046875,0.0,0,0
1766589220.4576252,1766589220.4228654,7.32421875,-28.80859375,-24.90234375,128.41796875,0.0,0,0
1766589220.4576378,1766589220.4267647,-53.22265625,-29.296875,-26.3671875,-27.83203125,0.0,0,0
1766589220.457651,1766589220.4306643,-89.35546875,-30.2734375,-29.78515625,-128.41796875,0.0,0,0
1766589220.502895,1766589220.4346423,-62.98828125,-30.2734375,-24.4140625,-72.265625,0.0,0,0
1766589220.5029309,1766589220.438542,-6.8359375,-23.4375,-22.4609375,74.70703125,0.0,0,0
1766589220.50295,1766589220.4424415,2.44140625,-16.6015625,-20.5078125,126.953125,0.0,0,0
1766589220.5029671,1766589220.4463408,-54.19921875,-20.5078125,-28.3203125,-36.62109375,0.0,0,0
1766589220.502985,1766589220.4502404,-97.65625,-29.296875,-38.0859375,-167.96875,0.0,0,0
1766589220.503031,1766589220.4541397,-82.51953125,-30.2734375,-27.83203125,-131.8359375,0.0,0,0
1766589220.503072,1766589220.4580393,-13.18359375,-25.390625,-20.99609375,39.55078125,0.0,0,0
1766589220.503093,1766589220.4619389,14.16015625,-26.3671875,-29.296875,93.26171875,0.0,0,0
1766589220.5031118,1766589220.4658382,-13.671875,-27.34375,-42.96875,-49.31640625,0.0,0,0
1766589220.503129,1766589220.4697378,-69.3359375,-32.71484375,-44.921875,-187.5,0.0,0,0
1766589220.503146,1766589220.4736373,-98.6328125,-36.1328125,-39.0625,-203.61328125,0.0,0,0
1766589220.5031629,1766589220.4775367,-34.1796875,-29.78515625,-23.4375,-17.578125,0.0,0,0
1766589220.5474932,1766589220.481508,15.625,-26.85546875,-18.5546875,94.23828125,0.0,0,0
1766589220.5475352,1766589220.4854076,-25.390625,-43.9453125,-25.87890625,-37.109375,0.0,0,0
1766589220.547553,1766589220.489307,-79.58984375,-41.9921875,-32.71484375,-192.3828125,0.0,0,0
1766589220.54757,1766589220.4932065,-61.5234375,-32.71484375,-33.69140625,-173.33984375,0.0,0,0
1766589220.547591,1766589220.497106,-14.16015625,-39.0625,-23.92578125,-4.39453125,0.0,0,0
1766589220.5476081,1766589220.5010054,21.97265625,-30.76171875,-17.08984375,76.171875,0.0,0,0
1766589220.547625,1766589220.504905,12.20703125,-22.94921875,-20.5078125,-37.109375,0.0,0,0
1766589220.5476422,1766589220.5088046,-54.6875,-26.85546875,-34.66796875,-180.17578125,0.0,0,0
1766589220.547659,1766589220.512704,-77.63671875,-43.45703125,-40.0390625,-176.7578125,0.0,0,0
1766589220.547678,1766589220.5166035,-14.6484375,-38.0859375,-21.97265625,8.7890625,0.0,0,0
1766589220.547694,1766589220.5205028,23.92578125,-28.80859375,-16.6015625,132.8125,0.0,0,0
1766589220.547711,1766589220.5244024,0.0,-36.1328125,-25.390625,75.68359375,0.0,0,0
1766589220.5924459,1766589220.5283678,-58.10546875,-41.015625,-30.76171875,-83.984375,0.0,0,0
1766589220.592493,1766589220.5322673,-81.0546875,-38.57421875,-28.80859375,-178.7109375,0.0,0,0
1766589220.592511,1766589220.5361667,-20.5078125,-30.2734375,-22.94921875,-49.8046875,0.0,0,0
1766589220.59266,1766589220.5400662,33.203125,-26.3671875,-14.6484375,76.66015625,0.0,0,0
1766589220.5926778,1766589220.5439658,15.13671875,-26.3671875,-18.06640625,31.25,0.0,0,0
1766589220.592693,1766589220.5478652,-49.8046875,-27.34375,-29.78515625,-117.67578125,0.0,0,0
1766589220.592708,1766589220.5517647,-65.4296875,-24.90234375,-28.80859375,-180.17578125,0.0,0,0
1766589220.592723,1766589220.5556643,-15.13671875,-26.85546875,-25.87890625,-59.08203125,0.0,0,0
1766589220.592737,1766589220.5595636,24.90234375,-27.34375,-17.08984375,63.4765625,0.0,0,0
1766589220.5927522,1766589220.5634632,12.6953125,-25.390625,-20.01953125,29.296875,0.0,0,0
1766589220.592766,1766589220.5673628,-44.921875,-27.34375,-31.25,-138.671875,0.0,0,0
1766589220.592781,1766589220.5712621,-77.1484375,-27.34375,-32.2265625,-219.23828125,0.0,0,0
1766589220.6662002,1766589220.5752728,-35.15625,-32.2265625,-31.73828125,-126.46484375,0.0,0,0
1766589220.66624,1766589220.5791724,16.11328125,-32.2265625,-28.80859375,23.92578125,0.0,0,0
1766589220.666254,1766589220.5830717,15.625,-24.4140625,-30.76171875,38.57421875,0.0,0,0
1766589220.666267,1766589220.5869713,-44.921875,-31.25,-47.36328125,-159.66796875,0.0,0,0
1766589220.66628,1766589220.5908709,-78.61328125,-34.66796875,-43.45703125,-250.0,0.0,0,0
1766589220.666293,1766589220.5947704,-45.8984375,-22.94921875,-25.390625,-115.72265625,0.0,0,0
1766589220.666306,1766589220.5986698,9.765625,-19.53125,-21.484375,41.50390625,0.0,0,0
1766589220.6663182,1766589220.6025693,19.04296875,-27.34375,-27.34375,82.03125,0.0,0,0
1766589220.6663308,1766589220.606469,-45.8984375,-41.015625,-39.0625,-93.26171875,0.0,0,0
1766589220.666344,1766589220.6103683,-86.9140625,-41.9921875,-39.55078125,-231.93359375,0.0,0,0
1766589220.666357,1766589220.6142678,-60.05859375,-30.76171875,-35.15625,-169.921875,0.0,0,0
1766589220.666369,1766589220.6181674,6.8359375,-23.92578125,-23.92578125,-4.8828125,0.0,0,0
1766589220.682379,1766589220.6221225,27.34375,-24.90234375,-23.4375,40.52734375,0.0,0,0
1766589220.682414,1766589220.626022,-35.15625,-37.109375,-37.109375,-136.23046875,0.0,0,0
1766589220.682431,1766589220.6299217,-89.35546875,-45.8984375,-36.1328125,-239.74609375,0.0,0,0
1766589220.6824472,1766589220.6338212,-73.2421875,-37.109375,-30.76171875,-169.43359375,0.0,0,0
1766589220.682462,1766589220.6377206,-8.30078125,-38.0859375,-33.69140625,-8.7890625,0.0,0,0
1766589220.682477,1766589220.6416202,18.5546875,-38.57421875,-31.25,82.51953125,0.0,0,0
1766589220.6824908,1766589220.6455197,-20.01953125,-38.57421875,-39.55078125,-64.453125,0.0,0,0
1766589220.682506,1766589220.6494193,-58.10546875,-40.0390625,-40.52734375,-205.078125,0.0,0,0
1766589220.682522,1766589220.6533186,-58.10546875,-36.1328125,-35.64453125,-159.66796875,0.0,0,0
1766589220.682536,1766589220.6572182,-4.8828125,-29.78515625,-25.390625,38.0859375,0.0,0,0
1766589220.6825511,1766589220.6611178,29.296875,-30.76171875,-20.01953125,98.6328125,0.0,0,0
1766589220.6825652,1766589220.6650174,-12.20703125,-41.015625,-36.1328125,-56.15234375,0.0,0,0
1766589220.741122,1766589220.6689632,-56.15234375,-36.1328125,-32.71484375,-173.33984375,0.0,0,0
1766589220.741173,1766589220.6728628,-64.94140625,-35.15625,-27.83203125,-199.70703125,0.0,0,0
1766589220.741195,1766589220.6767623,-14.16015625,-30.76171875,-20.5078125,-35.15625,0.0,0,0
1766589220.7412171,1766589220.6806617,40.52734375,-19.53125,-16.6015625,109.375,0.0,0,0
1766589220.741237,1766589220.6845613,17.578125,-22.94921875,-33.203125,26.85546875,0.0,0,0
1766589220.741257,1766589220.6884608,-48.828125,-25.87890625,-24.90234375,-120.1171875,0.0,0,0
1766589220.741277,1766589220.6923604,-77.63671875,-26.85546875,-11.71875,-147.94921875,0.0,0,0
1766589220.741296,1766589220.6962597,-35.15625,-33.203125,-17.578125,-2.9296875,0.0,0,0
1766589220.741316,1766589220.7001593,17.578125,-32.71484375,-14.16015625,104.98046875,0.0,0,0
1766589220.741336,1766589220.704059,-3.90625,-34.66796875,-15.13671875,33.203125,0.0,0,0
1766589220.7413561,1766589220.7079585,-67.3828125,-39.55078125,-23.92578125,-127.9296875,0.0,0,0
1766589220.741375,1766589220.711858,-83.49609375,-40.52734375,-24.4140625,-169.921875,0.0,0,0
1766589220.787342,1766589220.7157962,-30.2734375,-31.73828125,-17.08984375,-47.8515625,0.0,0,0
1766589220.7874,1766589220.7196958,20.99609375,-32.2265625,-19.53125,67.87109375,0.0,0,0
1766589220.787426,1766589220.7235951,20.99609375,-35.15625,-15.13671875,98.6328125,0.0,0,0
1766589220.787447,1766589220.7274947,-28.3203125,-30.76171875,-17.08984375,-31.73828125,0.0,0,0
1766589220.787467,1766589220.7313943,-83.49609375,-41.50390625,-33.203125,-158.69140625,0.0,0,0
1766589220.7874901,1766589220.7352939,-43.45703125,-40.52734375,-23.4375,-44.921875,0.0,0,0
1766589220.787509,1766589220.7391934,25.87890625,-29.296875,-12.6953125,121.58203125,0.0,0,0
1766589220.78753,1766589220.7430928,13.671875,-32.71484375,-22.94921875,74.21875,0.0,0,0
1766589220.787549,1766589220.7469923,-50.78125,-34.66796875,-30.76171875,-114.2578125,0.0,0,0
1766589220.7875688,1766589220.750892,-84.9609375,-41.015625,-36.1328125,-219.23828125,0.0,0,0
1766589220.787589,1766589220.7547915,-54.19921875,-39.0625,-25.87890625,-121.09375,0.0,0,0
1766589220.7876081,1766589220.7586908,0.48828125,-32.71484375,-14.16015625,53.22265625,0.0,0,0
1766589220.8325918,1766589220.7626753,18.06640625,-30.76171875,-10.7421875,106.93359375,0.0,0,0
1766589220.8326552,1766589220.7665749,-38.0859375,-32.2265625,-19.04296875,-55.6640625,0.0,0,0
1766589220.832682,1766589220.7704744,-85.9375,-36.1328125,-32.2265625,-177.24609375,0.0,0,0
1766589220.8327072,1766589220.774374,-58.10546875,-27.34375,-29.78515625,-80.078125,0.0,0,0
1766589220.8327308,1766589220.7782733,6.34765625,-21.97265625,-23.4375,72.75390625,0.0,0,0
1766589220.8327549,1766589220.782173,23.92578125,-24.90234375,-25.390625,120.60546875,0.0,0,0
1766589220.832779,1766589220.7860725,-25.390625,-31.73828125,-32.71484375,-41.9921875,0.0,0,0
1766589220.8328059,1766589220.789972,-67.87109375,-37.109375,-33.69140625,-172.36328125,0.0,0,0
1766589220.83283,1766589220.7938716,-65.4296875,-36.62109375,-36.62109375,-117.67578125,0.0,0,0
1766589220.832854,1766589220.7977712,-11.23046875,-36.62109375,-31.73828125,41.50390625,0.0,0,0
1766589220.832878,1766589220.8016706,23.4375,-28.80859375,-21.484375,103.02734375,0.0,0,0
1766589220.832901,1766589220.8055701,-18.5546875,-25.87890625,-23.4375,-53.7109375,0.0,0,0
1766589220.8776362,1766589220.809548,-75.1953125,-30.2734375,-33.69140625,-209.9609375,0.0,0,0
1766589220.877687,1766589220.8134475,-79.1015625,-36.1328125,-36.1328125,-204.1015625,0.0,0,0
1766589220.8777092,1766589220.817347,-18.06640625,-34.1796875,-27.83203125,-11.23046875,0.0,0,0
1766589220.8777301,1766589220.8212464,20.99609375,-31.25,-16.6015625,111.328125,0.0,0,0
1766589220.877751,1766589220.825146,-17.578125,-37.59765625,-24.4140625,4.39453125,0.0,0,0
1766589220.877771,1766589220.8290455,-82.03125,-37.59765625,-33.69140625,-118.65234375,0.0,0,0
1766589220.87779,1766589220.832945,-92.7734375,-32.71484375,-34.1796875,-137.20703125,0.0,0,0
1766589220.87781,1766589220.8368447,-31.73828125,-33.203125,-35.64453125,0.0,0.0,0,0
1766589220.877831,1766589220.8407443,13.671875,-37.59765625,-28.3203125,120.60546875,0.0,0,0
1766589220.877876,1766589220.8446438,-20.5078125,-39.55078125,-29.78515625,11.71875,0.0,0,0
1766589220.8779242,1766589220.8485432,-77.1484375,-28.80859375,-34.1796875,-147.94921875,0.0,0,0
1766589220.877949,1766589220.8524427,-87.890625,-23.4375,-39.0625,-170.41015625,0.0,0,0
1766589220.953084,1766589220.856518,-39.55078125,-34.1796875,-32.2265625,-5.859375,0.0,0,0
1766589220.9531531,1766589220.8604176,3.90625,-35.15625,-20.99609375,121.09375,0.0,0,0
1766589220.953183,1766589220.864317,-12.6953125,-28.80859375,-23.4375,52.24609375,0.0,0,0
1766589220.953208,1766589220.8682165,-67.87109375,-26.85546875,-25.87890625,-96.19140625,0.0,0,0
1766589220.953242,1766589220.872116,-82.51953125,-31.25,-36.62109375,-162.109375,0.0,0,0
1766589220.953266,1766589220.8760157,-25.87890625,-29.78515625,-31.73828125,-9.765625,0.0,0,0
1766589220.953291,1766589220.8799152,19.53125,-25.87890625,-22.94921875,159.1796875,0.0,0,0
1766589220.9535098,1766589220.8838148,1.46484375,-34.66796875,-27.34375,115.234375,0.0,0,0
1766589220.953538,1766589220.8877144,-53.7109375,-44.921875,-33.203125,-75.1953125,0.0,0,0
1766589220.953562,1766589220.891614,-72.75390625,-36.62109375,-37.59765625,-136.23046875,0.0,0,0
1766589220.9535859,1766589220.8955135,-34.1796875,-31.25,-38.57421875,-6.34765625,0.0,0,0
1766589220.95361,1766589220.899413,21.484375,-29.78515625,-30.2734375,140.625,0.0,0,0
1766589220.967595,1766589220.9033813,22.94921875,-21.97265625,-22.4609375,130.37109375,0.0,0,0
1766589220.9676428,1766589220.907281,-36.1328125,-18.5546875,-23.4375,-51.7578125,0.0,0,0
1766589220.967697,1766589220.9111805,-80.078125,-33.69140625,-28.3203125,-140.13671875,0.0,0,0
1766589220.967756,1766589220.91508,-35.64453125,-45.8984375,-31.25,-29.78515625,0.0,0,0
1766589220.967785,1766589220.9189794,21.484375,-28.3203125,-32.2265625,110.3515625,0.0,0,0
1766589220.9678102,1766589220.922879,7.8125,-12.6953125,-28.3203125,114.74609375,0.0,0,0
1766589220.967835,1766589220.9267786,-61.03515625,-15.625,-37.109375,-80.56640625,0.0,0,0
1766589220.967859,1766589220.9306781,-106.93359375,-21.97265625,-49.8046875,-200.68359375,0.0,0,0
1766589220.967884,1766589220.9345777,-79.58984375,-14.16015625,-39.0625,-82.03125,0.0,0,0
1766589220.967935,1766589220.9384773,-17.08984375,-1.953125,-28.3203125,95.21484375,0.0,0,0
1766589220.967969,1766589220.9423769,-4.8828125,6.8359375,-29.296875,130.37109375,0.0,0,0
1766589220.967993,1766589220.9462764,-62.01171875,5.859375,-38.0859375,-39.55078125,0.0,0,0
1766589221.0128808,1766589220.950234,-104.00390625,2.44140625,-53.22265625,-169.43359375,0.0,0,0
1766589221.0129302,1766589220.9541335,-91.30859375,-1.46484375,-60.546875,-128.90625,0.0,0,0
1766589221.01295,1766589220.958033,-20.99609375,-2.44140625,-44.921875,49.31640625,0.0,0,0
1766589221.0129652,1766589220.9619327,8.7890625,-9.27734375,-35.15625,108.3984375,0.0,0,0
1766589221.012981,1766589220.9658322,-51.7578125,-15.625,-49.8046875,-85.44921875,0.0,0,0
1766589221.012995,1766589220.9697318,-104.98046875,-11.71875,-44.43359375,-197.265625,0.0,0,0
1766589221.01301,1766589220.9736314,-100.09765625,-7.8125,-42.48046875,-139.6484375,0.0,0,0
1766589221.013025,1766589220.977531,-41.015625,-20.01953125,-53.22265625,15.625,0.0,0,0
1766589221.01304,1766589220.9814305,0.48828125,-20.5078125,-44.43359375,99.609375,0.0,0,0
1766589221.013055,1766589220.98533,-40.0390625,-15.13671875,-39.55078125,-20.99609375,0.0,0,0
1766589221.013071,1766589220.9892297,-93.26171875,-23.92578125,-47.8515625,-173.33984375,0.0,0,0
1766589221.0130858,1766589220.9931293,-93.75,-29.296875,-49.31640625,-156.25,0.0,0,0
1766589221.05793,1766589220.997084,-31.73828125,-28.80859375,-36.62109375,51.26953125,0.0,0,0
1766589221.057986,1766589221.0009835,7.8125,-28.3203125,-37.109375,129.8828125,0.0,0,0
1766589221.0580008,1766589221.004883,-28.3203125,-29.296875,-40.52734375,12.6953125,0.0,0,0
1766589221.058014,1766589221.0087826,-78.61328125,-25.390625,-37.109375,-99.609375,0.0,0,0
1766589221.058027,1766589221.0126822,-89.35546875,-29.78515625,-48.33984375,-134.27734375,0.0,0,0
1766589221.0580401,1766589221.0165818,-30.2734375,-25.390625,-41.9921875,32.2265625,0.0,0,0
1766589221.058053,1766589221.0204813,10.7421875,-28.3203125,-36.1328125,144.04296875,0.0,0,0
1766589221.058066,1766589221.024381,-14.16015625,-37.59765625,-46.875,60.05859375,0.0,0,0
1766589221.058078,1766589221.0282805,-65.91796875,-34.66796875,-50.29296875,-60.546875,0.0,0,0
1766589221.058091,1766589221.03218,-88.8671875,-36.1328125,-50.78125,-143.06640625,0.0,0,0
1766589221.058103,1766589221.0360796,-29.78515625,-29.78515625,-41.50390625,11.23046875,0.0,0,0
1766589221.0581162,1766589221.0399792,29.78515625,-24.90234375,-31.73828125,171.875,0.0,0,0
1766589221.117507,1766589221.043975,18.06640625,-25.87890625,-25.87890625,114.74609375,0.0,0,0
1766589221.117545,1766589221.0478747,-48.828125,-25.390625,-28.80859375,-68.359375,0.0,0,0
1766589221.117557,1766589221.0517743,-80.56640625,-25.390625,-32.2265625,-171.38671875,0.0,0,0
1766589221.117569,1766589221.0556738,-31.25,-29.78515625,-26.3671875,-51.7578125,0.0,0,0
1766589221.117579,1766589221.0595734,17.578125,-34.66796875,-25.390625,80.56640625,0.0,0,0
1766589221.11764,1766589221.063473,8.30078125,-29.296875,-25.87890625,67.87109375,0.0,0,0
1766589221.117664,1766589221.0673726,-53.22265625,-31.25,-29.296875,-106.4453125,0.0,0,0
1766589221.117676,1766589221.0712721,-78.61328125,-32.71484375,-40.0390625,-220.703125,0.0,0,0
1766589221.117755,1766589221.0751717,-41.015625,-29.296875,-41.015625,-117.67578125,0.0,0,0
1766589221.117818,1766589221.0790713,15.13671875,-25.87890625,-31.25,41.50390625,0.0,0,0
1766589221.11786,1766589221.0829709,21.484375,-24.90234375,-25.390625,41.9921875,0.0,0,0
1766589221.1178722,1766589221.0868704,-33.203125,-28.3203125,-34.1796875,-114.74609375,0.0,0,0
1766589221.161442,1766589221.0908082,-67.87109375,-27.34375,-38.0859375,-187.5,0.0,0,0
1766589221.161472,1766589221.0947077,-51.26953125,-29.78515625,-38.57421875,-96.6796875,0.0,0,0
1766589221.161481,1766589221.0986073,-0.48828125,-29.296875,-41.50390625,33.203125,0.0,0,0
1766589221.1614919,1766589221.1025069,14.16015625,-27.83203125,-31.73828125,72.75390625,0.0,0,0
1766589221.1615,1766589221.1064065,-43.45703125,-33.69140625,-43.9453125,-81.54296875,0.0,0,0
1766589221.161509,1766589221.110306,-72.75390625,-28.3203125,-45.41015625,-184.08203125,0.0,0,0
1766589221.1615171,1766589221.1142056,-51.26953125,-26.3671875,-35.64453125,-109.375,0.0,0,0
1766589221.161526,1766589221.1181052,5.859375,-28.80859375,-33.203125,42.48046875,0.0,0,0
1766589221.161535,1766589221.1220047,37.59765625,-22.94921875,-27.34375,77.1484375,0.0,0,0
1766589221.161543,1766589221.1259043,-13.18359375,-29.296875,-32.71484375,-91.30859375,0.0,0,0
1766589221.161552,1766589221.1298041,-62.98828125,-34.66796875,-34.66796875,-202.63671875,0.0,0,0
1766589221.16156,1766589221.1337037,-54.6875,-29.296875,-32.2265625,-132.8125,0.0,0,0
1766589221.207573,1766589221.1376867,13.671875,-21.484375,-29.296875,54.19921875,0.0,0,0
1766589221.2076118,1766589221.1415863,41.9921875,-24.90234375,-24.4140625,128.90625,0.0,0,0
1766589221.207628,1766589221.145486,-18.5546875,-28.3203125,-25.87890625,-24.4140625,0.0,0,0
1766589221.2076428,1766589221.1493857,-78.61328125,-32.71484375,-38.57421875,-164.0625,0.0,0,0
1766589221.207658,1766589221.1532853,-75.68359375,-34.1796875,-41.50390625,-143.06640625,0.0,0,0
1766589221.207673,1766589221.1571848,-13.18359375,-22.4609375,-30.76171875,66.40625,0.0,0,0
1766589221.2076879,1766589221.1610844,23.92578125,-16.6015625,-31.73828125,198.73046875,0.0,0,0
1766589221.207703,1766589221.164984,-11.71875,-20.99609375,-36.62109375,76.171875,0.0,0,0
1766589221.20772,1766589221.1688836,-68.84765625,-26.85546875,-40.52734375,-101.07421875,0.0,0,0
1766589221.207734,1766589221.1727831,-85.44921875,-33.69140625,-40.52734375,-136.71875,0.0,0,0
1766589221.2077491,1766589221.1766827,-27.83203125,-28.80859375,-29.296875,60.546875,0.0,0,0
1766589221.207764,1766589221.1805823,7.32421875,-19.04296875,-26.3671875,179.6875,0.0,0,0
1766589221.25261,1766589221.1845593,-28.80859375,-24.90234375,-41.015625,48.828125,0.0,0,0
1766589221.252667,1766589221.188459,-83.984375,-30.2734375,-44.921875,-125.9765625,0.0,0,0
1766589221.252689,1766589221.1923587,-91.796875,-21.97265625,-39.55078125,-155.76171875,0.0,0,0
1766589221.2527082,1766589221.1962583,-35.15625,-19.53125,-31.73828125,17.578125,0.0,0,0
1766589221.252727,1766589221.2001579,9.765625,-20.01953125,-20.01953125,133.7890625,0.0,0,0
1766589221.252745,1766589221.2040575,-10.7421875,-23.92578125,-25.87890625,41.015625,0.0,0,0
1766589221.252764,1766589221.207957,-66.40625,-24.90234375,-32.71484375,-95.21484375,0.0,0,0
1766589221.252783,1766589221.2118566,-84.47265625,-17.08984375,-28.80859375,-120.60546875,0.0,0,0
1766589221.252801,1766589221.2157562,-39.0625,-25.87890625,-27.34375,6.34765625,0.0,0,0
1766589221.252819,1766589221.2196558,14.6484375,-26.85546875,-18.5546875,126.953125,0.0,0,0
1766589221.2528372,1766589221.2235553,9.27734375,-17.578125,-14.6484375,90.33203125,0.0,0,0
1766589221.25301,1766589221.2274551,-60.05859375,-23.4375,-25.87890625,-115.72265625,0.0,0,0
1766589221.297508,1766589221.2314253,-97.65625,-29.296875,-34.1796875,-205.56640625,0.0,0,0
1766589221.29757,1766589221.2353249,-48.33984375,-24.90234375,-24.90234375,-62.01171875,0.0,0,0
1766589221.2975948,1766589221.2392244,17.578125,-15.625,-20.01953125,83.49609375,0.0,0,0
1766589221.2976158,1766589221.243124,22.94921875,-16.11328125,-27.34375,71.2890625,0.0,0,0
1766589221.297638,1766589221.2470238,-45.41015625,-33.203125,-37.59765625,-115.72265625,0.0,0,0
1766589221.2976582,1766589221.2509234,-79.1015625,-38.57421875,-37.59765625,-197.75390625,0.0,0,0
1766589221.2976792,1766589221.254823,-25.87890625,-21.97265625,-24.90234375,-55.17578125,0.0,0,0
1766589221.297699,1766589221.2587225,34.66796875,-20.99609375,-21.484375,92.7734375,0.0,0,0
1766589221.297719,1766589221.262622,16.11328125,-41.50390625,-33.203125,111.328125,0.0,0,0
1766589221.297738,1766589221.2665217,-40.0390625,-38.0859375,-33.69140625,-38.57421875,0.0,0,0
1766589221.2977579,1766589221.2704215,-63.96484375,-28.3203125,-29.296875,-163.57421875,0.0,0,0
1766589221.297778,1766589221.274321,-39.55078125,-31.73828125,-33.203125,-120.60546875,0.0,0,0
1766589221.342761,1766589221.2782848,15.13671875,-28.80859375,-23.92578125,33.69140625,0.0,0,0
1766589221.342815,1766589221.2821844,27.34375,-23.92578125,-23.4375,55.6640625,0.0,0,0
1766589221.3428411,1766589221.286084,-31.25,-24.90234375,-40.0390625,-131.8359375,0.0,0,0
1766589221.3428621,1766589221.2899835,-80.56640625,-27.83203125,-36.62109375,-252.44140625,0.0,0,0
1766589221.342883,1766589221.293883,-54.6875,-26.3671875,-38.0859375,-170.8984375,0.0,0,0
1766589221.342902,1766589221.297783,27.83203125,-23.92578125,-32.71484375,37.109375,0.0,0,0
1766589221.342922,1766589221.3016825,44.921875,-27.34375,-25.390625,77.1484375,0.0,0,0
1766589221.342942,1766589221.305582,-34.66796875,-45.41015625,-37.109375,-109.86328125,0.0,0,0
1766589221.342962,1766589221.3094816,-83.984375,-48.33984375,-33.203125,-216.796875,0.0,0,0
1766589221.342981,1766589221.3133812,-46.875,-32.71484375,-19.53125,-135.7421875,0.0,0,0
1766589221.3430011,1766589221.3172808,0.9765625,-29.78515625,-12.20703125,56.640625,0.0,0,0
1766589221.3430212,1766589221.3211806,10.25390625,-36.1328125,-11.71875,114.2578125,0.0,0,0
1766589221.417525,1766589221.3252401,-21.484375,-40.0390625,-15.13671875,-37.59765625,0.0,0,0
1766589221.417562,1766589221.3291397,-82.51953125,-41.50390625,-13.671875,-170.41015625,0.0,0,0
1766589221.417581,1766589221.3330393,-86.9140625,-38.57421875,-16.6015625,-169.43359375,0.0,0,0
1766589221.4175959,1766589221.3369389,-17.578125,-34.66796875,-18.06640625,0.0,0.0,0,0
1766589221.417613,1766589221.3408387,17.578125,-35.15625,-15.625,92.28515625,0.0,0,0
1766589221.4176278,1766589221.3447382,-26.3671875,-35.64453125,-19.53125,-34.66796875,0.0,0,0
1766589221.417643,1766589221.3486378,-73.73046875,-35.15625,-25.390625,-168.9453125,0.0,0,0
1766589221.417658,1766589221.3525374,-81.54296875,-45.41015625,-37.109375,-195.3125,0.0,0,0
1766589221.4177,1766589221.3564372,-26.85546875,-41.9921875,-28.3203125,-32.71484375,0.0,0,0
1766589221.417726,1766589221.3603368,26.3671875,-29.78515625,-14.16015625,101.5625,0.0,0,0
1766589221.41774,1766589221.3642364,1.46484375,-30.2734375,-10.7421875,4.8828125,0.0,0,0
1766589221.417753,1766589221.368136,-45.41015625,-23.4375,-5.37109375,-155.76171875,0.0,0,0
1766589221.4323761,1766589221.3720913,-69.82421875,-29.296875,-26.85546875,-200.1953125,0.0,0,0
1766589221.4324028,1766589221.375991,-17.08984375,-30.2734375,-25.87890625,-27.34375,0.0,0,0
1766589221.432418,1766589221.3798907,36.1328125,-21.484375,-10.25390625,110.83984375,0.0,0,0
1766589221.4324322,1766589221.3837903,12.6953125,-27.34375,-17.08984375,17.578125,0.0,0,0
1766589221.4324448,1766589221.3876898,-41.015625,-32.71484375,-27.83203125,-157.2265625,0.0,0,0
1766589221.432458,1766589221.3915896,-62.98828125,-29.296875,-24.4140625,-190.4296875,0.0,0,0
1766589221.432472,1766589221.3954892,-13.671875,-27.83203125,-21.484375,-41.015625,0.0,0,0
1766589221.432485,1766589221.3993888,20.5078125,-31.25,-21.97265625,95.21484375,0.0,0,0
1766589221.4325151,1766589221.4032884,-0.9765625,-34.66796875,-25.87890625,93.75,0.0,0,0
1766589221.4325361,1766589221.4071882,-54.19921875,-36.62109375,-35.15625,-77.63671875,0.0,0,0
1766589221.43255,1766589221.4110878,-72.265625,-33.69140625,-38.0859375,-166.50390625,0.0,0,0
1766589221.4325628,1766589221.4149873,-22.94921875,-29.78515625,-32.2265625,-24.4140625,0.0,0,0
1766589221.49355,1766589221.4189348,5.37109375,-33.69140625,-22.94921875,98.6328125,0.0,0,0
1766589221.493592,1766589221.4228346,-14.6484375,-38.0859375,-16.6015625,85.44921875,0.0,0,0
1766589221.493612,1766589221.4267342,-59.5703125,-41.015625,-21.97265625,-64.453125,0.0,0,0
1766589221.493632,1766589221.4306338,-84.9609375,-41.015625,-31.73828125,-148.92578125,0.0,0,0
1766589221.4936519,1766589221.4345334,-72.75390625,-44.43359375,-33.203125,-63.4765625,0.0,0,0
1766589221.493672,1766589221.4384332,-19.53125,-38.0859375,-21.484375,86.42578125,0.0,0,0
1766589221.493691,1766589221.4423327,4.39453125,-29.78515625,-17.08984375,128.90625,0.0,0,0
1766589221.49371,1766589221.4462323,-47.36328125,-37.59765625,-33.203125,-60.05859375,0.0,0,0
1766589221.49376,1766589221.450132,-83.0078125,-35.64453125,-33.203125,-166.015625,0.0,0,0
1766589221.493783,1766589221.4540317,-70.3125,-41.015625,-28.3203125,-88.8671875,0.0,0,0
1766589221.493803,1766589221.4579313,-8.7890625,-36.1328125,-20.99609375,84.9609375,0.0,0,0
1766589221.493846,1766589221.4618309,14.16015625,-30.2734375,-18.06640625,141.6015625,0.0,0,0
1766589221.537628,1766589221.465781,-54.6875,-43.9453125,-30.76171875,-72.265625,0.0,0,0
1766589221.5376818,1766589221.4696805,-90.8203125,-45.8984375,-35.15625,-208.984375,0.0,0,0
1766589221.537705,1766589221.4735801,-69.3359375,-35.15625,-29.78515625,-137.6953125,0.0,0,0
1766589221.537726,1766589221.47748,-18.5546875,-28.3203125,-20.99609375,51.7578125,0.0,0,0
1766589221.537747,1766589221.4813795,9.765625,-24.90234375,-15.13671875,121.09375,0.0,0,0
1766589221.537767,1766589221.485279,-25.390625,-23.4375,-21.484375,-41.50390625,0.0,0,0
1766589221.537787,1766589221.489179,-81.0546875,-34.66796875,-36.62109375,-187.5,0.0,0,0
1766589221.537807,1766589221.4930785,-89.35546875,-43.9453125,-36.62109375,-168.45703125,0.0,0,0
1766589221.537826,1766589221.496978,-26.85546875,-36.62109375,-30.2734375,19.04296875,0.0,0,0
1766589221.53789,1766589221.5008779,21.484375,-25.87890625,-23.92578125,134.765625,0.0,0,0
1766589221.537935,1766589221.5047774,-15.625,-25.390625,-29.296875,10.7421875,0.0,0,0
1766589221.53796,1766589221.508677,-72.265625,-27.83203125,-35.15625,-119.62890625,0.0,0,0
1766589221.5839412,1766589221.5126631,-81.54296875,-34.1796875,-40.0390625,-128.90625,0.0,0,0
1766589221.584,1766589221.5165627,-18.5546875,-37.109375,-36.1328125,45.41015625,0.0,0,0
1766589221.584026,1766589221.5204625,36.1328125,-33.203125,-21.484375,164.0625,0.0,0,0
1766589221.584051,1766589221.524362,1.46484375,-34.1796875,-17.578125,65.91796875,0.0,0,0
1766589221.5840771,1766589221.5282617,-61.03515625,-35.64453125,-21.484375,-107.421875,0.0,0,0
1766589221.584102,1766589221.5321615,-81.0546875,-33.203125,-22.4609375,-136.23046875,0.0,0,0
1766589221.584126,1766589221.536061,-28.3203125,-31.73828125,-21.484375,39.55078125,0.0,0,0
1766589221.58415,1766589221.5399606,17.578125,-34.1796875,-26.3671875,144.53125,0.0,0,0
1766589221.584223,1766589221.5438604,-8.7890625,-47.36328125,-40.0390625,46.875,0.0,0,0
1766589221.58428,1766589221.54776,-69.3359375,-55.6640625,-39.55078125,-111.81640625,0.0,0,0
1766589221.58431,1766589221.5516596,-81.0546875,-45.41015625,-31.25,-134.27734375,0.0,0,0
1766589221.5843341,1766589221.5555594,-28.80859375,-40.0390625,-30.2734375,5.859375,0.0,0,0
1766589221.62798,1766589221.559539,14.6484375,-39.55078125,-29.78515625,136.71875,0.0,0,0
1766589221.628036,1766589221.5634387,7.32421875,-41.015625,-20.01953125,114.74609375,0.0,0,0
1766589221.628063,1766589221.5673385,-46.38671875,-41.9921875,-24.4140625,-58.59375,0.0,0,0
1766589221.62864,1766589221.571238,-80.078125,-38.0859375,-33.69140625,-136.23046875,0.0,0,0
1766589221.6286888,1766589221.5751376,-48.828125,-39.0625,-30.2734375,10.25390625,0.0,0,0
1766589221.628717,1766589221.5790374,4.39453125,-36.62109375,-21.484375,140.13671875,0.0,0,0
1766589221.628743,1766589221.582937,6.8359375,-35.15625,-25.87890625,90.33203125,0.0,0,0
1766589221.628767,1766589221.5868366,-54.6875,-39.55078125,-38.57421875,-104.4921875,0.0,0,0
1766589221.628791,1766589221.5907364,-80.078125,-35.64453125,-36.1328125,-199.70703125,0.0,0,0
1766589221.6288152,1766589221.594636,-43.9453125,-41.50390625,-31.25,-93.26171875,0.0,0,0
1766589221.6288378,1766589221.5985358,13.18359375,-35.15625,-24.4140625,61.03515625,0.0,0,0
1766589221.628862,1766589221.6024354,30.76171875,-29.78515625,-18.5546875,87.40234375,0.0,0,0
1766589221.718415,1766589221.6064084,-28.3203125,-38.57421875,-27.34375,-94.23828125,0.0,0,0
1766589221.718483,1766589221.610308,-65.91796875,-37.109375,-30.2734375,-187.98828125,0.0,0,0
1766589221.71856,1766589221.6142077,-32.71484375,-25.87890625,-25.87890625,-86.9140625,0.0,0,0
1766589221.718603,1766589221.6181073,23.92578125,-25.390625,-20.5078125,71.2890625,0.0,0,0
1766589221.718691,1766589221.6220071,33.203125,-27.34375,-17.08984375,105.95703125,0.0,0,0
1766589221.718737,1766589221.6259067,-18.5546875,-25.390625,-20.99609375,-59.5703125,0.0,0,0
1766589221.718761,1766589221.6298063,-67.3828125,-24.90234375,-22.4609375,-168.45703125,0.0,0,0
1766589221.718852,1766589221.633706,-53.7109375,-23.92578125,-24.90234375,-89.84375,0.0,0,0
1766589221.718875,1766589221.6376057,7.32421875,-32.71484375,-29.296875,60.546875,0.0,0,0
1766589221.7188962,1766589221.6415052,22.94921875,-35.15625,-25.87890625,90.33203125,0.0,0,0
1766589221.7189178,1766589221.645405,-15.625,-23.92578125,-21.484375,-24.90234375,0.0,0,0
1766589221.718965,1766589221.6493046,-67.3828125,-23.92578125,-35.64453125,-163.0859375,0.0,0,0
1766589221.7195368,1766589221.6532803,-64.453125,-27.83203125,-36.1328125,-148.92578125,0.0,0,0
1766589221.719569,1766589221.6571798,-1.46484375,-25.390625,-28.3203125,34.66796875,0.0,0,0
1766589221.7195892,1766589221.6610796,22.4609375,-19.53125,-24.4140625,131.8359375,0.0,0,0
1766589221.7196102,1766589221.6649792,-28.3203125,-24.4140625,-24.4140625,1.46484375,0.0,0,0
1766589221.719629,1766589221.668879,-83.984375,-40.0390625,-39.55078125,-165.52734375,0.0,0,0
1766589221.71965,1766589221.6727786,-77.1484375,-38.0859375,-39.0625,-133.7890625,0.0,0,0
1766589221.719669,1766589221.6766784,-13.18359375,-31.73828125,-30.76171875,58.59375,0.0,0,0
1766589221.719709,1766589221.680578,25.87890625,-35.15625,-26.3671875,180.6640625,0.0,0,0
1766589221.719742,1766589221.6844776,-12.20703125,-33.69140625,-30.2734375,41.50390625,0.0,0,0
1766589221.719796,1766589221.6883774,-69.82421875,-34.66796875,-40.52734375,-200.1953125,0.0,0,0
1766589221.719847,1766589221.692277,-76.66015625,-35.15625,-38.57421875,-235.83984375,0.0,0,0
1766589221.7198741,1766589221.6961768,-22.4609375,-28.3203125,-30.2734375,-64.453125,0.0,0,0
1766589221.762985,1766589221.700134,17.08984375,-29.78515625,-25.390625,54.6875,0.0,0,0
1766589221.763055,1766589221.7040339,-16.11328125,-26.85546875,-18.5546875,3.90625,0.0,0,0
1766589221.7630851,1766589221.7079334,-78.125,-21.97265625,-21.484375,-133.7890625,0.0,0,0
1766589221.7631109,1766589221.7118332,-93.75,-26.3671875,-28.80859375,-198.73046875,0.0,0,0
1766589221.763136,1766589221.7157328,-44.43359375,-28.3203125,-32.2265625,-76.66015625,0.0,0,0
1766589221.7631612,1766589221.7196326,6.8359375,-20.01953125,-16.11328125,41.9921875,0.0,0,0
1766589221.7631848,1766589221.7235322,-3.90625,-12.20703125,-7.8125,3.41796875,0.0,0,0
1766589221.7632132,1766589221.727432,-72.75390625,-21.97265625,-21.97265625,-196.2890625,0.0,0,0
1766589221.763239,1766589221.7313316,-111.81640625,-29.78515625,-28.3203125,-285.64453125,0.0,0,0
1766589221.763264,1766589221.7352312,-63.4765625,-24.90234375,-16.11328125,-119.62890625,0.0,0,0
1766589221.763289,1766589221.739131,-5.37109375,-13.671875,-5.859375,21.484375,0.0,0,0
1766589221.763315,1766589221.7430305,-25.87890625,9.765625,-13.671875,-24.4140625,0.0,0,0
1766589221.8101828,1766589221.7469842,-98.14453125,18.5546875,-19.53125,-208.984375,0.0,0,0
1766589221.81024,1766589221.7508838,-128.41796875,8.7890625,-15.13671875,-290.0390625,0.0,0,0
1766589221.810262,1766589221.7547836,-93.26171875,9.27734375,-18.06640625,-176.7578125,0.0,0,0
1766589221.810282,1766589221.7586832,-57.6171875,27.83203125,-13.671875,-50.78125,0.0,0,0
1766589221.810302,1766589221.762583,-65.91796875,32.71484375,-10.7421875,-80.078125,0.0,0,0
1766589221.810323,1766589221.7664826,-126.953125,28.80859375,-7.32421875,-260.25390625,0.0,0,0
1766589221.810344,1766589221.7703824,-169.43359375,30.2734375,-8.30078125,-354.4921875,0.0,0,0
1766589221.810364,1766589221.774282,-151.3671875,24.4140625,-21.484375,-259.765625,0.0,0,0
1766589221.810383,1766589221.7781816,-110.83984375,33.203125,-15.13671875,-102.5390625,0.0,0,0
1766589221.810403,1766589221.7820814,-102.05078125,45.8984375,-5.859375,-80.56640625,0.0,0,0
1766589221.8104231,1766589221.785981,-144.53125,43.9453125,-11.23046875,-239.2578125,0.0,0,0
1766589221.810442,1766589221.7898808,-188.4765625,47.8515625,-18.06640625,-334.47265625,0.0,0,0
1766589221.867997,1766589221.793827,-170.8984375,44.921875,-21.97265625,-276.85546875,0.0,0,0
1766589221.8680499,1766589221.7977269,-95.703125,41.9921875,-10.7421875,-106.4453125,0.0,0,0
1766589221.8680708,1766589221.8016264,-63.4765625,49.8046875,1.953125,-46.38671875,0.0,0,0
1766589221.868088,1766589221.8055263,-122.0703125,41.50390625,-10.25390625,-230.95703125,0.0,0,0
1766589221.868106,1766589221.8094258,-166.015625,37.109375,-18.06640625,-339.84375,0.0,0,0
1766589221.8681228,1766589221.8133256,-145.5078125,42.48046875,-11.71875,-235.83984375,0.0,0,0
1766589221.86814,1766589221.8172252,-83.0078125,34.66796875,-13.18359375,-29.296875,0.0,0,0
1766589221.868192,1766589221.821125,-51.7578125,24.4140625,-18.5546875,49.31640625,0.0,0,0
1766589221.868224,1766589221.8250246,-92.7734375,19.53125,-31.25,-71.77734375,0.0,0,0
1766589221.868244,1766589221.8289244,-125.9765625,8.30078125,-45.41015625,-188.96484375,0.0,0,0
1766589221.868261,1766589221.832824,-121.58203125,-0.9765625,-44.43359375,-177.734375,0.0,0,0
1766589221.868278,1766589221.8367238,-56.15234375,6.8359375,-34.1796875,10.25390625,0.0,0,0
1766589221.911969,1766589221.8406646,-2.44140625,1.953125,-41.9921875,128.90625,0.0,0,0
1766589221.912014,1766589221.8445644,-30.76171875,-17.08984375,-40.52734375,38.57421875,0.0,0,0
1766589221.912035,1766589221.848464,-70.80078125,-23.92578125,-37.59765625,-104.00390625,0.0,0,0
1766589221.912055,1766589221.8523638,-61.03515625,-32.71484375,-41.50390625,-125.9765625,0.0,0,0
1766589221.912075,1766589221.8562634,6.34765625,-34.66796875,-32.71484375,29.78515625,0.0,0,0
1766589221.912095,1766589221.8601632,61.03515625,-36.1328125,-29.296875,131.8359375,0.0,0,0
1766589221.912114,1766589221.8640628,58.59375,-50.78125,-37.109375,64.453125,0.0,0,0
1766589221.912137,1766589221.8679626,13.671875,-62.98828125,-50.29296875,-83.984375,0.0,0,0
1766589221.9121568,1766589221.8718622,-0.9765625,-63.96484375,-59.08203125,-112.3046875,0.0,0,0
1766589221.9121778,1766589221.875762,49.31640625,-66.40625,-39.0625,97.65625,0.0,0,0
1766589221.9121978,1766589221.8796616,97.16796875,-62.5,-28.80859375,245.1171875,0.0,0,0
1766589221.912245,1766589221.8835614,97.16796875,-54.19921875,-37.59765625,163.0859375,0.0,0,0
1766589221.9576352,1766589221.8875444,41.015625,-64.94140625,-43.9453125,0.48828125,0.0,0,0
1766589221.957681,1766589221.891444,7.8125,-72.265625,-53.7109375,-69.3359375,0.0,0,0
1766589221.957702,1766589221.8953438,59.08203125,-71.77734375,-47.8515625,65.4296875,0.0,0,0
1766589221.9577222,1766589221.8992434,111.81640625,-74.70703125,-41.9921875,172.36328125,0.0,0,0
1766589221.957742,1766589221.9031432,95.21484375,-72.75390625,-43.9453125,116.69921875,0.0,0,0
1766589221.9577768,1766589221.9070427,36.62109375,-65.4296875,-44.43359375,-18.5546875,0.0,0,0
1766589221.957807,1766589221.9109426,13.18359375,-64.453125,-48.33984375,-104.4921875,0.0,0,0
1766589221.959397,1766589221.9148424,52.734375,-62.5,-45.8984375,-11.71875,0.0,0,0
1766589221.959428,1766589221.918742,98.6328125,-64.453125,-40.52734375,134.765625,0.0,0,0
1766589221.959449,1766589221.9226418,105.46875,-62.98828125,-39.55078125,130.859375,0.0,0,0
1766589221.959469,1766589221.9265413,46.38671875,-59.08203125,-47.36328125,-34.1796875,0.0,0,0
1766589221.959489,1766589221.9304411,0.0,-62.01171875,-49.31640625,-112.3046875,0.0,0,0
1766589222.0174909,1766589221.9344673,32.2265625,-55.17578125,-34.66796875,-5.859375,0.0,0,0
1766589222.017526,1766589221.9383671,84.9609375,-54.6875,-31.25,117.1875,0.0,0,0
1766589222.017544,1766589221.942267,97.16796875,-49.31640625,-27.83203125,149.4140625,0.0,0,0
1766589222.0175612,1766589221.9461665,33.69140625,-50.29296875,-37.109375,-27.34375,0.0,0,0
1766589222.017578,1766589221.9500663,-18.06640625,-52.24609375,-44.43359375,-142.578125,0.0,0,0
1766589222.017594,1766589221.953966,11.71875,-39.55078125,-29.296875,-9.765625,0.0,0,0
1766589222.017611,1766589221.9578657,64.94140625,-39.55078125,-24.90234375,161.62109375,0.0,0,0
1766589222.017629,1766589221.9617655,72.75390625,-38.57421875,-24.4140625,187.5,0.0,0,0
1766589222.0176451,1766589221.965665,15.625,-41.9921875,-36.1328125,4.39453125,0.0,0,0
1766589222.017662,1766589221.969565,-30.76171875,-48.33984375,-46.875,-137.20703125,0.0,0,0
1766589222.017678,1766589221.9734645,-10.25390625,-35.64453125,-32.71484375,-63.96484375,0.0,0,0
1766589222.017695,1766589221.9773643,59.5703125,-23.92578125,-25.87890625,116.69921875,0.0,0,0
1766589222.0477262,1766589221.9813335,87.890625,-24.4140625,-28.3203125,180.6640625,0.0,0,0
1766589222.047776,1766589221.985233,32.71484375,-31.73828125,-35.15625,54.6875,0.0,0,0
1766589222.047796,1766589221.989133,-18.5546875,-32.71484375,-40.0390625,-68.359375,0.0,0,0
1766589222.0478132,1766589221.9930327,-18.06640625,-32.71484375,-42.96875,-38.57421875,0.0,0,0
1766589222.04783,1766589221.9969323,38.0859375,-30.76171875,-38.0859375,133.30078125,0.0,0,0
1766589222.0478468,1766589222.000832,71.2890625,-24.90234375,-30.2734375,236.328125,0.0,0,0
1766589222.047864,1766589222.004732,26.3671875,-23.4375,-31.73828125,112.3046875,0.0,0,0
1766589222.047881,1766589222.0086315,-25.87890625,-26.3671875,-35.64453125,-28.80859375,0.0,0,0
1766589222.047898,1766589222.0125313,-34.1796875,-33.69140625,-41.50390625,-42.48046875,0.0,0,0
1766589222.047915,1766589222.0164309,16.11328125,-35.15625,-40.0390625,77.1484375,0.0,0,0
1766589222.0479329,1766589222.0203307,57.12890625,-28.3203125,-32.2265625,145.99609375,0.0,0,0
1766589222.047969,1766589222.0242305,13.671875,-32.2265625,-42.96875,19.53125,0.0,0,0
1766589222.0925481,1766589222.028194,-48.828125,-39.0625,-51.7578125,-125.48828125,0.0,0,0
1766589222.092588,1766589222.0320935,-47.8515625,-31.73828125,-43.45703125,-106.4453125,0.0,0,0
1766589222.092608,1766589222.0359933,15.625,-18.5546875,-26.3671875,100.09765625,0.0,0,0
1766589222.092664,1766589222.0398932,61.5234375,-11.71875,-17.08984375,189.453125,0.0,0,0
1766589222.0926971,1766589222.0437927,32.2265625,-17.08984375,-25.390625,80.078125,0.0,0,0
1766589222.0927181,1766589222.0476925,-35.64453125,-22.4609375,-29.78515625,-52.734375,0.0,0,0
1766589222.092737,1766589222.0515924,-73.73046875,-27.83203125,-36.62109375,-101.07421875,0.0,0,0
1766589222.092757,1766589222.055492,-16.6015625,-31.25,-29.78515625,56.640625,0.0,0,0
1766589222.092777,1766589222.0593917,46.875,-24.4140625,-21.484375,193.359375,0.0,0,0
1766589222.0928278,1766589222.0632915,21.97265625,-23.92578125,-33.203125,116.69921875,0.0,0,0
1766589222.092854,1766589222.0671911,-41.50390625,-30.2734375,-37.109375,-42.48046875,0.0,0,0
1766589222.092874,1766589222.071091,-66.89453125,-32.71484375,-39.0625,-87.40234375,0.0,0,0
1766589222.13748,1766589222.075051,-32.71484375,-39.0625,-45.8984375,12.6953125,0.0,0,0
1766589222.13753,1766589222.0789506,27.34375,-34.1796875,-31.73828125,150.390625,0.0,0,0
1766589222.137551,1766589222.0828505,32.2265625,-25.87890625,-16.6015625,182.12890625,0.0,0,0
1766589222.137572,1766589222.0867503,-28.3203125,-31.25,-25.87890625,0.48828125,0.0,0,0
1766589222.137593,1766589222.0906498,-53.22265625,-31.73828125,-33.69140625,-124.0234375,0.0,0,0
1766589222.137613,1766589222.0945497,-12.20703125,-23.4375,-22.4609375,31.73828125,0.0,0,0
1766589222.137633,1766589222.0984495,34.66796875,-20.5078125,-19.04296875,198.2421875,0.0,0,0
1766589222.137683,1766589222.102349,29.296875,-33.69140625,-29.296875,170.41015625,0.0,0,0
1766589222.137727,1766589222.1062489,-30.76171875,-43.45703125,-39.55078125,-17.08984375,0.0,0,0
1766589222.137749,1766589222.1101487,-61.5234375,-34.66796875,-32.2265625,-113.76953125,0.0,0,0
1766589222.13777,1766589222.1140482,-30.2734375,-28.3203125,-22.94921875,-20.5078125,0.0,0,0
1766589222.13779,1766589222.117948,19.04296875,-29.78515625,-18.06640625,125.48828125,0.0,0,0
1766589222.182975,1766589222.1219015,29.78515625,-35.15625,-20.01953125,162.59765625,0.0,0,0
1766589222.183038,1766589222.1258013,-14.16015625,-39.0625,-28.80859375,11.23046875,0.0,0,0
1766589222.183062,1766589222.129701,-57.12890625,-40.0390625,-40.52734375,-107.421875,0.0,0,0
1766589222.1830819,1766589222.1336007,-46.38671875,-39.55078125,-41.9921875,-34.1796875,0.0,0,0
1766589222.183103,1766589222.1375005,21.484375,-39.0625,-31.25,131.8359375,0.0,0,0
1766589222.1831229,1766589222.1414,46.38671875,-31.73828125,-26.3671875,165.0390625,0.0,0,0
1766589222.1831732,1766589222.1453,-10.7421875,-33.69140625,-34.1796875,8.7890625,0.0,0,0
1766589222.1832068,1766589222.1491997,-45.41015625,-37.59765625,-29.296875,-88.37890625,0.0,0,0
1766589222.1832268,1766589222.1530993,-27.83203125,-33.69140625,-27.83203125,-46.875,0.0,0,0
1766589222.183247,1766589222.156999,24.4140625,-37.59765625,-33.203125,104.00390625,0.0,0,0
1766589222.183269,1766589222.160899,47.8515625,-34.1796875,-27.83203125,175.78125,0.0,0,0
1766589222.183289,1766589222.1647987,-6.8359375,-37.59765625,-34.66796875,23.4375,0.0,0,0
1766589222.242912,1766589222.1687462,-58.10546875,-41.50390625,-42.48046875,-109.375,0.0,0,0
1766589222.242971,1766589222.172646,-54.6875,-30.76171875,-35.15625,-73.2421875,0.0,0,0
1766589222.242997,1766589222.1765456,8.30078125,-27.34375,-31.73828125,78.61328125,0.0,0,0
1766589222.243022,1766589222.1804454,44.921875,-36.1328125,-38.0859375,145.01953125,0.0,0,0
1766589222.243047,1766589222.1843452,-2.9296875,-44.43359375,-41.9921875,61.5234375,0.0,0,0
1766589222.243071,1766589222.1882448,-51.26953125,-38.57421875,-37.59765625,-59.5703125,0.0,0,0
1766589222.243095,1766589222.1921446,-64.94140625,-36.62109375,-42.48046875,-109.375,0.0,0,0
1766589222.243119,1766589222.1960444,-12.20703125,-40.52734375,-41.015625,53.22265625,0.0,0,0
1766589222.243212,1766589222.199944,41.50390625,-38.57421875,-27.83203125,176.26953125,0.0,0,0
1766589222.243264,1766589222.2038438,9.765625,-40.52734375,-36.1328125,53.22265625,0.0,0,0
1766589222.2432919,1766589222.2077436,-55.17578125,-42.48046875,-44.43359375,-112.79296875,0.0,0,0
1766589222.243317,1766589222.2116435,-75.68359375,-44.921875,-41.50390625,-150.390625,0.0,0,0
1766589222.3167171,1766589222.2155857,-18.06640625,-43.9453125,-33.69140625,-3.41796875,0.0,0,0
1766589222.3167748,1766589222.2194853,40.52734375,-40.0390625,-26.85546875,140.13671875,0.0,0,0
1766589222.316799,1766589222.223385,30.76171875,-37.59765625,-33.203125,93.26171875,0.0,0,0
1766589222.316819,1766589222.227285,-30.2734375,-37.59765625,-44.43359375,-100.5859375,0.0,0,0
1766589222.316841,1766589222.2311847,-68.84765625,-46.875,-57.12890625,-206.54296875,0.0,0,0
1766589222.316861,1766589222.2350843,-19.53125,-44.43359375,-41.015625,-24.90234375,0.0,0,0
1766589222.316881,1766589222.238984,30.2734375,-37.109375,-28.3203125,126.953125,0.0,0,0
1766589222.3169,1766589222.242884,32.2265625,-36.62109375,-33.69140625,65.91796875,0.0,0,0
1766589222.316919,1766589222.2467835,-22.94921875,-38.57421875,-37.109375,-104.4921875,0.0,0,0
1766589222.316942,1766589222.2506833,-74.21875,-51.26953125,-50.78125,-205.56640625,0.0,0,0
1766589222.316963,1766589222.2545831,-17.08984375,-50.29296875,-39.0625,-33.69140625,0.0,0,0
