timestamp,lsl_timestamp,TP9,AF7,AF8,TP10,Right AUX,keypress_A,keypress_B
1766593539.971282,1766593539.9055243,424.8046875,26.85546875,-17.578125,25.87890625,0.0,0,0
1766593539.971405,1766593539.909419,-862.3046875,-78.125,-60.546875,-52.24609375,0.0,0,0
1766593539.971427,1766593539.913314,-1000.0,-115.72265625,-20.5078125,-54.6875,0.0,0,0
1766593539.971445,1766593539.917209,-180.17578125,-5.37109375,20.5078125,3.41796875,0.0,0,0
1766593539.9714618,1766593539.921104,-882.32421875,28.3203125,28.80859375,15.625,0.0,0,0
1766593539.971479,1766593539.924999,552.24609375,-38.57421875,-24.90234375,-2.9296875,0.0,0,0
1766593539.9714959,1766593539.9288938,-751.46484375,-41.015625,-83.984375,-64.453125,0.0,0,0
1766593539.971512,1766593539.9327888,-1000.0,-72.265625,-68.84765625,-130.37109375,0.0,0,0
1766593539.971528,1766593539.9366837,-268.06640625,-75.68359375,-7.8125,-82.51953125,0.0,0,0
1766593539.971545,1766593539.9405787,999.0234375,27.83203125,33.69140625,6.8359375,0.0,0,0
1766593539.971562,1766593539.9444737,759.27734375,47.8515625,-7.8125,44.43359375,0.0,0,0
1766593539.9715781,1766593539.9483685,-509.27734375,-28.3203125,-82.03125,-0.9765625,0.0,0,0
1766593540.019104,1766593539.9523828,-1000.0,-66.40625,-86.9140625,-68.359375,0.0,0,0
1766593540.019208,1766593539.9562778,-431.15234375,-35.64453125,0.9765625,-25.87890625,0.0,0,0
1766593540.019253,1766593539.9601727,899.4140625,30.76171875,49.31640625,29.296875,0.0,0,0
1766593540.0192919,1766593539.9640677,930.6640625,26.85546875,34.1796875,22.4609375,0.0,0,0
1766593540.01933,1766593539.9679627,-287.59765625,-25.87890625,-29.78515625,9.27734375,0.0,0,0
1766593540.019369,1766593539.9718575,-1000.0,-47.36328125,-60.546875,-41.9921875,0.0,0,0
1766593540.019407,1766593539.9757526,-596.19140625,-18.06640625,-6.8359375,-63.4765625,0.0,0,0
1766593540.019444,1766593539.9796476,713.37890625,21.97265625,27.83203125,-37.59765625,0.0,0,0
1766593540.0194812,1766593539.9835424,-962.40234375,57.6171875,-0.9765625,-3.90625,0.0,0,0
1766593540.01952,1766593539.9874375,-150.390625,35.15625,-37.59765625,10.25390625,0.0,0,0
1766593540.019556,1766593539.9913325,-1000.0,-6.34765625,-71.77734375,-42.48046875,0.0,0,0
1766593540.0195909,1766593539.9952273,-645.99609375,-16.6015625,-25.390625,-3.41796875,0.0,0,0
1766593540.062428,1766593539.999227,643.06640625,12.20703125,71.2890625,22.4609375,0.0,0,0
1766593540.0625489,1766593540.003122,-895.99609375,37.109375,52.24609375,12.6953125,0.0,0,0
1766593540.062591,1766593540.0070171,-51.26953125,4.39453125,-53.22265625,-47.36328125,0.0,0,0
1766593540.06263,1766593540.0109122,-1000.0,-25.390625,-116.69921875,-88.37890625,0.0,0,0
1766593540.062668,1766593540.014807,-831.54296875,-7.8125,-39.55078125,-11.23046875,0.0,0,0
1766593540.0627048,1766593540.018702,356.4453125,64.94140625,43.9453125,4.8828125,0.0,0,0
1766593540.062742,1766593540.022597,-845.21484375,147.4609375,51.26953125,12.6953125,0.0,0,0
1766593540.062779,1766593540.026492,52.734375,99.12109375,-39.0625,11.23046875,0.0,0,0
1766593540.062818,1766593540.030387,-1000.0,40.0390625,-81.0546875,-43.9453125,0.0,0,0
1766593540.062857,1766593540.034282,-929.19921875,47.8515625,6.34765625,-52.734375,0.0,0,0
1766593540.062892,1766593540.038177,194.3359375,27.83203125,55.6640625,-39.0625,0.0,0,0
1766593540.062928,1766593540.042072,-810.546875,75.68359375,46.38671875,-10.25390625,0.0,0,0
1766593540.121956,1766593540.0460606,262.6953125,110.83984375,-17.578125,14.6484375,0.0,0,0
1766593540.122112,1766593540.0499556,-1000.0,67.87109375,-62.01171875,-4.8828125,0.0,0,0
1766593540.1222389,1766593540.0538504,-1000.0,109.86328125,-20.01953125,-118.1640625,0.0,0,0
1766593540.122321,1766593540.0577455,38.57421875,205.078125,33.203125,-78.61328125,0.0,0,0
1766593540.122435,1766593540.0616405,-807.12890625,219.7265625,25.87890625,45.8984375,0.0,0,0
1766593540.1224902,1766593540.0655355,258.30078125,205.078125,-8.7890625,-49.31640625,0.0,0,0
1766593540.1225421,1766593540.0694306,-997.55859375,135.25390625,-56.15234375,-156.25,0.0,0,0
1766593540.12264,1766593540.0733256,-1000.0,121.09375,-60.546875,-160.64453125,0.0,0,0
1766593540.122689,1766593540.0772204,-72.75390625,266.11328125,13.18359375,-89.84375,0.0,0,0
1766593540.1227489,1766593540.0811155,-819.82421875,359.86328125,42.48046875,-70.3125,0.0,0,0
1766593540.1227992,1766593540.0850105,376.46484375,327.1484375,-22.94921875,-163.0859375,0.0,0,0
1766593540.1228511,1766593540.0889056,-910.15625,268.5546875,-108.3984375,-198.73046875,0.0,0,0
1766593540.1823502,1766593540.0930579,-1000.0,288.0859375,-110.3515625,-147.4609375,0.0,0,0
1766593540.182446,1766593540.096953,-182.12890625,395.01953125,-15.13671875,-125.9765625,0.0,0,0
1766593540.18249,1766593540.100848,-855.46875,443.359375,35.15625,-103.02734375,0.0,0,0
1766593540.182529,1766593540.104743,511.23046875,452.63671875,-50.78125,-126.46484375,0.0,0,0
1766593540.182608,1766593540.108638,-797.36328125,435.05859375,-109.86328125,-242.67578125,0.0,0,0
1766593540.1826508,1766593540.112533,-1000.0,374.0234375,-54.6875,-289.55078125,0.0,0,0
1766593540.182688,1766593540.1164281,-267.578125,437.5,-57.12890625,-257.32421875,0.0,0,0
1766593540.1827252,1766593540.120323,-914.55078125,579.58984375,-45.8984375,-277.34375,0.0,0,0
1766593540.182761,1766593540.124218,657.2265625,563.96484375,-43.45703125,-323.73046875,0.0,0,0
1766593540.182799,1766593540.128113,-648.4375,494.140625,-136.71875,-290.0390625,0.0,0,0
1766593540.1828349,1766593540.132008,-1000.0,445.3125,-129.39453125,-307.6171875,0.0,0,0
1766593540.1828742,1766593540.1359031,-347.16796875,437.5,-54.6875,-352.5390625,0.0,0,0
1766593540.2132962,1766593540.1399624,-991.2109375,506.34765625,49.31640625,-204.1015625,0.0,0,0
1766593540.213412,1766593540.1438575,838.8671875,595.21484375,8.30078125,-121.09375,0.0,0,0
1766593540.21347,1766593540.1477525,-450.1953125,597.65625,-134.27734375,-172.8515625,0.0,0,0
1766593540.2135239,1766593540.1516478,-1000.0,458.0078125,-146.97265625,-230.46875,0.0,0,0
1766593540.2135758,1766593540.1555429,-431.640625,469.23828125,-83.49609375,-246.09375,0.0,0,0
1766593540.2136362,1766593540.159438,866.69921875,610.83984375,-22.4609375,-151.85546875,0.0,0,0
1766593540.2136881,1766593540.163333,-949.70703125,623.046875,-57.12890625,-100.09765625,0.0,0,0
1766593540.213739,1766593540.167228,-90.33203125,587.40234375,-134.765625,-110.3515625,0.0,0,0
1766593540.213789,1766593540.171123,-1000.0,583.984375,-148.4375,-148.92578125,0.0,0,0
1766593540.2138398,1766593540.175018,-571.2890625,531.73828125,-86.9140625,-131.8359375,0.0,0,0
1766593540.21389,1766593540.178913,733.3984375,499.51171875,-32.2265625,-15.625,0.0,0,0
1766593540.2139578,1766593540.1828082,-862.79296875,528.80859375,-62.01171875,66.40625,0.0,0,0
1766593540.257355,1766593540.18685,89.84375,556.15234375,-104.4921875,1.953125,0.0,0,0
1766593540.257469,1766593540.1907454,-1000.0,414.55078125,-135.25390625,-20.99609375,0.0,0,0
1766593540.2575119,1766593540.1946404,-703.61328125,369.140625,-60.546875,-76.171875,0.0,0,0
1766593540.25755,1766593540.1985354,593.26171875,518.5546875,33.69140625,-121.09375,0.0,0,0
1766593540.257591,1766593540.2024305,-828.61328125,604.98046875,-38.0859375,145.99609375,0.0,0,0
1766593540.257629,1766593540.2063255,181.15234375,544.921875,-137.20703125,125.0,0.0,0,0
1766593540.257664,1766593540.2102208,-1000.0,371.58203125,-160.15625,-9.765625,0.0,0,0
1766593540.2577002,1766593540.2141159,-832.51953125,330.56640625,-136.23046875,-19.04296875,0.0,0,0
1766593540.257741,1766593540.218011,454.58984375,369.62890625,-60.546875,95.21484375,0.0,0,0
1766593540.257795,1766593540.221906,-809.08203125,435.05859375,-2.44140625,138.18359375,0.0,0,0
1766593540.257835,1766593540.2258012,277.34375,493.65234375,-56.15234375,67.87109375,0.0,0,0
1766593540.257887,1766593540.2296963,-1000.0,365.72265625,-99.12109375,50.78125,0.0,0,0
1766593540.3027918,1766593540.2337255,-979.98046875,330.078125,-64.453125,67.3828125,0.0,0,0
1766593540.3028858,1766593540.2376206,237.79296875,436.03515625,-7.32421875,62.98828125,0.0,0,0
1766593540.3029382,1766593540.2415159,-808.10546875,448.2421875,18.06640625,83.984375,0.0,0,0
1766593540.3029902,1766593540.245411,379.39453125,368.65234375,-81.0546875,79.1015625,0.0,0,0
1766593540.3051991,1766593540.249306,-918.9453125,237.3046875,-170.8984375,40.52734375,0.0,0,0
1766593540.3052568,1766593540.2532012,-1000.0,188.96484375,-89.84375,107.91015625,0.0,0,0
1766593540.305297,1766593540.2570963,37.109375,333.0078125,37.109375,116.69921875,0.0,0,0
1766593540.305336,1766593540.2609913,-839.35546875,417.96875,72.265625,79.1015625,0.0,0,0
1766593540.3053749,1766593540.2648864,543.9453125,340.33203125,-24.4140625,64.94140625,0.0,0,0
1766593540.305412,1766593540.2687817,-753.90625,262.6953125,-60.05859375,82.03125,0.0,0,0
1766593540.3054478,1766593540.2726767,-1000.0,246.58203125,-47.36328125,82.51953125,0.0,0,0
1766593540.305484,1766593540.2765718,-152.34375,295.8984375,-54.6875,41.015625,0.0,0,0
1766593540.347179,1766593540.2805912,-888.671875,328.61328125,-10.25390625,40.0390625,0.0,0,0
1766593540.347287,1766593540.2844863,708.984375,327.1484375,-11.23046875,37.109375,0.0,0,0
1766593540.347326,1766593540.2883813,-597.65625,261.23046875,-39.55078125,20.01953125,0.0,0,0
1766593540.347363,1766593540.2922766,-1000.0,229.00390625,-77.1484375,0.9765625,0.0,0,0
1766593540.347404,1766593540.2961717,-183.59375,253.90625,-64.94140625,13.671875,0.0,0,0
1766593540.3474402,1766593540.300067,-932.6171875,252.9296875,26.85546875,52.24609375,0.0,0,0
1766593540.347477,1766593540.303962,842.28515625,308.59375,30.76171875,58.10546875,0.0,0,0
1766593540.3475142,1766593540.307857,-406.25,263.671875,-58.59375,19.53125,0.0,0,0
1766593540.347549,1766593540.3117523,-1000.0,185.546875,-105.46875,-19.04296875,0.0,0,0
1766593540.347587,1766593540.3156474,-250.48828125,257.8125,-9.27734375,21.484375,0.0,0,0
1766593540.347622,1766593540.3195426,996.09375,284.1796875,96.6796875,104.00390625,0.0,0,0
1766593540.347658,1766593540.3234377,995.60546875,313.96484375,27.34375,94.23828125,0.0,0,0
1766593540.3916721,1766593540.3274376,-128.90625,263.18359375,-64.94140625,41.50390625,0.0,0,0
1766593540.391816,1766593540.3313327,-1000.0,175.29296875,-86.42578125,18.06640625,0.0,0,0
1766593540.391849,1766593540.3352277,-354.00390625,198.2421875,-11.71875,45.41015625,0.0,0,0
1766593540.39188,1766593540.339123,926.7578125,245.60546875,91.796875,120.1171875,0.0,0,0
1766593540.3919091,1766593540.343018,-928.22265625,300.29296875,58.10546875,158.69140625,0.0,0,0
1766593540.3919392,1766593540.3469133,29.296875,278.3203125,-35.15625,158.69140625,0.0,0,0
1766593540.391968,1766593540.3508084,-1000.0,202.1484375,-49.8046875,111.81640625,0.0,0,0
1766593540.3919969,1766593540.3547037,-533.69140625,166.015625,-11.71875,46.875,0.0,0,0
1766593540.392024,1766593540.3585987,781.25,196.77734375,75.1953125,62.5,0.0,0,0
1766593540.392053,1766593540.362494,-865.72265625,269.53125,3.41796875,100.09765625,0.0,0,0
1766593540.3920808,1766593540.366389,125.9765625,247.0703125,-105.95703125,93.26171875,0.0,0,0
1766593540.39211,1766593540.3702843,-1000.0,143.06640625,-79.1015625,38.57421875,0.0,0,0
1766593540.437004,1766593540.3742795,-725.09765625,155.2734375,-24.90234375,24.90234375,0.0,0,0
1766593540.437155,1766593540.3781745,582.03125,235.3515625,60.546875,58.10546875,0.0,0,0
1766593540.437197,1766593540.3820698,-824.21875,249.0234375,43.45703125,48.33984375,0.0,0,0
1766593540.437236,1766593540.3859649,188.96484375,185.546875,-49.8046875,-32.71484375,0.0,0,0
1766593540.4372742,1766593540.3898602,-1000.0,63.96484375,-126.46484375,-117.67578125,0.0,0,0
1766593540.4373171,1766593540.3937552,-838.8671875,65.4296875,-97.16796875,-101.5625,0.0,0,0
1766593540.437354,1766593540.3976505,416.015625,178.7109375,17.08984375,-20.01953125,0.0,0,0
1766593540.437391,1766593540.4015455,-811.03515625,219.23828125,38.57421875,36.62109375,0.0,0,0
1766593540.437428,1766593540.4054408,259.27734375,183.59375,-41.50390625,39.55078125,0.0,0,0
1766593540.437485,1766593540.4093359,-1000.0,97.65625,-107.91015625,3.90625,0.0,0,0
1766593540.437521,1766593540.4132311,-1000.0,84.47265625,-57.12890625,4.8828125,0.0,0,0
1766593540.437556,1766593540.4171264,77.63671875,133.30078125,-2.9296875,29.78515625,0.0,0,0
1766593540.496285,1766593540.421113,-830.078125,218.75,32.2265625,67.87109375,0.0,0,0
1766593540.4964411,1766593540.425008,489.74609375,194.82421875,6.8359375,78.125,0.0,0,0
1766593540.4964979,1766593540.4289033,-822.265625,84.47265625,-74.21875,17.08984375,0.0,0,0
1766593540.496552,1766593540.4327984,-1000.0,47.8515625,-60.05859375,-18.06640625,0.0,0,0
1766593540.4966028,1766593540.4366937,-64.94140625,55.17578125,14.16015625,-17.578125,0.0,0,0
1766593540.496655,1766593540.440589,-855.95703125,164.55078125,67.3828125,6.34765625,0.0,0,0
1766593540.496706,1766593540.444484,587.890625,177.734375,3.90625,12.20703125,0.0,0,0
1766593540.4967601,1766593540.4483793,-722.65625,78.125,-92.7734375,-41.50390625,0.0,0,0
1766593540.496809,1766593540.4522743,-1000.0,41.015625,-81.54296875,-66.89453125,0.0,0,0
1766593540.496882,1766593540.4561696,-134.27734375,78.125,20.01953125,-29.78515625,0.0,0,0
1766593540.496931,1766593540.460065,-910.15625,167.96875,83.984375,45.8984375,0.0,0,0
1766593540.496991,1766593540.46396,794.921875,209.9609375,4.8828125,38.0859375,0.0,0,0
1766593540.541619,1766593540.4679325,-467.28515625,125.48828125,-113.76953125,-38.0859375,0.0,0,0
1766593540.5417962,1766593540.4718277,-1000.0,24.90234375,-99.12109375,-68.84765625,0.0,0,0
1766593540.541854,1766593540.475723,-219.23828125,48.33984375,-12.20703125,-42.96875,0.0,0,0
1766593540.5419068,1766593540.479618,-969.7265625,126.46484375,25.87890625,48.828125,0.0,0,0
1766593540.5419579,1766593540.4835134,926.7578125,135.25390625,-31.25,85.44921875,0.0,0,0
1766593540.542015,1766593540.4874086,-254.8828125,59.08203125,-67.3828125,38.0859375,0.0,0,0
1766593540.5420659,1766593540.4913037,-1000.0,10.7421875,-67.3828125,-53.7109375,0.0,0,0
1766593540.542102,1766593540.495199,-355.95703125,16.6015625,-52.734375,-82.03125,0.0,0,0
1766593540.5421388,1766593540.4990942,926.7578125,126.46484375,15.625,1.953125,0.0,0,0
1766593540.542221,1766593540.5029893,-941.40625,173.33984375,31.25,42.48046875,0.0,0,0
1766593540.5422661,1766593540.5068846,-22.4609375,91.30859375,-36.62109375,-10.7421875,0.0,0,0
1766593540.542305,1766593540.5107796,-1000.0,25.87890625,-94.23828125,-92.28515625,0.0,0,0
1766593540.586886,1766593540.5148275,-458.984375,47.36328125,-37.59765625,-69.82421875,0.0,0,0
1766593540.587061,1766593540.5187228,847.65625,122.55859375,44.43359375,24.4140625,0.0,0,0
1766593540.587117,1766593540.5226178,-889.6484375,171.875,24.90234375,52.734375,0.0,0,0
1766593540.587168,1766593540.526513,82.03125,69.3359375,-84.9609375,-20.5078125,0.0,0,0
1766593540.587216,1766593540.5304084,-1000.0,-34.66796875,-157.71484375,-94.23828125,0.0,0,0
1766593540.587265,1766593540.5343037,-627.44140625,-2.9296875,-83.0078125,-87.890625,0.0,0,0
1766593540.587313,1766593540.5381987,687.01171875,55.17578125,37.59765625,-22.94921875,0.0,0,0
1766593540.587371,1766593540.542094,-845.21484375,123.53515625,33.203125,20.99609375,0.0,0,0
1766593540.5874188,1766593540.5459893,146.484375,116.69921875,-78.125,-32.2265625,0.0,0,0
1766593540.5875,1766593540.5498846,-1000.0,-10.7421875,-167.48046875,-118.1640625,0.0,0,0
1766593540.587546,1766593540.5537796,-785.64453125,-28.80859375,-106.4453125,-127.44140625,0.0,0,0
1766593540.587619,1766593540.557675,500.48828125,55.6640625,-6.8359375,-52.734375,0.0,0,0
1766593540.6319702,1766593540.5617118,-812.98828125,84.9609375,6.34765625,7.32421875,0.0,0,0
1766593540.632123,1766593540.565607,252.44140625,94.7265625,-45.8984375,-0.9765625,0.0,0,0
1766593540.6321669,1766593540.5695024,-1000.0,46.875,-91.30859375,-50.78125,0.0,0,0
1766593540.6322072,1766593540.5733976,-989.74609375,0.0,-52.24609375,-52.24609375,0.0,0,0
1766593540.632245,1766593540.577293,192.87109375,42.96875,20.99609375,2.9296875,0.0,0,0
1766593540.632282,1766593540.581188,-804.6875,122.0703125,56.15234375,45.41015625,0.0,0,0
1766593540.63232,1766593540.5850832,341.796875,116.2109375,-11.71875,57.12890625,0.0,0,0
1766593540.6323562,1766593540.5889785,-956.0546875,15.13671875,-104.00390625,27.34375,0.0,0,0
1766593540.632392,1766593540.5928738,-1000.0,-47.8515625,-78.125,-20.99609375,0.0,0,0
1766593540.6324348,1766593540.596769,38.57421875,-21.484375,10.25390625,-17.578125,0.0,0,0
1766593540.633051,1766593540.6006644,-833.0078125,101.07421875,60.05859375,38.57421875,0.0,0,0
1766593540.633093,1766593540.6045597,506.34765625,117.1875,-6.8359375,40.52734375,0.0,0,0
1766593540.691048,1766593540.6085885,-802.734375,5.37109375,-114.2578125,-48.33984375,0.0,0,0
1766593540.691256,1766593540.6124837,-1000.0,-54.19921875,-130.859375,-77.1484375,0.0,0,0
1766593540.691329,1766593540.616379,-86.9140625,9.765625,-72.265625,-20.99609375,0.0,0,0
1766593540.691398,1766593540.6202743,-884.27734375,105.95703125,30.2734375,27.34375,0.0,0,0
1766593540.691463,1766593540.6241696,719.23828125,110.83984375,15.13671875,33.203125,0.0,0,0
1766593540.691533,1766593540.6280649,-567.3828125,34.1796875,-77.63671875,10.25390625,0.0,0,0
1766593540.691596,1766593540.6319602,-1000.0,-36.1328125,-79.58984375,-15.625,0.0,0,0
1766593540.691672,1766593540.6358554,-180.6640625,-18.06640625,24.4140625,-2.44140625,0.0,0,0
1766593540.691734,1766593540.6397507,-948.73046875,80.56640625,85.9375,50.29296875,0.0,0,0
1766593540.691832,1766593540.643646,896.484375,128.41796875,-13.18359375,39.0625,0.0,0,0
1766593540.691892,1766593540.6475413,-320.3125,45.41015625,-132.8125,-41.50390625,0.0,0,0
1766593540.6919732,1766593540.6514366,-1000.0,-48.828125,-131.8359375,-93.75,0.0,0,0
1766593540.722495,1766593540.6554487,-246.09375,-23.4375,-44.921875,-69.82421875,0.0,0,0
1766593540.722602,1766593540.659344,991.2109375,53.7109375,28.3203125,-8.7890625,0.0,0,0
1766593540.722659,1766593540.6632392,-982.421875,76.171875,18.06640625,36.1328125,0.0,0,0
1766593540.722711,1766593540.6671345,-72.75390625,41.9921875,-90.33203125,17.578125,0.0,0,0
1766593540.7227619,1766593540.6710298,-1000.0,-37.59765625,-147.4609375,-25.87890625,0.0,0,0
1766593540.7228532,1766593540.674925,-342.7734375,-36.1328125,-41.9921875,-32.2265625,0.0,0,0
1766593540.722941,1766593540.6788204,934.08203125,77.1484375,57.12890625,5.37109375,0.0,0,0
1766593540.722999,1766593540.6827157,-918.45703125,121.58203125,-3.41796875,25.87890625,0.0,0,0
1766593540.723053,1766593540.686611,65.4296875,28.80859375,-113.76953125,21.484375,0.0,0,0
1766593540.7231061,1766593540.6905062,-1000.0,-50.29296875,-125.9765625,0.48828125,0.0,0,0
1766593540.7231581,1766593540.6944015,-500.9765625,-40.0390625,-23.4375,-38.0859375,0.0,0,0
1766593540.723218,1766593540.6982968,812.5,33.69140625,68.84765625,-12.6953125,0.0,0,0
1766593540.781632,1766593540.7023842,-870.60546875,83.0078125,12.6953125,5.859375,0.0,0,0
1766593540.781738,1766593540.7062795,141.6015625,51.26953125,-70.3125,-21.97265625,0.0,0,0
1766593540.781793,1766593540.7101748,-1000.0,-35.15625,-92.28515625,-48.33984375,0.0,0,0
1766593540.781844,1766593540.71407,-736.328125,-60.546875,-46.38671875,-52.24609375,0.0,0,0
1766593540.781894,1766593540.7179654,568.359375,20.01953125,33.203125,-6.34765625,0.0,0,0
1766593540.781945,1766593540.721861,-822.265625,78.61328125,19.04296875,35.15625,0.0,0,0
1766593540.7819939,1766593540.7257562,183.10546875,47.8515625,-65.91796875,14.6484375,0.0,0,0
1766593540.782047,1766593540.7296515,-1000.0,-55.17578125,-117.67578125,-33.203125,0.0,0,0
1766593540.782103,1766593540.7335467,-929.19921875,-79.58984375,-81.0546875,-67.3828125,0.0,0,0
1766593540.782154,1766593540.737442,284.1796875,1.953125,8.7890625,-50.78125,0.0,0,0
1766593540.78219,1766593540.7413373,-800.29296875,67.87109375,43.45703125,41.9921875,0.0,0,0
1766593540.7822258,1766593540.7452326,307.6171875,28.80859375,-7.32421875,69.3359375,0.0,0,0
1766593540.812116,1766593540.7492232,-981.4453125,-32.2265625,-87.40234375,-14.6484375,0.0,0,0
1766593540.812263,1766593540.7531185,-1000.0,-58.59375,-83.984375,-51.7578125,0.0,0,0
1766593540.8123488,1766593540.7570138,80.078125,36.1328125,22.4609375,-7.32421875,0.0,0,0
1766593540.8124218,1766593540.760909,-807.12890625,125.9765625,63.96484375,37.109375,0.0,0,0
1766593540.8124878,1766593540.7648046,382.32421875,70.3125,-34.1796875,13.18359375,0.0,0,0
1766593540.812551,1766593540.7687,-916.50390625,-18.5546875,-132.8125,-52.24609375,0.0,0,0
1766593540.812597,1766593540.7725952,-1000.0,-50.29296875,-112.79296875,-86.42578125,0.0,0,0
1766593540.812644,1766593540.7764904,-63.4765625,-10.7421875,-1.46484375,-47.36328125,0.0,0,0
1766593540.812691,1766593540.780386,-866.2109375,60.05859375,49.8046875,4.8828125,0.0,0,0
1766593540.812765,1766593540.7842813,649.4140625,67.87109375,-0.48828125,32.71484375,0.0,0,0
1766593540.812829,1766593540.7881765,-654.296875,15.13671875,-70.80078125,25.390625,0.0,0,0
1766593540.812887,1766593540.7920718,-1000.0,-41.9921875,-87.890625,0.9765625,0.0,0,0
1766593540.87011,1766593540.796053,-145.5078125,-20.01953125,0.9765625,8.7890625,0.0,0,0
1766593540.870257,1766593540.7999482,-912.59765625,58.10546875,55.17578125,43.9453125,0.0,0,0
1766593540.870327,1766593540.8038435,805.17578125,60.546875,17.578125,58.59375,0.0,0,0
1766593540.870393,1766593540.8077388,-465.8203125,12.20703125,-50.29296875,31.25,0.0,0,0
1766593540.8704581,1766593540.8116343,-1000.0,-62.01171875,-85.44921875,-17.578125,0.0,0,0
1766593540.8705332,1766593540.8155296,-202.63671875,-47.8515625,10.7421875,-28.3203125,0.0,0,0
1766593540.8705978,1766593540.8194249,-968.75,54.19921875,77.1484375,15.13671875,0.0,0,0
1766593540.870661,1766593540.8233204,940.91796875,69.3359375,-17.578125,37.59765625,0.0,0,0
1766593540.8707242,1766593540.8272157,-229.98046875,14.6484375,-116.69921875,26.85546875,0.0,0,0
1766593540.8708239,1766593540.831111,-1000.0,-37.109375,-111.81640625,-13.18359375,0.0,0,0
1766593540.8708868,1766593540.8350062,-305.6640625,-26.3671875,-3.90625,-31.25,0.0,0,0
1766593540.870956,1766593540.8389018,962.40234375,41.015625,101.5625,16.6015625,0.0,0,0
1766593540.9166641,1766593540.8428702,-959.47265625,78.61328125,43.45703125,41.9921875,0.0,0,0
1766593540.9168398,1766593540.8467655,-38.0859375,29.78515625,-94.23828125,-9.27734375,0.0,0,0
1766593540.9169111,1766593540.8506608,-1000.0,-38.57421875,-107.421875,-62.5,0.0,0,0
1766593540.9169888,1766593540.8545563,-515.625,-47.36328125,-7.32421875,-52.24609375,0.0,0,0
1766593540.917054,1766593540.8584516,788.0859375,20.99609375,39.55078125,11.23046875,0.0,0,0
1766593540.917133,1766593540.862347,-868.65234375,89.35546875,-0.9765625,72.265625,0.0,0,0
1766593540.917197,1766593540.8662424,122.0703125,24.4140625,-54.19921875,45.8984375,0.0,0,0
1766593540.917268,1766593540.8701377,-1000.0,-77.63671875,-71.77734375,-31.25,0.0,0,0
1766593540.917347,1766593540.874033,-609.375,-72.265625,0.0,-32.71484375,0.0,0,0
1766593540.917435,1766593540.8779285,712.890625,-20.99609375,63.96484375,20.99609375,0.0,0,0
1766593540.917498,1766593540.8818238,-846.6796875,57.6171875,42.96875,58.10546875,0.0,0,0
1766593540.9175968,1766593540.885719,164.0625,76.66015625,-51.7578125,26.85546875,0.0,0,0
1766593540.962386,1766593540.8897686,-1000.0,-48.828125,-106.4453125,-68.359375,0.0,0,0
1766593540.962483,1766593540.8936641,-815.91796875,-77.63671875,-39.0625,-112.3046875,0.0,0,0
1766593540.962523,1766593540.8975594,465.33203125,-30.2734375,58.10546875,-75.68359375,0.0,0,0
1766593540.9625652,1766593540.9014547,-808.59375,-6.34765625,47.8515625,-32.2265625,0.0,0,0
1766593540.962602,1766593540.9053502,231.4453125,8.7890625,-44.43359375,-30.76171875,0.0,0,0
1766593540.9626398,1766593540.9092455,-1000.0,-15.13671875,-109.375,-36.62109375,0.0,0,0
1766593540.9626749,1766593540.913141,-996.09375,-27.34375,-76.171875,-17.08984375,0.0,0,0
1766593540.962713,1766593540.9170363,165.52734375,-42.96875,13.18359375,-15.625,0.0,0,0
1766593540.962749,1766593540.9209318,-802.24609375,16.11328125,18.5546875,-42.48046875,0.0,0,0
1766593540.962785,1766593540.924827,324.70703125,9.27734375,-66.89453125,-89.35546875,0.0,0,0
1766593540.962821,1766593540.9287224,-955.078125,-87.40234375,-138.18359375,-123.53515625,0.0,0,0
1766593540.962857,1766593540.932618,-1000.0,-86.9140625,-94.23828125,-126.953125,0.0,0,0
1766593541.006794,1766593540.936652,-43.9453125,-11.71875,-31.73828125,-77.63671875,0.0,0,0
1766593541.006919,1766593540.9405475,-839.35546875,56.15234375,-13.18359375,15.625,0.0,0,0
1766593541.0069609,1766593540.9444427,535.15625,35.15625,-29.296875,42.48046875,0.0,0,0
1766593541.0074298,1766593540.9483383,-781.73828125,-43.9453125,-104.98046875,-20.5078125,0.0,0,0
1766593541.007472,1766593540.9522336,-1000.0,-106.4453125,-83.984375,-76.171875,0.0,0,0
1766593541.007509,1766593540.956129,-130.859375,-58.10546875,38.0859375,-56.640625,0.0,0,0
1766593541.007547,1766593540.9600244,-882.8125,69.3359375,84.47265625,19.04296875,0.0,0,0
1766593541.007583,1766593540.9639199,697.265625,83.984375,18.5546875,47.8515625,0.0,0,0
1766593541.0076191,1766593540.9678152,-604.98046875,-47.36328125,-107.421875,-14.16015625,0.0,0,0
1766593541.0076559,1766593540.9717107,-1000.0,-83.984375,-108.3984375,-54.19921875,0.0,0,0
1766593541.007691,1766593540.975606,-194.82421875,-26.3671875,1.46484375,-17.578125,0.0,0,0
1766593541.0077271,1766593540.9795015,-955.078125,31.25,27.34375,30.2734375,0.0,0,0
1766593541.0818062,1766593540.9836946,900.390625,29.78515625,-20.5078125,26.85546875,0.0,0,0
1766593541.081999,1766593540.98759,-307.6171875,-50.78125,-79.58984375,-36.62109375,0.0,0,0
1766593541.0820742,1766593540.9914856,-1000.0,-74.70703125,-83.0078125,-97.16796875,0.0,0,0
1766593541.082123,1766593540.9953809,-296.875,-14.16015625,-32.2265625,-95.703125,0.0,0,0
1766593541.082171,1766593540.9992764,973.6328125,36.1328125,23.4375,-36.1328125,0.0,0,0
1766593541.082218,1766593541.003172,-982.421875,72.265625,-6.34765625,6.34765625,0.0,0,0
1766593541.082264,1766593541.0070674,-102.5390625,16.11328125,-106.93359375,-23.4375,0.0,0,0
1766593541.08231,1766593541.0109627,-1000.0,-133.30078125,-118.65234375,-62.98828125,0.0,0,0
1766593541.0823941,1766593541.0148582,-399.4140625,-85.9375,-87.890625,-48.828125,0.0,0,0
1766593541.0824409,1766593541.0187538,897.94921875,92.28515625,-34.1796875,15.625,0.0,0,0
1766593541.082487,1766593541.022649,-916.50390625,114.74609375,20.99609375,41.9921875,0.0,0,0
1766593541.0825331,1766593541.0265446,25.87890625,-7.8125,-62.5,-23.92578125,0.0,0,0
1766593541.096999,1766593541.0305603,-1000.0,-124.0234375,-139.6484375,-91.796875,0.0,0,0
1766593541.0970979,1766593541.0344558,-650.390625,-127.44140625,-87.890625,-90.8203125,0.0,0,0
1766593541.097156,1766593541.0383513,661.1328125,-40.0390625,21.97265625,-49.8046875,0.0,0,0
1766593541.097208,1766593541.0422468,-844.7265625,38.57421875,47.8515625,5.859375,0.0,0,0
1766593541.09726,1766593541.046142,103.515625,6.34765625,-58.10546875,-10.7421875,0.0,0,0
1766593541.09731,1766593541.0500376,-1000.0,-74.70703125,-136.71875,-76.66015625,0.0,0,0
1766593541.097365,1766593541.0539331,-790.52734375,-72.75390625,-52.24609375,-71.2890625,0.0,0,0
1766593541.097416,1766593541.0578287,494.62890625,4.8828125,25.87890625,-21.97265625,0.0,0,0
1766593541.0975401,1766593541.0617242,-811.5234375,47.8515625,6.34765625,47.36328125,0.0,0,0
1766593541.097582,1766593541.0656195,177.24609375,-3.90625,-53.7109375,31.25,0.0,0,0
1766593541.0976179,1766593541.069515,-1000.0,-47.36328125,-97.16796875,-40.0390625,0.0,0,0
1766593541.097654,1766593541.0734105,-952.63671875,-86.42578125,-54.6875,-62.98828125,0.0,0,0
1766593541.142186,1766593541.077413,228.515625,-50.29296875,30.76171875,-32.71484375,0.0,0,0
1766593541.142324,1766593541.0813086,-801.26953125,47.8515625,31.25,15.625,0.0,0,0
1766593541.1423612,1766593541.0852041,308.10546875,59.5703125,-89.84375,22.4609375,0.0,0,0
1766593541.142399,1766593541.0890996,-965.33203125,-85.9375,-188.4765625,-19.04296875,0.0,0,0
1766593541.142435,1766593541.092995,-1000.0,-159.1796875,-97.16796875,-44.921875,0.0,0,0
1766593541.142472,1766593541.0968904,-16.11328125,-22.94921875,23.4375,-51.7578125,0.0,0,0
1766593541.142508,1766593541.100786,-823.73046875,46.875,27.34375,-38.57421875,0.0,0,0
1766593541.1425438,1766593541.1046815,454.1015625,58.10546875,-23.4375,-25.87890625,0.0,0,0
1766593541.142591,1766593541.108577,-847.65625,9.27734375,-125.0,-86.42578125,0.0,0,0
1766593541.142627,1766593541.1124725,-1000.0,-105.95703125,-127.9296875,-155.2734375,0.0,0,0
1766593541.1426718,1766593541.116368,-149.4140625,-80.078125,-48.33984375,-112.79296875,0.0,0,0
1766593541.1427221,1766593541.1202633,-876.953125,0.48828125,-10.7421875,-11.23046875,0.0,0,0
1766593541.1866188,1766593541.1242528,654.78515625,-4.8828125,-21.97265625,0.9765625,0.0,0,0
1766593541.186744,1766593541.1281483,-653.80859375,-59.08203125,-107.91015625,-76.66015625,0.0,0,0
1766593541.186804,1766593541.1320438,-1000.0,-134.27734375,-137.20703125,-115.234375,0.0,0,0
1766593541.186856,1766593541.1359394,-193.359375,-109.375,-76.171875,-59.5703125,0.0,0,0
1766593541.1869068,1766593541.139835,-936.5234375,4.39453125,0.0,10.7421875,0.0,0,0
1766593541.186959,1766593541.1437304,846.6796875,45.41015625,-3.90625,12.6953125,0.0,0,0
1766593541.187017,1766593541.147626,-401.3671875,5.859375,-108.3984375,-20.5078125,0.0,0,0
1766593541.1870668,1766593541.1515214,-1000.0,-57.6171875,-121.09375,-40.52734375,0.0,0,0
1766593541.187123,1766593541.155417,-283.69140625,-74.21875,-17.578125,-75.68359375,0.0,0,0
1766593541.187167,1766593541.1593125,-995.60546875,-17.578125,59.5703125,-59.08203125,0.0,0,0
1766593541.1872032,1766593541.163208,945.3125,5.37109375,9.27734375,-5.859375,0.0,0,0
1766593541.1872482,1766593541.1671035,-250.0,-49.31640625,-115.234375,-11.23046875,0.0,0,0
1766593541.245322,1766593541.1710832,-1000.0,-87.890625,-122.0703125,-56.640625,0.0,0,0
1766593541.2455192,1766593541.1749787,-377.44140625,-57.6171875,-42.48046875,-75.68359375,0.0,0,0
1766593541.245594,1766593541.1788743,914.0625,13.671875,5.859375,-53.22265625,0.0,0,0
1766593541.245662,1766593541.1827698,-940.4296875,44.43359375,-10.7421875,-27.83203125,0.0,0,0
1766593541.245728,1766593541.1866653,-33.69140625,-17.08984375,-110.83984375,-43.45703125,0.0,0,0
1766593541.245793,1766593541.1905608,-1000.0,-79.1015625,-156.73828125,-73.73046875,0.0,0,0
1766593541.2458649,1766593541.1944563,-526.3671875,-85.44921875,-49.31640625,-55.17578125,0.0,0,0
1766593541.24593,1766593541.1983519,786.62109375,-16.11328125,53.22265625,6.34765625,0.0,0,0
1766593541.246005,1766593541.2022474,-874.51171875,88.37890625,26.85546875,19.04296875,0.0,0,0
1766593541.246069,1766593541.206143,78.125,11.23046875,-93.26171875,-1.46484375,0.0,0,0
1766593541.246149,1766593541.2100384,-1000.0,-102.5390625,-170.41015625,-41.015625,0.0,0,0
1766593541.24622,1766593541.213934,-742.1875,-73.73046875,-95.703125,-89.84375,0.0,0,0
1766593541.29162,1766593541.2179856,544.921875,-2.9296875,12.20703125,-77.1484375,0.0,0,0
1766593541.291701,1766593541.2218812,-819.82421875,33.203125,31.25,-24.4140625,0.0,0,0
1766593541.2917418,1766593541.225777,190.4296875,20.5078125,-46.875,-12.20703125,0.0,0,0
1766593541.2917812,1766593541.2296724,-1000.0,-67.87109375,-110.83984375,-42.48046875,0.0,0,0
1766593541.291818,1766593541.233568,-912.59765625,-129.8828125,-73.2421875,-81.54296875,0.0,0,0
1766593541.2918558,1766593541.2374635,321.2890625,-41.50390625,18.5546875,-58.10546875,0.0,0,0
1766593541.291894,1766593541.241359,-799.31640625,62.5,36.62109375,25.390625,0.0,0,0
1766593541.2919302,1766593541.2452545,259.27734375,24.90234375,-39.55078125,47.8515625,0.0,0,0
1766593541.291973,1766593541.24915,-1000.0,-88.37890625,-101.5625,-33.203125,0.0,0,0
1766593541.292008,1766593541.2530456,-1000.0,-111.328125,-72.265625,-92.28515625,0.0,0,0
1766593541.292044,1766593541.256941,80.56640625,-21.484375,-8.7890625,-56.640625,0.0,0,0
1766593541.292099,1766593541.2608366,-813.96484375,60.546875,11.23046875,4.39453125,0.0,0,0
1766593541.338104,1766593541.2648885,405.2734375,15.625,-29.78515625,14.6484375,0.0,0,0
1766593541.338262,1766593541.268784,-895.01953125,-56.15234375,-96.19140625,-26.3671875,0.0,0,0
1766593541.338403,1766593541.2726798,-1000.0,-85.44921875,-81.0546875,-75.68359375,0.0,0,0
1766593541.338461,1766593541.2765753,-76.171875,-69.3359375,-7.8125,-65.4296875,0.0,0,0
1766593541.338502,1766593541.2804708,-853.02734375,46.38671875,20.01953125,1.953125,0.0,0,0
1766593541.33854,1766593541.2843664,574.70703125,72.265625,-31.25,20.99609375,0.0,0,0
1766593541.3385768,1766593541.288262,-729.00390625,-31.25,-99.12109375,-7.32421875,0.0,0,0
1766593541.338614,1766593541.2921576,-1000.0,-88.8671875,-91.796875,-65.4296875,0.0,0,0
1766593541.3402529,1766593541.2960532,-168.45703125,-44.921875,-5.859375,-76.171875,0.0,0,0
1766593541.340319,1766593541.2999487,-906.25,11.71875,32.71484375,-35.15625,0.0,0,0
1766593541.34036,1766593541.3038442,756.8359375,-7.8125,-18.5546875,-18.5546875,0.0,0,0
1766593541.340398,1766593541.3077397,-523.4375,-60.546875,-77.1484375,-29.296875,0.0,0,0
1766593541.3822641,1766593541.311772,-1000.0,-68.84765625,-109.375,-59.5703125,0.0,0,0
1766593541.3823922,1766593541.3156679,-226.07421875,-42.48046875,-44.921875,-75.1953125,0.0,0,0
1766593541.382452,1766593541.3195634,-973.6328125,34.66796875,31.25,-44.43359375,0.0,0,0
1766593541.3825028,1766593541.323459,927.734375,72.75390625,-2.9296875,-1.953125,0.0,0,0
1766593541.382554,1766593541.3273547,-252.9296875,-2.44140625,-60.05859375,-23.92578125,0.0,0,0
1766593541.382605,1766593541.3312502,-1000.0,-64.94140625,-79.58984375,-76.66015625,0.0,0,0
1766593541.382655,1766593541.3351457,-360.83984375,-67.3828125,-41.50390625,-72.75390625,0.0,0,0
1766593541.382706,1766593541.3390412,942.87109375,8.30078125,36.62109375,-13.671875,0.0,0,0
1766593541.3827572,1766593541.342937,-980.95703125,44.43359375,-0.9765625,15.13671875,0.0,0,0
1766593541.382808,1766593541.3468325,-114.74609375,-23.92578125,-99.12109375,-10.25390625,0.0,0,0
1766593541.382858,1766593541.350728,-1000.0,-64.94140625,-120.60546875,-51.7578125,0.0,0,0
1766593541.382912,1766593541.3546238,-456.0546875,-45.41015625,-53.22265625,-62.01171875,0.0,0,0
1766593541.4590988,1766593541.3588185,840.33203125,-5.37109375,33.69140625,-40.0390625,0.0,0,0
1766593541.4592252,1766593541.3627143,-889.16015625,20.5078125,33.69140625,6.34765625,0.0,0,0
1766593541.459281,1766593541.3666098,77.1484375,-14.6484375,-36.62109375,7.32421875,0.0,0,0
1766593541.4593291,1766593541.3705056,-1000.0,-73.2421875,-86.9140625,-44.921875,0.0,0,0
1766593541.4593751,1766593541.374401,-672.8515625,-66.40625,-48.828125,-67.3828125,0.0,0,0
1766593541.4594219,1766593541.3782969,635.7421875,17.578125,21.484375,-35.64453125,0.0,0,0
1766593541.45947,1766593541.3821924,-839.84375,95.21484375,26.85546875,20.01953125,0.0,0,0
1766593541.4595158,1766593541.3860881,131.34765625,51.7578125,-52.734375,26.3671875,0.0,0,0
1766593541.4595609,1766593541.3899837,-1000.0,-64.453125,-147.94921875,-59.5703125,0.0,0,0
1766593541.459606,1766593541.3938794,-798.828125,-97.16796875,-91.30859375,-113.28125,0.0,0,0
1766593541.4596548,1766593541.397775,485.83984375,-24.4140625,43.45703125,-62.98828125,0.0,0,0
1766593541.4596999,1766593541.4016707,-812.01171875,23.92578125,52.24609375,-12.6953125,0.0,0,0
1766593541.472756,1766593541.4056895,203.61328125,-5.859375,-33.69140625,-7.32421875,0.0,0,0
1766593541.472852,1766593541.4095852,-1000.0,-30.76171875,-101.5625,-13.18359375,0.0,0,0
1766593541.472907,1766593541.4134808,-1000.0,-57.12890625,-79.1015625,-39.0625,0.0,0,0
1766593541.472961,1766593541.4173765,85.9375,-37.109375,2.9296875,-46.875,0.0,0,0
1766593541.473012,1766593541.421272,-805.6640625,21.97265625,28.80859375,-22.4609375,0.0,0,0
1766593541.473078,1766593541.4251678,338.8671875,24.4140625,-35.64453125,-20.99609375,0.0,0,0
1766593541.473129,1766593541.4290636,-958.0078125,-20.99609375,-116.69921875,-63.4765625,0.0,0,0
1766593541.473172,1766593541.432959,-1000.0,-71.2890625,-106.4453125,-76.66015625,0.0,0,0
1766593541.473208,1766593541.4368548,-1.46484375,-36.62109375,-0.48828125,-29.296875,0.0,0,0
1766593541.4732459,1766593541.4407504,-827.1484375,52.24609375,24.4140625,1.46484375,0.0,0,0
1766593541.473283,1766593541.4446461,462.40234375,51.26953125,-62.98828125,-18.5546875,0.0,0,0
1766593541.473326,1766593541.4485416,-836.9140625,-45.8984375,-137.6953125,-70.3125,0.0,0,0
1766593541.5173619,1766593541.4525383,-1000.0,-97.16796875,-114.2578125,-109.375,0.0,0,0
1766593541.517458,1766593541.4564338,-145.99609375,-58.59375,-13.18359375,-88.8671875,0.0,0,0
1766593541.5175161,1766593541.4603295,-895.01953125,19.53125,40.0390625,-3.90625,0.0,0,0
1766593541.517569,1766593541.464225,727.05078125,6.8359375,-15.13671875,41.015625,0.0,0,0
1766593541.517621,1766593541.4681208,-562.5,-62.98828125,-110.83984375,5.859375,0.0,0,0
1766593541.5176718,1766593541.4720166,-1000.0,-93.75,-115.234375,-56.15234375,0.0,0,0
1766593541.5177321,1766593541.475912,-200.68359375,-54.6875,-29.78515625,-50.78125,0.0,0,0
1766593541.517781,1766593541.4798079,-934.5703125,29.78515625,45.8984375,5.859375,0.0,0,0
1766593541.517832,1766593541.4837036,831.54296875,33.69140625,13.18359375,20.5078125,0.0,0,0
1766593541.5178812,1766593541.4875991,-418.45703125,-41.50390625,-64.94140625,-11.71875,0.0,0,0
1766593541.517938,1766593541.491495,-1000.0,-100.09765625,-90.8203125,-57.12890625,0.0,0,0
1766593541.518002,1766593541.4953907,-304.19921875,-91.796875,-51.7578125,-52.24609375,0.0,0,0
1766593541.564221,1766593541.4993863,980.95703125,1.953125,40.52734375,0.48828125,0.0,0,0
1766593541.564373,1766593541.503282,980.95703125,67.87109375,-7.32421875,16.6015625,0.0,0,0
1766593541.564436,1766593541.5071778,-176.26953125,-15.625,-122.0703125,-9.765625,0.0,0,0
1766593541.56449,1766593541.5110734,-1000.0,-76.66015625,-114.2578125,-58.10546875,0.0,0,0
1766593541.564544,1766593541.514969,-390.13671875,-44.921875,-38.57421875,-35.64453125,0.0,0,0
1766593541.564596,1766593541.5188649,901.3671875,24.90234375,37.109375,19.04296875,0.0,0,0
1766593541.564647,1766593541.5227604,-923.33984375,64.453125,17.578125,21.97265625,0.0,0,0
1766593541.564697,1766593541.5266562,10.25390625,-26.85546875,-85.9375,-32.71484375,0.0,0,0
1766593541.564747,1766593541.530552,-1000.0,-95.703125,-139.6484375,-90.8203125,0.0,0,0
1766593541.564797,1766593541.5344474,-531.25,-71.2890625,-63.96484375,-75.68359375,0.0,0,0
1766593541.564846,1766593541.5383432,775.390625,-14.6484375,60.546875,-20.5078125,0.0,0,0
1766593541.564896,1766593541.542239,-865.72265625,-18.06640625,59.5703125,10.7421875,0.0,0,0
1766593541.620161,1766593541.5462205,115.72265625,-44.921875,-54.19921875,-8.30078125,0.0,0,0
1766593541.6202948,1766593541.5501163,-1000.0,-58.10546875,-130.859375,-63.4765625,0.0,0,0
1766593541.620356,1766593541.554012,-778.80859375,-66.89453125,-79.1015625,-80.078125,0.0,0,0
1766593541.620411,1766593541.5579076,507.32421875,6.8359375,42.48046875,-33.69140625,0.0,0,0
1766593541.6204648,1766593541.5618033,-815.4296875,77.63671875,47.8515625,0.9765625,0.0,0,0
1766593541.62053,1766593541.565699,178.7109375,37.109375,-49.31640625,6.8359375,0.0,0,0
1766593541.6205812,1766593541.5695949,-1000.0,-51.26953125,-118.65234375,-10.7421875,0.0,0,0
1766593541.6206322,1766593541.5734904,-914.55078125,-98.6328125,-84.9609375,-46.875,0.0,0,0
1766593541.6207,1766593541.5773861,303.7109375,-27.83203125,0.0,-16.11328125,0.0,0,0
1766593541.620749,1766593541.581282,-800.78125,67.87109375,-4.39453125,44.43359375,0.0,0,0
1766593541.6208022,1766593541.5851777,290.52734375,32.71484375,-45.41015625,33.203125,0.0,0,0
1766593541.620853,1766593541.5890732,-971.6796875,-66.89453125,-68.84765625,-20.5078125,0.0,0,0
1766593541.668013,1766593541.5930445,-1000.0,-105.46875,-44.921875,-57.12890625,0.0,0,0
1766593541.6681979,1766593541.5969403,-18.5546875,-47.8515625,26.3671875,-48.828125,0.0,0,0
1766593541.668281,1766593541.600836,-818.359375,45.8984375,75.68359375,14.6484375,0.0,0,0
1766593541.668349,1766593541.6047318,407.2265625,33.69140625,-18.5546875,20.01953125,0.0,0,0
1766593541.668482,1766593541.6086276,-897.94921875,-56.640625,-141.6015625,-52.24609375,0.0,0,0
1766593541.66854,1766593541.612523,-1000.0,-107.421875,-104.00390625,-88.8671875,0.0,0,0
1766593541.6685922,1766593541.6164188,-88.8671875,-56.640625,4.8828125,-65.4296875,0.0,0,0
1766593541.668643,1766593541.6203146,-847.16796875,49.31640625,21.97265625,3.41796875,0.0,0,0
1766593541.668693,1766593541.6242104,539.55078125,38.57421875,-60.05859375,28.3203125,0.0,0,0
1766593541.668743,1766593541.628106,-766.6015625,-67.3828125,-138.18359375,-17.578125,0.0,0,0
1766593541.6687932,1766593541.6320016,-1000.0,-96.19140625,-105.95703125,-64.453125,0.0,0,0
1766593541.668836,1766593541.6358974,-174.8046875,-12.6953125,-21.97265625,-30.2734375,0.0,0,0
1766593541.7556639,1766593541.6399424,-916.015625,86.42578125,23.4375,26.85546875,0.0,0,0
1766593541.758018,1766593541.6438382,786.62109375,71.77734375,7.32421875,11.71875,0.0,0,0
1766593541.758095,1766593541.647734,-478.515625,-27.34375,-71.77734375,-59.08203125,0.0,0,0
1766593541.758137,1766593541.6516297,-1000.0,-98.6328125,-96.6796875,-105.95703125,0.0,0,0
1766593541.758177,1766593541.6555254,-272.94921875,-67.3828125,-36.62109375,-92.28515625,0.0,0,0
1766593541.758219,1766593541.6594212,-979.00390625,35.15625,43.9453125,-14.16015625,0.0,0,0
1766593541.758257,1766593541.663317,904.78515625,45.8984375,7.8125,27.83203125,0.0,0,0
1766593541.758293,1766593541.6672125,-315.4296875,-39.55078125,-90.8203125,-5.37109375,0.0,0,0
1766593541.75833,1766593541.6711082,-1000.0,-123.53515625,-95.703125,-40.52734375,0.0,0,0
1766593541.7583659,1766593541.675004,-371.58203125,-119.62890625,-34.66796875,-40.52734375,0.0,0,0
1766593541.758404,1766593541.6788998,921.38671875,11.71875,43.9453125,37.59765625,0.0,0,0
1766593541.75844,1766593541.6827955,-956.54296875,95.703125,31.73828125,78.125,0.0,0,0
1766593541.758475,1766593541.686837,-68.84765625,21.97265625,-95.21484375,-2.44140625,0.0,0,0
1766593541.758512,1766593541.6907327,-1000.0,-89.84375,-118.1640625,-75.68359375,0.0,0,0
1766593541.7585468,1766593541.6946285,-477.05078125,-76.171875,-27.34375,-72.75390625,0.0,0,0
1766593541.758583,1766593541.6985242,822.265625,9.27734375,0.9765625,-41.015625,0.0,0,0
1766593541.7586188,1766593541.70242,-884.27734375,66.89453125,-54.19921875,-6.8359375,0.0,0,0
1766593541.758655,1766593541.7063158,82.03125,33.69140625,-108.3984375,7.8125,0.0,0,0
1766593541.758691,1766593541.7102115,-1000.0,-72.265625,-107.91015625,-48.828125,0.0,0,0
1766593541.758726,1766593541.7141073,-714.35546875,-108.3984375,-17.578125,-88.8671875,0.0,0,0
1766593541.758763,1766593541.718003,581.0546875,-56.640625,59.08203125,-56.640625,0.0,0,0
1766593541.7587981,1766593541.7218988,-827.63671875,17.08984375,49.31640625,3.41796875,0.0,0,0
1766593541.758834,1766593541.7257946,164.55078125,21.97265625,-25.390625,30.2734375,0.0,0,0
1766593541.7588701,1766593541.7296903,-1000.0,-59.5703125,-95.21484375,-20.01953125,0.0,0,0
1766593541.802773,1766593541.7337148,-872.55859375,-87.40234375,-54.6875,-63.96484375,0.0,0,0
1766593541.8029282,1766593541.7376106,377.9296875,-27.34375,43.45703125,-33.69140625,0.0,0,0
1766593541.802984,1766593541.7415066,-802.24609375,61.5234375,54.19921875,21.97265625,0.0,0,0
1766593541.803036,1766593541.7454023,232.91015625,49.31640625,-57.6171875,31.73828125,0.0,0,0
1766593541.803086,1766593541.749298,-1000.0,-9.765625,-129.39453125,-21.484375,0.0,0,0
1766593541.803135,1766593541.7531939,-1000.0,-39.55078125,-64.94140625,-89.35546875,0.0,0,0
1766593541.80318,1766593541.7570896,129.8828125,-18.5546875,24.4140625,-69.82421875,0.0,0,0
1766593541.803226,1766593541.7609854,-800.78125,41.50390625,37.109375,6.8359375,0.0,0,0
1766593541.8032708,1766593541.7648811,293.9453125,-22.94921875,-40.52734375,-6.8359375,0.0,0,0
1766593541.803334,1766593541.768777,-979.98046875,-116.2109375,-104.00390625,-42.48046875,0.0,0,0
1766593541.803381,1766593541.7726727,-1000.0,-126.953125,-89.35546875,-63.96484375,0.0,0,0
1766593541.803426,1766593541.7765684,-25.390625,-34.1796875,2.44140625,-36.1328125,0.0,0,0
1766593541.849584,1766593541.7805812,-839.35546875,63.4765625,65.4296875,37.109375,0.0,0,0
1766593541.8497012,1766593541.7844772,528.3203125,45.41015625,10.25390625,40.0390625,0.0,0,0
1766593541.849761,1766593541.788373,-774.4140625,-23.92578125,-83.0078125,-24.4140625,0.0,0,0
1766593541.849814,1766593541.7922688,-1000.0,-102.5390625,-104.98046875,-89.35546875,0.0,0,0
1766593541.849865,1766593541.7961645,-160.15625,-67.87109375,-11.71875,-66.40625,0.0,0,0
1766593541.8499148,1766593541.8000603,-895.99609375,56.640625,28.3203125,-19.04296875,0.0,0,0
1766593541.849969,1766593541.803956,719.23828125,59.08203125,-60.546875,-7.32421875,0.0,0,0
1766593541.8500202,1766593541.8078518,-567.87109375,-36.62109375,-146.484375,-36.62109375,0.0,0,0
1766593541.8500721,1766593541.8117478,-1000.0,-82.51953125,-133.30078125,-70.3125,0.0,0,0
1766593541.850122,1766593541.8156435,-240.234375,-73.73046875,-3.41796875,-49.31640625,0.0,0,0
1766593541.8501718,1766593541.8195393,-961.9140625,-0.9765625,96.19140625,-9.765625,0.0,0,0
1766593541.850222,1766593541.823435,879.39453125,51.7578125,32.2265625,9.765625,0.0,0,0
1766593541.891927,1766593541.8274367,-347.65625,-8.30078125,-82.51953125,-24.90234375,0.0,0,0
1766593541.8920221,1766593541.8313324,-1000.0,-106.4453125,-98.6328125,-81.0546875,0.0,0,0
1766593541.892075,1766593541.8352282,-306.15234375,-80.078125,-5.37109375,-58.59375,0.0,0,0
1766593541.892125,1766593541.839124,981.4453125,34.66796875,51.26953125,-2.44140625,0.0,0,0
1766593541.892176,1766593541.84302,984.375,75.68359375,-11.71875,2.44140625,0.0,0,0
1766593541.892276,1766593541.8469157,-167.48046875,-0.9765625,-91.30859375,-47.36328125,0.0,0,0
1766593541.8923562,1766593541.8508115,-1000.0,-116.2109375,-113.76953125,-102.05078125,0.0,0,0
1766593541.892407,1766593541.8547072,-428.7109375,-108.3984375,-34.66796875,-75.1953125,0.0,0,0
1766593541.8924549,1766593541.858603,868.1640625,-20.99609375,55.17578125,-22.94921875,0.0,0,0
1766593541.892503,1766593541.862499,-912.59765625,45.41015625,23.92578125,0.48828125,0.0,0,0
1766593541.892549,1766593541.8663948,21.97265625,44.43359375,-93.26171875,-8.7890625,0.0,0,0
1766593541.892596,1766593541.8702905,-1000.0,-72.75390625,-149.90234375,-46.875,0.0,0,0
1766593541.9374511,1766593541.8742774,-621.09375,-115.72265625,-50.78125,-30.2734375,0.0,0,0
1766593541.937563,1766593541.8781734,686.03515625,6.34765625,72.265625,1.46484375,0.0,0,0
1766593541.93762,1766593541.882069,-848.14453125,68.84765625,20.99609375,12.6953125,0.0,0,0
1766593541.937675,1766593541.8859649,119.62890625,28.3203125,-90.8203125,1.953125,0.0,0,0
1766593541.937727,1766593541.8898606,-1000.0,-41.50390625,-139.16015625,-82.51953125,0.0,0,0
1766593541.937778,1766593541.8937566,-774.4140625,-61.5234375,-77.1484375,-130.859375,0.0,0,0
1766593541.937831,1766593541.8976524,507.8125,28.80859375,25.87890625,-69.82421875,0.0,0,0
1766593541.9378822,1766593541.9015481,-814.94140625,66.89453125,25.87890625,-7.8125,0.0,0,0
1766593541.9379342,1766593541.9054441,190.91796875,-14.6484375,-51.7578125,-4.39453125,0.0,0,0
1766593541.937984,1766593541.90934,-1000.0,-78.61328125,-99.609375,-45.41015625,0.0,0,0
1766593541.9380329,1766593541.9132357,-972.65625,-81.54296875,-58.59375,-82.03125,0.0,0,0
1766593541.938102,1766593541.9171314,194.82421875,-20.5078125,30.2734375,-53.7109375,0.0,0,0
1766593542.055815,1766593541.9212768,-802.734375,46.38671875,53.7109375,5.859375,0.0,0,0
1766593542.0560079,1766593541.9251728,322.265625,-8.30078125,-21.484375,16.11328125,0.0,0,0
1766593542.0560691,1766593541.9290686,-963.8671875,-81.54296875,-121.09375,-34.1796875,0.0,0,0
1766593542.056193,1766593541.9329646,-1000.0,-89.84375,-117.1875,-75.1953125,0.0,0,0
1766593542.056271,1766593541.9368603,11.71875,-4.8828125,-20.5078125,-40.52734375,0.0,0,0
1766593542.056326,1766593541.9407563,-824.70703125,122.55859375,32.71484375,20.01953125,0.0,0,0
1766593542.056383,1766593541.944652,457.03125,57.12890625,-12.20703125,33.203125,0.0,0,0
1766593542.056436,1766593541.948548,-847.16796875,-63.4765625,-108.3984375,-25.390625,0.0,0,0
1766593542.0564868,1766593541.9524438,-1000.0,-100.09765625,-107.421875,-87.890625,0.0,0,0
1766593542.0565388,1766593541.9563396,-103.515625,-62.98828125,8.7890625,-70.80078125,0.0,0,0
1766593542.0565948,1766593541.9602356,-868.1640625,43.9453125,72.75390625,1.953125,0.0,0,0
1766593542.0566988,1766593541.9641314,638.18359375,41.9921875,-10.25390625,35.64453125,0.0,0,0
1766593542.057936,1766593541.968271,-663.57421875,-60.05859375,-118.1640625,-7.32421875,0.0,0,0
1766593542.0580008,1766593541.972167,-1000.0,-98.14453125,-105.46875,-59.08203125,0.0,0,0
1766593542.058042,1766593541.9760628,-186.5234375,-68.359375,-12.20703125,-62.5,0.0,0,0
1766593542.05808,1766593541.9799588,-933.10546875,20.01953125,63.96484375,-16.11328125,0.0,0,0
1766593542.0581172,1766593541.9838545,837.40234375,95.703125,34.66796875,26.85546875,0.0,0,0
1766593542.0581539,1766593541.9877505,-412.109375,31.25,-64.453125,13.18359375,0.0,0,0
1766593542.0586271,1766593541.9916465,-1000.0,-61.03515625,-103.02734375,-51.26953125,0.0,0,0
1766593542.0586681,1766593541.9955423,-267.08984375,-56.15234375,-41.015625,-79.58984375,0.0,0,0
1766593542.0587058,1766593541.9994383,-978.515625,27.83203125,37.59765625,-16.11328125,0.0,0,0
1766593542.058744,1766593542.003334,912.59765625,43.45703125,14.16015625,29.296875,0.0,0,0
1766593542.05878,1766593542.00723,-295.8984375,-34.66796875,-91.796875,-20.01953125,0.0,0,0
1766593542.058816,1766593542.011126,-1000.0,-101.07421875,-125.0,-67.87109375,0.0,0,0
1766593542.0882041,1766593542.0151737,-332.03125,-74.70703125,-44.43359375,-55.6640625,0.0,0,0
1766593542.088328,1766593542.0190694,940.4296875,29.78515625,39.55078125,-2.44140625,0.0,0,0
1766593542.088383,1766593542.0229654,-948.2421875,54.6875,25.390625,27.34375,0.0,0,0
1766593542.0884311,1766593542.0268614,-22.94921875,-24.90234375,-83.984375,-17.08984375,0.0,0,0
1766593542.088486,1766593542.0307572,-1000.0,-95.21484375,-138.18359375,-80.078125,0.0,0,0
1766593542.088533,1766593542.0346532,-492.1875,-47.36328125,-37.59765625,-73.73046875,0.0,0,0
1766593542.088581,1766593542.0385492,813.4765625,30.76171875,60.05859375,-16.6015625,0.0,0,0
1766593542.088629,1766593542.042445,-879.8828125,60.05859375,30.76171875,14.6484375,0.0,0,0
1766593542.088696,1766593542.046341,90.33203125,17.08984375,-83.0078125,-0.9765625,0.0,0,0
1766593542.088769,1766593542.050237,-1000.0,-79.1015625,-121.58203125,-51.7578125,0.0,0,0
1766593542.0888152,1766593542.054133,-708.49609375,-120.60546875,-41.50390625,-41.015625,0.0,0,0
1766593542.088862,1766593542.0580287,590.8203125,-34.1796875,46.38671875,13.18359375,0.0,0,0
1766593542.1461298,1766593542.0620577,-825.68359375,69.3359375,46.38671875,60.546875,0.0,0,0
1766593542.146284,1766593542.0659537,194.3359375,30.2734375,-56.15234375,43.45703125,0.0,0,0
1766593542.1463418,1766593542.0698497,-1000.0,-52.734375,-122.0703125,-32.2265625,0.0,0,0
1766593542.1463969,1766593542.0737455,-901.3671875,-80.56640625,-71.2890625,-81.0546875,0.0,0,0
1766593542.1464498,1766593542.0776415,335.44921875,-1.953125,32.71484375,-55.17578125,0.0,0,0
1766593542.1465018,1766593542.0815375,-801.7578125,83.984375,74.70703125,2.44140625,0.0,0,0
1766593542.146552,1766593542.0854335,265.625,53.22265625,-5.37109375,-3.90625,0.0,0,0
1766593542.146603,1766593542.0893292,-1000.0,-51.7578125,-103.02734375,-43.45703125,0.0,0,0
1766593542.146652,1766593542.0932252,-1000.0,-127.44140625,-62.01171875,-76.66015625,0.0,0,0
1766593542.146688,1766593542.0971212,75.68359375,-83.984375,50.78125,-46.38671875,0.0,0,0
1766593542.146743,1766593542.1010172,-811.5234375,35.15625,62.5,16.6015625,0.0,0,0
1766593542.146786,1766593542.1049132,385.25390625,43.9453125,-45.41015625,11.71875,0.0,0,0
1766593542.1769578,1766593542.108929,-917.48046875,-30.76171875,-142.578125,-58.10546875,0.0,0,0
1766593542.177077,1766593542.112825,-1000.0,-82.03125,-87.40234375,-87.890625,0.0,0,0
1766593542.177131,1766593542.116721,-30.76171875,-62.98828125,22.4609375,-38.57421875,0.0,0,0
1766593542.177184,1766593542.120617,-840.8203125,8.30078125,61.5234375,21.97265625,0.0,0,0
1766593542.177235,1766593542.124513,530.76171875,18.5546875,-19.53125,20.5078125,0.0,0,0
1766593542.1772852,1766593542.1284087,-775.87890625,-49.31640625,-132.32421875,-50.78125,0.0,0,0
1766593542.1773372,1766593542.1323047,-1000.0,-95.703125,-160.64453125,-106.4453125,0.0,0,0
1766593542.177386,1766593542.1362007,-146.484375,-49.8046875,-53.22265625,-90.33203125,0.0,0,0
1766593542.1774368,1766593542.1400967,-903.80859375,30.2734375,38.57421875,-22.94921875,0.0,0,0
1766593542.1774871,1766593542.1439927,758.30078125,45.41015625,-14.16015625,3.41796875,0.0,0,0
1766593542.177536,1766593542.1478887,-512.6953125,-37.59765625,-94.7265625,-26.3671875,0.0,0,0
1766593542.177587,1766593542.1517847,-1000.0,-118.1640625,-105.95703125,-83.0078125,0.0,0,0
1766593542.222063,1766593542.1557937,-227.05078125,-51.7578125,-21.97265625,-86.42578125,0.0,0,0
1766593542.222165,1766593542.1596897,-960.9375,52.24609375,67.3828125,-22.4609375,0.0,0,0
1766593542.2222238,1766593542.1635857,895.5078125,65.91796875,23.92578125,7.32421875,0.0,0,0
1766593542.2222772,1766593542.1674817,-316.89453125,-12.6953125,-85.44921875,-3.41796875,0.0,0,0
1766593542.22233,1766593542.1713777,-1000.0,-95.703125,-109.375,-57.6171875,0.0,0,0
1766593542.222381,1766593542.1752737,-320.80078125,-65.91796875,-13.671875,-39.55078125,0.0,0,0
1766593542.222433,1766593542.1791697,957.03125,36.1328125,76.171875,54.6875,0.0,0,0
1766593542.222483,1766593542.1830657,-969.7265625,61.5234375,25.87890625,68.359375,0.0,0,0
1766593542.222532,1766593542.1869617,-72.75390625,-19.53125,-83.49609375,25.87890625,0.0,0,0
1766593542.222583,1766593542.1908574,-1000.0,-83.0078125,-102.5390625,-16.6015625,0.0,0,0
1766593542.222632,1766593542.1947534,-491.69921875,-85.44921875,-17.08984375,-26.85546875,0.0,0,0
1766593542.222683,1766593542.1986494,816.89453125,-24.90234375,79.58984375,23.92578125,0.0,0,0
1766593542.268393,1766593542.2026498,-888.18359375,32.2265625,47.36328125,72.265625,0.0,0,0
1766593542.268561,1766593542.2065458,55.6640625,-11.71875,-64.94140625,42.48046875,0.0,0,0
1766593542.268636,1766593542.2104418,-1000.0,-102.5390625,-110.3515625,-26.85546875,0.0,0,0
1766593542.2687092,1766593542.2143378,-647.94921875,-100.09765625,-30.76171875,-40.0390625,0.0,0,0
1766593542.268779,1766593542.2182338,658.203125,-6.8359375,67.3828125,26.3671875,0.0,0,0
1766593542.268843,1766593542.2221298,-840.8203125,40.0390625,37.59765625,54.19921875,0.0,0,0
1766593542.268908,1766593542.2260258,133.30078125,6.8359375,-74.70703125,-0.9765625,0.0,0,0
1766593542.2689762,1766593542.2299218,-1000.0,-73.2421875,-146.484375,-60.546875,0.0,0,0
1766593542.2690392,1766593542.2338178,-827.1484375,-98.14453125,-90.8203125,-90.8203125,0.0,0,0
1766593542.2691042,1766593542.2377138,437.01171875,-20.5078125,42.48046875,-33.69140625,0.0,0,0
1766593542.2691689,1766593542.2416098,-807.6171875,34.66796875,90.33203125,61.5234375,0.0,0,0
1766593542.269233,1766593542.2455058,198.73046875,-6.34765625,-33.203125,28.80859375,0.0,0,0
1766593542.354861,1766593542.2494953,-1000.0,-65.4296875,-134.27734375,-41.9921875,0.0,0,0
1766593542.354995,1766593542.2533913,-997.0703125,-99.609375,-97.65625,-68.84765625,0.0,0,0
1766593542.355038,1766593542.2572873,145.99609375,-57.12890625,26.3671875,-53.22265625,0.0,0,0
1766593542.355077,1766593542.2611833,-801.26953125,26.3671875,78.61328125,-0.9765625,0.0,0,0
1766593542.355177,1766593542.2650793,303.22265625,23.92578125,-4.39453125,0.9765625,0.0,0,0
1766593542.355223,1766593542.2689755,-971.19140625,-63.4765625,-86.9140625,-61.03515625,0.0,0,0
1766593542.355263,1766593542.2728715,-1000.0,-115.234375,-76.66015625,-106.4453125,0.0,0,0
1766593542.3553002,1766593542.2767675,-34.1796875,-62.01171875,-13.18359375,-74.70703125,0.0,0,0
1766593542.355337,1766593542.2806635,-828.61328125,8.7890625,42.96875,-21.484375,0.0,0,0
1766593542.355405,1766593542.2845595,462.40234375,7.32421875,-8.7890625,-14.6484375,0.0,0,0
1766593542.355507,1766593542.2884555,-846.19140625,-61.03515625,-115.234375,-63.4765625,0.0,0,0
1766593542.355577,1766593542.2923515,-1000.0,-115.72265625,-81.0546875,-101.5625,0.0,0,0
1766593542.371318,1766593542.2964113,-109.86328125,-50.78125,24.4140625,-58.59375,0.0,0,0
1766593542.3713999,1766593542.3003073,-883.7890625,37.109375,61.03515625,10.7421875,0.0,0,0
1766593542.3714292,1766593542.3042033,694.3359375,31.25,-4.39453125,29.78515625,0.0,0,0
1766593542.371454,1766593542.3080993,-591.30859375,-41.9921875,-93.75,-9.27734375,0.0,0,0
1766593542.371479,1766593542.3119953,-1000.0,-105.95703125,-86.42578125,-49.8046875,0.0,0,0
1766593542.3715022,1766593542.3158913,-186.5234375,-49.8046875,22.94921875,-26.3671875,0.0,0,0
1766593542.371553,1766593542.3197875,-938.96484375,22.4609375,48.33984375,6.8359375,0.0,0,0
1766593542.371616,1766593542.3236835,852.5390625,21.97265625,-41.50390625,14.6484375,0.0,0,0
1766593542.3716989,1766593542.3275795,-371.58203125,-8.7890625,-90.33203125,5.37109375,0.0,0,0
1766593542.371736,1766593542.3314755,-1000.0,-70.80078125,-84.9609375,-35.15625,0.0,0,0
1766593542.373367,1766593542.3353715,-283.69140625,-67.87109375,-13.671875,-53.7109375,0.0,0,0
1766593542.3734038,1766593542.3392675,993.65234375,20.99609375,47.8515625,1.953125,0.0,0,0
1766593542.416539,1766593542.343232,971.19140625,49.8046875,8.30078125,32.2265625,0.0,0,0
1766593542.4166431,1766593542.347128,-182.12890625,-26.3671875,-76.171875,-3.41796875,0.0,0,0
1766593542.416671,1766593542.3510242,-1000.0,-102.05078125,-98.14453125,-65.4296875,0.0,0,0
1766593542.416697,1766593542.3549201,-446.2890625,-94.7265625,-20.99609375,-68.359375,0.0,0,0
1766593542.4167218,1766593542.3588161,851.07421875,-19.53125,57.6171875,-9.765625,0.0,0,0
1766593542.416746,1766593542.3627121,-908.203125,32.2265625,44.43359375,13.671875,0.0,0,0
1766593542.41677,1766593542.3666081,22.94921875,14.16015625,-39.0625,3.41796875,0.0,0,0
1766593542.416794,1766593542.3705044,-1000.0,-68.359375,-108.3984375,-55.6640625,0.0,0,0
1766593542.416821,1766593542.3744004,-603.515625,-96.19140625,-44.43359375,-90.33203125,0.0,0,0
1766593542.416845,1766593542.3782964,701.66015625,-25.390625,74.70703125,-50.29296875,0.0,0,0
1766593542.4168682,1766593542.3821924,-854.4921875,31.73828125,58.59375,-8.30078125,0.0,0,0
1766593542.4168918,1766593542.3860886,108.88671875,19.04296875,-51.26953125,6.8359375,0.0,0,0
1766593542.4613261,1766593542.3901231,-1000.0,-53.22265625,-105.46875,-33.69140625,0.0,0,0
1766593542.4614358,1766593542.3940194,-744.62890625,-98.14453125,-38.57421875,-64.94140625,0.0,0,0
1766593542.4614651,1766593542.3979154,547.8515625,-16.11328125,67.87109375,-5.859375,0.0,0,0
1766593542.4614909,1766593542.4018114,-821.77734375,70.3125,42.96875,45.41015625,0.0,0,0
1766593542.461515,1766593542.4057076,167.48046875,16.11328125,-78.61328125,7.8125,0.0,0,0
1766593542.46154,1766593542.4096036,-1000.0,-83.49609375,-115.72265625,-65.4296875,0.0,0,0
1766593542.4615638,1766593542.4134996,-932.6171875,-101.07421875,-58.59375,-101.5625,0.0,0,0
1766593542.461588,1766593542.4173958,266.6015625,-37.109375,10.7421875,-66.40625,0.0,0,0
1766593542.461612,1766593542.4212918,-799.8046875,19.04296875,33.203125,20.99609375,0.0,0,0
1766593542.461635,1766593542.4251878,268.06640625,11.23046875,-28.3203125,22.94921875,0.0,0,0
1766593542.461659,1766593542.4290838,-1000.0,-46.38671875,-102.05078125,-72.265625,0.0,0,0
1766593542.461683,1766593542.43298,-1000.0,-119.140625,-61.5234375,-104.4921875,0.0,0,0
1766593542.507217,1766593542.4370043,51.26953125,-91.30859375,32.71484375,-68.359375,0.0,0,0
1766593542.507334,1766593542.4409006,-814.94140625,10.25390625,45.8984375,-16.6015625,0.0,0,0
1766593542.507436,1766593542.4447966,379.39453125,34.66796875,-20.01953125,4.8828125,0.0,0,0
1766593542.507593,1766593542.4486926,-910.64453125,-42.48046875,-99.609375,-42.48046875,0.0,0,0
1766593542.507744,1766593542.4525888,-1000.0,-99.12109375,-94.23828125,-82.51953125,0.0,0,0
1766593542.507852,1766593542.4564848,-87.890625,-59.08203125,-2.44140625,-62.5,0.0,0,0
1766593542.508002,1766593542.4603808,-851.5625,15.13671875,17.578125,-4.8828125,0.0,0,0
1766593542.508159,1766593542.464277,560.546875,22.94921875,-65.4296875,-12.6953125,0.0,0,0
1766593542.508378,1766593542.468173,-742.67578125,-48.33984375,-134.27734375,-91.796875,0.0,0,0
1766593542.508537,1766593542.4720693,-1000.0,-99.609375,-114.74609375,-135.7421875,0.0,0,0
1766593542.508656,1766593542.4759653,-170.41015625,-49.31640625,-19.53125,-111.81640625,0.0,0,0
1766593542.508832,1766593542.4798613,-915.52734375,28.80859375,50.78125,-58.10546875,0.0,0,0
1766593542.551321,1766593542.4838736,782.71484375,20.01953125,7.32421875,-15.625,0.0,0,0
1766593542.551391,1766593542.4877696,-482.421875,-59.08203125,-77.63671875,-50.78125,0.0,0,0
1766593542.5514371,1766593542.4916658,-1000.0,-106.93359375,-94.7265625,-69.3359375,0.0,0,0
1766593542.551489,1766593542.4955618,-258.30078125,-69.82421875,-29.296875,-66.89453125,0.0,0,0
1766593542.551531,1766593542.4994578,-981.93359375,9.765625,20.99609375,-47.8515625,0.0,0,0
1766593542.551556,1766593542.503354,921.38671875,41.015625,-16.6015625,-21.97265625,0.0,0,0
1766593542.551581,1766593542.50725,-278.3203125,1.46484375,-85.44921875,-38.57421875,0.0,0,0
1766593542.5516999,1766593542.5111463,-1000.0,-98.14453125,-97.65625,-48.33984375,0.0,0,0
1766593542.551765,1766593542.5150423,-337.890625,-111.81640625,-8.30078125,-65.4296875,0.0,0,0
1766593542.551799,1766593542.5189385,946.77734375,-16.11328125,83.49609375,-39.0625,0.0,0,0
1766593542.551831,1766593542.5228345,-965.33203125,58.59375,35.64453125,-24.4140625,0.0,0,0
1766593542.551861,1766593542.5267308,-68.359375,-11.23046875,-102.5390625,-26.85546875,0.0,0,0
1766593542.596549,1766593542.5307374,-1000.0,-114.74609375,-130.859375,-62.01171875,0.0,0,0
1766593542.5966232,1766593542.5346336,-473.6328125,-89.84375,-54.19921875,-162.109375,0.0,0,0
1766593542.596652,1766593542.5385296,845.703125,-5.37109375,23.92578125,-89.84375,0.0,0,0
1766593542.596711,1766593542.5424259,-912.109375,34.66796875,2.9296875,50.78125,0.0,0,0
1766593542.5967848,1766593542.5463219,-0.9765625,-17.578125,-100.5859375,-47.8515625,0.0,0,0
1766593542.5968351,1766593542.550218,-1000.0,-102.5390625,-107.91015625,-159.1796875,0.0,0,0
1766593542.596887,1766593542.554114,-642.578125,-104.98046875,-21.97265625,-91.30859375,0.0,0,0
1766593542.59695,1766593542.5580103,663.57421875,-44.921875,45.8984375,-30.76171875,0.0,0,0
1766593542.596978,1766593542.5619063,-846.19140625,-7.32421875,48.828125,-55.6640625,0.0,0,0
1766593542.5970109,1766593542.5658026,98.6328125,-4.39453125,-35.15625,-78.61328125,0.0,0,0
1766593542.597048,1766593542.5696986,-1000.0,-86.42578125,-123.53515625,-16.6015625,0.0,0,0
1766593542.5970812,1766593542.5735948,-821.77734375,-130.37109375,-65.4296875,-34.1796875,0.0,0,0
1766593542.657747,1766593542.5776758,442.3828125,-14.6484375,36.62109375,-62.5,0.0,0,0
1766593542.657872,1766593542.581572,-805.6640625,27.34375,88.8671875,-101.5625,0.0,0,0
1766593542.65793,1766593542.585468,219.23828125,-35.15625,33.69140625,21.484375,0.0,0,0
1766593542.657984,1766593542.5893643,-1000.0,-47.36328125,-103.02734375,30.76171875,0.0,0,0
1766593542.6580758,1766593542.5932603,-982.91015625,-44.43359375,-108.3984375,-70.80078125,0.0,0,0
1766593542.658131,1766593542.5971565,199.70703125,1.953125,19.04296875,-13.671875,0.0,0,0
1766593542.658184,1766593542.6010528,-795.41015625,53.7109375,42.96875,120.1171875,0.0,0,0
1766593542.658242,1766593542.6049488,244.140625,-30.2734375,-20.99609375,100.09765625,0.0,0,0
1766593542.658294,1766593542.608845,-992.67578125,-70.3125,-94.23828125,3.90625,0.0,0,0
1766593542.658344,1766593542.6127412,-1000.0,-39.55078125,-83.0078125,-65.91796875,0.0,0,0
1766593542.658417,1766593542.6166372,-70.80078125,-48.33984375,100.09765625,-125.9765625,0.0,0,0
1766593542.658468,1766593542.6205335,-819.3359375,3.90625,126.46484375,26.85546875,0.0,0,0
1766593542.7021592,1766593542.6245272,390.13671875,34.66796875,10.7421875,-44.43359375,0.0,0,0
1766593542.702222,1766593542.6284235,-906.73828125,-46.38671875,-99.12109375,-91.796875,0.0,0,0
1766593542.702244,1766593542.6323195,-1000.0,-103.515625,-112.3046875,55.17578125,0.0,0,0
1766593542.702264,1766593542.6362157,-152.83203125,-57.6171875,62.98828125,-27.83203125,0.0,0,0
1766593542.702281,1766593542.640112,-860.3515625,30.76171875,84.47265625,20.99609375,0.0,0,0
1766593542.7022989,1766593542.644008,569.3359375,44.43359375,-17.578125,-43.45703125,0.0,0,0
1766593542.702316,1766593542.6479042,-737.3046875,-43.45703125,-88.8671875,-79.58984375,0.0,0,0
1766593542.702336,1766593542.6518004,-1000.0,-67.87109375,-129.39453125,53.7109375,0.0,0,0
1766593542.702378,1766593542.6556966,-218.75,-48.828125,-44.43359375,50.78125,0.0,0,0
1766593542.70242,1766593542.6595926,-905.76171875,-30.2734375,126.953125,17.08984375,0.0,0,0
1766593542.702442,1766593542.6634889,708.49609375,45.41015625,50.29296875,117.1875,0.0,0,0
1766593542.7024598,1766593542.667385,-603.02734375,46.38671875,-131.34765625,-11.23046875,0.0,0,0
1766593542.73229,1766593542.6713688,-1000.0,-90.33203125,-127.44140625,-146.97265625,0.0,0,0
1766593542.732383,1766593542.675265,-224.609375,-84.47265625,-18.5546875,69.3359375,0.0,0,0
1766593542.732785,1766593542.6791613,-964.35546875,18.06640625,61.03515625,166.9921875,0.0,0,0
1766593542.732814,1766593542.6830575,896.97265625,44.921875,11.71875,108.88671875,0.0,0,0
1766593542.7328389,1766593542.6869535,-312.01171875,23.4375,-125.48828125,44.921875,0.0,0,0
1766593542.732864,1766593542.6908498,-1000.0,-81.54296875,-151.3671875,22.4609375,0.0,0,0
1766593542.732887,1766593542.694746,-481.4453125,-73.2421875,-36.1328125,-30.2734375,0.0,0,0
1766593542.732911,1766593542.6986423,807.6171875,-1.46484375,86.42578125,-93.26171875,0.0,0,0
1766593542.732934,1766593542.7025383,-906.25,-14.6484375,20.99609375,117.67578125,0.0,0,0
1766593542.732957,1766593542.7064345,3.90625,-38.0859375,-82.03125,149.90234375,0.0,0,0
1766593542.73298,1766593542.7103307,-1000.0,-63.96484375,-130.37109375,-0.48828125,0.0,0,0
1766593542.733013,1766593542.714227,-569.3359375,-70.80078125,-65.91796875,13.18359375,0.0,0,0
1766593542.7926888,1766593542.7181938,746.09375,-39.0625,40.0390625,131.8359375,0.0,0,0
1766593542.792775,1766593542.72209,-866.2109375,-32.71484375,5.859375,119.62890625,0.0,0,0
1766593542.792813,1766593542.7259862,83.0078125,-35.64453125,-42.48046875,27.34375,0.0,0,0
1766593542.792846,1766593542.7298825,-1000.0,-59.08203125,-119.62890625,53.22265625,0.0,0,0
1766593542.792876,1766593542.7337785,-735.3515625,-84.9609375,-115.234375,123.046875,0.0,0,0
1766593542.79291,1766593542.7376747,545.41015625,-35.64453125,35.64453125,145.5078125,0.0,0,0
1766593542.792942,1766593542.741571,-821.2890625,22.4609375,78.61328125,90.33203125,0.0,0,0
1766593542.792973,1766593542.7454672,187.01171875,16.6015625,-47.36328125,98.6328125,0.0,0,0
1766593542.793004,1766593542.7493634,-1000.0,-84.9609375,-165.0390625,85.9375,0.0,0,0
1766593542.793033,1766593542.7532594,-931.640625,-150.390625,-71.77734375,40.0390625,0.0,0,0
1766593542.793063,1766593542.7571557,275.87890625,-116.2109375,83.984375,65.91796875,0.0,0,0
1766593542.7930932,1766593542.761052,-800.29296875,-1.953125,75.1953125,152.83203125,0.0,0,0
1766593542.8390841,1766593542.7650893,237.3046875,41.015625,-100.09765625,108.3984375,0.0,0,0
1766593542.839251,1766593542.7689855,-1000.0,-68.84765625,-185.546875,-7.8125,0.0,0,0
1766593542.839329,1766593542.7728817,-1000.0,-85.44921875,-88.37890625,1.953125,0.0,0,0
1766593542.839385,1766593542.776778,71.2890625,-19.04296875,35.64453125,55.17578125,0.0,0,0
1766593542.839437,1766593542.780674,-811.03515625,41.9921875,21.484375,76.171875,0.0,0,0
1766593542.839488,1766593542.7845702,382.8125,12.20703125,-68.359375,45.41015625,0.0,0,0
1766593542.839539,1766593542.7884665,-901.3671875,-97.16796875,-119.140625,4.39453125,0.0,0,0
1766593542.8395898,1766593542.7923627,-1000.0,-131.34765625,-93.26171875,-18.06640625,0.0,0,0
1766593542.8396401,1766593542.796259,-122.55859375,-44.921875,18.06640625,-11.23046875,0.0,0,0
1766593542.839701,1766593542.8001552,-854.00390625,5.859375,82.03125,38.0859375,0.0,0,0
1766593542.8397598,1766593542.8040514,553.22265625,-42.96875,0.9765625,80.56640625,0.0,0,0
1766593542.839812,1766593542.8079476,-752.44140625,-99.609375,-129.39453125,36.62109375,0.0,0,0
1766593542.882955,1766593542.8119793,-1000.0,-103.02734375,-129.39453125,-24.90234375,0.0,0,0
1766593542.883052,1766593542.8158755,-174.8046875,-57.6171875,-3.41796875,-11.23046875,0.0,0,0
1766593542.883086,1766593542.8197718,-901.3671875,27.83203125,77.1484375,43.9453125,0.0,0,0
1766593542.883116,1766593542.823668,732.91015625,50.78125,11.71875,67.3828125,0.0,0,0
1766593542.883146,1766593542.8275642,-556.640625,-11.71875,-79.1015625,20.99609375,0.0,0,0
1766593542.883174,1766593542.8314605,-1000.0,-55.6640625,-82.51953125,-37.109375,0.0,0,0
1766593542.8832052,1766593542.8353567,-220.703125,-38.0859375,-8.7890625,-32.71484375,0.0,0,0
1766593542.883235,1766593542.839253,-967.7734375,7.8125,57.12890625,10.25390625,0.0,0,0
1766593542.883264,1766593542.8431492,913.57421875,17.578125,-6.34765625,46.875,0.0,0,0
1766593542.883292,1766593542.8470454,-281.73828125,-70.80078125,-105.95703125,24.90234375,0.0,0,0
1766593542.883321,1766593542.8509417,-1000.0,-140.13671875,-100.09765625,-36.62109375,0.0,0,0
1766593542.8833501,1766593542.854838,-366.2109375,-107.421875,-20.5078125,-67.3828125,0.0,0,0
1766593542.9576151,1766593542.8590097,923.828125,-19.04296875,41.50390625,-42.48046875,0.0,0,0
1766593542.957681,1766593542.862906,-955.078125,53.22265625,32.2265625,8.30078125,0.0,0,0
1766593542.95771,1766593542.8668022,-60.546875,-3.90625,-50.78125,-0.9765625,0.0,0,0
1766593542.957736,1766593542.8706985,-1000.0,-78.125,-124.0234375,-79.58984375,0.0,0,0
1766593542.957762,1766593542.874595,-542.48046875,-83.984375,-56.640625,-100.5859375,0.0,0,0
1766593542.9577868,1766593542.8784912,767.08984375,-19.53125,26.3671875,-51.7578125,0.0,0,0
1766593542.9578109,1766593542.8823874,-875.0,49.8046875,6.34765625,3.90625,0.0,0,0
1766593542.957835,1766593542.8862836,68.359375,-11.71875,-59.5703125,-24.4140625,0.0,0,0
1766593542.957887,1766593542.8901799,-1000.0,-113.28125,-105.95703125,-112.79296875,0.0,0,0
1766593542.957929,1766593542.894076,-680.17578125,-117.67578125,-53.22265625,-133.30078125,0.0,0,0
1766593542.957954,1766593542.8979723,626.953125,-40.0390625,35.15625,-93.75,0.0,0,0
1766593542.957979,1766593542.9018688,-839.35546875,34.66796875,51.7578125,-38.57421875,0.0,0,0
1766593542.972333,1766593542.9058785,119.62890625,11.23046875,-49.8046875,-56.640625,0.0,0,0
1766593542.972391,1766593542.9097748,-1000.0,-74.70703125,-168.45703125,-115.72265625,0.0,0,0
1766593542.972419,1766593542.9136713,-793.45703125,-82.51953125,-91.796875,-90.33203125,0.0,0,0
1766593542.972445,1766593542.9175675,478.515625,-10.7421875,59.5703125,-54.19921875,0.0,0,0
1766593542.97247,1766593542.9214637,-812.01171875,38.0859375,27.34375,-54.19921875,0.0,0,0
1766593542.972515,1766593542.92536,242.1875,1.953125,-42.48046875,-59.5703125,0.0,0,0
1766593542.9725811,1766593542.9292562,-1000.0,-56.640625,-66.40625,-89.35546875,0.0,0,0
1766593542.972608,1766593542.9331527,-987.3046875,-86.42578125,-40.52734375,-104.4921875,0.0,0,0
1766593542.9726331,1766593542.937049,195.80078125,-26.3671875,14.6484375,-82.03125,0.0,0,0
1766593542.972703,1766593542.9409451,-802.734375,23.92578125,16.11328125,-52.24609375,0.0,0,0
1766593542.9727309,1766593542.9448414,337.890625,-20.01953125,-46.38671875,-57.12890625,0.0,0,0
1766593542.972755,1766593542.9487376,-956.54296875,-85.9375,-113.28125,-118.1640625,0.0,0,0
1766593543.0176508,1766593542.9527342,-1000.0,-95.703125,-91.796875,-154.296875,0.0,0,0
1766593543.0177548,1766593542.9566305,27.83203125,-13.18359375,-3.90625,-125.48828125,0.0,0,0
1766593543.017798,1766593542.9605267,-821.77734375,53.7109375,41.50390625,-51.7578125,0.0,0,0
1766593543.0178418,1766593542.9644232,442.87109375,20.01953125,-40.52734375,-31.25,0.0,0,0
1766593543.017938,1766593542.9683194,-862.3046875,-70.80078125,-131.34765625,-91.796875,0.0,0,0
1766593543.017993,1766593542.9722157,-1000.0,-96.6796875,-69.3359375,-122.55859375,0.0,0,0
1766593543.018036,1766593542.976112,-99.609375,-31.73828125,25.390625,-87.40234375,0.0,0,0
1766593543.0180821,1766593542.9800084,-881.8359375,2.44140625,52.24609375,-40.0390625,0.0,0,0
1766593543.018126,1766593542.9839046,703.125,-34.1796875,-11.23046875,-17.578125,0.0,0,0
1766593543.018168,1766593542.9878008,-592.28515625,-66.89453125,-100.09765625,-57.6171875,0.0,0,0
1766593543.01821,1766593542.991697,-1000.0,-84.9609375,-104.4921875,-111.328125,0.0,0,0
1766593543.0182521,1766593542.9955935,-164.0625,-26.85546875,-22.4609375,-88.8671875,0.0,0,0
1766593543.0614321,1766593542.99958,-932.12890625,59.5703125,52.734375,-37.109375,0.0,0,0
1766593543.0614889,1766593543.0034761,853.02734375,51.26953125,0.0,-19.04296875,0.0,0,0
1766593543.0615208,1766593543.0073724,-378.90625,-17.578125,-94.23828125,-50.78125,0.0,0,0
1766593543.061555,1766593543.0112689,-1000.0,-102.5390625,-90.33203125,-83.984375,0.0,0,0
1766593543.061586,1766593543.015165,-271.484375,-94.7265625,-24.4140625,-88.37890625,0.0,0,0
1766593543.0616162,1766593543.0190613,997.55859375,15.13671875,43.9453125,-37.59765625,0.0,0,0
1766593543.061698,1766593543.0229578,978.02734375,55.17578125,23.92578125,12.6953125,0.0,0,0
1766593543.062203,1766593543.026854,-178.22265625,-13.18359375,-100.5859375,-15.625,0.0,0,0
1766593543.062248,1766593543.0307503,-1000.0,-68.84765625,-138.671875,-85.44921875,0.0,0,0
1766593543.062282,1766593543.0346467,-359.375,-48.828125,-20.5078125,-103.515625,0.0,0,0
1766593543.0623128,1766593543.038543,920.8984375,15.625,67.87109375,-68.359375,0.0,0,0
1766593543.0623438,1766593543.0424392,-925.29296875,28.80859375,26.85546875,-32.2265625,0.0,0,0
1766593543.106907,1766593543.0464125,20.99609375,-35.64453125,-70.80078125,-52.734375,0.0,0,0
1766593543.107018,1766593543.050309,-1000.0,-70.3125,-131.8359375,-105.95703125,0.0,0,0
1766593543.107062,1766593543.0542052,-536.62109375,-67.3828125,-86.42578125,-77.63671875,0.0,0,0
1766593543.1071,1766593543.0581014,774.4140625,-28.80859375,18.5546875,-34.1796875,0.0,0,0
1766593543.107143,1766593543.061998,-866.69921875,22.4609375,32.2265625,-25.390625,0.0,0,0
1766593543.1071842,1766593543.0658941,104.4921875,7.32421875,-50.78125,-45.41015625,0.0,0,0
1766593543.107222,1766593543.0697906,-1000.0,-70.3125,-101.07421875,-90.33203125,0.0,0,0
1766593543.107258,1766593543.0736868,-783.203125,-113.76953125,-57.6171875,-105.46875,0.0,0,0
1766593543.107295,1766593543.077583,501.46484375,-36.62109375,12.20703125,-63.96484375,0.0,0,0
1766593543.107334,1766593543.0814795,-813.4765625,32.2265625,19.04296875,-17.578125,0.0,0,0
1766593543.107394,1766593543.0853758,175.78125,-0.48828125,-47.8515625,-30.76171875,0.0,0,0
1766593543.107431,1766593543.089272,-1000.0,-75.1953125,-110.3515625,-79.58984375,0.0,0,0
1766593543.1670022,1766593543.0932386,-934.5703125,-72.75390625,-60.546875,-88.37890625,0.0,0,0
1766593543.1671622,1766593543.097135,274.90234375,-20.01953125,46.875,-37.59765625,0.0,0,0
1766593543.1672199,1766593543.1010313,-797.36328125,43.9453125,61.03515625,1.953125,0.0,0,0
1766593543.167273,1766593543.1049278,282.2265625,51.26953125,-31.73828125,-3.90625,0.0,0,0
1766593543.1673222,1766593543.108824,-996.09375,-62.98828125,-120.1171875,-52.24609375,0.0,0,0
1766593543.167371,1766593543.1127203,-1000.0,-119.62890625,-86.42578125,-96.6796875,0.0,0,0
1766593543.167419,1766593543.1166167,73.2421875,-49.31640625,15.13671875,-81.54296875,0.0,0,0
1766593543.16747,1766593543.120513,-812.5,14.16015625,36.62109375,-37.109375,0.0,0,0
1766593543.167524,1766593543.1244094,397.94921875,16.6015625,-29.296875,-20.01953125,0.0,0,0
1766593543.1675699,1766593543.1283057,-895.5078125,-84.9609375,-121.58203125,-74.21875,0.0,0,0
1766593543.1676202,1766593543.1322021,-1000.0,-139.16015625,-105.46875,-110.83984375,0.0,0,0
1766593543.1676679,1766593543.1360984,-99.609375,-50.29296875,4.39453125,-59.5703125,0.0,0,0
1766593543.256253,1766593543.140135,-854.00390625,20.01953125,32.2265625,-20.5078125,0.0,0,0
1766593543.256404,1766593543.1440313,579.1015625,10.7421875,-33.69140625,-30.2734375,0.0,0,0
1766593543.2564878,1766593543.1479278,-731.93359375,-39.55078125,-83.984375,-60.546875,0.0,0,0
1766593543.256611,1766593543.151824,-1000.0,-96.19140625,-45.41015625,-60.05859375,0.0,0,0
1766593543.256688,1766593543.1557205,-180.17578125,-66.40625,15.625,-45.8984375,0.0,0,0
1766593543.2567601,1766593543.1596167,-914.55078125,27.34375,14.16015625,-23.4375,0.0,0,0
1766593543.2568269,1766593543.1635132,778.3203125,25.390625,-33.69140625,9.765625,0.0,0,0
1766593543.256892,1766593543.1674094,-501.953125,-48.33984375,-103.02734375,-23.92578125,0.0,0,0
1766593543.2569568,1766593543.171306,-1000.0,-90.33203125,-130.859375,-86.9140625,0.0,0,0
1766593543.2570229,1766593543.1752021,-235.3515625,-87.890625,-30.76171875,-73.73046875,0.0,0,0
1766593543.2570949,1766593543.1790986,-978.515625,-12.20703125,41.50390625,-30.76171875,0.0,0,0
1766593543.257196,1766593543.1829948,935.05859375,28.80859375,3.90625,-6.34765625,0.0,0,0
1766593543.258676,1766593543.18703,-250.48828125,-16.11328125,-80.56640625,-24.90234375,0.0,0,0
1766593543.258732,1766593543.1909263,-1000.0,-75.1953125,-116.69921875,-85.9375,0.0,0,0
1766593543.258772,1766593543.1948228,-354.98046875,-76.171875,-48.33984375,-103.515625,0.0,0,0
1766593543.258811,1766593543.198719,932.12890625,2.9296875,33.69140625,-46.875,0.0,0,0
1766593543.258848,1766593543.2026155,-951.171875,68.359375,26.3671875,-2.9296875,0.0,0,0
1766593543.2588851,1766593543.206512,-43.9453125,0.48828125,-61.03515625,-26.85546875,0.0,0,0
1766593543.258923,1766593543.2104082,-1000.0,-108.88671875,-97.65625,-60.05859375,0.0,0,0
1766593543.258962,1766593543.2143047,-474.12109375,-62.98828125,-28.80859375,-62.98828125,0.0,0,0
1766593543.259001,1766593543.218201,833.49609375,6.8359375,30.76171875,-10.25390625,0.0,0,0
1766593543.25905,1766593543.2220974,-887.20703125,20.5078125,-12.6953125,20.99609375,0.0,0,0
1766593543.2590878,1766593543.2259939,71.2890625,-20.99609375,-95.703125,-8.30078125,0.0,0,0
1766593543.259125,1766593543.22989,-1000.0,-102.05078125,-117.1875,-56.640625,0.0,0,0
1766593543.301721,1766593543.2339008,-694.82421875,-80.078125,-42.48046875,-74.70703125,0.0,0,0
1766593543.301823,1766593543.2377973,605.95703125,4.39453125,47.36328125,-38.0859375,0.0,0,0
1766593543.3018649,1766593543.2416935,-831.0546875,62.01171875,42.96875,1.953125,0.0,0,0
1766593543.301911,1766593543.24559,133.7890625,22.4609375,-42.96875,-9.27734375,0.0,0,0
1766593543.301952,1766593543.2494864,-1000.0,-60.05859375,-93.75,-57.6171875,0.0,0,0
1766593543.301991,1766593543.2533827,-906.73828125,-75.1953125,-80.078125,-60.546875,0.0,0,0
1766593543.30203,1766593543.2572792,311.5234375,-35.64453125,-18.06640625,-22.4609375,0.0,0,0
1766593543.302067,1766593543.2611756,-797.36328125,13.18359375,23.92578125,10.25390625,0.0,0,0
1766593543.302104,1766593543.2650719,229.98046875,-10.25390625,-45.8984375,3.90625,0.0,0,0
1766593543.302142,1766593543.2689683,-1000.0,-82.03125,-87.890625,-43.9453125,0.0,0,0
1766593543.302179,1766593543.2728648,-1000.0,-104.4921875,-31.25,-71.77734375,0.0,0,0
1766593543.302214,1766593543.276761,95.21484375,-57.6171875,32.71484375,-46.38671875,0.0,0,0
1766593543.3475552,1766593543.2807655,-804.19921875,18.5546875,51.26953125,4.39453125,0.0,0,0
1766593543.347619,1766593543.284662,327.63671875,41.015625,-15.625,8.30078125,0.0,0,0
1766593543.3476532,1766593543.2885585,-951.66015625,-29.296875,-99.12109375,-50.78125,0.0,0,0
1766593543.3476841,1766593543.292455,-1000.0,-99.12109375,-91.796875,-84.9609375,0.0,0,0
1766593543.347753,1766593543.2963512,-73.73046875,-58.10546875,-8.30078125,-53.22265625,0.0,0,0
1766593543.347816,1766593543.3002477,-840.8203125,16.6015625,65.4296875,-4.39453125,0.0,0,0
1766593543.34785,1766593543.3041441,522.4609375,33.203125,1.953125,19.04296875,0.0,0,0
1766593543.347882,1766593543.3080404,-785.64453125,-17.08984375,-108.88671875,-25.87890625,0.0,0,0
1766593543.347914,1766593543.3119369,-1000.0,-108.3984375,-127.44140625,-117.67578125,0.0,0,0
1766593543.347944,1766593543.3158333,-177.24609375,-96.6796875,-28.80859375,-117.1875,0.0,0,0
1766593543.347975,1766593543.3197298,-894.04296875,20.5078125,36.62109375,-53.7109375,0.0,0,0
1766593543.348005,1766593543.323626,699.70703125,6.34765625,-36.1328125,-74.70703125,0.0,0,0
1766593543.391665,1766593543.3276222,-598.14453125,-94.23828125,-98.6328125,-106.4453125,0.0,0,0
1766593543.3917801,1766593543.3315187,-1000.0,-98.6328125,-95.703125,-111.328125,0.0,0,0
1766593543.391808,1766593543.3354151,-238.76953125,-58.10546875,-31.73828125,-110.3515625,0.0,0,0
1766593543.391833,1766593543.3393116,-966.30859375,-3.41796875,27.34375,-62.5,0.0,0,0
1766593543.391859,1766593543.343208,894.53125,2.44140625,-4.39453125,-29.296875,0.0,0,0
1766593543.391883,1766593543.3471043,-322.265625,-30.76171875,-66.89453125,-47.36328125,0.0,0,0
1766593543.391907,1766593543.3510008,-1000.0,-61.5234375,-93.75,-77.63671875,0.0,0,0
1766593543.3919308,1766593543.3548973,-363.76953125,-81.0546875,-62.98828125,-77.63671875,0.0,0,0
1766593543.391955,1766593543.3587937,937.5,-12.6953125,21.97265625,-41.50390625,0.0,0,0
1766593543.3919811,1766593543.3626902,-981.4453125,25.87890625,11.23046875,-8.30078125,0.0,0,0
1766593543.3920069,1766593543.3665864,-122.55859375,-42.96875,-70.80078125,-30.2734375,0.0,0,0
1766593543.3920388,1766593543.370483,-1000.0,-99.609375,-77.1484375,-65.91796875,0.0,0,0
1766593543.437015,1766593543.3744693,-494.62890625,-87.40234375,-19.53125,-72.265625,0.0,0,0
1766593543.437136,1766593543.3783658,808.10546875,-23.4375,43.9453125,-43.9453125,0.0,0,0
1766593543.4371798,1766593543.382262,-887.20703125,35.64453125,28.3203125,-8.7890625,0.0,0,0
1766593543.437269,1766593543.3861585,53.7109375,-7.8125,-67.87109375,-39.0625,0.0,0,0
1766593543.43733,1766593543.390055,-1000.0,-96.6796875,-117.1875,-101.07421875,0.0,0,0
1766593543.4373708,1766593543.3939514,-678.7109375,-98.14453125,-54.19921875,-106.93359375,0.0,0,0
1766593543.437411,1766593543.397848,623.53515625,-23.92578125,18.5546875,-29.78515625,0.0,0,0
1766593543.437449,1766593543.4017444,-837.40234375,45.41015625,13.18359375,12.20703125,0.0,0,0
1766593543.437488,1766593543.4056408,121.09375,12.6953125,-55.6640625,-20.99609375,0.0,0,0
1766593543.437526,1766593543.409537,-1000.0,-99.12109375,-98.14453125,-57.6171875,0.0,0,0
1766593543.4375622,1766593543.4134336,-847.65625,-112.79296875,-72.265625,-62.98828125,0.0,0,0
1766593543.437599,1766593543.41733,406.73828125,-3.41796875,25.390625,-15.625,0.0,0,0
1766593543.482839,1766593543.4213078,-804.6875,52.24609375,64.94140625,13.671875,0.0,0,0
1766593543.482979,1766593543.4252043,191.89453125,-6.8359375,-18.06640625,-20.99609375,0.0,0,0
1766593543.483107,1766593543.4291008,-1000.0,-68.84765625,-105.46875,-67.3828125,0.0,0,0
1766593543.483165,1766593543.4329972,-982.421875,-106.93359375,-64.94140625,-73.2421875,0.0,0,0
1766593543.4832199,1766593543.4368937,175.29296875,-30.76171875,20.99609375,-34.66796875,0.0,0,0
1766593543.4832692,1766593543.4407902,-801.7578125,51.26953125,49.31640625,11.23046875,0.0,0,0
1766593543.483317,1766593543.4446867,320.80078125,32.71484375,-10.25390625,0.48828125,0.0,0,0
1766593543.4833658,1766593543.448583,-960.44921875,-63.4765625,-125.0,-44.921875,0.0,0,0
1766593543.483414,1766593543.4524794,-1000.0,-102.5390625,-108.3984375,-72.265625,0.0,0,0
1766593543.4834602,1766593543.4563758,-18.5546875,-27.83203125,-5.859375,-53.7109375,0.0,0,0
1766593543.483506,1766593543.4602723,-830.56640625,45.41015625,35.15625,3.41796875,0.0,0,0
1766593543.483552,1766593543.4641688,473.14453125,37.59765625,-20.5078125,22.94921875,0.0,0,0
1766593543.558749,1766593543.4682953,-826.66015625,-56.15234375,-88.8671875,-14.16015625,0.0,0,0
1766593543.558892,1766593543.4721918,-1000.0,-187.5,-62.01171875,-83.0078125,0.0,0,0
1766593543.558935,1766593543.4760883,-147.4609375,-132.8125,18.5546875,-92.28515625,0.0,0,0
1766593543.558974,1766593543.4799848,-875.9765625,8.30078125,58.59375,-30.2734375,0.0,0,0
1766593543.5590122,1766593543.4838812,645.5078125,39.0625,6.8359375,-7.8125,0.0,0,0
1766593543.559049,1766593543.4877777,-657.2265625,3.90625,-59.5703125,-38.0859375,0.0,0,0
1766593543.559086,1766593543.4916742,-1000.0,-65.91796875,-86.42578125,-71.2890625,0.0,0,0
1766593543.559123,1766593543.4955707,-203.61328125,-55.6640625,-43.45703125,-69.82421875,0.0,0,0
1766593543.55916,1766593543.4994671,-934.5703125,32.71484375,18.5546875,-37.109375,0.0,0,0
1766593543.559199,1766593543.5033636,825.68359375,64.94140625,0.48828125,-28.80859375,0.0,0,0
1766593543.559241,1766593543.50726,-429.19921875,10.7421875,-67.87109375,-51.26953125,0.0,0,0
1766593543.559278,1766593543.5111566,-1000.0,-70.80078125,-97.16796875,-61.5234375,0.0,0,0
1766593543.588368,1766593543.5151963,-262.6953125,-58.10546875,-24.4140625,-42.48046875,0.0,0,0
1766593543.588531,1766593543.5190928,996.09375,12.6953125,12.6953125,-9.765625,0.0,0,0
1766593543.588591,1766593543.5229893,980.95703125,44.43359375,-22.4609375,18.06640625,0.0,0,0
1766593543.588644,1766593543.5268857,-157.71484375,-10.25390625,-44.921875,-0.48828125,0.0,0,0
1766593543.588696,1766593543.5307822,-1000.0,-98.14453125,-47.36328125,-51.26953125,0.0,0,0
1766593543.588747,1766593543.5346787,-421.38671875,-78.125,19.53125,-51.7578125,0.0,0,0
1766593543.5887969,1766593543.5385752,884.27734375,2.9296875,44.921875,-13.671875,0.0,0,0
1766593543.588844,1766593543.542472,-928.7109375,56.640625,-6.8359375,1.953125,0.0,0,0
1766593543.588902,1766593543.5463684,-20.99609375,9.27734375,-62.98828125,-6.34765625,0.0,0,0
1766593543.58895,1766593543.5502648,-1000.0,-97.16796875,-96.6796875,-42.96875,0.0,0,0
1766593543.5889971,1766593543.5541613,-561.5234375,-115.234375,-45.8984375,-57.6171875,0.0,0,0
1766593543.58905,1766593543.5580578,749.0234375,-19.53125,47.8515625,-23.92578125,0.0,0,0
1766593543.632475,1766593543.562082,-861.81640625,60.05859375,45.8984375,0.0,0.0,0,0
1766593543.632601,1766593543.5659785,93.26171875,-11.71875,-78.61328125,-35.64453125,0.0,0,0
1766593543.632643,1766593543.569875,-1000.0,-113.28125,-149.90234375,-55.6640625,0.0,0,0
1766593543.632682,1766593543.5737715,-776.85546875,-106.93359375,-69.3359375,-45.8984375,0.0,0,0
1766593543.6327229,1766593543.5776682,503.90625,-16.6015625,41.015625,-39.0625,0.0,0,0
1766593543.6327622,1766593543.5815647,-816.40625,58.10546875,37.59765625,-2.44140625,0.0,0,0
1766593543.6328,1766593543.5854611,158.203125,26.85546875,-57.12890625,-8.30078125,0.0,0,0
1766593543.6328378,1766593543.5893576,-1000.0,-41.50390625,-116.69921875,-67.3828125,0.0,0,0
1766593543.632875,1766593543.593254,-931.640625,-97.16796875,-59.08203125,-95.21484375,0.0,0,0
1766593543.6329238,1766593543.5971508,270.01953125,-71.2890625,49.31640625,-50.29296875,0.0,0,0
1766593543.632961,1766593543.6010473,-797.8515625,14.6484375,54.6875,17.08984375,0.0,0,0
1766593543.63301,1766593543.6049438,262.20703125,-0.9765625,-41.50390625,-0.48828125,0.0,0,0
1766593543.677136,1766593543.6089537,-1000.0,-93.75,-115.72265625,-51.26953125,0.0,0,0
1766593543.677394,1766593543.6128504,-1000.0,-111.81640625,-94.23828125,-62.5,0.0,0,0
1766593543.6774669,1766593543.616747,47.8515625,-14.6484375,-25.87890625,-68.359375,0.0,0,0
1766593543.6775382,1766593543.6206434,-812.5,45.41015625,3.41796875,-28.3203125,0.0,0,0
1766593543.6776462,1766593543.6245399,386.71875,20.99609375,-55.17578125,-10.7421875,0.0,0,0
1766593543.677732,1766593543.6284366,-907.71484375,-57.12890625,-95.703125,-39.0625,0.0,0,0
1766593543.677789,1766593543.632333,-1000.0,-103.515625,-55.17578125,-53.22265625,0.0,0,0
1766593543.677842,1766593543.6362295,-91.30859375,-41.9921875,21.97265625,-27.34375,0.0,0,0
1766593543.6778939,1766593543.640126,-848.6328125,19.04296875,46.875,-1.953125,0.0,0,0
1766593543.677946,1766593543.6440227,553.7109375,7.8125,-25.390625,7.32421875,0.0,0,0
1766593543.677996,1766593543.6479192,-758.30078125,-39.55078125,-93.75,-16.11328125,0.0,0,0
1766593543.678051,1766593543.6518157,-1000.0,-84.9609375,-63.4765625,-72.265625,0.0,0,0
1766593543.722502,1766593543.6558206,-164.0625,-98.14453125,20.01953125,-80.56640625,0.0,0,0
1766593543.722661,1766593543.659717,-913.0859375,-19.53125,52.24609375,-38.0859375,0.0,0,0
1766593543.722705,1766593543.6636138,780.2734375,61.03515625,-12.20703125,-10.7421875,0.0,0,0
1766593543.722743,1766593543.6675103,-487.79296875,4.39453125,-99.12109375,-53.22265625,0.0,0,0
1766593543.722784,1766593543.6714067,-1000.0,-88.37890625,-106.4453125,-90.33203125,0.0,0,0
1766593543.722826,1766593543.6753035,-254.39453125,-97.16796875,-65.91796875,-88.37890625,0.0,0,0
1766593543.7228642,1766593543.6792,-975.09765625,-3.41796875,-6.34765625,-43.45703125,0.0,0,0
1766593543.722901,1766593543.6830964,909.66796875,35.15625,-0.48828125,-18.5546875,0.0,0,0
1766593543.7229671,1766593543.6869931,-301.7578125,-50.29296875,-50.29296875,-34.66796875,0.0,0,0
1766593543.723006,1766593543.6908896,-1000.0,-104.98046875,-67.3828125,-44.43359375,0.0,0,0
1766593543.723042,1766593543.694786,-359.86328125,-85.44921875,-13.671875,-42.48046875,0.0,0,0
1766593543.723079,1766593543.6986828,929.19921875,-33.69140625,64.94140625,-7.8125,0.0,0,0
1766593543.767872,1766593543.7026787,-957.51953125,31.73828125,42.96875,16.6015625,0.0,0,0
1766593543.768031,1766593543.7065754,-61.5234375,22.4609375,-47.36328125,1.953125,0.0,0,0
1766593543.768081,1766593543.7104719,-1000.0,-62.98828125,-95.21484375,-41.9921875,0.0,0,0
1766593543.768121,1766593543.7143683,-460.44921875,-60.546875,-44.921875,-44.921875,0.0,0,0
1766593543.768161,1766593543.718265,843.75,-32.71484375,35.15625,-18.5546875,0.0,0,0
1766593543.768725,1766593543.7221615,-895.01953125,17.578125,16.11328125,-10.25390625,0.0,0,0
1766593543.7687669,1766593543.7260582,55.17578125,9.765625,-84.9609375,-30.76171875,0.0,0,0
1766593543.768805,1766593543.7299547,-1000.0,-116.69921875,-125.0,-55.6640625,0.0,0,0
1766593543.768842,1766593543.7338512,-676.26953125,-127.44140625,-57.12890625,-63.96484375,0.0,0,0
1766593543.7688808,1766593543.737748,625.9765625,-16.6015625,42.96875,-30.76171875,0.0,0,0
1766593543.768917,1766593543.7416444,-834.9609375,32.2265625,27.83203125,9.765625,0.0,0,0
1766593543.768953,1766593543.745541,143.5546875,-15.13671875,-60.546875,2.9296875,0.0,0,0
1766593543.8552399,1766593543.7495267,-1000.0,-84.47265625,-117.1875,-33.69140625,0.0,0,0
1766593543.8553731,1766593543.7534232,-831.0546875,-83.984375,-76.66015625,-53.22265625,0.0,0,0
1766593543.855428,1766593543.75732,429.6875,0.48828125,53.7109375,-11.23046875,0.0,0,0
1766593543.8554828,1766593543.7612164,-808.10546875,13.18359375,72.265625,35.64453125,0.0,0,0
1766593543.855537,1766593543.765113,236.81640625,-20.01953125,-43.9453125,14.6484375,0.0,0,0
1766593543.855587,1766593543.7690096,-1000.0,-32.2265625,-108.88671875,-30.76171875,0.0,0,0
1766593543.85569,1766593543.7729063,-987.3046875,-48.33984375,-78.61328125,-82.03125,0.0,0,0
1766593543.8558002,1766593543.7768028,179.6875,-38.0859375,-6.8359375,-74.21875,0.0,0,0
1766593543.855871,1766593543.7806993,-806.640625,3.90625,19.04296875,-18.5546875,0.0,0,0
1766593543.855937,1766593543.784596,347.16796875,22.4609375,-23.92578125,-6.34765625,0.0,0,0
1766593543.856002,1766593543.7884924,-940.91796875,-56.640625,-84.9609375,-33.203125,0.0,0,0
1766593543.8560681,1766593543.7923892,-1000.0,-130.859375,-79.1015625,-62.01171875,0.0,0,0
1766593543.872006,1766593543.7964406,-22.94921875,-65.91796875,6.34765625,-42.96875,0.0,0,0
1766593543.8720891,1766593543.8003373,-840.33203125,42.96875,36.62109375,10.25390625,0.0,0,0
1766593543.872142,1766593543.8042338,525.87890625,69.3359375,-22.4609375,20.99609375,0.0,0,0
1766593543.872193,1766593543.8081305,-779.296875,-33.69140625,-83.984375,-11.71875,0.0,0,0
1766593543.872305,1766593543.812027,-1000.0,-82.51953125,-60.05859375,-46.38671875,0.0,0,0
1766593543.87237,1766593543.8159237,-131.8359375,-21.484375,30.76171875,-28.3203125,0.0,0,0
1766593543.872413,1766593543.8198202,-890.13671875,-12.20703125,26.3671875,-4.8828125,0.0,0,0
1766593543.872452,1766593543.8237169,718.75,-19.53125,-36.1328125,-13.18359375,0.0,0,0
1766593543.872489,1766593543.8276134,-571.2890625,-40.52734375,-68.84765625,-41.015625,0.0,0,0
1766593543.8725262,1766593543.83151,-1000.0,-74.70703125,-58.10546875,-83.984375,0.0,0,0
1766593543.872571,1766593543.8354065,-199.21875,-31.73828125,1.953125,-53.22265625,0.0,0,0
1766593543.872627,1766593543.8393033,-939.94140625,10.7421875,34.66796875,3.90625,0.0,0,0
1766593543.918155,1766593543.8432777,849.12109375,14.16015625,-28.3203125,5.859375,0.0,0,0
1766593543.918296,1766593543.8471744,-387.6953125,-28.3203125,-92.7734375,-27.34375,0.0,0,0
1766593543.918354,1766593543.851071,-1000.0,-86.9140625,-103.02734375,-95.21484375,0.0,0,0
1766593543.918405,1766593543.8549676,-282.71484375,-64.453125,-55.6640625,-105.46875,0.0,0,0
1766593543.918457,1766593543.8588643,979.98046875,-20.99609375,22.94921875,-28.80859375,0.0,0,0
1766593543.9185112,1766593543.8627608,-996.09375,20.5078125,26.3671875,46.875,0.0,0,0
1766593543.918561,1766593543.8666575,-112.3046875,15.13671875,-48.828125,38.57421875,0.0,0,0
1766593543.918612,1766593543.870554,-1000.0,-84.9609375,-92.28515625,-17.578125,0.0,0,0
1766593543.918669,1766593543.8744507,-459.9609375,-119.62890625,-44.921875,-41.9921875,0.0,0,0
1766593543.918732,1766593543.8783474,848.6328125,-45.8984375,30.76171875,-42.48046875,0.0,0,0
1766593543.918785,1766593543.8822439,-908.69140625,36.1328125,32.71484375,-24.4140625,0.0,0,0
1766593543.918835,1766593543.8861406,19.04296875,11.71875,-58.10546875,-26.3671875,0.0,0,0
1766593543.9629178,1766593543.8901722,-1000.0,-92.7734375,-101.5625,-65.4296875,0.0,0,0
1766593543.96304,1766593543.894069,-559.5703125,-122.55859375,-16.11328125,-35.64453125,0.0,0,0
1766593543.9630988,1766593543.8979654,751.953125,0.48828125,45.41015625,25.390625,0.0,0,0
1766593543.963157,1766593543.9018621,-861.81640625,79.1015625,10.25390625,33.69140625,0.0,0,0
1766593543.963209,1766593543.9057589,105.46875,20.5078125,-63.4765625,-9.27734375,0.0,0,0
1766593543.963261,1766593543.9096553,-1000.0,-66.40625,-104.98046875,-77.1484375,0.0,0,0
1766593543.963316,1766593543.913552,-785.64453125,-79.58984375,-44.921875,-89.35546875,0.0,0,0
1766593543.963368,1766593543.9174488,489.2578125,-17.578125,16.6015625,-46.875,0.0,0,0
1766593543.963418,1766593543.9213452,-813.96484375,36.1328125,-6.8359375,-11.23046875,0.0,0,0
1766593543.963468,1766593543.925242,195.3125,1.953125,-61.03515625,-9.27734375,0.0,0,0
1766593543.9635189,1766593543.9291387,-1000.0,-65.91796875,-83.0078125,-32.2265625,0.0,0,0
1766593543.9635682,1766593543.9330351,-942.3828125,-86.9140625,-50.29296875,-22.4609375,0.0,0,0
1766593544.006819,1766593543.937053,258.30078125,-33.203125,8.7890625,-16.11328125,0.0,0,0
1766593544.006933,1766593543.9409497,-799.31640625,31.73828125,23.4375,-23.4375,0.0,0,0
1766593544.006975,1766593543.9448464,279.78515625,11.23046875,-28.80859375,-30.2734375,0.0,0,0
1766593544.007016,1766593543.948743,-990.72265625,-71.2890625,-91.30859375,-58.10546875,0.0,0,0
1766593544.007054,1766593543.9526396,-1000.0,-118.65234375,-63.4765625,-77.1484375,0.0,0,0
1766593544.007091,1766593543.9565363,31.73828125,-46.38671875,67.87109375,-46.38671875,0.0,0,0
1766593544.007128,1766593543.960433,-815.4296875,47.8515625,103.515625,-24.4140625,0.0,0,0
1766593544.007165,1766593543.9643297,401.3671875,12.20703125,20.01953125,-53.7109375,0.0,0,0
1766593544.0072021,1766593543.9682262,-891.6015625,-76.171875,-97.16796875,-95.21484375,0.0,0,0
1766593544.0072389,1766593543.972123,-1000.0,-119.140625,-88.8671875,-139.6484375,0.0,0,0
1766593544.007276,1766593543.9760196,-120.60546875,-90.33203125,36.62109375,-151.3671875,0.0,0,0
1766593544.007313,1766593543.9799163,-856.4453125,-25.87890625,114.74609375,-134.27734375,0.0,0,0
1766593544.066415,1766593543.9839308,567.87109375,-29.78515625,68.359375,-107.91015625,0.0,0,0
1766593544.066582,1766593543.9878275,-739.74609375,-101.5625,-2.9296875,-125.0,0.0,0,0
1766593544.0666418,1766593543.9917243,-1000.0,-155.2734375,11.23046875,-161.1328125,0.0,0,0
1766593544.066698,1766593543.995621,-188.4765625,-118.65234375,72.75390625,-139.16015625,0.0,0,0
1766593544.066751,1766593543.9995177,-918.45703125,-53.7109375,106.93359375,-80.56640625,0.0,0,0
1766593544.066804,1766593544.0034142,780.76171875,-26.3671875,78.125,-47.36328125,0.0,0,0
1766593544.066855,1766593544.0073109,-490.234375,-67.87109375,-7.8125,-71.77734375,0.0,0,0
1766593544.066907,1766593544.0112076,-1000.0,-226.5625,-44.921875,-98.14453125,0.0,0,0
1766593544.066967,1766593544.0151043,-268.5546875,-220.21484375,47.36328125,-70.80078125,0.0,0,0
1766593544.06702,1766593544.019001,-993.1640625,-54.6875,130.37109375,-41.50390625,0.0,0,0
1766593544.0670989,1766593544.0228975,942.3828125,-19.04296875,124.51171875,-24.4140625,0.0,0,0
1766593544.0671492,1766593544.0267942,-239.2578125,-58.59375,-1.953125,-43.9453125,0.0,0,0
1766593544.096831,1766593544.0307975,-1000.0,-129.8828125,-22.4609375,-49.8046875,0.0,0,0
1766593544.096952,1766593544.0346942,-352.05078125,-152.34375,68.84765625,-30.2734375,0.0,0,0
1766593544.096998,1766593544.038591,923.33984375,-80.56640625,107.91015625,14.16015625,0.0,0,0
1766593544.09704,1766593544.0424874,-932.6171875,-15.625,57.6171875,58.10546875,0.0,0,0
1766593544.097079,1766593544.046384,10.7421875,-57.12890625,-28.80859375,47.36328125,0.0,0,0
1766593544.097151,1766593544.0502808,-1000.0,-110.83984375,-55.6640625,21.97265625,0.0,0,0
1766593544.097186,1766593544.0541775,-502.44140625,-74.21875,8.30078125,12.6953125,0.0,0,0
1766593544.097216,1766593544.0580742,801.7578125,-66.40625,55.6640625,78.61328125,0.0,0,0
1766593544.097245,1766593544.061971,-871.58203125,-44.43359375,33.203125,119.62890625,0.0,0,0
1766593544.0972748,1766593544.0658677,130.37109375,-25.390625,-26.3671875,98.14453125,0.0,0,0
1766593544.0976572,1766593544.0697644,-1000.0,-96.19140625,-49.8046875,43.9453125,0.0,0,0
1766593544.0976892,1766593544.0736609,-673.33984375,-126.953125,-7.32421875,17.578125,0.0,0,0
1766593544.158014,1766593544.0777304,635.7421875,-41.50390625,62.5,64.94140625,0.0,0,0
1766593544.1581829,1766593544.0816271,-834.47265625,19.04296875,66.40625,100.5859375,0.0,0,0
1766593544.158242,1766593544.0855238,209.9609375,-0.48828125,-37.109375,107.421875,0.0,0,0
1766593544.158298,1766593544.0894206,-1000.0,-60.05859375,-122.55859375,57.12890625,0.0,0,0
1766593544.1583512,1766593544.0933173,-849.12109375,-92.28515625,-44.921875,-3.41796875,0.0,0,0
1766593544.158404,1766593544.097214,419.921875,-34.1796875,76.66015625,16.11328125,0.0,0,0
1766593544.158456,1766593544.1011107,-810.546875,32.2265625,62.01171875,58.59375,0.0,0,0
1766593544.158507,1766593544.1050074,297.36328125,0.48828125,-31.73828125,31.25,0.0,0,0
1766593544.158559,1766593544.1089041,-1000.0,-104.00390625,-89.35546875,-5.37109375,0.0,0,0
1766593544.158609,1766593544.1128008,-997.0703125,-152.34375,-53.7109375,8.7890625,0.0,0,0
1766593544.1586602,1766593544.1166975,187.5,-58.10546875,16.6015625,31.73828125,0.0,0,0
1766593544.15871,1766593544.1205943,-825.1953125,61.5234375,21.97265625,49.31640625,0.0,0,0
1766593544.188836,1766593544.1245813,461.42578125,57.6171875,-51.26953125,48.33984375,0.0,0,0
1766593544.1889741,1766593544.128478,-844.7265625,-43.9453125,-101.07421875,20.01953125,0.0,0,0
1766593544.189051,1766593544.1323748,-1000.0,-90.33203125,-65.4296875,-10.7421875,0.0,0,0
1766593544.189177,1766593544.1362715,-13.671875,-46.38671875,4.8828125,-32.71484375,0.0,0,0
1766593544.1892369,1766593544.1401682,-867.67578125,14.6484375,25.87890625,-1.953125,0.0,0,0
1766593544.18929,1766593544.144065,649.4140625,33.203125,-27.83203125,33.69140625,0.0,0,0
1766593544.1893408,1766593544.1479616,-640.625,-28.80859375,-108.3984375,-28.3203125,0.0,0,0
1766593544.1893928,1766593544.1518583,-1000.0,-81.54296875,-113.28125,-81.0546875,0.0,0,0
1766593544.189505,1766593544.155755,-119.140625,-59.08203125,-31.25,-42.48046875,0.0,0,0
1766593544.189564,1766593544.1596518,-912.109375,-9.27734375,26.85546875,11.71875,0.0,0,0
1766593544.1896162,1766593544.1635485,811.03515625,28.3203125,-16.6015625,24.90234375,0.0,0,0
1766593544.1896698,1766593544.1674452,-435.05859375,-0.9765625,-101.07421875,-25.390625,0.0,0,0
1766593544.234103,1766593544.1714187,-1000.0,-81.0546875,-98.6328125,-64.94140625,0.0,0,0
1766593544.234184,1766593544.1753154,-192.87109375,-82.51953125,-18.5546875,-47.8515625,0.0,0,0
1766593544.23422,1766593544.179212,-961.42578125,7.32421875,39.0625,1.953125,0.0,0,0
1766593544.234252,1766593544.1831088,925.78125,24.90234375,-1.46484375,22.4609375,0.0,0,0
1766593544.234284,1766593544.1870055,-244.62890625,-51.26953125,-125.9765625,0.9765625,0.0,0,0
1766593544.234317,1766593544.1909022,-1000.0,-51.7578125,-149.4140625,-35.64453125,0.0,0,0
1766593544.234347,1766593544.194799,-299.8046875,-41.50390625,-19.04296875,-51.7578125,0.0,0,0
1766593544.234378,1766593544.1986957,973.14453125,-16.6015625,85.9375,-11.71875,0.0,0,0
1766593544.2344089,1766593544.2025924,-978.02734375,27.34375,29.78515625,-18.5546875,0.0,0,0
1766593544.234439,1766593544.206489,-73.73046875,-42.96875,-73.73046875,-68.359375,0.0,0,0
1766593544.2344692,1766593544.2103858,-1000.0,-132.32421875,-76.66015625,-67.3828125,0.0,0,0
1766593544.234498,1766593544.2142825,-383.30078125,-99.12109375,-22.94921875,-58.59375,0.0,0,0
1766593544.2929568,1766593544.2182467,904.78515625,0.48828125,2.44140625,-50.78125,0.0,0,0
1766593544.293065,1766593544.2221434,-908.203125,38.57421875,-17.08984375,-27.83203125,0.0,0,0
1766593544.293107,1766593544.2260401,70.80078125,-14.6484375,-77.1484375,-24.4140625,0.0,0,0
1766593544.29315,1766593544.229937,-1000.0,-80.56640625,-105.95703125,-60.546875,0.0,0,0
1766593544.293188,1766593544.2338338,-545.41015625,-63.4765625,-65.91796875,-80.078125,0.0,0,0
1766593544.293227,1766593544.2377305,765.625,-6.8359375,24.4140625,-13.671875,0.0,0,0
1766593544.293264,1766593544.2416272,-859.375,59.5703125,28.80859375,38.0859375,0.0,0,0
1766593544.293303,1766593544.245524,151.85546875,55.6640625,-57.6171875,-1.46484375,0.0,0,0
1766593544.29334,1766593544.2494206,-1000.0,-41.50390625,-106.4453125,-51.7578125,0.0,0,0
1766593544.2933812,1766593544.2533174,-759.765625,-63.4765625,-63.96484375,-74.21875,0.0,0,0
1766593544.293417,1766593544.257214,531.25,-3.41796875,26.3671875,-37.109375,0.0,0,0
1766593544.293453,1766593544.261111,-819.3359375,51.7578125,56.15234375,44.43359375,0.0,0,0
1766593544.337357,1766593544.2651417,216.796875,26.85546875,-57.6171875,38.0859375,0.0,0,0
1766593544.337485,1766593544.2690387,-1000.0,-55.17578125,-180.17578125,-52.24609375,0.0,0,0
1766593544.3375292,1766593544.2729354,-926.26953125,-32.71484375,-114.74609375,-109.375,0.0,0,0
1766593544.33757,1766593544.276832,301.26953125,29.78515625,22.94921875,-72.265625,0.0,0,0
1766593544.337609,1766593544.2807288,-803.22265625,14.6484375,36.62109375,17.578125,0.0,0,0
1766593544.3376472,1766593544.2846255,309.08203125,5.37109375,-31.25,5.859375,0.0,0,0
1766593544.337684,1766593544.2885225,-977.5390625,-1.46484375,-93.75,-99.12109375,0.0,0,0
1766593544.3377228,1766593544.2924192,-1000.0,-44.43359375,-74.70703125,-134.27734375,0.0,0,0
1766593544.33777,1766593544.296316,77.63671875,-15.13671875,21.97265625,-87.40234375,0.0,0,0
1766593544.337826,1766593544.3002126,-818.84765625,61.03515625,41.015625,-22.4609375,0.0,0,0
1766593544.337863,1766593544.3041093,433.59375,67.87109375,-27.34375,0.0,0.0,0,0
1766593544.337899,1766593544.3080063,-874.0234375,-6.8359375,-72.75390625,-60.546875,0.0,0,0
1766593544.3829062,1766593544.3120272,-1000.0,-76.66015625,-35.15625,-101.5625,0.0,0,0
1766593544.383056,1766593544.315924,-58.10546875,-40.0390625,26.3671875,-68.84765625,0.0,0,0
1766593544.383243,1766593544.3198206,-856.4453125,54.19921875,50.29296875,-6.34765625,0.0,0,0
1766593544.3832881,1766593544.3237174,592.28515625,53.22265625,12.6953125,9.27734375,0.0,0,0
1766593544.383341,1766593544.3276143,-706.54296875,-36.62109375,-74.70703125,-68.359375,0.0,0,0
1766593544.383379,1766593544.331511,-1000.0,-76.66015625,-77.63671875,-141.11328125,0.0,0,0
1766593544.38342,1766593544.3354077,-174.31640625,-30.2734375,-3.41796875,-118.1640625,0.0,0,0
1766593544.383457,1766593544.3393044,-909.66796875,44.921875,37.109375,-43.9453125,0.0,0,0
1766593544.383494,1766593544.3432014,765.13671875,64.94140625,2.44140625,-8.7890625,0.0,0,0
1766593544.383531,1766593544.347098,-511.23046875,-22.4609375,-81.54296875,-53.7109375,0.0,0,0
1766593544.383567,1766593544.3509948,-1000.0,-102.05078125,-114.74609375,-119.62890625,0.0,0,0
1766593544.38362,1766593544.3548918,-251.46484375,-45.8984375,-26.3671875,-105.46875,0.0,0,0
1766593544.457047,1766593544.3590474,-984.86328125,35.64453125,26.85546875,-44.921875,0.0,0,0
1766593544.457206,1766593544.3629444,938.96484375,54.19921875,-18.06640625,-5.37109375,0.0,0,0
1766593544.457263,1766593544.366841,-246.09375,-18.06640625,-73.2421875,-27.83203125,0.0,0,0
1766593544.457314,1766593544.3707378,-1000.0,-102.05078125,-98.6328125,-97.16796875,0.0,0,0
1766593544.457365,1766593544.3746347,-355.46875,-84.9609375,-29.296875,-105.95703125,0.0,0,0
1766593544.457417,1766593544.3785315,937.98828125,34.1796875,40.0390625,-73.2421875,0.0,0,0
1766593544.4574668,1766593544.3824284,-965.33203125,106.93359375,22.94921875,-39.0625,0.0,0,0
1766593544.457515,1766593544.3863251,-82.03125,7.32421875,-55.6640625,-44.921875,0.0,0,0
1766593544.4575622,1766593544.3902218,-1000.0,-92.28515625,-117.67578125,-92.28515625,0.0,0,0
1766593544.457609,1766593544.3941188,-538.57421875,-96.6796875,-72.75390625,-104.4921875,0.0,0,0
1766593544.457657,1766593544.3980155,771.484375,-31.25,25.390625,-52.24609375,0.0,0,0
1766593544.457705,1766593544.4019125,-875.9765625,26.85546875,34.66796875,-7.32421875,0.0,0,0
1766593544.4732559,1766593544.4059196,60.546875,5.37109375,-37.59765625,-29.296875,0.0,0,0
1766593544.4733849,1766593544.4098163,-1000.0,-79.58984375,-87.890625,-66.89453125,0.0,0,0
1766593544.473444,1766593544.4137132,-720.703125,-108.88671875,-60.05859375,-74.21875,0.0,0,0
1766593544.474099,1766593544.41761,571.77734375,-20.99609375,-4.8828125,-34.66796875,0.0,0,0
1766593544.474157,1766593544.421507,-826.171875,40.52734375,-6.34765625,-26.85546875,0.0,0,0
1766593544.474211,1766593544.4254036,139.6484375,-26.85546875,-48.33984375,-59.08203125,0.0,0,0
1766593544.474266,1766593544.4293005,-1000.0,-72.75390625,-96.6796875,-93.75,0.0,0,0
1766593544.474315,1766593544.4331973,-902.83203125,-59.5703125,-94.7265625,-108.88671875,0.0,0,0
1766593544.474366,1766593544.4370942,323.73046875,17.578125,-30.2734375,-88.8671875,0.0,0,0
1766593544.474415,1766593544.440991,-798.828125,115.234375,8.7890625,-57.6171875,0.0,0,0
1766593544.4744651,1766593544.4448879,225.09765625,20.01953125,-41.015625,-26.3671875,0.0,0,0
1766593544.474516,1766593544.4487846,-1000.0,-91.30859375,-79.1015625,-52.734375,0.0,0,0
1766593544.518134,1766593544.4527767,-1000.0,-91.30859375,-40.52734375,-95.703125,0.0,0,0
1766593544.518284,1766593544.4566736,149.90234375,-68.84765625,49.31640625,-57.6171875,0.0,0,0
1766593544.518343,1766593544.4605703,-804.19921875,1.46484375,82.03125,-0.48828125,0.0,0,0
1766593544.518396,1766593544.4644673,340.8203125,13.671875,-8.30078125,10.25390625,0.0,0,0
1766593544.518448,1766593544.4683642,-938.4765625,-61.03515625,-107.421875,-60.05859375,0.0,0,0
1766593544.5184991,1766593544.472261,-1000.0,-104.98046875,-106.4453125,-105.95703125,0.0,0,0
1766593544.51855,1766593544.476158,-73.2421875,-81.0546875,-42.96875,-87.890625,0.0,0,0
1766593544.5186,1766593544.4800546,-834.47265625,-19.53125,-3.90625,-84.9609375,0.0,0,0
1766593544.51865,1766593544.4839516,485.83984375,-5.859375,-23.92578125,-70.3125,0.0,0,0
1766593544.5187001,1766593544.4878483,-825.1953125,-57.6171875,-104.00390625,-81.0546875,0.0,0,0
1766593544.518751,1766593544.4917452,-1000.0,-80.56640625,-92.28515625,-103.515625,0.0,0,0
1766593544.518799,1766593544.495642,-154.78515625,-24.90234375,-7.32421875,-86.9140625,0.0,0,0
1766593544.5750568,1766593544.4996252,-886.23046875,35.15625,-15.13671875,-53.22265625,0.0,0,0
1766593544.575167,1766593544.503522,690.91796875,-3.41796875,-54.6875,-29.296875,0.0,0,0
1766593544.5752661,1766593544.5074189,-609.86328125,-74.70703125,-67.87109375,-51.26953125,0.0,0,0
1766593544.575386,1766593544.5113158,-1000.0,-101.07421875,-55.17578125,-97.16796875,0.0,0,0
1766593544.5754619,1766593544.5152125,-239.74609375,-83.49609375,-3.41796875,-91.796875,0.0,0,0
1766593544.57553,1766593544.5191095,-958.0078125,8.30078125,55.6640625,-43.9453125,0.0,0,0
1766593544.5756001,1766593544.5230062,866.2109375,86.42578125,27.34375,-20.01953125,0.0,0,0
1766593544.575665,1766593544.5269032,-375.48828125,-20.01953125,-63.96484375,-54.6875,0.0,0,0
1766593544.5757298,1766593544.5308,-1000.0,-134.765625,-107.421875,-108.3984375,0.0,0,0
1766593544.575792,1766593544.5346968,-307.6171875,-92.28515625,-60.05859375,-94.23828125,0.0,0,0
1766593544.5758731,1766593544.5385938,976.5625,3.41796875,39.0625,-41.015625,0.0,0,0
1766593544.575936,1766593544.5424905,990.234375,9.27734375,32.71484375,-18.06640625,0.0,0,0
1766593544.607403,1766593544.5464582,-156.25,-50.29296875,-80.56640625,-50.78125,0.0,0,0
1766593544.607521,1766593544.550355,-1000.0,-117.1875,-128.41796875,-87.890625,0.0,0,0
1766593544.607579,1766593544.554252,-457.03125,-91.30859375,-53.22265625,-83.49609375,0.0,0,0
1766593544.6076329,1766593544.5581489,845.21484375,-22.94921875,41.50390625,-59.08203125,0.0,0,0
1766593544.6076841,1766593544.5620456,-906.25,5.859375,32.71484375,-34.1796875,0.0,0,0
1766593544.6077352,1766593544.5659425,20.5078125,-30.2734375,-51.26953125,-56.15234375,0.0,0,0
1766593544.607786,1766593544.5698395,-1000.0,-106.93359375,-79.58984375,-108.88671875,0.0,0,0
1766593544.607841,1766593544.5737362,-624.0234375,-107.421875,-47.8515625,-124.0234375,0.0,0,0
1766593544.6078951,1766593544.5776331,682.12890625,-20.01953125,31.73828125,-96.19140625,0.0,0,0
1766593544.607945,1766593544.58153,-847.65625,19.53125,50.78125,-83.984375,0.0,0,0
1766593544.608,1766593544.5854268,110.83984375,-41.9921875,-35.15625,-103.515625,0.0,0,0
1766593544.608049,1766593544.5893238,-1000.0,-107.421875,-104.4921875,-130.859375,0.0,0,0
1766593544.667445,1766593544.593286,-821.2890625,-111.81640625,-79.1015625,-124.51171875,0.0,0,0
1766593544.667574,1766593544.5971828,445.80078125,-41.50390625,-12.20703125,-84.9609375,0.0,0,0
1766593544.6676302,1766593544.6010797,-807.6171875,36.62109375,26.85546875,-46.38671875,0.0,0,0
1766593544.667684,1766593544.6049767,187.98828125,3.90625,-39.0625,-44.43359375,0.0,0,0
1766593544.667735,1766593544.6088734,-1000.0,-91.796875,-111.328125,-94.23828125,0.0,0,0
1766593544.667787,1766593544.6127703,-960.9375,-142.08984375,-36.62109375,-120.1171875,0.0,0,0
1766593544.667839,1766593544.6166673,219.23828125,-117.67578125,44.921875,-82.51953125,0.0,0,0
1766593544.6678898,1766593544.620564,-798.33984375,-31.73828125,34.1796875,-34.1796875,0.0,0,0
1766593544.667943,1766593544.624461,268.06640625,-5.859375,-9.27734375,-31.25,0.0,0,0
1766593544.667993,1766593544.628358,-993.1640625,-67.3828125,-52.24609375,-84.9609375,0.0,0,0
1766593544.668046,1766593544.6322546,-1000.0,-123.53515625,-82.03125,-149.90234375,0.0,0,0
1766593544.6680949,1766593544.6361516,-2.44140625,-98.14453125,-23.4375,-145.5078125,0.0,0,0
1766593544.7545521,1766593544.6401806,-822.75390625,-28.3203125,23.92578125,-82.03125,0.0,0,0
1766593544.754693,1766593544.6440773,439.453125,-3.90625,-52.734375,-56.15234375,0.0,0,0
1766593544.754752,1766593544.6479743,-866.2109375,-75.68359375,-117.67578125,-73.73046875,0.0,0,0
1766593544.754807,1766593544.6518712,-1000.0,-121.58203125,-113.28125,-84.47265625,0.0,0,0
1766593544.75486,1766593544.6557682,-99.609375,-64.94140625,-49.31640625,-60.05859375,0.0,0,0
1766593544.754912,1766593544.6596649,-863.28125,3.41796875,27.34375,-19.04296875,0.0,0,0
1766593544.7549691,1766593544.6635618,613.28125,-9.765625,20.5078125,-42.48046875,0.0,0,0
1766593544.755033,1766593544.6674588,-690.4296875,-96.6796875,-28.80859375,-100.09765625,0.0,0,0
1766593544.7550888,1766593544.6713557,-1000.0,-153.80859375,-50.29296875,-128.90625,0.0,0,0
1766593544.755213,1766593544.6752524,-190.4296875,-114.2578125,-20.01953125,-114.74609375,0.0,0,0
1766593544.7553,1766593544.6791494,-925.29296875,-21.484375,19.04296875,-46.875,0.0,0,0
1766593544.755371,1766593544.6830463,808.59375,0.9765625,-12.20703125,-14.16015625,0.0,0,0
1766593544.759218,1766593544.6870656,-457.51953125,-64.94140625,-77.1484375,-36.62109375,0.0,0,0
1766593544.759357,1766593544.6909626,-1000.0,-129.39453125,-80.078125,-81.54296875,0.0,0,0
1766593544.7594318,1766593544.6948595,-239.2578125,-86.9140625,-2.44140625,-68.84765625,0.0,0,0
1766593544.7595022,1766593544.6987565,-990.72265625,1.46484375,54.6875,-2.44140625,0.0,0,0
1766593544.759582,1766593544.7026534,962.40234375,20.99609375,18.5546875,46.38671875,0.0,0,0
1766593544.7596512,1766593544.7065504,-181.640625,-28.3203125,-65.91796875,43.9453125,0.0,0,0
1766593544.759725,1766593544.710447,-1000.0,-76.66015625,-90.33203125,-23.92578125,0.0,0,0
1766593544.7597902,1766593544.714344,-385.7421875,-71.2890625,-35.64453125,-82.51953125,0.0,0,0
1766593544.759873,1766593544.718241,908.69140625,-25.390625,14.6484375,-63.96484375,0.0,0,0
1766593544.759936,1766593544.722138,-930.17578125,0.0,0.48828125,-26.85546875,0.0,0,0
1766593544.760015,1766593544.7260349,0.0,-14.16015625,-59.08203125,-53.22265625,0.0,0,0
1766593544.760076,1766593544.7299316,-1000.0,-43.45703125,-96.6796875,-117.67578125,0.0,0,0
1766593544.802817,1766593544.7339408,-528.80859375,-41.015625,-57.6171875,-146.97265625,0.0,0,0
1766593544.802974,1766593544.7378378,784.66796875,10.7421875,7.32421875,-108.3984375,0.0,0,0
1766593544.803042,1766593544.7417347,-877.44140625,53.22265625,0.0,-74.21875,0.0,0,0
1766593544.803107,1766593544.7456317,71.77734375,18.06640625,-75.68359375,-111.81640625,0.0,0,0
1766593544.803172,1766593544.7495286,-1000.0,-50.78125,-116.69921875,-164.0625,0.0,0,0
1766593544.8032482,1766593544.7534256,-729.00390625,-46.38671875,-64.94140625,-202.63671875,0.0,0,0
1766593544.803315,1766593544.7573225,565.91796875,23.4375,-4.8828125,-180.17578125,0.0,0,0
1766593544.8040588,1766593544.7612195,-823.73046875,81.0546875,-19.53125,-140.625,0.0,0,0
1766593544.804128,1766593544.7651165,142.578125,48.33984375,-94.23828125,-189.453125,0.0,0,0
1766593544.804194,1766593544.7690132,-1000.0,-20.99609375,-139.6484375,-254.39453125,0.0,0,0
1766593544.8042722,1766593544.77291,-934.08203125,-27.34375,-102.5390625,-273.4375,0.0,0,0
1766593544.804335,1766593544.776807,260.7421875,15.13671875,-26.3671875,-246.09375,0.0,0,0
1766593544.847442,1766593544.7808034,-798.33984375,78.125,-10.7421875,-212.890625,0.0,0,0
1766593544.847562,1766593544.7847004,244.140625,84.9609375,-87.890625,-223.6328125,0.0,0,0
1766593544.84762,1766593544.7885973,-1000.0,34.66796875,-140.625,-261.23046875,0.0,0,0
1766593544.8476732,1766593544.7924943,-1000.0,-17.08984375,-119.62890625,-284.66796875,0.0,0,0
1766593544.847724,1766593544.7963912,107.421875,16.11328125,-53.7109375,-229.00390625,0.0,0,0
1766593544.8477771,1766593544.8002882,-805.17578125,84.47265625,-7.8125,-146.97265625,0.0,0,0
1766593544.847828,1766593544.8041852,352.05078125,91.796875,-60.546875,-120.1171875,0.0,0,0
1766593544.847879,1766593544.808082,-930.17578125,45.41015625,-172.8515625,-184.08203125,0.0,0,0
1766593544.847931,1766593544.811979,-1000.0,-19.53125,-199.70703125,-256.8359375,0.0,0,0
1766593544.84798,1766593544.815876,-92.28515625,16.11328125,-111.81640625,-225.09765625,0.0,0,0
1766593544.848031,1766593544.819773,-845.703125,131.8359375,-80.078125,-147.94921875,0.0,0,0
1766593544.8480809,1766593544.82367,541.9921875,130.859375,-103.515625,-83.0078125,0.0,0,0
1766593544.892192,1766593544.8276567,-772.94921875,27.83203125,-145.5078125,-117.1875,0.0,0,0
1766593544.892328,1766593544.8315537,-1000.0,-36.1328125,-140.13671875,-159.1796875,0.0,0,0
1766593544.8923872,1766593544.8354506,-150.87890625,-23.4375,-54.19921875,-98.14453125,0.0,0,0
1766593544.892443,1766593544.8393476,-899.4140625,60.05859375,4.39453125,-10.7421875,0.0,0,0
1766593544.8924952,1766593544.8432446,746.58203125,73.73046875,-41.015625,35.15625,0.0,0,0
1766593544.8925471,1766593544.8471415,-541.50390625,12.6953125,-126.953125,6.8359375,0.0,0,0
1766593544.892599,1766593544.8510385,-1000.0,-18.06640625,-129.8828125,-57.12890625,0.0,0,0
1766593544.892649,1766593544.8549354,-203.125,-20.5078125,-57.12890625,-70.80078125,0.0,0,0
1766593544.8927,1766593544.8588324,-961.42578125,41.9921875,-0.48828125,3.90625,0.0,0,0
1766593544.8927512,1766593544.8627293,914.0625,86.42578125,-30.76171875,69.82421875,0.0,0,0
1766593544.892801,1766593544.8666263,-282.2265625,21.484375,-96.6796875,35.64453125,0.0,0,0
1766593544.892846,1766593544.8705232,-1000.0,-58.59375,-113.28125,-22.94921875,0.0,0,0
1766593544.936629,1766593544.8745012,-286.1328125,-54.19921875,-31.73828125,-0.9765625,0.0,0,0
1766593544.9367738,1766593544.8783982,979.98046875,52.734375,49.8046875,62.01171875,0.0,0,0
1766593544.936833,1766593544.8822951,-985.83984375,79.1015625,3.90625,76.171875,0.0,0,0
1766593544.936887,1766593544.886192,-95.703125,-16.11328125,-94.7265625,28.3203125,0.0,0,0
1766593544.9369442,1766593544.890089,-1000.0,-96.19140625,-112.3046875,0.0,0.0,0,0
1766593544.9369972,1766593544.893986,-432.12890625,-87.890625,-71.77734375,6.34765625,0.0,0,0
1766593544.9370492,1766593544.897883,864.2578125,6.8359375,6.8359375,51.26953125,0.0,0,0
1766593544.9371,1766593544.90178,-895.99609375,48.33984375,21.97265625,104.00390625,0.0,0,0
1766593544.937155,1766593544.905677,71.77734375,-3.41796875,-77.63671875,97.16796875,0.0,0,0
1766593544.937216,1766593544.909574,-1000.0,-74.70703125,-120.1171875,40.0390625,0.0,0,0
1766593544.937265,1766593544.913471,-644.04296875,-103.515625,-48.828125,-9.765625,0.0,0,0
1766593544.937314,1766593544.917368,674.31640625,-25.390625,7.8125,6.8359375,0.0,0,0
1766593544.981482,1766593544.9213352,-844.7265625,55.17578125,28.3203125,61.5234375,0.0,0,0
1766593544.9815931,1766593544.9252322,120.1171875,5.859375,-19.04296875,45.41015625,0.0,0,0
1766593544.9816508,1766593544.9291291,-1000.0,-94.7265625,-83.49609375,-30.2734375,0.0,0,0
1766593544.981705,1766593544.933026,-782.2265625,-127.9296875,-48.828125,-50.29296875,0.0,0,0
1766593544.9817579,1766593544.936923,504.39453125,-62.5,45.8984375,11.23046875,0.0,0,0
1766593544.9818099,1766593544.9408202,-812.98828125,43.45703125,28.80859375,66.89453125,0.0,0,0
1766593544.981864,1766593544.9447172,193.84765625,36.62109375,-85.44921875,58.59375,0.0,0,0
1766593544.981915,1766593544.9486141,-1000.0,-103.02734375,-105.95703125,0.48828125,0.0,0,0
1766593544.981966,1766593544.952511,-954.58984375,-157.71484375,-57.12890625,-55.17578125,0.0,0,0
1766593544.982018,1766593544.956408,246.09375,-57.12890625,11.71875,-18.5546875,0.0,0,0
1766593544.98208,1766593544.960305,-796.875,33.203125,33.203125,30.2734375,0.0,0,0
1766593544.9821298,1766593544.964202,299.31640625,9.27734375,-50.78125,30.2734375,0.0,0,0
1766593545.058083,1766593544.9683115,-982.421875,-83.0078125,-117.67578125,-0.48828125,0.0,0,0
1766593545.058239,1766593544.9722085,-1000.0,-115.72265625,-70.3125,-27.34375,0.0,0,0
1766593545.0582972,1766593544.9761055,43.9453125,-57.6171875,16.6015625,2.44140625,0.0,0,0
1766593545.058353,1766593544.9800026,-826.66015625,21.97265625,31.73828125,48.33984375,0.0,0,0
1766593545.0584052,1766593544.9838996,477.5390625,26.85546875,-35.64453125,70.80078125,0.0,0,0
1766593545.058458,1766593544.9877965,-826.66015625,-70.3125,-85.9375,36.62109375,0.0,0,0
1766593545.058509,1766593544.9916935,-1000.0,-109.375,-55.17578125,-17.578125,0.0,0,0
1766593545.058559,1766593544.9955904,-112.3046875,-39.0625,26.3671875,-7.32421875,0.0,0,0
1766593545.058609,1766593544.9994876,-867.67578125,11.71875,66.40625,28.3203125,0.0,0,0
1766593545.058659,1766593545.0033846,637.6953125,6.34765625,-0.9765625,37.109375,0.0,0,0
1766593545.05871,1766593545.0072815,-673.828125,-51.26953125,-82.03125,4.39453125,0.0,0,0
1766593545.05876,1766593545.0111785,-1000.0,-123.53515625,-83.984375,-28.80859375,0.0,0,0
1766593545.0870972,1766593545.015206,-172.8515625,-92.28515625,-11.23046875,-19.53125,0.0,0,0
1766593545.08719,1766593545.019103,-925.78125,21.484375,53.22265625,35.64453125,0.0,0,0
1766593545.087243,1766593545.023,825.1953125,62.01171875,-1.953125,73.73046875,0.0,0,0
1766593545.0872939,1766593545.0268972,-429.6875,-18.5546875,-83.0078125,52.734375,0.0,0,0
1766593545.0873432,1766593545.0307941,-1000.0,-133.30078125,-72.75390625,19.53125,0.0,0,0
1766593545.087382,1766593545.034691,-264.16015625,-87.40234375,-3.41796875,7.8125,0.0,0,0
1766593545.087418,1766593545.0385883,-991.69921875,41.50390625,45.41015625,20.01953125,0.0,0,0
1766593545.087455,1766593545.0424852,952.63671875,41.015625,-0.48828125,37.109375,0.0,0,0
1766593545.087494,1766593545.0463822,-227.5390625,-20.99609375,-72.265625,27.34375,0.0,0,0
1766593545.08753,1766593545.0502791,-1000.0,-64.453125,-94.23828125,-14.16015625,0.0,0,0
1766593545.0875661,1766593545.0541763,-364.74609375,-69.3359375,-29.296875,-30.76171875,0.0,0,0
1766593545.0876129,1766593545.0580733,921.38671875,-8.7890625,37.109375,9.27734375,0.0,0,0
1766593545.132132,1766593545.062087,-938.4765625,30.76171875,13.18359375,36.1328125,0.0,0,0
1766593545.132284,1766593545.0659842,-20.5078125,-41.9921875,-52.734375,10.25390625,0.0,0,0
1766593545.132344,1766593545.0698812,-1000.0,-114.2578125,-114.2578125,-20.5078125,0.0,0,0
1766593545.1324,1766593545.0737782,-557.6171875,-78.61328125,-81.54296875,-32.2265625,0.0,0,0
1766593545.132454,1766593545.0776753,752.9296875,-4.8828125,39.0625,-19.04296875,0.0,0,0
1766593545.132509,1766593545.0815723,-864.74609375,29.78515625,67.3828125,-0.9765625,0.0,0,0
1766593545.1325738,1766593545.0854692,92.28515625,7.8125,-21.484375,-8.30078125,0.0,0,0
1766593545.1326258,1766593545.0893664,-1000.0,-48.33984375,-101.5625,-56.640625,0.0,0,0
1766593545.1326878,1766593545.0932634,-749.0234375,-65.91796875,-66.40625,-81.0546875,0.0,0,0
1766593545.132751,1766593545.0971603,542.48046875,-33.203125,21.97265625,-23.92578125,0.0,0,0
1766593545.132805,1766593545.1010575,-818.359375,26.3671875,16.11328125,31.25,0.0,0,0
1766593545.132874,1766593545.1049545,166.9921875,17.578125,-63.4765625,16.11328125,0.0,0,0
1766593545.1778328,1766593545.1089616,-1000.0,-72.265625,-98.6328125,-36.1328125,0.0,0,0
1766593545.177957,1766593545.1128585,-948.73046875,-114.74609375,-61.03515625,-68.359375,0.0,0,0
1766593545.178016,1766593545.1167557,246.09375,-32.2265625,27.34375,-40.0390625,0.0,0,0
1766593545.1780689,1766593545.1206527,-796.875,38.0859375,57.6171875,2.9296875,0.0,0,0
1766593545.1781209,1766593545.1245496,255.859375,-22.4609375,-29.296875,5.859375,0.0,0,0
1766593545.178171,1766593545.1284468,-1000.0,-77.63671875,-86.42578125,-28.3203125,0.0,0,0
1766593545.17822,1766593545.1323438,-1000.0,-80.56640625,-65.4296875,-63.96484375,0.0,0,0
1766593545.178269,1766593545.136241,91.796875,-47.36328125,5.859375,-47.8515625,0.0,0,0
1766593545.1783192,1766593545.140138,-808.59375,15.13671875,36.62109375,17.578125,0.0,0,0
1766593545.1784241,1766593545.1440349,375.48828125,15.625,-31.73828125,11.23046875,0.0,0,0
1766593545.178539,1766593545.147932,-917.96875,-50.29296875,-98.6328125,-58.59375,0.0,0,0
1766593545.178609,1766593545.151829,-1000.0,-93.26171875,-89.35546875,-100.5859375,0.0,0,0
1766593545.22276,1766593545.155829,-70.3125,-40.52734375,-16.6015625,-70.3125,0.0,0,0
1766593545.222873,1766593545.1597261,-850.09765625,34.66796875,20.99609375,4.39453125,0.0,0,0
1766593545.222914,1766593545.163623,571.2890625,27.83203125,-29.78515625,20.01953125,0.0,0,0
1766593545.222952,1766593545.1675203,-739.2578125,-36.62109375,-88.37890625,-27.34375,0.0,0,0
1766593545.22299,1766593545.1714172,-1000.0,-96.6796875,-64.453125,-62.01171875,0.0,0,0
1766593545.223029,1766593545.1753144,-147.94921875,-37.59765625,25.87890625,-37.59765625,0.0,0,0
1766593545.223069,1766593545.1792114,-906.73828125,46.875,76.171875,12.20703125,0.0,0,0
1766593545.2231061,1766593545.1831086,773.4375,38.0859375,19.04296875,24.90234375,0.0,0,0
1766593545.223142,1766593545.1870055,-494.62890625,-62.98828125,-66.89453125,2.44140625,0.0,0,0
1766593545.223179,1766593545.1909027,-1000.0,-133.30078125,-78.125,-36.62109375,0.0,0,0
1766593545.223215,1766593545.1947997,-248.53515625,-48.828125,-29.78515625,-41.015625,0.0,0,0
1766593545.2232509,1766593545.1986966,-971.19140625,46.875,9.765625,-12.6953125,0.0,0,0
1766593545.267643,1766593545.2026887,904.78515625,58.10546875,-11.71875,-6.34765625,0.0,0,0
1766593545.2677262,1766593545.206586,-310.546875,-20.5078125,-83.984375,-32.2265625,0.0,0,0
1766593545.2677639,1766593545.2104828,-1000.0,-93.75,-109.375,-49.31640625,0.0,0,0
1766593545.267802,1766593545.21438,-312.98828125,-61.03515625,-41.9921875,-55.6640625,0.0,0,0
1766593545.26784,1766593545.218277,957.51953125,18.5546875,15.13671875,-41.50390625,0.0,0,0
1766593545.267877,1766593545.2221742,-962.890625,60.05859375,-3.41796875,-22.94921875,0.0,0,0
1766593545.2679129,1766593545.2260714,-52.24609375,2.9296875,-77.63671875,-38.57421875,0.0,0,0
1766593545.26795,1766593545.2299683,-1000.0,-112.79296875,-102.5390625,-64.453125,0.0,0,0
1766593545.2679858,1766593545.2338655,-497.0703125,-100.5859375,-25.87890625,-75.68359375,0.0,0,0
1766593545.268045,1766593545.2377625,812.5,-9.27734375,8.30078125,-68.84765625,0.0,0,0
1766593545.2680802,1766593545.2416596,-888.18359375,69.82421875,-43.9453125,-58.59375,0.0,0,0
1766593545.268117,1766593545.2455566,53.7109375,0.0,-121.58203125,-76.66015625,0.0,0,0
1766593545.313767,1766593545.2495449,-1000.0,-114.74609375,-139.6484375,-99.12109375,0.0,0,0
1766593545.313926,1766593545.253442,-673.828125,-52.734375,-73.73046875,-103.02734375,0.0,0,0
1766593545.313987,1766593545.2573392,631.34765625,51.7578125,-2.9296875,-60.546875,0.0,0,0
1766593545.31404,1766593545.2612362,-834.47265625,76.66015625,-11.23046875,-15.13671875,0.0,0,0
1766593545.314095,1766593545.2651334,145.99609375,12.20703125,-101.5625,-38.57421875,0.0,0,0
1766593545.3141499,1766593545.2690303,-1000.0,-79.1015625,-146.484375,-84.9609375,0.0,0,0
1766593545.314202,1766593545.2729275,-843.75,-62.5,-61.03515625,-88.8671875,0.0,0,0
1766593545.314256,1766593545.2768245,416.015625,-16.6015625,32.71484375,-44.921875,0.0,0,0
1766593545.3143082,1766593545.2807217,-805.6640625,-13.18359375,19.04296875,6.34765625,0.0,0,0
1766593545.3143702,1766593545.2846189,222.65625,-8.7890625,-65.91796875,-1.953125,0.0,0,0
1766593545.3144221,1766593545.2885158,-1000.0,-35.15625,-125.0,-69.82421875,0.0,0,0
1766593545.314471,1766593545.292413,-991.2109375,-82.51953125,-79.58984375,-102.05078125,0.0,0,0
1766593545.357444,1766593545.2963836,166.9921875,-41.50390625,1.953125,-76.171875,0.0,0,0
1766593545.357559,1766593545.3002808,-804.6875,37.59765625,23.92578125,-34.66796875,0.0,0,0
1766593545.3576498,1766593545.3041778,327.1484375,65.4296875,-41.50390625,-28.3203125,0.0,0,0
1766593545.357706,1766593545.308075,-960.9375,-20.5078125,-124.51171875,-41.50390625,0.0,0,0
1766593545.35776,1766593545.3119721,-1000.0,-90.33203125,-81.54296875,-51.26953125,0.0,0,0
1766593545.357812,1766593545.315869,5.859375,-2.44140625,16.6015625,-32.2265625,0.0,0,0
1766593545.357887,1766593545.3197663,-836.42578125,33.69140625,20.5078125,-1.953125,0.0,0,0
1766593545.3579562,1766593545.3236635,513.671875,-1.953125,-39.55078125,-5.859375,0.0,0,0
1766593545.3580081,1766593545.3275604,-788.0859375,-36.1328125,-79.58984375,-40.52734375,0.0,0,0
1766593545.3580549,1766593545.3314576,-1000.0,-67.3828125,-67.3828125,-59.5703125,0.0,0,0
1766593545.358101,1766593545.3353546,-138.18359375,-77.1484375,-10.25390625,-56.640625,0.0,0,0
1766593545.358148,1766593545.3392518,-886.23046875,-7.8125,20.5078125,-28.3203125,0.0,0,0
1766593545.4190478,1766593545.3432138,694.82421875,33.203125,-14.16015625,12.6953125,0.0,0,0
1766593545.419165,1766593545.347111,-596.6796875,-40.52734375,-90.33203125,-11.23046875,0.0,0,0
1766593545.419208,1766593545.351008,-1000.0,-74.21875,-87.40234375,-49.8046875,0.0,0,0
1766593545.41925,1766593545.3549051,-202.1484375,-16.6015625,-18.06640625,-33.69140625,0.0,0,0
1766593545.4192882,1766593545.3588023,-942.3828125,55.6640625,24.4140625,-11.23046875,0.0,0,0
1766593545.419329,1766593545.3626993,854.4921875,64.453125,0.48828125,-9.27734375,0.0,0,0
1766593545.419368,1766593545.3665965,-379.8828125,-19.53125,-75.1953125,-38.0859375,0.0,0,0
1766593545.419405,1766593545.3704937,-1000.0,-107.421875,-99.12109375,-86.42578125,0.0,0,0
1766593545.419441,1766593545.3743906,-309.5703125,-108.88671875,-30.2734375,-75.68359375,0.0,0,0
1766593545.419488,1766593545.3782878,978.02734375,-16.6015625,50.78125,-2.9296875,0.0,0,0
1766593545.419533,1766593545.382185,985.83984375,41.015625,18.06640625,34.1796875,0.0,0,0
1766593545.419573,1766593545.386082,-166.9921875,-39.55078125,-86.42578125,-8.7890625,0.0,0,0
1766593545.462306,1766593545.3901086,-1000.0,-107.91015625,-108.3984375,-69.82421875,0.0,0,0
1766593545.462413,1766593545.3940058,-403.80859375,-82.51953125,-19.04296875,-69.82421875,0.0,0,0
1766593545.462455,1766593545.3979027,889.16015625,3.90625,52.734375,-12.20703125,0.0,0,0
1766593545.462496,1766593545.4018,-918.45703125,63.96484375,25.87890625,18.06640625,0.0,0,0
1766593545.462534,1766593545.405697,20.99609375,11.71875,-63.4765625,-8.7890625,0.0,0,0
1766593545.462574,1766593545.409594,-1000.0,-69.3359375,-94.7265625,-54.19921875,0.0,0,0
1766593545.46261,1766593545.4134912,-590.33203125,-80.56640625,-37.109375,-64.453125,0.0,0,0
1766593545.4626482,1766593545.4173884,716.30859375,-13.671875,28.80859375,-30.2734375,0.0,0,0
1766593545.4626849,1766593545.4212856,-854.00390625,49.8046875,16.11328125,13.18359375,0.0,0,0
1766593545.462733,1766593545.4251826,122.55859375,-8.30078125,-57.6171875,5.859375,0.0,0,0
1766593545.46277,1766593545.4290798,-1000.0,-83.49609375,-126.46484375,-63.4765625,0.0,0,0
1766593545.462806,1766593545.432977,-766.11328125,-73.73046875,-100.09765625,-98.14453125,0.0,0,0
1766593545.5078971,1766593545.4369943,518.5546875,-9.765625,22.94921875,-37.109375,0.0,0,0
1766593545.508018,1766593545.4408915,-816.40625,41.50390625,38.0859375,18.06640625,0.0,0,0
1766593545.508061,1766593545.4447885,209.47265625,11.23046875,-39.55078125,28.80859375,0.0,0,0
1766593545.5081,1766593545.4486856,-1000.0,-62.5,-92.28515625,-6.8359375,0.0,0,0
1766593545.508137,1766593545.4525828,-958.0078125,-93.75,-61.03515625,-63.96484375,0.0,0,0
1766593545.508634,1766593545.45648,234.375,-50.78125,10.25390625,-82.51953125,0.0,0,0
1766593545.5086741,1766593545.4603772,-800.29296875,13.18359375,36.1328125,-37.109375,0.0,0,0
1766593545.508713,1766593545.4642742,281.25,-10.7421875,-19.53125,-8.7890625,0.0,0,0
1766593545.508747,1766593545.4681714,-998.046875,-65.4296875,-93.26171875,-39.0625,0.0,0,0
1766593545.508775,1766593545.4720685,-1000.0,-61.03515625,-81.0546875,-70.80078125,0.0,0,0
1766593545.5088031,1766593545.4759657,67.87109375,-0.48828125,15.625,-25.390625,0.0,0,0
1766593545.5088341,1766593545.479863,-821.77734375,33.203125,50.78125,36.1328125,0.0,0,0
1766593545.552507,1766593545.4838705,448.73046875,36.62109375,-25.87890625,19.53125,0.0,0,0
1766593545.552674,1766593545.4877677,-850.09765625,-16.6015625,-96.6796875,-25.390625,0.0,0,0
1766593545.552748,1766593545.4916646,-1000.0,-80.56640625,-98.14453125,-79.58984375,0.0,0,0
1766593545.5528152,1766593545.4955618,-102.05078125,-45.41015625,-11.71875,-81.0546875,0.0,0,0
1766593545.552882,1766593545.499459,-869.62890625,13.671875,31.25,-24.4140625,0.0,0,0
1766593545.552951,1766593545.5033562,634.27734375,29.78515625,-21.484375,-0.48828125,0.0,0,0
1766593545.5530171,1766593545.5072534,-662.59765625,-29.78515625,-79.58984375,-20.5078125,0.0,0,0
1766593545.553081,1766593545.5111506,-1000.0,-118.65234375,-75.68359375,-34.66796875,0.0,0,0
1766593545.553142,1766593545.5150478,-189.453125,-94.23828125,-15.625,-44.921875,0.0,0,0
1766593545.553206,1766593545.5189447,-930.17578125,2.9296875,30.2734375,-19.04296875,0.0,0,0
1766593545.553272,1766593545.522842,821.2890625,32.2265625,20.99609375,21.484375,0.0,0,0
1766593545.553333,1766593545.5267391,-431.640625,-14.16015625,-45.41015625,-3.41796875,0.0,0,0
1766593545.612328,1766593545.5308046,-1000.0,-61.03515625,-75.1953125,-45.41015625,0.0,0,0
1766593545.612465,1766593545.5347018,-258.7890625,-52.24609375,-36.1328125,-58.59375,0.0,0,0
1766593545.612524,1766593545.538599,-991.69921875,8.30078125,21.484375,-30.2734375,0.0,0,0
1766593545.6125782,1766593545.5424962,952.1484375,6.8359375,11.71875,15.13671875,0.0,0,0
1766593545.612631,1766593545.5463934,-210.44921875,-5.859375,-52.734375,16.6015625,0.0,0,0
1766593545.6126819,1766593545.5502906,-1000.0,-28.80859375,-81.54296875,-21.484375,0.0,0,0
1766593545.6127338,1766593545.5541878,-382.32421875,-69.3359375,-50.29296875,-48.828125,0.0,0,0
1766593545.6127849,1766593545.558085,912.59765625,-37.59765625,11.23046875,-28.3203125,0.0,0,0
1766593545.612837,1766593545.5619822,-938.96484375,9.27734375,0.0,2.9296875,0.0,0,0
1766593545.612886,1766593545.5658793,-19.53125,-6.34765625,-75.68359375,-10.25390625,0.0,0,0
1766593545.612936,1766593545.5697765,-1000.0,-56.15234375,-97.65625,-40.0390625,0.0,0,0
1766593545.6129842,1766593545.5736735,-495.60546875,-77.1484375,-47.8515625,-47.8515625,0.0,0,0
1766593545.6419709,1766593545.5776613,808.10546875,5.859375,17.578125,-15.625,0.0,0,0
1766593545.642097,1766593545.5815585,-878.90625,57.6171875,15.13671875,19.04296875,0.0,0,0
1766593545.6421518,1766593545.5854557,91.796875,-23.92578125,-75.1953125,-10.7421875,0.0,0,0
1766593545.6422,1766593545.5893528,-1000.0,-78.125,-113.28125,-66.40625,0.0,0,0
1766593545.6422458,1766593545.59325,-727.5390625,-85.44921875,-56.640625,-82.51953125,0.0,0,0
1766593545.642296,1766593545.5971472,563.4765625,-17.578125,25.87890625,-36.1328125,0.0,0,0
1766593545.642346,1766593545.6010444,-826.171875,52.24609375,41.015625,16.11328125,0.0,0,0
1766593545.642394,1766593545.6049416,157.71484375,14.6484375,-41.9921875,1.953125,0.0,0,0
1766593545.642442,1766593545.6088388,-1000.0,-45.8984375,-104.00390625,-40.0390625,0.0,0,0
1766593545.642487,1766593545.612736,-898.4375,-80.56640625,-74.21875,-68.359375,0.0,0,0
1766593545.642533,1766593545.6166332,320.3125,-41.015625,1.46484375,-41.015625,0.0,0,0
1766593545.6425788,1766593545.6205304,-802.734375,41.015625,29.78515625,13.18359375,0.0,0,0
1766593545.6872451,1766593545.6245103,258.30078125,27.83203125,-37.59765625,-6.34765625,0.0,0,0
1766593545.687372,1766593545.6284075,-1000.0,-48.33984375,-86.9140625,-40.52734375,0.0,0,0
1766593545.68742,1766593545.6323047,-1000.0,-53.22265625,-41.9921875,-42.48046875,0.0,0,0
1766593545.687469,1766593545.6362019,112.79296875,-34.1796875,16.11328125,-37.59765625,0.0,0,0
1766593545.687519,1766593545.640099,-815.4296875,2.44140625,33.69140625,-13.18359375,0.0,0,0
1766593545.687568,1766593545.6439962,389.6484375,37.109375,-20.01953125,-8.30078125,0.0,0,0
1766593545.687619,1766593545.6478937,-907.2265625,-16.6015625,-91.30859375,-50.29296875,0.0,0,0
1766593545.687668,1766593545.6517909,-1000.0,-92.7734375,-81.54296875,-64.453125,0.0,0,0
1766593545.687753,1766593545.655688,-45.8984375,-45.8984375,-12.20703125,-25.87890625,0.0,0,0
1766593545.6878002,1766593545.6595852,-849.12109375,46.38671875,24.90234375,11.71875,0.0,0,0
1766593545.6878579,1766593545.6634824,550.78125,41.50390625,-21.97265625,19.53125,0.0,0,0
1766593545.687905,1766593545.6673796,-751.953125,-19.04296875,-98.6328125,1.46484375,0.0,0,0
1766593545.7329988,1766593545.671354,-1000.0,-69.82421875,-101.07421875,-26.3671875,0.0,0,0
1766593545.7331111,1766593545.6752512,-128.90625,-36.1328125,-8.7890625,-26.85546875,0.0,0,0
1766593545.733155,1766593545.6791484,-892.578125,29.78515625,37.59765625,-9.27734375,0.0,0,0
1766593545.7331939,1766593545.6830456,726.5625,26.85546875,-0.48828125,23.92578125,0.0,0,0
1766593545.733237,1766593545.686943,-546.38671875,-53.22265625,-54.6875,17.08984375,0.0,0,0
1766593545.733275,1766593545.6908402,-1000.0,-92.7734375,-60.546875,-32.71484375,0.0,0,0
1766593545.733313,1766593545.6947374,-232.91015625,-75.1953125,11.23046875,-13.18359375,0.0,0,0
1766593545.733353,1766593545.6986346,-958.984375,-36.1328125,55.17578125,54.6875,0.0,0,0
1766593545.733398,1766593545.7025318,875.0,44.43359375,-18.06640625,33.69140625,0.0,0,0
1766593545.733435,1766593545.706429,-347.65625,0.0,-108.88671875,-48.828125,0.0,0,0
1766593545.7334871,1766593545.7103262,-1000.0,-83.984375,-92.7734375,-80.078125,0.0,0,0
1766593545.733523,1766593545.7142234,-309.5703125,-85.44921875,-15.625,-43.9453125,0.0,0,0
1766593545.791589,1766593545.7181952,971.6796875,-34.1796875,31.73828125,-2.9296875,0.0,0,0
1766593545.791758,1766593545.7220924,-998.046875,29.78515625,14.16015625,9.27734375,0.0,0,0
1766593545.791882,1766593545.7259896,-127.9296875,15.13671875,-50.29296875,-5.37109375,0.0,0,0
1766593545.7919638,1766593545.7298868,-1000.0,-60.546875,-58.59375,-40.0390625,0.0,0,0
1766593545.792043,1766593545.7337842,-466.796875,-81.54296875,-31.73828125,-42.48046875,0.0,0,0
1766593545.79212,1766593545.7376814,833.49609375,-8.30078125,-6.34765625,-9.27734375,0.0,0,0
1766593545.792192,1766593545.7415786,-897.4609375,20.5078125,13.18359375,23.92578125,0.0,0,0
1766593545.7922711,1766593545.7454758,41.9921875,-1.46484375,-71.2890625,33.69140625,0.0,0,0
1766593545.792352,1766593545.749373,-1000.0,-46.38671875,-105.46875,5.37109375,0.0,0,0
1766593545.7924428,1766593545.7532701,-666.015625,-107.421875,-27.34375,-40.0390625,0.0,0,0
1766593545.792536,1766593545.7571673,628.90625,-58.59375,25.390625,-64.94140625,0.0,0,0
1766593545.7926059,1766593545.7610648,-842.7734375,31.25,11.71875,-50.78125,0.0,0,0
1766593545.852236,1766593545.7651594,111.328125,-2.44140625,-37.109375,-31.25,0.0,0,0
1766593545.852332,1766593545.7690566,-1000.0,-95.21484375,-71.2890625,-54.6875,0.0,0,0
1766593545.852374,1766593545.772954,-782.2265625,-115.234375,-64.453125,-84.47265625,0.0,0,0
1766593545.852413,1766593545.7768512,487.79296875,-35.64453125,-20.99609375,-48.33984375,0.0,0,0
1766593545.8524532,1766593545.7807484,-814.94140625,44.921875,-7.32421875,-20.01953125,0.0,0,0
1766593545.852491,1766593545.7846456,227.05078125,19.53125,-44.43359375,-34.66796875,0.0,0,0
1766593545.8525288,1766593545.788543,-1000.0,-68.359375,-78.125,-42.96875,0.0,0,0
1766593545.852565,1766593545.7924402,-956.0546875,-86.42578125,-47.8515625,-32.2265625,0.0,0,0
1766593545.852602,1766593545.7963374,231.93359375,-15.625,0.48828125,-8.30078125,0.0,0,0
1766593545.852641,1766593545.8002346,-808.59375,32.2265625,5.859375,19.04296875,0.0,0,0
1766593545.852679,1766593545.804132,330.56640625,3.41796875,-14.6484375,33.69140625,0.0,0,0
1766593545.853281,1766593545.8080292,-960.44921875,-29.296875,-41.015625,0.9765625,0.0,0,0
1766593545.8832378,1766593545.8120508,-1000.0,-46.38671875,-41.015625,-28.3203125,0.0,0,0
1766593545.8833091,1766593545.8159482,38.57421875,-32.2265625,-7.32421875,-24.4140625,0.0,0,0
1766593545.8833501,1766593545.8198454,-832.51953125,22.4609375,-6.8359375,-18.06640625,0.0,0,0
1766593545.8833878,1766593545.8237426,476.07421875,2.44140625,-46.38671875,4.39453125,0.0,0,0
1766593545.883425,1766593545.82764,-827.1484375,-73.73046875,-77.1484375,-12.20703125,0.0,0,0
1766593545.8834612,1766593545.8315372,-1000.0,-69.82421875,-64.453125,-47.8515625,0.0,0,0
1766593545.883498,1766593545.8354344,-86.9140625,-35.15625,3.90625,-26.85546875,0.0,0,0
1766593545.8835342,1766593545.8393319,-868.1640625,12.6953125,39.55078125,-8.7890625,0.0,0,0
1766593545.883571,1766593545.843229,626.46484375,8.7890625,-11.71875,-8.30078125,0.0,0,0
1766593545.8836071,1766593545.8471262,-664.55078125,-61.03515625,-69.3359375,-24.90234375,0.0,0,0
1766593545.8836439,1766593545.8510237,-1000.0,-101.07421875,-60.05859375,-49.31640625,0.0,0,0
1766593545.88368,1766593545.8549209,-179.6875,-65.4296875,-1.46484375,-43.45703125,0.0,0,0
1766593545.935942,1766593545.8589666,-942.87109375,-35.15625,41.50390625,2.44140625,0.0,0,0
1766593545.936075,1766593545.862864,859.86328125,-26.85546875,23.92578125,35.64453125,0.0,0,0
1766593545.936115,1766593545.8667612,-349.12109375,-30.76171875,-19.53125,24.90234375,0.0,0,0
1766593545.936193,1766593545.8706586,-1000.0,-82.03125,-26.85546875,-10.7421875,0.0,0,0
1766593545.936338,1766593545.8745558,-277.83203125,-52.734375,14.6484375,-30.2734375,0.0,0,0
1766593545.93639,1766593545.878453,-996.58203125,28.80859375,32.2265625,-15.625,0.0,0,0
1766593545.936543,1766593545.8823504,954.1015625,50.78125,-14.16015625,-7.32421875,0.0,0,0
1766593545.9365911,1766593545.8862476,-202.1484375,-7.8125,-67.3828125,-28.3203125,0.0,0,0
1766593545.936621,1766593545.890145,-1000.0,-97.65625,-67.3828125,-48.33984375,0.0,0,0
1766593545.936672,1766593545.8940423,-373.046875,-82.51953125,-14.16015625,-39.0625,0.0,0,0
1766593545.936706,1766593545.8979394,916.9921875,22.4609375,20.99609375,-21.484375,0.0,0,0
1766593545.936736,1766593545.9018369,-938.96484375,57.6171875,-3.90625,-10.7421875,0.0,0,0
1766593545.9716759,1766593545.90583,-9.765625,-2.44140625,-55.17578125,-35.64453125,0.0,0,0
1766593545.971766,1766593545.909727,-1000.0,-67.87109375,-74.70703125,-74.21875,0.0,0,0
1766593545.971807,1766593545.9136245,-508.7890625,-49.8046875,-26.3671875,-68.84765625,0.0,0,0
1766593545.9718451,1766593545.9175217,795.41015625,10.25390625,29.296875,-29.296875,0.0,0,0
1766593545.9718819,1766593545.921419,-877.9296875,34.1796875,14.6484375,-17.08984375,0.0,0,0
1766593545.971919,1766593545.9253163,81.54296875,-6.34765625,-38.0859375,-17.08984375,0.0,0,0
1766593545.971956,1766593545.9292135,-1000.0,-64.94140625,-62.01171875,-43.9453125,0.0,0,0
1766593545.972041,1766593545.933111,-773.92578125,-96.6796875,-33.203125,-80.56640625,0.0,0,0
1766593545.972128,1766593545.9370081,488.28125,-54.19921875,14.16015625,-68.84765625,0.0,0,0
1766593545.972206,1766593545.9409056,-818.84765625,19.53125,27.34375,-32.2265625,0.0,0,0
1766593545.972245,1766593545.9448028,172.36328125,4.39453125,-11.71875,-36.62109375,0.0,0,0
1766593545.9723809,1766593545.9487002,-1000.0,-63.96484375,-46.875,-92.7734375,0.0,0,0
1766593546.01675,1766593545.9526823,-932.12890625,-81.0546875,-12.6953125,-137.6953125,0.0,0,0
1766593546.0168169,1766593545.9565797,257.32421875,-30.2734375,34.66796875,-131.8359375,0.0,0,0
1766593546.016845,1766593545.9604769,-803.22265625,22.4609375,33.203125,-84.47265625,0.0,0,0
1766593546.016871,1766593545.9643743,251.46484375,7.8125,-11.71875,-71.2890625,0.0,0,0
1766593546.016896,1766593545.9682715,-1000.0,-54.6875,-41.9921875,-115.234375,0.0,0,0
1766593546.01692,1766593545.972169,-1000.0,-72.75390625,-12.6953125,-139.16015625,0.0,0,0
1766593546.0169442,1766593545.976066,48.33984375,-20.5078125,29.78515625,-110.3515625,0.0,0,0
1766593546.016968,1766593545.9799635,-817.3828125,17.578125,41.015625,-76.66015625,0.0,0,0
1766593546.016992,1766593545.9838607,390.13671875,1.953125,6.8359375,-77.1484375,0.0,0,0
1766593546.017015,1766593545.9877582,-896.97265625,-56.15234375,-38.0859375,-113.76953125,0.0,0,0
1766593546.017039,1766593545.9916553,-1000.0,-105.95703125,-32.2265625,-118.65234375,0.0,0,0
1766593546.017062,1766593545.9955528,-108.88671875,-54.19921875,19.04296875,-107.91015625,0.0,0,0
1766593546.061534,1766593545.9995272,-865.234375,33.203125,46.875,-70.80078125,0.0,0,0
1766593546.061664,1766593546.0034246,600.5859375,49.31640625,7.32421875,-41.50390625,0.0,0,0
1766593546.061722,1766593546.0073218,-699.70703125,-3.41796875,-34.1796875,-74.70703125,0.0,0,0
1766593546.061776,1766593546.0112193,-1000.0,-42.96875,-12.6953125,-84.47265625,0.0,0,0
1766593546.0618281,1766593546.0151165,-137.6953125,12.6953125,36.62109375,-55.17578125,0.0,0,0
1766593546.0618792,1766593546.019014,-908.69140625,91.796875,58.10546875,-25.87890625,0.0,0,0
1766593546.06193,1766593546.0229113,771.97265625,110.3515625,20.99609375,-0.48828125,0.0,0,0
1766593546.06198,1766593546.0268085,-483.3984375,36.62109375,-43.9453125,-2.9296875,0.0,0,0
1766593546.062031,1766593546.030706,-1000.0,-13.671875,-45.41015625,-19.53125,0.0,0,0
1766593546.0620859,1766593546.034603,-226.5625,38.0859375,0.9765625,-29.78515625,0.0,0,0
1766593546.062133,1766593546.0385005,-977.05078125,117.1875,36.62109375,3.41796875,0.0,0,0
1766593546.06217,1766593546.0423977,930.17578125,139.6484375,19.04296875,56.15234375,0.0,0,0
1766593546.1067898,1766593546.0463626,-233.88671875,104.98046875,-14.6484375,66.40625,0.0,0,0
1766593546.106966,1766593546.05026,-1000.0,75.68359375,-21.97265625,37.109375,0.0,0,0
1766593546.107044,1766593546.0541573,-322.265625,106.4453125,1.46484375,20.99609375,0.0,0,0
1766593546.107117,1766593546.0580547,948.2421875,183.59375,28.80859375,62.5,0.0,0,0
1766593546.1071832,1766593546.0619519,-955.56640625,219.23828125,10.7421875,94.7265625,0.0,0,0
1766593546.1072588,1766593546.0658493,-20.01953125,186.5234375,-22.94921875,82.51953125,0.0,0,0
1766593546.107324,1766593546.0697467,-1000.0,112.79296875,-45.8984375,68.84765625,0.0,0,0
1766593546.107388,1766593546.073644,-467.7734375,115.234375,-29.296875,71.2890625,0.0,0,0
1766593546.107451,1766593546.0775414,823.2421875,198.73046875,-7.32421875,91.796875,0.0,0,0
1766593546.1075132,1766593546.0814385,-881.34765625,250.0,-18.5546875,98.14453125,0.0,0,0
1766593546.107574,1766593546.085336,120.1171875,228.02734375,-49.31640625,103.02734375,0.0,0,0
1766593546.107637,1766593546.0892332,-1000.0,155.76171875,-86.42578125,91.30859375,0.0,0,0
1766593546.166969,1766593546.0931907,-625.48828125,147.4609375,-80.56640625,69.3359375,0.0,0,0
1766593546.1671329,1766593546.097088,665.52734375,218.75,-43.45703125,75.68359375,0.0,0,0
1766593546.167191,1766593546.1009853,-845.21484375,291.50390625,-34.1796875,88.8671875,0.0,0,0
1766593546.167244,1766593546.1048827,216.30859375,294.43359375,-62.98828125,79.1015625,0.0,0,0
1766593546.1673012,1766593546.10878,-1000.0,225.09765625,-108.3984375,51.26953125,0.0,0,0
1766593546.167352,1766593546.1126773,-784.1796875,198.73046875,-92.28515625,51.7578125,0.0,0,0
1766593546.167403,1766593546.1165748,479.98046875,263.18359375,-45.41015625,74.21875,0.0,0,0
1766593546.1674728,1766593546.120472,-828.125,329.58984375,-70.3125,81.0546875,0.0,0,0
1766593546.167522,1766593546.1243694,311.5234375,298.828125,-117.67578125,56.15234375,0.0,0,0
1766593546.1675909,1766593546.1282668,-998.53515625,234.86328125,-127.44140625,15.13671875,0.0,0,0
1766593546.1676428,1766593546.132164,-967.28515625,232.421875,-110.3515625,-1.953125,0.0,0,0
1766593546.1676931,1766593546.1360614,225.5859375,289.0625,-85.44921875,18.06640625,0.0,0,0
1766593546.212335,1766593546.1400838,-832.03125,349.609375,-86.9140625,41.015625,0.0,0,0
1766593546.2124212,1766593546.1439812,434.08203125,321.77734375,-89.84375,37.109375,0.0,0,0
1766593546.212464,1766593546.1478784,-871.09375,228.02734375,-104.98046875,-3.90625,0.0,0,0
1766593546.212503,1766593546.1517758,-1000.0,218.26171875,-109.375,-20.99609375,0.0,0,0
1766593546.213086,1766593546.1556733,45.41015625,313.96484375,-95.21484375,4.8828125,0.0,0,0
1766593546.213129,1766593546.1595705,-859.375,404.78515625,-81.54296875,37.59765625,0.0,0,0
1766593546.2131672,1766593546.163468,581.0546875,413.57421875,-85.9375,26.3671875,0.0,0,0
1766593546.213205,1766593546.1673653,-695.80078125,343.75,-121.09375,-7.32421875,0.0,0,0
1766593546.213242,1766593546.1712625,-1000.0,296.38671875,-133.30078125,-28.80859375,0.0,0,0
1766593546.2132769,1766593546.17516,-105.95703125,312.01171875,-110.3515625,-37.109375,0.0,0,0
1766593546.213313,1766593546.1790574,-901.3671875,379.39453125,-91.30859375,-17.578125,0.0,0,0
1766593546.2133498,1766593546.1829548,730.95703125,403.80859375,-106.93359375,3.90625,0.0,0,0
1766593546.25748,1766593546.186968,-506.8359375,340.8203125,-125.48828125,-10.25390625,0.0,0,0
1766593546.257589,1766593546.1908655,-1000.0,294.43359375,-114.2578125,-49.8046875,0.0,0,0
1766593546.257646,1766593546.1947627,-221.19140625,338.37890625,-102.5390625,-76.171875,0.0,0,0
1766593546.257699,1766593546.1986601,-955.56640625,395.01953125,-105.95703125,-76.171875,0.0,0,0
1766593546.257751,1766593546.2025576,847.16796875,395.01953125,-123.046875,-69.82421875,0.0,0,0
1766593546.257803,1766593546.206455,-343.26171875,351.07421875,-139.6484375,-83.984375,0.0,0,0
1766593546.257853,1766593546.2103522,-1000.0,301.26953125,-139.6484375,-113.28125,0.0,0,0
1766593546.257903,1766593546.2142496,-343.26171875,324.21875,-126.46484375,-123.046875,0.0,0,0
1766593546.2579541,1766593546.218147,949.21875,381.8359375,-109.86328125,-92.7734375,0.0,0,0
1766593546.258014,1766593546.2220445,990.72265625,395.5078125,-107.421875,-70.80078125,0.0,0,0
1766593546.2580638,1766593546.2259417,-133.30078125,354.4921875,-123.046875,-81.54296875,0.0,0,0
1766593546.258113,1766593546.229839,-1000.0,298.33984375,-126.46484375,-105.46875,0.0,0,0
1766593546.303831,1766593546.2338502,-480.46875,302.734375,-103.515625,-120.60546875,0.0,0,0
1766593546.3039958,1766593546.2377474,817.87109375,347.65625,-83.0078125,-100.5859375,0.0,0,0
1766593546.3040519,1766593546.2416449,-917.48046875,375.0,-95.21484375,-68.84765625,0.0,0,0
1766593546.304107,1766593546.2455423,-6.34765625,342.28515625,-116.2109375,-86.9140625,0.0,0,0
1766593546.304168,1766593546.2494397,-1000.0,288.57421875,-109.86328125,-125.48828125,0.0,0,0
1766593546.304221,1766593546.2533371,-656.25,290.52734375,-87.890625,-136.23046875,0.0,0,0
1766593546.3042681,1766593546.2572346,609.86328125,338.8671875,-80.56640625,-123.53515625,0.0,0,0
1766593546.304352,1766593546.2611318,-856.4453125,363.76953125,-86.42578125,-109.86328125,0.0,0,0
1766593546.304398,1766593546.2650292,83.984375,303.22265625,-113.76953125,-115.72265625,0.0,0,0
1766593546.3044622,1766593546.2689266,-1000.0,228.515625,-135.25390625,-139.16015625,0.0,0,0
1766593546.304508,1766593546.272824,-810.546875,243.65234375,-115.72265625,-156.25,0.0,0,0
1766593546.304568,1766593546.2767215,399.90234375,295.8984375,-84.47265625,-141.6015625,0.0,0,0
1766593546.347499,1766593546.2807178,-823.73046875,337.40234375,-77.63671875,-114.74609375,0.0,0,0
1766593546.347702,1766593546.2846153,225.5859375,307.12890625,-84.9609375,-110.3515625,0.0,0,0
1766593546.347774,1766593546.2885125,-1000.0,242.67578125,-87.40234375,-128.90625,0.0,0,0
1766593546.34784,1766593546.29241,-946.2890625,231.4453125,-90.8203125,-133.7890625,0.0,0,0
1766593546.347907,1766593546.2963073,210.9375,268.5546875,-73.73046875,-107.91015625,0.0,0,0
1766593546.3479722,1766593546.3002048,-822.75390625,333.49609375,-65.91796875,-82.03125,0.0,0,0
1766593546.348038,1766593546.3041022,335.44921875,336.42578125,-85.44921875,-84.9609375,0.0,0,0
1766593546.3481019,1766593546.3079996,-952.1484375,252.44140625,-105.95703125,-124.0234375,0.0,0,0
1766593546.348164,1766593546.311897,-1000.0,186.5234375,-116.2109375,-145.01953125,0.0,0,0
1766593546.34823,1766593546.3157945,35.64453125,220.21484375,-81.0546875,-119.62890625,0.0,0,0
1766593546.348293,1766593546.3196917,-842.28515625,297.36328125,-45.41015625,-75.1953125,0.0,0,0
1766593546.3483572,1766593546.323589,474.12109375,258.30078125,-65.4296875,-61.03515625,0.0,0,0
1766593546.398216,1766593546.3275816,-812.01171875,186.5234375,-92.7734375,-89.84375,0.0,0,0
1766593546.398346,1766593546.331479,-1000.0,176.7578125,-87.40234375,-111.81640625,0.0,0,0
1766593546.398387,1766593546.3353765,-90.33203125,227.05078125,-64.94140625,-97.16796875,0.0,0,0
1766593546.398426,1766593546.339274,-884.27734375,303.22265625,-56.15234375,-76.66015625,0.0,0,0
1766593546.398465,1766593546.3431714,645.01953125,273.92578125,-65.91796875,-76.66015625,0.0,0,0
1766593546.3985522,1766593546.3470688,-606.93359375,205.56640625,-66.40625,-80.078125,0.0,0,0
1766593546.39862,1766593546.3509662,-1000.0,176.26953125,-82.51953125,-104.4921875,0.0,0,0
1766593546.3987148,1766593546.3548636,-229.98046875,168.9453125,-93.26171875,-118.1640625,0.0,0,0
1766593546.398824,1766593546.3587608,-965.33203125,207.51953125,-67.87109375,-94.7265625,0.0,0,0
1766593546.398885,1766593546.3626583,757.32421875,230.46875,-50.29296875,-77.1484375,0.0,0,0
1766593546.398962,1766593546.3665557,-441.89453125,190.91796875,-71.2890625,-79.1015625,0.0,0,0
1766593546.399106,1766593546.3704531,-1000.0,115.72265625,-80.56640625,-96.19140625,0.0,0,0
1766593546.4390552,1766593546.374439,-362.3046875,131.8359375,-57.12890625,-102.5390625,0.0,0,0
1766593546.4391859,1766593546.3783364,952.63671875,206.54296875,-45.41015625,-84.47265625,0.0,0,0
1766593546.43934,1766593546.3822339,926.26953125,221.19140625,-46.875,-61.5234375,0.0,0,0
1766593546.4394019,1766593546.3861313,-261.23046875,158.69140625,-62.01171875,-74.70703125,0.0,0,0
1766593546.439445,1766593546.3900287,-1000.0,103.02734375,-71.2890625,-105.46875,0.0,0,0
1766593546.439483,1766593546.3939261,-503.90625,132.8125,-63.4765625,-100.09765625,0.0,0,0
1766593546.439521,1766593546.3978236,805.6640625,210.9375,-42.96875,-66.89453125,0.0,0,0
1766593546.4395578,1766593546.401721,-963.8671875,213.37890625,-45.8984375,-39.55078125,0.0,0,0
1766593546.439632,1766593546.4056184,-117.1875,145.01953125,-50.29296875,-45.41015625,0.0,0,0
1766593546.439719,1766593546.4095156,-1000.0,86.9140625,-65.91796875,-76.66015625,0.0,0,0
1766593546.4397728,1766593546.413413,-635.7421875,98.14453125,-59.08203125,-85.9375,0.0,0,0
1766593546.4398239,1766593546.4173105,632.8125,156.73828125,-35.64453125,-61.5234375,0.0,0,0
1766593546.482738,1766593546.4212837,-872.0703125,182.12890625,-37.59765625,-32.71484375,0.0,0,0
1766593546.4828548,1766593546.4251812,31.25,156.25,-45.41015625,-39.55078125,0.0,0,0
1766593546.482912,1766593546.4290786,-1000.0,120.1171875,-72.75390625,-85.9375,0.0,0,0
1766593546.482966,1766593546.432976,-818.359375,109.86328125,-80.078125,-98.6328125,0.0,0,0
1766593546.48302,1766593546.4368734,375.48828125,135.25390625,-69.3359375,-83.0078125,0.0,0,0
1766593546.483072,1766593546.4407709,-830.078125,197.75390625,-52.734375,-65.91796875,0.0,0,0
1766593546.4831219,1766593546.4446683,139.16015625,167.96875,-60.546875,-60.05859375,0.0,0,0
1766593546.4831722,1766593546.4485657,-1000.0,78.61328125,-69.3359375,-82.03125,0.0,0,0
1766593546.483221,1766593546.4524632,-943.84765625,71.2890625,-56.15234375,-99.609375,0.0,0,0
1766593546.483273,1766593546.4563606,190.4296875,117.67578125,-46.875,-64.453125,0.0,0,0
1766593546.4833221,1766593546.460258,-816.40625,173.33984375,-37.59765625,-33.69140625,0.0,0,0
1766593546.483372,1766593546.4641554,278.3203125,152.83203125,-39.0625,-42.96875,0.0,0,0
1766593546.545247,1766593546.4682,-991.2109375,75.1953125,-58.10546875,-76.66015625,0.0,0,0
1766593546.545345,1766593546.4720974,-1000.0,58.10546875,-59.08203125,-91.796875,0.0,0,0
1766593546.545388,1766593546.4759948,44.921875,111.328125,-42.96875,-63.96484375,0.0,0,0
1766593546.5454268,1766593546.4798923,-827.1484375,157.71484375,-34.66796875,-36.1328125,0.0,0,0
1766593546.5454662,1766593546.4837897,381.8359375,134.27734375,-44.43359375,-35.15625,0.0,0,0
1766593546.545503,1766593546.487687,-900.390625,56.640625,-49.8046875,-56.640625,0.0,0,0
1766593546.545541,1766593546.4915845,-1000.0,30.2734375,-65.91796875,-69.82421875,0.0,0,0
1766593546.545968,1766593546.495482,-96.19140625,74.70703125,-77.1484375,-60.546875,0.0,0,0
1766593546.546009,1766593546.4993794,-870.1171875,122.0703125,-44.921875,-34.66796875,0.0,0,0
1766593546.546046,1766593546.5032768,567.3828125,116.2109375,-24.90234375,-30.76171875,0.0,0,0
1766593546.54609,1766593546.5071743,-706.0546875,69.82421875,-28.3203125,-50.78125,0.0,0,0
1766593546.5461278,1766593546.511072,-1000.0,59.08203125,-47.36328125,-72.265625,0.0,0,0
1766593546.588632,1766593546.5150933,-192.3828125,93.75,-57.6171875,-74.21875,0.0,0,0
1766593546.5888178,1766593546.5189908,-929.19921875,128.90625,-52.734375,-44.43359375,0.0,0,0
1766593546.588911,1766593546.5228884,754.39453125,129.8828125,-41.015625,-33.203125,0.0,0,0
1766593546.58897,1766593546.5267859,-475.5859375,81.0546875,-41.50390625,-50.78125,0.0,0,0
1766593546.589022,1766593546.5306833,-1000.0,34.66796875,-52.734375,-62.98828125,0.0,0,0
1766593546.58907,1766593546.5345807,-298.828125,75.1953125,-53.7109375,-53.22265625,0.0,0,0
1766593546.589119,1766593546.5384781,-999.0234375,138.18359375,-55.17578125,-22.4609375,0.0,0,0
1766593546.589167,1766593546.5423756,882.8125,123.53515625,-51.26953125,-0.9765625,0.0,0,0
1766593546.589213,1766593546.5462732,-305.6640625,60.05859375,-38.0859375,-1.953125,0.0,0,0
1766593546.589259,1766593546.5501707,-1000.0,6.8359375,-42.48046875,-30.2734375,0.0,0,0
1766593546.589304,1766593546.554068,-422.8515625,7.32421875,-65.4296875,-44.921875,0.0,0,0
1766593546.589351,1766593546.5579655,877.44140625,67.3828125,-70.80078125,-22.4609375,0.0,0,0
1766593546.633635,1766593546.5619836,-979.00390625,92.7734375,-42.96875,-4.39453125,0.0,0,0
1766593546.633752,1766593546.565881,-111.81640625,20.01953125,-19.53125,0.9765625,0.0,0,0
1766593546.633806,1766593546.5697784,-1000.0,-26.85546875,-31.25,-25.87890625,0.0,0,0
1766593546.633866,1766593546.5736759,-617.1875,22.94921875,-73.73046875,-69.82421875,0.0,0,0
1766593546.633916,1766593546.5775735,655.2734375,80.078125,-104.00390625,-72.265625,0.0,0,0
1766593546.633965,1766593546.581471,-884.765625,97.16796875,-84.47265625,-44.43359375,0.0,0,0
1766593546.634015,1766593546.5853684,22.94921875,75.1953125,-60.546875,-39.0625,0.0,0,0
1766593546.634065,1766593546.5892658,-1000.0,26.3671875,-67.87109375,-64.453125,0.0,0,0
1766593546.634115,1766593546.5931635,-755.859375,-3.41796875,-78.125,-75.68359375,0.0,0,0
1766593546.6341639,1766593546.597061,475.5859375,45.41015625,-59.5703125,-55.17578125,0.0,0,0
1766593546.634217,1766593546.6009583,-840.33203125,91.796875,-73.2421875,-33.69140625,0.0,0,0
1766593546.6342669,1766593546.6048558,124.0234375,44.921875,-82.03125,-45.41015625,0.0,0,0
1766593546.678249,1766593546.6088617,-1000.0,4.39453125,-43.45703125,-65.4296875,0.0,0,0
1766593546.678429,1766593546.612759,-886.71875,20.99609375,-44.921875,-76.66015625,0.0,0,0
1766593546.6784818,1766593546.6166565,275.390625,65.4296875,-62.5,-71.77734375,0.0,0,0
1766593546.6785321,1766593546.6205542,-824.70703125,77.63671875,-60.05859375,-62.01171875,0.0,0,0
1766593546.678582,1766593546.6244516,280.76171875,58.10546875,-26.85546875,-53.22265625,0.0,0,0
1766593546.678638,1766593546.628349,-998.046875,48.828125,0.9765625,-56.640625,0.0,0,0
1766593546.6786869,1766593546.6322465,-1000.0,41.50390625,-40.52734375,-70.3125,0.0,0,0
1766593546.678733,1766593546.6361442,121.58203125,40.0390625,-104.4921875,-67.87109375,0.0,0,0
1766593546.6787882,1766593546.6400416,-840.33203125,33.203125,-80.56640625,-43.9453125,0.0,0,0
1766593546.678834,1766593546.643939,449.70703125,8.7890625,-8.7890625,-28.3203125,0.0,0,0
1766593546.678891,1766593546.6478367,-844.23828125,-18.06640625,-3.41796875,-57.12890625,0.0,0,0
1766593546.6789482,1766593546.651734,-1000.0,-38.0859375,-62.01171875,-98.6328125,0.0,0,0
1766593546.722476,1766593546.6557248,-20.99609375,10.7421875,-100.5859375,-93.26171875,0.0,0,0
1766593546.722603,1766593546.6596224,-867.67578125,43.45703125,-103.02734375,-60.05859375,0.0,0,0
1766593546.722678,1766593546.6635199,583.0078125,20.01953125,-47.8515625,-52.24609375,0.0,0,0
1766593546.7227452,1766593546.6674173,-686.5234375,-15.625,3.41796875,-53.22265625,0.0,0,0
1766593546.722811,1766593546.671315,-1000.0,-57.6171875,-28.80859375,-74.70703125,0.0,0,0
1766593546.722877,1766593546.6752124,-145.01953125,-17.578125,-81.0546875,-88.37890625,0.0,0,0
1766593546.722944,1766593546.6791098,-905.76171875,36.62109375,-83.49609375,-57.6171875,0.0,0,0
1766593546.723007,1766593546.6830075,694.3359375,27.34375,-23.92578125,-37.59765625,0.0,0,0
1766593546.723072,1766593546.686905,-551.7578125,-37.59765625,27.83203125,-56.640625,0.0,0,0
1766593546.723142,1766593546.6908023,-1000.0,-87.40234375,-17.578125,-82.51953125,0.0,0,0
1766593546.7232409,1766593546.6947,-245.1171875,-67.3828125,-100.5859375,-64.94140625,0.0,0,0
1766593546.723304,1766593546.6985974,-979.00390625,5.859375,-61.03515625,-40.0390625,0.0,0,0
1766593546.783448,1766593546.702655,887.6953125,65.91796875,21.97265625,-38.57421875,0.0,0,0
1766593546.7836401,1766593546.7065527,-282.71484375,51.7578125,27.83203125,-57.12890625,0.0,0,0
1766593546.783696,1766593546.7104502,-1000.0,-1.953125,-15.13671875,-103.515625,0.0,0,0
1766593546.7837481,1766593546.7143478,-351.5625,54.19921875,-45.41015625,-105.46875,0.0,0,0
1766593546.783796,1766593546.7182453,946.2890625,151.85546875,-41.015625,-60.546875,0.0,0,0
1766593546.783843,1766593546.7221427,979.98046875,216.796875,0.9765625,-36.62109375,0.0,0,0
1766593546.783891,1766593546.7260404,-162.109375,235.3515625,15.625,-77.63671875,0.0,0,0
1766593546.783937,1766593546.7299378,-1000.0,210.9375,-13.671875,-108.3984375,0.0,0,0
1766593546.783995,1766593546.7338355,-502.44140625,292.48046875,-26.85546875,-75.68359375,0.0,0,0
1766593546.784042,1766593546.737733,795.41015625,418.9453125,-34.66796875,-60.05859375,0.0,0,0
1766593546.784089,1766593546.7416306,-928.22265625,471.19140625,-20.5078125,-58.10546875,0.0,0,0
1766593546.784137,1766593546.745528,-44.921875,430.17578125,34.1796875,-61.5234375,0.0,0,0
1766593546.8256671,1766593546.7495081,-1000.0,403.80859375,3.41796875,-93.26171875,0.0,0,0
1766593546.8258271,1766593546.7534056,-684.08203125,439.453125,-90.33203125,-91.30859375,0.0,0,0
1766593546.8258848,1766593546.7573032,565.4296875,519.04296875,-93.75,-95.21484375,0.0,0,0
1766593546.825938,1766593546.7612007,-849.12109375,609.86328125,2.9296875,-79.1015625,0.0,0,0
1766593546.825991,1766593546.7650983,109.86328125,574.21875,123.046875,-41.9921875,0.0,0,0
1766593546.826043,1766593546.7689958,-1000.0,540.52734375,115.72265625,-81.54296875,0.0,0,0
1766593546.826093,1766593546.7728934,-848.6328125,643.06640625,24.4140625,-114.2578125,0.0,0,0
1766593546.826145,1766593546.7767909,352.5390625,754.8828125,-12.6953125,-125.9765625,0.0,0,0
1766593546.826196,1766593546.7806885,-823.73046875,821.77734375,9.765625,-109.86328125,0.0,0,0
1766593546.826255,1766593546.784586,190.91796875,854.00390625,51.26953125,-103.02734375,0.0,0,0
1766593546.826315,1766593546.7884836,-1000.0,903.80859375,58.59375,-133.30078125,0.0,0,0
1766593546.826379,1766593546.792381,-937.01171875,965.8203125,41.015625,-133.30078125,0.0,0,0
1766593546.870464,1766593546.796351,210.9375,973.14453125,28.80859375,-102.5390625,0.0,0,0
1766593546.870632,1766593546.8002486,-819.3359375,969.7265625,53.22265625,-82.51953125,0.0,0,0
1766593546.870749,1766593546.804146,268.5546875,972.16796875,97.65625,-81.54296875,0.0,0,0
1766593546.87082,1766593546.8080437,-996.09375,972.16796875,110.3515625,-99.12109375,0.0,0,0
1766593546.8708868,1766593546.8119411,-1000.0,972.16796875,75.1953125,-120.1171875,0.0,0,0
1766593546.8709528,1766593546.8158388,39.55078125,971.6796875,12.20703125,-104.4921875,0.0,0,0
1766593546.871017,1766593546.8197362,-831.54296875,971.6796875,41.50390625,-72.265625,0.0,0,0
1766593546.871101,1766593546.823634,416.015625,972.16796875,145.01953125,-66.40625,0.0,0,0
1766593546.871166,1766593546.8275313,-866.69921875,972.16796875,180.6640625,-92.28515625,0.0,0,0
1766593546.8712451,1766593546.831429,-1000.0,971.6796875,122.55859375,-111.81640625,0.0,0,0
1766593546.871317,1766593546.8353264,-116.69921875,971.6796875,-4.8828125,-85.44921875,0.0,0,0
1766593546.8726552,1766593546.839224,-876.953125,971.6796875,-53.7109375,-57.12890625,0.0,0,0
1766593546.918315,1766593546.843192,592.28515625,971.6796875,76.66015625,-64.94140625,0.0,0,0
1766593546.918476,1766593546.8470895,-683.59375,971.6796875,224.12109375,-90.33203125,0.0,0,0
1766593546.9185338,1766593546.8509872,-1000.0,971.6796875,156.73828125,-102.5390625,0.0,0,0
1766593546.918587,1766593546.8548849,-225.5859375,971.6796875,-72.75390625,-84.47265625,0.0,0,0
1766593546.9186392,1766593546.8587823,-937.5,972.16796875,-114.2578125,-60.546875,0.0,0,0
1766593546.918689,1766593546.86268,762.20703125,970.21484375,156.25,-38.0859375,0.0,0,0
1766593546.9187388,1766593546.8665774,-480.46875,973.14453125,475.5859375,-49.8046875,0.0,0,0
1766593546.9187891,1766593546.870475,-1000.0,968.26171875,343.75,-72.265625,0.0,0,0
1766593546.918839,1766593546.8743725,-430.17578125,932.6171875,-293.45703125,-67.3828125,0.0,0,0
1766593546.918889,1766593546.8782701,873.53515625,921.875,-679.6875,-59.08203125,0.0,0,0
1766593546.9189389,1766593546.8821676,993.65234375,901.85546875,64.453125,-43.45703125,0.0,0,0
1766593546.918989,1766593546.8860652,-186.03515625,764.16015625,992.67578125,-53.22265625,0.0,0,0
1766593546.9622378,1766593546.8900812,-1000.0,623.53515625,812.01171875,-61.03515625,0.0,0,0
1766593546.962352,1766593546.8939786,-714.84375,507.32421875,-336.42578125,-64.453125,0.0,0,0
1766593546.9624052,1766593546.8978763,537.109375,469.23828125,-1000.0,-81.0546875,0.0,0,0
1766593546.962456,1766593546.901774,-839.84375,510.25390625,-427.734375,-55.17578125,0.0,0,0
1766593546.962508,1766593546.9056714,73.73046875,399.90234375,865.234375,-26.85546875,0.0,0,0
1766593546.962558,1766593546.909569,-1000.0,286.1328125,-965.8203125,-40.52734375,0.0,0,0
1766593546.9626062,1766593546.9134665,-886.71875,239.74609375,-69.82421875,-63.4765625,0.0,0,0
1766593546.962656,1766593546.9173641,305.6640625,183.10546875,-1000.0,-91.796875,0.0,0,0
1766593546.962705,1766593546.9212618,-812.98828125,142.578125,-589.84375,-104.00390625,0.0,0,0
1766593546.962755,1766593546.9251592,130.859375,37.59765625,703.125,-101.5625,0.0,0,0
1766593546.962804,1766593546.929057,-1000.0,-73.73046875,-893.5546875,-123.046875,0.0,0,0
1766593546.962852,1766593546.9329543,-1000.0,-143.06640625,29.296875,-157.2265625,0.0,0,0
1766593547.008752,1766593546.9369743,66.89453125,-176.7578125,-1000.0,-159.1796875,0.0,0,0
1766593547.0088801,1766593546.940872,-804.19921875,-191.40625,-749.51171875,-147.94921875,0.0,0,0
1766593547.008914,1766593546.9447696,240.234375,-264.16015625,502.44140625,-139.6484375,0.0,0,0
1766593547.008945,1766593546.948667,-1000.0,-364.74609375,-828.125,-152.83203125,0.0,0,0
1766593547.008976,1766593546.9525647,-1000.0,-441.40625,140.13671875,-182.6171875,0.0,0,0
1766593547.009005,1766593546.9564624,-60.05859375,-426.26953125,-1000.0,-179.6875,0.0,0,0
1766593547.009034,1766593546.96036,-817.3828125,-394.53125,-928.22265625,-133.30078125,0.0,0,0
1766593547.009064,1766593546.9642575,363.28125,-476.5625,236.81640625,-115.234375,0.0,0,0
1766593547.0091038,1766593546.9681551,-915.0390625,-565.4296875,-808.10546875,-129.8828125,0.0,0,0
1766593547.0091321,1766593546.9720528,-1000.0,-593.26171875,237.3046875,-157.71484375,0.0,0,0
1766593547.00916,1766593546.9759502,-190.91796875,-552.24609375,-1000.0,-166.50390625,0.0,0,0
1766593547.0091882,1766593546.979848,-874.0234375,-494.140625,-1000.0,-142.08984375,0.0,0,0
1766593547.069082,1766593546.9838548,577.63671875,-491.2109375,92.7734375,-126.46484375,0.0,0,0
1766593547.06925,1766593546.9877524,-728.02734375,-521.97265625,-814.453125,-125.9765625,0.0,0,0
1766593547.0693069,1766593546.99165,-1000.0,-540.52734375,379.39453125,-139.16015625,0.0,0,0
1766593547.069358,1766593546.9955475,-256.8359375,-520.5078125,-923.33984375,-150.87890625,0.0,0,0
1766593547.069407,1766593546.9994452,-943.359375,-507.32421875,-1000.0,-130.37109375,0.0,0,0
1766593547.0694542,1766593547.0033429,780.2734375,-516.11328125,-36.1328125,-95.703125,0.0,0,0
1766593547.0695019,1766593547.0072405,-496.09375,-564.94140625,-838.37890625,-58.59375,0.0,0,0
1766593547.069558,1766593547.011138,-1000.0,-670.8984375,493.65234375,-49.31640625,0.0,0,0
1766593547.069737,1766593547.0150356,-318.84765625,-723.6328125,-797.8515625,-51.26953125,0.0,0,0
1766593547.069877,1766593547.0189333,968.26171875,-761.23046875,-1000.0,-36.1328125,0.0,0,0
1766593547.07005,1766593547.022831,972.65625,-822.265625,-226.07421875,-21.97265625,0.0,0,0
1766593547.070115,1766593547.0267284,-192.87109375,-886.23046875,-886.71875,-32.71484375,0.0,0,0
1766593547.0991821,1766593547.0307298,-1000.0,-961.42578125,608.88671875,-62.01171875,0.0,0,0
1766593547.099315,1766593547.0346274,-420.41015625,-937.01171875,-707.51953125,-85.44921875,0.0,0,0
1766593547.099356,1766593547.038525,880.37109375,-881.34765625,-1000.0,-73.2421875,0.0,0,0
1766593547.099394,1766593547.0424225,-942.87109375,-877.9296875,-222.65625,-49.31640625,0.0,0,0
1766593547.099433,1766593547.0463202,-59.5703125,-899.4140625,-984.375,-60.546875,0.0,0,0
1766593547.0994701,1766593547.0502179,-1000.0,-911.62109375,974.12109375,-81.54296875,0.0,0,0
1766593547.099508,1766593547.0541155,-661.1328125,-873.53515625,-203.61328125,-98.14453125,0.0,0,0
1766593547.099544,1766593547.0580132,624.51171875,-839.84375,-1000.0,-92.7734375,0.0,0,0
1766593547.099591,1766593547.0619106,-860.3515625,-824.21875,-273.92578125,-69.82421875,0.0,0,0
1766593547.099641,1766593547.0658083,40.52734375,-806.15234375,981.4453125,-60.546875,0.0,0,0
1766593547.099684,1766593547.069706,-1000.0,-783.69140625,-960.9375,-78.61328125,0.0,0,0
1766593547.0997398,1766593547.0736036,-794.43359375,-758.30078125,-100.09765625,-106.93359375,0.0,0,0
1766593547.14254,1766593547.0775888,438.96484375,-710.9375,-1000.0,-104.98046875,0.0,0,0
1766593547.142661,1766593547.0814865,-818.359375,-658.203125,-863.28125,-85.9375,0.0,0,0
1766593547.142714,1766593547.0853841,177.734375,-638.671875,395.01953125,-88.37890625,0.0,0,0
1766593547.142765,1766593547.0892818,-1000.0,-641.6015625,-886.71875,-103.515625,0.0,0,0
1766593547.142817,1766593547.0931792,-956.0546875,-620.60546875,-65.4296875,-124.0234375,0.0,0,0
1766593547.142869,1766593547.097077,198.2421875,-542.48046875,-1000.0,-117.1875,0.0,0,0
1766593547.1429188,1766593547.1009746,-811.5234375,-480.46875,-963.37890625,-99.12109375,0.0,0,0
1766593547.1429708,1766593547.1048722,296.38671875,-504.8828125,182.12890625,-98.6328125,0.0,0,0
1766593547.143022,1766593547.10877,-982.421875,-522.4609375,-842.7734375,-114.2578125,0.0,0,0
1766593547.1430762,1766593547.1126676,-1000.0,-509.765625,98.6328125,-147.4609375,0.0,0,0
1766593547.1431239,1766593547.1165652,46.38671875,-459.9609375,-1000.0,-155.2734375,0.0,0,0
1766593547.1431732,1766593547.1204627,-823.2421875,-418.9453125,-664.0625,-129.39453125,0.0,0,0
1766593547.187416,1766593547.1244435,415.52734375,-409.66796875,617.67578125,-121.09375,0.0,0,0
1766593547.187579,1766593547.1283412,-917.48046875,-423.33984375,-971.19140625,-145.01953125,0.0,0,0
1766593547.187624,1766593547.1322389,-1000.0,-449.70703125,913.0859375,-167.96875,0.0,0,0
1766593547.187671,1766593547.1361365,89.84375,-430.6640625,731.93359375,-164.55078125,0.0,0,0
1766593547.1877198,1766593547.1400342,-835.44921875,-406.25,536.62109375,-148.92578125,0.0,0,0
1766593547.187767,1766593547.1439316,430.6640625,-397.4609375,736.81640625,-142.08984375,0.0,0,0
1766593547.1878269,1766593547.1478293,-843.26171875,-370.60546875,-872.55859375,-149.4140625,0.0,0,0
1766593547.187874,1766593547.151727,-1000.0,-373.046875,131.8359375,-186.03515625,0.0,0,0
1766593547.18793,1766593547.1556246,-150.390625,-374.51171875,-1000.0,-212.40234375,0.0,0,0
1766593547.18799,1766593547.1595223,-921.38671875,-339.84375,-1000.0,-198.2421875,0.0,0,0
1766593547.188054,1766593547.16342,780.2734375,-318.84765625,-327.1484375,-168.45703125,0.0,0,0
1766593547.188111,1766593547.1673176,-441.40625,-317.87109375,-852.05078125,-148.92578125,0.0,0,0
1766593547.246712,1766593547.171288,-1000.0,-314.94140625,274.90234375,-183.10546875,0.0,0,0
1766593547.246884,1766593547.1751857,-254.8828125,-282.71484375,-997.0703125,-169.921875,0.0,0,0
1766593547.247602,1766593547.179083,-978.02734375,-233.88671875,-1000.0,-121.58203125,0.0,0,0
1766593547.247661,1766593547.1829808,889.16015625,-205.078125,-441.89453125,-115.234375,0.0,0,0
1766593547.247703,1766593547.1868784,-271.484375,-208.984375,-939.94140625,-116.2109375,0.0,0,0
1766593547.247743,1766593547.190776,-1000.0,-171.875,494.140625,-132.32421875,0.0,0,0
1766593547.2477791,1766593547.1946738,-393.06640625,-133.30078125,-886.71875,-140.13671875,0.0,0,0
1766593547.2478259,1766593547.1985714,903.80859375,-138.671875,-1000.0,-123.046875,0.0,0,0
1766593547.247863,1766593547.202469,-960.9375,-100.5859375,-543.9453125,-109.375,0.0,0,0
1766593547.247917,1766593547.2063668,-53.22265625,-78.61328125,903.80859375,-103.02734375,0.0,0,0
1766593547.247954,1766593547.2102644,-1000.0,-61.5234375,779.296875,-113.28125,0.0,0,0
1766593547.2479901,1766593547.214162,-550.78125,-33.203125,-626.953125,-126.953125,0.0,0,0
1766593547.292048,1766593547.2181191,741.2109375,-15.625,-1000.0,-119.140625,0.0,0,0
1766593547.292146,1766593547.2220168,-870.60546875,16.11328125,-692.87109375,-94.7265625,0.0,0,0
1766593547.2922041,1766593547.2259145,98.6328125,24.4140625,663.0859375,-101.07421875,0.0,0,0
1766593547.292256,1766593547.229812,-1000.0,6.34765625,-970.703125,-117.67578125,0.0,0,0
1766593547.292305,1766593547.2337096,-689.453125,36.62109375,-313.96484375,-109.86328125,0.0,0,0
1766593547.292356,1766593547.2376072,585.9375,62.01171875,-1000.0,-98.6328125,0.0,0,0
1766593547.292405,1766593547.241505,-832.03125,78.61328125,-808.59375,-68.84765625,0.0,0,0
1766593547.292454,1766593547.2454026,212.40234375,88.37890625,455.078125,-60.05859375,0.0,0,0
1766593547.292504,1766593547.2493002,-1000.0,44.43359375,-834.9609375,-82.51953125,0.0,0,0
1766593547.292552,1766593547.253198,-864.74609375,36.1328125,-24.4140625,-100.09765625,0.0,0,0
1766593547.292602,1766593547.2570956,378.90625,77.63671875,-1000.0,-91.796875,0.0,0,0
1766593547.29265,1766593547.2609932,-811.5234375,109.86328125,-909.66796875,-72.265625,0.0,0,0
1766593547.339791,1766593547.2650125,290.52734375,127.44140625,308.59375,-61.5234375,0.0,0,0
1766593547.339968,1766593547.2689102,-991.69921875,117.1875,-791.50390625,-67.87109375,0.0,0,0
1766593547.340043,1766593547.2728078,-1000.0,104.4921875,113.28125,-97.16796875,0.0,0,0
1766593547.340111,1766593547.2767055,93.75,126.46484375,-1000.0,-89.35546875,0.0,0,0
1766593547.3401768,1766593547.2806032,-821.77734375,158.69140625,-1000.0,-66.40625,0.0,0,0
1766593547.340244,1766593547.2845008,428.22265625,182.12890625,88.8671875,-59.08203125,0.0,0,0
1766593547.340309,1766593547.2883985,-872.0703125,185.546875,-782.2265625,-65.91796875,0.0,0,0
1766593547.340375,1766593547.2922962,-1000.0,157.71484375,177.734375,-95.703125,0.0,0,0
1766593547.3404381,1766593547.2961938,-71.2890625,161.62109375,-1000.0,-99.12109375,0.0,0,0
1766593547.340502,1766593547.3000917,-861.81640625,176.26953125,-1000.0,-82.03125,0.0,0,0
1766593547.340565,1766593547.3039894,605.95703125,175.78125,-161.62109375,-66.40625,0.0,0,0
1766593547.340629,1766593547.307887,-694.82421875,163.57421875,-807.12890625,-71.2890625,0.0,0,0
1766593547.381906,1766593547.311893,-1000.0,158.69140625,255.37109375,-103.515625,0.0,0,0
1766593547.382019,1766593547.3157907,-151.3671875,190.91796875,-991.2109375,-113.76953125,0.0,0,0
1766593547.38208,1766593547.3196883,-909.1796875,220.703125,-1000.0,-96.19140625,0.0,0,0
1766593547.382133,1766593547.323586,756.8359375,223.14453125,-271.484375,-94.7265625,0.0,0,0
1766593547.382185,1766593547.327484,-495.60546875,213.37890625,-859.375,-116.69921875,0.0,0,0
1766593547.382236,1766593547.3313816,-1000.0,221.6796875,501.46484375,-132.8125,0.0,0,0
1766593547.382286,1766593547.3352792,-291.50390625,220.21484375,-852.5390625,-117.1875,0.0,0,0
1766593547.382339,1766593547.339177,-993.1640625,198.2421875,-1000.0,-102.5390625,0.0,0,0
1766593547.3823879,1766593547.3430746,917.48046875,164.55078125,-251.953125,-92.28515625,0.0,0,0
1766593547.382438,1766593547.3469722,-296.875,141.6015625,-932.12890625,-106.4453125,0.0,0,0
1766593547.382488,1766593547.35087,-1000.0,137.20703125,797.8515625,-139.6484375,0.0,0,0
1766593547.382537,1766593547.3547676,-377.44140625,144.53125,-519.53125,-155.76171875,0.0,0,0
1766593547.428641,1766593547.3587742,909.1796875,188.4765625,-1000.0,-134.765625,0.0,0,0
1766593547.428789,1766593547.3626719,-946.2890625,195.80078125,-252.44140625,-107.91015625,0.0,0,0
1766593547.428833,1766593547.3665695,-52.24609375,211.9140625,944.82421875,-99.12109375,0.0,0,0
1766593547.428875,1766593547.3704672,-1000.0,252.44140625,-902.34375,-107.91015625,0.0,0,0
1766593547.4289129,1766593547.374365,-382.32421875,331.0546875,121.09375,-129.8828125,0.0,0,0
1766593547.428952,1766593547.3782628,876.46484375,525.87890625,-1000.0,-119.140625,0.0,0,0
1766593547.428989,1766593547.3821604,-910.64453125,739.74609375,-172.8515625,-81.0546875,0.0,0,0
1766593547.429027,1766593547.386058,574.70703125,900.87890625,995.1171875,-45.41015625,0.0,0,0
1766593547.429064,1766593547.3899558,-357.91015625,975.09765625,-925.29296875,16.6015625,0.0,0,0
1766593547.4291022,1766593547.3938534,392.578125,968.26171875,384.27734375,88.8671875,0.0,0,0
1766593547.429139,1766593547.397751,-985.83984375,971.6796875,-1000.0,116.2109375,0.0,0,0
1766593547.4291751,1766593547.4016488,-951.66015625,972.16796875,-476.5625,125.48828125,0.0,0,0
1766593547.500515,1766593547.4057078,398.4375,971.6796875,901.85546875,95.21484375,0.0,0,0
1766593547.500639,1766593547.4096055,-999.51171875,972.16796875,-880.37109375,8.30078125,0.0,0,0
1766593547.5006678,1766593547.4135032,-953.125,972.16796875,209.9609375,-71.2890625,0.0,0,0
1766593547.500694,1766593547.4174008,306.640625,972.16796875,-1000.0,-120.60546875,0.0,0,0
1766593547.500719,1766593547.4212985,-807.6171875,972.16796875,-341.30859375,-136.23046875,0.0,0,0
1766593547.5007439,1766593547.4251964,148.4375,971.6796875,943.359375,-132.8125,0.0,0,0
1766593547.500767,1766593547.429094,-1000.0,972.16796875,-928.7109375,-153.80859375,0.0,0,0
1766593547.500793,1766593547.4329917,-1000.0,972.16796875,512.20703125,-183.10546875,0.0,0,0
1766593547.5008168,1766593547.4368894,-33.69140625,972.16796875,-853.02734375,-184.5703125,0.0,0,0
1766593547.500842,1766593547.440787,-812.5,971.6796875,-981.4453125,-148.92578125,0.0,0,0
1766593547.500865,1766593547.444685,292.96875,971.6796875,304.19921875,-122.55859375,0.0,0,0
1766593547.500889,1766593547.4485826,-974.609375,972.16796875,-812.98828125,-123.046875,0.0,0,0
1766593547.5177321,1766593547.4525704,-1000.0,972.16796875,175.29296875,-145.99609375,0.0,0,0
1766593547.517835,1766593547.4564683,-113.28125,972.16796875,-1000.0,-156.73828125,0.0,0,0
1766593547.5178921,1766593547.460366,-819.82421875,971.6796875,-854.00390625,-143.5546875,0.0,0,0
1766593547.517946,1766593547.4642637,348.14453125,971.6796875,396.484375,-146.97265625,0.0,0,0
1766593547.5179992,1766593547.4681613,-918.9453125,971.6796875,-942.3828125,-173.828125,0.0,0,0
1766593547.51805,1766593547.4720592,-1000.0,972.16796875,551.26953125,-210.44921875,0.0,0,0
1766593547.518101,1766593547.475957,-390.13671875,972.16796875,-608.88671875,-241.69921875,0.0,0,0
1766593547.518156,1766593547.4798546,-929.6875,972.16796875,-972.65625,-244.62890625,0.0,0,0
1766593547.518207,1766593547.4837523,430.17578125,972.16796875,249.0234375,-260.7421875,0.0,0,0
1766593547.5182579,1766593547.4876502,-912.109375,972.16796875,-874.0234375,-294.921875,0.0,0,0
1766593547.518309,1766593547.4915478,-1000.0,972.16796875,618.65234375,-321.2890625,0.0,0,0
1766593547.518358,1766593547.4954455,-286.1328125,972.65625,-672.8515625,-331.54296875,0.0,0,0
1766593547.5776398,1766593547.4994278,-875.48828125,969.23828125,-1000.0,-312.5,0.0,0,0
1766593547.577705,1766593547.5033255,413.0859375,970.21484375,71.2890625,-319.3359375,0.0,0,0
1766593547.577734,1766593547.5072231,-933.10546875,969.23828125,-963.37890625,-337.890625,0.0,0,0
1766593547.577761,1766593547.511121,-1000.0,842.7734375,989.2578125,-366.69921875,0.0,0,0
1766593547.5777862,1766593547.5150187,-999.51171875,657.2265625,-140.13671875,-392.578125,0.0,0,0
1766593547.577811,1766593547.5189164,260.25390625,546.875,-1000.0,-382.32421875,0.0,0,0
1766593547.580298,1766593547.5228143,736.328125,473.6328125,224.609375,-355.46875,0.0,0,0
1766593547.580342,1766593547.526712,-678.22265625,285.15625,-979.00390625,-355.95703125,0.0,0,0
1766593547.5803678,1766593547.5306096,-1000.0,133.7890625,-956.0546875,-371.58203125,0.0,0,0
1766593547.580393,1766593547.5345075,-469.23828125,-114.74609375,253.41796875,-389.6484375,0.0,0,0
1766593547.580418,1766593547.5384052,853.515625,209.9609375,-1000.0,-337.890625,0.0,0,0
1766593547.580441,1766593547.5423028,995.60546875,952.63671875,-204.1015625,-426.7578125,0.0,0,0
1766593547.607157,1766593547.5462713,885.25390625,951.171875,970.703125,16.6015625,0.0,0,0
1766593547.607252,1766593547.5501692,-911.62109375,-954.58984375,-930.17578125,924.8046875,0.0,0,0
1766593547.6072938,1766593547.554067,-80.078125,-110.3515625,197.75390625,-994.62890625,0.0,0,0
1766593547.6073332,1766593547.5579646,-1000.0,-1000.0,-1000.0,658.69140625,0.0,0,0
1766593547.607369,1766593547.5618625,-950.1953125,-946.2890625,-1000.0,208.49609375,0.0,0,0
1766593547.607405,1766593547.5657601,-992.67578125,-995.1171875,362.79296875,-71.77734375,0.0,0,0
1766593547.6074429,1766593547.5696578,-1000.0,-1000.0,651.85546875,-261.71875,0.0,0,0
1766593547.607479,1766593547.5735557,-1000.0,-1000.0,-876.953125,-361.328125,0.0,0,0
1766593547.6075149,1766593547.5774534,-1000.0,-1000.0,-1000.0,-382.32421875,0.0,0,0
1766593547.607549,1766593547.581351,-1000.0,-1000.0,-1000.0,-411.1328125,0.0,0,0
1766593547.607584,1766593547.585249,-1000.0,-1000.0,-52.24609375,-424.8046875,0.0,0,0
1766593547.6076329,1766593547.5891466,-1000.0,-1000.0,-952.1484375,-435.05859375,0.0,0,0
1766593547.666228,1766593547.5931022,-1000.0,-1000.0,-331.54296875,-434.5703125,0.0,0,0
1766593547.666367,1766593547.5970001,-1000.0,-1000.0,-1000.0,-408.203125,0.0,0,0
1766593547.6664379,1766593547.6008978,-1000.0,-1000.0,-1000.0,-381.8359375,0.0,0,0
1766593547.666503,1766593547.6047957,-1000.0,-1000.0,-110.3515625,-332.51953125,0.0,0,0
1766593547.666569,1766593547.6086934,-1000.0,-1000.0,-800.78125,-305.17578125,0.0,0,0
1766593547.666634,1766593547.612591,-1000.0,-1000.0,73.2421875,-226.07421875,0.0,0,0
1766593547.6666958,1766593547.616489,-1000.0,-1000.0,-1000.0,-572.75390625,0.0,0,0
1766593547.6667578,1766593547.6203866,-1000.0,-1000.0,-969.7265625,-1000.0,0.0,0,0
1766593547.666803,1766593547.6242845,-1000.0,-1000.0,-979.00390625,-994.140625,0.0,0,0
1766593547.666847,1766593547.6281822,-1000.0,-1000.0,-1000.0,-990.72265625,0.0,0,0
1766593547.666891,1766593547.6320798,-1000.0,-1000.0,-1000.0,-1000.0,0.0,0,0
1766593547.666934,1766593547.6359777,-1000.0,-1000.0,-1000.0,-1000.0,0.0,0,0
1766593547.712391,1766593547.6399906,-1000.0,-1000.0,-1000.0,-1000.0,0.0,0,0
1766593547.712503,1766593547.6438885,-1000.0,-1000.0,-1000.0,-1000.0,0.0,0,0
1766593547.712564,1766593547.6477861,-1000.0,-1000.0,-1000.0,-1000.0,0.0,0,0
1766593547.712629,1766593547.651684,-937.5,-937.5,-937.5,-937.5,0.0,0,0
1766593547.712692,1766593547.6555817,-1000.0,-1000.0,-1000.0,-1000.0,0.0,0,0
1766593547.71276,1766593547.6594796,-219.23828125,-218.75,-218.75,-218.75,0.0,0,0
1766593547.712822,1766593547.6633773,-957.51953125,-957.03125,-956.54296875,-957.03125,0.0,0,0
1766593547.712898,1766593547.667275,954.58984375,955.56640625,955.56640625,955.078125,0.0,0,0
1766593547.712961,1766593547.6711729,943.84765625,944.3359375,944.3359375,944.82421875,0.0,0,0
1766593547.713025,1766593547.6750705,978.02734375,978.515625,978.515625,978.515625,0.0,0,0
1766593547.713088,1766593547.6789684,971.19140625,971.6796875,971.6796875,971.6796875,0.0,0,0
1766593547.713152,1766593547.682866,971.19140625,971.6796875,971.6796875,971.6796875,0.0,0,0
1766593547.756812,1766593547.686871,971.19140625,971.6796875,971.6796875,971.6796875,0.0,0,0
1766593547.75692,1766593547.690769,971.19140625,972.16796875,972.16796875,971.6796875,0.0,0,0
1766593547.7569761,1766593547.6946666,971.19140625,971.6796875,971.6796875,972.16796875,0.0,0,0
1766593547.757029,1766593547.6985645,971.19140625,971.6796875,971.6796875,972.16796875,0.0,0,0
1766593547.75708,1766593547.7024622,971.19140625,971.6796875,971.6796875,971.6796875,0.0,0,0
1766593547.757138,1766593547.70636,971.19140625,971.6796875,972.16796875,971.6796875,0.0,0,0
1766593547.757189,1766593547.7102578,971.19140625,971.6796875,971.6796875,971.6796875,0.0,0,0
1766593547.757239,1766593547.7141557,971.19140625,971.6796875,971.6796875,971.6796875,0.0,0,0
1766593547.757289,1766593547.7180533,971.19140625,971.6796875,971.6796875,971.6796875,0.0,0,0
1766593547.7573388,1766593547.7219512,971.19140625,971.6796875,971.6796875,971.6796875,0.0,0,0
1766593547.757389,1766593547.725849,971.19140625,971.6796875,971.6796875,971.6796875,0.0,0,0
1766593547.757439,1766593547.7297468,971.19140625,971.6796875,972.16796875,971.6796875,0.0,0,0
1766593547.802688,1766593547.7337506,971.19140625,972.16796875,972.16796875,971.6796875,0.0,0,0
1766593547.8028312,1766593547.7376482,971.19140625,971.6796875,971.6796875,971.6796875,0.0,0,0
1766593547.8028722,1766593547.7415462,971.19140625,971.6796875,971.6796875,971.6796875,0.0,0,0
1766593547.802913,1766593547.7454438,971.19140625,971.6796875,972.16796875,971.6796875,0.0,0,0
1766593547.8029509,1766593547.7493417,971.19140625,971.6796875,971.6796875,971.6796875,0.0,0,0
1766593547.802989,1766593547.7532394,971.19140625,971.6796875,971.6796875,971.6796875,0.0,0,0
1766593547.803027,1766593547.7571373,971.19140625,971.6796875,971.6796875,971.6796875,0.0,0,0
1766593547.803064,1766593547.7610352,971.19140625,971.6796875,971.6796875,971.6796875,0.0,0,0
1766593547.8031008,1766593547.7649329,971.19140625,971.6796875,971.6796875,971.6796875,0.0,0,0
1766593547.8031418,1766593547.7688308,971.19140625,971.6796875,971.6796875,971.6796875,0.0,0,0
1766593547.803179,1766593547.7727284,971.19140625,971.6796875,971.6796875,971.6796875,0.0,0,0
1766593547.803234,1766593547.7766263,971.19140625,971.6796875,971.6796875,971.6796875,0.0,0,0
1766593547.8476758,1766593547.780618,971.19140625,972.16796875,971.6796875,971.6796875,0.0,0,0
1766593547.847847,1766593547.7845159,971.19140625,972.16796875,971.6796875,971.6796875,0.0,0,0
1766593547.8479202,1766593547.7884138,971.19140625,971.6796875,971.6796875,971.6796875,0.0,0,0
1766593547.847989,1766593547.7923114,971.19140625,972.16796875,971.6796875,971.6796875,0.0,0,0
1766593547.848063,1766593547.7962093,971.19140625,972.16796875,971.6796875,971.6796875,0.0,0,0
1766593547.84813,1766593547.800107,971.19140625,971.6796875,971.6796875,971.6796875,0.0,0,0
1766593547.848198,1766593547.804005,971.19140625,971.6796875,971.6796875,971.6796875,0.0,0,0
1766593547.848263,1766593547.8079028,971.19140625,972.16796875,971.6796875,972.16796875,0.0,0,0
1766593547.848337,1766593547.8118005,971.19140625,971.6796875,971.6796875,971.6796875,0.0,0,0
1766593547.848408,1766593547.8156984,971.19140625,971.6796875,972.16796875,971.6796875,0.0,0,0
1766593547.848489,1766593547.819596,971.19140625,971.6796875,971.6796875,971.6796875,0.0,0,0
1766593547.848564,1766593547.823494,971.19140625,971.6796875,971.6796875,971.6796875,0.0,0,0
1766593547.894664,1766593547.8274822,971.19140625,971.6796875,972.16796875,971.6796875,0.0,0,0
1766593547.8947961,1766593547.8313801,971.19140625,971.6796875,971.6796875,971.6796875,0.0,0,0
1766593547.894856,1766593547.8352778,971.19140625,971.6796875,971.6796875,971.6796875,0.0,0,0
1766593547.894909,1766593547.8391757,971.19140625,972.16796875,971.6796875,971.6796875,0.0,0,0
1766593547.894963,1766593547.8430736,971.19140625,971.6796875,971.6796875,971.6796875,0.0,0,0
1766593547.8950138,1766593547.8469713,971.19140625,971.6796875,971.6796875,971.6796875,0.0,0,0
1766593547.895073,1766593547.8508692,971.19140625,971.6796875,971.6796875,971.6796875,0.0,0,0
1766593547.895126,1766593547.8547668,971.19140625,971.6796875,971.6796875,971.6796875,0.0,0,0
1766593547.895176,1766593547.8586648,971.19140625,971.6796875,971.6796875,971.6796875,0.0,0,0
1766593547.895227,1766593547.8625627,971.19140625,971.6796875,971.6796875,971.6796875,0.0,0,0
1766593547.895278,1766593547.8664603,971.19140625,971.6796875,971.6796875,971.6796875,0.0,0,0
1766593547.895328,1766593547.8703582,971.19140625,971.6796875,971.6796875,971.6796875,0.0,0,0
1766593547.937907,1766593547.8743348,971.19140625,971.6796875,971.6796875,971.6796875,0.0,0,0
1766593547.938038,1766593547.8782325,970.703125,971.6796875,971.6796875,971.6796875,0.0,0,0
1766593547.9380789,1766593547.8821304,971.19140625,971.6796875,971.6796875,971.6796875,0.0,0,0
1766593547.938119,1766593547.8860283,971.19140625,971.6796875,971.6796875,971.6796875,0.0,0,0
1766593547.938157,1766593547.889926,971.19140625,971.6796875,971.6796875,971.6796875,0.0,0,0
1766593547.9381928,1766593547.8938239,971.19140625,971.6796875,971.6796875,971.6796875,0.0,0,0
1766593547.938231,1766593547.8977218,971.19140625,971.6796875,971.6796875,971.6796875,0.0,0,0
1766593547.938268,1766593547.9016194,971.19140625,972.16796875,971.6796875,971.6796875,0.0,0,0
1766593547.9383051,1766593547.9055173,971.19140625,972.16796875,971.6796875,971.6796875,0.0,0,0
1766593547.9383512,1766593547.9094152,971.19140625,971.6796875,971.6796875,971.6796875,0.0,0,0
1766593547.9384031,1766593547.9133132,971.19140625,971.6796875,971.6796875,971.6796875,0.0,0,0
1766593547.9384398,1766593547.9172108,971.19140625,971.6796875,971.6796875,971.6796875,0.0,0,0
1766593547.9967701,1766593547.921185,971.19140625,971.6796875,971.6796875,971.6796875,0.0,0,0
1766593547.9969459,1766593547.925083,971.19140625,972.16796875,971.6796875,971.6796875,0.0,0,0
1766593547.9970062,1766593547.9289808,971.19140625,971.6796875,972.16796875,971.6796875,0.0,0,0
1766593547.997067,1766593547.9328787,971.19140625,971.6796875,971.6796875,971.6796875,0.0,0,0
1766593547.99712,1766593547.9367764,971.19140625,971.6796875,971.6796875,971.6796875,0.0,0,0
1766593547.997173,1766593547.9406743,971.19140625,971.6796875,971.6796875,971.6796875,0.0,0,0
1766593547.997229,1766593547.9445722,971.19140625,971.6796875,971.6796875,971.6796875,0.0,0,0
1766593547.997279,1766593547.94847,971.19140625,971.6796875,971.6796875,971.6796875,0.0,0,0
1766593547.997329,1766593547.9523678,970.703125,972.16796875,971.6796875,971.6796875,0.0,0,0
1766593547.997379,1766593547.9562657,971.19140625,972.16796875,971.6796875,972.16796875,0.0,0,0
1766593547.99743,1766593547.9601636,971.19140625,971.6796875,971.6796875,971.6796875,0.0,0,0
1766593547.99748,1766593547.9640613,971.19140625,971.6796875,971.6796875,971.6796875,0.0,0,0
1766593548.0439339,1766593547.9680302,971.19140625,972.16796875,971.6796875,971.6796875,0.0,0,0
1766593548.044095,1766593547.9719281,971.19140625,971.6796875,971.6796875,971.6796875,0.0,0,0
1766593548.044256,1766593547.975826,971.19140625,971.6796875,971.6796875,971.6796875,0.0,0,0
1766593548.044336,1766593547.9797237,971.19140625,971.6796875,972.16796875,971.6796875,0.0,0,0
1766593548.044406,1766593547.9836216,971.19140625,971.6796875,971.6796875,971.6796875,0.0,0,0
1766593548.0444748,1766593547.9875195,971.19140625,971.6796875,972.16796875,971.6796875,0.0,0,0
1766593548.044539,1766593547.9914174,971.19140625,971.6796875,972.16796875,972.16796875,0.0,0,0
1766593548.0446029,1766593547.995315,971.19140625,971.6796875,971.6796875,971.6796875,0.0,0,0
1766593548.0446668,1766593547.999213,971.19140625,971.6796875,971.6796875,971.6796875,0.0,0,0
1766593548.044735,1766593548.003111,973.14453125,974.12109375,972.65625,974.12109375,0.0,0,0
1766593548.044799,1766593548.0070088,958.984375,958.984375,966.30859375,959.47265625,0.0,0,0
1766593548.044863,1766593548.0109067,927.24609375,928.7109375,917.48046875,928.22265625,0.0,0,0
1766593548.086981,1766593548.0149236,-911.1328125,-911.1328125,-896.97265625,-910.64453125,0.0,0,0
1766593548.087113,1766593548.0188215,-14.6484375,-18.5546875,91.30859375,-14.16015625,0.0,0,0
1766593548.087156,1766593548.0227194,-1000.0,-1000.0,-1000.0,-1000.0,0.0,0,0
1766593548.087192,1766593548.0266173,-957.03125,-956.54296875,-970.21484375,-957.03125,0.0,0,0
1766593548.08723,1766593548.0305152,-988.28125,-988.76953125,-980.46875,-988.28125,0.0,0,0
1766593548.087269,1766593548.034413,-1000.0,-1000.0,-1000.0,-1000.0,0.0,0,0
1766593548.0873039,1766593548.0383108,-1000.0,-1000.0,-1000.0,-1000.0,0.0,0,0
1766593548.087337,1766593548.0422087,-1000.0,-1000.0,-1000.0,-1000.0,0.0,0,0
1766593548.087371,1766593548.0461066,-1000.0,-1000.0,-1000.0,-1000.0,0.0,0,0
1766593548.087405,1766593548.0500045,-1000.0,-1000.0,-1000.0,-1000.0,0.0,0,0
1766593548.087447,1766593548.0539024,-1000.0,-1000.0,-1000.0,-1000.0,0.0,0,0
1766593548.087499,1766593548.0578003,-1000.0,-1000.0,-1000.0,-1000.0,0.0,0,0
1766593548.132433,1766593548.0618079,-1000.0,-1000.0,-1000.0,-1000.0,0.0,0,0
1766593548.1325362,1766593548.0657058,-1000.0,-1000.0,-1000.0,-1000.0,0.0,0,0
1766593548.132587,1766593548.0696037,-1000.0,-1000.0,-1000.0,-1000.0,0.0,0,0
1766593548.1326349,1766593548.0735013,-1000.0,-1000.0,-1000.0,-1000.0,0.0,0,0
1766593548.132681,1766593548.0773993,-1000.0,-1000.0,-1000.0,-1000.0,0.0,0,0
1766593548.132729,1766593548.0812972,-1000.0,-1000.0,-1000.0,-1000.0,0.0,0,0
1766593548.132776,1766593548.085195,-1000.0,-1000.0,-1000.0,-1000.0,0.0,0,0
1766593548.132821,1766593548.089093,-1000.0,-1000.0,-1000.0,-1000.0,0.0,0,0
1766593548.1328661,1766593548.0929909,-1000.0,-1000.0,-1000.0,-1000.0,0.0,0,0
1766593548.1329122,1766593548.0968888,-1000.0,-1000.0,-1000.0,-1000.0,0.0,0,0
1766593548.132968,1766593548.1007867,-1000.0,-1000.0,-1000.0,-1000.0,0.0,0,0
1766593548.133027,1766593548.1046846,-1000.0,-1000.0,-1000.0,-1000.0,0.0,0,0
1766593548.178283,1766593548.1086876,-1000.0,-1000.0,-1000.0,-1000.0,0.0,0,0
1766593548.178415,1766593548.1125855,-1000.0,-1000.0,-1000.0,-1000.0,0.0,0,0
1766593548.178455,1766593548.1164834,-1000.0,-1000.0,-1000.0,-1000.0,0.0,0,0
1766593548.178522,1766593548.1203814,-1000.0,-1000.0,-1000.0,-1000.0,0.0,0,0
1766593548.17856,1766593548.1242793,-1000.0,-1000.0,-1000.0,-1000.0,0.0,0,0
1766593548.178596,1766593548.1281772,-1000.0,-1000.0,-1000.0,-1000.0,0.0,0,0
1766593548.1786308,1766593548.132075,-1000.0,-1000.0,-1000.0,-1000.0,0.0,0,0
1766593548.178665,1766593548.135973,-1000.0,-1000.0,-1000.0,-1000.0,0.0,0,0
1766593548.1787,1766593548.139871,-1000.0,-1000.0,-1000.0,-1000.0,0.0,0,0
1766593548.178734,1766593548.1437688,-1000.0,-1000.0,-1000.0,-1000.0,0.0,0,0
1766593548.1787672,1766593548.1476667,-1000.0,-1000.0,-1000.0,-1000.0,0.0,0,0
1766593548.178824,1766593548.1515646,-1000.0,-1000.0,-1000.0,-1000.0,0.0,0,0
1766593548.237626,1766593548.1555576,-1000.0,-1000.0,-1000.0,-1000.0,0.0,0,0
1766593548.237749,1766593548.1594555,-1000.0,-1000.0,-1000.0,-1000.0,0.0,0,0
1766593548.237802,1766593548.1633534,-1000.0,-1000.0,-1000.0,-1000.0,0.0,0,0
1766593548.237851,1766593548.1672513,-1000.0,-1000.0,-1000.0,-1000.0,0.0,0,0
1766593548.2378979,1766593548.1711493,-1000.0,-1000.0,-1000.0,-1000.0,0.0,0,0
1766593548.237951,1766593548.1750472,-1000.0,-1000.0,-1000.0,-1000.0,0.0,0,0
1766593548.2379992,1766593548.178945,-1000.0,-1000.0,-1000.0,-1000.0,0.0,0,0
1766593548.238048,1766593548.182843,-973.14453125,-973.14453125,-980.46875,-972.65625,0.0,0,0
1766593548.238101,1766593548.1867409,-984.375,-984.375,-971.19140625,-985.3515625,0.0,0,0
1766593548.2381818,1766593548.1906388,-1000.0,-1000.0,-1000.0,-1000.0,0.0,0,0
1766593548.238229,1766593548.1945367,189.453125,190.4296875,96.6796875,196.77734375,0.0,0,0
1766593548.2382789,1766593548.1984346,-890.13671875,-889.16015625,-896.97265625,-889.6484375,0.0,0,0
1766593548.268756,1766593548.2024236,908.203125,908.69140625,916.9921875,908.69140625,0.0,0,0
1766593548.268922,1766593548.2063215,971.6796875,972.65625,966.796875,972.65625,0.0,0,0
1766593548.268975,1766593548.2102194,971.19140625,972.16796875,972.65625,972.16796875,0.0,0,0
1766593548.2690282,1766593548.2141173,971.19140625,971.6796875,971.6796875,971.6796875,0.0,0,0
1766593548.269079,1766593548.2180152,970.703125,971.6796875,971.6796875,971.6796875,0.0,0,0
1766593548.26913,1766593548.221913,971.19140625,971.6796875,972.16796875,971.6796875,0.0,0,0
1766593548.2691772,1766593548.225811,971.19140625,971.6796875,971.6796875,971.6796875,0.0,0,0
1766593548.2692459,1766593548.229709,971.19140625,971.6796875,971.6796875,971.6796875,0.0,0,0
1766593548.269293,1766593548.2336068,971.19140625,971.6796875,971.6796875,971.6796875,0.0,0,0
1766593548.269363,1766593548.2375047,971.19140625,971.6796875,971.6796875,971.6796875,0.0,0,0
1766593548.2697332,1766593548.2414026,970.703125,971.6796875,971.6796875,971.6796875,0.0,0,0
1766593548.269784,1766593548.2453005,970.703125,971.6796875,971.6796875,971.6796875,0.0,0,0
1766593548.3141592,1766593548.249282,971.19140625,972.16796875,975.09765625,972.16796875,0.0,0,0
1766593548.314291,1766593548.2531798,971.6796875,972.65625,958.984375,972.16796875,0.0,0,0
1766593548.3143349,1766593548.2570777,908.203125,908.69140625,936.03515625,908.69140625,0.0,0,0
1766593548.314375,1766593548.2609756,-890.13671875,-889.6484375,-951.171875,-889.16015625,0.0,0,0
1766593548.314414,1766593548.2648735,189.453125,189.94140625,-7.32421875,189.94140625,0.0,0,0
1766593548.314452,1766593548.2687714,-1000.0,-1000.0,-1000.0,-1000.0,0.0,0,0
1766593548.314487,1766593548.2726693,-984.375,-984.375,-968.26171875,-984.375,0.0,0,0
1766593548.314525,1766593548.2765672,-973.14453125,-973.14453125,-984.375,-973.14453125,0.0,0,0
1766593548.314562,1766593548.2804651,-1000.0,-1000.0,-1000.0,-1000.0,0.0,0,0
1766593548.3145962,1766593548.284363,-1000.0,-1000.0,-1000.0,-1000.0,0.0,0,0
1766593548.3146298,1766593548.288261,-1000.0,-1000.0,-1000.0,-1000.0,0.0,0,0
1766593548.314739,1766593548.2921588,-1000.0,-1000.0,-1000.0,-1000.0,0.0,0,0
1766593548.358908,1766593548.2961314,-1000.0,-1000.0,-1000.0,-1000.0,0.0,0,0
1766593548.359072,1766593548.3000293,-1000.0,-1000.0,-1000.0,-1000.0,0.0,0,0
1766593548.359127,1766593548.3039272,-1000.0,-1000.0,-1000.0,-1000.0,0.0,0,0
1766593548.359178,1766593548.307825,-1000.0,-1000.0,-1000.0,-1000.0,0.0,0,0
1766593548.359228,1766593548.3117232,-1000.0,-1000.0,-1000.0,-1000.0,0.0,0,0
1766593548.359277,1766593548.3156211,-1000.0,-1000.0,-1000.0,-1000.0,0.0,0,0
1766593548.3593228,1766593548.319519,-1000.0,-1000.0,-1000.0,-1000.0,0.0,0,0
1766593548.359369,1766593548.323417,-1000.0,-1000.0,-1000.0,-1000.0,0.0,0,0
1766593548.359405,1766593548.3273149,-1000.0,-1000.0,-1000.0,-1000.0,0.0,0,0
1766593548.3594391,1766593548.3312128,-1000.0,-1000.0,-1000.0,-1000.0,0.0,0,0
1766593548.359471,1766593548.3351107,-1000.0,-1000.0,-1000.0,-1000.0,0.0,0,0
1766593548.3595169,1766593548.3390086,-1000.0,-1000.0,-1000.0,-1000.0,0.0,0,0
1766593548.419024,1766593548.3429685,-1000.0,-1000.0,-1000.0,-1000.0,0.0,0,0
1766593548.41915,1766593548.3468664,-1000.0,-1000.0,-1000.0,-1000.0,0.0,0,0
1766593548.419185,1766593548.3507643,-1000.0,-1000.0,-1000.0,-1000.0,0.0,0,0
1766593548.419219,1766593548.3546622,-946.2890625,-947.75390625,-950.1953125,-946.2890625,0.0,0,0
1766593548.419258,1766593548.35856,-1000.0,-1000.0,-1000.0,-1000.0,0.0,0,0
1766593548.419293,1766593548.362458,-861.81640625,-875.0,-876.46484375,-864.74609375,0.0,0,0
1766593548.4193301,1766593548.366356,545.8984375,525.87890625,502.9296875,541.9921875,0.0,0,0
1766593548.419369,1766593548.370254,-921.38671875,-918.45703125,-919.921875,-919.921875,0.0,0,0
1766593548.4194062,1766593548.374152,903.3203125,904.296875,906.73828125,904.296875,0.0,0,0
1766593548.419443,1766593548.3780499,983.3984375,983.3984375,981.93359375,983.88671875,0.0,0,0
1766593548.41948,1766593548.3819478,971.19140625,971.6796875,971.6796875,971.6796875,0.0,0,0
1766593548.419517,1766593548.3858457,971.19140625,971.6796875,971.6796875,971.6796875,0.0,0,0
1766593548.464119,1766593548.389862,971.19140625,971.6796875,971.6796875,971.6796875,0.0,0,0
1766593548.464252,1766593548.39376,971.19140625,971.6796875,971.6796875,971.6796875,0.0,0,0
1766593548.464291,1766593548.3976579,971.19140625,971.6796875,971.6796875,971.6796875,0.0,0,0
1766593548.464332,1766593548.4015558,971.19140625,971.6796875,971.6796875,971.6796875,0.0,0,0
1766593548.4643688,1766593548.4054537,971.19140625,971.6796875,971.6796875,971.6796875,0.0,0,0
1766593548.464407,1766593548.4093518,970.703125,971.6796875,971.6796875,971.6796875,0.0,0,0
1766593548.464443,1766593548.4132497,971.19140625,971.6796875,972.16796875,971.6796875,0.0,0,0
1766593548.46448,1766593548.4171476,984.86328125,985.3515625,975.09765625,984.86328125,0.0,0,0
1766593548.464517,1766593548.4210455,895.99609375,896.484375,907.2265625,896.97265625,0.0,0,0
1766593548.464554,1766593548.4249434,-898.92578125,-897.94921875,-893.5546875,-896.97265625,0.0,0,0
1766593548.464592,1766593548.4288416,479.4921875,479.98046875,253.41796875,467.7734375,0.0,0,0
1766593548.464628,1766593548.4327395,-947.265625,-947.265625,-1000.0,-953.61328125,0.0,0,0
1766593548.509034,1766593548.436753,-1000.0,-1000.0,-996.09375,-1000.0,0.0,0,0
1766593548.5091908,1766593548.440651,-949.70703125,-949.70703125,-967.7734375,-950.68359375,0.0,0,0
1766593548.509235,1766593548.444549,-1000.0,-1000.0,-1000.0,-1000.0,0.0,0,0
1766593548.509272,1766593548.448447,-1000.0,-1000.0,-1000.0,-1000.0,0.0,0,0
1766593548.509307,1766593548.452345,-1000.0,-1000.0,-1000.0,-1000.0,0.0,0,0
1766593548.509341,1766593548.4562428,-1000.0,-1000.0,-1000.0,-1000.0,0.0,0,0
1766593548.5093749,1766593548.460141,-1000.0,-1000.0,-1000.0,-1000.0,0.0,0,0
1766593548.509418,1766593548.4640388,-1000.0,-1000.0,-1000.0,-1000.0,0.0,0,0
1766593548.509452,1766593548.4679368,-1000.0,-1000.0,-1000.0,-1000.0,0.0,0,0
1766593548.509494,1766593548.4718347,-1000.0,-1000.0,-1000.0,-1000.0,0.0,0,0
1766593548.509546,1766593548.4757328,-1000.0,-1000.0,-1000.0,-1000.0,0.0,0,0
1766593548.509581,1766593548.4796307,-1000.0,-1000.0,-1000.0,-1000.0,0.0,0,0
1766593548.55391,1766593548.4836276,-1000.0,-1000.0,-1000.0,-1000.0,0.0,0,0
1766593548.554045,1766593548.4875255,-1000.0,-1000.0,-1000.0,-1000.0,0.0,0,0
1766593548.554087,1766593548.4914234,-1000.0,-1000.0,-1000.0,-1000.0,0.0,0,0
1766593548.554124,1766593548.4953215,-1000.0,-1000.0,-1000.0,-1000.0,0.0,0,0
1766593548.55416,1766593548.4992194,-1000.0,-1000.0,-1000.0,-1000.0,0.0,0,0
1766593548.554196,1766593548.5031173,-1000.0,-1000.0,-1000.0,-1000.0,0.0,0,0
1766593548.554231,1766593548.5070152,-1000.0,-1000.0,-1000.0,-1000.0,0.0,0,0
1766593548.554265,1766593548.5109134,-1000.0,-1000.0,-1000.0,-1000.0,0.0,0,0
1766593548.5542989,1766593548.5148113,-1000.0,-1000.0,-1000.0,-1000.0,0.0,0,0
1766593548.554333,1766593548.5187092,-937.5,-937.5,-929.6875,-937.5,0.0,0,0
1766593548.554369,1766593548.5226073,-1000.0,-1000.0,-1000.0,-1000.0,0.0,0,0
1766593548.554402,1766593548.5265052,-219.23828125,-218.75,-359.86328125,-219.23828125,0.0,0,0
1766593548.5978382,1766593548.5304966,-957.51953125,-957.03125,991.2109375,-957.03125,0.0,0,0
1766593548.597971,1766593548.5343947,954.58984375,955.56640625,979.00390625,955.56640625,0.0,0,0
1766593548.598013,1766593548.5382926,943.84765625,944.3359375,933.10546875,944.3359375,0.0,0,0
1766593548.598055,1766593548.5421906,978.02734375,978.515625,982.421875,978.515625,0.0,0,0
1766593548.598093,1766593548.5460887,971.19140625,971.6796875,971.6796875,971.6796875,0.0,0,0
1766593548.598131,1766593548.5499866,971.19140625,971.6796875,971.6796875,971.6796875,0.0,0,0
1766593548.5981681,1766593548.5538847,971.19140625,971.6796875,971.6796875,971.6796875,0.0,0,0
1766593548.5982049,1766593548.5577826,971.19140625,971.6796875,971.6796875,971.6796875,0.0,0,0
1766593548.598242,1766593548.5616806,975.09765625,975.5859375,983.88671875,976.07421875,0.0,0,0
1766593548.59828,1766593548.5655787,951.66015625,952.1484375,919.43359375,951.171875,0.0,0,0
1766593548.598316,1766593548.5694766,939.94140625,940.91796875,-975.09765625,942.3828125,0.0,0,0
1766593548.598353,1766593548.5733745,-930.6640625,-929.6875,810.05859375,-933.10546875,0.0,0,0
1766593548.641736,1766593548.577356,-117.67578125,-117.1875,-568.84765625,-129.39453125,0.0,0,0
1766593548.641825,1766593548.581254,-1000.0,-1000.0,-1000.0,-1000.0,0.0,0,0
1766593548.641866,1766593548.5851521,-946.2890625,-946.2890625,-937.5,-944.82421875,0.0,0,0
1766593548.641906,1766593548.58905,-995.1171875,-995.1171875,-1000.0,-996.09375,0.0,0,0
1766593548.6419442,1766593548.592948,-1000.0,-1000.0,-1000.0,-1000.0,0.0,0,0
1766593548.641979,1766593548.596846,-1000.0,-1000.0,-1000.0,-1000.0,0.0,0,0
1766593548.6420128,1766593548.600744,-1000.0,-1000.0,-1000.0,-1000.0,0.0,0,0
1766593548.64205,1766593548.6046422,-1000.0,-1000.0,-1000.0,-1000.0,0.0,0,0
1766593548.6420841,1766593548.60854,-1000.0,-1000.0,-1000.0,-1000.0,0.0,0,0
1766593548.6435058,1766593548.612438,-1000.0,-1000.0,-1000.0,-1000.0,0.0,0,0
1766593548.643549,1766593548.616336,-1000.0,-1000.0,-1000.0,-1000.0,0.0,0,0
1766593548.6435788,1766593548.620234,-1000.0,-1000.0,-1000.0,-1000.0,0.0,0,0
1766593548.687758,1766593548.6242115,-1000.0,-1000.0,-1000.0,-1000.0,0.0,0,0
1766593548.6879308,1766593548.6281097,-1000.0,-1000.0,-1000.0,-1000.0,0.0,0,0
1766593548.687988,1766593548.6320076,-1000.0,-1000.0,-1000.0,-1000.0,0.0,0,0
1766593548.6880262,1766593548.6359055,-1000.0,-1000.0,-1000.0,-1000.0,0.0,0,0
1766593548.688102,1766593548.6398036,-1000.0,-1000.0,-1000.0,-1000.0,0.0,0,0
1766593548.688142,1766593548.6437016,-1000.0,-1000.0,-1000.0,-1000.0,0.0,0,0
1766593548.6881769,1766593548.6475997,-1000.0,-1000.0,-1000.0,-1000.0,0.0,0,0
1766593548.688212,1766593548.6514976,-1000.0,-1000.0,-1000.0,-1000.0,0.0,0,0
1766593548.688245,1766593548.6553957,-1000.0,-1000.0,-1000.0,-1000.0,0.0,0,0
1766593548.688343,1766593548.6592937,-1000.0,-1000.0,-1000.0,-1000.0,0.0,0,0
1766593548.6884449,1766593548.6631918,-1000.0,-1000.0,-1000.0,-1000.0,0.0,0,0
1766593548.688562,1766593548.6670897,-1000.0,-1000.0,-1000.0,-1000.0,0.0,0,0
1766593548.73187,1766593548.671054,-1000.0,-1000.0,-1000.0,-1000.0,0.0,0,0
1766593548.73205,1766593548.6749518,-1000.0,-1000.0,-1000.0,-1000.0,0.0,0,0
1766593548.7321038,1766593548.67885,-1000.0,-1000.0,-1000.0,-1000.0,0.0,0,0
1766593548.732148,1766593548.6827478,-937.5,-937.5,-937.5,-937.5,0.0,0,0
1766593548.732209,1766593548.686646,-1000.0,-1000.0,-1000.0,-1000.0,0.0,0,0
1766593548.732254,1766593548.690544,-219.23828125,-218.75,-218.75,-218.75,0.0,0,0
1766593548.732341,1766593548.694442,-957.51953125,-957.03125,-956.54296875,-957.03125,0.0,0,0
1766593548.7324119,1766593548.69834,954.58984375,955.56640625,955.56640625,955.56640625,0.0,0,0
1766593548.732466,1766593548.702238,943.84765625,944.3359375,944.3359375,944.3359375,0.0,0,0
1766593548.7325041,1766593548.706136,977.5390625,978.515625,978.515625,978.515625,0.0,0,0
1766593548.7325492,1766593548.7100341,971.19140625,971.6796875,971.6796875,971.6796875,0.0,0,0
1766593548.732586,1766593548.713932,971.19140625,971.6796875,971.6796875,971.6796875,0.0,0,0
1766593548.791689,1766593548.7178884,970.703125,971.6796875,971.6796875,971.6796875,0.0,0,0
1766593548.791834,1766593548.7217865,971.19140625,971.6796875,971.6796875,971.6796875,0.0,0,0
1766593548.7918751,1766593548.7256844,971.19140625,971.6796875,971.6796875,971.6796875,0.0,0,0
1766593548.791915,1766593548.7295825,971.19140625,971.6796875,971.6796875,971.6796875,0.0,0,0
1766593548.791952,1766593548.7334805,971.19140625,971.6796875,972.16796875,971.6796875,0.0,0,0
1766593548.791989,1766593548.7373786,984.86328125,985.3515625,982.421875,986.328125,0.0,0,0
1766593548.792028,1766593548.7412765,916.50390625,917.48046875,903.3203125,912.59765625,0.0,0,0
1766593548.792066,1766593548.7451746,-976.07421875,-975.09765625,-910.64453125,-961.42578125,0.0,0,0
1766593548.7921128,1766593548.7490726,832.03125,833.0078125,477.05078125,782.71484375,0.0,0,0
1766593548.792158,1766593548.7529707,-575.68359375,-575.1953125,-910.64453125,-641.11328125,0.0,0,0
1766593548.792215,1766593548.7568686,-1000.0,-1000.0,-1000.0,-1000.0,0.0,0,0
1766593548.792259,1766593548.7607667,-933.10546875,-933.10546875,-951.66015625,-934.5703125,0.0,0,0
1766593548.836722,1766593548.764712,-1000.0,-1000.0,-1000.0,-1000.0,0.0,0,0
1766593548.836852,1766593548.7686102,-1000.0,-1000.0,-1000.0,-1000.0,0.0,0,0
1766593548.836908,1766593548.7725081,-1000.0,-1000.0,-1000.0,-1000.0,0.0,0,0
1766593548.8369558,1766593548.7764063,-1000.0,-1000.0,-1000.0,-1000.0,0.0,0,0
1766593548.837002,1766593548.7803042,-1000.0,-1000.0,-1000.0,-1000.0,0.0,0,0
1766593548.837048,1766593548.7842023,-1000.0,-1000.0,-1000.0,-1000.0,0.0,0,0
1766593548.837093,1766593548.7881002,-1000.0,-1000.0,-1000.0,-1000.0,0.0,0,0
1766593548.83714,1766593548.7919984,-1000.0,-1000.0,-1000.0,-1000.0,0.0,0,0
1766593548.837225,1766593548.7958965,-1000.0,-1000.0,-1000.0,-1000.0,0.0,0,0
1766593548.837261,1766593548.7997944,-1000.0,-1000.0,-1000.0,-1000.0,0.0,0,0
1766593548.837295,1766593548.8036926,-1000.0,-1000.0,-1000.0,-1000.0,0.0,0,0
1766593548.837328,1766593548.8075905,-1000.0,-1000.0,-1000.0,-1000.0,0.0,0,0
1766593548.882036,1766593548.8115945,-1000.0,-1000.0,-1000.0,-1000.0,0.0,0,0
1766593548.8822122,1766593548.8154926,-1000.0,-1000.0,-1000.0,-1000.0,0.0,0,0
1766593548.882265,1766593548.8193905,-1000.0,-1000.0,-1000.0,-1000.0,0.0,0,0
1766593548.882314,1766593548.8232887,-1000.0,-1000.0,-1000.0,-1000.0,0.0,0,0
1766593548.8823628,1766593548.8271866,-1000.0,-1000.0,-1000.0,-1000.0,0.0,0,0
1766593548.882421,1766593548.8310847,-1000.0,-1000.0,-1000.0,-1000.0,0.0,0,0
1766593548.8824651,1766593548.8349829,-1000.0,-1000.0,-1000.0,-1000.0,0.0,0,0
1766593548.882517,1766593548.8388808,-1000.0,-1000.0,-1000.0,-1000.0,0.0,0,0
1766593548.882561,1766593548.842779,-1000.0,-1000.0,-1000.0,-1000.0,0.0,0,0
1766593548.8826041,1766593548.8466768,-1000.0,-1000.0,-1000.0,-1000.0,0.0,0,0
1766593548.882646,1766593548.850575,-1000.0,-1000.0,-1000.0,-1000.0,0.0,0,0
1766593548.8827069,1766593548.854473,-1000.0,-1000.0,-1000.0,-1000.0,0.0,0,0
1766593548.940369,1766593548.858473,-1000.0,-1000.0,-1000.0,-1000.0,0.0,0,0
1766593548.94052,1766593548.8623712,-1000.0,-1000.0,-1000.0,-1000.0,0.0,0,0
1766593548.940574,1766593548.866269,-1000.0,-1000.0,-1000.0,-1000.0,0.0,0,0
1766593548.940622,1766593548.8701673,-937.5,-937.5,-937.5,-937.5,0.0,0,0
1766593548.940682,1766593548.8740654,-1000.0,-1000.0,-1000.0,-1000.0,0.0,0,0
1766593548.940728,1766593548.8779633,-219.23828125,-218.75,-219.23828125,-218.75,0.0,0,0
1766593548.940779,1766593548.8818614,-957.51953125,-957.03125,-957.03125,-957.03125,0.0,0,0
1766593548.94083,1766593548.8857596,954.58984375,955.56640625,955.56640625,955.56640625,0.0,0,0
1766593548.940883,1766593548.8896575,943.84765625,944.3359375,944.3359375,944.3359375,0.0,0,0
1766593548.940934,1766593548.8935556,978.02734375,978.515625,978.515625,978.515625,0.0,0,0
1766593548.940984,1766593548.8974535,971.19140625,971.6796875,971.6796875,971.6796875,0.0,0,0
1766593548.941046,1766593548.9013517,971.19140625,971.6796875,971.6796875,971.6796875,0.0,0,0
1766593548.972506,1766593548.9053385,970.703125,971.6796875,971.6796875,971.6796875,0.0,0,0
1766593548.972678,1766593548.9092367,971.19140625,971.6796875,971.6796875,971.6796875,0.0,0,0
1766593548.9727418,1766593548.9131348,971.19140625,972.16796875,971.6796875,971.6796875,0.0,0,0
1766593548.9727979,1766593548.917033,971.19140625,971.6796875,971.6796875,971.6796875,0.0,0,0
1766593548.9728498,1766593548.9209309,971.19140625,971.6796875,971.6796875,971.6796875,0.0,0,0
1766593548.9729018,1766593548.924829,971.19140625,971.6796875,972.16796875,971.6796875,0.0,0,0
1766593548.972953,1766593548.9287271,987.3046875,987.79296875,977.05078125,987.79296875,0.0,0,0
1766593548.973004,1766593548.932625,896.484375,896.97265625,905.76171875,896.97265625,0.0,0,0
1766593548.973055,1766593548.9365232,-909.66796875,-908.69140625,-898.4375,-908.69140625,0.0,0,0
1766593548.973109,1766593548.9404213,567.3828125,568.359375,312.01171875,568.359375,0.0,0,0
1766593548.9731681,1766593548.9443192,-891.11328125,-891.11328125,-1000.0,-891.11328125,0.0,0,0
1766593548.973236,1766593548.9482174,-1000.0,-1000.0,-1000.0,-1000.0,0.0,0,0
1766593549.017826,1766593548.9522007,-942.3828125,-942.3828125,-962.890625,-942.3828125,0.0,0,0
1766593549.018032,1766593548.9560988,-1000.0,-1000.0,-1000.0,-1000.0,0.0,0,0
1766593549.018108,1766593548.959997,-1000.0,-1000.0,-1000.0,-1000.0,0.0,0,0
1766593549.0181692,1766593548.9638948,-1000.0,-1000.0,-1000.0,-1000.0,0.0,0,0
1766593549.01823,1766593548.967793,-1000.0,-1000.0,-1000.0,-1000.0,0.0,0,0
1766593549.018292,1766593548.9716911,-1000.0,-1000.0,-1000.0,-1000.0,0.0,0,0
1766593549.0183449,1766593548.9755893,-1000.0,-1000.0,-1000.0,-1000.0,0.0,0,0
1766593549.018401,1766593548.9794872,-1000.0,-1000.0,-1000.0,-1000.0,0.0,0,0
1766593549.018446,1766593548.9833853,-1000.0,-1000.0,-1000.0,-1000.0,0.0,0,0
1766593549.0185049,1766593548.9872835,-1000.0,-1000.0,-1000.0,-1000.0,0.0,0,0
1766593549.018549,1766593548.9911816,-1000.0,-1000.0,-1000.0,-1000.0,0.0,0,0
1766593549.0188851,1766593548.9950795,-1000.0,-1000.0,-1000.0,-1000.0,0.0,0,0
1766593549.062578,1766593548.9990559,-1000.0,-1000.0,-1000.0,-1000.0,0.0,0,0
1766593549.062716,1766593549.002954,-1000.0,-1000.0,-1000.0,-1000.0,0.0,0,0
1766593549.062757,1766593549.006852,-1000.0,-1000.0,-1000.0,-1000.0,0.0,0,0
1766593549.062793,1766593549.01075,-1000.0,-1000.0,-1000.0,-1000.0,0.0,0,0
1766593549.062827,1766593549.0146482,-934.5703125,-926.26953125,-937.5,-934.5703125,0.0,0,0
1766593549.062866,1766593549.0185463,-1000.0,-1000.0,-1000.0,-1000.0,0.0,0,0
1766593549.062901,1766593549.0224445,-736.328125,-470.703125,-760.25390625,-736.328125,0.0,0,0
1766593549.062939,1766593549.0263424,709.47265625,938.4765625,673.33984375,710.44921875,0.0,0,0
1766593549.062977,1766593549.0302405,-945.80078125,-1000.0,-940.91796875,-945.3125,0.0,0,0
1766593549.0630138,1766593549.0341387,906.73828125,924.31640625,907.2265625,907.71484375,0.0,0,0
1766593549.063052,1766593549.0380368,986.328125,985.3515625,985.83984375,986.81640625,0.0,0,0
1766593549.063089,1766593549.0419347,971.19140625,971.6796875,971.6796875,971.6796875,0.0,0,0
1766593549.1202629,1766593549.045905,970.703125,971.6796875,971.6796875,971.6796875,0.0,0,0
1766593549.1204422,1766593549.0498033,970.703125,972.16796875,971.6796875,971.6796875,0.0,0,0
1766593549.120502,1766593549.0537014,970.703125,971.6796875,971.6796875,971.6796875,0.0,0,0
1766593549.120556,1766593549.0575993,970.703125,971.6796875,972.16796875,971.6796875,0.0,0,0
1766593549.1206121,1766593549.0614974,984.86328125,985.3515625,978.02734375,985.83984375,0.0,0,0
1766593549.120665,1766593549.0653956,916.50390625,917.48046875,906.25,914.55078125,0.0,0,0
1766593549.120717,1766593549.0692937,-976.07421875,-975.5859375,-903.3203125,-965.8203125,0.0,0,0
1766593549.12077,1766593549.073192,832.51953125,833.0078125,357.421875,798.828125,0.0,0,0
1766593549.1208389,1766593549.0770898,-575.1953125,-575.1953125,-974.12109375,-620.1171875,0.0,0,0
1766593549.1208909,1766593549.080988,-1000.0,-1000.0,-1000.0,-1000.0,0.0,0,0
1766593549.120942,1766593549.084886,-933.10546875,-933.10546875,-960.44921875,-934.08203125,0.0,0,0
1766593549.120991,1766593549.0887842,-1000.0,-1000.0,-1000.0,-1000.0,0.0,0,0
1766593549.16642,1766593549.092738,-1000.0,-1000.0,-1000.0,-1000.0,0.0,0,0
1766593549.1665668,1766593549.096636,-1000.0,-1000.0,-1000.0,-1000.0,0.0,0,0
1766593549.166678,1766593549.1005342,-1000.0,-1000.0,-1000.0,-1000.0,0.0,0,0
1766593549.166815,1766593549.1044323,-1000.0,-1000.0,-1000.0,-1000.0,0.0,0,0
1766593549.167285,1766593549.1083305,-1000.0,-1000.0,-1000.0,-1000.0,0.0,0,0
1766593549.167383,1766593549.1122286,-1000.0,-1000.0,-1000.0,-1000.0,0.0,0,0
1766593549.1674528,1766593549.1161265,-1000.0,-1000.0,-1000.0,-1000.0,0.0,0,0
1766593549.167496,1766593549.1200247,-1000.0,-1000.0,-1000.0,-1000.0,0.0,0,0
1766593549.167583,1766593549.1239228,-1000.0,-1000.0,-1000.0,-1000.0,0.0,0,0
1766593549.16765,1766593549.127821,-1000.0,-1000.0,-1000.0,-1000.0,0.0,0,0
1766593549.167684,1766593549.131719,-1000.0,-1000.0,-1000.0,-1000.0,0.0,0,0
1766593549.167722,1766593549.1356173,-1000.0,-1000.0,-1000.0,-1000.0,0.0,0,0
1766593549.211874,1766593549.1395667,-1000.0,-1000.0,-1000.0,-1000.0,0.0,0,0
1766593549.212068,1766593549.1434648,-1000.0,-1000.0,-1000.0,-1000.0,0.0,0,0
1766593549.2121348,1766593549.147363,-1000.0,-1000.0,-1000.0,-1000.0,0.0,0,0
1766593549.212183,1766593549.1512609,-1000.0,-1000.0,-1000.0,-1000.0,0.0,0,0
1766593549.212233,1766593549.155159,-1000.0,-1000.0,-1000.0,-1000.0,0.0,0,0
1766593549.212279,1766593549.1590571,-1000.0,-1000.0,-1000.0,-1000.0,0.0,0,0
1766593549.212325,1766593549.1629553,-1000.0,-1000.0,-1000.0,-1000.0,0.0,0,0
1766593549.21237,1766593549.1668534,-1000.0,-1000.0,-1000.0,-1000.0,0.0,0,0
1766593549.212427,1766593549.1707516,-1000.0,-1000.0,-1000.0,-1000.0,0.0,0,0
1766593549.2124732,1766593549.1746497,-1000.0,-1000.0,-1000.0,-1000.0,0.0,0,0
1766593549.212519,1766593549.1785476,-1000.0,-1000.0,-1000.0,-1000.0,0.0,0,0
1766593549.212564,1766593549.1824458,-1000.0,-1000.0,-1000.0,-1000.0,0.0,0,0
1766593549.258362,1766593549.186459,-1000.0,-1000.0,-1000.0,-1000.0,0.0,0,0
1766593549.2584589,1766593549.1903572,-1000.0,-1000.0,-1000.0,-1000.0,0.0,0,0
1766593549.258497,1766593549.1942554,-966.30859375,-958.984375,-975.5859375,-971.6796875,0.0,0,0
1766593549.258537,1766593549.1981535,-1000.0,-1000.0,-979.98046875,-987.3046875,0.0,0,0
1766593549.2585752,1766593549.2020516,-1000.0,-974.12109375,-1000.0,-1000.0,0.0,0,0
1766593549.25861,1766593549.2059498,277.83203125,373.046875,159.66796875,208.0078125,0.0,0,0
1766593549.2586482,1766593549.2098477,-895.99609375,-901.3671875,-891.6015625,-890.625,0.0,0,0
1766593549.2586849,1766593549.2137458,906.25,904.78515625,911.62109375,908.69140625,0.0,0,0
1766593549.258723,1766593549.217644,974.609375,979.4921875,970.703125,973.14453125,0.0,0,0
1766593549.258759,1766593549.2215421,971.19140625,971.6796875,972.16796875,972.16796875,0.0,0,0
1766593549.2588,1766593549.2254403,971.19140625,971.6796875,971.6796875,971.6796875,0.0,0,0
1766593549.258858,1766593549.2293384,971.19140625,971.6796875,971.6796875,971.6796875,0.0,0,0
1766593549.30305,1766593549.2333388,971.19140625,972.16796875,971.6796875,972.16796875,0.0,0,0
1766593549.303188,1766593549.237237,971.19140625,971.6796875,971.6796875,971.6796875,0.0,0,0
1766593549.30323,1766593549.2411351,971.19140625,971.6796875,971.6796875,971.6796875,0.0,0,0
1766593549.3032682,1766593549.2450333,971.19140625,971.6796875,971.6796875,971.6796875,0.0,0,0
1766593549.3033102,1766593549.2489314,970.703125,971.6796875,971.6796875,971.6796875,0.0,0,0
1766593549.3033469,1766593549.2528296,971.19140625,971.6796875,971.6796875,971.6796875,0.0,0,0
1766593549.3033931,1766593549.2567277,971.19140625,971.6796875,971.6796875,971.6796875,0.0,0,0
1766593549.3034298,1766593549.2606258,984.86328125,982.91015625,981.93359375,985.3515625,0.0,0,0
1766593549.303467,1766593549.264524,916.50390625,929.19921875,908.69140625,917.48046875,0.0,0,0
1766593549.303504,1766593549.2684221,-976.5625,993.65234375,-929.19921875,-975.5859375,0.0,0,0
1766593549.30354,1766593549.2723203,833.49609375,933.10546875,553.7109375,833.0078125,0.0,0,0
1766593549.3035772,1766593549.2762184,-573.73046875,-420.41015625,-818.84765625,-575.1953125,0.0,0,0
1766593549.346813,1766593549.2802055,-1000.0,-1000.0,-1000.0,-1000.0,0.0,0,0
1766593549.346935,1766593549.2841036,-933.10546875,-933.10546875,-949.21875,-933.10546875,0.0,0,0
1766593549.346976,1766593549.288002,-1000.0,-1000.0,-1000.0,-1000.0,0.0,0,0
1766593549.347012,1766593549.2919002,-1000.0,-1000.0,-1000.0,-1000.0,0.0,0,0
1766593549.347051,1766593549.2957983,-1000.0,-1000.0,-1000.0,-1000.0,0.0,0,0
1766593549.3470862,1766593549.2996964,-1000.0,-1000.0,-1000.0,-1000.0,0.0,0,0
1766593549.347119,1766593549.3035946,-1000.0,-1000.0,-1000.0,-1000.0,0.0,0,0
1766593549.347153,1766593549.3074927,-1000.0,-1000.0,-1000.0,-1000.0,0.0,0,0
1766593549.347187,1766593549.3113909,-1000.0,-1000.0,-1000.0,-1000.0,0.0,0,0
1766593549.34722,1766593549.315289,-1000.0,-1000.0,-1000.0,-1000.0,0.0,0,0
1766593549.347253,1766593549.3191872,-1000.0,-1000.0,-1000.0,-1000.0,0.0,0,0
1766593549.347285,1766593549.3230853,-1000.0,-1000.0,-1000.0,-1000.0,0.0,0,0
1766593549.3918562,1766593549.3270621,-1000.0,-1000.0,-1000.0,-1000.0,0.0,0,0
1766593549.391944,1766593549.3309603,-1000.0,-1000.0,-1000.0,-1000.0,0.0,0,0
1766593549.3919759,1766593549.3348587,-1000.0,-1000.0,-1000.0,-1000.0,0.0,0,0
1766593549.3920178,1766593549.3387568,-1000.0,-1000.0,-1000.0,-1000.0,0.0,0,0
1766593549.392205,1766593549.342655,-1000.0,-1000.0,-1000.0,-1000.0,0.0,0,0
1766593549.392256,1766593549.346553,-1000.0,-1000.0,-1000.0,-1000.0,0.0,0,0
1766593549.392287,1766593549.3504512,-1000.0,-1000.0,-1000.0,-1000.0,0.0,0,0
1766593549.3923159,1766593549.3543494,-1000.0,-1000.0,-1000.0,-1000.0,0.0,0,0
1766593549.3923461,1766593549.3582475,-1000.0,-1000.0,-1000.0,-1000.0,0.0,0,0
1766593549.392374,1766593549.3621457,-1000.0,-1000.0,-1000.0,-1000.0,0.0,0,0
1766593549.392402,1766593549.3660438,-1000.0,-1000.0,-1000.0,-1000.0,0.0,0,0
1766593549.39243,1766593549.369942,-1000.0,-1000.0,-1000.0,-1000.0,0.0,0,0
1766593549.4375029,1766593549.3739166,-1000.0,-1000.0,-1000.0,-1000.0,0.0,0,0
1766593549.437597,1766593549.3778148,-1000.0,-1000.0,-1000.0,-1000.0,0.0,0,0
1766593549.437637,1766593549.381713,-1000.0,-1000.0,-1000.0,-1000.0,0.0,0,0
1766593549.4376729,1766593549.385611,-937.5,-937.5,-937.5,-937.5,0.0,0,0
1766593549.4377222,1766593549.3895092,-1000.0,-1000.0,-1000.0,-1000.0,0.0,0,0
1766593549.437758,1766593549.3934073,-219.23828125,-218.75,-218.75,-218.75,0.0,0,0
1766593549.4377952,1766593549.3973055,-957.51953125,-957.03125,-957.03125,-957.03125,0.0,0,0
1766593549.4378371,1766593549.4012036,954.58984375,955.56640625,955.56640625,955.078125,0.0,0,0
1766593549.437876,1766593549.4051018,943.84765625,944.3359375,944.3359375,944.3359375,0.0,0,0
1766593549.4379141,1766593549.409,977.5390625,978.515625,978.515625,978.515625,0.0,0,0
1766593549.437951,1766593549.4128983,971.19140625,972.16796875,971.6796875,971.6796875,0.0,0,0
1766593549.4379892,1766593549.4167964,971.19140625,971.6796875,971.6796875,971.6796875,0.0,0,0
1766593549.4956002,1766593549.420759,971.19140625,971.6796875,971.6796875,971.6796875,0.0,0,0
1766593549.495764,1766593549.4246573,971.19140625,972.16796875,971.6796875,971.6796875,0.0,0,0
1766593549.4958389,1766593549.4285555,971.19140625,971.6796875,971.6796875,971.6796875,0.0,0,0
1766593549.495906,1766593549.4324536,971.19140625,971.6796875,971.6796875,971.6796875,0.0,0,0
1766593549.495971,1766593549.4363518,971.19140625,971.6796875,971.6796875,971.6796875,0.0,0,0
1766593549.496037,1766593549.44025,971.19140625,971.6796875,971.6796875,971.6796875,0.0,0,0
1766593549.49611,1766593549.444148,971.19140625,971.6796875,971.6796875,971.6796875,0.0,0,0
1766593549.496175,1766593549.4480462,971.19140625,971.6796875,971.6796875,971.6796875,0.0,0,0
1766593549.496238,1766593549.4519444,971.19140625,971.6796875,971.6796875,971.6796875,0.0,0,0
1766593549.4963012,1766593549.4558427,971.19140625,971.6796875,971.6796875,971.6796875,0.0,0,0
1766593549.496364,1766593549.4597409,971.19140625,971.6796875,971.6796875,971.6796875,0.0,0,0
1766593549.4964259,1766593549.463639,971.19140625,971.6796875,971.6796875,971.6796875,0.0,0,0
1766593549.540676,1766593549.4675932,971.19140625,971.6796875,971.6796875,971.6796875,0.0,0,0
1766593549.540786,1766593549.4714913,984.86328125,985.3515625,985.83984375,985.3515625,0.0,0,0
1766593549.5408158,1766593549.4753895,916.50390625,917.48046875,909.66796875,917.48046875,0.0,0,0
1766593549.540842,1766593549.4792876,-976.07421875,-975.09765625,-949.21875,-975.5859375,0.0,0,0
1766593549.540867,1766593549.483186,832.51953125,833.0078125,721.6796875,833.0078125,0.0,0,0
1766593549.540891,1766593549.4870842,-575.1953125,-575.1953125,-702.1484375,-575.1953125,0.0,0,0
1766593549.540915,1766593549.4909823,-1000.0,-1000.0,-1000.0,-1000.0,0.0,0,0
1766593549.540957,1766593549.4948804,-933.10546875,-933.10546875,-937.5,-933.10546875,0.0,0,0
1766593549.540982,1766593549.4987786,-1000.0,-1000.0,-1000.0,-1000.0,0.0,0,0
1766593549.541006,1766593549.5026767,-1000.0,-1000.0,-1000.0,-1000.0,0.0,0,0
1766593549.541027,1766593549.506575,-1000.0,-1000.0,-1000.0,-1000.0,0.0,0,0
1766593549.5410502,1766593549.5104733,-1000.0,-1000.0,-1000.0,-1000.0,0.0,0,0
1766593549.600333,1766593549.5144882,-1000.0,-1000.0,-1000.0,-1000.0,0.0,0,0
1766593549.6005352,1766593549.5183864,-1000.0,-1000.0,-1000.0,-1000.0,0.0,0,0
1766593549.600607,1766593549.5222845,-1000.0,-1000.0,-1000.0,-1000.0,0.0,0,0
1766593549.600671,1766593549.5261827,-1000.0,-1000.0,-1000.0,-1000.0,0.0,0,0
1766593549.600733,1766593549.530081,-1000.0,-1000.0,-1000.0,-1000.0,0.0,0,0
1766593549.600797,1766593549.5339792,-1000.0,-1000.0,-1000.0,-1000.0,0.0,0,0
1766593549.600859,1766593549.5378773,-1000.0,-1000.0,-1000.0,-1000.0,0.0,0,0
1766593549.60093,1766593549.5417755,-1000.0,-1000.0,-1000.0,-1000.0,0.0,0,0
1766593549.600988,1766593549.5456738,-1000.0,-1000.0,-1000.0,-1000.0,0.0,0,0
1766593549.601058,1766593549.549572,-1000.0,-1000.0,-1000.0,-1000.0,0.0,0,0
1766593549.601127,1766593549.5534701,-1000.0,-1000.0,-1000.0,-1000.0,0.0,0,0
1766593549.601187,1766593549.5573683,-1000.0,-1000.0,-1000.0,-1000.0,0.0,0,0
1766593549.631739,1766593549.5613692,-1000.0,-1000.0,-1000.0,-1000.0,0.0,0,0
1766593549.631839,1766593549.5652673,-1000.0,-1000.0,-1000.0,-1000.0,0.0,0,0
1766593549.631891,1766593549.5691655,-1000.0,-1000.0,-1000.0,-1000.0,0.0,0,0
1766593549.6319401,1766593549.5730636,-1000.0,-1000.0,-1000.0,-1000.0,0.0,0,0
1766593549.6319869,1766593549.576962,-937.5,-937.5,-937.5,-937.5,0.0,0,0
1766593549.6320379,1766593549.5808601,-1000.0,-1000.0,-1000.0,-1000.0,0.0,0,0
1766593549.632076,1766593549.5847583,-219.23828125,-218.75,-223.14453125,-218.75,0.0,0,0
1766593549.632113,1766593549.5886564,-957.51953125,-956.54296875,-958.49609375,-957.03125,0.0,0,0
1766593549.632153,1766593549.5925548,954.58984375,955.56640625,956.0546875,955.56640625,0.0,0,0
1766593549.63219,1766593549.596453,943.84765625,944.3359375,943.84765625,944.3359375,0.0,0,0
1766593549.6322281,1766593549.600351,978.02734375,978.515625,979.00390625,978.515625,0.0,0,0
1766593549.6322649,1766593549.6042492,971.19140625,971.6796875,971.6796875,971.6796875,0.0,0,0
1766593549.7058508,1766593549.6083057,971.19140625,971.6796875,971.6796875,971.6796875,0.0,0,0
1766593549.705958,1766593549.6122038,970.703125,971.6796875,972.16796875,971.6796875,0.0,0,0
1766593549.705986,1766593549.616102,971.19140625,971.6796875,971.6796875,971.6796875,0.0,0,0
1766593549.706012,1766593549.6200004,971.19140625,971.6796875,971.6796875,971.6796875,0.0,0,0
1766593549.7060611,1766593549.6238985,971.19140625,971.6796875,971.6796875,971.6796875,0.0,0,0
1766593549.706109,1766593549.6277966,971.19140625,971.6796875,971.6796875,971.6796875,0.0,0,0
1766593549.7061682,1766593549.631695,971.19140625,971.6796875,971.6796875,971.6796875,0.0,0,0
1766593549.706197,1766593549.6355932,971.19140625,971.6796875,971.6796875,971.6796875,0.0,0,0
1766593549.706238,1766593549.6394913,970.703125,972.16796875,971.6796875,971.6796875,0.0,0,0
1766593549.70629,1766593549.6433897,972.16796875,972.65625,978.515625,973.14453125,0.0,0,0
1766593549.706343,1766593549.6472878,964.84375,966.796875,941.89453125,963.8671875,0.0,0,0
1766593549.706374,1766593549.651186,918.45703125,917.48046875,970.703125,921.38671875,0.0,0,0
1766593549.721065,1766593549.6551752,-899.90234375,-896.97265625,967.7734375,-902.34375,0.0,0,0
1766593549.72115,1766593549.6590736,70.80078125,88.37890625,-251.953125,47.36328125,0.0,0,0
1766593549.721178,1766593549.6629717,-1000.0,-1000.0,-1000.0,-1000.0,0.0,0,0
1766593549.721201,1766593549.6668699,-967.28515625,-969.7265625,-949.70703125,-964.35546875,0.0,0,0
1766593549.721227,1766593549.6707683,-982.421875,-980.95703125,-997.55859375,-983.88671875,0.0,0,0
1766593549.7212858,1766593549.6746664,-1000.0,-1000.0,-1000.0,-1000.0,0.0,0,0
1766593549.7213461,1766593549.6785648,-1000.0,-1000.0,-1000.0,-1000.0,0.0,0,0
1766593549.721401,1766593549.682463,-1000.0,-1000.0,-1000.0,-1000.0,0.0,0,0
1766593549.7214231,1766593549.686361,-1000.0,-1000.0,-1000.0,-1000.0,0.0,0,0
1766593549.721445,1766593549.6902595,-1000.0,-1000.0,-1000.0,-1000.0,0.0,0,0
1766593549.7215,1766593549.6941576,-1000.0,-1000.0,-1000.0,-1000.0,0.0,0,0
1766593549.721527,1766593549.6980557,-1000.0,-1000.0,-1000.0,-1000.0,0.0,0,0
1766593549.766709,1766593549.7020383,-1000.0,-1000.0,-1000.0,-1000.0,0.0,0,0
1766593549.766827,1766593549.7059364,-1000.0,-1000.0,-1000.0,-1000.0,0.0,0,0
1766593549.766853,1766593549.7098348,-1000.0,-1000.0,-1000.0,-1000.0,0.0,0,0
1766593549.766877,1766593549.713733,-1000.0,-1000.0,-1000.0,-1000.0,0.0,0,0
1766593549.7668989,1766593549.717631,-1000.0,-1000.0,-1000.0,-1000.0,0.0,0,0
1766593549.766921,1766593549.7215295,-1000.0,-1000.0,-1000.0,-1000.0,0.0,0,0
1766593549.766942,1766593549.7254276,-1000.0,-1000.0,-1000.0,-1000.0,0.0,0,0
1766593549.766964,1766593549.729326,-1000.0,-1000.0,-1000.0,-1000.0,0.0,0,0
1766593549.766985,1766593549.7332242,-1000.0,-1000.0,-1000.0,-1000.0,0.0,0,0
1766593549.76701,1766593549.7371225,-1000.0,-1000.0,-1000.0,-1000.0,0.0,0,0
1766593549.7670321,1766593549.7410207,-1000.0,-1000.0,-1000.0,-1000.0,0.0,0,0
1766593549.767327,1766593549.7449188,-932.12890625,-937.5,-930.6640625,-931.15234375,0.0,0,0
1766593549.825243,1766593549.7488961,-1000.0,-1000.0,-1000.0,-1000.0,0.0,0,0
1766593549.825354,1766593549.7527943,-309.5703125,-218.75,-336.9140625,-318.359375,0.0,0,0
1766593549.825384,1766593549.7566926,-988.76953125,-957.03125,-1000.0,-990.72265625,0.0,0,0
1766593549.825409,1766593549.7605908,969.23828125,955.56640625,975.09765625,971.6796875,0.0,0,0
1766593549.825435,1766593549.7644892,936.5234375,944.3359375,935.05859375,936.5234375,0.0,0,0
1766593549.825459,1766593549.7683873,980.46875,978.515625,981.93359375,981.4453125,0.0,0,0
1766593549.825484,1766593549.7722857,971.19140625,971.6796875,971.6796875,971.6796875,0.0,0,0
1766593549.825508,1766593549.7761838,971.19140625,971.6796875,971.6796875,971.6796875,0.0,0,0
1766593549.825532,1766593549.780082,971.19140625,971.6796875,971.6796875,971.6796875,0.0,0,0
1766593549.825557,1766593549.7839804,971.19140625,971.6796875,971.6796875,971.6796875,0.0,0,0
1766593549.8255801,1766593549.7878785,971.19140625,971.6796875,971.6796875,971.6796875,0.0,0,0
1766593549.8256042,1766593549.791777,971.19140625,971.6796875,971.6796875,971.6796875,0.0,0,0
1766593549.857065,1766593549.795739,971.19140625,971.6796875,971.6796875,971.6796875,0.0,0,0
1766593549.857143,1766593549.7996373,971.19140625,971.6796875,971.6796875,971.6796875,0.0,0,0
1766593549.857182,1766593549.8035355,971.19140625,971.6796875,971.6796875,971.6796875,0.0,0,0
1766593549.8572218,1766593549.8074338,970.703125,971.6796875,971.6796875,971.6796875,0.0,0,0
1766593549.8572621,1766593549.811332,971.19140625,971.6796875,971.6796875,971.6796875,0.0,0,0
1766593549.8572989,1766593549.8152304,971.19140625,971.6796875,971.6796875,971.6796875,0.0,0,0
1766593549.857337,1766593549.8191285,970.703125,971.6796875,971.6796875,971.6796875,0.0,0,0
1766593549.857374,1766593549.823027,971.19140625,971.6796875,971.6796875,971.6796875,0.0,0,0
1766593549.8574111,1766593549.826925,971.19140625,971.6796875,971.6796875,971.6796875,0.0,0,0
1766593549.8574479,1766593549.8308234,971.19140625,971.6796875,971.6796875,971.6796875,0.0,0,0
1766593549.857493,1766593549.8347216,971.19140625,971.6796875,971.6796875,971.6796875,0.0,0,0
1766593549.8575418,1766593549.83862,971.19140625,971.6796875,971.6796875,971.6796875,0.0,0,0
1766593549.916699,1766593549.8425727,970.703125,971.6796875,971.6796875,971.6796875,0.0,0,0
1766593549.9168088,1766593549.8464708,970.703125,971.6796875,971.6796875,971.6796875,0.0,0,0
1766593549.9168682,1766593549.8503692,971.19140625,971.6796875,971.6796875,971.6796875,0.0,0,0
1766593549.91692,1766593549.8542674,970.703125,971.6796875,971.6796875,971.6796875,0.0,0,0
1766593549.91697,1766593549.8581657,971.19140625,972.16796875,971.6796875,971.6796875,0.0,0,0
1766593549.917021,1766593549.862064,971.19140625,971.6796875,971.6796875,971.6796875,0.0,0,0
1766593549.917071,1766593549.8659623,971.19140625,971.6796875,971.6796875,971.6796875,0.0,0,0
1766593549.917121,1766593549.8698606,970.703125,971.6796875,971.6796875,971.6796875,0.0,0,0
1766593549.917185,1766593549.8737588,970.703125,971.6796875,971.6796875,971.6796875,0.0,0,0
1766593549.917234,1766593549.8776572,971.19140625,971.6796875,971.6796875,971.6796875,0.0,0,0
1766593549.917284,1766593549.8815553,970.703125,971.6796875,971.6796875,971.6796875,0.0,0,0
1766593549.917333,1766593549.8854537,971.19140625,971.6796875,971.6796875,971.6796875,0.0,0,0
1766593549.962253,1766593549.8894672,971.19140625,971.19140625,971.6796875,971.6796875,0.0,0,0
1766593549.962389,1766593549.8933654,970.703125,971.6796875,971.6796875,971.19140625,0.0,0,0
1766593549.962431,1766593549.8972638,971.19140625,971.6796875,971.6796875,971.6796875,0.0,0,0
1766593549.9624698,1766593549.9011621,971.19140625,971.6796875,971.6796875,971.6796875,0.0,0,0
1766593549.962511,1766593549.9050603,986.328125,987.3046875,984.86328125,986.81640625,0.0,0,0
1766593549.962549,1766593549.9089587,905.2734375,906.25,919.43359375,908.203125,0.0,0,0
1766593549.96259,1766593549.9128568,-941.89453125,-943.359375,-980.46875,-947.75390625,0.0,0,0
1766593549.9626281,1766593549.9167552,707.03125,714.84375,849.609375,731.93359375,0.0,0,0
1766593549.9626648,1766593549.9206536,-739.2578125,-729.4921875,-549.31640625,-707.03125,0.0,0,0
1766593549.962729,1766593549.9245517,-1000.0,-1000.0,-1000.0,-1000.0,0.0,0,0
1766593549.962764,1766593549.92845,-936.03515625,-936.03515625,-933.10546875,-935.546875,0.0,0,0
1766593549.962801,1766593549.9323483,-1000.0,-1000.0,-1000.0,-1000.0,0.0,0,0
1766593550.006475,1766593549.9363492,-1000.0,-1000.0,-1000.0,-1000.0,0.0,0,0
1766593550.00662,1766593549.9402475,-1000.0,-1000.0,-1000.0,-1000.0,0.0,0,0
1766593550.0066738,1766593549.944146,-1000.0,-1000.0,-1000.0,-1000.0,0.0,0,0
1766593550.006722,1766593549.948044,-1000.0,-1000.0,-1000.0,-1000.0,0.0,0,0
1766593550.00677,1766593549.9519424,-1000.0,-1000.0,-1000.0,-1000.0,0.0,0,0
1766593550.006827,1766593549.9558408,-1000.0,-1000.0,-1000.0,-1000.0,0.0,0,0
1766593550.0068731,1766593549.959739,-1000.0,-1000.0,-1000.0,-1000.0,0.0,0,0
1766593550.006919,1766593549.9636374,-1000.0,-1000.0,-1000.0,-1000.0,0.0,0,0
1766593550.006964,1766593549.9675357,-1000.0,-1000.0,-1000.0,-1000.0,0.0,0,0
1766593550.007009,1766593549.9714339,-1000.0,-1000.0,-1000.0,-1000.0,0.0,0,0
1766593550.007054,1766593549.9753323,-1000.0,-1000.0,-1000.0,-1000.0,0.0,0,0
1766593550.007118,1766593549.9792304,-1000.0,-1000.0,-1000.0,-1000.0,0.0,0,0
1766593550.051904,1766593549.9832225,-1000.0,-1000.0,-1000.0,-1000.0,0.0,0,0
1766593550.051991,1766593549.9871206,-1000.0,-1000.0,-1000.0,-1000.0,0.0,0,0
1766593550.0520399,1766593549.991019,-1000.0,-1000.0,-1000.0,-1000.0,0.0,0,0
1766593550.0521789,1766593549.9949174,-1000.0,-1000.0,-1000.0,-1000.0,0.0,0,0
1766593550.052233,1766593549.9988155,-1000.0,-1000.0,-1000.0,-1000.0,0.0,0,0
1766593550.0522711,1766593550.002714,-1000.0,-1000.0,-1000.0,-1000.0,0.0,0,0
1766593550.052305,1766593550.0066123,-1000.0,-1000.0,-1000.0,-1000.0,0.0,0,0
1766593550.0523388,1766593550.0105104,-1000.0,-1000.0,-1000.0,-1000.0,0.0,0,0
1766593550.0523741,1766593550.0144088,-1000.0,-1000.0,-1000.0,-1000.0,0.0,0,0
1766593550.052408,1766593550.0183072,-927.24609375,-927.24609375,-933.10546875,-927.24609375,0.0,0,0
1766593550.052448,1766593550.0222054,-1000.0,-1000.0,-1000.0,-1000.0,0.0,0,0
1766593550.052481,1766593550.0261037,-415.52734375,-415.0390625,-341.796875,-415.52734375,0.0,0,0
1766593550.11099,1766593550.0300894,966.796875,967.28515625,989.2578125,967.28515625,0.0,0,0
1766593550.111132,1766593550.0339878,988.28125,989.2578125,978.02734375,988.76953125,0.0,0,0
1766593550.1111748,1766593550.037886,927.734375,928.7109375,934.08203125,928.7109375,0.0,0,0
1766593550.111215,1766593550.0417843,983.3984375,983.88671875,982.421875,983.88671875,0.0,0,0
1766593550.111258,1766593550.0456827,970.703125,971.6796875,971.6796875,971.6796875,0.0,0,0
1766593550.111298,1766593550.0495808,970.703125,971.6796875,971.6796875,971.6796875,0.0,0,0
1766593550.111337,1766593550.0534792,971.19140625,971.6796875,971.6796875,971.6796875,0.0,0,0
1766593550.1113741,1766593550.0573776,970.703125,971.6796875,971.6796875,971.6796875,0.0,0,0
1766593550.111412,1766593550.061276,970.703125,971.6796875,971.6796875,971.6796875,0.0,0,0
1766593550.111449,1766593550.065174,971.19140625,971.6796875,971.6796875,971.6796875,0.0,0,0
1766593550.111487,1766593550.0690725,970.703125,971.6796875,971.6796875,971.6796875,0.0,0,0
1766593550.111524,1766593550.0729709,971.19140625,971.6796875,971.6796875,971.6796875,0.0,0,0
1766593550.14182,1766593550.0769532,971.19140625,971.6796875,971.6796875,971.6796875,0.0,0,0
1766593550.1419258,1766593550.0808516,971.19140625,971.6796875,971.6796875,971.6796875,0.0,0,0
1766593550.141962,1766593550.0847497,971.19140625,971.6796875,971.6796875,971.6796875,0.0,0,0
1766593550.141993,1766593550.088648,971.19140625,971.6796875,971.6796875,971.6796875,0.0,0,0
1766593550.1420228,1766593550.0925465,971.19140625,971.6796875,971.6796875,971.6796875,0.0,0,0
1766593550.1420531,1766593550.0964448,971.19140625,971.6796875,971.6796875,971.6796875,0.0,0,0
1766593550.142323,1766593550.100343,971.19140625,971.6796875,971.6796875,971.6796875,0.0,0,0
1766593550.142359,1766593550.1042414,971.19140625,971.6796875,971.6796875,971.6796875,0.0,0,0
1766593550.142389,1766593550.1081398,971.19140625,971.6796875,971.6796875,971.6796875,0.0,0,0
1766593550.1424189,1766593550.1120381,971.19140625,971.6796875,971.6796875,971.6796875,0.0,0,0
1766593550.1424482,1766593550.1159363,971.19140625,971.6796875,971.6796875,971.6796875,0.0,0,0
1766593550.1424792,1766593550.1198347,971.19140625,971.6796875,971.6796875,971.6796875,0.0,0,0
1766593550.186666,1766593550.1238046,971.19140625,971.6796875,971.6796875,971.6796875,0.0,0,0
1766593550.186774,1766593550.1277027,970.703125,971.6796875,971.6796875,971.6796875,0.0,0,0
1766593550.186819,1766593550.131601,970.703125,971.6796875,971.6796875,971.6796875,0.0,0,0
1766593550.186857,1766593550.1354995,971.19140625,971.6796875,971.6796875,971.6796875,0.0,0,0
1766593550.1868958,1766593550.1393979,971.19140625,971.6796875,971.6796875,971.6796875,0.0,0,0
1766593550.186934,1766593550.1432962,970.703125,971.6796875,971.6796875,971.6796875,0.0,0,0
1766593550.186971,1766593550.1471944,971.19140625,971.6796875,971.6796875,971.6796875,0.0,0,0
1766593550.187008,1766593550.1510928,971.19140625,971.6796875,971.6796875,971.6796875,0.0,0,0
1766593550.187045,1766593550.1549911,970.703125,971.6796875,971.6796875,972.16796875,0.0,0,0
1766593550.1870852,1766593550.1588895,971.19140625,971.6796875,971.6796875,971.6796875,0.0,0,0
1766593550.187121,1766593550.162788,971.19140625,971.6796875,971.6796875,971.6796875,0.0,0,0
1766593550.1871629,1766593550.166686,971.19140625,971.6796875,971.6796875,971.6796875,0.0,0,0
1766593550.232298,1766593550.170647,970.703125,971.6796875,971.6796875,971.6796875,0.0,0,0
1766593550.232406,1766593550.174545,970.703125,971.6796875,971.6796875,971.6796875,0.0,0,0
1766593550.2324638,1766593550.1784434,971.19140625,971.6796875,971.6796875,971.6796875,0.0,0,0
1766593550.232519,1766593550.1823418,971.19140625,971.6796875,971.6796875,971.6796875,0.0,0,0
1766593550.232573,1766593550.1862402,971.19140625,971.6796875,971.6796875,971.6796875,0.0,0,0
1766593550.232625,1766593550.1901386,971.19140625,971.6796875,971.6796875,971.6796875,0.0,0,0
1766593550.232678,1766593550.194037,970.703125,971.6796875,971.6796875,971.6796875,0.0,0,0
1766593550.232733,1766593550.197935,971.19140625,971.6796875,971.6796875,971.6796875,0.0,0,0
1766593550.232787,1766593550.2018335,971.19140625,971.6796875,971.6796875,971.6796875,0.0,0,0
1766593550.232851,1766593550.2057319,971.19140625,971.6796875,971.6796875,971.6796875,0.0,0,0
1766593550.2329018,1766593550.2096303,971.19140625,971.6796875,971.6796875,971.6796875,0.0,0,0
1766593550.232951,1766593550.2135286,970.703125,971.6796875,971.6796875,971.6796875,0.0,0,0
1766593550.292107,1766593550.2174866,970.703125,971.6796875,971.6796875,971.6796875,0.0,0,0
1766593550.292256,1766593550.221385,970.703125,971.6796875,971.6796875,971.6796875,0.0,0,0
1766593550.292313,1766593550.2252834,971.19140625,971.6796875,971.6796875,971.6796875,0.0,0,0
1766593550.292369,1766593550.2291818,971.19140625,971.6796875,971.6796875,971.6796875,0.0,0,0
1766593550.2924201,1766593550.2330801,970.703125,971.6796875,971.6796875,971.6796875,0.0,0,0
1766593550.2924721,1766593550.2369785,986.81640625,987.3046875,987.3046875,987.79296875,0.0,0,0
1766593550.292524,1766593550.240877,895.99609375,896.97265625,901.85546875,896.97265625,0.0,0,0
1766593550.29257,1766593550.244775,-909.66796875,-906.25,-927.734375,-908.69140625,0.0,0,0
1766593550.292619,1766593550.2486734,567.3828125,547.8515625,648.92578125,568.359375,0.0,0,0
1766593550.292667,1766593550.2525718,-891.11328125,-903.80859375,-802.734375,-891.11328125,0.0,0,0
1766593550.292716,1766593550.2564702,-1000.0,-1000.0,-1000.0,-1000.0,0.0,0,0
1766593550.292778,1766593550.2603686,-942.3828125,-944.3359375,-938.96484375,-942.3828125,0.0,0,0
1766593550.336838,1766593550.264318,-1000.0,-1000.0,-1000.0,-1000.0,0.0,0,0
1766593550.337012,1766593550.2682164,-1000.0,-1000.0,-1000.0,-1000.0,0.0,0,0
1766593550.337088,1766593550.2721148,-1000.0,-1000.0,-1000.0,-1000.0,0.0,0,0
1766593550.337152,1766593550.276013,-1000.0,-1000.0,-1000.0,-1000.0,0.0,0,0
1766593550.337213,1766593550.2799113,-1000.0,-1000.0,-1000.0,-1000.0,0.0,0,0
1766593550.337274,1766593550.2838097,-1000.0,-1000.0,-1000.0,-1000.0,0.0,0,0
1766593550.337339,1766593550.287708,-1000.0,-1000.0,-1000.0,-1000.0,0.0,0,0
1766593550.337402,1766593550.2916064,-1000.0,-1000.0,-1000.0,-1000.0,0.0,0,0
1766593550.33746,1766593550.2955048,-1000.0,-1000.0,-1000.0,-1000.0,0.0,0,0
1766593550.337527,1766593550.2994032,-1000.0,-1000.0,-1000.0,-1000.0,0.0,0,0
1766593550.337585,1766593550.3033016,-1000.0,-1000.0,-1000.0,-1000.0,0.0,0,0
1766593550.337652,1766593550.3072,-1000.0,-1000.0,-1000.0,-1000.0,0.0,0,0
1766593550.3825212,1766593550.3112001,-1000.0,-1000.0,-1000.0,-1000.0,0.0,0,0
1766593550.3826702,1766593550.3150985,-1000.0,-1000.0,-1000.0,-1000.0,0.0,0,0
1766593550.382724,1766593550.318997,-1000.0,-1000.0,-1000.0,-1000.0,0.0,0,0
1766593550.382774,1766593550.3228953,-1000.0,-1000.0,-1000.0,-1000.0,0.0,0,0
1766593550.382823,1766593550.3267937,-1000.0,-1000.0,-1000.0,-1000.0,0.0,0,0
1766593550.38288,1766593550.330692,-1000.0,-1000.0,-1000.0,-1000.0,0.0,0,0
1766593550.3829272,1766593550.3345904,-1000.0,-1000.0,-1000.0,-1000.0,0.0,0,0
1766593550.382974,1766593550.3384888,-1000.0,-1000.0,-1000.0,-1000.0,0.0,0,0
1766593550.383023,1766593550.3423872,-1000.0,-1000.0,-1000.0,-1000.0,0.0,0,0
1766593550.383073,1766593550.3462856,-1000.0,-1000.0,-1000.0,-1000.0,0.0,0,0
1766593550.383119,1766593550.350184,-1000.0,-1000.0,-1000.0,-1000.0,0.0,0,0
1766593550.383172,1766593550.3540823,-1000.0,-1000.0,-1000.0,-1000.0,0.0,0,0
1766593550.4274151,1766593550.3580728,-1000.0,-1000.0,-1000.0,-1000.0,0.0,0,0
1766593550.427507,1766593550.3619711,-1000.0,-1000.0,-1000.0,-1000.0,0.0,0,0
1766593550.427556,1766593550.3658695,-1000.0,-1000.0,-1000.0,-1000.0,0.0,0,0
1766593550.427603,1766593550.369768,-1000.0,-1000.0,-1000.0,-1000.0,0.0,0,0
1766593550.42765,1766593550.3736663,-1000.0,-1000.0,-1000.0,-1000.0,0.0,0,0
1766593550.4276962,1766593550.3775647,-1000.0,-1000.0,-1000.0,-1000.0,0.0,0,0
1766593550.427745,1766593550.381463,-1000.0,-1000.0,-1000.0,-1000.0,0.0,0,0
1766593550.4277928,1766593550.3853614,-1000.0,-1000.0,-1000.0,-1000.0,0.0,0,0
1766593550.427843,1766593550.3892598,-1000.0,-1000.0,-1000.0,-1000.0,0.0,0,0
1766593550.4278882,1766593550.3931582,-1000.0,-1000.0,-1000.0,-1000.0,0.0,0,0
1766593550.427937,1766593550.3970566,-1000.0,-1000.0,-1000.0,-1000.0,0.0,0,0
1766593550.4279869,1766593550.400955,-1000.0,-1000.0,-1000.0,-1000.0,0.0,0,0
1766593550.472425,1766593550.4049459,-1000.0,-1000.0,-1000.0,-1000.0,0.0,0,0
1766593550.472534,1766593550.4088442,-1000.0,-1000.0,-1000.0,-1000.0,0.0,0,0
1766593550.4725702,1766593550.4127426,-1000.0,-1000.0,-1000.0,-1000.0,0.0,0,0
1766593550.472607,1766593550.416641,-1000.0,-1000.0,-1000.0,-1000.0,0.0,0,0
1766593550.472648,1766593550.4205394,-937.5,-937.5,-939.94140625,-937.5,0.0,0,0
1766593550.472691,1766593550.4244378,-1000.0,-1000.0,-1000.0,-1000.0,0.0,0,0
1766593550.4727309,1766593550.4283361,-218.75,-218.75,-235.3515625,-218.75,0.0,0,0
1766593550.472775,1766593550.4322345,-957.51953125,-956.54296875,-933.59375,-957.03125,0.0,0,0
1766593550.472818,1766593550.436133,954.58984375,955.56640625,891.11328125,955.56640625,0.0,0,0
1766593550.4728599,1766593550.4400313,943.84765625,944.3359375,-401.3671875,944.82421875,0.0,0,0
1766593550.4729018,1766593550.4439297,978.02734375,979.00390625,-1000.0,978.515625,0.0,0,0
1766593550.472944,1766593550.447828,971.19140625,972.16796875,-943.359375,971.6796875,0.0,0,0
1766593550.5173278,1766593550.4518046,971.19140625,972.16796875,-1000.0,971.6796875,0.0,0,0
1766593550.517452,1766593550.455703,971.19140625,972.16796875,-1000.0,971.6796875,0.0,0,0
1766593550.5175118,1766593550.4596014,971.19140625,972.16796875,-1000.0,971.6796875,0.0,0,0
1766593550.517566,1766593550.4634998,971.19140625,972.16796875,-966.796875,971.6796875,0.0,0,0
1766593550.517618,1766593550.4673982,971.19140625,972.16796875,-1000.0,971.6796875,0.0,0,0
1766593550.517938,1766593550.4712965,971.6796875,971.6796875,-912.109375,971.6796875,0.0,0,0
1766593550.517994,1766593550.475195,971.6796875,971.6796875,308.10546875,972.16796875,0.0,0,0
1766593550.518046,1766593550.4790933,971.19140625,972.16796875,-936.5234375,971.6796875,0.0,0,0
1766593550.5180979,1766593550.4829917,971.19140625,972.16796875,924.31640625,971.6796875,0.0,0,0
1766593550.5181482,1766593550.48689,971.19140625,971.6796875,969.7265625,971.6796875,0.0,0,0
1766593550.5182002,1766593550.4907887,971.19140625,971.6796875,973.6328125,972.16796875,0.0,0,0
1766593550.51825,1766593550.494687,971.19140625,971.6796875,972.16796875,971.6796875,0.0,0,0
1766593550.5761018,1766593550.4986572,971.19140625,971.6796875,971.6796875,971.6796875,0.0,0,0
1766593550.5762181,1766593550.5025556,971.19140625,971.6796875,971.6796875,971.6796875,0.0,0,0
1766593550.576278,1766593550.506454,970.703125,971.6796875,972.16796875,971.6796875,0.0,0,0
1766593550.576331,1766593550.5103524,971.19140625,971.6796875,971.6796875,971.6796875,0.0,0,0
1766593550.5763829,1766593550.514251,971.19140625,971.6796875,971.6796875,971.6796875,0.0,0,0
1766593550.576434,1766593550.5181494,971.19140625,971.6796875,971.6796875,971.6796875,0.0,0,0
1766593550.5764859,1766593550.5220478,971.19140625,972.16796875,971.6796875,971.6796875,0.0,0,0
1766593550.5765371,1766593550.5259461,971.19140625,972.16796875,971.6796875,971.6796875,0.0,0,0
1766593550.576588,1766593550.5298445,971.19140625,971.6796875,972.16796875,971.6796875,0.0,0,0
1766593550.576638,1766593550.533743,971.6796875,971.6796875,971.6796875,971.6796875,0.0,0,0
1766593550.576688,1766593550.5376413,971.19140625,971.6796875,971.6796875,971.6796875,0.0,0,0
1766593550.576738,1766593550.5415397,971.19140625,972.16796875,971.6796875,971.6796875,0.0,0,0
1766593550.620987,1766593550.5455022,971.19140625,971.6796875,971.6796875,971.6796875,0.0,0,0
1766593550.621109,1766593550.5494006,971.19140625,972.16796875,971.6796875,972.16796875,0.0,0,0
1766593550.621172,1766593550.553299,971.19140625,971.6796875,971.6796875,971.6796875,0.0,0,0
1766593550.621226,1766593550.5571973,971.19140625,971.6796875,971.6796875,971.6796875,0.0,0,0
1766593550.621278,1766593550.5610957,971.19140625,971.6796875,971.6796875,971.6796875,0.0,0,0
1766593550.6213288,1766593550.564994,971.19140625,971.6796875,971.6796875,971.6796875,0.0,0,0
1766593550.621453,1766593550.5688927,970.703125,972.16796875,972.16796875,971.6796875,0.0,0,0
1766593550.621569,1766593550.572791,971.19140625,971.6796875,971.6796875,971.6796875,0.0,0,0
1766593550.621752,1766593550.5766895,971.19140625,971.6796875,971.6796875,971.6796875,0.0,0,0
1766593550.621818,1766593550.5805879,971.19140625,971.6796875,971.6796875,972.16796875,0.0,0,0
1766593550.62187,1766593550.5844862,971.19140625,971.6796875,972.16796875,971.6796875,0.0,0,0
1766593550.621921,1766593550.5883846,971.19140625,972.16796875,972.16796875,971.6796875,0.0,0,0
1766593550.665337,1766593550.5923398,971.19140625,972.16796875,971.6796875,971.6796875,0.0,0,0
1766593550.665492,1766593550.5962381,971.19140625,971.6796875,972.16796875,971.6796875,0.0,0,0
1766593550.66555,1766593550.6001368,971.19140625,971.6796875,971.6796875,971.6796875,0.0,0,0
1766593550.665605,1766593550.6040351,971.19140625,971.6796875,971.6796875,971.6796875,0.0,0,0
1766593550.665656,1766593550.6079335,971.19140625,971.6796875,972.16796875,971.6796875,0.0,0,0
1766593550.665707,1766593550.611832,971.19140625,971.6796875,971.6796875,971.6796875,0.0,0,0
1766593550.665756,1766593550.6157303,971.6796875,972.16796875,972.16796875,971.6796875,0.0,0,0
1766593550.665807,1766593550.6196287,971.19140625,971.6796875,971.6796875,971.6796875,0.0,0,0
1766593550.665866,1766593550.623527,971.19140625,971.6796875,971.6796875,971.6796875,0.0,0,0
1766593550.665916,1766593550.6274257,971.19140625,971.6796875,971.6796875,971.6796875,0.0,0,0
1766593550.6659799,1766593550.631324,971.19140625,971.6796875,972.16796875,971.6796875,0.0,0,0
1766593550.6660218,1766593550.6352224,971.19140625,971.6796875,971.6796875,971.6796875,0.0,0,0
1766593550.712225,1766593550.6391733,971.19140625,972.16796875,971.6796875,971.6796875,0.0,0,0
1766593550.71236,1766593550.6430717,971.19140625,971.6796875,972.16796875,971.6796875,0.0,0,0
1766593550.7124171,1766593550.64697,971.19140625,971.6796875,972.16796875,971.6796875,0.0,0,0
1766593550.71247,1766593550.6508684,970.703125,971.6796875,971.6796875,971.6796875,0.0,0,0
1766593550.712523,1766593550.654767,971.19140625,972.16796875,971.6796875,971.6796875,0.0,0,0
1766593550.712574,1766593550.6586654,971.19140625,971.6796875,972.16796875,971.6796875,0.0,0,0
1766593550.7126322,1766593550.6625638,971.19140625,971.6796875,971.6796875,971.6796875,0.0,0,0
1766593550.712683,1766593550.6664622,971.19140625,971.6796875,971.6796875,972.16796875,0.0,0,0
1766593550.7127419,1766593550.6703606,971.19140625,971.6796875,971.6796875,972.16796875,0.0,0,0
1766593550.712794,1766593550.6742592,971.19140625,971.6796875,971.6796875,971.6796875,0.0,0,0
1766593550.712888,1766593550.6781576,971.19140625,971.6796875,971.6796875,971.6796875,0.0,0,0
1766593550.712957,1766593550.682056,971.19140625,971.6796875,971.6796875,971.6796875,0.0,0,0
1766593550.757309,1766593550.6860557,971.19140625,971.6796875,971.6796875,971.6796875,0.0,0,0
1766593550.7574558,1766593550.6899543,971.19140625,972.16796875,971.6796875,971.6796875,0.0,0,0
1766593550.757513,1766593550.6938527,971.19140625,971.6796875,971.6796875,971.6796875,0.0,0,0
1766593550.757567,1766593550.697751,971.19140625,971.6796875,971.6796875,971.6796875,0.0,0,0
1766593550.757619,1766593550.7016494,971.19140625,971.6796875,971.6796875,971.6796875,0.0,0,0
1766593550.7576692,1766593550.7055478,971.19140625,971.6796875,971.6796875,971.6796875,0.0,0,0
1766593550.75772,1766593550.7094464,971.19140625,972.16796875,971.6796875,971.6796875,0.0,0,0
1766593550.757771,1766593550.7133448,971.19140625,971.6796875,971.6796875,972.16796875,0.0,0,0
1766593550.7578251,1766593550.7172432,971.19140625,971.6796875,971.6796875,971.6796875,0.0,0,0
1766593550.757895,1766593550.7211416,971.19140625,971.6796875,971.6796875,971.6796875,0.0,0,0
1766593550.757966,1766593550.7250402,971.19140625,971.6796875,972.16796875,971.6796875,0.0,0,0
1766593550.758016,1766593550.7289386,971.19140625,971.6796875,971.6796875,971.6796875,0.0,0,0
1766593550.816344,1766593550.7329316,971.19140625,971.6796875,971.6796875,971.6796875,0.0,0,0
1766593550.8164742,1766593550.7368302,971.19140625,971.6796875,971.6796875,971.6796875,0.0,0,0
1766593550.816534,1766593550.7407286,971.19140625,971.6796875,971.6796875,971.6796875,0.0,0,0
1766593550.816587,1766593550.744627,971.19140625,971.6796875,971.6796875,971.6796875,0.0,0,0
1766593550.816639,1766593550.7485254,971.19140625,971.6796875,971.6796875,971.6796875,0.0,0,0
1766593550.81669,1766593550.752424,971.19140625,971.6796875,971.6796875,971.6796875,0.0,0,0
1766593550.81674,1766593550.7563224,971.19140625,972.16796875,971.6796875,971.6796875,0.0,0,0
1766593550.816792,1766593550.7602208,971.19140625,971.6796875,971.6796875,971.6796875,0.0,0,0
1766593550.816843,1766593550.7641194,970.703125,971.6796875,971.6796875,971.6796875,0.0,0,0
1766593550.8168929,1766593550.7680178,970.703125,971.6796875,971.6796875,971.6796875,0.0,0,0
1766593550.816971,1766593550.7719162,971.19140625,971.6796875,971.6796875,971.6796875,0.0,0,0
1766593550.817021,1766593550.7758145,971.19140625,971.6796875,971.6796875,971.6796875,0.0,0,0
1766593550.8466141,1766593550.7798026,970.703125,971.6796875,971.6796875,971.6796875,0.0,0,0
1766593550.846734,1766593550.783701,970.703125,971.6796875,971.6796875,971.6796875,0.0,0,0
1766593550.846775,1766593550.7875996,971.19140625,971.6796875,971.6796875,971.6796875,0.0,0,0
1766593550.846813,1766593550.791498,984.86328125,985.3515625,986.81640625,984.86328125,0.0,0,0
1766593550.846851,1766593550.7953963,895.99609375,896.97265625,898.92578125,896.97265625,0.0,0,0
1766593550.8468878,1766593550.799295,-898.92578125,-897.94921875,-913.0859375,-896.97265625,0.0,0,0
1766593550.846926,1766593550.8031933,479.00390625,479.4921875,577.63671875,467.28515625,0.0,0,0
1766593550.8472261,1766593550.8070917,-947.265625,-947.265625,-871.58203125,-954.1015625,0.0,0,0
1766593550.847285,1766593550.8109903,-1000.0,-1000.0,-1000.0,-1000.0,0.0,0,0
1766593550.847324,1766593550.8148887,-949.70703125,-949.70703125,-942.87109375,-950.68359375,0.0,0,0
1766593550.847363,1766593550.818787,-1000.0,-1000.0,-1000.0,-1000.0,0.0,0,0
1766593550.847397,1766593550.8226857,-1000.0,-1000.0,-1000.0,-1000.0,0.0,0,0
1766593550.89222,1766593550.8266668,-1000.0,-1000.0,-1000.0,-1000.0,0.0,0,0
1766593550.892311,1766593550.8305652,-1000.0,-1000.0,-1000.0,-1000.0,0.0,0,0
1766593550.892352,1766593550.8344636,-1000.0,-1000.0,-1000.0,-1000.0,0.0,0,0
1766593550.892386,1766593550.8383622,-1000.0,-1000.0,-1000.0,-1000.0,0.0,0,0
1766593550.892421,1766593550.8422606,-1000.0,-1000.0,-1000.0,-1000.0,0.0,0,0
1766593550.8924549,1766593550.846159,-1000.0,-1000.0,-1000.0,-1000.0,0.0,0,0
1766593550.892488,1766593550.8500576,-1000.0,-1000.0,-1000.0,-1000.0,0.0,0,0
1766593550.892521,1766593550.853956,-1000.0,-1000.0,-1000.0,-1000.0,0.0,0,0
1766593550.892554,1766593550.8578544,-1000.0,-1000.0,-1000.0,-1000.0,0.0,0,0
1766593550.8925881,1766593550.861753,-1000.0,-1000.0,-1000.0,-1000.0,0.0,0,0
1766593550.892632,1766593550.8656514,-1000.0,-1000.0,-1000.0,-1000.0,0.0,0,0
1766593550.8926651,1766593550.86955,-1000.0,-1000.0,-1000.0,-1000.0,0.0,0,0
1766593550.93722,1766593550.8735185,-1000.0,-1000.0,-1000.0,-1000.0,0.0,0,0
1766593550.937338,1766593550.8774168,-1000.0,-1000.0,-1000.0,-1000.0,0.0,0,0
1766593550.9373891,1766593550.8813155,-1000.0,-1000.0,-1000.0,-1000.0,0.0,0,0
1766593550.937438,1766593550.8852139,-1000.0,-1000.0,-1000.0,-1000.0,0.0,0,0
1766593550.937484,1766593550.8891122,-1000.0,-1000.0,-1000.0,-1000.0,0.0,0,0
1766593550.937531,1766593550.8930109,-1000.0,-1000.0,-1000.0,-1000.0,0.0,0,0
1766593550.937587,1766593550.8969092,-1000.0,-1000.0,-1000.0,-1000.0,0.0,0,0
1766593550.937633,1766593550.9008076,-1000.0,-1000.0,-1000.0,-1000.0,0.0,0,0
1766593550.937681,1766593550.9047062,-1000.0,-1000.0,-1000.0,-1000.0,0.0,0,0
1766593550.937726,1766593550.9086046,-1000.0,-1000.0,-1000.0,-1000.0,0.0,0,0
1766593550.937772,1766593550.9125032,-1000.0,-1000.0,-1000.0,-1000.0,0.0,0,0
1766593550.937869,1766593550.9164016,-1000.0,-1000.0,-1000.0,-1000.0,0.0,0,0
1766593550.982114,1766593550.920363,-1000.0,-1000.0,-1000.0,-1000.0,0.0,0,0
1766593550.982225,1766593550.9242613,-1000.0,-1000.0,-1000.0,-1000.0,0.0,0,0
1766593550.9822779,1766593550.9281597,-1000.0,-1000.0,-1000.0,-1000.0,0.0,0,0
1766593550.982326,1766593550.9320583,-1000.0,-1000.0,-1000.0,-1000.0,0.0,0,0
1766593550.982371,1766593550.9359567,-1000.0,-1000.0,-1000.0,-1000.0,0.0,0,0
1766593550.982416,1766593550.9398553,-1000.0,-1000.0,-1000.0,-1000.0,0.0,0,0
1766593550.982464,1766593550.9437537,-1000.0,-1000.0,-1000.0,-1000.0,0.0,0,0
1766593550.9825091,1766593550.9476523,-1000.0,-1000.0,-1000.0,-1000.0,0.0,0,0
1766593550.982552,1766593550.9515507,-1000.0,-1000.0,-1000.0,-1000.0,0.0,0,0
1766593550.982614,1766593550.955449,-1000.0,-1000.0,-1000.0,-1000.0,0.0,0,0
1766593550.982656,1766593550.9593477,-1000.0,-1000.0,-1000.0,-1000.0,0.0,0,0
1766593550.9827,1766593550.963246,-1000.0,-1000.0,-1000.0,-1000.0,0.0,0,0
1766593551.040438,1766593550.9671993,-1000.0,-1000.0,-1000.0,-1000.0,0.0,0,0
1766593551.040538,1766593550.971098,-1000.0,-1000.0,-1000.0,-1000.0,0.0,0,0
1766593551.040587,1766593550.9749963,-1000.0,-1000.0,-1000.0,-1000.0,0.0,0,0
1766593551.040639,1766593550.978895,-1000.0,-1000.0,-1000.0,-1000.0,0.0,0,0
1766593551.040685,1766593550.9827933,-1000.0,-1000.0,-1000.0,-1000.0,0.0,0,0
1766593551.040732,1766593550.9866917,-1000.0,-1000.0,-1000.0,-1000.0,0.0,0,0
1766593551.040779,1766593550.9905903,-1000.0,-1000.0,-1000.0,-1000.0,0.0,0,0
1766593551.0408242,1766593550.9944887,-1000.0,-1000.0,-1000.0,-1000.0,0.0,0,0
1766593551.04087,1766593550.9983873,-987.3046875,-980.95703125,-990.72265625,-988.28125,0.0,0,0
1766593551.0409238,1766593551.0022857,-958.49609375,-969.7265625,-952.63671875,-957.03125,0.0,0,0
1766593551.040977,1766593551.0061843,-1000.0,-1000.0,-1000.0,-1000.0,0.0,0,0
1766593551.041023,1766593551.0100827,-1.953125,88.37890625,-53.7109375,-14.16015625,0.0,0,0
1766593551.087295,1766593551.0140936,-909.66796875,-896.484375,-917.96875,-910.15625,0.0,0,0
1766593551.087447,1766593551.017992,925.78125,917.48046875,933.10546875,928.22265625,0.0,0,0
1766593551.087504,1766593551.0218906,959.9609375,966.30859375,957.03125,959.47265625,0.0,0,0
1766593551.087557,1766593551.025789,973.14453125,972.65625,974.609375,974.12109375,0.0,0,0
1766593551.087608,1766593551.0296876,970.703125,971.6796875,971.6796875,971.6796875,0.0,0,0
1766593551.08766,1766593551.033586,971.19140625,971.6796875,971.6796875,971.6796875,0.0,0,0
1766593551.08779,1766593551.0374846,971.19140625,971.6796875,971.6796875,971.6796875,0.0,0,0
1766593551.0878599,1766593551.041383,971.19140625,971.6796875,971.6796875,971.6796875,0.0,0,0
1766593551.0879092,1766593551.0452816,971.19140625,971.6796875,971.6796875,971.6796875,0.0,0,0
1766593551.087959,1766593551.04918,970.703125,971.6796875,971.6796875,971.6796875,0.0,0,0
1766593551.088011,1766593551.0530787,971.19140625,971.6796875,971.6796875,971.6796875,0.0,0,0
1766593551.088058,1766593551.056977,971.19140625,971.6796875,971.6796875,971.6796875,0.0,0,0
1766593551.132916,1766593551.0609813,971.19140625,971.6796875,971.6796875,971.6796875,0.0,0,0
1766593551.133109,1766593551.06488,971.19140625,971.6796875,971.6796875,971.6796875,0.0,0,0
1766593551.133178,1766593551.0687783,971.19140625,971.6796875,971.6796875,971.6796875,0.0,0,0
1766593551.1332202,1766593551.072677,970.703125,971.6796875,971.6796875,971.6796875,0.0,0,0
1766593551.1333702,1766593551.0765753,971.19140625,971.6796875,971.6796875,971.6796875,0.0,0,0
1766593551.133418,1766593551.080474,971.19140625,971.6796875,971.6796875,971.6796875,0.0,0,0
1766593551.133482,1766593551.0843723,971.19140625,971.6796875,971.6796875,971.6796875,0.0,0,0
1766593551.1335502,1766593551.088271,971.19140625,971.6796875,971.6796875,971.6796875,0.0,0,0
1766593551.13363,1766593551.0921695,971.19140625,971.6796875,971.6796875,971.6796875,0.0,0,0
1766593551.133672,1766593551.096068,971.19140625,971.6796875,971.6796875,971.6796875,0.0,0,0
1766593551.133749,1766593551.0999665,971.19140625,971.6796875,971.6796875,971.6796875,0.0,0,0
1766593551.133806,1766593551.103865,971.19140625,971.6796875,971.6796875,971.6796875,0.0,0,0
1766593551.177022,1766593551.1078572,971.19140625,971.6796875,971.6796875,971.6796875,0.0,0,0
1766593551.177162,1766593551.1117558,971.19140625,971.6796875,971.6796875,971.6796875,0.0,0,0
1766593551.177206,1766593551.1156542,971.19140625,971.6796875,971.6796875,971.6796875,0.0,0,0
1766593551.1772459,1766593551.1195529,971.19140625,971.6796875,971.6796875,971.6796875,0.0,0,0
1766593551.1772852,1766593551.1234515,971.19140625,971.6796875,971.6796875,971.6796875,0.0,0,0
1766593551.177322,1766593551.1273499,971.19140625,971.6796875,971.6796875,971.6796875,0.0,0,0
1766593551.177359,1766593551.1312485,970.703125,971.6796875,971.6796875,971.6796875,0.0,0,0
1766593551.177396,1766593551.1351469,971.19140625,971.6796875,971.6796875,971.6796875,0.0,0,0
1766593551.177432,1766593551.1390455,971.19140625,971.6796875,971.6796875,971.6796875,0.0,0,0
1766593551.177469,1766593551.142944,970.703125,971.6796875,971.6796875,971.6796875,0.0,0,0
1766593551.177515,1766593551.1468425,971.19140625,971.6796875,971.6796875,971.6796875,0.0,0,0
1766593551.177554,1766593551.150741,986.81640625,987.3046875,984.375,987.79296875,0.0,0,0
1766593551.237157,1766593551.154726,898.4375,903.80859375,904.78515625,899.90234375,0.0,0,0
1766593551.237449,1766593551.1586246,-916.9921875,-933.10546875,-923.33984375,-919.43359375,0.0,0,0
1766593551.237517,1766593551.1625233,599.609375,672.36328125,565.4296875,613.76953125,0.0,0,0
1766593551.23757,1766593551.1664217,-855.95703125,-777.34375,-842.28515625,-841.796875,0.0,0,0
1766593551.2376618,1766593551.1703203,-1000.0,-1000.0,-1000.0,-1000.0,0.0,0,0
1766593551.238241,1766593551.1742187,-940.91796875,-937.98828125,-945.80078125,-940.4296875,0.0,0,0
1766593551.238505,1766593551.1781173,-1000.0,-1000.0,-1000.0,-1000.0,0.0,0,0
1766593551.239001,1766593551.182016,-1000.0,-1000.0,-1000.0,-1000.0,0.0,0,0
1766593551.239041,1766593551.1859143,-1000.0,-1000.0,-1000.0,-1000.0,0.0,0,0
1766593551.239104,1766593551.189813,-1000.0,-1000.0,-1000.0,-1000.0,0.0,0,0
1766593551.239146,1766593551.1937115,-1000.0,-1000.0,-1000.0,-1000.0,0.0,0,0
1766593551.239182,1766593551.19761,-1000.0,-1000.0,-1000.0,-1000.0,0.0,0,0
1766593551.2675042,1766593551.2015903,-1000.0,-1000.0,-1000.0,-1000.0,0.0,0,0
1766593551.267667,1766593551.205489,-1000.0,-1000.0,-1000.0,-1000.0,0.0,0,0
1766593551.267828,1766593551.2093875,-1000.0,-1000.0,-1000.0,-1000.0,0.0,0,0
1766593551.267883,1766593551.213286,-1000.0,-1000.0,-1000.0,-1000.0,0.0,0,0
1766593551.267931,1766593551.2171845,-1000.0,-1000.0,-1000.0,-1000.0,0.0,0,0
1766593551.267978,1766593551.2210832,-1000.0,-1000.0,-1000.0,-1000.0,0.0,0,0
1766593551.268024,1766593551.2249815,-1000.0,-1000.0,-1000.0,-1000.0,0.0,0,0
1766593551.268069,1766593551.2288802,-1000.0,-1000.0,-1000.0,-1000.0,0.0,0,0
1766593551.268115,1766593551.2327788,-1000.0,-1000.0,-1000.0,-1000.0,0.0,0,0
1766593551.26816,1766593551.2366772,-1000.0,-1000.0,-1000.0,-1000.0,0.0,0,0
1766593551.2682052,1766593551.2405758,-1000.0,-1000.0,-1000.0,-1000.0,0.0,0,0
1766593551.268244,1766593551.2444744,-1000.0,-1000.0,-1000.0,-1000.0,0.0,0,0
1766593551.325818,1766593551.248447,-1000.0,-1000.0,-1000.0,-1000.0,0.0,0,0
1766593551.325978,1766593551.2523456,-1000.0,-1000.0,-1000.0,-1000.0,0.0,0,0
1766593551.3260338,1766593551.2562442,-1000.0,-1000.0,-1000.0,-1000.0,0.0,0,0
1766593551.3260841,1766593551.2601426,-1000.0,-1000.0,-1000.0,-1000.0,0.0,0,0
1766593551.326134,1766593551.2640412,-1000.0,-1000.0,-1000.0,-1000.0,0.0,0,0
1766593551.3261938,1766593551.2679398,-1000.0,-1000.0,-1000.0,-1000.0,0.0,0,0
1766593551.3262458,1766593551.2718384,-1000.0,-1000.0,-1000.0,-1000.0,0.0,0,0
1766593551.326293,1766593551.2757368,-1000.0,-1000.0,-1000.0,-1000.0,0.0,0,0
1766593551.326354,1766593551.2796354,-1000.0,-1000.0,-1000.0,-1000.0,0.0,0,0
1766593551.3264,1766593551.283534,-1000.0,-1000.0,-1000.0,-1000.0,0.0,0,0
1766593551.326449,1766593551.2874324,-1000.0,-1000.0,-1000.0,-1000.0,0.0,0,0
1766593551.3265128,1766593551.291331,-1000.0,-1000.0,-1000.0,-1000.0,0.0,0,0
1766593551.357406,1766593551.2952914,-1000.0,-1000.0,-1000.0,-1000.0,0.0,0,0
1766593551.357506,1766593551.29919,-1000.0,-1000.0,-1000.0,-1000.0,0.0,0,0
1766593551.357558,1766593551.3030887,-1000.0,-1000.0,-1000.0,-1000.0,0.0,0,0
1766593551.357606,1766593551.306987,-1000.0,-1000.0,-1000.0,-1000.0,0.0,0,0
1766593551.357663,1766593551.3108857,-1000.0,-1000.0,-1000.0,-1000.0,0.0,0,0
1766593551.357711,1766593551.3147843,-1000.0,-1000.0,-1000.0,-1000.0,0.0,0,0
1766593551.3577569,1766593551.318683,-1000.0,-1000.0,-1000.0,-1000.0,0.0,0,0
1766593551.357803,1766593551.3225813,-1000.0,-1000.0,-1000.0,-1000.0,0.0,0,0
1766593551.35785,1766593551.32648,-1000.0,-1000.0,-1000.0,-1000.0,0.0,0,0
1766593551.357899,1766593551.3303785,-1000.0,-1000.0,-1000.0,-1000.0,0.0,0,0
1766593551.3579452,1766593551.3342772,-1000.0,-1000.0,-1000.0,-1000.0,0.0,0,0
1766593551.358,1766593551.3381755,-1000.0,-1000.0,-1000.0,-1000.0,0.0,0,0
1766593551.4163399,1766593551.3421302,-1000.0,-1000.0,-1000.0,-1000.0,0.0,0,0
1766593551.416424,1766593551.3460288,-1000.0,-1000.0,-1000.0,-1000.0,0.0,0,0
1766593551.416471,1766593551.3499274,-1000.0,-1000.0,-1000.0,-1000.0,0.0,0,0
1766593551.416517,1766593551.3538258,-1000.0,-1000.0,-1000.0,-1000.0,0.0,0,0
1766593551.416563,1766593551.3577244,-1000.0,-1000.0,-1000.0,-1000.0,0.0,0,0
1766593551.41661,1766593551.361623,-1000.0,-1000.0,-1000.0,-1000.0,0.0,0,0
1766593551.4166558,1766593551.3655217,-1000.0,-1000.0,-1000.0,-1000.0,0.0,0,0
1766593551.4167008,1766593551.36942,-1000.0,-1000.0,-1000.0,-1000.0,0.0,0,0
1766593551.416747,1766593551.3733187,-1000.0,-1000.0,-1000.0,-1000.0,0.0,0,0
1766593551.416793,1766593551.3772173,-1000.0,-1000.0,-1000.0,-1000.0,0.0,0,0
1766593551.416839,1766593551.381116,-1000.0,-1000.0,-1000.0,-1000.0,0.0,0,0
1766593551.416884,1766593551.3850143,-1000.0,-1000.0,-1000.0,-1000.0,0.0,0,0
1766593551.4894762,1766593551.389082,-1000.0,-1000.0,-1000.0,-1000.0,0.0,0,0
1766593551.489669,1766593551.3929803,-1000.0,-1000.0,-1000.0,-1000.0,0.0,0,0
1766593551.489782,1766593551.396879,-1000.0,-1000.0,-1000.0,-1000.0,0.0,0,0
1766593551.489856,1766593551.4007776,-1000.0,-1000.0,-1000.0,-1000.0,0.0,0,0
1766593551.4899058,1766593551.4046762,-1000.0,-1000.0,-1000.0,-1000.0,0.0,0,0
1766593551.4899552,1766593551.4085748,-1000.0,-1000.0,-1000.0,-1000.0,0.0,0,0
1766593551.490002,1766593551.4124734,-1000.0,-1000.0,-1000.0,-1000.0,0.0,0,0
1766593551.49005,1766593551.4163718,-1000.0,-1000.0,-1000.0,-1000.0,0.0,0,0
1766593551.4900968,1766593551.4202704,-1000.0,-1000.0,-1000.0,-1000.0,0.0,0,0
1766593551.490145,1766593551.424169,-1000.0,-1000.0,-1000.0,-1000.0,0.0,0,0
1766593551.490201,1766593551.4280677,-1000.0,-1000.0,-1000.0,-1000.0,0.0,0,0
1766593551.4902651,1766593551.4319663,-1000.0,-1000.0,-1000.0,-1000.0,0.0,0,0
1766593551.508723,1766593551.4359703,-1000.0,-1000.0,-1000.0,-1000.0,0.0,0,0
1766593551.508806,1766593551.439869,-1000.0,-1000.0,-1000.0,-1000.0,0.0,0,0
1766593551.508845,1766593551.4437673,-1000.0,-1000.0,-1000.0,-1000.0,0.0,0,0
1766593551.5088809,1766593551.447666,-1000.0,-1000.0,-1000.0,-1000.0,0.0,0,0
1766593551.508916,1766593551.4515646,-1000.0,-1000.0,-1000.0,-1000.0,0.0,0,0
1766593551.50895,1766593551.4554632,-1000.0,-1000.0,-1000.0,-1000.0,0.0,0,0
1766593551.508984,1766593551.4593618,-1000.0,-1000.0,-1000.0,-1000.0,0.0,0,0
1766593551.509019,1766593551.4632604,-1000.0,-1000.0,-1000.0,-1000.0,0.0,0,0
1766593551.509053,1766593551.467159,-1000.0,-1000.0,-1000.0,-1000.0,0.0,0,0
1766593551.509086,1766593551.4710577,-1000.0,-1000.0,-1000.0,-1000.0,0.0,0,0
1766593551.50912,1766593551.4749563,-1000.0,-1000.0,-1000.0,-1000.0,0.0,0,0
1766593551.509165,1766593551.4788547,-931.15234375,-931.15234375,-930.6640625,-931.640625,0.0,0,0
1766593551.552534,1766593551.4828541,-1000.0,-1000.0,-1000.0,-1000.0,0.0,0,0
1766593551.5526242,1766593551.4867527,-318.84765625,-318.359375,-342.7734375,-315.4296875,0.0,0,0
1766593551.5526521,1766593551.4906514,-991.69921875,-990.72265625,997.55859375,-989.74609375,0.0,0,0
1766593551.5526779,1766593551.49455,971.19140625,971.6796875,976.5625,971.19140625,0.0,0,0
1766593551.552703,1766593551.4984486,936.03515625,936.5234375,934.5703125,937.01171875,0.0,0,0
1766593551.5527282,1766593551.5023472,980.95703125,981.4453125,981.93359375,981.4453125,0.0,0,0
1766593551.552753,1766593551.5062459,971.19140625,971.6796875,971.6796875,971.6796875,0.0,0,0
1766593551.552777,1766593551.5101445,971.19140625,971.6796875,971.6796875,971.6796875,0.0,0,0
1766593551.552812,1766593551.514043,971.19140625,971.6796875,971.6796875,971.6796875,0.0,0,0
1766593551.5528378,1766593551.5179417,971.19140625,971.6796875,971.6796875,971.6796875,0.0,0,0
1766593551.552862,1766593551.5218403,971.19140625,971.6796875,971.6796875,971.6796875,0.0,0,0
1766593551.552889,1766593551.525739,971.19140625,971.6796875,971.6796875,971.6796875,0.0,0,0
1766593551.5972009,1766593551.529726,971.19140625,971.6796875,971.6796875,971.6796875,0.0,0,0
1766593551.59758,1766593551.5336246,971.19140625,972.16796875,971.6796875,971.6796875,0.0,0,0
1766593551.597845,1766593551.5375233,971.19140625,971.6796875,971.6796875,971.6796875,0.0,0,0
1766593551.59796,1766593551.541422,971.19140625,971.6796875,971.6796875,971.6796875,0.0,0,0
1766593551.5981739,1766593551.5453205,971.19140625,971.6796875,971.6796875,971.6796875,0.0,0,0
1766593551.598337,1766593551.5492191,971.19140625,971.6796875,971.6796875,971.6796875,0.0,0,0
1766593551.598411,1766593551.5531178,971.19140625,971.6796875,971.6796875,971.6796875,0.0,0,0
1766593551.5984561,1766593551.5570164,971.19140625,971.6796875,971.6796875,971.6796875,0.0,0,0
1766593551.598496,1766593551.560915,971.19140625,971.6796875,971.6796875,971.6796875,0.0,0,0
1766593551.598538,1766593551.5648136,971.19140625,971.6796875,971.6796875,971.6796875,0.0,0,0
1766593551.598578,1766593551.5687122,971.19140625,971.6796875,971.6796875,971.6796875,0.0,0,0
1766593551.598647,1766593551.5726109,971.19140625,971.6796875,971.6796875,971.6796875,0.0,0,0
1766593551.642294,1766593551.5765855,971.19140625,971.6796875,971.6796875,971.6796875,0.0,0,0
1766593551.642441,1766593551.5804842,971.19140625,971.6796875,971.6796875,971.6796875,0.0,0,0
1766593551.642514,1766593551.5843828,971.19140625,971.6796875,971.6796875,971.6796875,0.0,0,0
1766593551.642584,1766593551.5882814,971.19140625,971.6796875,971.6796875,971.6796875,0.0,0,0
1766593551.6426508,1766593551.59218,971.19140625,971.6796875,971.6796875,971.6796875,0.0,0,0
1766593551.642716,1766593551.5960786,971.19140625,971.6796875,971.6796875,971.6796875,0.0,0,0
1766593551.6427798,1766593551.5999773,971.19140625,971.6796875,971.6796875,971.6796875,0.0,0,0
1766593551.642853,1766593551.6038759,970.703125,972.16796875,971.6796875,971.6796875,0.0,0,0
1766593551.642926,1766593551.6077745,971.19140625,971.6796875,971.6796875,971.6796875,0.0,0,0
1766593551.64299,1766593551.611673,971.19140625,971.6796875,971.6796875,971.6796875,0.0,0,0
1766593551.643053,1766593551.6155717,971.19140625,971.6796875,971.6796875,971.6796875,0.0,0,0
1766593551.643116,1766593551.6194704,971.19140625,971.6796875,971.6796875,971.6796875,0.0,0,0
1766593551.686176,1766593551.6234367,970.703125,971.6796875,971.6796875,971.6796875,0.0,0,0
1766593551.6862679,1766593551.6273353,971.19140625,971.6796875,971.6796875,971.6796875,0.0,0,0
1766593551.6863081,1766593551.631234,971.19140625,971.6796875,971.6796875,971.6796875,0.0,0,0
1766593551.686343,1766593551.6351328,971.19140625,972.16796875,972.65625,972.16796875,0.0,0,0
1766593551.686378,1766593551.6390314,971.6796875,972.16796875,967.28515625,972.65625,0.0,0,0
1766593551.686413,1766593551.64293,908.203125,908.69140625,921.875,908.69140625,0.0,0,0
1766593551.686443,1766593551.6468287,-890.13671875,-889.16015625,-932.6171875,-889.6484375,0.0,0,0
1766593551.686477,1766593551.6507273,189.453125,189.94140625,106.4453125,189.94140625,0.0,0,0
1766593551.686508,1766593551.654626,-1000.0,-1000.0,-1000.0,-1000.0,0.0,0,0
1766593551.686538,1766593551.6585245,-984.375,-984.375,-980.46875,-984.375,0.0,0,0
1766593551.6865711,1766593551.6624231,-973.14453125,-973.14453125,-976.5625,-973.14453125,0.0,0,0
1766593551.6866019,1766593551.6663218,-1000.0,-1000.0,-1000.0,-1000.0,0.0,0,0
1766593551.732029,1766593551.6702824,-1000.0,-1000.0,-1000.0,-1000.0,0.0,0,0
1766593551.7321641,1766593551.674181,-1000.0,-1000.0,-1000.0,-1000.0,0.0,0,0
1766593551.7322052,1766593551.6780796,-1000.0,-1000.0,-1000.0,-1000.0,0.0,0,0
1766593551.732241,1766593551.6819782,-1000.0,-1000.0,-1000.0,-1000.0,0.0,0,0
1766593551.732276,1766593551.6858768,-1000.0,-1000.0,-1000.0,-1000.0,0.0,0,0
1766593551.73231,1766593551.6897755,-1000.0,-1000.0,-1000.0,-1000.0,0.0,0,0
1766593551.732343,1766593551.6936743,-1000.0,-1000.0,-1000.0,-1000.0,0.0,0,0
1766593551.732377,1766593551.697573,-1000.0,-1000.0,-1000.0,-1000.0,0.0,0,0
1766593551.732411,1766593551.7014716,-1000.0,-1000.0,-1000.0,-1000.0,0.0,0,0
1766593551.732445,1766593551.7053702,-1000.0,-1000.0,-1000.0,-1000.0,0.0,0,0
1766593551.73248,1766593551.7092688,-1000.0,-1000.0,-1000.0,-1000.0,0.0,0,0
1766593551.732513,1766593551.7131674,-1000.0,-1000.0,-1000.0,-1000.0,0.0,0,0
1766593551.7912462,1766593551.7171197,-1000.0,-1000.0,-1000.0,-1000.0,0.0,0,0
1766593551.791345,1766593551.7210186,-1000.0,-1000.0,-1000.0,-1000.0,0.0,0,0
1766593551.7913978,1766593551.7249172,-1000.0,-1000.0,-1000.0,-1000.0,0.0,0,0
1766593551.791446,1766593551.7288158,-1000.0,-1000.0,-1000.0,-1000.0,0.0,0,0
1766593551.7914932,1766593551.7327144,-1000.0,-1000.0,-1000.0,-1000.0,0.0,0,0
1766593551.79154,1766593551.736613,-1000.0,-1000.0,-1000.0,-1000.0,0.0,0,0
1766593551.7915862,1766593551.7405117,-1000.0,-1000.0,-1000.0,-1000.0,0.0,0,0
1766593551.791632,1766593551.7444103,-1000.0,-1000.0,-1000.0,-1000.0,0.0,0,0
1766593551.7916842,1766593551.748309,-1000.0,-1000.0,-1000.0,-1000.0,0.0,0,0
1766593551.7917252,1766593551.7522075,-1000.0,-1000.0,-1000.0,-1000.0,0.0,0,0
1766593551.791758,1766593551.7561064,-1000.0,-1000.0,-1000.0,-1000.0,0.0,0,0
1766593551.7917922,1766593551.760005,-1000.0,-1000.0,-1000.0,-1000.0,0.0,0,0
1766593551.836534,1766593551.764009,-1000.0,-1000.0,-1000.0,-1000.0,0.0,0,0
1766593551.8366342,1766593551.7679076,-1000.0,-1000.0,-1000.0,-1000.0,0.0,0,0
1766593551.8366878,1766593551.7718062,-1000.0,-1000.0,-1000.0,-1000.0,0.0,0,0
1766593551.836736,1766593551.7757049,-1000.0,-1000.0,-1000.0,-1000.0,0.0,0,0
1766593551.8367832,1766593551.7796037,-1000.0,-1000.0,-1000.0,-1000.0,0.0,0,0
1766593551.836831,1766593551.7835023,-1000.0,-1000.0,-1000.0,-1000.0,0.0,0,0
1766593551.836877,1766593551.787401,-1000.0,-1000.0,-1000.0,-1000.0,0.0,0,0
1766593551.8369238,1766593551.7912996,-1000.0,-1000.0,-1000.0,-1000.0,0.0,0,0
1766593551.83697,1766593551.7951982,-1000.0,-1000.0,-1000.0,-1000.0,0.0,0,0
1766593551.837012,1766593551.7990968,-1000.0,-1000.0,-1000.0,-1000.0,0.0,0,0
1766593551.837047,1766593551.8029957,-925.78125,-925.78125,-927.734375,-925.78125,0.0,0,0
1766593551.837095,1766593551.8068943,-1000.0,-1000.0,-1000.0,-1000.0,0.0,0,0
1766593551.8823528,1766593551.8108919,-597.16796875,-596.6796875,-527.34375,-581.0546875,0.0,0,0
1766593551.882505,1766593551.8147905,861.81640625,862.3046875,896.484375,872.55859375,0.0,0,0
1766593551.882563,1766593551.818689,-974.609375,-974.12109375,-987.3046875,-977.5390625,0.0,0,0
1766593551.882614,1766593551.8225877,913.0859375,913.57421875,919.43359375,915.0390625,0.0,0,0
1766593551.882664,1766593551.8264866,987.3046875,988.28125,986.328125,987.79296875,0.0,0,0
1766593551.8827279,1766593551.8303852,971.19140625,971.6796875,971.6796875,971.6796875,0.0,0,0
1766593551.882777,1766593551.8342838,971.19140625,971.6796875,971.6796875,971.6796875,0.0,0,0
1766593551.882829,1766593551.8381824,971.19140625,971.6796875,971.6796875,971.6796875,0.0,0,0
1766593551.8828878,1766593551.842081,970.703125,971.6796875,971.6796875,971.6796875,0.0,0,0
1766593551.882935,1766593551.84598,971.19140625,972.16796875,971.6796875,971.6796875,0.0,0,0
1766593551.882981,1766593551.8498785,971.19140625,971.6796875,971.6796875,971.6796875,0.0,0,0
1766593551.8830268,1766593551.8537772,970.703125,971.6796875,971.6796875,971.6796875,0.0,0,0
1766593551.927639,1766593551.8577678,971.19140625,971.6796875,971.6796875,971.6796875,0.0,0,0
1766593551.927775,1766593551.8616664,971.19140625,972.16796875,971.6796875,971.6796875,0.0,0,0
1766593551.927834,1766593551.865565,971.19140625,971.6796875,971.6796875,971.6796875,0.0,0,0
1766593551.927888,1766593551.8694637,971.19140625,971.6796875,971.6796875,971.6796875,0.0,0,0
1766593551.9279392,1766593551.8733623,971.19140625,971.6796875,971.6796875,971.6796875,0.0,0,0
1766593551.9279969,1766593551.8772612,971.19140625,971.6796875,971.6796875,971.6796875,0.0,0,0
1766593551.9280498,1766593551.8811598,971.19140625,971.6796875,972.16796875,971.6796875,0.0,0,0
1766593551.928103,1766593551.8850584,971.19140625,971.6796875,971.6796875,971.6796875,0.0,0,0
1766593551.928156,1766593551.888957,971.19140625,971.6796875,971.6796875,971.6796875,0.0,0,0
1766593551.9282079,1766593551.892856,971.19140625,971.6796875,971.6796875,971.6796875,0.0,0,0
1766593551.9282591,1766593551.8967545,971.19140625,971.6796875,971.6796875,971.6796875,0.0,0,0
1766593551.9283211,1766593551.9006531,971.19140625,971.6796875,971.6796875,971.6796875,0.0,0,0
1766593551.971796,1766593551.9046347,971.19140625,971.6796875,971.6796875,971.6796875,0.0,0,0
1766593551.9719172,1766593551.9085333,971.19140625,971.6796875,971.6796875,971.6796875,0.0,0,0
1766593551.9719732,1766593551.9124322,971.19140625,971.6796875,971.6796875,971.6796875,0.0,0,0
1766593551.972024,1766593551.9163308,971.19140625,971.6796875,971.6796875,971.6796875,0.0,0,0
1766593551.972072,1766593551.9202294,971.19140625,971.6796875,971.6796875,971.6796875,0.0,0,0
1766593551.97212,1766593551.924128,971.19140625,971.6796875,971.6796875,971.6796875,0.0,0,0
1766593551.972167,1766593551.928027,971.19140625,971.6796875,971.6796875,971.6796875,0.0,0,0
1766593551.972215,1766593551.9319255,971.19140625,971.6796875,971.6796875,971.6796875,0.0,0,0
1766593551.972275,1766593551.9358242,971.19140625,971.6796875,971.6796875,971.6796875,0.0,0,0
1766593551.972652,1766593551.939723,970.703125,971.6796875,971.6796875,971.6796875,0.0,0,0
1766593551.972703,1766593551.9436216,970.703125,971.6796875,971.6796875,971.6796875,0.0,0,0
1766593551.9727502,1766593551.9475203,971.19140625,971.6796875,971.6796875,971.6796875,0.0,0,0
1766593552.017131,1766593551.9514942,970.703125,971.6796875,972.16796875,971.6796875,0.0,0,0
1766593552.0172632,1766593551.9553928,970.703125,971.6796875,971.6796875,971.6796875,0.0,0,0
1766593552.0173209,1766593551.9592917,971.19140625,971.6796875,971.6796875,971.6796875,0.0,0,0
1766593552.017375,1766593551.9631903,970.703125,971.6796875,971.6796875,971.6796875,0.0,0,0
1766593552.017426,1766593551.967089,970.703125,971.6796875,971.6796875,971.6796875,0.0,0,0
1766593552.017463,1766593551.9709876,971.19140625,971.6796875,971.6796875,971.6796875,0.0,0,0
1766593552.0175009,1766593551.9748864,971.19140625,971.6796875,971.6796875,971.6796875,0.0,0,0
1766593552.017538,1766593551.978785,970.703125,971.6796875,971.6796875,971.6796875,0.0,0,0
1766593552.017575,1766593551.9826837,971.19140625,971.6796875,971.6796875,971.6796875,0.0,0,0
1766593552.017612,1766593551.9865825,971.19140625,971.6796875,971.6796875,971.6796875,0.0,0,0
1766593552.0176482,1766593551.9904811,971.19140625,971.6796875,971.6796875,971.6796875,0.0,0,0
1766593552.017697,1766593551.9943798,971.19140625,971.6796875,971.6796875,971.6796875,0.0,0,0
1766593552.062239,1766593551.998347,972.16796875,972.65625,972.16796875,972.65625,0.0,0,0
1766593552.0623848,1766593552.0022457,965.8203125,966.796875,970.21484375,966.30859375,0.0,0,0
1766593552.06247,1766593552.0061443,916.50390625,917.48046875,912.59765625,917.48046875,0.0,0,0
1766593552.062537,1766593552.0100431,-897.4609375,-896.97265625,-893.06640625,-896.97265625,0.0,0,0
1766593552.062606,1766593552.0139418,87.890625,88.37890625,150.390625,88.37890625,0.0,0,0
1766593552.062679,1766593552.0178404,-1000.0,-1000.0,-1000.0,-1000.0,0.0,0,0
1766593552.062753,1766593552.0217392,-969.7265625,-969.7265625,-978.515625,-969.7265625,0.0,0,0
1766593552.062819,1766593552.0256379,-980.95703125,-980.95703125,-976.07421875,-980.95703125,0.0,0,0
1766593552.062884,1766593552.0295367,-1000.0,-1000.0,-1000.0,-1000.0,0.0,0,0
1766593552.062946,1766593552.0334353,-1000.0,-1000.0,-1000.0,-1000.0,0.0,0,0
1766593552.063006,1766593552.037334,-1000.0,-1000.0,-1000.0,-1000.0,0.0,0,0
1766593552.063064,1766593552.0412328,-1000.0,-1000.0,-1000.0,-1000.0,0.0,0,0
1766593552.1070871,1766593552.0451932,-1000.0,-1000.0,-1000.0,-1000.0,0.0,0,0
1766593552.107218,1766593552.049092,-1000.0,-1000.0,-1000.0,-1000.0,0.0,0,0
1766593552.1072729,1766593552.0529907,-1000.0,-1000.0,-1000.0,-1000.0,0.0,0,0
1766593552.107321,1766593552.0568895,-1000.0,-1000.0,-1000.0,-1000.0,0.0,0,0
1766593552.107369,1766593552.0607882,-1000.0,-1000.0,-1000.0,-1000.0,0.0,0,0
1766593552.107415,1766593552.0646868,-1000.0,-1000.0,-1000.0,-1000.0,0.0,0,0
1766593552.107481,1766593552.0685856,-1000.0,-1000.0,-1000.0,-1000.0,0.0,0,0
1766593552.107527,1766593552.0724843,-1000.0,-1000.0,-1000.0,-1000.0,0.0,0,0
1766593552.107573,1766593552.0763829,-1000.0,-1000.0,-1000.0,-1000.0,0.0,0,0
1766593552.107619,1766593552.0802817,-1000.0,-1000.0,-1000.0,-1000.0,0.0,0,0
1766593552.1076632,1766593552.0841804,-1000.0,-1000.0,-1000.0,-1000.0,0.0,0,0
1766593552.107717,1766593552.0880792,-1000.0,-1000.0,-1000.0,-1000.0,0.0,0,0
1766593552.166977,1766593552.0920339,-1000.0,-1000.0,-1000.0,-1000.0,0.0,0,0
1766593552.167148,1766593552.0959325,-1000.0,-1000.0,-1000.0,-1000.0,0.0,0,0
1766593552.1672032,1766593552.0998313,-1000.0,-1000.0,-1000.0,-1000.0,0.0,0,0
1766593552.16725,1766593552.10373,-1000.0,-1000.0,-1000.0,-1000.0,0.0,0,0
1766593552.1672971,1766593552.1076288,-1000.0,-1000.0,-1000.0,-1000.0,0.0,0,0
1766593552.167344,1766593552.1115274,-1000.0,-1000.0,-1000.0,-1000.0,0.0,0,0
1766593552.1673942,1766593552.115426,-1000.0,-1000.0,-1000.0,-1000.0,0.0,0,0
1766593552.167448,1766593552.119325,-1000.0,-1000.0,-1000.0,-1000.0,0.0,0,0
1766593552.1674938,1766593552.1232235,-1000.0,-1000.0,-1000.0,-1000.0,0.0,0,0
1766593552.16754,1766593552.1271224,-1000.0,-1000.0,-1000.0,-1000.0,0.0,0,0
1766593552.1675909,1766593552.131021,-1000.0,-1000.0,-1000.0,-1000.0,0.0,0,0
1766593552.167648,1766593552.1349196,-1000.0,-1000.0,-1000.0,-1000.0,0.0,0,0
1766593552.211842,1766593552.1388686,-1000.0,-1000.0,-1000.0,-1000.0,0.0,0,0
1766593552.211966,1766593552.1427672,-1000.0,-1000.0,-1000.0,-1000.0,0.0,0,0
1766593552.2120252,1766593552.146666,-1000.0,-1000.0,-1000.0,-1000.0,0.0,0,0
1766593552.212072,1766593552.1505647,-1000.0,-1000.0,-1000.0,-1000.0,0.0,0,0
1766593552.212119,1766593552.1544633,-1000.0,-1000.0,-1000.0,-1000.0,0.0,0,0
1766593552.212165,1766593552.1583622,-1000.0,-1000.0,-1000.0,-1000.0,0.0,0,0
1766593552.212212,1766593552.1622608,-1000.0,-1000.0,-1000.0,-1000.0,0.0,0,0
1766593552.212258,1766593552.1661596,-1000.0,-1000.0,-1000.0,-1000.0,0.0,0,0
1766593552.2123048,1766593552.1700583,-1000.0,-1000.0,-1000.0,-1000.0,0.0,0,0
1766593552.212353,1766593552.173957,-1000.0,-1000.0,-975.09765625,-1000.0,0.0,0,0
1766593552.212404,1766593552.1778557,-1000.0,-1000.0,-982.421875,-1000.0,0.0,0,0
1766593552.2124522,1766593552.1817544,-1000.0,-1000.0,-1000.0,-1000.0,0.0,0,0
1766593552.256931,1766593552.185751,-1000.0,-1000.0,-998.53515625,-1000.0,0.0,0,0
1766593552.2570171,1766593552.1896496,-1000.0,-1000.0,-1000.0,-1000.0,0.0,0,0
1766593552.257066,1766593552.1935484,-1000.0,-1000.0,-1000.0,-1000.0,0.0,0,0
1766593552.257113,1766593552.197447,-925.29296875,-925.29296875,-926.26953125,-925.29296875,0.0,0,0
1766593552.2571661,1766593552.201346,-1000.0,-1000.0,-1000.0,-1000.0,0.0,0,0
1766593552.257212,1766593552.2052445,-508.7890625,-508.30078125,-537.109375,-508.7890625,0.0,0,0
1766593552.2572641,1766593552.2091434,917.96875,918.9453125,896.97265625,918.45703125,0.0,0,0
1766593552.2573152,1766593552.213042,-993.1640625,-992.67578125,-986.328125,-993.1640625,0.0,0,0
1766593552.257366,1766593552.2169409,920.41015625,920.8984375,918.9453125,920.8984375,0.0,0,0
1766593552.2574148,1766593552.2208395,985.83984375,986.328125,986.81640625,986.328125,0.0,0,0
1766593552.2574651,1766593552.2247384,970.703125,971.6796875,972.16796875,971.6796875,0.0,0,0
1766593552.2575161,1766593552.228637,971.19140625,971.6796875,972.16796875,971.6796875,0.0,0,0
1766593552.301891,1766593552.232626,971.19140625,971.6796875,971.6796875,971.6796875,0.0,0,0
1766593552.302054,1766593552.2365246,971.19140625,971.6796875,971.6796875,971.6796875,0.0,0,0
1766593552.302133,1766593552.2404234,971.19140625,971.6796875,971.6796875,971.6796875,0.0,0,0
1766593552.3022022,1766593552.244322,971.19140625,971.6796875,972.16796875,971.6796875,0.0,0,0
1766593552.302279,1766593552.248221,970.703125,971.6796875,971.6796875,971.6796875,0.0,0,0
1766593552.3023438,1766593552.2521195,971.19140625,972.16796875,971.6796875,971.6796875,0.0,0,0
1766593552.3024142,1766593552.2560184,971.19140625,971.6796875,971.6796875,971.6796875,0.0,0,0
1766593552.3025112,1766593552.259917,971.19140625,971.6796875,971.6796875,971.6796875,0.0,0,0
1766593552.3025842,1766593552.2638159,971.19140625,971.6796875,971.6796875,971.6796875,0.0,0,0
1766593552.302647,1766593552.2677145,971.19140625,971.6796875,971.6796875,971.6796875,0.0,0,0
1766593552.30271,1766593552.2716134,971.19140625,971.6796875,971.6796875,971.6796875,0.0,0,0
1766593552.302773,1766593552.275512,971.19140625,971.6796875,971.6796875,971.6796875,0.0,0,0
1766593552.347347,1766593552.2794933,971.19140625,971.6796875,971.6796875,971.6796875,0.0,0,0
1766593552.347454,1766593552.2833922,971.19140625,971.6796875,971.6796875,971.6796875,0.0,0,0
1766593552.3475132,1766593552.2872908,971.19140625,971.6796875,971.6796875,971.6796875,0.0,0,0
1766593552.347567,1766593552.2911897,971.19140625,971.6796875,971.6796875,971.6796875,0.0,0,0
1766593552.347619,1766593552.2950883,971.19140625,971.6796875,971.6796875,971.6796875,0.0,0,0
1766593552.347669,1766593552.2989872,971.19140625,971.6796875,971.6796875,971.6796875,0.0,0,0
1766593552.347722,1766593552.3028858,971.19140625,971.6796875,971.6796875,972.16796875,0.0,0,0
1766593552.348115,1766593552.3067846,970.703125,971.6796875,971.6796875,971.6796875,0.0,0,0
1766593552.348172,1766593552.3106833,970.703125,971.6796875,971.6796875,971.6796875,0.0,0,0
1766593552.348223,1766593552.314582,970.703125,971.6796875,971.6796875,971.6796875,0.0,0,0
1766593552.348275,1766593552.318481,971.19140625,971.6796875,971.6796875,971.6796875,0.0,0,0
1766593552.348332,1766593552.3223796,970.703125,971.6796875,971.6796875,971.6796875,0.0,0,0
1766593552.391992,1766593552.3263538,970.703125,971.6796875,971.6796875,971.6796875,0.0,0,0
1766593552.392092,1766593552.3302526,971.19140625,971.6796875,971.6796875,971.6796875,0.0,0,0
1766593552.3921459,1766593552.3341513,971.19140625,971.6796875,971.6796875,971.6796875,0.0,0,0
1766593552.3921971,1766593552.3380501,971.19140625,971.6796875,971.6796875,971.6796875,0.0,0,0
1766593552.39225,1766593552.341949,971.19140625,971.6796875,971.6796875,971.6796875,0.0,0,0
1766593552.3923001,1766593552.3458476,971.19140625,971.6796875,971.6796875,971.6796875,0.0,0,0
1766593552.392351,1766593552.3497465,971.19140625,971.6796875,971.6796875,971.6796875,0.0,0,0
1766593552.392401,1766593552.353645,970.703125,971.6796875,971.6796875,971.6796875,0.0,0,0
1766593552.392451,1766593552.357544,970.703125,971.6796875,971.6796875,971.6796875,0.0,0,0
1766593552.392502,1766593552.3614428,986.81640625,987.3046875,987.3046875,987.3046875,0.0,0,0
1766593552.392551,1766593552.3653414,902.34375,901.85546875,904.296875,902.83203125,0.0,0,0
1766593552.392601,1766593552.3692403,-931.15234375,-927.24609375,-934.08203125,-930.6640625,0.0,0,0
1766593552.4505768,1766593552.373207,661.1328125,647.94921875,674.8046875,661.62109375,0.0,0,0
1766593552.450722,1766593552.377106,-789.0625,-804.19921875,-772.4609375,-789.0625,0.0,0,0
1766593552.450784,1766593552.3810046,-1000.0,-1000.0,-1000.0,-1000.0,0.0,0,0
1766593552.450834,1766593552.3849034,-938.4765625,-938.96484375,-937.98828125,-938.4765625,0.0,0,0
1766593552.450887,1766593552.3888023,-1000.0,-1000.0,-1000.0,-1000.0,0.0,0,0
1766593552.450934,1766593552.392701,-1000.0,-1000.0,-1000.0,-1000.0,0.0,0,0
1766593552.450979,1766593552.3965998,-1000.0,-1000.0,-1000.0,-1000.0,0.0,0,0
1766593552.451025,1766593552.4004986,-1000.0,-1000.0,-1000.0,-1000.0,0.0,0,0
1766593552.4510841,1766593552.4043972,-1000.0,-1000.0,-1000.0,-1000.0,0.0,0,0
1766593552.4511302,1766593552.408296,-1000.0,-1000.0,-1000.0,-1000.0,0.0,0,0
1766593552.451176,1766593552.4121947,-1000.0,-1000.0,-1000.0,-1000.0,0.0,0,0
1766593552.451221,1766593552.4160936,-1000.0,-1000.0,-1000.0,-1000.0,0.0,0,0
1766593552.482857,1766593552.4200606,-1000.0,-1000.0,-1000.0,-1000.0,0.0,0,0
1766593552.483008,1766593552.4239593,-1000.0,-1000.0,-1000.0,-1000.0,0.0,0,0
1766593552.483045,1766593552.427858,-1000.0,-1000.0,-1000.0,-1000.0,0.0,0,0
1766593552.483079,1766593552.431757,-1000.0,-1000.0,-1000.0,-1000.0,0.0,0,0
1766593552.483115,1766593552.4356556,-1000.0,-1000.0,-1000.0,-1000.0,0.0,0,0
1766593552.483149,1766593552.4395545,-1000.0,-1000.0,-1000.0,-1000.0,0.0,0,0
1766593552.4831822,1766593552.4434533,-1000.0,-1000.0,-1000.0,-1000.0,0.0,0,0
1766593552.483215,1766593552.447352,-1000.0,-1000.0,-1000.0,-1000.0,0.0,0,0
1766593552.483259,1766593552.4512508,-1000.0,-1000.0,-1000.0,-1000.0,0.0,0,0
1766593552.4832928,1766593552.4551497,-1000.0,-1000.0,-1000.0,-1000.0,0.0,0,0
1766593552.483328,1766593552.4590483,-1000.0,-1000.0,-1000.0,-1000.0,0.0,0,0
1766593552.483361,1766593552.4629471,-1000.0,-1000.0,-1000.0,-1000.0,0.0,0,0
1766593552.541677,1766593552.4669018,-1000.0,-1000.0,-1000.0,-1000.0,0.0,0,0
1766593552.5418339,1766593552.4708006,-1000.0,-1000.0,-1000.0,-1000.0,0.0,0,0
1766593552.541885,1766593552.4746995,-1000.0,-1000.0,-1000.0,-1000.0,0.0,0,0
1766593552.541932,1766593552.478598,-1000.0,-1000.0,-1000.0,-1000.0,0.0,0,0
1766593552.5419781,1766593552.482497,-1000.0,-1000.0,-1000.0,-1000.0,0.0,0,0
1766593552.542024,1766593552.4863958,-1000.0,-1000.0,-1000.0,-1000.0,0.0,0,0
1766593552.54207,1766593552.4902945,-1000.0,-1000.0,-1000.0,-1000.0,0.0,0,0
1766593552.5421162,1766593552.4941933,-1000.0,-1000.0,-1000.0,-1000.0,0.0,0,0
1766593552.5421708,1766593552.4980922,-1000.0,-1000.0,-990.72265625,-1000.0,0.0,0,0
1766593552.542219,1766593552.5019908,-937.5,-937.5,-953.61328125,-937.5,0.0,0,0
1766593552.542269,1766593552.5058897,-1000.0,-1000.0,-1000.0,-1000.0,0.0,0,0
1766593552.542315,1766593552.5097885,-219.23828125,-218.75,-58.10546875,-218.75,0.0,0,0
1766593552.586285,1766593552.5137339,-957.51953125,-956.54296875,-975.5859375,-957.03125,0.0,0,0
1766593552.5863528,1766593552.5176325,954.58984375,955.56640625,-302.734375,955.56640625,0.0,0,0
1766593552.586381,1766593552.5215313,943.84765625,944.82421875,-1000.0,944.3359375,0.0,0,0
1766593552.586405,1766593552.5254302,978.02734375,978.515625,-945.3125,978.515625,0.0,0,0
1766593552.586488,1766593552.5293288,971.19140625,972.16796875,-998.046875,972.16796875,0.0,0,0
1766593552.586517,1766593552.5332277,971.19140625,972.16796875,-1000.0,971.6796875,0.0,0,0
1766593552.586541,1766593552.5371265,971.19140625,971.6796875,-1000.0,971.6796875,0.0,0,0
1766593552.586565,1766593552.5410252,971.19140625,972.16796875,-1000.0,971.6796875,0.0,0,0
1766593552.5865889,1766593552.544924,971.19140625,972.16796875,-1000.0,971.6796875,0.0,0,0
1766593552.586612,1766593552.5488229,971.19140625,972.16796875,-1000.0,972.16796875,0.0,0,0
1766593552.586635,1766593552.5527215,971.6796875,972.16796875,-1000.0,971.6796875,0.0,0,0
1766593552.586658,1766593552.5566204,971.6796875,972.16796875,-1000.0,971.6796875,0.0,0,0
1766593552.632876,1766593552.5606165,971.19140625,971.6796875,-1000.0,972.16796875,0.0,0,0
1766593552.633064,1766593552.5645154,971.19140625,972.16796875,-1000.0,971.6796875,0.0,0,0
1766593552.633158,1766593552.568414,971.19140625,972.16796875,-982.421875,971.6796875,0.0,0,0
1766593552.633218,1766593552.5723128,971.19140625,972.16796875,-969.7265625,971.6796875,0.0,0,0
1766593552.6332722,1766593552.5762117,971.19140625,972.16796875,-1000.0,971.6796875,0.0,0,0
1766593552.633323,1766593552.5801105,971.19140625,971.6796875,59.5703125,971.6796875,0.0,0,0
1766593552.633374,1766593552.5840092,971.19140625,971.6796875,-912.59765625,972.16796875,0.0,0,0
1766593552.6334238,1766593552.587908,971.19140625,971.6796875,924.8046875,971.6796875,0.0,0,0
1766593552.633474,1766593552.591807,970.703125,971.6796875,962.890625,971.6796875,0.0,0,0
1766593552.6335309,1766593552.5957055,971.19140625,971.6796875,974.12109375,971.6796875,0.0,0,0
1766593552.633587,1766593552.5996044,971.19140625,971.6796875,971.6796875,971.6796875,0.0,0,0
1766593552.6336372,1766593552.6035032,970.703125,971.6796875,971.6796875,971.6796875,0.0,0,0
1766593552.6764102,1766593552.6074913,970.703125,971.6796875,971.6796875,971.6796875,0.0,0,0
1766593552.676498,1766593552.61139,970.703125,971.6796875,971.6796875,971.6796875,0.0,0,0
1766593552.6765409,1766593552.615289,970.703125,971.6796875,971.6796875,971.6796875,0.0,0,0
1766593552.6765811,1766593552.6191876,971.19140625,971.6796875,971.6796875,971.6796875,0.0,0,0
1766593552.676619,1766593552.6230865,971.19140625,971.6796875,971.6796875,971.6796875,0.0,0,0
1766593552.676657,1766593552.6269853,971.19140625,971.6796875,971.6796875,971.6796875,0.0,0,0
1766593552.676694,1766593552.6308842,970.703125,971.6796875,971.6796875,971.6796875,0.0,0,0
1766593552.6767318,1766593552.6347828,970.703125,971.6796875,971.6796875,971.6796875,0.0,0,0
1766593552.676769,1766593552.6386817,971.19140625,971.6796875,971.6796875,971.6796875,0.0,0,0
1766593552.676806,1766593552.6425805,971.19140625,971.6796875,971.6796875,971.6796875,0.0,0,0
1766593552.676843,1766593552.6464794,971.19140625,971.6796875,971.6796875,971.6796875,0.0,0,0
1766593552.6768792,1766593552.650378,970.703125,971.6796875,971.6796875,971.6796875,0.0,0,0
1766593552.7212238,1766593552.6543574,970.703125,971.6796875,971.6796875,971.6796875,0.0,0,0
1766593552.721288,1766593552.6582563,971.19140625,971.6796875,971.6796875,971.19140625,0.0,0,0
1766593552.7213151,1766593552.6621552,971.19140625,971.6796875,971.6796875,971.6796875,0.0,0,0
1766593552.72134,1766593552.666054,971.19140625,971.6796875,971.19140625,971.6796875,0.0,0,0
1766593552.721499,1766593552.6699529,971.19140625,971.6796875,971.6796875,971.6796875,0.0,0,0
1766593552.721525,1766593552.6738515,971.19140625,971.6796875,971.6796875,971.6796875,0.0,0,0
1766593552.721549,1766593552.6777503,970.703125,971.6796875,971.6796875,971.6796875,0.0,0,0
1766593552.721573,1766593552.6816492,971.19140625,971.6796875,971.6796875,971.6796875,0.0,0,0
1766593552.721597,1766593552.685548,971.19140625,971.6796875,971.6796875,971.6796875,0.0,0,0
1766593552.72162,1766593552.689447,970.703125,971.6796875,971.6796875,971.6796875,0.0,0,0
1766593552.721643,1766593552.6933458,970.703125,971.6796875,971.6796875,971.6796875,0.0,0,0
1766593552.721667,1766593552.6972444,970.703125,971.6796875,971.6796875,971.6796875,0.0,0,0
1766593552.7668428,1766593552.7012181,971.19140625,971.6796875,971.6796875,971.6796875,0.0,0,0
1766593552.7669919,1766593552.705117,971.19140625,971.6796875,971.6796875,971.6796875,0.0,0,0
1766593552.767073,1766593552.7090158,971.19140625,971.6796875,971.6796875,971.6796875,0.0,0,0
1766593552.7671459,1766593552.7129147,970.703125,971.6796875,971.6796875,971.6796875,0.0,0,0
1766593552.7672179,1766593552.7168136,971.19140625,971.6796875,971.6796875,971.6796875,0.0,0,0
1766593552.76729,1766593552.7207122,971.19140625,971.6796875,971.6796875,971.6796875,0.0,0,0
1766593552.767362,1766593552.724611,971.19140625,971.6796875,971.6796875,971.6796875,0.0,0,0
1766593552.767435,1766593552.72851,970.703125,971.6796875,971.6796875,971.6796875,0.0,0,0
1766593552.767505,1766593552.7324088,970.703125,971.6796875,971.6796875,971.6796875,0.0,0,0
1766593552.767574,1766593552.7363076,971.19140625,971.6796875,971.6796875,971.6796875,0.0,0,0
1766593552.767643,1766593552.7402065,970.703125,971.6796875,971.6796875,971.6796875,0.0,0,0
1766593552.767711,1766593552.744105,970.703125,971.6796875,971.6796875,971.6796875,0.0,0,0
1766593552.811852,1766593552.7480721,971.19140625,971.6796875,971.6796875,971.6796875,0.0,0,0
1766593552.81195,1766593552.751971,970.703125,971.6796875,971.6796875,971.6796875,0.0,0,0
1766593552.812022,1766593552.7558699,971.19140625,971.6796875,971.6796875,971.6796875,0.0,0,0
1766593552.812076,1766593552.7597687,971.19140625,971.6796875,971.6796875,971.6796875,0.0,0,0
1766593552.8121269,1766593552.7636676,970.703125,971.6796875,971.6796875,971.6796875,0.0,0,0
1766593552.8121789,1766593552.7675662,970.703125,971.6796875,971.6796875,971.6796875,0.0,0,0
1766593552.8122299,1766593552.771465,984.375,985.3515625,984.86328125,985.83984375,0.0,0,0
1766593552.8122811,1766593552.775364,916.50390625,917.48046875,918.45703125,916.015625,0.0,0,0
1766593552.812332,1766593552.7792628,-976.07421875,-975.5859375,-976.07421875,-971.19140625,0.0,0,0
1766593552.812383,1766593552.7831616,832.51953125,833.0078125,828.125,817.87109375,0.0,0,0
1766593552.812433,1766593552.7870605,-575.1953125,-575.1953125,-570.3125,-594.7265625,0.0,0,0
1766593552.812483,1766593552.7909594,-1000.0,-1000.0,-1000.0,-1000.0,0.0,0,0
1766593552.856645,1766593552.7949185,-933.10546875,-933.10546875,-934.08203125,-933.59375,0.0,0,0
1766593552.856725,1766593552.7988174,-1000.0,-1000.0,-1000.0,-1000.0,0.0,0,0
1766593552.8567638,1766593552.8027163,-1000.0,-1000.0,-1000.0,-1000.0,0.0,0,0
1766593552.8568,1766593552.806615,-1000.0,-1000.0,-1000.0,-1000.0,0.0,0,0
1766593552.856834,1766593552.810514,-1000.0,-1000.0,-1000.0,-1000.0,0.0,0,0
1766593552.856867,1766593552.8144128,-1000.0,-1000.0,-1000.0,-1000.0,0.0,0,0
1766593552.8569002,1766593552.8183117,-1000.0,-1000.0,-1000.0,-1000.0,0.0,0,0
1766593552.8569338,1766593552.8222106,-1000.0,-1000.0,-1000.0,-1000.0,0.0,0,0
1766593552.856967,1766593552.8261094,-1000.0,-1000.0,-1000.0,-1000.0,0.0,0,0
1766593552.857009,1766593552.830008,-1000.0,-1000.0,-1000.0,-1000.0,0.0,0,0
1766593552.857041,1766593552.833907,-1000.0,-1000.0,-1000.0,-1000.0,0.0,0,0
1766593552.857074,1766593552.8378057,-1000.0,-1000.0,-1000.0,-1000.0,0.0,0,0
1766593552.915381,1766593552.84176,-1000.0,-1000.0,-1000.0,-1000.0,0.0,0,0
1766593552.915471,1766593552.8456588,-1000.0,-1000.0,-1000.0,-1000.0,0.0,0,0
1766593552.915505,1766593552.8495574,-1000.0,-1000.0,-1000.0,-1000.0,0.0,0,0
1766593552.9155352,1766593552.8534563,-1000.0,-1000.0,-1000.0,-1000.0,0.0,0,0
1766593552.9155672,1766593552.857355,-1000.0,-1000.0,-1000.0,-1000.0,0.0,0,0
1766593552.915599,1766593552.861254,-1000.0,-1000.0,-1000.0,-1000.0,0.0,0,0
1766593552.91563,1766593552.8651528,-1000.0,-1000.0,-1000.0,-1000.0,0.0,0,0
1766593552.915665,1766593552.8690517,-1000.0,-1000.0,-1000.0,-1000.0,0.0,0,0
1766593552.9156961,1766593552.8729506,-1000.0,-1000.0,-1000.0,-1000.0,0.0,0,0
1766593552.9157288,1766593552.8768494,-1000.0,-1000.0,-1000.0,-1000.0,0.0,0,0
1766593552.915759,1766593552.8807483,-1000.0,-1000.0,-1000.0,-1000.0,0.0,0,0
1766593552.9157891,1766593552.8846471,-1000.0,-1000.0,-1000.0,-1000.0,0.0,0,0
1766593552.962155,1766593552.8885934,-1000.0,-1000.0,-1000.0,-1000.0,0.0,0,0
1766593552.962305,1766593552.8924923,-1000.0,-1000.0,-1000.0,-1000.0,0.0,0,0
1766593552.962362,1766593552.8963912,-1000.0,-1000.0,-1000.0,-1000.0,0.0,0,0
1766593552.962413,1766593552.90029,-1000.0,-1000.0,-1000.0,-1000.0,0.0,0,0
1766593552.9624598,1766593552.9041889,-1000.0,-1000.0,-1000.0,-1000.0,0.0,0,0
1766593552.962507,1766593552.9080877,-1000.0,-1000.0,-1000.0,-1000.0,0.0,0,0
1766593552.962553,1766593552.9119866,-1000.0,-1000.0,-1000.0,-1000.0,0.0,0,0
1766593552.9625988,1766593552.9158854,-1000.0,-1000.0,-1000.0,-1000.0,0.0,0,0
1766593552.962645,1766593552.9197843,-1000.0,-1000.0,-1000.0,-1000.0,0.0,0,0
1766593552.962691,1766593552.9236832,-1000.0,-1000.0,-1000.0,-1000.0,0.0,0,0
1766593552.9627361,1766593552.927582,-1000.0,-1000.0,-1000.0,-1000.0,0.0,0,0
1766593552.962782,1766593552.931481,-1000.0,-1000.0,-1000.0,-1000.0,0.0,0,0
1766593553.00712,1766593552.9354765,-1000.0,-1000.0,-1000.0,-1000.0,0.0,0,0
1766593553.007231,1766593552.9393754,-1000.0,-1000.0,-1000.0,-1000.0,0.0,0,0
1766593553.007287,1766593552.9432743,-1000.0,-1000.0,-1000.0,-1000.0,0.0,0,0
1766593553.0073369,1766593552.947173,-927.24609375,-927.24609375,-928.22265625,-927.24609375,0.0,0,0
1766593553.007392,1766593552.951072,-1000.0,-1000.0,-1000.0,-1000.0,0.0,0,0
1766593553.0074399,1766593552.9549708,-415.52734375,-415.0390625,-422.36328125,-415.52734375,0.0,0,0
1766593553.007493,1766593552.9588697,966.796875,967.28515625,959.9609375,967.28515625,0.0,0,0
1766593553.007553,1766593552.9627686,988.28125,989.2578125,991.2109375,988.76953125,0.0,0,0
1766593553.007604,1766593552.9666674,927.734375,928.7109375,927.734375,928.7109375,0.0,0,0
1766593553.007686,1766593552.9705663,983.3984375,983.88671875,983.88671875,983.88671875,0.0,0,0
1766593553.00774,1766593552.9744651,971.19140625,971.6796875,971.6796875,971.6796875,0.0,0,0
1766593553.00779,1766593552.978364,971.19140625,971.6796875,971.6796875,971.6796875,0.0,0,0
1766593553.0534542,1766593552.9823534,971.19140625,971.6796875,971.6796875,971.6796875,0.0,0,0
1766593553.05361,1766593552.9862523,970.703125,971.6796875,971.6796875,971.6796875,0.0,0,0
1766593553.053668,1766593552.9901512,970.703125,971.6796875,971.6796875,971.6796875,0.0,0,0
1766593553.0537238,1766593552.99405,970.703125,971.6796875,971.6796875,971.6796875,0.0,0,0
1766593553.0537758,1766593552.997949,970.703125,971.6796875,971.6796875,971.6796875,0.0,0,0
1766593553.0538251,1766593553.0018477,971.19140625,971.6796875,971.6796875,971.6796875,0.0,0,0
1766593553.0538728,1766593553.0057466,971.19140625,971.6796875,971.6796875,971.6796875,0.0,0,0
1766593553.05392,1766593553.0096455,970.703125,971.6796875,971.6796875,971.6796875,0.0,0,0
1766593553.053968,1766593553.0135443,971.19140625,971.6796875,971.6796875,971.6796875,0.0,0,0
1766593553.054139,1766593553.0174432,971.19140625,971.6796875,971.6796875,971.6796875,0.0,0,0
1766593553.05423,1766593553.021342,971.19140625,971.6796875,971.6796875,971.6796875,0.0,0,0
1766593553.054317,1766593553.025241,971.19140625,971.6796875,971.6796875,971.6796875,0.0,0,0
1766593553.09665,1766593553.029223,971.19140625,971.6796875,971.6796875,971.6796875,0.0,0,0
1766593553.096767,1766593553.0331218,970.703125,971.6796875,971.6796875,971.6796875,0.0,0,0
1766593553.097127,1766593553.0370207,970.703125,971.6796875,971.6796875,971.6796875,0.0,0,0
1766593553.0971708,1766593553.0409195,970.703125,971.6796875,971.6796875,971.6796875,0.0,0,0
1766593553.0972102,1766593553.0448184,970.703125,971.6796875,971.6796875,971.6796875,0.0,0,0
1766593553.097248,1766593553.0487173,970.703125,971.6796875,971.6796875,971.6796875,0.0,0,0
1766593553.097285,1766593553.0526164,971.19140625,971.6796875,971.6796875,971.6796875,0.0,0,0
1766593553.097322,1766593553.0565152,971.19140625,971.6796875,971.6796875,971.6796875,0.0,0,0
1766593553.097357,1766593553.060414,971.19140625,971.6796875,971.6796875,971.6796875,0.0,0,0
1766593553.0973928,1766593553.064313,971.19140625,971.6796875,971.6796875,971.6796875,0.0,0,0
1766593553.097441,1766593553.0682118,971.19140625,971.6796875,971.6796875,971.6796875,0.0,0,0
1766593553.0974772,1766593553.0721107,970.703125,971.6796875,971.6796875,971.6796875,0.0,0,0
1766593553.141852,1766593553.0760858,971.19140625,971.6796875,971.6796875,971.6796875,0.0,0,0
1766593553.14199,1766593553.079985,971.19140625,971.6796875,971.6796875,971.19140625,0.0,0,0
1766593553.1420329,1766593553.0838838,971.19140625,971.6796875,971.6796875,971.6796875,0.0,0,0
1766593553.1420732,1766593553.0877826,971.19140625,971.6796875,971.6796875,971.6796875,0.0,0,0
1766593553.142112,1766593553.0916815,971.19140625,971.6796875,971.6796875,971.6796875,0.0,0,0
1766593553.1421492,1766593553.0955803,971.19140625,971.6796875,971.6796875,971.6796875,0.0,0,0
1766593553.142186,1766593553.0994792,970.703125,971.6796875,971.6796875,971.6796875,0.0,0,0
1766593553.14224,1766593553.103378,970.703125,971.6796875,971.6796875,971.6796875,0.0,0,0
1766593553.142286,1766593553.107277,970.703125,971.6796875,971.6796875,971.6796875,0.0,0,0
1766593553.142331,1766593553.1111758,970.703125,971.6796875,971.6796875,971.6796875,0.0,0,0
1766593553.142376,1766593553.1150749,977.5390625,978.515625,978.02734375,978.515625,0.0,0,0
1766593553.142421,1766593553.1189737,943.359375,944.3359375,942.3828125,944.3359375,0.0,0,0
1766593553.187406,1766593553.1229408,954.58984375,955.078125,965.8203125,955.56640625,0.0,0,0
1766593553.1875148,1766593553.1268396,-958.0078125,-957.03125,988.28125,-957.03125,0.0,0,0
1766593553.187567,1766593553.1307385,-219.23828125,-218.75,-260.7421875,-218.75,0.0,0,0
1766593553.1876202,1766593553.1346374,-1000.0,-1000.0,-1000.0,-1000.0,0.0,0,0
1766593553.187667,1766593553.1385365,-937.5,-937.5,-942.3828125,-937.5,0.0,0,0
1766593553.1877172,1766593553.1424353,-1000.0,-1000.0,-1000.0,-1000.0,0.0,0,0
1766593553.187762,1766593553.1463342,-1000.0,-1000.0,-1000.0,-1000.0,0.0,0,0
1766593553.18781,1766593553.150233,-1000.0,-1000.0,-1000.0,-1000.0,0.0,0,0
1766593553.187855,1766593553.154132,-1000.0,-1000.0,-1000.0,-1000.0,0.0,0,0
1766593553.1878998,1766593553.1580307,-1000.0,-1000.0,-1000.0,-1000.0,0.0,0,0
1766593553.187946,1766593553.1619296,-1000.0,-1000.0,-1000.0,-1000.0,0.0,0,0
1766593553.187993,1766593553.1658285,-1000.0,-1000.0,-1000.0,-1000.0,0.0,0,0
1766593553.231955,1766593553.1697884,-1000.0,-1000.0,-1000.0,-1000.0,0.0,0,0
1766593553.232092,1766593553.1736872,-1000.0,-1000.0,-1000.0,-1000.0,0.0,0,0
1766593553.232149,1766593553.177586,-1000.0,-1000.0,-1000.0,-1000.0,0.0,0,0
1766593553.232186,1766593553.1814852,-1000.0,-1000.0,-1000.0,-1000.0,0.0,0,0
1766593553.232221,1766593553.185384,-1000.0,-1000.0,-1000.0,-1000.0,0.0,0,0
1766593553.232255,1766593553.189283,-1000.0,-1000.0,-1000.0,-1000.0,0.0,0,0
1766593553.232289,1766593553.1931818,-1000.0,-1000.0,-1000.0,-1000.0,0.0,0,0
1766593553.232327,1766593553.1970806,-1000.0,-1000.0,-1000.0,-1000.0,0.0,0,0
1766593553.232361,1766593553.2009795,-1000.0,-1000.0,-1000.0,-1000.0,0.0,0,0
1766593553.2323961,1766593553.2048783,-1000.0,-1000.0,-1000.0,-1000.0,0.0,0,0
1766593553.2324312,1766593553.2087774,-1000.0,-1000.0,-1000.0,-1000.0,0.0,0,0
1766593553.2324638,1766593553.2126763,-1000.0,-1000.0,-1000.0,-1000.0,0.0,0,0
1766593553.2909818,1766593553.2166295,-1000.0,-1000.0,-1000.0,-1000.0,0.0,0,0
1766593553.291189,1766593553.2205284,-1000.0,-1000.0,-1000.0,-1000.0,0.0,0,0
1766593553.2912571,1766593553.2244272,-1000.0,-1000.0,-1000.0,-1000.0,0.0,0,0
1766593553.2913191,1766593553.228326,-1000.0,-1000.0,-1000.0,-1000.0,0.0,0,0
1766593553.291381,1766593553.232225,-1000.0,-1000.0,-1000.0,-1000.0,0.0,0,0
1766593553.291441,1766593553.236124,-1000.0,-1000.0,-1000.0,-1000.0,0.0,0,0
1766593553.291501,1766593553.240023,-1000.0,-1000.0,-1000.0,-1000.0,0.0,0,0
1766593553.291562,1766593553.2439218,-1000.0,-1000.0,-1000.0,-1000.0,0.0,0,0
1766593553.2916322,1766593553.2478206,-1000.0,-1000.0,-1000.0,-1000.0,0.0,0,0
1766593553.291691,1766593553.2517195,-1000.0,-1000.0,-1000.0,-1000.0,0.0,0,0
1766593553.291768,1766593553.2556183,-1000.0,-1000.0,-1000.0,-1000.0,0.0,0,0
1766593553.291828,1766593553.2595174,-1000.0,-1000.0,-1000.0,-1000.0,0.0,0,0
1766593553.3362792,1766593553.2634637,-931.15234375,-931.15234375,-937.01171875,-931.15234375,0.0,0,0
1766593553.336386,1766593553.2673626,-1000.0,-1000.0,-1000.0,-1000.0,0.0,0,0
1766593553.33644,1766593553.2712615,-318.84765625,-318.359375,-287.109375,-318.84765625,0.0,0,0
1766593553.3364952,1766593553.2751603,-991.69921875,-990.72265625,-994.62890625,-991.2109375,0.0,0,0
1766593553.336548,1766593553.2790594,970.703125,971.6796875,970.703125,971.19140625,0.0,0,0
1766593553.3366048,1766593553.2829583,935.546875,936.5234375,937.98828125,936.5234375,0.0,0,0
1766593553.336658,1766593553.2868571,980.46875,980.95703125,980.95703125,980.95703125,0.0,0,0
1766593553.336715,1766593553.290756,971.19140625,971.6796875,971.6796875,971.6796875,0.0,0,0
1766593553.3367648,1766593553.294655,971.19140625,971.6796875,971.6796875,971.6796875,0.0,0,0
1766593553.336815,1766593553.298554,971.19140625,971.6796875,971.6796875,971.6796875,0.0,0,0
1766593553.3368661,1766593553.3024528,971.19140625,971.6796875,971.6796875,971.6796875,0.0,0,0
1766593553.336916,1766593553.3063517,971.19140625,971.6796875,971.6796875,971.6796875,0.0,0,0
1766593553.396522,1766593553.3104045,971.19140625,971.6796875,971.6796875,971.6796875,0.0,0,0
1766593553.3966641,1766593553.3143034,971.19140625,971.6796875,971.6796875,971.6796875,0.0,0,0
1766593553.3967218,1766593553.3182023,971.19140625,971.6796875,971.6796875,971.6796875,0.0,0,0
1766593553.396775,1766593553.3221014,971.19140625,971.6796875,971.6796875,971.6796875,0.0,0,0
1766593553.396827,1766593553.3260002,971.19140625,971.6796875,971.6796875,971.6796875,0.0,0,0
1766593553.396885,1766593553.329899,970.703125,971.6796875,971.6796875,971.6796875,0.0,0,0
1766593553.396936,1766593553.333798,970.703125,971.6796875,971.6796875,971.6796875,0.0,0,0
1766593553.397001,1766593553.337697,971.19140625,971.6796875,971.6796875,971.6796875,0.0,0,0
1766593553.3970509,1766593553.341596,971.19140625,971.6796875,971.6796875,971.6796875,0.0,0,0
1766593553.3971121,1766593553.3454947,971.19140625,971.6796875,971.6796875,971.6796875,0.0,0,0
1766593553.397173,1766593553.3493936,971.19140625,971.6796875,971.6796875,971.6796875,0.0,0,0
1766593553.3972101,1766593553.3532927,971.19140625,971.6796875,971.6796875,971.6796875,0.0,0,0
1766593553.427047,1766593553.3572795,971.19140625,971.6796875,971.6796875,971.6796875,0.0,0,0
1766593553.427167,1766593553.3611784,971.19140625,971.6796875,971.6796875,971.6796875,0.0,0,0
1766593553.4272,1766593553.3650773,971.19140625,971.6796875,971.6796875,971.6796875,0.0,0,0
1766593553.427236,1766593553.3689764,970.703125,971.6796875,971.6796875,971.6796875,0.0,0,0
1766593553.427274,1766593553.3728752,970.703125,971.6796875,971.6796875,971.6796875,0.0,0,0
1766593553.4273112,1766593553.376774,971.19140625,971.6796875,971.6796875,971.6796875,0.0,0,0
1766593553.427348,1766593553.3806732,971.19140625,971.6796875,971.6796875,971.6796875,0.0,0,0
1766593553.427386,1766593553.384572,971.19140625,971.6796875,971.6796875,971.6796875,0.0,0,0
1766593553.427424,1766593553.388471,971.19140625,971.6796875,971.6796875,971.6796875,0.0,0,0
1766593553.4274611,1766593553.39237,970.703125,971.6796875,971.6796875,971.6796875,0.0,0,0
1766593553.427507,1766593553.3962688,970.703125,971.6796875,971.6796875,971.6796875,0.0,0,0
1766593553.428017,1766593553.4001677,971.19140625,971.6796875,971.6796875,971.6796875,0.0,0,0
1766593553.473978,1766593553.4041507,970.703125,971.6796875,971.6796875,971.6796875,0.0,0,0
1766593553.474161,1766593553.4080496,971.19140625,971.6796875,971.6796875,971.6796875,0.0,0,0
1766593553.474304,1766593553.4119484,971.19140625,971.6796875,971.6796875,971.19140625,0.0,0,0
1766593553.474453,1766593553.4158475,971.19140625,971.6796875,971.6796875,971.6796875,0.0,0,0
1766593553.474522,1766593553.4197464,971.19140625,971.6796875,971.6796875,971.6796875,0.0,0,0
1766593553.474594,1766593553.4236453,971.19140625,971.6796875,971.6796875,971.6796875,0.0,0,0
1766593553.4746308,1766593553.4275444,971.19140625,971.6796875,971.19140625,971.6796875,0.0,0,0
1766593553.474706,1766593553.4314432,984.86328125,985.3515625,984.375,985.83984375,0.0,0,0
1766593553.4747431,1766593553.4353423,916.50390625,917.48046875,916.9921875,916.50390625,0.0,0,0
1766593553.474792,1766593553.4392412,-976.07421875,-975.5859375,-970.21484375,-972.16796875,0.0,0,0
1766593553.474846,1766593553.44314,832.51953125,833.0078125,794.43359375,821.77734375,0.0,0,0
1766593553.474876,1766593553.4470391,-575.1953125,-575.1953125,-602.5390625,-590.33203125,0.0,0,0
1766593553.532127,1766593553.451071,-1000.0,-1000.0,-1000.0,-1000.0,0.0,0,0
1766593553.532295,1766593553.4549701,-933.10546875,-933.10546875,-936.03515625,-933.59375,0.0,0,0
1766593553.532355,1766593553.458869,-1000.0,-1000.0,-1000.0,-1000.0,0.0,0,0
1766593553.532402,1766593553.4627678,-1000.0,-1000.0,-1000.0,-1000.0,0.0,0,0
1766593553.532448,1766593553.466667,-1000.0,-1000.0,-1000.0,-1000.0,0.0,0,0
1766593553.532493,1766593553.4705658,-1000.0,-1000.0,-1000.0,-1000.0,0.0,0,0
1766593553.532537,1766593553.474465,-1000.0,-1000.0,-1000.0,-1000.0,0.0,0,0
1766593553.5325801,1766593553.4783638,-1000.0,-1000.0,-1000.0,-1000.0,0.0,0,0
1766593553.5326238,1766593553.4822626,-1000.0,-1000.0,-1000.0,-1000.0,0.0,0,0
1766593553.5326679,1766593553.4861617,-1000.0,-1000.0,-1000.0,-1000.0,0.0,0,0
1766593553.532711,1766593553.4900606,-1000.0,-1000.0,-1000.0,-1000.0,0.0,0,0
1766593553.532753,1766593553.4939597,-1000.0,-1000.0,-1000.0,-1000.0,0.0,0,0
1766593553.562479,1766593553.4979308,-1000.0,-1000.0,-1000.0,-1000.0,0.0,0,0
1766593553.562634,1766593553.5018296,-1000.0,-1000.0,-1000.0,-1000.0,0.0,0,0
1766593553.5627258,1766593553.5057287,-1000.0,-1000.0,-1000.0,-1000.0,0.0,0,0
1766593553.562784,1766593553.5096276,-1000.0,-1000.0,-1000.0,-1000.0,0.0,0,0
1766593553.5628228,1766593553.5135267,-1000.0,-1000.0,-1000.0,-1000.0,0.0,0,0
1766593553.562859,1766593553.5174255,-1000.0,-1000.0,-1000.0,-1000.0,0.0,0,0
1766593553.562897,1766593553.5213246,-1000.0,-1000.0,-1000.0,-1000.0,0.0,0,0
1766593553.562931,1766593553.5252235,-1000.0,-1000.0,-1000.0,-1000.0,0.0,0,0
1766593553.562966,1766593553.5291224,-1000.0,-1000.0,-1000.0,-1000.0,0.0,0,0
1766593553.562999,1766593553.5330215,-1000.0,-1000.0,-1000.0,-1000.0,0.0,0,0
1766593553.5630322,1766593553.5369203,-1000.0,-1000.0,-1000.0,-1000.0,0.0,0,0
1766593553.563065,1766593553.5408194,-1000.0,-1000.0,-1000.0,-1000.0,0.0,0,0
1766593553.607408,1766593553.5447783,-1000.0,-1000.0,-1000.0,-1000.0,0.0,0,0
1766593553.607498,1766593553.5486774,-1000.0,-1000.0,-1000.0,-1000.0,0.0,0,0
1766593553.607546,1766593553.5525763,-1000.0,-1000.0,-1000.0,-1000.0,0.0,0,0
1766593553.607593,1766593553.5564754,-1000.0,-1000.0,-1000.0,-1000.0,0.0,0,0
1766593553.6076422,1766593553.5603743,-1000.0,-1000.0,-1000.0,-1000.0,0.0,0,0
1766593553.607689,1766593553.5642734,-1000.0,-1000.0,-1000.0,-1000.0,0.0,0,0
1766593553.607744,1766593553.5681722,-1000.0,-1000.0,-1000.0,-1000.0,0.0,0,0
1766593553.607789,1766593553.572071,-1000.0,-1000.0,-1000.0,-1000.0,0.0,0,0
1766593553.6078348,1766593553.5759702,-931.15234375,-931.15234375,-932.6171875,-931.15234375,0.0,0,0
1766593553.607889,1766593553.579869,-1000.0,-1000.0,-1000.0,-1000.0,0.0,0,0
1766593553.607935,1766593553.5837681,-318.84765625,-318.359375,-318.84765625,-318.84765625,0.0,0,0
1766593553.607986,1766593553.587667,-991.69921875,-990.72265625,-997.0703125,-990.72265625,0.0,0,0
1766593553.666353,1766593553.5916197,970.703125,971.6796875,973.14453125,971.6796875,0.0,0,0
1766593553.6665652,1766593553.5955188,936.03515625,936.5234375,936.5234375,936.5234375,0.0,0,0
1766593553.6666381,1766593553.5994177,980.46875,981.4453125,981.4453125,981.4453125,0.0,0,0
1766593553.6667058,1766593553.6033168,971.19140625,971.6796875,971.6796875,971.6796875,0.0,0,0
1766593553.6667871,1766593553.6072156,971.19140625,971.6796875,971.6796875,971.6796875,0.0,0,0
1766593553.666854,1766593553.6111147,971.19140625,971.6796875,971.6796875,971.6796875,0.0,0,0
1766593553.666929,1766593553.6150136,971.19140625,971.6796875,971.6796875,971.6796875,0.0,0,0
1766593553.667001,1766593553.6189127,971.19140625,971.6796875,971.6796875,971.6796875,0.0,0,0
1766593553.66707,1766593553.6228116,970.703125,971.6796875,971.6796875,972.16796875,0.0,0,0
1766593553.667134,1766593553.6267107,971.19140625,971.6796875,971.6796875,971.6796875,0.0,0,0
1766593553.6672058,1766593553.6306095,971.19140625,971.6796875,971.6796875,971.6796875,0.0,0,0
1766593553.6672819,1766593553.6345086,971.19140625,972.16796875,971.6796875,971.6796875,0.0,0,0
1766593553.7125602,1766593553.6384535,971.19140625,971.6796875,971.6796875,971.6796875,0.0,0,0
1766593553.712864,1766593553.6423523,971.19140625,971.6796875,971.6796875,971.6796875,0.0,0,0
1766593553.713134,1766593553.6462514,970.703125,971.6796875,971.6796875,971.6796875,0.0,0,0
1766593553.719475,1766593553.6501503,971.19140625,971.6796875,971.6796875,971.6796875,0.0,0,0
1766593553.719627,1766593553.6540494,971.19140625,971.6796875,971.6796875,971.6796875,0.0,0,0
1766593553.719738,1766593553.6579483,970.703125,971.6796875,971.6796875,971.6796875,0.0,0,0
1766593553.719852,1766593553.6618474,971.19140625,971.6796875,971.6796875,971.6796875,0.0,0,0
1766593553.719934,1766593553.6657462,971.19140625,971.6796875,971.6796875,971.6796875,0.0,0,0
1766593553.720033,1766593553.6696453,971.19140625,971.6796875,971.6796875,971.6796875,0.0,0,0
1766593553.720124,1766593553.6735442,971.19140625,972.16796875,971.6796875,971.6796875,0.0,0,0
1766593553.720855,1766593553.6774433,971.19140625,971.6796875,971.6796875,971.6796875,0.0,0,0
1766593553.7224162,1766593553.6813421,971.19140625,971.6796875,971.6796875,971.6796875,0.0,0,0
1766593553.757321,1766593553.6853387,971.19140625,971.6796875,971.6796875,971.6796875,0.0,0,0
1766593553.7574332,1766593553.6892376,970.703125,971.6796875,971.6796875,971.6796875,0.0,0,0
1766593553.757486,1766593553.6931367,971.19140625,971.6796875,971.6796875,971.6796875,0.0,0,0
1766593553.7575328,1766593553.6970358,971.19140625,971.6796875,971.6796875,971.6796875,0.0,0,0
1766593553.757587,1766593553.7009346,971.19140625,972.16796875,971.6796875,971.6796875,0.0,0,0
1766593553.757635,1766593553.7048337,971.19140625,971.6796875,971.6796875,971.6796875,0.0,0,0
1766593553.757685,1766593553.7087326,971.19140625,971.6796875,971.6796875,971.6796875,0.0,0,0
1766593553.7577322,1766593553.7126317,970.703125,971.6796875,971.6796875,971.6796875,0.0,0,0
1766593553.757779,1766593553.7165306,970.703125,971.6796875,971.6796875,971.6796875,0.0,0,0
1766593553.757834,1766593553.7204297,970.703125,971.6796875,971.6796875,971.6796875,0.0,0,0
1766593553.757898,1766593553.7243285,970.703125,971.6796875,971.6796875,971.6796875,0.0,0,0
1766593553.7579541,1766593553.7282276,971.19140625,971.6796875,971.6796875,971.6796875,0.0,0,0
1766593553.801902,1766593553.732215,986.81640625,987.3046875,986.328125,987.3046875,0.0,0,0
1766593553.802013,1766593553.736114,905.2734375,906.25,905.2734375,904.296875,0.0,0,0
1766593553.802071,1766593553.740013,-940.4296875,-940.91796875,-934.08203125,-934.5703125,0.0,0,0
1766593553.802124,1766593553.743912,701.66015625,707.51953125,653.3203125,678.7109375,0.0,0,0
1766593553.802176,1766593553.747811,-744.62890625,-739.2578125,-779.296875,-770.5078125,0.0,0,0
1766593553.802227,1766593553.75171,-1000.0,-1000.0,-1000.0,-1000.0,0.0,0,0
1766593553.802274,1766593553.755609,-936.5234375,-936.03515625,-939.94140625,-937.5,0.0,0,0
1766593553.8032472,1766593553.759508,-1000.0,-1000.0,-1000.0,-1000.0,0.0,0,0
1766593553.8033018,1766593553.763407,-1000.0,-1000.0,-1000.0,-1000.0,0.0,0,0
1766593553.803348,1766593553.767306,-1000.0,-1000.0,-1000.0,-1000.0,0.0,0,0
1766593553.803395,1766593553.771205,-1000.0,-1000.0,-1000.0,-1000.0,0.0,0,0
1766593553.80344,1766593553.775104,-1000.0,-1000.0,-1000.0,-1000.0,0.0,0,0
1766593553.8470101,1766593553.7790842,-1000.0,-1000.0,-1000.0,-1000.0,0.0,0,0
1766593553.847129,1766593553.7829833,-1000.0,-1000.0,-1000.0,-1000.0,0.0,0,0
1766593553.84729,1766593553.7868822,-1000.0,-1000.0,-1000.0,-1000.0,0.0,0,0
1766593553.847382,1766593553.7907813,-1000.0,-1000.0,-1000.0,-1000.0,0.0,0,0
1766593553.847606,1766593553.7946804,-1000.0,-1000.0,-1000.0,-1000.0,0.0,0,0
1766593553.847774,1766593553.7985792,-1000.0,-1000.0,-1000.0,-1000.0,0.0,0,0
1766593553.847828,1766593553.8024783,-1000.0,-1000.0,-1000.0,-1000.0,0.0,0,0
1766593553.847904,1766593553.8063774,-1000.0,-1000.0,-1000.0,-1000.0,0.0,0,0
1766593553.84797,1766593553.8102763,-1000.0,-1000.0,-1000.0,-1000.0,0.0,0,0
1766593553.8481028,1766593553.8141754,-1000.0,-1000.0,-1000.0,-1000.0,0.0,0,0
1766593553.848149,1766593553.8180742,-1000.0,-1000.0,-1000.0,-1000.0,0.0,0,0
1766593553.848211,1766593553.8219733,-1000.0,-1000.0,-1000.0,-1000.0,0.0,0,0
1766593553.89241,1766593553.8259463,-1000.0,-1000.0,-1000.0,-1000.0,0.0,0,0
1766593553.892555,1766593553.8298454,-1000.0,-1000.0,-1000.0,-1000.0,0.0,0,0
1766593553.892622,1766593553.8337445,-1000.0,-1000.0,-1000.0,-1000.0,0.0,0,0
1766593553.8926878,1766593553.8376434,-1000.0,-1000.0,-1000.0,-1000.0,0.0,0,0
1766593553.892752,1766593553.8415425,-1000.0,-1000.0,-1000.0,-1000.0,0.0,0,0
1766593553.892801,1766593553.8454416,-1000.0,-1000.0,-1000.0,-1000.0,0.0,0,0
1766593553.892844,1766593553.8493404,-1000.0,-1000.0,-1000.0,-1000.0,0.0,0,0
1766593553.892895,1766593553.8532395,-1000.0,-1000.0,-1000.0,-1000.0,0.0,0,0
1766593553.8929431,1766593553.8571386,-1000.0,-1000.0,-1000.0,-1000.0,0.0,0,0
1766593553.8929868,1766593553.8610375,-1000.0,-1000.0,-1000.0,-1000.0,0.0,0,0
1766593553.893041,1766593553.8649366,-1000.0,-1000.0,-1000.0,-1000.0,0.0,0,0
1766593553.8930838,1766593553.8688357,-1000.0,-1000.0,-1000.0,-1000.0,0.0,0,0
1766593553.936408,1766593553.8728018,-1000.0,-1000.0,-1000.0,-1000.0,0.0,0,0
1766593553.936506,1766593553.8767006,-1000.0,-1000.0,-1000.0,-1000.0,0.0,0,0
1766593553.9365609,1766593553.8805997,-1000.0,-1000.0,-1000.0,-1000.0,0.0,0,0
1766593553.936609,1766593553.8844988,-1000.0,-1000.0,-1000.0,-1000.0,0.0,0,0
1766593553.93667,1766593553.8883977,-1000.0,-1000.0,-1000.0,-1000.0,0.0,0,0
1766593553.936724,1766593553.8922968,-937.5,-937.5,-938.96484375,-937.5,0.0,0,0
1766593553.9367738,1766593553.896196,-1000.0,-1000.0,-1000.0,-1000.0,0.0,0,0
1766593553.936821,1766593553.9000947,-219.23828125,-218.75,-204.58984375,-218.75,0.0,0,0
1766593553.936872,1766593553.9039938,-957.51953125,-957.03125,-953.61328125,-957.03125,0.0,0,0
1766593553.936925,1766593553.907893,954.58984375,955.56640625,953.61328125,955.56640625,0.0,0,0
1766593553.936976,1766593553.9117918,943.84765625,944.3359375,945.3125,944.3359375,0.0,0,0
1766593553.937033,1766593553.915691,978.02734375,978.515625,978.02734375,978.515625,0.0,0,0
1766593553.995403,1766593553.919655,971.19140625,971.6796875,971.6796875,971.6796875,0.0,0,0
1766593553.995594,1766593553.923554,971.19140625,971.6796875,971.6796875,971.6796875,0.0,0,0
1766593553.995668,1766593553.927453,970.703125,971.6796875,971.6796875,971.6796875,0.0,0,0
1766593553.995735,1766593553.9313521,971.19140625,971.6796875,971.6796875,971.6796875,0.0,0,0
1766593553.9958,1766593553.935251,971.19140625,971.6796875,971.6796875,971.6796875,0.0,0,0
1766593553.995865,1766593553.93915,970.703125,971.6796875,971.6796875,971.6796875,0.0,0,0
1766593553.9959302,1766593553.9430492,971.19140625,971.6796875,971.6796875,971.6796875,0.0,0,0
1766593553.9960241,1766593553.9469483,971.19140625,971.6796875,971.6796875,971.6796875,0.0,0,0
1766593553.996088,1766593553.9508471,971.19140625,971.6796875,971.6796875,971.6796875,0.0,0,0
1766593553.9961522,1766593553.9547462,971.19140625,971.6796875,971.6796875,971.6796875,0.0,0,0
1766593553.996227,1766593553.9586453,971.19140625,971.6796875,971.6796875,971.6796875,0.0,0,0
1766593553.99629,1766593553.9625444,971.19140625,971.6796875,971.6796875,971.6796875,0.0,0,0
1766593554.040334,1766593553.9664962,971.19140625,971.6796875,971.6796875,971.6796875,0.0,0,0
1766593554.040441,1766593553.9703953,971.19140625,971.6796875,971.6796875,971.6796875,0.0,0,0
1766593554.0405,1766593553.9742942,971.19140625,971.6796875,971.6796875,971.6796875,0.0,0,0
1766593554.040552,1766593553.9781933,971.19140625,971.6796875,971.6796875,971.6796875,0.0,0,0
1766593554.0406039,1766593553.9820924,970.703125,971.6796875,971.6796875,971.6796875,0.0,0,0
1766593554.0406559,1766593553.9859915,970.703125,971.6796875,971.6796875,971.6796875,0.0,0,0
1766593554.040707,1766593553.9898903,970.703125,971.6796875,971.6796875,971.6796875,0.0,0,0
1766593554.040768,1766593553.9937894,971.19140625,971.6796875,971.6796875,971.6796875,0.0,0,0
1766593554.040819,1766593553.9976885,971.19140625,971.6796875,971.6796875,971.6796875,0.0,0,0
1766593554.04087,1766593554.0015876,971.19140625,971.6796875,971.6796875,971.6796875,0.0,0,0
1766593554.040928,1766593554.0054865,971.19140625,971.6796875,971.6796875,971.6796875,0.0,0,0
1766593554.040978,1766593554.0093856,971.19140625,971.6796875,971.6796875,971.6796875,0.0,0,0
1766593554.08721,1766593554.0133317,970.703125,971.6796875,971.6796875,971.6796875,0.0,0,0
1766593554.0873442,1766593554.0172305,970.703125,971.6796875,971.6796875,971.6796875,0.0,0,0
1766593554.0874019,1766593554.0211296,971.19140625,971.6796875,971.6796875,971.6796875,0.0,0,0
1766593554.087457,1766593554.0250287,971.19140625,971.6796875,971.6796875,971.6796875,0.0,0,0
1766593554.087509,1766593554.0289278,970.703125,971.6796875,971.6796875,971.6796875,0.0,0,0
1766593554.08756,1766593554.0328267,971.19140625,971.6796875,971.6796875,971.6796875,0.0,0,0
1766593554.087611,1766593554.0367258,971.19140625,971.6796875,971.6796875,971.6796875,0.0,0,0
1766593554.087668,1766593554.0406249,970.703125,971.6796875,971.6796875,971.6796875,0.0,0,0
1766593554.087779,1766593554.044524,970.703125,971.6796875,971.6796875,971.6796875,0.0,0,0
1766593554.087851,1766593554.048423,970.703125,971.6796875,971.6796875,971.6796875,0.0,0,0
1766593554.0879061,1766593554.052322,981.4453125,982.421875,979.98046875,982.421875,0.0,0,0
1766593554.0879738,1766593554.056221,929.6875,930.6640625,936.5234375,930.17578125,0.0,0,0
1766593554.1319091,1766593554.0602145,988.76953125,988.28125,978.515625,989.74609375,0.0,0,0
1766593554.131999,1766593554.0641136,944.82421875,949.70703125,962.40234375,945.3125,0.0,0,0
1766593554.132042,1766593554.0680127,-401.85546875,-394.04296875,-336.42578125,-401.85546875,0.0,0,0
1766593554.132082,1766593554.0719118,-1000.0,-1000.0,-1000.0,-1000.0,0.0,0,0
1766593554.132118,1766593554.075811,-933.59375,-933.59375,-937.98828125,-933.59375,0.0,0,0
1766593554.132156,1766593554.0797098,-1000.0,-1000.0,-1000.0,-1000.0,0.0,0,0
1766593554.132192,1766593554.0836089,-1000.0,-1000.0,-1000.0,-1000.0,0.0,0,0
1766593554.1322272,1766593554.087508,-1000.0,-1000.0,-1000.0,-1000.0,0.0,0,0
1766593554.132261,1766593554.091407,-1000.0,-1000.0,-1000.0,-1000.0,0.0,0,0
1766593554.132295,1766593554.0953062,-1000.0,-1000.0,-1000.0,-1000.0,0.0,0,0
1766593554.132328,1766593554.099205,-1000.0,-1000.0,-1000.0,-1000.0,0.0,0,0
1766593554.132362,1766593554.103104,-1000.0,-1000.0,-1000.0,-1000.0,0.0,0,0
1766593554.1768918,1766593554.1070907,-1000.0,-1000.0,-1000.0,-1000.0,0.0,0,0
1766593554.1769862,1766593554.1109898,-1000.0,-1000.0,-1000.0,-1000.0,0.0,0,0
1766593554.177037,1766593554.114889,-1000.0,-1000.0,-1000.0,-1000.0,0.0,0,0
1766593554.1770828,1766593554.118788,-1000.0,-1000.0,-1000.0,-1000.0,0.0,0,0
1766593554.177133,1766593554.122687,-1000.0,-1000.0,-1000.0,-1000.0,0.0,0,0
1766593554.1771798,1766593554.1265862,-1000.0,-1000.0,-1000.0,-1000.0,0.0,0,0
1766593554.177226,1766593554.1304853,-1000.0,-1000.0,-1000.0,-1000.0,0.0,0,0
1766593554.1775858,1766593554.1343842,-1000.0,-1000.0,-1000.0,-1000.0,0.0,0,0
1766593554.177624,1766593554.1382833,-1000.0,-1000.0,-1000.0,-1000.0,0.0,0,0
1766593554.177658,1766593554.1421824,-1000.0,-1000.0,-1000.0,-1000.0,0.0,0,0
1766593554.1777122,1766593554.1460814,-1000.0,-1000.0,-1000.0,-1000.0,0.0,0,0
1766593554.1777449,1766593554.1499805,-1000.0,-1000.0,-1000.0,-1000.0,0.0,0,0
1766593554.2227,1766593554.1539602,-1000.0,-1000.0,-1000.0,-1000.0,0.0,0,0
1766593554.2228029,1766593554.1578593,-1000.0,-1000.0,-1000.0,-1000.0,0.0,0,0
1766593554.222854,1766593554.1617584,-1000.0,-1000.0,-1000.0,-1000.0,0.0,0,0
1766593554.222902,1766593554.1656573,-1000.0,-1000.0,-1000.0,-1000.0,0.0,0,0
1766593554.222949,1766593554.1695564,-1000.0,-1000.0,-1000.0,-1000.0,0.0,0,0
1766593554.222995,1766593554.1734555,-1000.0,-1000.0,-1000.0,-1000.0,0.0,0,0
1766593554.223041,1766593554.1773546,-1000.0,-1000.0,-1000.0,-1000.0,0.0,0,0
1766593554.223088,1766593554.1812537,-1000.0,-1000.0,-1000.0,-1000.0,0.0,0,0
1766593554.2231328,1766593554.1851528,-1000.0,-1000.0,-1000.0,-1000.0,0.0,0,0
1766593554.2232199,1766593554.1890519,-1000.0,-1000.0,-1000.0,-1000.0,0.0,0,0
1766593554.223267,1766593554.192951,-1000.0,-1000.0,-1000.0,-1000.0,0.0,0,0
1766593554.223312,1766593554.1968498,-1000.0,-1000.0,-1000.0,-1000.0,0.0,0,0
1766593554.266887,1766593554.2008226,-1000.0,-1000.0,-1000.0,-1000.0,0.0,0,0
1766593554.2669709,1766593554.2047217,-1000.0,-1000.0,-1000.0,-1000.0,0.0,0,0
1766593554.267018,1766593554.2086208,-988.28125,-988.28125,-981.4453125,-987.79296875,0.0,0,0
1766593554.2670798,1766593554.21252,-957.03125,-957.03125,-974.609375,-957.51953125,0.0,0,0
1766593554.267118,1766593554.216419,-1000.0,-1000.0,-1000.0,-1000.0,0.0,0,0
1766593554.2671518,1766593554.220318,-14.6484375,-14.16015625,81.54296875,-8.7890625,0.0,0,0
1766593554.267189,1766593554.2242172,-911.1328125,-910.15625,-916.50390625,-909.66796875,0.0,0,0
1766593554.267227,1766593554.2281163,927.24609375,928.22265625,926.26953125,927.24609375,0.0,0,0
1766593554.267266,1766593554.2320154,958.984375,959.47265625,963.37890625,959.9609375,0.0,0,0
1766593554.267304,1766593554.2359145,973.14453125,974.12109375,973.6328125,973.6328125,0.0,0,0
1766593554.26734,1766593554.2398136,970.703125,971.6796875,971.6796875,971.6796875,0.0,0,0
1766593554.2673762,1766593554.2437124,971.19140625,971.6796875,971.6796875,971.6796875,0.0,0,0
1766593554.3123279,1766593554.247678,971.19140625,971.6796875,971.6796875,971.6796875,0.0,0,0
1766593554.312435,1766593554.2515771,971.19140625,971.6796875,971.6796875,971.6796875,0.0,0,0
1766593554.3124921,1766593554.2554762,971.19140625,971.6796875,971.6796875,971.6796875,0.0,0,0
1766593554.312544,1766593554.2593753,971.19140625,971.6796875,971.6796875,971.6796875,0.0,0,0
1766593554.312597,1766593554.2632744,971.19140625,971.6796875,971.6796875,971.6796875,0.0,0,0
1766593554.312663,1766593554.2671735,971.19140625,971.6796875,971.6796875,971.6796875,0.0,0,0
1766593554.312714,1766593554.2710726,971.19140625,971.6796875,971.6796875,971.6796875,0.0,0,0
1766593554.312765,1766593554.2749717,971.19140625,971.6796875,971.6796875,971.6796875,0.0,0,0
1766593554.3128152,1766593554.2788708,971.19140625,971.6796875,971.6796875,971.6796875,0.0,0,0
1766593554.312865,1766593554.28277,971.19140625,971.6796875,971.6796875,971.6796875,0.0,0,0
1766593554.3129148,1766593554.286669,971.19140625,971.6796875,971.6796875,971.6796875,0.0,0,0
1766593554.312973,1766593554.290568,971.19140625,971.6796875,971.6796875,971.6796875,0.0,0,0
1766593554.359592,1766593554.2945402,971.19140625,971.6796875,971.6796875,971.6796875,0.0,0,0
1766593554.3597481,1766593554.2984393,971.19140625,971.6796875,971.6796875,971.6796875,0.0,0,0
1766593554.359793,1766593554.3023384,970.703125,971.6796875,971.6796875,971.6796875,0.0,0,0
1766593554.359831,1766593554.3062375,970.703125,971.6796875,971.6796875,971.6796875,0.0,0,0
1766593554.3598678,1766593554.3101366,971.19140625,971.6796875,971.6796875,971.6796875,0.0,0,0
1766593554.3599072,1766593554.3140357,971.19140625,971.6796875,971.6796875,971.6796875,0.0,0,0
1766593554.359945,1766593554.3179348,971.19140625,971.6796875,972.16796875,971.6796875,0.0,0,0
1766593554.3599842,1766593554.3218338,971.19140625,971.6796875,971.6796875,971.6796875,0.0,0,0
1766593554.36002,1766593554.325733,971.19140625,971.6796875,971.6796875,971.6796875,0.0,0,0
1766593554.360069,1766593554.329632,971.19140625,971.6796875,971.6796875,971.6796875,0.0,0,0
1766593554.360123,1766593554.3335311,971.19140625,971.6796875,971.6796875,971.6796875,0.0,0,0
1766593554.36016,1766593554.3374302,971.19140625,971.6796875,971.6796875,971.6796875,0.0,0,0
1766593554.415294,1766593554.341384,971.19140625,971.6796875,971.6796875,971.6796875,0.0,0,0
1766593554.415461,1766593554.345283,970.703125,971.6796875,971.6796875,971.6796875,0.0,0,0
1766593554.415519,1766593554.3491821,971.19140625,971.6796875,971.6796875,971.6796875,0.0,0,0
1766593554.415573,1766593554.3530812,970.703125,971.6796875,971.6796875,971.6796875,0.0,0,0
1766593554.415627,1766593554.3569803,971.19140625,971.6796875,971.6796875,971.6796875,0.0,0,0
1766593554.415679,1766593554.3608794,971.19140625,971.6796875,971.6796875,971.6796875,0.0,0,0
1766593554.415732,1766593554.3647785,970.703125,971.6796875,971.6796875,971.6796875,0.0,0,0
1766593554.415782,1766593554.3686776,971.19140625,972.16796875,972.65625,971.6796875,0.0,0,0
1766593554.4158342,1766593554.3725767,971.6796875,972.16796875,968.26171875,972.16796875,0.0,0,0
1766593554.415911,1766593554.3764758,908.203125,908.69140625,916.50390625,908.69140625,0.0,0,0
1766593554.415971,1766593554.380375,-890.13671875,-889.16015625,-906.73828125,-889.6484375,0.0,0,0
1766593554.416024,1766593554.384274,189.453125,189.94140625,132.32421875,189.94140625,0.0,0,0
1766593554.4624681,1766593554.38822,-1000.0,-1000.0,-1000.0,-1000.0,0.0,0,0
1766593554.46259,1766593554.3921192,-984.375,-984.375,-979.4921875,-984.375,0.0,0,0
1766593554.462643,1766593554.3960183,-973.14453125,-973.14453125,-976.5625,-973.14453125,0.0,0,0
1766593554.462684,1766593554.3999174,-1000.0,-1000.0,-1000.0,-1000.0,0.0,0,0
1766593554.4627688,1766593554.4038167,-1000.0,-1000.0,-1000.0,-1000.0,0.0,0,0
1766593554.462809,1766593554.4077158,-1000.0,-1000.0,-1000.0,-1000.0,0.0,0,0
1766593554.462843,1766593554.411615,-1000.0,-1000.0,-1000.0,-1000.0,0.0,0,0
1766593554.462877,1766593554.415514,-1000.0,-1000.0,-1000.0,-1000.0,0.0,0,0
1766593554.46291,1766593554.419413,-1000.0,-1000.0,-1000.0,-1000.0,0.0,0,0
1766593554.462943,1766593554.4233122,-1000.0,-1000.0,-1000.0,-1000.0,0.0,0,0
1766593554.4630039,1766593554.4272113,-1000.0,-1000.0,-1000.0,-1000.0,0.0,0,0
1766593554.463066,1766593554.4311104,-1000.0,-1000.0,-1000.0,-1000.0,0.0,0,0
1766593554.507484,1766593554.4351046,-1000.0,-1000.0,-1000.0,-1000.0,0.0,0,0
1766593554.50762,1766593554.4390037,-1000.0,-1000.0,-1000.0,-1000.0,0.0,0,0
1766593554.507671,1766593554.4429028,-1000.0,-1000.0,-1000.0,-1000.0,0.0,0,0
1766593554.5077188,1766593554.446802,-1000.0,-1000.0,-1000.0,-1000.0,0.0,0,0
1766593554.507766,1766593554.450701,-1000.0,-1000.0,-1000.0,-1000.0,0.0,0,0
1766593554.507811,1766593554.4546,-1000.0,-1000.0,-1000.0,-1000.0,0.0,0,0
1766593554.50786,1766593554.4584992,-1000.0,-1000.0,-1000.0,-1000.0,0.0,0,0
1766593554.5079072,1766593554.4623983,-1000.0,-1000.0,-1000.0,-1000.0,0.0,0,0
1766593554.5079548,1766593554.4662974,-1000.0,-1000.0,-1000.0,-1000.0,0.0,0,0
1766593554.50801,1766593554.4701965,-1000.0,-1000.0,-1000.0,-1000.0,0.0,0,0
1766593554.5080562,1766593554.4740956,-1000.0,-1000.0,-1000.0,-1000.0,0.0,0,0
1766593554.5081012,1766593554.477995,-1000.0,-1000.0,-1000.0,-1000.0,0.0,0,0
1766593554.551828,1766593554.4819808,-1000.0,-1000.0,-1000.0,-1000.0,0.0,0,0
1766593554.551926,1766593554.4858801,-1000.0,-1000.0,-1000.0,-1000.0,0.0,0,0
1766593554.5519738,1766593554.4897792,-1000.0,-1000.0,-1000.0,-1000.0,0.0,0,0
1766593554.552028,1766593554.4936783,-1000.0,-1000.0,-1000.0,-1000.0,0.0,0,0
1766593554.552075,1766593554.4975774,-1000.0,-1000.0,-1000.0,-1000.0,0.0,0,0
1766593554.552109,1766593554.5014765,-1000.0,-1000.0,-1000.0,-1000.0,0.0,0,0
1766593554.552447,1766593554.5053756,-1000.0,-1000.0,-1000.0,-1000.0,0.0,0,0
1766593554.5524852,1766593554.5092747,-1000.0,-1000.0,-1000.0,-1000.0,0.0,0,0
1766593554.5525188,1766593554.5131738,-1000.0,-1000.0,-1000.0,-1000.0,0.0,0,0
1766593554.552553,1766593554.517073,-1000.0,-1000.0,-1000.0,-1000.0,0.0,0,0
1766593554.552586,1766593554.520972,-1000.0,-1000.0,-1000.0,-1000.0,0.0,0,0
1766593554.552618,1766593554.5248713,-1000.0,-1000.0,-1000.0,-1000.0,0.0,0,0
1766593554.596916,1766593554.5288508,-980.95703125,-980.95703125,-978.515625,-980.95703125,0.0,0,0
1766593554.597022,1766593554.53275,-969.7265625,-969.7265625,-979.98046875,-969.7265625,0.0,0,0
1766593554.597065,1766593554.536649,-1000.0,-1000.0,-1000.0,-1000.0,0.0,0,0
1766593554.5971,1766593554.5405483,87.890625,88.37890625,123.53515625,88.37890625,0.0,0,0
1766593554.597139,1766593554.5444474,-897.4609375,-896.97265625,-913.57421875,-896.484375,0.0,0,0
1766593554.597176,1766593554.5483465,916.50390625,916.9921875,922.8515625,916.9921875,0.0,0,0
1766593554.597214,1766593554.5522456,965.8203125,966.30859375,965.33203125,966.30859375,0.0,0,0
1766593554.5972512,1766593554.5561447,972.16796875,972.65625,973.14453125,972.16796875,0.0,0,0
1766593554.597288,1766593554.5600438,970.703125,971.6796875,971.6796875,971.19140625,0.0,0,0
1766593554.5973241,1766593554.563943,971.19140625,971.6796875,971.6796875,971.6796875,0.0,0,0
1766593554.5973618,1766593554.567842,971.19140625,971.6796875,971.6796875,971.6796875,0.0,0,0
1766593554.597409,1766593554.5717413,970.703125,971.6796875,971.6796875,971.6796875,0.0,0,0
1766593554.64195,1766593554.5757153,970.703125,971.6796875,971.6796875,971.6796875,0.0,0,0
1766593554.642082,1766593554.5796144,971.19140625,971.6796875,971.6796875,971.6796875,0.0,0,0
1766593554.642124,1766593554.5835135,971.19140625,971.6796875,971.6796875,971.6796875,0.0,0,0
1766593554.6421618,1766593554.5874126,971.19140625,971.6796875,971.6796875,971.6796875,0.0,0,0
1766593554.6422012,1766593554.5913117,971.19140625,971.6796875,971.6796875,971.6796875,0.0,0,0
1766593554.642238,1766593554.595211,971.19140625,971.6796875,971.6796875,971.6796875,0.0,0,0
1766593554.642276,1766593554.5991101,971.19140625,971.6796875,971.6796875,971.6796875,0.0,0,0
1766593554.642324,1766593554.6030092,970.703125,971.6796875,971.6796875,971.6796875,0.0,0,0
1766593554.6423612,1766593554.6069083,971.19140625,971.6796875,971.6796875,971.6796875,0.0,0,0
1766593554.6424088,1766593554.6108074,971.19140625,971.6796875,971.6796875,971.6796875,0.0,0,0
1766593554.642446,1766593554.6147065,971.19140625,971.6796875,971.6796875,971.6796875,0.0,0,0
1766593554.6424818,1766593554.6186059,971.19140625,971.6796875,971.6796875,971.6796875,0.0,0,0
1766593554.686816,1766593554.6225724,971.19140625,971.6796875,971.6796875,971.6796875,0.0,0,0
1766593554.686921,1766593554.6264715,971.19140625,971.6796875,971.6796875,971.6796875,0.0,0,0
1766593554.6869602,1766593554.6303706,971.19140625,971.6796875,971.6796875,971.6796875,0.0,0,0
1766593554.687,1766593554.6342697,970.703125,971.6796875,971.6796875,971.6796875,0.0,0,0
1766593554.687037,1766593554.638169,971.19140625,971.6796875,971.6796875,971.6796875,0.0,0,0
1766593554.6870751,1766593554.6420681,971.19140625,972.16796875,971.6796875,971.6796875,0.0,0,0
1766593554.687111,1766593554.6459672,971.19140625,971.6796875,971.6796875,971.6796875,0.0,0,0
1766593554.687149,1766593554.6498663,971.19140625,971.6796875,971.6796875,971.6796875,0.0,0,0
1766593554.687186,1766593554.6537654,971.19140625,971.6796875,971.6796875,971.6796875,0.0,0,0
1766593554.687222,1766593554.6576648,971.19140625,971.6796875,971.6796875,971.6796875,0.0,0,0
1766593554.687277,1766593554.6615639,970.703125,971.6796875,971.6796875,971.6796875,0.0,0,0
1766593554.6873431,1766593554.665463,970.703125,971.6796875,971.6796875,971.6796875,0.0,0,0
1766593554.731873,1766593554.6694214,971.19140625,971.6796875,971.6796875,971.6796875,0.0,0,0
1766593554.7319622,1766593554.6733205,971.19140625,971.6796875,971.6796875,971.6796875,0.0,0,0
1766593554.7320058,1766593554.6772196,971.19140625,971.6796875,971.6796875,971.6796875,0.0,0,0
1766593554.7320452,1766593554.681119,971.19140625,971.6796875,971.6796875,971.6796875,0.0,0,0
1766593554.732082,1766593554.685018,981.93359375,981.93359375,979.98046875,982.421875,0.0,0,0
1766593554.73212,1766593554.6889172,929.6875,932.6171875,935.05859375,930.17578125,0.0,0,0
1766593554.732157,1766593554.6928163,988.76953125,983.88671875,983.3984375,989.74609375,0.0,0,0
1766593554.732198,1766593554.6967156,944.82421875,962.40234375,936.03515625,945.3125,0.0,0,0
1766593554.732238,1766593554.7006147,-401.85546875,-370.1171875,-362.3046875,-401.85546875,0.0,0,0
1766593554.732277,1766593554.7045138,-1000.0,-1000.0,-1000.0,-1000.0,0.0,0,0
1766593554.732311,1766593554.708413,-933.59375,-934.08203125,-938.96484375,-933.10546875,0.0,0,0
1766593554.732361,1766593554.712312,-1000.0,-1000.0,-1000.0,-1000.0,0.0,0,0
1766593554.805237,1766593554.7162647,-1000.0,-1000.0,-1000.0,-1000.0,0.0,0,0
1766593554.805377,1766593554.7201638,-1000.0,-1000.0,-1000.0,-1000.0,0.0,0,0
1766593554.805432,1766593554.724063,-1000.0,-1000.0,-1000.0,-1000.0,0.0,0,0
1766593554.80548,1766593554.727962,-1000.0,-1000.0,-1000.0,-1000.0,0.0,0,0
1766593554.805527,1766593554.7318614,-1000.0,-1000.0,-1000.0,-1000.0,0.0,0,0
1766593554.805589,1766593554.7357605,-1000.0,-1000.0,-1000.0,-1000.0,0.0,0,0
1766593554.805644,1766593554.7396595,-1000.0,-1000.0,-1000.0,-1000.0,0.0,0,0
1766593554.805703,1766593554.7435586,-1000.0,-1000.0,-1000.0,-1000.0,0.0,0,0
1766593554.805757,1766593554.747458,-1000.0,-1000.0,-1000.0,-1000.0,0.0,0,0
1766593554.80581,1766593554.751357,-1000.0,-1000.0,-1000.0,-1000.0,0.0,0,0
1766593554.805863,1766593554.7552562,-1000.0,-1000.0,-1000.0,-1000.0,0.0,0,0
1766593554.805919,1766593554.7591553,-1000.0,-1000.0,-1000.0,-1000.0,0.0,0,0
1766593554.8362398,1766593554.7631054,-1000.0,-1000.0,-1000.0,-1000.0,0.0,0,0
1766593554.8363378,1766593554.7670045,-1000.0,-1000.0,-1000.0,-1000.0,0.0,0,0
1766593554.836392,1766593554.7709036,-1000.0,-1000.0,-1000.0,-1000.0,0.0,0,0
1766593554.836441,1766593554.774803,-1000.0,-1000.0,-1000.0,-1000.0,0.0,0,0
1766593554.836489,1766593554.778702,-1000.0,-1000.0,-1000.0,-1000.0,0.0,0,0
1766593554.836538,1766593554.782601,-1000.0,-1000.0,-1000.0,-1000.0,0.0,0,0
1766593554.8365839,1766593554.7865002,-1000.0,-1000.0,-1000.0,-1000.0,0.0,0,0
1766593554.836632,1766593554.7903996,-1000.0,-1000.0,-1000.0,-1000.0,0.0,0,0
1766593554.8366778,1766593554.7942986,-1000.0,-1000.0,-1000.0,-1000.0,0.0,0,0
1766593554.836724,1766593554.7981977,-1000.0,-1000.0,-1000.0,-1000.0,0.0,0,0
1766593554.836771,1766593554.8020968,-1000.0,-1000.0,-1000.0,-1000.0,0.0,0,0
1766593554.836831,1766593554.8059962,-1000.0,-1000.0,-1000.0,-1000.0,0.0,0,0
1766593554.882535,1766593554.809993,-1000.0,-1000.0,-1000.0,-1000.0,0.0,0,0
1766593554.8826969,1766593554.8138921,-1000.0,-1000.0,-1000.0,-1000.0,0.0,0,0
1766593554.882748,1766593554.8177912,-1000.0,-1000.0,-1000.0,-1000.0,0.0,0,0
1766593554.882794,1766593554.8216906,-1000.0,-1000.0,-1000.0,-1000.0,0.0,0,0
1766593554.882839,1766593554.8255897,-1000.0,-1000.0,-1000.0,-1000.0,0.0,0,0
1766593554.882894,1766593554.8294888,-1000.0,-1000.0,-1000.0,-1000.0,0.0,0,0
1766593554.8829398,1766593554.8333879,-1000.0,-1000.0,-1000.0,-1000.0,0.0,0,0
1766593554.882996,1766593554.8372872,-1000.0,-1000.0,-1000.0,-1000.0,0.0,0,0
1766593554.883041,1766593554.8411863,-1000.0,-1000.0,-1000.0,-1000.0,0.0,0,0
1766593554.883084,1766593554.8450854,-1000.0,-1000.0,-1000.0,-1000.0,0.0,0,0
1766593554.883126,1766593554.8489847,-988.28125,-988.28125,-986.81640625,-988.28125,0.0,0,0
1766593554.8831732,1766593554.8528838,-957.03125,-957.03125,-963.8671875,-957.03125,0.0,0,0
1766593554.926971,1766593554.8568695,-1000.0,-1000.0,-1000.0,-1000.0,0.0,0,0
1766593554.927077,1766593554.8607686,-14.6484375,-14.16015625,1.46484375,-14.16015625,0.0,0,0
1766593554.927135,1766593554.864668,-911.1328125,-910.15625,-925.29296875,-910.15625,0.0,0,0
1766593554.9271822,1766593554.868567,927.24609375,927.734375,933.10546875,928.22265625,0.0,0,0
1766593554.927221,1766593554.872466,958.984375,959.47265625,958.0078125,959.47265625,0.0,0,0
1766593554.927558,1766593554.8763654,973.14453125,974.12109375,974.609375,974.12109375,0.0,0,0
1766593554.9275992,1766593554.8802645,971.19140625,971.6796875,971.6796875,971.6796875,0.0,0,0
1766593554.927638,1766593554.8841636,971.19140625,971.6796875,971.6796875,971.6796875,0.0,0,0
1766593554.927692,1766593554.888063,971.19140625,971.6796875,971.6796875,971.6796875,0.0,0,0
1766593554.927729,1766593554.891962,971.19140625,971.6796875,971.6796875,971.6796875,0.0,0,0
1766593554.927765,1766593554.8958614,971.19140625,971.6796875,971.6796875,971.6796875,0.0,0,0
1766593554.927802,1766593554.8997605,970.703125,971.6796875,971.6796875,971.6796875,0.0,0,0
1766593554.971893,1766593554.9037392,971.19140625,971.6796875,971.6796875,971.6796875,0.0,0,0
1766593554.971989,1766593554.9076383,971.19140625,971.6796875,971.6796875,971.6796875,0.0,0,0
1766593554.972076,1766593554.9115376,971.19140625,971.6796875,971.6796875,971.6796875,0.0,0,0
1766593554.972121,1766593554.9154367,971.19140625,971.6796875,971.6796875,971.6796875,0.0,0,0
1766593554.972161,1766593554.919336,970.703125,971.6796875,971.6796875,971.6796875,0.0,0,0
1766593554.9722,1766593554.9232352,971.19140625,971.6796875,971.6796875,971.6796875,0.0,0,0
1766593554.972237,1766593554.9271343,971.19140625,971.6796875,971.6796875,971.6796875,0.0,0,0
1766593554.972275,1766593554.9310336,970.703125,971.6796875,971.6796875,971.6796875,0.0,0,0
1766593554.972311,1766593554.9349327,971.19140625,971.6796875,971.6796875,971.6796875,0.0,0,0
1766593554.972354,1766593554.9388318,971.19140625,971.6796875,971.6796875,971.6796875,0.0,0,0
1766593554.9723918,1766593554.9427311,971.19140625,971.6796875,971.6796875,971.6796875,0.0,0,0
1766593554.972429,1766593554.9466302,971.19140625,971.6796875,971.6796875,971.6796875,0.0,0,0
1766593555.0172338,1766593554.9506037,971.19140625,971.6796875,971.6796875,971.6796875,0.0,0,0
1766593555.017364,1766593554.954503,970.703125,971.6796875,971.6796875,971.6796875,0.0,0,0
1766593555.017407,1766593554.9584022,971.19140625,971.6796875,971.6796875,971.6796875,0.0,0,0
1766593555.0174458,1766593554.9623015,971.19140625,971.6796875,971.6796875,971.6796875,0.0,0,0
1766593555.017484,1766593554.9662006,971.19140625,971.6796875,971.6796875,971.6796875,0.0,0,0
1766593555.0175202,1766593554.9700997,971.19140625,971.6796875,971.6796875,971.6796875,0.0,0,0
1766593555.017559,1766593554.973999,971.19140625,971.6796875,971.6796875,971.6796875,0.0,0,0
1766593555.0175948,1766593554.9778981,971.19140625,971.6796875,971.6796875,971.6796875,0.0,0,0
1766593555.017633,1766593554.9817975,970.703125,971.6796875,971.6796875,971.6796875,0.0,0,0
1766593555.0176692,1766593554.9856966,970.703125,971.6796875,971.6796875,971.6796875,0.0,0,0
1766593555.017705,1766593554.9895957,970.703125,971.6796875,971.6796875,971.6796875,0.0,0,0
1766593555.017741,1766593554.993495,971.19140625,971.6796875,971.6796875,971.6796875,0.0,0,0
1766593555.061805,1766593554.9974604,973.14453125,974.12109375,975.5859375,973.6328125,0.0,0,0
1766593555.061973,1766593555.0013595,958.984375,959.47265625,952.1484375,958.49609375,0.0,0,0
1766593555.0620532,1766593555.0052588,927.734375,928.22265625,947.75390625,929.19921875,0.0,0,0
1766593555.0621219,1766593555.009158,-911.1328125,-910.15625,-975.5859375,-912.59765625,0.0,0,0
1766593555.062199,1766593555.013057,-14.6484375,-14.16015625,-123.53515625,-23.92578125,0.0,0,0
1766593555.062285,1766593555.0169563,-1000.0,-1000.0,-1000.0,-1000.0,0.0,0,0
1766593555.062363,1766593555.0208554,-957.03125,-957.03125,-954.58984375,-955.56640625,0.0,0,0
1766593555.062428,1766593555.0247548,-988.28125,-988.28125,-992.1875,-988.76953125,0.0,0,0
1766593555.062499,1766593555.0286539,-1000.0,-1000.0,-1000.0,-1000.0,0.0,0,0
1766593555.062576,1766593555.0325532,-1000.0,-1000.0,-1000.0,-1000.0,0.0,0,0
1766593555.062638,1766593555.0364523,-1000.0,-1000.0,-1000.0,-1000.0,0.0,0,0
1766593555.0626822,1766593555.0403516,-1000.0,-1000.0,-1000.0,-1000.0,0.0,0,0
1766593555.121668,1766593555.0443637,-1000.0,-1000.0,-1000.0,-1000.0,0.0,0,0
1766593555.121783,1766593555.0482628,-1000.0,-1000.0,-1000.0,-1000.0,0.0,0,0
1766593555.1218219,1766593555.0521622,-1000.0,-1000.0,-1000.0,-1000.0,0.0,0,0
1766593555.1218581,1766593555.0560613,-1000.0,-1000.0,-1000.0,-1000.0,0.0,0,0
1766593555.121891,1766593555.0599606,-1000.0,-1000.0,-1000.0,-1000.0,0.0,0,0
1766593555.1219258,1766593555.0638597,-1000.0,-1000.0,-1000.0,-1000.0,0.0,0,0
1766593555.121959,1766593555.067759,-1000.0,-1000.0,-1000.0,-1000.0,0.0,0,0
1766593555.1219919,1766593555.0716581,-1000.0,-1000.0,-1000.0,-1000.0,0.0,0,0
1766593555.122026,1766593555.0755575,-1000.0,-1000.0,-1000.0,-1000.0,0.0,0,0
1766593555.122059,1766593555.0794566,-1000.0,-1000.0,-1000.0,-1000.0,0.0,0,0
1766593555.122099,1766593555.083356,-1000.0,-1000.0,-1000.0,-1000.0,0.0,0,0
1766593555.122133,1766593555.087255,-1000.0,-1000.0,-1000.0,-1000.0,0.0,0,0
1766593555.165451,1766593555.091212,-1000.0,-1000.0,-1000.0,-1000.0,0.0,0,0
1766593555.165555,1766593555.0951114,-1000.0,-1000.0,-1000.0,-1000.0,0.0,0,0
1766593555.165608,1766593555.0990105,-1000.0,-1000.0,-1000.0,-1000.0,0.0,0,0
1766593555.165656,1766593555.1029098,-1000.0,-1000.0,-1000.0,-1000.0,0.0,0,0
1766593555.1657019,1766593555.106809,-1000.0,-1000.0,-1000.0,-1000.0,0.0,0,0
1766593555.165748,1766593555.1107082,-1000.0,-1000.0,-1000.0,-1000.0,0.0,0,0
1766593555.165795,1766593555.1146073,-1000.0,-1000.0,-1000.0,-1000.0,0.0,0,0
1766593555.1658409,1766593555.1185067,-1000.0,-1000.0,-1000.0,-1000.0,0.0,0,0
1766593555.1658869,1766593555.1224058,-1000.0,-1000.0,-1000.0,-1000.0,0.0,0,0
1766593555.165934,1766593555.126305,-1000.0,-1000.0,-1000.0,-1000.0,0.0,0,0
1766593555.16605,1766593555.1302042,-1000.0,-1000.0,-1000.0,-1000.0,0.0,0,0
1766593555.166105,1766593555.1341035,-1000.0,-1000.0,-1000.0,-1000.0,0.0,0,0
1766593555.212089,1766593555.1380477,-1000.0,-1000.0,-1000.0,-1000.0,0.0,0,0
1766593555.21218,1766593555.141947,-1000.0,-1000.0,-1000.0,-1000.0,0.0,0,0
1766593555.212228,1766593555.1458461,-1000.0,-1000.0,-1000.0,-1000.0,0.0,0,0
1766593555.212275,1766593555.1497455,-1000.0,-1000.0,-1000.0,-1000.0,0.0,0,0
1766593555.212321,1766593555.1536446,-1000.0,-1000.0,-1000.0,-1000.0,0.0,0,0
1766593555.2123678,1766593555.157544,-1000.0,-1000.0,-1000.0,-1000.0,0.0,0,0
1766593555.212415,1766593555.1614432,-1000.0,-1000.0,-1000.0,-1000.0,0.0,0,0
1766593555.212461,1766593555.1653423,-925.29296875,-925.29296875,-927.24609375,-925.29296875,0.0,0,0
1766593555.2125142,1766593555.1692417,-1000.0,-1000.0,-1000.0,-1000.0,0.0,0,0
1766593555.212561,1766593555.1731408,-508.7890625,-508.30078125,-491.69921875,-508.30078125,0.0,0,0
1766593555.212629,1766593555.17704,917.96875,918.45703125,921.38671875,918.9453125,0.0,0,0
1766593555.212682,1766593555.1809392,-993.65234375,-992.67578125,-995.1171875,-992.67578125,0.0,0,0
1766593555.256532,1766593555.1849315,919.921875,920.8984375,922.36328125,920.8984375,0.0,0,0
1766593555.25664,1766593555.1888306,985.83984375,986.328125,985.83984375,986.328125,0.0,0,0
1766593555.256683,1766593555.19273,971.19140625,971.6796875,971.6796875,971.6796875,0.0,0,0
1766593555.256723,1766593555.1966293,971.19140625,971.6796875,971.6796875,971.6796875,0.0,0,0
1766593555.256761,1766593555.2005284,971.19140625,971.6796875,971.6796875,971.6796875,0.0,0,0
1766593555.2567968,1766593555.2044277,971.19140625,971.6796875,971.6796875,971.6796875,0.0,0,0
1766593555.256835,1766593555.2083268,971.19140625,971.6796875,971.6796875,971.6796875,0.0,0,0
1766593555.256872,1766593555.2122262,971.19140625,971.6796875,971.6796875,971.6796875,0.0,0,0
1766593555.256908,1766593555.2161252,971.19140625,971.6796875,971.6796875,971.6796875,0.0,0,0
1766593555.256953,1766593555.2200246,971.19140625,971.6796875,971.6796875,971.6796875,0.0,0,0
1766593555.256999,1766593555.223924,971.19140625,971.6796875,971.6796875,971.6796875,0.0,0,0
1766593555.257038,1766593555.227823,971.19140625,971.6796875,971.6796875,971.6796875,0.0,0,0
1766593555.301974,1766593555.2318082,971.19140625,971.6796875,971.6796875,971.6796875,0.0,0,0
1766593555.302125,1766593555.2357075,971.19140625,971.6796875,971.6796875,971.6796875,0.0,0,0
1766593555.302916,1766593555.2396066,971.19140625,971.6796875,971.6796875,971.6796875,0.0,0,0
1766593555.302973,1766593555.243506,971.19140625,971.6796875,971.6796875,971.6796875,0.0,0,0
1766593555.3030138,1766593555.2474053,971.19140625,971.6796875,971.6796875,971.6796875,0.0,0,0
1766593555.303064,1766593555.2513044,971.19140625,971.6796875,971.6796875,971.6796875,0.0,0,0
1766593555.3031008,1766593555.2552037,971.19140625,971.6796875,971.6796875,971.6796875,0.0,0,0
1766593555.303138,1766593555.2591028,971.19140625,971.6796875,971.6796875,971.6796875,0.0,0,0
1766593555.3031738,1766593555.2630022,971.19140625,971.6796875,971.6796875,971.6796875,0.0,0,0
1766593555.30321,1766593555.2669015,971.19140625,971.6796875,971.6796875,971.6796875,0.0,0,0
1766593555.3032472,1766593555.2708006,970.703125,971.6796875,971.6796875,971.6796875,0.0,0,0
1766593555.303283,1766593555.2747,970.703125,971.6796875,971.6796875,971.6796875,0.0,0,0
1766593555.3471859,1766593555.2786782,970.703125,971.6796875,971.6796875,971.6796875,0.0,0,0
1766593555.347262,1766593555.2825775,971.19140625,971.6796875,971.6796875,971.6796875,0.0,0,0
1766593555.347302,1766593555.2864769,971.19140625,971.6796875,971.6796875,971.6796875,0.0,0,0
1766593555.347339,1766593555.290376,971.19140625,971.6796875,971.6796875,971.6796875,0.0,0,0
1766593555.347376,1766593555.2942753,971.19140625,971.6796875,971.6796875,971.6796875,0.0,0,0
1766593555.347413,1766593555.2981746,970.703125,971.6796875,971.6796875,971.6796875,0.0,0,0
1766593555.3474822,1766593555.3020737,971.19140625,971.6796875,971.6796875,971.6796875,0.0,0,0
1766593555.3475251,1766593555.305973,970.703125,971.6796875,971.6796875,971.6796875,0.0,0,0
1766593555.347604,1766593555.3098724,971.19140625,971.6796875,971.6796875,971.6796875,0.0,0,0
1766593555.347669,1766593555.3137715,971.6796875,972.65625,974.12109375,972.65625,0.0,0,0
1766593555.34771,1766593555.3176708,965.8203125,966.796875,960.9375,966.30859375,0.0,0,0
1766593555.3477492,1766593555.32157,916.50390625,917.48046875,930.17578125,917.48046875,0.0,0,0
1766593555.3920698,1766593555.3255427,-897.4609375,-896.97265625,-937.98828125,-896.484375,0.0,0,0
1766593555.392195,1766593555.3294418,87.890625,88.37890625,18.06640625,88.37890625,0.0,0,0
1766593555.392237,1766593555.3333411,-1000.0,-1000.0,-1000.0,-1000.0,0.0,0,0
1766593555.392276,1766593555.3372405,-969.7265625,-969.7265625,-968.26171875,-969.7265625,0.0,0,0
1766593555.392315,1766593555.3411396,-980.95703125,-980.95703125,-983.3984375,-980.95703125,0.0,0,0
1766593555.392353,1766593555.345039,-1000.0,-1000.0,-1000.0,-1000.0,0.0,0,0
1766593555.3923872,1766593555.3489382,-1000.0,-1000.0,-1000.0,-1000.0,0.0,0,0
1766593555.392421,1766593555.3528373,-1000.0,-1000.0,-1000.0,-1000.0,0.0,0,0
1766593555.3924549,1766593555.3567367,-1000.0,-1000.0,-1000.0,-1000.0,0.0,0,0
1766593555.392488,1766593555.360636,-1000.0,-1000.0,-1000.0,-1000.0,0.0,0,0
1766593555.392521,1766593555.364535,-1000.0,-1000.0,-1000.0,-1000.0,0.0,0,0
1766593555.392556,1766593555.3684344,-1000.0,-1000.0,-1000.0,-1000.0,0.0,0,0
1766593555.436552,1766593555.3723989,-1000.0,-1000.0,-1000.0,-1000.0,0.0,0,0
1766593555.436639,1766593555.376298,-1000.0,-1000.0,-1000.0,-1000.0,0.0,0,0
1766593555.43667,1766593555.3801973,-1000.0,-1000.0,-1000.0,-1000.0,0.0,0,0
1766593555.436697,1766593555.3840966,-1000.0,-1000.0,-1000.0,-1000.0,0.0,0,0
1766593555.436724,1766593555.387996,-1000.0,-1000.0,-1000.0,-1000.0,0.0,0,0
1766593555.436749,1766593555.391895,-1000.0,-1000.0,-1000.0,-1000.0,0.0,0,0
1766593555.436775,1766593555.3957944,-1000.0,-1000.0,-1000.0,-1000.0,0.0,0,0
1766593555.4368021,1766593555.3996937,-1000.0,-1000.0,-1000.0,-1000.0,0.0,0,0
1766593555.436828,1766593555.4035928,-1000.0,-1000.0,-1000.0,-1000.0,0.0,0,0
1766593555.4368541,1766593555.4074922,-1000.0,-1000.0,-1000.0,-1000.0,0.0,0,0
1766593555.4368799,1766593555.4113915,-1000.0,-1000.0,-1000.0,-1000.0,0.0,0,0
1766593555.436906,1766593555.4152906,-1000.0,-1000.0,-1000.0,-1000.0,0.0,0,0
1766593555.482694,1766593555.4192495,-1000.0,-1000.0,-1000.0,-1000.0,0.0,0,0
1766593555.482889,1766593555.4231489,-1000.0,-1000.0,-1000.0,-1000.0,0.0,0,0
1766593555.483053,1766593555.427048,-1000.0,-1000.0,-1000.0,-1000.0,0.0,0,0
1766593555.483125,1766593555.4309473,-1000.0,-1000.0,-1000.0,-1000.0,0.0,0,0
1766593555.483187,1766593555.4348466,-1000.0,-1000.0,-1000.0,-1000.0,0.0,0,0
1766593555.4832609,1766593555.438746,-1000.0,-1000.0,-1000.0,-1000.0,0.0,0,0
1766593555.483331,1766593555.442645,-1000.0,-1000.0,-1000.0,-1000.0,0.0,0,0
1766593555.4834251,1766593555.4465444,-1000.0,-1000.0,-1000.0,-1000.0,0.0,0,0
1766593555.483493,1766593555.4504437,-1000.0,-1000.0,-1000.0,-1000.0,0.0,0,0
1766593555.483565,1766593555.454343,-1000.0,-1000.0,-1000.0,-1000.0,0.0,0,0
1766593555.483623,1766593555.4582422,-1000.0,-1000.0,-1000.0,-1000.0,0.0,0,0
1766593555.483684,1766593555.4621415,-1000.0,-1000.0,-1000.0,-1000.0,0.0,0,0
1766593555.541569,1766593555.466095,-1000.0,-1000.0,-1000.0,-1000.0,0.0,0,0
1766593555.541698,1766593555.469994,-1000.0,-1000.0,-1000.0,-1000.0,0.0,0,0
1766593555.5417368,1766593555.4738934,-1000.0,-1000.0,-1000.0,-1000.0,0.0,0,0
1766593555.5417721,1766593555.4777927,-1000.0,-1000.0,-1000.0,-1000.0,0.0,0,0
1766593555.5418072,1766593555.481692,-925.78125,-925.78125,-927.24609375,-925.78125,0.0,0,0
1766593555.541845,1766593555.4855912,-1000.0,-1000.0,-1000.0,-1000.0,0.0,0,0
1766593555.5418801,1766593555.4894905,-597.16796875,-596.6796875,-540.0390625,-582.03125,0.0,0,0
1766593555.5419211,1766593555.4933898,861.81640625,862.3046875,890.625,872.0703125,0.0,0,0
1766593555.5419588,1766593555.4972892,-975.09765625,-974.12109375,-984.86328125,-977.5390625,0.0,0,0
1766593555.542007,1766593555.5011883,913.0859375,914.0625,918.45703125,915.0390625,0.0,0,0
1766593555.542043,1766593555.5050876,987.3046875,988.28125,986.81640625,987.79296875,0.0,0,0
1766593555.54208,1766593555.508987,970.703125,971.6796875,971.6796875,971.6796875,0.0,0,0
1766593555.5865479,1766593555.512934,971.19140625,971.6796875,971.6796875,971.6796875,0.0,0,0
1766593555.5866728,1766593555.5168333,970.703125,971.6796875,971.6796875,971.6796875,0.0,0,0
1766593555.5867069,1766593555.5207326,970.703125,971.6796875,971.6796875,971.6796875,0.0,0,0
1766593555.586737,1766593555.524632,970.703125,971.6796875,971.6796875,971.6796875,0.0,0,0
1766593555.586776,1766593555.5285313,971.19140625,971.6796875,971.6796875,971.6796875,0.0,0,0
1766593555.586806,1766593555.5324304,971.19140625,971.6796875,971.6796875,971.6796875,0.0,0,0
1766593555.5868359,1766593555.5363297,971.19140625,971.6796875,971.6796875,971.6796875,0.0,0,0
1766593555.5868711,1766593555.540229,971.19140625,971.6796875,971.6796875,971.6796875,0.0,0,0
1766593555.586901,1766593555.5441284,971.19140625,971.6796875,971.6796875,971.6796875,0.0,0,0
1766593555.586931,1766593555.5480275,970.703125,971.6796875,971.6796875,971.6796875,0.0,0,0
1766593555.5869608,1766593555.5519269,970.703125,971.6796875,971.6796875,971.6796875,0.0,0,0
1766593555.58699,1766593555.5558262,970.703125,971.6796875,971.6796875,971.6796875,0.0,0,0
1766593555.6602619,1766593555.5598712,971.19140625,971.6796875,971.6796875,971.6796875,0.0,0,0
1766593555.660427,1766593555.5637705,971.19140625,971.6796875,971.6796875,971.6796875,0.0,0,0
1766593555.660505,1766593555.5676699,971.19140625,971.6796875,971.6796875,971.6796875,0.0,0,0
1766593555.660573,1766593555.5715692,971.19140625,971.6796875,971.6796875,971.6796875,0.0,0,0
1766593555.660643,1766593555.5754685,970.703125,971.6796875,971.6796875,971.6796875,0.0,0,0
1766593555.660713,1766593555.5793679,971.19140625,971.6796875,971.6796875,971.6796875,0.0,0,0
1766593555.660793,1766593555.583267,971.19140625,971.6796875,971.6796875,971.6796875,0.0,0,0
1766593555.660865,1766593555.5871663,971.19140625,971.6796875,971.6796875,971.6796875,0.0,0,0
1766593555.660929,1766593555.5910656,971.19140625,971.6796875,971.6796875,971.19140625,0.0,0,0
1766593555.660994,1766593555.594965,971.19140625,971.6796875,971.6796875,971.6796875,0.0,0,0
1766593555.661057,1766593555.5988643,971.19140625,971.6796875,971.6796875,971.6796875,0.0,0,0
1766593555.66113,1766593555.6027637,970.703125,971.6796875,971.6796875,971.6796875,0.0,0,0
1766593555.690933,1766593555.6067522,971.19140625,971.6796875,971.6796875,971.6796875,0.0,0,0
1766593555.691097,1766593555.6106515,971.19140625,971.6796875,971.6796875,971.6796875,0.0,0,0
1766593555.691173,1766593555.6145506,971.19140625,971.6796875,971.6796875,971.6796875,0.0,0,0
1766593555.691242,1766593555.61845,971.19140625,971.6796875,971.6796875,971.6796875,0.0,0,0
1766593555.691309,1766593555.6223493,971.19140625,971.6796875,971.6796875,971.6796875,0.0,0,0
1766593555.691375,1766593555.6262486,971.19140625,971.6796875,971.6796875,971.6796875,0.0,0,0
1766593555.691444,1766593555.630148,971.19140625,971.6796875,971.6796875,971.6796875,0.0,0,0
1766593555.6915069,1766593555.6340473,981.4453125,982.421875,982.421875,982.91015625,0.0,0,0
1766593555.691576,1766593555.6379466,929.6875,930.17578125,925.29296875,928.22265625,0.0,0,0
1766593555.6916401,1766593555.641846,989.2578125,989.74609375,-992.1875,995.60546875,0.0,0,0
1766593555.6917078,1766593555.645745,944.82421875,945.80078125,858.88671875,926.26953125,0.0,0,0
1766593555.6917791,1766593555.6496444,-401.85546875,-401.85546875,-494.62890625,-431.640625,0.0,0,0
1766593555.722131,1766593555.6536262,-1000.0,-1000.0,-1000.0,-1000.0,0.0,0,0
1766593555.722271,1766593555.6575255,-933.59375,-933.10546875,-937.01171875,-933.10546875,0.0,0,0
1766593555.722348,1766593555.6614249,-1000.0,-1000.0,-1000.0,-1000.0,0.0,0,0
1766593555.722395,1766593555.6653242,-1000.0,-1000.0,-1000.0,-1000.0,0.0,0,0
1766593555.72244,1766593555.6692235,-1000.0,-1000.0,-1000.0,-1000.0,0.0,0,0
1766593555.722487,1766593555.673123,-1000.0,-1000.0,-1000.0,-1000.0,0.0,0,0
1766593555.7225301,1766593555.6770222,-1000.0,-1000.0,-1000.0,-1000.0,0.0,0,0
1766593555.722574,1766593555.6809216,-1000.0,-1000.0,-1000.0,-1000.0,0.0,0,0
1766593555.7226188,1766593555.6848207,-1000.0,-1000.0,-1000.0,-1000.0,0.0,0,0
1766593555.722662,1766593555.68872,-1000.0,-1000.0,-1000.0,-1000.0,0.0,0,0
1766593555.7227142,1766593555.6926193,-1000.0,-1000.0,-1000.0,-1000.0,0.0,0,0
1766593555.722767,1766593555.6965187,-1000.0,-1000.0,-1000.0,-1000.0,0.0,0,0
1766593555.7817779,1766593555.7005432,-1000.0,-1000.0,-1000.0,-1000.0,0.0,0,0
1766593555.7818801,1766593555.7044425,-1000.0,-1000.0,-1000.0,-1000.0,0.0,0,0
1766593555.781918,1766593555.7083418,-1000.0,-1000.0,-1000.0,-1000.0,0.0,0,0
1766593555.781954,1766593555.7122412,-1000.0,-1000.0,-1000.0,-1000.0,0.0,0,0
1766593555.7819881,1766593555.7161405,-1000.0,-1000.0,-1000.0,-1000.0,0.0,0,0
1766593555.782022,1766593555.7200398,-1000.0,-1000.0,-1000.0,-1000.0,0.0,0,0
1766593555.782055,1766593555.7239392,-1000.0,-1000.0,-1000.0,-1000.0,0.0,0,0
1766593555.782089,1766593555.7278385,-1000.0,-1000.0,-1000.0,-1000.0,0.0,0,0
1766593555.78219,1766593555.7317379,-1000.0,-1000.0,-1000.0,-1000.0,0.0,0,0
1766593555.782248,1766593555.7356372,-1000.0,-1000.0,-1000.0,-1000.0,0.0,0,0
1766593555.782285,1766593555.7395365,-1000.0,-1000.0,-1000.0,-1000.0,0.0,0,0
1766593555.78232,1766593555.7434359,-1000.0,-1000.0,-1000.0,-1000.0,0.0,0,0
1766593555.811755,1766593555.7474005,-1000.0,-1000.0,-1000.0,-1000.0,0.0,0,0
1766593555.8118532,1766593555.7512999,-1000.0,-1000.0,-1000.0,-1000.0,0.0,0,0
1766593555.811907,1766593555.7551992,-1000.0,-1000.0,-1000.0,-1000.0,0.0,0,0
1766593555.811958,1766593555.7590985,-1000.0,-1000.0,-1000.0,-1000.0,0.0,0,0
1766593555.812007,1766593555.7629979,-1000.0,-1000.0,-1000.0,-1000.0,0.0,0,0
1766593555.812057,1766593555.7668972,-1000.0,-1000.0,-1000.0,-1000.0,0.0,0,0
1766593555.812104,1766593555.7707965,-1000.0,-1000.0,-1000.0,-1000.0,0.0,0,0
1766593555.812151,1766593555.7746959,-1000.0,-1000.0,-1000.0,-1000.0,0.0,0,0
1766593555.8121972,1766593555.7785952,-1000.0,-1000.0,-1000.0,-1000.0,0.0,0,0
1766593555.812243,1766593555.7824945,-1000.0,-1000.0,-1000.0,-1000.0,0.0,0,0
1766593555.812289,1766593555.786394,-1000.0,-1000.0,-1000.0,-1000.0,0.0,0,0
1766593555.8123431,1766593555.7902932,-1000.0,-1000.0,-1000.0,-1000.0,0.0,0,0
1766593555.856912,1766593555.7942507,-1000.0,-1000.0,-1000.0,-1000.0,0.0,0,0
1766593555.857049,1766593555.79815,-946.2890625,-946.2890625,-949.70703125,-944.3359375,0.0,0,0
1766593555.857124,1766593555.8020494,-1000.0,-1000.0,-1000.0,-1000.0,0.0,0,0
1766593555.857197,1766593555.8059487,-861.81640625,-861.81640625,-723.6328125,-839.84375,0.0,0,0
1766593555.857274,1766593555.809848,545.8984375,546.38671875,632.8125,575.1953125,0.0,0,0
1766593555.8573408,1766593555.8137474,-921.38671875,-920.41015625,-941.89453125,-924.8046875,0.0,0,0
1766593555.857407,1766593555.8176467,903.80859375,904.78515625,911.62109375,904.78515625,0.0,0,0
1766593555.857474,1766593555.821546,982.91015625,983.88671875,983.3984375,984.375,0.0,0,0
1766593555.857546,1766593555.8254454,971.19140625,971.6796875,971.6796875,971.6796875,0.0,0,0
1766593555.8576472,1766593555.8293447,971.19140625,971.6796875,971.6796875,971.6796875,0.0,0,0
1766593555.8577302,1766593555.833244,970.703125,971.6796875,971.6796875,971.6796875,0.0,0,0
1766593555.857803,1766593555.8371434,971.19140625,971.6796875,971.6796875,971.6796875,0.0,0,0
1766593555.915383,1766593555.841096,971.19140625,971.6796875,971.6796875,971.6796875,0.0,0,0
1766593555.915467,1766593555.8449953,971.19140625,971.6796875,971.6796875,971.6796875,0.0,0,0
1766593555.915495,1766593555.8488946,971.19140625,971.6796875,971.6796875,971.6796875,0.0,0,0
1766593555.9155269,1766593555.852794,971.19140625,971.6796875,971.6796875,971.6796875,0.0,0,0
1766593555.915552,1766593555.8566933,971.19140625,971.6796875,971.6796875,971.6796875,0.0,0,0
1766593555.9155772,1766593555.8605926,971.19140625,971.6796875,971.6796875,971.6796875,0.0,0,0
1766593555.915602,1766593555.864492,971.19140625,971.6796875,971.6796875,971.6796875,0.0,0,0
1766593555.915627,1766593555.8683913,971.19140625,971.6796875,971.6796875,971.6796875,0.0,0,0
1766593555.915651,1766593555.8722906,970.703125,971.6796875,971.6796875,971.6796875,0.0,0,0
1766593555.915675,1766593555.87619,970.703125,971.6796875,971.6796875,971.6796875,0.0,0,0
1766593555.9156978,1766593555.8800893,970.703125,971.6796875,971.6796875,971.6796875,0.0,0,0
1766593555.915722,1766593555.8839886,971.19140625,971.6796875,971.6796875,971.6796875,0.0,0,0
1766593555.960948,1766593555.8879354,971.19140625,971.6796875,971.6796875,971.6796875,0.0,0,0
1766593555.961099,1766593555.8918347,970.703125,971.6796875,971.6796875,971.6796875,0.0,0,0
1766593555.961142,1766593555.895734,970.703125,971.6796875,971.6796875,971.6796875,0.0,0,0
1766593555.961185,1766593555.8996334,971.19140625,971.6796875,971.6796875,971.6796875,0.0,0,0
1766593555.961223,1766593555.9035327,971.19140625,971.6796875,971.6796875,971.6796875,0.0,0,0
1766593555.9612641,1766593555.907432,971.19140625,971.6796875,971.6796875,971.6796875,0.0,0,0
1766593555.961303,1766593555.9113314,971.19140625,971.6796875,971.6796875,971.6796875,0.0,0,0
1766593555.961341,1766593555.9152308,971.19140625,971.6796875,971.6796875,971.6796875,0.0,0,0
1766593555.9613812,1766593555.91913,971.19140625,971.6796875,971.6796875,971.6796875,0.0,0,0
1766593555.961419,1766593555.9230294,970.703125,971.6796875,971.6796875,971.6796875,0.0,0,0
1766593555.961455,1766593555.9269288,970.703125,971.6796875,971.6796875,971.6796875,0.0,0,0
1766593555.961492,1766593555.930828,971.19140625,971.6796875,971.6796875,971.6796875,0.0,0,0
1766593556.00738,1766593555.9348187,971.19140625,971.6796875,971.6796875,971.6796875,0.0,0,0
1766593556.007494,1766593555.938718,971.19140625,971.6796875,971.6796875,971.6796875,0.0,0,0
1766593556.007555,1766593555.9426174,970.703125,971.6796875,971.6796875,971.6796875,0.0,0,0
1766593556.00761,1766593555.9465168,971.19140625,971.6796875,971.6796875,971.6796875,0.0,0,0
1766593556.007663,1766593555.950416,971.19140625,971.6796875,971.6796875,971.6796875,0.0,0,0
1766593556.007724,1766593555.9543154,986.81640625,987.79296875,985.3515625,987.79296875,0.0,0,0
1766593556.00777,1766593555.9582148,896.484375,896.97265625,903.80859375,896.97265625,0.0,0,0
1766593556.007807,1766593555.962114,-909.66796875,-908.69140625,-925.78125,-908.69140625,0.0,0,0
1766593556.0078442,1766593555.9660134,567.3828125,568.359375,604.00390625,568.359375,0.0,0,0
1766593556.0080519,1766593555.9699128,-891.11328125,-891.11328125,-823.2421875,-891.11328125,0.0,0,0
1766593556.008095,1766593555.9738123,-1000.0,-1000.0,-1000.0,-1000.0,0.0,0,0
1766593556.00813,1766593555.9777117,-942.87109375,-942.3828125,-942.3828125,-942.3828125,0.0,0,0
1766593556.0512588,1766593555.981695,-1000.0,-1000.0,-1000.0,-1000.0,0.0,0,0
1766593556.051326,1766593555.9855943,-1000.0,-1000.0,-1000.0,-1000.0,0.0,0,0
1766593556.051351,1766593555.9894936,-1000.0,-1000.0,-1000.0,-1000.0,0.0,0,0
1766593556.0513742,1766593555.993393,-1000.0,-1000.0,-1000.0,-1000.0,0.0,0,0
1766593556.0513961,1766593555.9972923,-1000.0,-1000.0,-1000.0,-1000.0,0.0,0,0
1766593556.051418,1766593556.0011919,-1000.0,-1000.0,-1000.0,-1000.0,0.0,0,0
1766593556.0514402,1766593556.0050912,-1000.0,-1000.0,-1000.0,-1000.0,0.0,0,0
1766593556.051462,1766593556.0089905,-1000.0,-1000.0,-1000.0,-1000.0,0.0,0,0
1766593556.0514839,1766593556.0128899,-1000.0,-1000.0,-1000.0,-1000.0,0.0,0,0
1766593556.0515049,1766593556.0167892,-1000.0,-1000.0,-1000.0,-1000.0,0.0,0,0
1766593556.051527,1766593556.0206885,-1000.0,-1000.0,-1000.0,-1000.0,0.0,0,0
1766593556.051549,1766593556.0245879,-1000.0,-1000.0,-1000.0,-1000.0,0.0,0,0
1766593556.0982242,1766593556.0285668,-1000.0,-1000.0,-1000.0,-1000.0,0.0,0,0
1766593556.098316,1766593556.0324662,-1000.0,-1000.0,-1000.0,-1000.0,0.0,0,0
1766593556.0983639,1766593556.0363657,-1000.0,-1000.0,-1000.0,-1000.0,0.0,0,0
1766593556.098411,1766593556.040265,-1000.0,-1000.0,-1000.0,-1000.0,0.0,0,0
1766593556.098457,1766593556.0441644,-1000.0,-1000.0,-1000.0,-1000.0,0.0,0,0
1766593556.0985038,1766593556.0480638,-1000.0,-1000.0,-1000.0,-1000.0,0.0,0,0
1766593556.098549,1766593556.051963,-1000.0,-1000.0,-1000.0,-1000.0,0.0,0,0
1766593556.0985951,1766593556.0558624,-1000.0,-1000.0,-1000.0,-1000.0,0.0,0,0
1766593556.098641,1766593556.0597618,-1000.0,-1000.0,-1000.0,-1000.0,0.0,0,0
1766593556.098687,1766593556.0636613,-1000.0,-1000.0,-1000.0,-1000.0,0.0,0,0
1766593556.098733,1766593556.0675607,-1000.0,-1000.0,-1000.0,-1000.0,0.0,0,0
1766593556.098778,1766593556.07146,-1000.0,-1000.0,-1000.0,-1000.0,0.0,0,0
1766593556.155782,1766593556.0754337,-1000.0,-1000.0,-1000.0,-1000.0,0.0,0,0
1766593556.155914,1766593556.079333,-1000.0,-1000.0,-1000.0,-1000.0,0.0,0,0
1766593556.155988,1766593556.0832324,-1000.0,-1000.0,-1000.0,-1000.0,0.0,0,0
1766593556.156039,1766593556.087132,-1000.0,-1000.0,-1000.0,-1000.0,0.0,0,0
1766593556.156087,1766593556.0910313,-1000.0,-1000.0,-1000.0,-1000.0,0.0,0,0
1766593556.1561332,1766593556.0949306,-1000.0,-1000.0,-1000.0,-1000.0,0.0,0,0
1766593556.156182,1766593556.09883,-1000.0,-1000.0,-1000.0,-1000.0,0.0,0,0
1766593556.156228,1766593556.1027293,-1000.0,-1000.0,-1000.0,-1000.0,0.0,0,0
1766593556.156283,1766593556.106629,-1000.0,-1000.0,-1000.0,-1000.0,0.0,0,0
1766593556.156328,1766593556.1105282,-1000.0,-1000.0,-1000.0,-1000.0,0.0,0,0
1766593556.156374,1766593556.1144276,-1000.0,-1000.0,-1000.0,-1000.0,0.0,0,0
1766593556.15642,1766593556.118327,-1000.0,-1000.0,-1000.0,-1000.0,0.0,0,0
1766593556.201597,1766593556.1222932,-989.2578125,-992.67578125,-989.74609375,-990.72265625,0.0,0,0
1766593556.2017221,1766593556.1261926,-955.56640625,-950.1953125,-956.0546875,-953.125,0.0,0,0
1766593556.201781,1766593556.1300921,-1000.0,-1000.0,-1000.0,-1000.0,0.0,0,0
1766593556.2018309,1766593556.1339915,-26.85546875,-76.66015625,-44.43359375,-50.78125,0.0,0,0
1766593556.2018838,1766593556.1378908,-913.57421875,-922.36328125,-923.828125,-917.48046875,0.0,0,0
1766593556.201937,1766593556.1417902,928.7109375,935.546875,934.5703125,932.6171875,0.0,0,0
1766593556.201988,1766593556.1456895,958.0078125,955.078125,956.54296875,957.03125,0.0,0,0
1766593556.20204,1766593556.149589,973.6328125,975.09765625,975.09765625,974.609375,0.0,0,0
1766593556.202091,1766593556.1534884,970.703125,971.6796875,971.6796875,971.6796875,0.0,0,0
1766593556.202142,1766593556.1573877,971.19140625,972.16796875,971.6796875,971.6796875,0.0,0,0
1766593556.2021928,1766593556.161287,971.19140625,971.6796875,971.6796875,971.6796875,0.0,0,0
1766593556.202243,1766593556.1651864,971.19140625,971.6796875,971.6796875,971.6796875,0.0,0,0
1766593556.233098,1766593556.1691456,971.19140625,971.6796875,971.6796875,971.6796875,0.0,0,0
1766593556.233241,1766593556.1730452,970.703125,971.6796875,971.6796875,971.6796875,0.0,0,0
1766593556.233303,1766593556.1769445,971.19140625,971.6796875,971.6796875,971.6796875,0.0,0,0
1766593556.233356,1766593556.1808438,970.703125,971.6796875,971.6796875,971.6796875,0.0,0,0
1766593556.233408,1766593556.1847432,971.19140625,971.6796875,971.6796875,971.6796875,0.0,0,0
1766593556.2334578,1766593556.1886427,971.19140625,971.6796875,971.6796875,971.6796875,0.0,0,0
1766593556.233509,1766593556.192542,971.19140625,972.16796875,971.6796875,971.6796875,0.0,0,0
1766593556.23356,1766593556.1964414,970.703125,971.6796875,971.6796875,971.6796875,0.0,0,0
1766593556.233609,1766593556.2003407,971.19140625,971.6796875,971.6796875,971.6796875,0.0,0,0
1766593556.23366,1766593556.20424,971.19140625,971.6796875,971.6796875,971.6796875,0.0,0,0
1766593556.233709,1766593556.2081397,971.19140625,971.6796875,971.6796875,971.6796875,0.0,0,0
1766593556.233759,1766593556.212039,971.19140625,971.6796875,971.6796875,971.6796875,0.0,0,0
1766593556.29149,1766593556.21599,971.19140625,971.6796875,971.6796875,971.6796875,0.0,0,0
1766593556.291698,1766593556.2198894,971.19140625,971.6796875,971.6796875,971.6796875,0.0,0,0
1766593556.2918441,1766593556.2237887,971.19140625,971.6796875,971.6796875,971.6796875,0.0,0,0
1766593556.2920032,1766593556.2276883,971.19140625,971.6796875,971.6796875,971.6796875,0.0,0,0
1766593556.292077,1766593556.2315876,971.19140625,971.6796875,971.6796875,971.6796875,0.0,0,0
1766593556.292247,1766593556.235487,971.19140625,972.16796875,971.6796875,971.6796875,0.0,0,0
1766593556.2930539,1766593556.2393863,971.19140625,971.6796875,971.6796875,971.6796875,0.0,0,0
1766593556.293202,1766593556.243286,971.19140625,971.6796875,971.6796875,971.6796875,0.0,0,0
1766593556.2932649,1766593556.2471852,971.19140625,971.6796875,971.6796875,971.6796875,0.0,0,0
1766593556.293317,1766593556.2510846,971.19140625,971.6796875,971.6796875,971.6796875,0.0,0,0
1766593556.293395,1766593556.254984,970.703125,971.6796875,971.6796875,971.6796875,0.0,0,0
1766593556.2934499,1766593556.2588835,971.19140625,971.6796875,971.6796875,971.6796875,0.0,0,0
1766593556.337564,1766593556.262834,971.19140625,971.6796875,972.16796875,971.6796875,0.0,0,0
1766593556.337742,1766593556.2667334,971.19140625,972.16796875,971.6796875,971.6796875,0.0,0,0
1766593556.337811,1766593556.2706327,970.703125,971.6796875,971.6796875,971.6796875,0.0,0,0
1766593556.3378718,1766593556.2745323,972.65625,973.6328125,974.609375,973.6328125,0.0,0,0
1766593556.337932,1766593556.2784317,964.35546875,965.8203125,960.9375,965.33203125,0.0,0,0
1766593556.337993,1766593556.282331,926.7578125,927.24609375,935.546875,927.24609375,0.0,0,0
1766593556.338052,1766593556.2862303,-946.2890625,-945.80078125,-964.35546875,-945.80078125,0.0,0,0
1766593556.3381178,1766593556.29013,101.07421875,102.05078125,40.0390625,101.5625,0.0,0,0
1766593556.338206,1766593556.2940292,-1000.0,-1000.0,-1000.0,-1000.0,0.0,0,0
1766593556.338279,1766593556.2979286,-984.375,-984.375,-979.00390625,-984.375,0.0,0,0
1766593556.338366,1766593556.3018281,-975.5859375,-975.5859375,-979.00390625,-975.5859375,0.0,0,0
1766593556.338423,1766593556.3057275,-1000.0,-1000.0,-1000.0,-1000.0,0.0,0,0
1766593556.382302,1766593556.3097181,-1000.0,-1000.0,-1000.0,-1000.0,0.0,0,0
1766593556.382411,1766593556.3136175,-1000.0,-1000.0,-1000.0,-1000.0,0.0,0,0
1766593556.3824608,1766593556.3175168,-1000.0,-1000.0,-1000.0,-1000.0,0.0,0,0
1766593556.382508,1766593556.3214161,-1000.0,-1000.0,-1000.0,-1000.0,0.0,0,0
1766593556.382554,1766593556.3253157,-1000.0,-1000.0,-1000.0,-1000.0,0.0,0,0
1766593556.3826292,1766593556.329215,-1000.0,-1000.0,-1000.0,-1000.0,0.0,0,0
1766593556.3826828,1766593556.3331144,-1000.0,-1000.0,-1000.0,-1000.0,0.0,0,0
1766593556.382729,1766593556.337014,-1000.0,-1000.0,-1000.0,-1000.0,0.0,0,0
1766593556.383122,1766593556.3409133,-1000.0,-1000.0,-1000.0,-1000.0,0.0,0,0
1766593556.3831732,1766593556.3448126,-1000.0,-1000.0,-1000.0,-1000.0,0.0,0,0
1766593556.38322,1766593556.3487122,-1000.0,-1000.0,-1000.0,-1000.0,0.0,0,0
1766593556.383275,1766593556.3526115,-1000.0,-1000.0,-1000.0,-1000.0,0.0,0,0
1766593556.429591,1766593556.3565996,-1000.0,-1000.0,-1000.0,-1000.0,0.0,0,0
1766593556.42973,1766593556.3604991,-1000.0,-1000.0,-1000.0,-1000.0,0.0,0,0
1766593556.429782,1766593556.3643985,-1000.0,-1000.0,-1000.0,-1000.0,0.0,0,0
1766593556.429831,1766593556.3682978,-1000.0,-1000.0,-1000.0,-1000.0,0.0,0,0
1766593556.429878,1766593556.3721974,-1000.0,-1000.0,-1000.0,-1000.0,0.0,0,0
1766593556.429926,1766593556.3760967,-1000.0,-1000.0,-1000.0,-1000.0,0.0,0,0
1766593556.429983,1766593556.379996,-1000.0,-1000.0,-1000.0,-1000.0,0.0,0,0
1766593556.4300292,1766593556.3838956,-1000.0,-1000.0,-1000.0,-1000.0,0.0,0,0
1766593556.430076,1766593556.387795,-1000.0,-1000.0,-1000.0,-1000.0,0.0,0,0
1766593556.430121,1766593556.3916943,-1000.0,-1000.0,-1000.0,-1000.0,0.0,0,0
1766593556.430167,1766593556.395594,-1000.0,-1000.0,-1000.0,-1000.0,0.0,0,0
1766593556.430212,1766593556.3994932,-1000.0,-1000.0,-1000.0,-1000.0,0.0,0,0
1766593556.471906,1766593556.4034722,-1000.0,-1000.0,-1000.0,-1000.0,0.0,0,0
1766593556.4720168,1766593556.4073715,-1000.0,-1000.0,-1000.0,-1000.0,0.0,0,0
1766593556.472051,1766593556.411271,-1000.0,-1000.0,-1000.0,-1000.0,0.0,0,0
1766593556.472078,1766593556.4151704,-1000.0,-1000.0,-1000.0,-1000.0,0.0,0,0
1766593556.472105,1766593556.4190698,-1000.0,-1000.0,-1000.0,-1000.0,0.0,0,0
1766593556.472131,1766593556.4229693,-1000.0,-1000.0,-1000.0,-1000.0,0.0,0,0
1766593556.472157,1766593556.4268687,-1000.0,-1000.0,-1000.0,-1000.0,0.0,0,0
1766593556.4721842,1766593556.4307683,-1000.0,-1000.0,-1000.0,-1000.0,0.0,0,0
1766593556.47221,1766593556.4346676,-1000.0,-1000.0,-1000.0,-1000.0,0.0,0,0
1766593556.472237,1766593556.438567,-1000.0,-1000.0,-1000.0,-1000.0,0.0,0,0
1766593556.472262,1766593556.4424665,-1000.0,-1000.0,-1000.0,-1000.0,0.0,0,0
1766593556.472289,1766593556.4463658,-1000.0,-1000.0,-996.58203125,-1000.0,0.0,0,0
1766593556.532577,1766593556.4503407,-937.5,-937.5,-946.2890625,-937.5,0.0,0,0
1766593556.532734,1766593556.45424,-1000.0,-1000.0,-1000.0,-1000.0,0.0,0,0
1766593556.532789,1766593556.4581394,-219.23828125,-218.75,-152.83203125,-218.75,0.0,0,0
1766593556.532851,1766593556.462039,-957.51953125,-957.03125,-950.1953125,-957.03125,0.0,0,0
1766593556.532903,1766593556.4659383,954.58984375,955.56640625,949.70703125,955.078125,0.0,0,0
1766593556.5329568,1766593556.469838,943.84765625,944.3359375,948.2421875,944.3359375,0.0,0,0
1766593556.5330071,1766593556.4737372,977.5390625,978.02734375,977.5390625,978.515625,0.0,0,0
1766593556.5330582,1766593556.4776368,970.703125,971.6796875,971.6796875,971.6796875,0.0,0,0
1766593556.533108,1766593556.4815361,970.703125,971.6796875,971.6796875,971.6796875,0.0,0,0
1766593556.5331688,1766593556.4854355,971.19140625,971.6796875,971.6796875,971.6796875,0.0,0,0
1766593556.533228,1766593556.489335,971.19140625,971.6796875,971.6796875,971.6796875,0.0,0,0
1766593556.533296,1766593556.4932344,971.19140625,971.6796875,971.6796875,971.6796875,0.0,0,0
1766593556.563679,1766593556.4972074,971.19140625,971.6796875,971.6796875,971.6796875,0.0,0,0
1766593556.563786,1766593556.5011067,971.19140625,971.6796875,971.6796875,971.6796875,0.0,0,0
1766593556.563838,1766593556.5050063,971.19140625,971.6796875,971.6796875,971.6796875,0.0,0,0
1766593556.5638888,1766593556.5089056,971.19140625,971.6796875,971.6796875,971.6796875,0.0,0,0
1766593556.563939,1766593556.512805,971.19140625,971.6796875,971.6796875,971.6796875,0.0,0,0
1766593556.563988,1766593556.5167046,971.19140625,971.6796875,971.6796875,971.6796875,0.0,0,0
1766593556.5640378,1766593556.520604,971.19140625,971.6796875,971.6796875,971.6796875,0.0,0,0
1766593556.564088,1766593556.5245035,971.19140625,971.6796875,971.6796875,971.6796875,0.0,0,0
1766593556.564137,1766593556.5284028,971.19140625,971.6796875,971.6796875,972.16796875,0.0,0,0
1766593556.5641868,1766593556.5323024,971.19140625,971.6796875,971.6796875,971.6796875,0.0,0,0
1766593556.564286,1766593556.5362017,971.19140625,971.6796875,971.6796875,971.6796875,0.0,0,0
1766593556.56433,1766593556.5401013,971.19140625,971.6796875,971.6796875,971.6796875,0.0,0,0
1766593556.6070669,1766593556.5440593,971.19140625,971.6796875,971.6796875,971.6796875,0.0,0,0
1766593556.607191,1766593556.5479586,971.19140625,971.6796875,971.6796875,971.6796875,0.0,0,0
1766593556.60725,1766593556.5518582,970.703125,971.6796875,971.6796875,971.6796875,0.0,0,0
1766593556.607303,1766593556.5557575,971.19140625,971.6796875,971.6796875,971.6796875,0.0,0,0
1766593556.6073558,1766593556.5596569,971.19140625,971.6796875,971.6796875,971.6796875,0.0,0,0
1766593556.6074061,1766593556.5635564,970.703125,971.6796875,971.6796875,971.6796875,0.0,0,0
1766593556.607457,1766593556.5674558,971.19140625,971.6796875,971.6796875,971.6796875,0.0,0,0
1766593556.607509,1766593556.5713553,971.19140625,971.6796875,971.6796875,971.6796875,0.0,0,0
1766593556.60756,1766593556.5752547,970.703125,971.6796875,971.6796875,971.6796875,0.0,0,0
1766593556.6076102,1766593556.5791543,970.703125,971.6796875,971.6796875,971.6796875,0.0,0,0
1766593556.607661,1766593556.5830536,971.19140625,971.6796875,971.6796875,971.19140625,0.0,0,0
1766593556.607711,1766593556.5869532,971.19140625,971.6796875,971.6796875,971.6796875,0.0,0,0
1766593556.6663418,1766593556.5909085,970.703125,971.6796875,971.6796875,971.6796875,0.0,0,0
1766593556.666475,1766593556.594808,971.19140625,971.6796875,971.6796875,971.6796875,0.0,0,0
1766593556.666535,1766593556.5987074,971.19140625,971.6796875,971.6796875,971.6796875,0.0,0,0
1766593556.6665869,1766593556.602607,971.19140625,971.6796875,971.6796875,971.6796875,0.0,0,0
1766593556.666639,1766593556.6065063,984.86328125,985.3515625,984.86328125,985.83984375,0.0,0,0
1766593556.66669,1766593556.610406,915.0390625,917.48046875,914.0625,914.0625,0.0,0,0
1766593556.66675,1766593556.6143053,-972.16796875,-975.09765625,-960.44921875,-966.796875,0.0,0,0
1766593556.666801,1766593556.6182048,816.89453125,833.0078125,750.9765625,800.29296875,0.0,0,0
1766593556.6668532,1766593556.6221042,-595.703125,-575.1953125,-652.34375,-617.67578125,0.0,0,0
1766593556.666909,1766593556.6260037,-1000.0,-1000.0,-1000.0,-1000.0,0.0,0,0
1766593556.6669571,1766593556.629903,-933.59375,-933.10546875,-937.5,-934.08203125,0.0,0,0
1766593556.667006,1766593556.6338027,-1000.0,-1000.0,-1000.0,-1000.0,0.0,0,0
1766593556.712619,1766593556.6378002,-1000.0,-1000.0,-1000.0,-1000.0,0.0,0,0
1766593556.712817,1766593556.6416998,-1000.0,-1000.0,-1000.0,-1000.0,0.0,0,0
1766593556.7128909,1766593556.6455994,-1000.0,-1000.0,-1000.0,-1000.0,0.0,0,0
1766593556.712957,1766593556.6494987,-1000.0,-1000.0,-1000.0,-1000.0,0.0,0,0
1766593556.713021,1766593556.6533983,-1000.0,-1000.0,-1000.0,-1000.0,0.0,0,0
1766593556.713084,1766593556.6572976,-1000.0,-1000.0,-1000.0,-1000.0,0.0,0,0
1766593556.7131462,1766593556.6611972,-1000.0,-1000.0,-1000.0,-1000.0,0.0,0,0
1766593556.713204,1766593556.6650965,-1000.0,-1000.0,-1000.0,-1000.0,0.0,0,0
1766593556.713262,1766593556.668996,-1000.0,-1000.0,-1000.0,-1000.0,0.0,0,0
1766593556.713321,1766593556.6728954,-1000.0,-1000.0,-1000.0,-1000.0,0.0,0,0
1766593556.7133791,1766593556.676795,-1000.0,-1000.0,-1000.0,-1000.0,0.0,0,0
1766593556.7134368,1766593556.6806943,-1000.0,-1000.0,-1000.0,-1000.0,0.0,0,0
1766593556.7569358,1766593556.6846855,-1000.0,-1000.0,-1000.0,-1000.0,0.0,0,0
1766593556.757087,1766593556.688585,-1000.0,-1000.0,-1000.0,-1000.0,0.0,0,0
1766593556.757129,1766593556.6924844,-1000.0,-1000.0,-1000.0,-1000.0,0.0,0,0
1766593556.757212,1766593556.696384,-1000.0,-1000.0,-1000.0,-1000.0,0.0,0,0
1766593556.75727,1766593556.7002833,-1000.0,-1000.0,-1000.0,-1000.0,0.0,0,0
1766593556.757313,1766593556.7041829,-1000.0,-1000.0,-1000.0,-1000.0,0.0,0,0
1766593556.757349,1766593556.7080824,-1000.0,-1000.0,-1000.0,-1000.0,0.0,0,0
1766593556.7573829,1766593556.7119818,-1000.0,-1000.0,-1000.0,-1000.0,0.0,0,0
1766593556.757771,1766593556.7158813,-1000.0,-1000.0,-1000.0,-1000.0,0.0,0,0
1766593556.757809,1766593556.7197807,-1000.0,-1000.0,-1000.0,-1000.0,0.0,0,0
1766593556.757843,1766593556.7236803,-1000.0,-1000.0,-1000.0,-1000.0,0.0,0,0
1766593556.757889,1766593556.7275796,-1000.0,-1000.0,-1000.0,-1000.0,0.0,0,0
1766593556.8015192,1766593556.7315633,-1000.0,-1000.0,-1000.0,-1000.0,0.0,0,0
1766593556.801619,1766593556.735463,-1000.0,-1000.0,-1000.0,-1000.0,0.0,0,0
1766593556.801656,1766593556.7393622,-1000.0,-1000.0,-1000.0,-1000.0,0.0,0,0
1766593556.8016908,1766593556.7432618,-1000.0,-1000.0,-1000.0,-1000.0,0.0,0,0
1766593556.801725,1766593556.7471614,-1000.0,-1000.0,-1000.0,-1000.0,0.0,0,0
1766593556.80176,1766593556.7510607,-1000.0,-1000.0,-1000.0,-1000.0,0.0,0,0
1766593556.801793,1766593556.7549603,-1000.0,-1000.0,-1000.0,-1000.0,0.0,0,0
1766593556.801827,1766593556.7588596,-1000.0,-1000.0,-1000.0,-1000.0,0.0,0,0
1766593556.80186,1766593556.7627592,-1000.0,-1000.0,-1000.0,-1000.0,0.0,0,0
1766593556.8018932,1766593556.7666588,-1000.0,-1000.0,-1000.0,-1000.0,0.0,0,0
1766593556.801926,1766593556.770558,-1000.0,-1000.0,-1000.0,-1000.0,0.0,0,0
1766593556.8019662,1766593556.7744577,-1000.0,-1000.0,-1000.0,-1000.0,0.0,0,0
1766593556.847379,1766593556.7784345,-1000.0,-1000.0,-1000.0,-1000.0,0.0,0,0
1766593556.8474848,1766593556.782334,-946.2890625,-946.2890625,-950.68359375,-946.2890625,0.0,0,0
1766593556.847544,1766593556.7862334,-1000.0,-1000.0,-1000.0,-1000.0,0.0,0,0
1766593556.8475919,1766593556.790133,-861.81640625,-861.81640625,-869.62890625,-861.81640625,0.0,0,0
1766593556.847646,1766593556.7940326,545.8984375,546.38671875,505.37109375,546.38671875,0.0,0,0
1766593556.8476968,1766593556.797932,-921.38671875,-920.41015625,-920.8984375,-920.41015625,0.0,0,0
1766593556.8477492,1766593556.8018315,903.80859375,904.296875,907.2265625,904.296875,0.0,0,0
1766593556.84781,1766593556.805731,982.91015625,983.88671875,981.4453125,983.88671875,0.0,0,0
1766593556.847862,1766593556.8096304,971.19140625,971.6796875,971.6796875,971.6796875,0.0,0,0
1766593556.847918,1766593556.81353,971.19140625,971.6796875,971.6796875,971.6796875,0.0,0,0
1766593556.847968,1766593556.8174293,971.19140625,971.6796875,971.6796875,971.6796875,0.0,0,0
1766593556.848047,1766593556.8213289,970.703125,971.6796875,971.6796875,971.6796875,0.0,0,0
1766593556.891783,1766593556.8252993,971.19140625,971.6796875,971.6796875,971.6796875,0.0,0,0
1766593556.891885,1766593556.8291988,970.703125,971.6796875,971.6796875,971.6796875,0.0,0,0
1766593556.8919392,1766593556.8330982,971.19140625,971.6796875,971.6796875,971.19140625,0.0,0,0
1766593556.8919911,1766593556.8369977,971.19140625,971.6796875,971.6796875,971.6796875,0.0,0,0
1766593556.892042,1766593556.8408973,971.19140625,971.6796875,971.6796875,971.6796875,0.0,0,0
1766593556.89211,1766593556.8447967,971.19140625,971.6796875,971.6796875,971.6796875,0.0,0,0
1766593556.8921611,1766593556.8486962,971.19140625,971.6796875,971.6796875,971.6796875,0.0,0,0
1766593556.892211,1766593556.8525958,971.19140625,971.6796875,971.6796875,971.6796875,0.0,0,0
1766593556.892261,1766593556.8564951,971.19140625,971.6796875,971.6796875,971.6796875,0.0,0,0
1766593556.892312,1766593556.8603947,971.19140625,971.6796875,971.6796875,971.6796875,0.0,0,0
1766593556.8923662,1766593556.8642943,970.703125,971.6796875,971.6796875,971.6796875,0.0,0,0
1766593556.892415,1766593556.8681936,970.703125,971.6796875,971.6796875,971.6796875,0.0,0,0
1766593556.936525,1766593556.872157,971.19140625,971.6796875,971.6796875,971.6796875,0.0,0,0
1766593556.936613,1766593556.8760567,971.19140625,971.6796875,971.6796875,971.6796875,0.0,0,0
1766593556.9366558,1766593556.879956,971.19140625,971.6796875,971.6796875,971.6796875,0.0,0,0
1766593556.936694,1766593556.8838556,970.703125,971.6796875,971.6796875,971.6796875,0.0,0,0
1766593556.9367318,1766593556.8877552,970.703125,971.6796875,971.6796875,971.6796875,0.0,0,0
1766593556.93677,1766593556.8916547,971.19140625,971.6796875,971.6796875,971.6796875,0.0,0,0
1766593556.936807,1766593556.895554,970.703125,971.6796875,971.6796875,971.6796875,0.0,0,0
1766593556.936844,1766593556.8994536,971.19140625,971.6796875,971.6796875,971.6796875,0.0,0,0
1766593556.9368808,1766593556.9033532,971.19140625,971.6796875,971.6796875,971.6796875,0.0,0,0
1766593556.936918,1766593556.9072526,970.703125,971.6796875,971.6796875,971.6796875,0.0,0,0
1766593556.936955,1766593556.9111521,971.19140625,971.6796875,971.6796875,971.6796875,0.0,0,0
1766593556.937,1766593556.9150517,971.19140625,971.6796875,971.6796875,971.6796875,0.0,0,0
1766593556.983218,1766593556.9190173,971.19140625,971.6796875,971.6796875,971.6796875,0.0,0,0
1766593556.983348,1766593556.922917,970.703125,971.6796875,971.6796875,971.6796875,0.0,0,0
1766593556.983389,1766593556.9268165,970.703125,971.6796875,971.6796875,971.6796875,0.0,0,0
1766593556.983428,1766593556.9307158,971.19140625,971.6796875,971.6796875,971.19140625,0.0,0,0
1766593556.983466,1766593556.9346154,973.14453125,974.12109375,975.09765625,973.6328125,0.0,0,0
1766593556.9835038,1766593556.938515,958.984375,959.47265625,954.58984375,959.47265625,0.0,0,0
1766593556.983541,1766593556.9424143,927.734375,927.734375,940.91796875,927.734375,0.0,0,0
1766593556.983579,1766593556.9463139,-911.1328125,-910.64453125,-955.078125,-910.64453125,0.0,0,0
1766593556.983616,1766593556.9502134,-14.6484375,-14.16015625,-79.58984375,-14.6484375,0.0,0,0
1766593556.983653,1766593556.954113,-1000.0,-1000.0,-1000.0,-1000.0,0.0,0,0
1766593556.9836879,1766593556.9580123,-957.03125,-957.03125,-957.03125,-957.03125,0.0,0,0
1766593556.983732,1766593556.961912,-988.28125,-988.28125,-989.74609375,-988.28125,0.0,0,0
1766593557.041065,1766593556.965867,-1000.0,-1000.0,-1000.0,-1000.0,0.0,0,0
1766593557.041224,1766593556.9697664,-1000.0,-1000.0,-1000.0,-1000.0,0.0,0,0
1766593557.0412748,1766593556.973666,-1000.0,-1000.0,-1000.0,-1000.0,0.0,0,0
1766593557.041323,1766593556.9775655,-1000.0,-1000.0,-1000.0,-1000.0,0.0,0,0
1766593557.0413702,1766593556.981465,-1000.0,-1000.0,-1000.0,-1000.0,0.0,0,0
1766593557.041416,1766593556.9853644,-1000.0,-1000.0,-1000.0,-1000.0,0.0,0,0
1766593557.041461,1766593556.989264,-1000.0,-1000.0,-1000.0,-1000.0,0.0,0,0
1766593557.041507,1766593556.9931636,-1000.0,-1000.0,-1000.0,-1000.0,0.0,0,0
1766593557.0415528,1766593556.9970632,-1000.0,-1000.0,-1000.0,-1000.0,0.0,0,0
1766593557.0415978,1766593557.0009625,-1000.0,-1000.0,-1000.0,-1000.0,0.0,0,0
1766593557.041645,1766593557.004862,-1000.0,-1000.0,-1000.0,-1000.0,0.0,0,0
1766593557.041696,1766593557.0087616,-1000.0,-1000.0,-1000.0,-1000.0,0.0,0,0
1766593557.08863,1766593557.0127068,-1000.0,-1000.0,-1000.0,-1000.0,0.0,0,0
1766593557.0887418,1766593557.0166063,-1000.0,-1000.0,-1000.0,-1000.0,0.0,0,0
1766593557.088792,1766593557.020506,-1000.0,-1000.0,-1000.0,-1000.0,0.0,0,0
1766593557.0888388,1766593557.0244052,-1000.0,-1000.0,-1000.0,-1000.0,0.0,0,0
1766593557.088955,1766593557.0283048,-1000.0,-1000.0,-1000.0,-1000.0,0.0,0,0
1766593557.089014,1766593557.0322044,-1000.0,-1000.0,-1000.0,-1000.0,0.0,0,0
1766593557.089064,1766593557.036104,-1000.0,-1000.0,-1000.0,-1000.0,0.0,0,0
1766593557.089113,1766593557.0400033,-1000.0,-1000.0,-1000.0,-1000.0,0.0,0,0
1766593557.0891688,1766593557.0439029,-1000.0,-1000.0,-1000.0,-1000.0,0.0,0,0
1766593557.089217,1766593557.0478024,-1000.0,-1000.0,-1000.0,-1000.0,0.0,0,0
1766593557.0892632,1766593557.051702,-1000.0,-1000.0,-1000.0,-1000.0,0.0,0,0
1766593557.089309,1766593557.0556014,-1000.0,-1000.0,-1000.0,-1000.0,0.0,0,0
1766593557.132521,1766593557.0595937,-1000.0,-1000.0,-1000.0,-1000.0,0.0,0,0
1766593557.1326358,1766593557.0634933,-1000.0,-1000.0,-1000.0,-1000.0,0.0,0,0
1766593557.1326878,1766593557.0673928,-1000.0,-1000.0,-1000.0,-1000.0,0.0,0,0
1766593557.132736,1766593557.0712924,-1000.0,-1000.0,-1000.0,-1000.0,0.0,0,0
1766593557.132789,1766593557.0751917,-1000.0,-1000.0,-1000.0,-1000.0,0.0,0,0
1766593557.132839,1766593557.0790913,-1000.0,-1000.0,-1000.0,-1000.0,0.0,0,0
1766593557.132886,1766593557.082991,-1000.0,-1000.0,-1000.0,-1000.0,0.0,0,0
1766593557.1329322,1766593557.0868905,-1000.0,-1000.0,-1000.0,-1000.0,0.0,0,0
1766593557.133249,1766593557.09079,-1000.0,-1000.0,-1000.0,-1000.0,0.0,0,0
1766593557.1333,1766593557.0946894,-1000.0,-1000.0,-1000.0,-1000.0,0.0,0,0
1766593557.133347,1766593557.098589,-1000.0,-1000.0,-1000.0,-1000.0,0.0,0,0
1766593557.133399,1766593557.1024885,-1000.0,-1000.0,-1000.0,-1000.0,0.0,0,0
1766593557.1777668,1766593557.1064742,-988.28125,-988.28125,-983.3984375,-987.3046875,0.0,0,0
1766593557.177896,1766593557.1103737,-957.03125,-957.03125,-969.23828125,-958.49609375,0.0,0,0
1766593557.177968,1766593557.114273,-1000.0,-1000.0,-1000.0,-1000.0,0.0,0,0
1766593557.17803,1766593557.1181726,-14.6484375,-14.16015625,55.6640625,-0.48828125,0.0,0,0
1766593557.178097,1766593557.1220722,-911.1328125,-910.15625,-914.0625,-908.69140625,0.0,0,0
1766593557.1781619,1766593557.1259718,927.24609375,928.22265625,926.26953125,926.7578125,0.0,0,0
1766593557.178227,1766593557.1298714,958.49609375,959.47265625,961.9140625,960.44921875,0.0,0,0
1766593557.1783,1766593557.133771,973.14453125,973.6328125,973.6328125,973.6328125,0.0,0,0
1766593557.1783628,1766593557.1376703,971.19140625,971.6796875,971.6796875,971.6796875,0.0,0,0
1766593557.178426,1766593557.1415699,971.19140625,971.6796875,971.6796875,971.6796875,0.0,0,0
1766593557.178489,1766593557.1454694,971.19140625,971.6796875,971.6796875,971.6796875,0.0,0,0
1766593557.178551,1766593557.149369,971.19140625,971.6796875,971.6796875,971.6796875,0.0,0,0
1766593557.222647,1766593557.1533499,971.19140625,971.6796875,971.6796875,971.6796875,0.0,0,0
1766593557.222809,1766593557.1572495,971.19140625,971.6796875,971.6796875,971.6796875,0.0,0,0
1766593557.2228742,1766593557.161149,970.703125,971.6796875,971.6796875,971.6796875,0.0,0,0
1766593557.222917,1766593557.1650484,970.703125,971.6796875,971.6796875,971.6796875,0.0,0,0
1766593557.222956,1766593557.168948,970.703125,971.6796875,971.6796875,971.6796875,0.0,0,0
1766593557.222993,1766593557.1728475,971.19140625,971.6796875,971.6796875,971.6796875,0.0,0,0
1766593557.22303,1766593557.176747,970.703125,971.6796875,971.6796875,971.6796875,0.0,0,0
1766593557.223076,1766593557.1806467,971.19140625,971.6796875,971.6796875,971.6796875,0.0,0,0
1766593557.223136,1766593557.1845462,971.19140625,971.6796875,971.6796875,971.6796875,0.0,0,0
1766593557.223188,1766593557.1884458,971.19140625,971.6796875,971.6796875,971.6796875,0.0,0,0
1766593557.223225,1766593557.1923451,971.19140625,971.6796875,971.6796875,971.6796875,0.0,0,0
1766593557.223271,1766593557.1962447,970.703125,971.6796875,971.6796875,971.6796875,0.0,0,0
1766593557.268907,1766593557.200218,970.703125,971.6796875,971.6796875,971.6796875,0.0,0,0
1766593557.269063,1766593557.2041175,971.19140625,971.6796875,971.6796875,971.6796875,0.0,0,0
1766593557.2691379,1766593557.208017,971.19140625,971.6796875,971.6796875,971.6796875,0.0,0,0
1766593557.269218,1766593557.2119167,971.19140625,971.6796875,971.6796875,971.6796875,0.0,0,0
1766593557.269292,1766593557.2158163,971.19140625,971.6796875,971.6796875,971.6796875,0.0,0,0
1766593557.2693582,1766593557.2197158,971.19140625,971.6796875,971.6796875,971.6796875,0.0,0,0
1766593557.269432,1766593557.2236154,971.19140625,971.6796875,971.6796875,971.6796875,0.0,0,0
1766593557.269495,1766593557.227515,970.703125,971.6796875,971.6796875,971.6796875,0.0,0,0
1766593557.269564,1766593557.2314146,970.703125,971.6796875,971.6796875,971.6796875,0.0,0,0
1766593557.269635,1766593557.235314,971.19140625,971.6796875,971.6796875,971.6796875,0.0,0,0
1766593557.269697,1766593557.2392135,970.703125,971.6796875,971.6796875,971.6796875,0.0,0,0
1766593557.269778,1766593557.243113,970.703125,971.6796875,971.6796875,971.6796875,0.0,0,0
