timestamp,lsl_timestamp,TP9,AF7,AF8,TP10,Right AUX,keypress_A,keypress_B
1766593611.914283,1766593611.8450892,-998.53515625,-2.9296875,128.41796875,5.859375,0.0,0,0
1766593611.914495,1766593611.8489816,-979.00390625,27.83203125,59.5703125,33.203125,0.0,0,0
1766593611.9145238,1766593611.8528738,-5.859375,-45.8984375,-108.88671875,-24.4140625,0.0,0,0
1766593611.91455,1766593611.8567662,-1000.0,-174.8046875,-185.546875,-116.2109375,0.0,0,0
1766593611.914575,1766593611.8606584,-317.87109375,-116.2109375,-37.59765625,-133.7890625,0.0,0,0
1766593611.9146,1766593611.8645508,944.82421875,18.06640625,151.85546875,-36.1328125,0.0,0,0
1766593611.9146318,1766593611.8684433,-922.36328125,70.80078125,117.67578125,37.109375,0.0,0,0
1766593611.914656,1766593611.8723354,96.6796875,44.43359375,-88.37890625,-23.4375,0.0,0,0
1766593611.91468,1766593611.8762279,-1000.0,-64.453125,-176.7578125,-140.13671875,0.0,0,0
1766593611.9147038,1766593611.8801203,-516.6015625,-133.30078125,-40.0390625,-153.3203125,0.0,0,0
1766593611.914728,1766593611.8840125,773.4375,-18.5546875,128.41796875,-85.44921875,0.0,0,0
1766593611.914752,1766593611.887905,-870.60546875,75.68359375,88.37890625,-70.80078125,0.0,0,0
1766593611.970093,1766593611.8919284,207.03125,-1.46484375,-107.421875,-97.65625,0.0,0,0
1766593611.970186,1766593611.8958206,-1000.0,-114.2578125,-186.03515625,-151.3671875,0.0,0,0
1766593611.9702132,1766593611.899713,-636.23046875,-92.28515625,-76.66015625,-178.7109375,0.0,0,0
1766593611.970239,1766593611.9036055,663.57421875,-8.30078125,107.421875,-115.234375,0.0,0,0
1766593611.970263,1766593611.9074976,-853.515625,76.171875,128.41796875,-61.5234375,0.0,0,0
1766593611.970288,1766593611.91139,227.5390625,70.80078125,-51.7578125,-103.515625,0.0,0,0
1766593611.970311,1766593611.9152825,-1000.0,-36.1328125,-177.734375,-187.98828125,0.0,0,0
1766593611.970335,1766593611.919175,-852.05078125,-75.68359375,-58.59375,-223.6328125,0.0,0,0
1766593611.970359,1766593611.923067,386.71875,11.71875,155.76171875,-120.1171875,0.0,0,0
1766593611.9703832,1766593611.9269595,-840.8203125,156.25,173.828125,-64.94140625,0.0,0,0
1766593611.9704058,1766593611.930852,426.26953125,154.78515625,-6.34765625,-109.86328125,0.0,0,0
1766593611.970431,1766593611.9347441,-896.97265625,20.99609375,-132.8125,-130.859375,0.0,0,0
1766593612.03041,1766593611.938971,-1000.0,-30.76171875,-67.3828125,-178.22265625,0.0,0,0
1766593612.030526,1766593611.9428635,179.6875,55.6640625,134.27734375,-176.7578125,0.0,0,0
1766593612.030554,1766593611.946756,-848.6328125,171.38671875,196.2890625,-117.1875,0.0,0,0
1766593612.03058,1766593611.9506483,496.09375,148.4375,7.8125,-114.74609375,0.0,0,0
1766593612.030605,1766593611.9545407,-810.546875,23.92578125,-161.62109375,-174.8046875,0.0,0,0
1766593612.0306299,1766593611.9584332,-1000.0,-30.76171875,-76.171875,-222.16796875,0.0,0,0
1766593612.030654,1766593611.9623256,36.62109375,59.08203125,140.625,-205.078125,0.0,0,0
1766593612.030678,1766593611.966218,-880.37109375,175.29296875,196.77734375,-96.6796875,0.0,0,0
1766593612.030704,1766593611.9701104,665.52734375,187.5,41.50390625,-52.24609375,0.0,0,0
1766593612.0307279,1766593611.9740028,-594.23828125,83.49609375,-151.3671875,-133.7890625,0.0,0,0
1766593612.0307531,1766593611.9778953,-1000.0,-3.41796875,-134.765625,-179.6875,0.0,0,0
1766593612.030785,1766593611.9817877,-151.3671875,26.3671875,81.54296875,-128.90625,0.0,0,0
1766593612.0605261,1766593611.9857953,-910.15625,142.578125,180.6640625,-73.73046875,0.0,0,0
1766593612.060579,1766593611.9896877,747.0703125,165.0390625,46.875,-53.7109375,0.0,0,0
1766593612.0606039,1766593611.9935803,-502.44140625,30.76171875,-136.23046875,-81.54296875,0.0,0,0
1766593612.060629,1766593611.9974728,-1000.0,-52.734375,-149.4140625,-141.6015625,0.0,0,0
1766593612.0606878,1766593612.0013652,-300.29296875,33.69140625,43.9453125,-125.9765625,0.0,0,0
1766593612.060714,1766593612.0052576,-995.1171875,190.91796875,187.5,-52.734375,0.0,0,0
1766593612.060738,1766593612.00915,892.578125,190.91796875,73.73046875,6.8359375,0.0,0,0
1766593612.0608032,1766593612.0130424,-314.94140625,45.41015625,-126.46484375,-4.39453125,0.0,0,0
1766593612.060829,1766593612.0169349,-1000.0,-75.1953125,-150.87890625,-43.45703125,0.0,0,0
1766593612.060852,1766593612.0208273,-450.1953125,-33.203125,46.875,7.8125,0.0,0,0
1766593612.060875,1766593612.0247197,860.83984375,109.86328125,230.95703125,81.54296875,0.0,0,0
1766593612.0609002,1766593612.0286121,-973.14453125,170.8984375,147.94921875,108.88671875,0.0,0,0
1766593612.107025,1766593612.0326116,-131.34765625,104.4921875,-69.82421875,88.37890625,0.0,0,0
1766593612.107195,1766593612.036504,-1000.0,7.32421875,-125.48828125,20.5078125,0.0,0,0
1766593612.107252,1766593612.0403965,-665.52734375,-12.6953125,43.9453125,1.46484375,0.0,0,0
1766593612.107306,1766593612.0442889,623.046875,81.0546875,230.46875,62.5,0.0,0,0
1766593612.107357,1766593612.0481813,-875.0,165.52734375,174.31640625,119.140625,0.0,0,0
1766593612.1073952,1766593612.052074,-0.9765625,93.26171875,-54.19921875,71.2890625,0.0,0,0
1766593612.107434,1766593612.0559664,-1000.0,-50.78125,-160.64453125,-17.578125,0.0,0,0
1766593612.10747,1766593612.0598588,-791.50390625,-86.42578125,4.8828125,23.4375,0.0,0,0
1766593612.107507,1766593612.0637512,457.03125,17.08984375,193.84765625,102.5390625,0.0,0,0
1766593612.107544,1766593612.0676436,-822.75390625,102.5390625,167.48046875,129.8828125,0.0,0,0
1766593612.107581,1766593612.071536,118.1640625,39.0625,-6.34765625,97.65625,0.0,0,0
1766593612.107618,1766593612.0754287,-1000.0,-83.0078125,-123.046875,40.52734375,0.0,0,0
1766593612.153047,1766593612.0795095,-903.80859375,-100.09765625,-0.9765625,26.3671875,0.0,0,0
1766593612.1532621,1766593612.0834022,291.015625,21.484375,187.01171875,30.2734375,0.0,0,0
1766593612.153319,1766593612.0872946,-809.08203125,129.39453125,175.78125,49.31640625,0.0,0,0
1766593612.1533718,1766593612.091187,214.84375,52.24609375,-2.44140625,80.56640625,0.0,0,0
1766593612.153425,1766593612.0950797,-1000.0,-73.2421875,-140.13671875,-7.8125,0.0,0,0
1766593612.153475,1766593612.098972,-959.47265625,-57.12890625,-49.8046875,-44.43359375,0.0,0,0
1766593612.153526,1766593612.1028645,208.0078125,19.53125,135.7421875,57.12890625,0.0,0,0
1766593612.153576,1766593612.1067572,-812.5,76.66015625,179.6875,83.984375,0.0,0,0
1766593612.153625,1766593612.1106496,313.4765625,12.6953125,35.64453125,59.5703125,0.0,0,0
1766593612.153675,1766593612.114542,-985.83984375,-116.69921875,-143.5546875,13.18359375,0.0,0,0
1766593612.153724,1766593612.1184347,-1000.0,-125.48828125,-93.26171875,-55.6640625,0.0,0,0
1766593612.153773,1766593612.122327,85.44921875,-25.390625,113.76953125,-9.765625,0.0,0,0
1766593612.198383,1766593612.1263952,-838.37890625,66.40625,168.45703125,78.125,0.0,0,0
1766593612.198557,1766593612.130288,473.14453125,37.59765625,28.3203125,61.03515625,0.0,0,0
1766593612.198615,1766593612.1341803,-813.4765625,-81.0546875,-142.578125,-20.01953125,0.0,0,0
1766593612.198684,1766593612.138073,-1000.0,-141.6015625,-108.88671875,-54.19921875,0.0,0,0
1766593612.198743,1766593612.1419654,-124.0234375,-87.890625,100.09765625,-20.01953125,0.0,0,0
1766593612.198793,1766593612.145858,-909.1796875,37.59765625,196.2890625,68.359375,0.0,0,0
1766593612.1989162,1766593612.1497505,750.9765625,86.9140625,49.8046875,99.12109375,0.0,0,0
1766593612.198974,1766593612.1536431,-498.53515625,-44.921875,-153.3203125,52.734375,0.0,0,0
1766593612.1990159,1766593612.1575356,-1000.0,-190.4296875,-146.97265625,-27.34375,0.0,0,0
1766593612.199054,1766593612.1614282,-206.54296875,-147.94921875,71.2890625,-41.015625,0.0,0,0
1766593612.199092,1766593612.1653206,-954.1015625,6.8359375,190.91796875,62.5,0.0,0,0
1766593612.199147,1766593612.1692133,871.09375,57.12890625,57.12890625,115.72265625,0.0,0,0
1766593612.2414222,1766593612.1732666,-330.078125,-64.94140625,-154.78515625,93.26171875,0.0,0,0
1766593612.241604,1766593612.177159,-1000.0,-179.6875,-155.76171875,57.12890625,0.0,0,0
1766593612.241647,1766593612.1810517,-288.0859375,-133.30078125,37.109375,11.71875,0.0,0,0
1766593612.241686,1766593612.1849442,969.7265625,-5.859375,174.8046875,59.08203125,0.0,0,0
1766593612.2426722,1766593612.1888368,-988.28125,35.15625,87.890625,153.80859375,0.0,0,0
1766593612.242728,1766593612.1927295,-74.70703125,-72.265625,-105.46875,154.296875,0.0,0,0
1766593612.24277,1766593612.196622,-1000.0,-186.03515625,-143.06640625,88.37890625,0.0,0,0
1766593612.242815,1766593612.2005146,-404.78515625,-176.26953125,11.71875,81.0546875,0.0,0,0
1766593612.2428539,1766593612.2044072,894.04296875,-62.98828125,186.5234375,126.46484375,0.0,0,0
1766593612.242892,1766593612.2082996,-936.03515625,45.8984375,123.53515625,173.33984375,0.0,0,0
1766593612.242929,1766593612.2121923,1.46484375,-26.3671875,-86.42578125,183.10546875,0.0,0,0
1766593612.242966,1766593612.2160847,-1000.0,-171.38671875,-159.1796875,91.796875,0.0,0,0
1766593612.2931352,1766593612.220117,-547.8515625,-167.96875,-23.4375,46.875,0.0,0,0
1766593612.2932281,1766593612.2240098,749.51171875,-58.10546875,177.734375,145.01953125,0.0,0,0
1766593612.29326,1766593612.2279024,-874.0234375,29.296875,161.1328125,220.21484375,0.0,0,0
1766593612.293291,1766593612.231795,92.28515625,-37.59765625,-75.1953125,169.43359375,0.0,0,0
1766593612.29332,1766593612.2356875,-1000.0,-172.36328125,-167.48046875,114.74609375,0.0,0,0
1766593612.29335,1766593612.2395802,-771.97265625,-171.875,-18.5546875,101.5625,0.0,0,0
1766593612.293378,1766593612.2434728,483.3984375,-51.26953125,163.57421875,138.671875,0.0,0,0
1766593612.293407,1766593612.2473655,-824.70703125,-8.7890625,156.73828125,185.05859375,0.0,0,0
1766593612.2934358,1766593612.251258,263.18359375,-67.87109375,-54.6875,169.921875,0.0,0,0
1766593612.2934651,1766593612.2551506,-1000.0,-148.4375,-187.01171875,84.47265625,0.0,0,0
1766593612.293493,1766593612.2590432,-842.7734375,-188.96484375,-59.5703125,33.203125,0.0,0,0
1766593612.293529,1766593612.2629359,420.8984375,-105.95703125,149.90234375,76.66015625,0.0,0,0
1766593612.3325608,1766593612.26697,-832.51953125,-8.7890625,162.59765625,141.6015625,0.0,0,0
1766593612.332683,1766593612.2708623,370.1171875,-18.5546875,-20.99609375,136.23046875,0.0,0,0
1766593612.332722,1766593612.274755,-952.1484375,-111.328125,-169.921875,55.6640625,0.0,0,0
1766593612.332758,1766593612.2786477,-992.67578125,-161.1328125,-92.28515625,19.04296875,0.0,0,0
1766593612.3327959,1766593612.2825403,207.03125,-67.87109375,115.72265625,66.40625,0.0,0,0
1766593612.332834,1766593612.286433,-845.21484375,77.1484375,175.29296875,112.3046875,0.0,0,0
1766593612.33287,1766593612.2903256,495.1171875,47.8515625,-3.90625,116.2109375,0.0,0,0
1766593612.332907,1766593612.2942183,-794.43359375,-117.67578125,-194.82421875,42.96875,0.0,0,0
1766593612.3329432,1766593612.298111,-1000.0,-184.5703125,-145.5078125,-13.671875,0.0,0,0
1766593612.33298,1766593612.3020034,-34.66796875,-110.83984375,83.49609375,21.484375,0.0,0,0
1766593612.3330162,1766593612.305896,-895.99609375,3.41796875,171.875,83.984375,0.0,0,0
1766593612.333051,1766593612.3097887,726.5625,9.27734375,22.94921875,106.4453125,0.0,0,0
1766593612.376791,1766593612.3137965,-529.296875,-106.4453125,-164.0625,42.96875,0.0,0,0
1766593612.376954,1766593612.3176892,-1000.0,-189.94140625,-154.78515625,-33.69140625,0.0,0,0
1766593612.377012,1766593612.3215818,-104.4921875,-123.046875,57.6171875,-44.43359375,0.0,0,0
1766593612.3770611,1766593612.3254745,-928.22265625,-25.390625,188.4765625,12.20703125,0.0,0,0
1766593612.3771,1766593612.3293672,847.65625,15.13671875,52.734375,88.8671875,0.0,0,0
1766593612.377208,1766593612.3332598,-348.6328125,-34.66796875,-161.1328125,39.55078125,0.0,0,0
1766593612.37727,1766593612.3371525,-1000.0,-165.52734375,-173.33984375,-54.6875,0.0,0,0
1766593612.377308,1766593612.3410451,-216.30859375,-156.25,13.671875,-44.921875,0.0,0,0
1766593612.377346,1766593612.3449378,-995.1171875,4.39453125,162.59765625,19.04296875,0.0,0,0
1766593612.37742,1766593612.3488305,980.46875,59.08203125,61.03515625,59.5703125,0.0,0,0
1766593612.3774562,1766593612.3527231,-107.91015625,-36.62109375,-135.7421875,41.015625,0.0,0,0
1766593612.377493,1766593612.3566158,-1000.0,-168.45703125,-169.921875,-12.20703125,0.0,0,0
1766593612.436758,1766593612.3606162,-373.53515625,-155.2734375,3.90625,-27.34375,0.0,0,0
1766593612.436912,1766593612.3645089,924.31640625,-15.13671875,166.9921875,5.859375,0.0,0,0
1766593612.4369652,1766593612.3684015,-959.47265625,47.36328125,91.30859375,42.48046875,0.0,0,0
1766593612.4370172,1766593612.3722942,-44.921875,-61.5234375,-123.53515625,18.06640625,0.0,0,0
1766593612.437067,1766593612.3761868,-1000.0,-175.78125,-194.82421875,-40.52734375,0.0,0,0
1766593612.4371169,1766593612.3800795,-436.5234375,-137.6953125,-12.20703125,-48.828125,0.0,0,0
1766593612.4371681,1766593612.3839722,851.5625,-32.71484375,163.57421875,9.765625,0.0,0,0
1766593612.4372191,1766593612.3878648,-896.97265625,14.16015625,111.81640625,77.1484375,0.0,0,0
1766593612.43727,1766593612.3917575,89.35546875,-60.546875,-92.28515625,53.22265625,0.0,0,0
1766593612.437361,1766593612.3956501,-1000.0,-224.12109375,-180.6640625,-20.01953125,0.0,0,0
1766593612.43741,1766593612.3995428,-683.59375,-200.1953125,-33.69140625,-55.6640625,0.0,0,0
1766593612.437469,1766593612.4034355,600.5859375,-10.25390625,135.7421875,-44.921875,0.0,0,0
1766593612.481886,1766593612.4075234,-839.84375,71.2890625,111.328125,7.8125,0.0,0,0
1766593612.482029,1766593612.411416,169.43359375,7.32421875,-82.51953125,21.484375,0.0,0,0
1766593612.482071,1766593612.415309,-1000.0,-115.234375,-220.21484375,-13.18359375,0.0,0,0
1766593612.4821088,1766593612.4192016,-819.3359375,-184.08203125,-94.23828125,-39.0625,0.0,0,0
1766593612.4821482,1766593612.4230943,431.640625,-104.00390625,138.671875,-15.625,0.0,0,0
1766593612.482186,1766593612.426987,-822.265625,63.4765625,162.109375,51.7578125,0.0,0,0
1766593612.482222,1766593612.4308796,238.76953125,18.5546875,-37.59765625,70.3125,0.0,0,0
1766593612.482259,1766593612.4347725,-1000.0,-177.734375,-206.0546875,-12.6953125,0.0,0,0
1766593612.482294,1766593612.4386652,-953.125,-207.51953125,-100.5859375,-74.21875,0.0,0,0
1766593612.482332,1766593612.4425578,224.609375,-146.97265625,114.74609375,-3.90625,0.0,0,0
1766593612.482369,1766593612.4464505,-821.2890625,-7.32421875,158.203125,78.125,0.0,0,0
1766593612.482404,1766593612.4503431,355.95703125,41.015625,-22.4609375,55.17578125,0.0,0,0
1766593612.526432,1766593612.4544208,-930.17578125,-74.70703125,-202.63671875,-37.59765625,0.0,0,0
1766593612.526565,1766593612.4583137,-1000.0,-174.8046875,-123.53515625,-89.84375,0.0,0,0
1766593612.526623,1766593612.4622064,-4.8828125,-130.859375,94.7265625,-56.15234375,0.0,0,0
1766593612.526677,1766593612.466099,-856.4453125,-22.4609375,170.8984375,21.484375,0.0,0,0
1766593612.526728,1766593612.469992,550.29296875,-7.8125,23.4375,73.2421875,0.0,0,0
1766593612.526779,1766593612.4738846,-745.1171875,-132.8125,-170.8984375,34.66796875,0.0,0,0
1766593612.526829,1766593612.4777772,-1000.0,-272.94921875,-146.97265625,-19.53125,0.0,0,0
1766593612.526879,1766593612.4816701,-101.07421875,-240.234375,70.3125,-17.08984375,0.0,0,0
1766593612.5269299,1766593612.4855628,-888.18359375,-129.39453125,176.26953125,26.3671875,0.0,0,0
1766593612.526986,1766593612.4894557,675.78125,-128.41796875,44.43359375,42.48046875,0.0,0,0
1766593612.527036,1766593612.4933484,-586.42578125,-237.3046875,-145.99609375,-3.41796875,0.0,0,0
1766593612.527095,1766593612.497241,-1000.0,-334.47265625,-136.23046875,-45.41015625,0.0,0,0
1766593612.571309,1766593612.5013,-215.8203125,-304.19921875,62.98828125,-47.8515625,0.0,0,0
1766593612.5714529,1766593612.505193,-958.49609375,-186.03515625,182.6171875,2.44140625,0.0,0,0
1766593612.571512,1766593612.5090857,859.86328125,-143.06640625,64.94140625,62.98828125,0.0,0,0
1766593612.5715652,1766593612.5129786,-348.6328125,-260.7421875,-148.92578125,16.11328125,0.0,0,0
1766593612.5716171,1766593612.5168712,-1000.0,-365.72265625,-167.96875,-75.68359375,0.0,0,0
1766593612.571737,1766593612.520764,-340.8203125,-325.68359375,43.45703125,-55.6640625,0.0,0,0
1766593612.5718012,1766593612.5246568,959.9609375,-189.94140625,197.265625,44.921875,0.0,0,0
1766593612.5718558,1766593612.5285497,967.28515625,-140.13671875,92.28515625,80.56640625,0.0,0,0
1766593612.5725062,1766593612.5324423,-191.89453125,-191.40625,-140.625,28.80859375,0.0,0,0
1766593612.572565,1766593612.5363352,-1000.0,-290.52734375,-188.96484375,-43.45703125,0.0,0,0
1766593612.5726159,1766593612.540228,-426.26953125,-355.46875,-4.8828125,-67.3828125,0.0,0,0
1766593612.57268,1766593612.5441208,876.46484375,-237.3046875,176.26953125,21.97265625,0.0,0,0
1766593612.6331751,1766593612.5482752,-947.265625,-139.16015625,115.234375,82.03125,0.0,0,0
1766593612.633322,1766593612.5521681,-55.6640625,-209.47265625,-104.4921875,51.26953125,0.0,0,0
1766593612.633365,1766593612.556061,-1000.0,-334.47265625,-172.36328125,-1.953125,0.0,0,0
1766593612.633404,1766593612.559954,-687.5,-334.9609375,-18.5546875,-35.64453125,0.0,0,0
1766593612.633441,1766593612.5638466,589.35546875,-215.33203125,173.828125,34.1796875,0.0,0,0
1766593612.6334789,1766593612.5677395,-846.6796875,-94.7265625,151.85546875,98.6328125,0.0,0,0
1766593612.633517,1766593612.5716324,77.63671875,-118.65234375,-85.9375,50.29296875,0.0,0,0
1766593612.633555,1766593612.575525,-1000.0,-244.62890625,-197.265625,-55.6640625,0.0,0,0
1766593612.633591,1766593612.579418,-858.88671875,-250.0,-54.6875,-33.69140625,0.0,0,0
1766593612.633627,1766593612.5833108,361.81640625,-156.73828125,140.625,63.4765625,0.0,0,0
1766593612.633663,1766593612.5872037,-817.87109375,-68.84765625,146.97265625,95.21484375,0.0,0,0
1766593612.633701,1766593612.5910964,127.9296875,-118.1640625,-67.3828125,67.3828125,0.0,0,0
1766593612.662218,1766593612.5951405,-1000.0,-250.9765625,-222.16796875,1.953125,0.0,0,0
1766593612.662317,1766593612.5990334,-965.33203125,-271.484375,-82.51953125,-8.30078125,0.0,0,0
1766593612.66237,1766593612.6029263,161.62109375,-143.5546875,140.625,22.94921875,0.0,0,0
1766593612.662422,1766593612.606819,-808.10546875,-20.99609375,152.34375,40.0390625,0.0,0,0
1766593612.662473,1766593612.6107118,253.90625,-59.08203125,-27.83203125,93.26171875,0.0,0,0
1766593612.662525,1766593612.6146047,-998.53515625,-187.5,-178.22265625,85.44921875,0.0,0,0
1766593612.6625762,1766593612.6184976,-1000.0,-196.2890625,-87.40234375,45.41015625,0.0,0,0
1766593612.6626172,1766593612.6223905,-29.296875,-79.1015625,141.11328125,112.3046875,0.0,0,0
1766593612.662654,1766593612.6262834,-830.078125,33.69140625,269.53125,240.234375,0.0,0,0
1766593612.662695,1766593612.630176,421.38671875,66.40625,153.80859375,320.3125,0.0,0,0
1766593612.6627321,1766593612.634069,-863.28125,-88.37890625,-166.015625,110.83984375,0.0,0,0
1766593612.6627882,1766593612.6379619,-1000.0,-392.578125,-229.4921875,-116.69921875,0.0,0,0
1766593612.706412,1766593612.6419854,-198.2421875,-384.765625,14.6484375,-98.6328125,0.0,0,0
1766593612.7065148,1766593612.6458783,-865.72265625,-97.65625,191.89453125,114.2578125,0.0,0,0
1766593612.706558,1766593612.6497712,506.8359375,-42.48046875,21.97265625,192.87109375,0.0,0,0
1766593612.706597,1766593612.653664,-801.26953125,-64.94140625,-206.0546875,79.1015625,0.0,0,0
1766593612.706635,1766593612.657557,-1000.0,-26.85546875,26.3671875,205.56640625,0.0,0,0
1766593612.7066739,1766593612.66145,-243.1640625,10.7421875,285.64453125,214.84375,0.0,0,0
1766593612.70671,1766593612.6653428,-926.7578125,5.859375,136.71875,-42.48046875,0.0,0,0
1766593612.706748,1766593612.6692357,695.3125,-92.28515625,-63.4765625,-101.07421875,0.0,0,0
1766593612.706785,1766593612.6731286,-590.33203125,6.8359375,-132.8125,35.15625,0.0,0,0
1766593612.7068212,1766593612.6770215,-1000.0,26.3671875,-42.48046875,106.93359375,0.0,0,0
1766593612.706867,1766593612.6809144,-284.1796875,66.89453125,290.52734375,187.01171875,0.0,0,0
1766593612.7069068,1766593612.6848073,984.375,282.2265625,504.39453125,368.1640625,0.0,0,0
1766593612.7517161,1766593612.688812,968.26171875,398.92578125,392.578125,472.65625,0.0,0,0
1766593612.751819,1766593612.692705,-173.33984375,410.15625,264.6484375,493.1640625,0.0,0,0
1766593612.751874,1766593612.6965978,-1000.0,373.53515625,299.31640625,503.41796875,0.0,0,0
1766593612.751926,1766593612.7004907,-401.85546875,219.23828125,437.98828125,408.69140625,0.0,0,0
1766593612.751978,1766593612.7043836,900.87890625,219.23828125,552.24609375,342.28515625,0.0,0,0
1766593612.75203,1766593612.7082765,-959.47265625,385.7421875,463.37890625,389.6484375,0.0,0,0
1766593612.752081,1766593612.7121694,-72.265625,296.875,173.828125,373.53515625,0.0,0,0
1766593612.752131,1766593612.7160623,-1000.0,147.4609375,36.62109375,286.1328125,0.0,0,0
1766593612.752181,1766593612.7199552,-667.48046875,66.40625,212.40234375,199.70703125,0.0,0,0
1766593612.7522318,1766593612.723848,628.41796875,143.06640625,493.65234375,239.2578125,0.0,0,0
1766593612.7522829,1766593612.7277412,-865.234375,215.33203125,463.37890625,248.046875,0.0,0,0
1766593612.7523332,1766593612.7316341,25.87890625,153.80859375,180.17578125,174.31640625,0.0,0,0
1766593612.811483,1766593612.7356257,-1000.0,78.61328125,29.296875,65.4296875,0.0,0,0
1766593612.811658,1766593612.7395186,-801.26953125,94.23828125,191.40625,36.62109375,0.0,0,0
1766593612.811716,1766593612.7434115,441.89453125,187.98828125,428.7109375,125.9765625,0.0,0,0
1766593612.811769,1766593612.7473044,-822.265625,280.76171875,400.390625,208.0078125,0.0,0,0
1766593612.8118222,1766593612.7511973,125.48828125,233.88671875,111.81640625,232.421875,0.0,0,0
1766593612.8118742,1766593612.7550902,-1000.0,172.36328125,16.11328125,160.15625,0.0,0,0
1766593612.811924,1766593612.7589834,-967.28515625,36.1328125,169.921875,59.5703125,0.0,0,0
1766593612.8119738,1766593612.7628763,175.29296875,53.7109375,412.109375,136.71875,0.0,0,0
1766593612.8120131,1766593612.7667692,-804.6875,268.06640625,453.61328125,182.12890625,0.0,0,0
1766593612.8120499,1766593612.770662,203.125,183.59375,95.703125,24.4140625,0.0,0,0
1766593612.812125,1766593612.774555,-1000.0,-2.9296875,-148.4375,-104.98046875,0.0,0,0
1766593612.812188,1766593612.7784479,-1000.0,-39.0625,-23.92578125,-115.234375,0.0,0,0
1766593612.855665,1766593612.7825298,-12.20703125,52.24609375,249.0234375,7.8125,0.0,0,0
1766593612.855768,1766593612.7864227,-812.5,158.203125,342.7734375,136.71875,0.0,0,0
1766593612.8558102,1766593612.7903156,311.5234375,112.79296875,149.4140625,110.3515625,0.0,0,0
1766593612.855849,1766593612.7942088,-957.03125,29.296875,-67.87109375,14.6484375,0.0,0,0
1766593612.855888,1766593612.7981017,-1000.0,-4.8828125,16.11328125,17.578125,0.0,0,0
1766593612.855927,1766593612.8019946,-144.04296875,4.39453125,281.25,59.5703125,0.0,0,0
1766593612.855964,1766593612.8058875,-832.51953125,258.30078125,424.31640625,119.62890625,0.0,0,0
1766593612.856002,1766593612.8097806,390.13671875,222.16796875,138.18359375,55.17578125,0.0,0,0
1766593612.85604,1766593612.8136735,-895.5078125,-93.75,-214.35546875,-83.984375,0.0,0,0
1766593612.856077,1766593612.8175664,-1000.0,-174.8046875,-169.43359375,-145.01953125,0.0,0,0
1766593612.85612,1766593612.8214593,-288.0859375,-77.63671875,84.9609375,-115.72265625,0.0,0,0
1766593612.8561568,1766593612.8253524,-903.3203125,104.00390625,243.1640625,-12.6953125,0.0,0,0
1766593612.9319239,1766593612.8296244,570.80078125,71.2890625,55.17578125,-1.46484375,0.0,0,0
1766593612.9320478,1766593612.8335176,-747.0703125,-59.08203125,-163.57421875,-43.45703125,0.0,0,0
1766593612.932106,1766593612.8374104,-1000.0,-89.35546875,-90.8203125,-55.6640625,0.0,0,0
1766593612.932159,1766593612.8413036,-361.81640625,-35.64453125,82.51953125,-63.96484375,0.0,0,0
1766593612.932213,1766593612.8451967,989.2578125,97.65625,161.62109375,-34.66796875,0.0,0,0
1766593612.932283,1766593612.8490896,846.19140625,126.953125,100.09765625,55.6640625,0.0,0,0
1766593612.9323342,1766593612.8529828,-435.05859375,-31.25,-85.9375,24.90234375,0.0,0,0
1766593612.932394,1766593612.8568757,-1000.0,-168.9453125,-138.18359375,-98.14453125,0.0,0,0
1766593612.9324439,1766593612.8607688,-454.1015625,-138.671875,46.875,-101.5625,0.0,0,0
1766593612.9324942,1766593612.8646617,873.53515625,-16.6015625,206.0546875,-9.27734375,0.0,0,0
1766593612.93255,1766593612.8685548,987.3046875,40.52734375,128.90625,25.390625,0.0,0,0
1766593612.932607,1766593612.872448,-211.9140625,-76.171875,-144.04296875,-22.94921875,0.0,0,0
1766593612.9459798,1766593612.8765078,-1000.0,-192.3828125,-236.81640625,-89.84375,0.0,0,0
1766593612.946053,1766593612.880401,-600.5859375,-141.11328125,-19.53125,-62.98828125,0.0,0,0
1766593612.946097,1766593612.8842938,697.75390625,-65.91796875,124.0234375,-44.43359375,0.0,0,0
1766593612.9461389,1766593612.888187,-892.578125,-38.0859375,43.9453125,-30.76171875,0.0,0,0
1766593612.946178,1766593612.89208,-20.5078125,-56.640625,-125.0,4.8828125,0.0,0,0
1766593612.9462159,1766593612.8959732,-1000.0,-189.94140625,-202.63671875,-112.79296875,0.0,0,0
1766593612.9462578,1766593612.899866,-754.8828125,-240.234375,-65.4296875,-165.0390625,0.0,0,0
1766593612.9462972,1766593612.9037592,506.34765625,-129.39453125,95.21484375,-77.1484375,0.0,0,0
1766593612.946334,1766593612.9076524,-829.58984375,-44.921875,20.99609375,-52.734375,0.0,0,0
1766593612.946371,1766593612.9115453,94.23828125,-150.390625,-253.90625,-86.42578125,0.0,0,0
1766593612.946408,1766593612.9154384,-1000.0,-270.5078125,-343.75,-161.1328125,0.0,0,0
1766593612.946444,1766593612.9193316,-954.1015625,-310.05859375,-159.1796875,-199.70703125,0.0,0,0
1766593612.990638,1766593612.923371,196.2890625,-299.31640625,23.92578125,-155.76171875,0.0,0,0
1766593612.990718,1766593612.927264,-805.6640625,-185.05859375,13.671875,-85.9375,0.0,0,0
1766593612.990773,1766593612.931157,145.99609375,-173.33984375,-192.87109375,-125.48828125,0.0,0,0
1766593612.9908311,1766593612.9350502,-1000.0,-310.05859375,-400.87890625,-301.26953125,0.0,0,0
1766593612.990883,1766593612.9389434,-1000.0,-409.66796875,-352.5390625,-382.8125,0.0,0,0
1766593612.9909341,1766593612.9428365,-44.43359375,-299.8046875,-82.51953125,-302.24609375,0.0,0,0
1766593612.990984,1766593612.9467297,-810.546875,-168.9453125,-50.78125,-209.9609375,0.0,0,0
1766593612.991035,1766593612.9506226,287.59765625,-290.0390625,-251.953125,-194.82421875,0.0,0,0
1766593612.991086,1766593612.9545157,-987.3046875,-416.015625,-407.71484375,-287.59765625,0.0,0,0
1766593612.991137,1766593612.9584088,-1000.0,-361.81640625,-318.359375,-329.58984375,0.0,0,0
1766593612.991186,1766593612.962302,-59.5703125,-162.109375,-34.1796875,-203.61328125,0.0,0,0
1766593612.9912362,1766593612.966195,-823.73046875,-117.67578125,-26.85546875,-200.1953125,0.0,0,0
1766593613.0391738,1766593612.9702346,387.20703125,-215.8203125,-261.71875,-263.18359375,0.0,0,0
1766593613.039329,1766593612.9741278,-888.671875,-322.265625,-452.63671875,-308.59375,0.0,0,0
1766593613.039386,1766593612.978021,-1000.0,-422.8515625,-384.27734375,-334.9609375,0.0,0,0
1766593613.0394392,1766593612.981914,-247.55859375,-375.48828125,-120.1171875,-261.71875,0.0,0,0
1766593613.03949,1766593612.9858072,-904.78515625,-194.3359375,-35.15625,-208.984375,0.0,0,0
1766593613.0395432,1766593612.9897003,630.859375,-90.33203125,-172.36328125,-169.921875,0.0,0,0
1766593613.039594,1766593612.9935935,-675.29296875,-203.125,-356.93359375,-212.40234375,0.0,0,0
1766593613.039655,1766593612.9974864,-1000.0,-390.625,-347.65625,-290.0390625,0.0,0,0
1766593613.039704,1766593613.0013795,-263.18359375,-357.91015625,-138.18359375,-215.33203125,0.0,0,0
1766593613.039758,1766593613.0052726,-947.75390625,-216.796875,-18.06640625,-125.48828125,0.0,0,0
1766593613.039818,1766593613.0091658,767.578125,-179.6875,-171.38671875,-156.25,0.0,0,0
1766593613.0398872,1766593613.013059,-499.51171875,-208.0078125,-397.94921875,-249.51171875,0.0,0,0
1766593613.081124,1766593613.0170794,-1000.0,-327.1484375,-414.55078125,-344.23828125,0.0,0,0
1766593613.081215,1766593613.0209725,-340.33203125,-331.54296875,-195.80078125,-328.61328125,0.0,0,0
1766593613.081268,1766593613.0248659,964.35546875,-128.90625,3.41796875,-195.3125,0.0,0,0
1766593613.08132,1766593613.028759,951.66015625,-69.82421875,-104.98046875,-120.1171875,0.0,0,0
1766593613.081444,1766593613.0326521,-238.28125,-200.1953125,-334.47265625,-169.43359375,0.0,0,0
1766593613.0814981,1766593613.0365453,-1000.0,-310.546875,-368.65234375,-246.58203125,0.0,0,0
1766593613.081547,1766593613.0404384,-560.05859375,-287.109375,-183.10546875,-239.2578125,0.0,0,0
1766593613.081599,1766593613.0443316,732.91015625,-220.703125,-2.9296875,-146.484375,0.0,0,0
1766593613.08165,1766593613.0482247,-907.71484375,-120.60546875,-33.203125,-73.2421875,0.0,0,0
1766593613.081703,1766593613.0521178,-35.15625,-245.60546875,-250.0,-114.2578125,0.0,0,0
1766593613.081758,1766593613.056011,-1000.0,-405.2734375,-314.453125,-178.22265625,0.0,0,0
1766593613.082138,1766593613.059904,-678.22265625,-371.09375,-175.29296875,-196.77734375,0.0,0,0
1766593613.126493,1766593613.0639136,598.14453125,-290.52734375,-16.6015625,-127.44140625,0.0,0,0
1766593613.126605,1766593613.0678067,-849.609375,-153.80859375,-24.4140625,-50.78125,0.0,0,0
1766593613.1266618,1766593613.0716999,76.171875,-149.4140625,-234.86328125,-114.2578125,0.0,0,0
1766593613.1267169,1766593613.075593,-1000.0,-251.953125,-371.58203125,-215.33203125,0.0,0,0
1766593613.126771,1766593613.0794864,-846.19140625,-302.734375,-242.67578125,-260.25390625,0.0,0,0
1766593613.1268249,1766593613.0833795,373.046875,-218.75,-3.90625,-189.453125,0.0,0,0
1766593613.126878,1766593613.0872726,-822.265625,-158.69140625,-1.953125,-74.21875,0.0,0,0
1766593613.12693,1766593613.0911658,115.234375,-242.67578125,-241.69921875,-95.703125,0.0,0,0
1766593613.126981,1766593613.095059,-1000.0,-347.16796875,-354.00390625,-164.55078125,0.0,0,0
1766593613.127031,1766593613.098952,-951.171875,-362.79296875,-187.5,-165.52734375,0.0,0,0
1766593613.12708,1766593613.1028452,178.22265625,-267.08984375,10.25390625,-122.0703125,0.0,0,0
1766593613.127131,1766593613.1067386,-810.546875,-166.015625,18.06640625,-45.41015625,0.0,0,0
1766593613.186039,1766593613.1107354,282.2265625,-200.1953125,-161.62109375,-34.1796875,0.0,0,0
1766593613.186176,1766593613.1146286,-988.28125,-305.17578125,-314.94140625,-129.8828125,0.0,0,0
1766593613.1862311,1766593613.1185217,-1000.0,-355.46875,-237.79296875,-162.109375,0.0,0,0
1766593613.186282,1766593613.1224148,2.44140625,-329.1015625,-18.5546875,-108.88671875,0.0,0,0
1766593613.186333,1766593613.1263082,-828.125,-232.421875,29.78515625,-45.8984375,0.0,0,0
1766593613.186385,1766593613.1302013,407.71484375,-193.84765625,-136.71875,-47.8515625,0.0,0,0
1766593613.1864362,1766593613.1340945,-888.671875,-320.80078125,-328.125,-139.16015625,0.0,0,0
1766593613.186486,1766593613.1379876,-1000.0,-397.94921875,-271.97265625,-146.484375,0.0,0,0
1766593613.186535,1766593613.141881,-108.3984375,-313.4765625,-50.78125,-96.19140625,0.0,0,0
1766593613.1865861,1766593613.1457741,-864.2578125,-179.6875,17.578125,-70.3125,0.0,0,0
1766593613.186636,1766593613.1496673,563.4765625,-133.30078125,-110.3515625,-43.9453125,0.0,0,0
1766593613.186687,1766593613.1535604,-732.421875,-248.53515625,-277.83203125,-94.23828125,0.0,0,0
1766593613.23152,1766593613.1576445,-1000.0,-329.58984375,-275.87890625,-185.05859375,0.0,0,0
1766593613.231661,1766593613.1615376,-189.94140625,-224.12109375,-81.54296875,-151.85546875,0.0,0,0
1766593613.23172,1766593613.1654308,-918.9453125,-93.75,45.41015625,-53.22265625,0.0,0,0
1766593613.231773,1766593613.1693242,747.0703125,-78.61328125,-86.42578125,-24.4140625,0.0,0,0
1766593613.2318258,1766593613.1732173,-518.5546875,-189.453125,-303.7109375,-111.81640625,0.0,0,0
1766593613.231882,1766593613.1771104,-1000.0,-279.296875,-284.66796875,-187.5,0.0,0,0
1766593613.231932,1766593613.1810038,-269.53125,-215.8203125,-64.94140625,-136.71875,0.0,0,0
1766593613.2319832,1766593613.184897,-984.375,-116.2109375,46.875,-53.22265625,0.0,0,0
1766593613.232033,1766593613.1887903,888.671875,-77.63671875,-58.10546875,-5.37109375,0.0,0,0
1766593613.2320771,1766593613.1926835,-304.19921875,-144.53125,-238.28125,-43.45703125,0.0,0,0
1766593613.2321138,1766593613.1965766,-1000.0,-250.9765625,-278.80859375,-125.48828125,0.0,0,0
1766593613.232168,1766593613.20047,-398.4375,-221.19140625,-109.375,-136.23046875,0.0,0,0
1766593613.2761118,1766593613.20454,896.97265625,-104.00390625,60.546875,-45.8984375,0.0,0,0
1766593613.276223,1766593613.2084332,-960.9375,-32.2265625,-19.04296875,46.875,0.0,0,0
1766593613.276275,1766593613.2123265,-74.70703125,-73.73046875,-199.21875,1.953125,0.0,0,0
1766593613.2766972,1766593613.2162197,-1000.0,-179.6875,-242.1875,-110.3515625,0.0,0,0
1766593613.2767518,1766593613.220113,-594.23828125,-186.5234375,-86.42578125,-144.53125,0.0,0,0
1766593613.276803,1766593613.2240062,721.19140625,-75.68359375,100.5859375,-73.73046875,0.0,0,0
1766593613.276856,1766593613.2278996,-905.76171875,-6.8359375,33.69140625,-19.53125,0.0,0,0
1766593613.276905,1766593613.2317927,-33.203125,-90.33203125,-178.7109375,-32.2265625,0.0,0,0
1766593613.276955,1766593613.235686,-1000.0,-194.3359375,-250.0,-66.40625,0.0,0,0
1766593613.27701,1766593613.2395792,-675.78125,-185.05859375,-120.60546875,-97.16796875,0.0,0,0
1766593613.27706,1766593613.2434726,595.21484375,-84.47265625,70.80078125,-26.85546875,0.0,0,0
1766593613.277109,1766593613.2473657,-839.84375,32.71484375,89.35546875,49.8046875,0.0,0,0
1766593613.324982,1766593613.251424,134.27734375,-28.80859375,-129.39453125,-8.7890625,0.0,0,0
1766593613.3251011,1766593613.2553174,-1000.0,-195.3125,-250.0,-69.82421875,0.0,0,0
1766593613.3251572,1766593613.2592106,-897.94921875,-210.44921875,-94.23828125,-70.80078125,0.0,0,0
1766593613.325224,1766593613.263104,295.8984375,-107.421875,78.125,-56.15234375,0.0,0,0
1766593613.325275,1766593613.2669973,-811.5234375,-22.94921875,38.0859375,-41.50390625,0.0,0,0
1766593613.3253272,1766593613.2708905,208.49609375,-23.92578125,-162.59765625,-67.3828125,0.0,0,0
1766593613.3253791,1766593613.2747838,-1000.0,-118.1640625,-272.4609375,-95.21484375,0.0,0,0
1766593613.32543,1766593613.2786772,-1000.0,-177.734375,-156.73828125,-112.3046875,0.0,0,0
1766593613.325493,1766593613.2825704,30.2734375,-136.23046875,48.828125,-74.21875,0.0,0,0
1766593613.325562,1766593613.2864637,-818.84765625,-27.34375,94.23828125,-2.9296875,0.0,0,0
1766593613.325612,1766593613.290357,354.4921875,5.37109375,-73.73046875,15.625,0.0,0,0
1766593613.3256671,1766593613.2942502,-932.6171875,-115.72265625,-214.35546875,-11.23046875,0.0,0,0
1766593613.366173,1766593613.2982948,-1000.0,-200.1953125,-144.04296875,-65.91796875,0.0,0,0
1766593613.366257,1766593613.3021882,-66.40625,-104.98046875,63.96484375,-65.4296875,0.0,0,0
1766593613.3663008,1766593613.3060815,-858.88671875,47.8515625,144.04296875,3.90625,0.0,0,0
1766593613.366343,1766593613.3099747,560.546875,48.828125,-16.6015625,47.8515625,0.0,0,0
1766593613.366384,1766593613.313868,-729.98046875,-93.26171875,-207.03125,13.18359375,0.0,0,0
1766593613.366422,1766593613.3177614,-1000.0,-171.38671875,-168.9453125,-36.1328125,0.0,0,0
1766593613.366473,1766593613.3216548,-196.2890625,-104.4921875,49.31640625,-51.7578125,0.0,0,0
1766593613.366511,1766593613.325548,-906.73828125,-17.578125,144.04296875,-20.5078125,0.0,0,0
1766593613.366557,1766593613.3294413,682.6171875,-26.3671875,-14.16015625,5.859375,0.0,0,0
1766593613.3665931,1766593613.3333347,-599.12109375,-85.44921875,-243.65234375,-44.43359375,0.0,0,0
1766593613.366648,1766593613.337228,-1000.0,-145.5078125,-220.703125,-81.54296875,0.0,0,0
1766593613.366685,1766593613.3411214,-257.8125,-118.1640625,31.73828125,-63.96484375,0.0,0,0
1766593613.4115908,1766593613.345155,-969.23828125,-12.6953125,163.57421875,-11.71875,0.0,0,0
1766593613.4117482,1766593613.3490484,854.98046875,51.7578125,32.71484375,40.52734375,0.0,0,0
1766593613.411794,1766593613.3529418,-372.0703125,-34.1796875,-183.59375,-0.9765625,0.0,0,0
1766593613.411833,1766593613.3568351,-1000.0,-142.08984375,-197.75390625,-74.70703125,0.0,0,0
1766593613.411872,1766593613.3607285,-427.24609375,-117.67578125,11.71875,-62.01171875,0.0,0,0
1766593613.4119098,1766593613.3646216,896.484375,-3.41796875,180.6640625,22.94921875,0.0,0,0
1766593613.411948,1766593613.368515,985.83984375,78.125,93.26171875,54.6875,0.0,0,0
1766593613.411984,1766593613.3724084,-202.63671875,-30.2734375,-143.5546875,28.80859375,0.0,0,0
1766593613.412024,1766593613.3763018,-1000.0,-164.0625,-191.89453125,-22.4609375,0.0,0,0
1766593613.412061,1766593613.3801951,-465.33203125,-140.625,4.8828125,-51.7578125,0.0,0,0
1766593613.412098,1766593613.3840885,831.54296875,-33.69140625,175.29296875,4.8828125,0.0,0,0
1766593613.412137,1766593613.387982,-924.8046875,48.33984375,93.26171875,49.8046875,0.0,0,0
1766593613.459172,1766593613.3920012,-19.04296875,-4.8828125,-146.97265625,8.7890625,0.0,0,0
1766593613.459302,1766593613.3958945,-1000.0,-108.3984375,-221.19140625,-57.12890625,0.0,0,0
1766593613.45936,1766593613.399788,-679.19921875,-158.69140625,-81.54296875,-105.46875,0.0,0,0
1766593613.459414,1766593613.4036813,597.16796875,-79.1015625,102.05078125,-27.83203125,0.0,0,0
1766593613.459467,1766593613.4075747,-841.796875,85.44921875,131.8359375,113.28125,0.0,0,0
1766593613.45952,1766593613.411468,116.2109375,33.69140625,-68.359375,75.1953125,0.0,0,0
1766593613.45957,1766593613.4153614,-1000.0,-125.48828125,-241.2109375,-86.42578125,0.0,0,0
1766593613.459622,1766593613.4192548,-855.46875,-127.44140625,-131.34765625,-135.25390625,0.0,0,0
1766593613.459692,1766593613.4231482,372.0703125,-54.19921875,95.703125,-65.91796875,0.0,0,0
1766593613.459743,1766593613.4270415,-813.4765625,20.5078125,119.140625,0.0,0.0,0,0
1766593613.459808,1766593613.430935,218.75,13.18359375,-87.40234375,6.8359375,0.0,0,0
1766593613.459858,1766593613.4348283,-1000.0,-83.0078125,-206.54296875,-18.5546875,0.0,0,0
1766593613.532684,1766593613.4390404,-961.42578125,-123.046875,-70.3125,-44.43359375,0.0,0,0
1766593613.532825,1766593613.4429338,201.66015625,-37.59765625,131.8359375,-10.7421875,0.0,0,0
1766593613.5328681,1766593613.4468272,-814.94140625,88.37890625,173.33984375,49.8046875,0.0,0,0
1766593613.532908,1766593613.4507208,302.24609375,57.12890625,8.30078125,62.01171875,0.0,0,0
1766593613.5329468,1766593613.4546142,-991.2109375,-81.0546875,-139.16015625,23.92578125,0.0,0,0
1766593613.5329862,1766593613.4585075,-1000.0,-110.3515625,-33.69140625,6.34765625,0.0,0,0
1766593613.533025,1766593613.462401,93.75,-56.640625,170.8984375,26.3671875,0.0,0,0
1766593613.5330718,1766593613.4662943,-838.8671875,32.2265625,196.2890625,80.56640625,0.0,0,0
1766593613.533132,1766593613.470188,472.65625,27.83203125,19.04296875,89.35546875,0.0,0,0
1766593613.53317,1766593613.4740813,-821.77734375,-90.8203125,-156.25,5.859375,0.0,0,0
1766593613.5332081,1766593613.4779747,-1000.0,-107.91015625,-94.7265625,-52.734375,0.0,0,0
1766593613.533244,1766593613.481868,-80.56640625,-14.16015625,128.90625,-9.27734375,0.0,0,0
1766593613.5606542,1766593613.4858627,-886.71875,91.30859375,221.19140625,77.63671875,0.0,0,0
1766593613.560799,1766593613.489756,678.7109375,78.125,69.3359375,93.26171875,0.0,0,0
1766593613.560856,1766593613.4936495,-594.23828125,-17.08984375,-140.625,39.55078125,0.0,0,0
1766593613.560909,1766593613.497543,-1000.0,-82.51953125,-120.1171875,-15.625,0.0,0,0
1766593613.56096,1766593613.5014365,-164.55078125,-41.015625,88.37890625,-11.71875,0.0,0,0
1766593613.5610108,1766593613.5053298,-926.26953125,81.0546875,215.8203125,59.08203125,0.0,0,0
1766593613.5610628,1766593613.5092235,802.734375,87.890625,85.44921875,92.28515625,0.0,0,0
1766593613.561113,1766593613.5131168,-430.6640625,-20.01953125,-133.30078125,39.55078125,0.0,0,0
1766593613.561175,1766593613.5170102,-1000.0,-118.1640625,-138.18359375,-29.296875,0.0,0,0
1766593613.561225,1766593613.5209036,-277.34375,-66.89453125,72.75390625,-7.8125,0.0,0,0
1766593613.5612748,1766593613.5247972,997.55859375,75.68359375,218.26171875,71.77734375,0.0,0,0
1766593613.561345,1766593613.5286906,946.2890625,92.28515625,78.125,74.70703125,0.0,0,0
1766593613.605951,1766593613.532668,-210.44921875,-5.859375,-153.3203125,21.484375,0.0,0,0
1766593613.6061,1766593613.5365615,-1000.0,-161.62109375,-156.73828125,-38.0859375,0.0,0,0
1766593613.606156,1766593613.540455,-382.32421875,-154.296875,71.2890625,-20.01953125,0.0,0,0
1766593613.606209,1766593613.5443485,902.34375,66.40625,246.58203125,75.1953125,0.0,0,0
1766593613.606261,1766593613.5482419,-939.94140625,187.98828125,143.06640625,125.48828125,0.0,0,0
1766593613.606323,1766593613.5521355,-7.32421875,40.52734375,-89.35546875,67.3828125,0.0,0,0
1766593613.6063738,1766593613.5560288,-1000.0,-109.86328125,-165.52734375,-19.04296875,0.0,0,0
1766593613.606761,1766593613.5599222,-550.29296875,-95.703125,-8.30078125,-35.64453125,0.0,0,0
1766593613.606818,1766593613.5638158,756.8359375,-3.90625,168.9453125,13.671875,0.0,0,0
1766593613.606869,1766593613.5677092,-889.16015625,60.05859375,109.375,48.828125,0.0,0,0
1766593613.606934,1766593613.5716028,41.015625,-8.30078125,-117.1875,1.46484375,0.0,0,0
1766593613.6069891,1766593613.5754962,-1000.0,-115.72265625,-214.84375,-55.17578125,0.0,0,0
1766593613.6521542,1766593613.5795662,-671.38671875,-123.53515625,-34.66796875,-45.41015625,0.0,0,0
1766593613.652294,1766593613.5834599,606.93359375,-20.5078125,170.41015625,14.16015625,0.0,0,0
1766593613.652334,1766593613.5873532,-840.8203125,71.77734375,148.92578125,59.08203125,0.0,0,0
1766593613.652371,1766593613.5912468,183.10546875,61.03515625,-42.96875,59.5703125,0.0,0,0
1766593613.65241,1766593613.5951402,-1000.0,-51.7578125,-154.78515625,11.71875,0.0,0,0
1766593613.652448,1766593613.5990338,-817.87109375,-87.890625,-0.48828125,-21.484375,0.0,0,0
1766593613.6524858,1766593613.6029272,430.17578125,14.16015625,193.359375,18.06640625,0.0,0,0
1766593613.652524,1766593613.6068208,-824.21875,127.9296875,178.7109375,72.265625,0.0,0,0
1766593613.652569,1766593613.6107142,307.12890625,104.4921875,-10.25390625,82.51953125,0.0,0,0
1766593613.6526148,1766593613.6146078,-982.91015625,-35.15625,-155.76171875,20.01953125,0.0,0,0
1766593613.6526709,1766593613.6185012,-1000.0,-84.9609375,-65.4296875,-49.31640625,0.0,0,0
1766593613.6527271,1766593613.6223948,128.90625,-7.8125,148.4375,-21.97265625,0.0,0,0
1766593613.698302,1766593613.626467,-831.0546875,75.1953125,208.984375,60.05859375,0.0,0,0
1766593613.6984189,1766593613.6303606,422.8515625,72.75390625,21.97265625,57.6171875,0.0,0,0
1766593613.6984751,1766593613.634254,-873.53515625,-22.94921875,-169.921875,-19.53125,0.0,0,0
1766593613.698528,1766593613.6381476,-1000.0,-90.8203125,-84.47265625,-72.75390625,0.0,0,0
1766593613.698578,1766593613.6420412,-28.80859375,-26.3671875,141.11328125,-54.6875,0.0,0,0
1766593613.6986291,1766593613.6459346,-863.76953125,89.35546875,213.8671875,22.4609375,0.0,0,0
1766593613.6986802,1766593613.6498282,592.28515625,101.5625,34.66796875,35.64453125,0.0,0,0
1766593613.698731,1766593613.6537218,-708.0078125,-24.90234375,-187.98828125,-37.109375,0.0,0,0
1766593613.698783,1766593613.6576152,-1000.0,-148.4375,-128.90625,-88.8671875,0.0,0,0
1766593613.6988318,1766593613.6615088,-80.078125,-100.5859375,114.2578125,-51.7578125,0.0,0,0
1766593613.698882,1766593613.6654024,-903.80859375,61.03515625,205.078125,6.8359375,0.0,0,0
1766593613.698932,1766593613.6692958,754.8828125,64.94140625,38.57421875,15.625,0.0,0,0
1766593613.74149,1766593613.6733377,-483.88671875,-46.875,-173.828125,-39.55078125,0.0,0,0
1766593613.741598,1766593613.677231,-1000.0,-112.3046875,-169.921875,-125.48828125,0.0,0,0
1766593613.741694,1766593613.6811247,-233.3984375,-64.453125,62.5,-113.76953125,0.0,0,0
1766593613.741815,1766593613.6850183,-965.8203125,58.59375,200.68359375,-20.99609375,0.0,0,0
1766593613.741929,1766593613.688912,871.58203125,95.21484375,51.7578125,5.859375,0.0,0,0
1766593613.741994,1766593613.6928053,-320.80078125,8.7890625,-180.6640625,-71.2890625,0.0,0,0
1766593613.742037,1766593613.696699,-1000.0,-96.19140625,-190.91796875,-124.51171875,0.0,0,0
1766593613.742076,1766593613.7005925,-339.84375,-81.54296875,33.203125,-96.19140625,0.0,0,0
1766593613.742115,1766593613.7044861,951.66015625,8.7890625,204.1015625,-22.94921875,0.0,0,0
1766593613.742187,1766593613.7083797,999.51171875,65.4296875,110.3515625,26.3671875,0.0,0,0
1766593613.7422469,1766593613.7122731,-120.60546875,32.2265625,-124.0234375,-30.76171875,0.0,0,0
1766593613.742291,1766593613.7161667,-1000.0,-64.94140625,-172.36328125,-115.72265625,0.0,0,0
1766593613.7853708,1766593613.7201943,-483.88671875,-87.890625,20.5078125,-125.9765625,0.0,0,0
1766593613.785485,1766593613.724088,812.98828125,10.7421875,202.1484375,-55.6640625,0.0,0,0
1766593613.785513,1766593613.7279816,-901.85546875,78.125,133.7890625,12.20703125,0.0,0,0
1766593613.785543,1766593613.7318752,39.55078125,6.8359375,-94.7265625,-20.01953125,0.0,0,0
1766593613.785568,1766593613.7357688,-1000.0,-92.28515625,-190.91796875,-92.28515625,0.0,0,0
1766593613.785593,1766593613.7396624,-625.0,-82.51953125,-27.83203125,-111.81640625,0.0,0,0
1766593613.785641,1766593613.7435558,665.52734375,53.22265625,187.98828125,-46.875,0.0,0,0
1766593613.7856839,1766593613.7474494,-854.00390625,107.421875,145.5078125,6.34765625,0.0,0,0
1766593613.7857122,1766593613.751343,110.83984375,20.99609375,-109.375,-43.45703125,0.0,0,0
1766593613.785738,1766593613.7552366,-1000.0,-116.69921875,-202.1484375,-110.3515625,0.0,0,0
1766593613.785792,1766593613.7591302,-805.6640625,-158.203125,-58.10546875,-108.3984375,0.0,0,0
1766593613.785839,1766593613.7630239,435.05859375,-17.578125,112.79296875,-60.05859375,0.0,0,0
1766593613.830094,1766593613.7670333,-821.2890625,90.8203125,131.34765625,-23.92578125,0.0,0,0
1766593613.830158,1766593613.770927,215.33203125,27.34375,-67.87109375,-47.8515625,0.0,0,0
1766593613.830186,1766593613.7748206,-1000.0,-82.03125,-209.9609375,-121.09375,0.0,0,0
1766593613.8302112,1766593613.7787142,-936.03515625,-132.32421875,-73.2421875,-154.78515625,0.0,0,0
1766593613.830236,1766593613.7826078,250.9765625,-69.82421875,159.1796875,-83.984375,0.0,0,0
1766593613.83026,1766593613.7865014,-814.94140625,84.47265625,173.33984375,-26.3671875,0.0,0,0
1766593613.830284,1766593613.790395,314.453125,66.40625,-70.80078125,-37.109375,0.0,0,0
1766593613.8303082,1766593613.7942886,-959.47265625,-83.0078125,-271.484375,-99.12109375,0.0,0,0
1766593613.8303318,1766593613.7981822,-1000.0,-170.8984375,-168.45703125,-145.5078125,0.0,0,0
1766593613.830362,1766593613.8020759,-6.8359375,-116.69921875,95.21484375,-113.76953125,0.0,0,0
1766593613.830386,1766593613.8059695,-835.44921875,25.390625,156.25,-57.6171875,0.0,0,0
1766593613.83041,1766593613.809863,461.9140625,53.7109375,-52.734375,-70.80078125,0.0,0,0
1766593613.879155,1766593613.813867,-841.30859375,-52.734375,-227.05078125,-125.48828125,0.0,0,0
1766593613.879262,1766593613.8177607,-1000.0,-120.60546875,-131.8359375,-176.26953125,0.0,0,0
1766593613.879318,1766593613.8216543,-109.375,-61.5234375,121.58203125,-142.08984375,0.0,0,0
1766593613.87937,1766593613.825548,-881.34765625,50.78125,205.56640625,-55.6640625,0.0,0,0
1766593613.879421,1766593613.8294415,644.53125,52.24609375,17.578125,-48.828125,0.0,0,0
1766593613.879472,1766593613.8333352,-637.20703125,-39.0625,-189.94140625,-126.46484375,0.0,0,0
1766593613.879522,1766593613.8372288,-1000.0,-112.79296875,-170.41015625,-189.453125,0.0,0,0
1766593613.879571,1766593613.8411224,-179.6875,-86.9140625,67.3828125,-140.13671875,0.0,0,0
1766593613.87962,1766593613.845016,-931.15234375,-0.48828125,201.171875,-43.45703125,0.0,0,0
1766593613.879671,1766593613.8489096,800.29296875,34.1796875,52.734375,-35.64453125,0.0,0,0
1766593613.879721,1766593613.8528032,-434.5703125,-26.3671875,-187.01171875,-112.3046875,0.0,0,0
1766593613.879771,1766593613.8566968,-1000.0,-104.4921875,-191.40625,-155.2734375,0.0,0,0
1766593613.935002,1766593613.8606827,-291.9921875,-78.61328125,62.01171875,-155.2734375,0.0,0,0
1766593613.935103,1766593613.8645766,-999.51171875,29.78515625,229.98046875,-94.7265625,0.0,0,0
1766593613.935162,1766593613.8684702,920.41015625,90.33203125,105.46875,-42.48046875,0.0,0,0
1766593613.9352162,1766593613.8723638,-269.53125,0.9765625,-163.0859375,-121.09375,0.0,0,0
1766593613.9352682,1766593613.8762574,-1000.0,-104.00390625,-213.37890625,-246.09375,0.0,0,0
1766593613.935319,1766593613.880151,-391.11328125,-74.21875,29.78515625,-248.53515625,0.0,0,0
1766593613.935369,1766593613.8840446,901.3671875,25.390625,209.9609375,-167.96875,0.0,0,0
1766593613.9354198,1766593613.8879383,-959.47265625,66.40625,89.84375,-96.6796875,0.0,0,0
1766593613.935471,1766593613.8918319,-62.98828125,-3.90625,-145.01953125,-165.52734375,0.0,0,0
1766593613.93552,1766593613.8957257,-1000.0,-102.5390625,-194.82421875,-362.3046875,0.0,0,0
1766593613.93557,1766593613.8996193,-584.47265625,-91.30859375,5.859375,-389.16015625,0.0,0,0
1766593613.935904,1766593613.903513,713.8671875,19.04296875,217.7734375,-187.01171875,0.0,0,0
1766593613.981877,1766593613.9074943,-875.9765625,87.890625,180.6640625,-90.33203125,0.0,0,0
1766593613.9819572,1766593613.911388,44.43359375,25.390625,-68.84765625,-239.2578125,0.0,0,0
1766593613.9820101,1766593613.9152818,-1000.0,-70.3125,-197.265625,-356.4453125,0.0,0,0
1766593613.982097,1766593613.9191754,-781.25,-109.86328125,-62.5,-283.69140625,0.0,0,0
1766593613.982164,1766593613.923069,464.35546875,-50.29296875,186.5234375,-286.62109375,0.0,0,0
1766593613.982218,1766593613.9269626,-823.73046875,9.765625,276.85546875,-272.4609375,0.0,0,0
1766593613.9822688,1766593613.9308562,153.3203125,-14.16015625,21.97265625,-202.63671875,0.0,0,0
1766593613.98232,1766593613.93475,-1000.0,-56.640625,-190.4296875,-257.8125,0.0,0,0
1766593613.9823701,1766593613.9386437,-918.9453125,-89.35546875,-83.984375,-310.05859375,0.0,0,0
1766593613.98242,1766593613.9425373,264.16015625,9.765625,140.625,-174.31640625,0.0,0,0
1766593613.982469,1766593613.946431,-810.546875,140.625,161.62109375,-99.12109375,0.0,0,0
1766593613.9825191,1766593613.9503245,232.91015625,75.1953125,-61.5234375,-144.04296875,0.0,0,0
1766593614.028918,1766593613.9543898,-1000.0,-60.05859375,-199.21875,-180.17578125,0.0,0,0
1766593614.029011,1766593613.9582837,-1000.0,-66.40625,-69.82421875,-247.0703125,0.0,0,0
1766593614.0290618,1766593613.9621773,51.26953125,-33.203125,170.8984375,-230.95703125,0.0,0,0
1766593614.029114,1766593613.966071,-825.1953125,15.625,196.2890625,-197.75390625,0.0,0,0
1766593614.029164,1766593613.9699647,403.3203125,57.12890625,-42.96875,-150.87890625,0.0,0,0
1766593614.0292149,1766593613.9738584,-896.484375,-18.5546875,-248.046875,-77.1484375,0.0,0,0
1766593614.029325,1766593613.977752,-1000.0,-63.4765625,-177.24609375,-136.23046875,0.0,0,0
1766593614.029386,1766593613.9816458,-56.640625,15.625,116.69921875,-141.11328125,0.0,0,0
1766593614.0294368,1766593613.9855394,-859.375,104.4921875,234.86328125,-34.66796875,0.0,0,0
1766593614.029488,1766593613.989433,558.59375,80.56640625,18.06640625,-33.69140625,0.0,0,0
1766593614.029537,1766593613.9933267,-731.93359375,-0.48828125,-248.53515625,-41.50390625,0.0,0,0
1766593614.029587,1766593613.9972205,-1000.0,-68.84765625,-211.9140625,-38.0859375,0.0,0,0
1766593614.070802,1766593614.0012724,-161.62109375,-48.828125,90.8203125,-73.73046875,0.0,0,0
1766593614.070892,1766593614.005166,-897.94921875,59.08203125,235.3515625,14.16015625,0.0,0,0
1766593614.0709262,1766593614.00906,692.3828125,105.46875,32.71484375,75.1953125,0.0,0,0
1766593614.070993,1766593614.0129535,-588.8671875,-35.15625,-252.9296875,1.953125,0.0,0,0
1766593614.071054,1766593614.0168474,-1000.0,-150.390625,-236.81640625,-91.796875,0.0,0,0
1766593614.0710971,1766593614.020741,-213.8671875,-37.109375,73.2421875,-46.38671875,0.0,0,0
1766593614.071129,1766593614.0246348,-958.0078125,134.765625,257.32421875,96.19140625,0.0,0,0
1766593614.0711591,1766593614.0285285,866.69921875,125.48828125,69.3359375,121.58203125,0.0,0,0
1766593614.07119,1766593614.032422,-340.33203125,-10.25390625,-228.02734375,37.109375,0.0,0,0
1766593614.071218,1766593614.036316,-1000.0,-92.7734375,-261.23046875,-16.6015625,0.0,0,0
1766593614.071247,1766593614.0402095,-362.79296875,-59.08203125,14.16015625,-11.71875,0.0,0,0
1766593614.071276,1766593614.0441034,929.19921875,25.87890625,230.95703125,45.41015625,0.0,0,0
1766593614.131548,1766593614.0482404,-979.00390625,82.51953125,115.72265625,88.37890625,0.0,0,0
1766593614.13168,1766593614.0521343,-99.12109375,50.78125,-173.33984375,36.62109375,0.0,0,0
1766593614.1317382,1766593614.056028,-1000.0,-60.546875,-262.20703125,-12.6953125,0.0,0,0
1766593614.131791,1766593614.0599217,-462.890625,-68.359375,-21.484375,8.30078125,0.0,0,0
1766593614.1318998,1766593614.0638156,844.23828125,33.69140625,218.26171875,74.70703125,0.0,0,0
1766593614.131974,1766593614.0677092,-916.015625,124.0234375,150.390625,86.9140625,0.0,0,0
1766593614.1320288,1766593614.071603,4.8828125,29.296875,-154.78515625,82.03125,0.0,0,0
1766593614.13208,1766593614.0754967,-1000.0,-69.3359375,-283.69140625,30.76171875,0.0,0,0
1766593614.1321301,1766593614.0793905,-659.1796875,27.34375,-55.17578125,-16.11328125,0.0,0,0
1766593614.1321669,1766593614.0832844,630.37109375,40.52734375,194.82421875,19.04296875,0.0,0,0
1766593614.132205,1766593614.087178,-845.703125,60.05859375,135.25390625,72.75390625,0.0,0,0
1766593614.132241,1766593614.0910718,120.1171875,41.015625,-132.8125,41.015625,0.0,0,0
1766593614.1626089,1766593614.0951064,-1000.0,-85.9375,-262.20703125,-27.83203125,0.0,0,0
1766593614.1627111,1766593614.099,-803.7109375,-105.95703125,-63.4765625,-51.26953125,0.0,0,0
1766593614.162768,1766593614.1028938,466.30859375,4.39453125,206.54296875,-3.90625,0.0,0,0
1766593614.162821,1766593614.1067877,-818.359375,90.33203125,193.359375,82.51953125,0.0,0,0
1766593614.1628742,1766593614.1106813,164.55078125,34.66796875,-77.63671875,115.234375,0.0,0,0
1766593614.1629262,1766593614.1145751,-1000.0,-68.359375,-265.625,15.625,0.0,0,0
1766593614.162976,1766593614.118469,-930.17578125,-85.9375,-110.3515625,-32.2265625,0.0,0,0
1766593614.163031,1766593614.1223629,262.20703125,-19.53125,165.52734375,33.69140625,0.0,0,0
1766593614.16309,1766593614.1262565,-805.6640625,31.25,199.70703125,91.796875,0.0,0,0
1766593614.163139,1766593614.1301503,269.53125,19.53125,-39.0625,55.6640625,0.0,0,0
1766593614.163189,1766593614.1340442,-1000.0,-35.64453125,-250.48828125,2.44140625,0.0,0,0
1766593614.1632378,1766593614.137938,-1000.0,-64.453125,-144.53125,-4.39453125,0.0,0,0
1766593614.2055922,1766593614.1419487,57.6171875,-15.625,121.58203125,8.30078125,0.0,0,0
1766593614.205674,1766593614.1458426,-819.82421875,34.66796875,205.56640625,65.4296875,0.0,0,0
1766593614.205715,1766593614.1497362,391.6015625,58.59375,2.9296875,42.48046875,0.0,0,0
1766593614.205754,1766593614.15363,-902.83203125,-27.83203125,-254.8828125,-19.53125,0.0,0,0
1766593614.205794,1766593614.1575239,-1000.0,-123.53515625,-202.1484375,-62.01171875,0.0,0,0
1766593614.2058308,1766593614.1614177,-87.40234375,-77.1484375,103.515625,-48.33984375,0.0,0,0
1766593614.205869,1766593614.1653116,-852.05078125,64.453125,230.95703125,26.3671875,0.0,0,0
1766593614.205906,1766593614.1692054,546.38671875,127.44140625,5.859375,50.29296875,0.0,0,0
1766593614.205943,1766593614.173099,-762.6953125,-13.671875,-256.34765625,-21.97265625,0.0,0,0
1766593614.2059798,1766593614.176993,-1000.0,-145.99609375,-207.03125,-82.51953125,0.0,0,0
1766593614.206016,1766593614.1808867,-164.0625,-95.21484375,67.3828125,-72.75390625,0.0,0,0
1766593614.206063,1766593614.1847806,-908.69140625,33.69140625,227.05078125,10.25390625,0.0,0,0
1766593614.251232,1766593614.1887844,748.046875,62.5,59.5703125,63.4765625,0.0,0,0
1766593614.251348,1766593614.1926782,-529.296875,-46.875,-227.05078125,-18.5546875,0.0,0,0
1766593614.2514062,1766593614.1965718,-1000.0,-126.46484375,-236.328125,-97.16796875,0.0,0,0
1766593614.2514591,1766593614.2004657,-251.46484375,-78.125,26.85546875,-75.1953125,0.0,0,0
1766593614.251515,1766593614.2043595,-971.19140625,15.13671875,202.1484375,-1.46484375,0.0,0,0
1766593614.2515671,1766593614.2082534,884.27734375,80.078125,68.84765625,21.97265625,0.0,0,0
1766593614.2516181,1766593614.2121472,-340.8203125,54.6875,-201.171875,-39.55078125,0.0,0,0
1766593614.251669,1766593614.216041,-1000.0,-50.29296875,-262.20703125,-130.859375,0.0,0,0
1766593614.25172,1766593614.219935,-330.078125,-100.09765625,-36.1328125,-97.65625,0.0,0,0
1766593614.25177,1766593614.2238288,948.2421875,0.48828125,202.63671875,1.953125,0.0,0,0
1766593614.251829,1766593614.2277226,-975.5859375,70.3125,111.81640625,33.69140625,0.0,0,0
1766593614.251891,1766593614.2316165,-84.9609375,1.46484375,-184.08203125,-11.23046875,0.0,0,0
1766593614.311625,1766593614.235607,-1000.0,-129.8828125,-262.6953125,-91.30859375,0.0,0,0
1766593614.3117702,1766593614.2395008,-516.11328125,-124.0234375,-36.62109375,-104.4921875,0.0,0,0
1766593614.311829,1766593614.2433946,794.43359375,17.08984375,193.84765625,-42.96875,0.0,0,0
1766593614.311882,1766593614.2472885,-894.53125,72.75390625,136.71875,19.04296875,0.0,0,0
1766593614.3122728,1766593614.2511823,32.2265625,-19.53125,-142.08984375,8.30078125,0.0,0,0
1766593614.312331,1766593614.2550762,-1000.0,-103.515625,-256.8359375,-54.6875,0.0,0,0
1766593614.312381,1766593614.25897,-708.49609375,-121.58203125,-78.61328125,-92.28515625,0.0,0,0
1766593614.312455,1766593614.2628639,587.40234375,-36.1328125,153.80859375,-54.19921875,0.0,0,0
1766593614.312505,1766593614.2667577,-833.49609375,74.70703125,142.578125,6.8359375,0.0,0,0
1766593614.312555,1766593614.2706516,126.46484375,33.69140625,-89.84375,-9.27734375,0.0,0,0
1766593614.312605,1766593614.2745454,-1000.0,-90.33203125,-211.9140625,-67.87109375,0.0,0,0
1766593614.312654,1766593614.2784393,-880.859375,-131.8359375,-71.77734375,-77.63671875,0.0,0,0
1766593614.3563468,1766593614.2824256,357.421875,-43.45703125,184.08203125,3.90625,0.0,0,0
1766593614.356478,1766593614.2863195,-804.19921875,67.87109375,208.984375,86.42578125,0.0,0,0
1766593614.356537,1766593614.2902133,199.21875,29.78515625,-37.109375,62.5,0.0,0,0
1766593614.35659,1766593614.2941072,-1000.0,-111.81640625,-220.703125,-16.11328125,0.0,0,0
1766593614.356641,1766593614.298001,-995.60546875,-199.70703125,-103.02734375,-43.9453125,0.0,0,0
1766593614.356695,1766593614.301895,152.83203125,-10.7421875,178.22265625,34.66796875,0.0,0,0
1766593614.356746,1766593614.3057888,-803.7109375,136.71875,247.0703125,123.046875,0.0,0,0
1766593614.356798,1766593614.3096828,306.640625,0.48828125,6.34765625,100.09765625,0.0,0,0
1766593614.3568692,1766593614.3135767,-965.8203125,-153.3203125,-208.49609375,19.04296875,0.0,0,0
1766593614.35692,1766593614.3174706,-1000.0,-127.44140625,-112.3046875,-37.109375,0.0,0,0
1766593614.3569899,1766593614.3213644,-41.50390625,-47.36328125,130.37109375,21.484375,0.0,0,0
1766593614.357049,1766593614.3252583,-839.84375,-24.90234375,228.515625,108.3984375,0.0,0,0
1766593614.431457,1766593614.329508,508.30078125,-18.06640625,64.94140625,117.67578125,0.0,0,0
1766593614.4316218,1766593614.3334022,-799.31640625,-116.2109375,-155.76171875,48.828125,0.0,0,0
1766593614.4316878,1766593614.337296,-1000.0,-189.94140625,-115.234375,-5.859375,0.0,0,0
1766593614.431749,1766593614.3411899,-139.6484375,-129.39453125,137.20703125,42.48046875,0.0,0,0
1766593614.431809,1766593614.345084,-897.4609375,-5.37109375,263.18359375,119.140625,0.0,0,0
1766593614.43187,1766593614.3489778,726.5625,13.671875,98.6328125,140.625,0.0,0,0
1766593614.4319282,1766593614.3528717,-562.01171875,-85.44921875,-166.015625,70.3125,0.0,0,0
1766593614.4319859,1766593614.3567657,-1000.0,-187.01171875,-184.08203125,-11.71875,0.0,0,0
1766593614.432042,1766593614.3606596,-185.546875,-150.87890625,64.94140625,-7.8125,0.0,0,0
1766593614.4320982,1766593614.3645535,-944.3359375,-25.390625,217.28515625,63.4765625,0.0,0,0
1766593614.432155,1766593614.3684475,862.79296875,31.25,89.35546875,92.28515625,0.0,0,0
1766593614.432211,1766593614.3723414,-366.2109375,-62.98828125,-156.25,21.97265625,0.0,0,0
1766593614.4481149,1766593614.376397,-1000.0,-189.94140625,-193.359375,-58.59375,0.0,0,0
1766593614.448202,1766593614.3802907,-253.90625,-162.109375,50.29296875,-32.2265625,0.0,0,0
1766593614.448255,1766593614.3841848,986.81640625,-0.9765625,213.8671875,48.828125,0.0,0,0
1766593614.448309,1766593614.3880787,-996.09375,71.77734375,80.56640625,69.82421875,0.0,0,0
1766593614.44836,1766593614.3919728,-96.6796875,-15.13671875,-157.71484375,18.5546875,0.0,0,0
1766593614.44841,1766593614.3958666,-1000.0,-102.05078125,-203.125,-58.10546875,0.0,0,0
1766593614.44846,1766593614.3997607,-385.7421875,-71.77734375,-5.37109375,-63.4765625,0.0,0,0
1766593614.44851,1766593614.4036546,903.80859375,37.59765625,187.01171875,23.4375,0.0,0,0
1766593614.448562,1766593614.4075484,-921.38671875,76.66015625,103.515625,71.77734375,0.0,0,0
1766593614.4486148,1766593614.4114425,42.48046875,-14.6484375,-135.25390625,14.6484375,0.0,0,0
1766593614.4486651,1766593614.4153364,-1000.0,-120.60546875,-215.33203125,-81.0546875,0.0,0,0
1766593614.448715,1766593614.4192305,-512.6953125,-124.51171875,-34.1796875,-113.28125,0.0,0,0
1766593614.49194,1766593614.4232683,793.45703125,-20.5078125,181.640625,-49.8046875,0.0,0,0
1766593614.4920561,1766593614.4271624,-870.1171875,52.734375,152.34375,14.6484375,0.0,0,0
1766593614.492098,1766593614.4310563,147.4609375,11.71875,-82.51953125,10.7421875,0.0,0,0
1766593614.492137,1766593614.4349504,-1000.0,-77.63671875,-221.19140625,-66.40625,0.0,0,0
1766593614.492175,1766593614.4388442,-781.73828125,-110.3515625,-85.44921875,-114.2578125,0.0,0,0
1766593614.492212,1766593614.4427383,507.32421875,-21.97265625,145.5078125,-59.08203125,0.0,0,0
1766593614.4922502,1766593614.4466321,-819.82421875,100.09765625,145.99609375,9.27734375,0.0,0,0
1766593614.492288,1766593614.4505262,211.9140625,49.8046875,-83.984375,-8.7890625,0.0,0,0
1766593614.492325,1766593614.4544203,-1000.0,-109.86328125,-236.328125,-105.95703125,0.0,0,0
1766593614.492362,1766593614.4583142,-897.94921875,-111.81640625,-104.4921875,-148.4375,0.0,0,0
1766593614.4923992,1766593614.4622083,337.40234375,21.484375,118.1640625,-86.9140625,0.0,0,0
1766593614.492436,1766593614.4661021,-810.546875,97.65625,144.04296875,-17.08984375,0.0,0,0
1766593614.537961,1766593614.4701345,296.875,67.3828125,-54.6875,-21.484375,0.0,0,0
1766593614.538116,1766593614.4740283,-997.55859375,-42.96875,-238.28125,-85.44921875,0.0,0,0
1766593614.53816,1766593614.4779224,-1000.0,-95.21484375,-145.5078125,-144.53125,0.0,0,0
1766593614.5382001,1766593614.4818165,141.11328125,-16.11328125,88.37890625,-109.375,0.0,0,0
1766593614.538239,1766593614.4857104,-823.2421875,75.1953125,151.3671875,-25.390625,0.0,0,0
1766593614.5383081,1766593614.4896045,443.84765625,84.47265625,-33.69140625,-29.296875,0.0,0,0
1766593614.538369,1766593614.4934983,-860.83984375,1.46484375,-222.65625,-85.9375,0.0,0,0
1766593614.538411,1766593614.4973924,-1000.0,-78.61328125,-165.52734375,-139.6484375,0.0,0,0
1766593614.5384488,1766593614.5012865,-43.9453125,-21.484375,45.8984375,-104.00390625,0.0,0,0
1766593614.5384881,1766593614.5051804,-880.37109375,107.421875,134.765625,-18.5546875,0.0,0,0
1766593614.538526,1766593614.5090744,681.640625,126.46484375,3.90625,-4.8828125,0.0,0,0
1766593614.538563,1766593614.5129685,-600.5859375,8.30078125,-188.4765625,-68.84765625,0.0,0,0
1766593614.583214,1766593614.516981,-1000.0,-74.70703125,-170.41015625,-132.32421875,0.0,0,0
1766593614.583314,1766593614.520875,-151.85546875,-22.4609375,45.8984375,-90.8203125,0.0,0,0
1766593614.583372,1766593614.5247688,-928.22265625,89.35546875,161.1328125,-9.765625,0.0,0,0
1766593614.5834281,1766593614.528663,832.03125,121.58203125,30.2734375,-5.859375,0.0,0,0
1766593614.5834801,1766593614.532557,-408.69140625,16.6015625,-188.4765625,-60.05859375,0.0,0,0
1766593614.583531,1766593614.536451,-1000.0,-86.42578125,-192.87109375,-96.6796875,0.0,0,0
1766593614.583581,1766593614.540345,-204.58984375,-44.43359375,6.8359375,-61.03515625,0.0,0,0
1766593614.5836318,1766593614.544239,-991.69921875,79.58984375,149.4140625,-6.8359375,0.0,0,0
1766593614.583683,1766593614.5481331,983.88671875,136.23046875,50.29296875,6.34765625,0.0,0,0
1766593614.5837371,1766593614.5520272,-119.140625,63.96484375,-162.59765625,-44.43359375,0.0,0,0
1766593614.583788,1766593614.555921,-1000.0,-41.50390625,-210.9375,-124.51171875,0.0,0,0
1766593614.583837,1766593614.5598152,-305.17578125,-13.671875,-33.203125,-135.7421875,0.0,0,0
1766593614.625553,1766593614.5638175,952.63671875,94.23828125,147.94921875,-64.453125,0.0,0,0
1766593614.625676,1766593614.5677116,-936.03515625,146.484375,81.54296875,-23.4375,0.0,0,0
1766593614.6257029,1766593614.5716054,48.33984375,71.2890625,-152.83203125,-71.77734375,0.0,0,0
1766593614.625728,1766593614.5754995,-1000.0,-27.83203125,-225.09765625,-142.578125,0.0,0,0
1766593614.625754,1766593614.5793936,-437.98828125,-19.04296875,-69.3359375,-145.5078125,0.0,0,0
1766593614.625778,1766593614.5832877,856.4453125,81.54296875,110.3515625,-76.171875,0.0,0,0
1766593614.625807,1766593614.5871818,-886.23046875,189.453125,73.73046875,-7.32421875,0.0,0,0
1766593614.625831,1766593614.591076,153.80859375,122.0703125,-156.25,-14.16015625,0.0,0,0
1766593614.626147,1766593614.5949697,-1000.0,-31.73828125,-256.34765625,-83.49609375,0.0,0,0
1766593614.626173,1766593614.5988638,-612.3046875,-46.875,-102.05078125,-113.76953125,0.0,0,0
1766593614.626197,1766593614.602758,699.21875,23.92578125,107.91015625,-61.5234375,0.0,0,0
1766593614.6262221,1766593614.606652,-850.5859375,120.1171875,108.3984375,16.6015625,0.0,0,0
1766593614.685517,1766593614.6106477,247.0703125,131.34765625,-106.93359375,5.859375,0.0,0,0
1766593614.6856792,1766593614.6145418,-1000.0,12.6953125,-231.4453125,-59.08203125,0.0,0,0
1766593614.685736,1766593614.6184359,-767.578125,-35.15625,-108.88671875,-71.77734375,0.0,0,0
1766593614.6857889,1766593614.6223297,537.109375,64.94140625,99.12109375,-34.1796875,0.0,0,0
1766593614.685842,1766593614.6262238,-836.9140625,174.8046875,119.140625,15.13671875,0.0,0,0
1766593614.685898,1766593614.630118,367.1875,147.94921875,-73.73046875,8.7890625,0.0,0,0
1766593614.685966,1766593614.634012,-974.609375,24.90234375,-238.28125,-59.08203125,0.0,0,0
1766593614.686017,1766593614.637906,-949.21875,-22.94921875,-163.0859375,-110.3515625,0.0,0,0
1766593614.6860669,1766593614.6418002,308.59375,59.5703125,63.4765625,-69.82421875,0.0,0,0
1766593614.6861289,1766593614.6456943,-831.0546875,153.3203125,131.8359375,18.5546875,0.0,0,0
1766593614.6861892,1766593614.6495883,447.265625,145.99609375,-56.15234375,20.99609375,0.0,0,0
1766593614.68624,1766593614.6534824,-852.5390625,28.3203125,-239.74609375,-55.17578125,0.0,0,0
1766593614.7318919,1766593614.6575491,-1000.0,-47.36328125,-153.80859375,-100.09765625,0.0,0,0
1766593614.732012,1766593614.6614432,13.18359375,23.4375,60.546875,-58.59375,0.0,0,0
1766593614.732071,1766593614.6653373,-844.7265625,144.04296875,141.11328125,19.53125,0.0,0,0
1766593614.732125,1766593614.6692314,528.80859375,140.13671875,-11.71875,31.73828125,0.0,0,0
1766593614.732178,1766593614.6731255,-777.34375,43.9453125,-209.9609375,-42.48046875,0.0,0,0
1766593614.73223,1766593614.6770196,-1000.0,0.0,-179.6875,-112.79296875,0.0,0,0
1766593614.732279,1766593614.6809137,-100.09765625,63.96484375,28.3203125,-87.40234375,0.0,0,0
1766593614.732331,1766593614.6848078,-907.71484375,150.87890625,133.30078125,-2.44140625,0.0,0,0
1766593614.7323809,1766593614.6887019,772.94921875,144.53125,2.9296875,28.3203125,0.0,0,0
1766593614.732453,1766593614.692596,-481.4453125,71.77734375,-192.3828125,-35.64453125,0.0,0,0
1766593614.732502,1766593614.69649,-1000.0,-16.6015625,-199.70703125,-115.234375,0.0,0,0
1766593614.732568,1766593614.7003841,-187.98828125,5.37109375,0.48828125,-103.02734375,0.0,0,0
1766593614.776886,1766593614.704446,-941.89453125,134.765625,138.18359375,-21.484375,0.0,0,0
1766593614.7770162,1766593614.7083404,853.02734375,182.12890625,27.83203125,29.296875,0.0,0,0
1766593614.777057,1766593614.7122345,-366.69921875,84.47265625,-170.41015625,-17.578125,0.0,0,0
1766593614.777096,1766593614.7161286,-1000.0,-16.6015625,-190.4296875,-105.46875,0.0,0,0
1766593614.7771351,1766593614.7200227,-292.48046875,10.25390625,-14.6484375,-102.5390625,0.0,0,0
1766593614.7771788,1766593614.7239168,976.5625,120.1171875,147.4609375,-26.85546875,0.0,0,0
1766593614.777217,1766593614.7278109,992.67578125,172.36328125,64.453125,20.01953125,0.0,0,0
1766593614.777259,1766593614.7317052,-130.859375,79.58984375,-150.390625,-20.5078125,0.0,0,0
1766593614.7772958,1766593614.7355993,-1000.0,-32.2265625,-211.42578125,-91.30859375,0.0,0,0
1766593614.777347,1766593614.7394934,-413.57421875,-22.94921875,-53.22265625,-99.609375,0.0,0,0
1766593614.7773929,1766593614.7433875,885.25390625,62.98828125,124.51171875,-37.59765625,0.0,0,0
1766593614.7774389,1766593614.7472816,-927.734375,133.30078125,85.44921875,31.73828125,0.0,0,0
1766593614.820692,1766593614.7513251,1.953125,96.19140625,-96.6796875,20.99609375,0.0,0,0
1766593614.82081,1766593614.7552192,-1000.0,-9.765625,-186.5234375,-44.921875,0.0,0,0
1766593614.820863,1766593614.7591133,-581.0546875,-15.625,-73.73046875,-95.21484375,0.0,0,0
1766593614.820915,1766593614.7630076,716.796875,68.84765625,95.703125,-61.5234375,0.0,0,0
1766593614.820967,1766593614.7669017,-856.4453125,132.8125,89.35546875,5.37109375,0.0,0,0
1766593614.82102,1766593614.7707958,145.5078125,125.9765625,-83.49609375,2.9296875,0.0,0,0
1766593614.8210702,1766593614.77469,-1000.0,19.04296875,-200.68359375,-63.96484375,0.0,0,0
1766593614.821121,1766593614.7785842,-763.18359375,-48.828125,-108.3984375,-97.16796875,0.0,0,0
1766593614.821172,1766593614.7824783,525.390625,33.69140625,80.078125,-62.98828125,0.0,0,0
1766593614.821281,1766593614.7863724,-823.73046875,147.4609375,104.98046875,0.0,0.0,0,0
1766593614.821328,1766593614.7902665,204.58984375,118.65234375,-59.08203125,9.27734375,0.0,0,0
1766593614.821368,1766593614.7941608,-1000.0,15.13671875,-212.890625,-74.70703125,0.0,0,0
1766593614.866838,1766593614.7981918,-910.64453125,-37.109375,-143.5546875,-115.234375,0.0,0,0
1766593614.866972,1766593614.802086,314.94140625,38.0859375,73.2421875,-78.61328125,0.0,0,0
1766593614.867032,1766593614.8059802,-808.10546875,125.0,130.859375,-11.71875,0.0,0,0
1766593614.867085,1766593614.8098743,280.76171875,109.375,-23.92578125,-1.46484375,0.0,0,0
1766593614.867137,1766593614.8137686,-1000.0,-5.859375,-183.59375,-56.15234375,0.0,0,0
1766593614.867188,1766593614.8176627,-1000.0,-48.33984375,-129.8828125,-109.375,0.0,0,0
1766593614.867239,1766593614.821557,117.67578125,71.2890625,47.8515625,-94.23828125,0.0,0,0
1766593614.867291,1766593614.8254511,-829.1015625,145.99609375,120.60546875,-7.32421875,0.0,0,0
1766593614.8673432,1766593614.8293452,451.171875,109.86328125,-24.4140625,4.8828125,0.0,0,0
1766593614.8673952,1766593614.8332396,-849.609375,-1.46484375,-193.359375,-59.08203125,0.0,0,0
1766593614.867452,1766593614.8371336,-1000.0,-52.24609375,-135.7421875,-94.23828125,0.0,0,0
1766593614.867521,1766593614.8410277,-61.03515625,14.16015625,40.52734375,-84.47265625,0.0,0,0
1766593614.910872,1766593614.8450477,-870.1171875,143.06640625,113.28125,-23.92578125,0.0,0,0
1766593614.91099,1766593614.848942,624.0234375,149.4140625,-4.39453125,4.8828125,0.0,0,0
1766593614.911032,1766593614.8528361,-676.7578125,-5.37109375,-185.05859375,-50.29296875,0.0,0,0
1766593614.911072,1766593614.8567305,-1000.0,-73.73046875,-169.43359375,-89.35546875,0.0,0,0
1766593614.9111109,1766593614.8606246,-120.1171875,-11.23046875,22.4609375,-60.546875,0.0,0,0
1766593614.911149,1766593614.864519,-902.83203125,86.9140625,127.44140625,-8.7890625,0.0,0,0
1766593614.911186,1766593614.868413,754.39453125,179.6875,1.46484375,5.859375,0.0,0,0
1766593614.9112241,1766593614.8723073,-516.11328125,41.015625,-173.828125,-41.015625,0.0,0,0
1766593614.9112608,1766593614.8762014,-1000.0,-124.0234375,-189.94140625,-109.86328125,0.0,0,0
1766593614.911307,1766593614.8800957,-187.98828125,-34.66796875,-21.97265625,-94.7265625,0.0,0,0
1766593614.911364,1766593614.8839898,-971.6796875,106.4453125,111.81640625,-31.25,0.0,0,0
1766593614.9114041,1766593614.887884,937.5,152.34375,30.76171875,0.0,0.0,0,0
1766593614.970712,1766593614.8919842,-217.28515625,61.03515625,-150.390625,-31.73828125,0.0,0,0
1766593614.970847,1766593614.8958783,-1000.0,-43.45703125,-189.453125,-90.8203125,0.0,0,0
1766593614.970905,1766593614.8997726,-293.9453125,-18.06640625,-25.390625,-89.84375,0.0,0,0
1766593614.9709592,1766593614.903667,954.1015625,88.8671875,116.69921875,-20.5078125,0.0,0,0
1766593614.971012,1766593614.907561,-942.3828125,127.9296875,57.6171875,49.31640625,0.0,0,0
1766593614.9710631,1766593614.9114554,29.296875,82.03125,-118.65234375,13.671875,0.0,0,0
1766593614.971113,1766593614.9153495,-1000.0,-22.94921875,-204.58984375,-59.5703125,0.0,0,0
1766593614.9711628,1766593614.9192438,-373.53515625,-35.15625,-75.1953125,-56.15234375,0.0,0,0
1766593614.971214,1766593614.9231381,909.1796875,77.63671875,102.5390625,-0.9765625,0.0,0,0
1766593614.971324,1766593614.9270322,-903.80859375,173.33984375,71.2890625,15.625,0.0,0,0
1766593614.971393,1766593614.9309266,118.65234375,109.375,-113.28125,-3.41796875,0.0,0,0
1766593614.971436,1766593614.9348207,-1000.0,-34.1796875,-203.125,-39.0625,0.0,0,0
1766593615.032028,1766593614.9390016,-560.546875,-29.78515625,-85.44921875,-59.5703125,0.0,0,0
1766593615.032501,1766593614.942896,748.53515625,75.1953125,81.54296875,-27.34375,0.0,0,0
1766593615.0325592,1766593614.9467902,-860.83984375,133.7890625,81.0546875,22.94921875,0.0,0,0
1766593615.0326111,1766593614.9506843,185.05859375,111.328125,-77.1484375,29.296875,0.0,0,0
1766593615.032685,1766593614.9545786,-1000.0,20.99609375,-198.2421875,-48.828125,0.0,0,0
1766593615.0327349,1766593614.958473,-766.11328125,-24.90234375,-105.46875,-103.02734375,0.0,0,0
1766593615.032785,1766593614.9623673,527.83203125,79.58984375,63.4765625,-56.640625,0.0,0,0
1766593615.0328362,1766593614.9662616,-825.1953125,163.57421875,67.87109375,-1.46484375,0.0,0,0
1766593615.032886,1766593614.970156,270.5078125,115.72265625,-82.51953125,-15.625,0.0,0,0
1766593615.032935,1766593614.97405,-1000.0,9.27734375,-200.1953125,-72.265625,0.0,0,0
1766593615.032985,1766593614.9779444,-889.6484375,-58.10546875,-121.09375,-101.5625,0.0,0,0
1766593615.033034,1766593614.9818387,367.67578125,1.953125,60.546875,-79.58984375,0.0,0,0
1766593615.060781,1766593614.9858255,-830.078125,129.39453125,116.2109375,-4.8828125,0.0,0,0
1766593615.0609128,1766593614.9897199,422.36328125,142.578125,-36.1328125,30.76171875,0.0,0,0
1766593615.060971,1766593614.993614,-899.4140625,35.64453125,-196.77734375,-25.87890625,0.0,0,0
1766593615.061026,1766593614.9975083,-1000.0,-34.1796875,-143.06640625,-69.3359375,0.0,0,0
1766593615.0610769,1766593615.0014026,141.11328125,28.80859375,49.8046875,-40.0390625,0.0,0,0
1766593615.0611289,1766593615.005297,-857.91015625,159.66796875,125.9765625,12.20703125,0.0,0,0
1766593615.061183,1766593615.0091913,599.609375,153.80859375,-21.484375,34.1796875,0.0,0,0
1766593615.061234,1766593615.0130856,-699.70703125,3.41796875,-194.82421875,-18.06640625,0.0,0,0
1766593615.061289,1766593615.01698,-1000.0,-96.6796875,-169.43359375,-88.8671875,0.0,0,0
1766593615.0613382,1766593615.0208743,-26.3671875,-6.34765625,18.5546875,-65.91796875,0.0,0,0
1766593615.061396,1766593615.0247686,-902.34375,104.00390625,107.91015625,5.859375,0.0,0,0
1766593615.061456,1766593615.0286627,780.76171875,127.44140625,-2.9296875,28.3203125,0.0,0,0
1766593615.105518,1766593615.032633,-471.19140625,71.2890625,-167.48046875,-32.71484375,0.0,0,0
1766593615.105642,1766593615.0365274,-1000.0,-42.96875,-169.921875,-112.79296875,0.0,0,0
1766593615.1057,1766593615.0404217,-138.671875,-10.25390625,-3.90625,-115.234375,0.0,0,0
1766593615.1057541,1766593615.044316,-950.68359375,118.1640625,101.5625,-55.6640625,0.0,0,0
1766593615.105807,1766593615.0482104,908.203125,154.296875,9.765625,-1.953125,0.0,0,0
1766593615.1058571,1766593615.0521047,-251.953125,57.12890625,-147.4609375,-31.25,0.0,0,0
1766593615.105908,1766593615.055999,-1000.0,-41.015625,-163.57421875,-83.0078125,0.0,0,0
1766593615.105957,1766593615.0598931,-261.71875,-11.23046875,-28.3203125,-75.68359375,0.0,0,0
1766593615.106009,1766593615.0637875,989.2578125,84.47265625,86.9140625,-21.97265625,0.0,0,0
1766593615.10606,1766593615.0676818,-996.58203125,148.92578125,33.203125,29.78515625,0.0,0,0
1766593615.106142,1766593615.071576,-91.30859375,94.7265625,-125.48828125,-10.7421875,0.0,0,0
1766593615.1062012,1766593615.0754704,-1000.0,-41.50390625,-165.0390625,-75.1953125,0.0,0,0
1766593615.154182,1766593615.0795271,-396.484375,-67.3828125,-39.0625,-65.4296875,0.0,0,0
1766593615.154285,1766593615.0834215,887.20703125,48.33984375,87.40234375,-29.78515625,0.0,0,0
1766593615.15434,1766593615.0873158,-908.69140625,124.51171875,63.96484375,29.78515625,0.0,0,0
1766593615.15446,1766593615.0912101,70.80078125,54.6875,-89.35546875,33.69140625,0.0,0,0
1766593615.154513,1766593615.0951045,-1000.0,-55.17578125,-163.0859375,-50.29296875,0.0,0,0
1766593615.1545641,1766593615.0989988,-573.2421875,-34.66796875,-58.10546875,-84.47265625,0.0,0,0
1766593615.154617,1766593615.102893,731.93359375,74.70703125,74.70703125,-27.34375,0.0,0,0
1766593615.154655,1766593615.1067874,-861.328125,121.58203125,56.640625,27.34375,0.0,0,0
1766593615.1546922,1766593615.1106818,138.18359375,73.73046875,-101.07421875,-5.859375,0.0,0,0
1766593615.1547341,1766593615.114576,-1000.0,-41.9921875,-180.17578125,-57.12890625,0.0,0,0
1766593615.154772,1766593615.1184704,-741.69921875,-58.10546875,-89.84375,-51.26953125,0.0,0,0
1766593615.154809,1766593615.1223648,541.015625,54.6875,57.6171875,-8.7890625,0.0,0,0
1766593615.1956449,1766593615.1264043,-827.1484375,143.06640625,80.56640625,50.29296875,0.0,0,0
1766593615.19575,1766593615.1302986,246.09375,100.09765625,-63.96484375,52.734375,0.0,0,0
1766593615.195808,1766593615.134193,-1000.0,-22.4609375,-181.640625,-25.87890625,0.0,0,0
1766593615.19586,1766593615.1380873,-916.9921875,-57.6171875,-109.375,-64.453125,0.0,0,0
1766593615.195912,1766593615.1419816,308.10546875,25.390625,62.5,-7.32421875,0.0,0,0
1766593615.1959622,1766593615.1458762,-817.87109375,122.55859375,115.234375,57.12890625,0.0,0,0
1766593615.1960151,1766593615.1497705,351.07421875,118.65234375,-20.01953125,67.87109375,0.0,0,0
1766593615.196065,1766593615.1536648,-950.68359375,3.41796875,-171.875,1.46484375,0.0,0,0
1766593615.196117,1766593615.1575592,-1000.0,-83.984375,-129.8828125,-69.3359375,0.0,0,0
1766593615.196167,1766593615.1614535,91.796875,-18.06640625,45.8984375,-36.1328125,0.0,0,0
1766593615.196217,1766593615.1653478,-837.40234375,68.84765625,107.91015625,51.26953125,0.0,0,0
1766593615.196267,1766593615.1692424,488.28125,56.15234375,-14.6484375,64.94140625,0.0,0,0
1766593615.24191,1766593615.1732795,-811.5234375,1.953125,-170.8984375,-9.765625,0.0,0,0
1766593615.2420108,1766593615.1771739,-1000.0,-38.0859375,-138.18359375,-58.10546875,0.0,0,0
1766593615.242054,1766593615.1810682,-72.265625,5.37109375,25.390625,-36.62109375,0.0,0,0
1766593615.242093,1766593615.1849627,-879.8828125,83.984375,105.95703125,36.62109375,0.0,0,0
1766593615.242132,1766593615.188857,666.9921875,126.46484375,9.27734375,63.96484375,0.0,0,0
1766593615.2421708,1766593615.1927514,-616.2109375,74.70703125,-146.97265625,-3.41796875,0.0,0,0
1766593615.2422101,1766593615.196646,-1000.0,-22.94921875,-159.66796875,-61.03515625,0.0,0,0
1766593615.2422469,1766593615.2005403,-173.828125,-24.4140625,7.32421875,-31.25,0.0,0,0
1766593615.242283,1766593615.2044346,-929.19921875,58.10546875,124.51171875,26.3671875,0.0,0,0
1766593615.242321,1766593615.208329,812.01171875,104.4921875,12.20703125,47.36328125,0.0,0,0
1766593615.242358,1766593615.2122235,-431.15234375,30.76171875,-148.4375,-2.9296875,0.0,0,0
1766593615.2423942,1766593615.2161179,-1000.0,-92.7734375,-150.87890625,-60.05859375,0.0,0,0
1766593615.2885618,1766593615.2201412,-295.8984375,-71.2890625,2.9296875,-40.52734375,0.0,0,0
1766593615.288712,1766593615.2240357,-999.0234375,67.87109375,122.0703125,34.66796875,0.0,0,0
1766593615.2887669,1766593615.22793,919.921875,113.28125,50.29296875,75.1953125,0.0,0,0
1766593615.288821,1766593615.2318244,-284.66796875,18.5546875,-115.234375,27.83203125,0.0,0,0
1766593615.288872,1766593615.235719,-1000.0,-90.8203125,-163.0859375,-33.203125,0.0,0,0
1766593615.288924,1766593615.2396133,-456.0546875,-72.265625,-9.27734375,-13.671875,0.0,0,0
1766593615.2889779,1766593615.2435076,867.1875,65.91796875,147.94921875,62.98828125,0.0,0,0
1766593615.2890291,1766593615.2474022,-974.609375,95.703125,70.80078125,89.35546875,0.0,0,0
1766593615.289082,1766593615.2512965,-148.92578125,-9.27734375,-121.58203125,45.41015625,0.0,0,0
1766593615.289134,1766593615.255191,-1000.0,-92.7734375,-174.8046875,-21.484375,0.0,0,0
1766593615.289192,1766593615.2590854,-707.51953125,-85.44921875,-42.96875,-29.296875,0.0,0,0
1766593615.289261,1766593615.2629797,580.078125,14.6484375,101.5625,23.4375,0.0,0,0
1766593615.3310442,1766593615.2669897,-853.515625,64.94140625,75.1953125,66.89453125,0.0,0,0
1766593615.33116,1766593615.270884,9.765625,8.30078125,-86.9140625,57.12890625,0.0,0,0
1766593615.3312168,1766593615.2747786,-1000.0,-77.63671875,-177.24609375,5.859375,0.0,0,0
1766593615.331271,1766593615.278673,-919.43359375,-101.5625,-76.66015625,-17.578125,0.0,0,0
1766593615.3313239,1766593615.2825675,274.4140625,-3.41796875,72.265625,14.16015625,0.0,0,0
1766593615.3313851,1766593615.2864618,-805.6640625,106.4453125,82.03125,83.49609375,0.0,0,0
1766593615.333184,1766593615.2903562,92.7734375,72.265625,-78.61328125,86.42578125,0.0,0,0
1766593615.3332438,1766593615.2942507,-1000.0,-87.40234375,-185.05859375,23.92578125,0.0,0,0
1766593615.3332858,1766593615.298145,-1000.0,-128.90625,-77.63671875,-0.9765625,0.0,0,0
1766593615.3333251,1766593615.3020396,82.51953125,-9.765625,78.61328125,34.66796875,0.0,0,0
1766593615.333363,1766593615.305934,-797.8515625,89.84375,85.9375,71.77734375,0.0,0,0
1766593615.333424,1766593615.3098285,209.9609375,42.48046875,-60.05859375,52.24609375,0.0,0,0
1766593615.37695,1766593615.3138316,-1000.0,-55.6640625,-184.5703125,-32.71484375,0.0,0,0
1766593615.377077,1766593615.317726,-1000.0,-99.609375,-110.3515625,-58.59375,0.0,0,0
1766593615.377187,1766593615.3216205,-66.40625,-13.18359375,59.08203125,-5.37109375,0.0,0,0
1766593615.3772311,1766593615.325515,-812.5,103.515625,100.09765625,67.3828125,0.0,0,0
1766593615.37727,1766593615.3294094,329.1015625,64.453125,-20.99609375,78.61328125,0.0,0,0
1766593615.377308,1766593615.333304,-946.2890625,-32.71484375,-157.2265625,15.13671875,0.0,0,0
1766593615.377346,1766593615.3371983,-1000.0,-115.72265625,-116.69921875,-44.921875,0.0,0,0
1766593615.377383,1766593615.3410928,-179.6875,-79.58984375,44.921875,-22.4609375,0.0,0,0
1766593615.377419,1766593615.3449872,-851.07421875,57.6171875,89.35546875,39.0625,0.0,0,0
1766593615.3774562,1766593615.3488817,491.2109375,66.89453125,-25.87890625,33.203125,0.0,0,0
1766593615.377493,1766593615.352776,-819.82421875,-48.828125,-168.9453125,-53.7109375,0.0,0,0
1766593615.3775308,1766593615.3566706,-1000.0,-131.34765625,-136.23046875,-112.79296875,0.0,0,0
1766593615.4361331,1766593615.3606586,-267.578125,-61.03515625,39.55078125,-76.66015625,0.0,0,0
1766593615.43628,1766593615.3645532,-921.38671875,66.89453125,119.140625,15.13671875,0.0,0,0
1766593615.436336,1766593615.3684475,691.40625,91.30859375,8.7890625,45.8984375,0.0,0,0
1766593615.4363892,1766593615.372342,-620.60546875,-11.23046875,-144.53125,-27.34375,0.0,0,0
1766593615.4364412,1766593615.3762364,-1000.0,-88.37890625,-142.08984375,-58.10546875,0.0,0,0
1766593615.436494,1766593615.380131,-350.09765625,-23.92578125,17.08984375,-49.8046875,0.0,0,0
1766593615.4365451,1766593615.3840256,994.140625,29.78515625,110.3515625,-31.25,0.0,0,0
1766593615.436598,1766593615.38792,864.2578125,49.31640625,7.8125,-20.99609375,0.0,0,0
1766593615.4366488,1766593615.3918145,-412.59765625,-23.92578125,-153.3203125,-76.66015625,0.0,0,0
1766593615.436712,1766593615.3957088,-1000.0,-108.3984375,-171.38671875,-143.5546875,0.0,0,0
1766593615.4367628,1766593615.3996034,-492.1875,-105.46875,-41.015625,-152.34375,0.0,0,0
1766593615.436813,1766593615.4034977,835.44921875,4.39453125,73.2421875,-114.2578125,0.0,0,0
1766593615.481898,1766593615.4074748,-970.21484375,125.9765625,6.8359375,-91.796875,0.0,0,0
1766593615.482053,1766593615.4113693,-164.0625,44.43359375,-165.0390625,-122.55859375,0.0,0,0
1766593615.4821088,1766593615.415264,-1000.0,-62.5,-215.33203125,-175.78125,0.0,0,0
1766593615.482163,1766593615.4191582,-634.765625,-49.8046875,-63.96484375,-184.5703125,0.0,0,0
1766593615.482216,1766593615.4230528,663.57421875,52.24609375,80.56640625,-121.58203125,0.0,0,0
1766593615.4822679,1766593615.4269474,-862.3046875,116.2109375,37.109375,-81.54296875,0.0,0,0
1766593615.482319,1766593615.4308417,40.0390625,50.78125,-120.60546875,-101.5625,0.0,0,0
1766593615.48238,1766593615.4347363,-1000.0,-52.734375,-200.1953125,-162.109375,0.0,0,0
1766593615.4824388,1766593615.4386308,-817.3828125,-79.1015625,-92.7734375,-169.921875,0.0,0,0
1766593615.482506,1766593615.4425251,445.3125,-7.32421875,65.4296875,-107.421875,0.0,0,0
1766593615.482568,1766593615.4464197,-815.4296875,87.890625,56.640625,-75.68359375,0.0,0,0
1766593615.482642,1766593615.4503143,121.58203125,52.734375,-108.88671875,-105.95703125,0.0,0,0
1766593615.5272708,1766593615.4543722,-1000.0,-59.5703125,-196.77734375,-125.0,0.0,0,0
1766593615.5274172,1766593615.4582665,-939.94140625,-97.16796875,-77.1484375,-108.3984375,0.0,0,0
1766593615.527462,1766593615.462161,249.0234375,-42.96875,92.28515625,-69.82421875,0.0,0,0
1766593615.527502,1766593615.4660556,-797.8515625,78.125,80.078125,-1.46484375,0.0,0,0
1766593615.52754,1766593615.4699502,215.33203125,67.3828125,-73.73046875,-4.39453125,0.0,0,0
1766593615.527578,1766593615.4738445,-1000.0,-34.1796875,-173.828125,-69.82421875,0.0,0,0
1766593615.527615,1766593615.477739,-1000.0,-73.73046875,-105.95703125,-79.58984375,0.0,0,0
1766593615.527651,1766593615.4816337,20.01953125,-10.7421875,50.29296875,-35.64453125,0.0,0,0
1766593615.5276968,1766593615.4855282,-808.59375,93.75,81.0546875,35.64453125,0.0,0,0
1766593615.527744,1766593615.4894226,327.63671875,48.828125,-49.8046875,52.734375,0.0,0,0
1766593615.52778,1766593615.4933171,-949.70703125,-77.63671875,-172.36328125,-7.32421875,0.0,0,0
1766593615.52782,1766593615.4972117,-1000.0,-123.53515625,-116.69921875,-49.31640625,0.0,0,0
1766593615.574181,1766593615.5012593,-117.67578125,-38.0859375,58.10546875,4.8828125,0.0,0,0
1766593615.5743082,1766593615.505154,-842.7734375,90.8203125,102.5390625,50.78125,0.0,0,0
1766593615.5743659,1766593615.5090482,484.86328125,71.2890625,-33.69140625,62.5,0.0,0,0
1766593615.57442,1766593615.5129428,-823.2421875,-28.3203125,-166.015625,30.76171875,0.0,0,0
1766593615.574472,1766593615.5168374,-1000.0,-72.265625,-135.25390625,-25.87890625,0.0,0,0
1766593615.5745249,1766593615.520732,-189.453125,-36.62109375,43.45703125,4.8828125,0.0,0,0
1766593615.5745769,1766593615.5246265,-896.97265625,84.47265625,125.9765625,67.3828125,0.0,0,0
1766593615.574639,1766593615.528521,687.01171875,101.5625,-12.6953125,74.21875,0.0,0,0
1766593615.57469,1766593615.5324156,-616.2109375,-52.24609375,-179.19921875,14.16015625,0.0,0,0
1766593615.574741,1766593615.5363102,-1000.0,-125.48828125,-157.71484375,-45.8984375,0.0,0,0
1766593615.574813,1766593615.5402048,-260.7421875,-55.17578125,1.46484375,-35.64453125,0.0,0,0
1766593615.57491,1766593615.544099,-971.6796875,48.828125,114.2578125,39.55078125,0.0,0,0
1766593615.631433,1766593615.5482233,875.0,55.6640625,22.4609375,101.5625,0.0,0,0
1766593615.631571,1766593615.5521178,-365.72265625,-37.109375,-144.04296875,80.56640625,0.0,0,0
1766593615.631616,1766593615.5560124,-1000.0,-70.80078125,-156.25,-7.32421875,0.0,0,0
1766593615.631656,1766593615.559907,-338.37890625,-31.25,-14.16015625,-71.77734375,0.0,0,0
1766593615.631695,1766593615.5638015,943.84765625,77.63671875,109.86328125,-41.50390625,0.0,0,0
1766593615.631758,1766593615.567696,-978.515625,137.20703125,54.19921875,11.71875,0.0,0,0
1766593615.631798,1766593615.5715907,-97.16796875,26.3671875,-106.4453125,20.5078125,0.0,0,0
1766593615.631835,1766593615.5754852,-1000.0,-111.328125,-140.13671875,-57.6171875,0.0,0,0
1766593615.631871,1766593615.5793798,-473.14453125,-73.2421875,-14.6484375,-150.87890625,0.0,0,0
1766593615.6319091,1766593615.5832744,834.47265625,57.12890625,87.890625,-114.2578125,0.0,0,0
1766593615.631946,1766593615.587169,-898.92578125,120.60546875,40.0390625,53.7109375,0.0,0,0
1766593615.632004,1766593615.5910635,42.48046875,28.3203125,-128.90625,81.0546875,0.0,0,0
1766593615.662303,1766593615.5950875,-1000.0,-98.14453125,-198.73046875,-111.81640625,0.0,0,0
1766593615.662442,1766593615.598982,-687.5,-96.19140625,-37.109375,-309.08203125,0.0,0,0
1766593615.6624808,1766593615.6028767,625.9765625,0.9765625,102.5390625,-133.30078125,0.0,0,0
1766593615.6625202,1766593615.6067712,-843.26171875,98.6328125,48.33984375,44.43359375,0.0,0,0
1766593615.6625578,1766593615.6106658,97.16796875,57.12890625,-111.328125,-175.78125,0.0,0,0
1766593615.662595,1766593615.6145604,-1000.0,-31.73828125,-201.171875,-293.45703125,0.0,0,0
1766593615.662632,1766593615.6184552,-805.17578125,-43.9453125,-128.90625,-120.1171875,0.0,0,0
1766593615.662755,1766593615.6223497,474.609375,17.578125,28.80859375,10.25390625,0.0,0,0
1766593615.662857,1766593615.6262443,-812.5,91.30859375,38.57421875,-137.6953125,0.0,0,0
1766593615.662931,1766593615.6301389,161.62109375,56.15234375,-95.703125,-266.6015625,0.0,0,0
1766593615.6629791,1766593615.6340334,-1000.0,-49.31640625,-195.3125,-83.984375,0.0,0,0
1766593615.6644108,1766593615.637928,-996.09375,-90.8203125,-126.46484375,-232.91015625,0.0,0,0
1766593615.720274,1766593615.6419368,170.8984375,-5.37109375,14.6484375,-142.08984375,0.0,0,0
1766593615.7204401,1766593615.6458313,-792.96875,87.40234375,79.1015625,69.82421875,0.0,0,0
1766593615.720499,1766593615.6497262,248.53515625,77.63671875,-33.69140625,-117.67578125,0.0,0,0
1766593615.720553,1766593615.6536207,-1000.0,2.44140625,-230.95703125,-58.10546875,0.0,0,0
1766593615.720604,1766593615.6575153,-1000.0,-87.40234375,-127.44140625,40.0390625,0.0,0,0
1766593615.720654,1766593615.6614099,83.984375,-30.2734375,144.53125,27.83203125,0.0,0,0
1766593615.720705,1766593615.6653044,-804.19921875,119.62890625,155.2734375,150.87890625,0.0,0,0
1766593615.7207549,1766593615.6691992,331.0546875,84.9609375,-25.390625,244.140625,0.0,0,0
1766593615.720806,1766593615.6730938,-944.82421875,-34.1796875,-134.27734375,-220.21484375,0.0,0,0
1766593615.720856,1766593615.6769884,-1000.0,-59.08203125,-110.83984375,-195.3125,0.0,0,0
1766593615.720906,1766593615.680883,-98.14453125,-30.2734375,37.109375,145.01953125,0.0,0,0
1766593615.7209558,1766593615.6847775,-833.984375,107.421875,99.12109375,194.3359375,0.0,0,0
1766593615.751164,1766593615.6887686,475.09765625,133.7890625,-9.27734375,188.96484375,0.0,0,0
1766593615.751269,1766593615.6926632,-846.6796875,-19.53125,-166.9921875,-78.61328125,0.0,0,0
1766593615.751328,1766593615.6965578,-1000.0,-99.609375,-177.24609375,-43.45703125,0.0,0,0
1766593615.751383,1766593615.7004523,-162.109375,-47.8515625,24.4140625,243.1640625,0.0,0,0
1766593615.751437,1766593615.7043471,-901.3671875,85.9375,163.0859375,77.1484375,0.0,0,0
1766593615.751489,1766593615.7082417,742.1875,138.18359375,66.89453125,-54.19921875,0.0,0,0
1766593615.751541,1766593615.7121363,-563.4765625,-3.41796875,-125.9765625,-72.75390625,0.0,0,0
1766593615.751592,1766593615.716031,-1000.0,-107.91015625,-213.37890625,45.41015625,0.0,0,0
1766593615.751643,1766593615.7199256,-224.12109375,-56.640625,-34.1796875,139.6484375,0.0,0,0
1766593615.751693,1766593615.7238202,-945.80078125,35.15625,145.99609375,32.71484375,0.0,0,0
1766593615.751744,1766593615.7277148,835.44921875,106.4453125,46.38671875,24.4140625,0.0,0,0
1766593615.7517939,1766593615.7316096,-426.26953125,60.546875,-158.203125,-130.37109375,0.0,0,0
1766593615.8094778,1766593615.7355924,-1000.0,-92.7734375,-187.5,-19.53125,0.0,0,0
1766593615.80964,1766593615.739487,-321.2890625,-92.28515625,-25.390625,111.81640625,0.0,0,0
1766593615.809698,1766593615.7433817,950.68359375,71.77734375,116.2109375,100.5859375,0.0,0,0
1766593615.809751,1766593615.7472763,-974.609375,103.02734375,80.078125,97.16796875,0.0,0,0
1766593615.809804,1766593615.7511709,-95.703125,28.80859375,-142.578125,29.78515625,0.0,0,0
1766593615.8098629,1766593615.7550657,-1000.0,-53.22265625,-219.7265625,-47.8515625,0.0,0,0
1766593615.8099148,1766593615.7589602,-510.7421875,-59.5703125,-43.9453125,-93.26171875,0.0,0,0
1766593615.809974,1766593615.7628548,800.78125,36.1328125,137.20703125,-9.765625,0.0,0,0
1766593615.810096,1766593615.7667496,-883.7890625,100.09765625,83.0078125,26.3671875,0.0,0,0
1766593615.810158,1766593615.7706442,69.3359375,5.859375,-133.30078125,17.08984375,0.0,0,0
1766593615.8102138,1766593615.7745388,-1000.0,-95.703125,-204.1015625,-37.59765625,0.0,0,0
1766593615.810267,1766593615.7784336,-648.92578125,-83.49609375,-56.15234375,-99.609375,0.0,0,0
1766593615.85569,1766593615.7824028,672.8515625,3.90625,123.046875,-29.296875,0.0,0,0
1766593615.85582,1766593615.7862973,-844.7265625,89.35546875,116.2109375,-23.4375,0.0,0,0
1766593615.8558779,1766593615.7901921,129.39453125,35.64453125,-91.796875,-98.14453125,0.0,0,0
1766593615.855932,1766593615.7940867,-1000.0,-92.28515625,-216.796875,-148.92578125,0.0,0,0
1766593615.855988,1766593615.7979813,-860.3515625,-113.76953125,-83.49609375,-176.7578125,0.0,0,0
1766593615.85604,1766593615.801876,411.62109375,8.30078125,132.32421875,-166.50390625,0.0,0,0
1766593615.856092,1766593615.8057706,-802.24609375,123.046875,141.6015625,-95.21484375,0.0,0,0
1766593615.856151,1766593615.8096654,208.984375,68.84765625,-60.05859375,-101.07421875,0.0,0,0
1766593615.856203,1766593615.81356,-1000.0,-89.35546875,-210.9375,-177.734375,0.0,0,0
1766593615.8562691,1766593615.8174546,-979.98046875,-133.30078125,-109.86328125,-217.7734375,0.0,0,0
1766593615.85633,1766593615.8213494,212.890625,-42.96875,92.28515625,-190.4296875,0.0,0,0
1766593615.85638,1766593615.825244,-797.36328125,56.15234375,150.87890625,-121.58203125,0.0,0,0
1766593615.9318259,1766593615.8294759,294.921875,42.96875,-13.671875,-110.3515625,0.0,0,0
1766593615.931953,1766593615.8333707,-974.609375,-108.88671875,-185.546875,-161.1328125,0.0,0,0
1766593615.931995,1766593615.8372655,-1000.0,-157.71484375,-118.1640625,-207.03125,0.0,0,0
1766593615.932034,1766593615.84116,-14.16015625,-41.9921875,82.03125,-197.75390625,0.0,0,0
1766593615.932074,1766593615.8450549,-821.77734375,71.77734375,144.53125,-138.671875,0.0,0,0
1766593615.932111,1766593615.8489497,442.87109375,107.91015625,-16.6015625,-137.6953125,0.0,0,0
1766593615.932148,1766593615.8528442,-870.60546875,-2.44140625,-203.125,-189.453125,0.0,0,0
1766593615.9321952,1766593615.856739,-1000.0,-148.4375,-175.78125,-234.375,0.0,0,0
1766593615.932244,1766593615.8606336,-122.0703125,-97.65625,49.8046875,-215.33203125,0.0,0,0
1766593615.93228,1766593615.8645284,-868.1640625,65.91796875,166.015625,-148.4375,0.0,0,0
1766593615.932329,1766593615.8684232,625.0,62.5,11.71875,-135.7421875,0.0,0,0
1766593615.932378,1766593615.8723178,-697.75390625,-76.66015625,-178.22265625,-180.6640625,0.0,0,0
1766593615.947173,1766593615.876364,-1000.0,-138.18359375,-162.59765625,-229.4921875,0.0,0,0
1766593615.9472818,1766593615.8802586,-161.62109375,-52.24609375,21.484375,-220.703125,0.0,0,0
1766593615.947341,1766593615.8841534,-932.6171875,67.87109375,150.87890625,-139.16015625,0.0,0,0
1766593615.947477,1766593615.8880482,847.16796875,89.84375,47.36328125,-114.74609375,0.0,0,0
1766593615.947567,1766593615.891943,-404.78515625,-13.18359375,-158.69140625,-166.015625,0.0,0,0
1766593615.947663,1766593615.8958375,-1000.0,-95.21484375,-166.015625,-222.16796875,0.0,0,0
1766593615.9477298,1766593615.8997324,-230.95703125,-52.24609375,15.625,-215.8203125,0.0,0,0
1766593615.947783,1766593615.9036272,-999.0234375,41.50390625,144.04296875,-146.97265625,0.0,0,0
1766593615.947836,1766593615.907522,993.1640625,75.68359375,48.33984375,-124.0234375,0.0,0,0
1766593615.947944,1766593615.9114165,-139.6484375,-24.4140625,-153.3203125,-164.55078125,0.0,0,0
1766593615.9480052,1766593615.9153113,-1000.0,-144.04296875,-193.84765625,-206.0546875,0.0,0,0
1766593615.9480572,1766593615.9192061,-306.15234375,-125.9765625,-0.48828125,-203.61328125,0.0,0,0
1766593615.9919412,1766593615.9232328,948.2421875,12.6953125,156.73828125,-163.57421875,0.0,0,0
1766593615.992095,1766593615.9271276,-930.17578125,103.515625,68.359375,-152.34375,0.0,0,0
1766593615.992151,1766593615.9310222,49.8046875,21.484375,-123.046875,-215.8203125,0.0,0,0
1766593615.9922051,1766593615.934917,-1000.0,-122.55859375,-187.01171875,-305.17578125,0.0,0,0
1766593615.992268,1766593615.9388118,-466.796875,-151.3671875,-42.48046875,-329.1015625,0.0,0,0
1766593615.9923189,1766593615.9427066,845.703125,-15.625,151.85546875,-279.78515625,0.0,0,0
1766593615.9923708,1766593615.9466014,-881.8359375,92.7734375,120.60546875,-229.98046875,0.0,0,0
1766593615.992426,1766593615.9504962,134.765625,10.25390625,-90.33203125,-241.2109375,0.0,0,0
1766593615.992478,1766593615.954391,-1000.0,-132.32421875,-190.91796875,-303.22265625,0.0,0,0
1766593615.992535,1766593615.9582856,-717.7734375,-134.765625,-62.98828125,-323.2421875,0.0,0,0
1766593615.992597,1766593615.9621804,603.515625,4.8828125,115.234375,-300.29296875,0.0,0,0
1766593615.992643,1766593615.9660752,-829.1015625,106.4453125,108.88671875,-261.23046875,0.0,0,0
1766593616.0354471,1766593615.9700894,172.36328125,46.875,-81.0546875,-258.7890625,0.0,0,0
1766593616.0356119,1766593615.9739842,-1000.0,-91.796875,-213.8671875,-316.89453125,0.0,0,0
1766593616.0356638,1766593615.9778788,-892.578125,-105.46875,-89.84375,-327.1484375,0.0,0,0
1766593616.036046,1766593615.9817736,368.65234375,4.8828125,110.3515625,-264.16015625,0.0,0,0
1766593616.036088,1766593615.9856684,-798.828125,92.7734375,111.328125,-230.46875,0.0,0,0
1766593616.036126,1766593615.9895632,244.140625,72.75390625,-49.8046875,-235.83984375,0.0,0,0
1766593616.036163,1766593615.993458,-1000.0,-31.25,-195.3125,-259.27734375,0.0,0,0
1766593616.0362,1766593615.9973528,-1000.0,-191.40625,-136.23046875,-295.41015625,0.0,0,0
1766593616.036235,1766593616.0012476,71.2890625,-150.390625,58.59375,-252.44140625,0.0,0,0
1766593616.036271,1766593616.0051425,-802.734375,56.640625,126.46484375,-170.41015625,0.0,0,0
1766593616.036308,1766593616.0090373,352.05078125,49.8046875,-26.3671875,-152.34375,0.0,0,0
1766593616.036344,1766593616.012932,-936.5234375,-70.3125,-204.58984375,-201.66015625,0.0,0,0
1766593616.080582,1766593616.0169353,-1000.0,-119.140625,-159.1796875,-241.69921875,0.0,0,0
1766593616.080693,1766593616.0208302,-82.03125,-59.08203125,47.8515625,-200.68359375,0.0,0,0
1766593616.0807319,1766593616.024725,-845.21484375,44.921875,130.859375,-129.39453125,0.0,0,0
1766593616.08077,1766593616.0286198,544.921875,66.89453125,-11.71875,-113.76953125,0.0,0,0
1766593616.080807,1766593616.0325146,-773.92578125,-42.48046875,-192.87109375,-156.25,0.0,0,0
1766593616.080843,1766593616.0364094,-1000.0,-137.20703125,-157.71484375,-205.078125,0.0,0,0
1766593616.0808792,1766593616.0403042,-176.7578125,-74.70703125,19.04296875,-191.40625,0.0,0,0
1766593616.0809221,1766593616.044199,-907.71484375,0.9765625,104.00390625,-119.140625,0.0,0,0
1766593616.080972,1766593616.0480938,752.44140625,61.5234375,0.9765625,-84.47265625,0.0,0,0
1766593616.081009,1766593616.0519886,-546.875,2.44140625,-176.26953125,-114.74609375,0.0,0,0
1766593616.081056,1766593616.0558834,-1000.0,-122.0703125,-177.734375,-165.0390625,0.0,0,0
1766593616.081096,1766593616.0597782,-238.28125,-86.42578125,5.859375,-153.3203125,0.0,0,0
1766593616.126697,1766593616.0637689,-977.05078125,27.83203125,133.30078125,-67.87109375,0.0,0,0
1766593616.1268039,1766593616.0676637,920.8984375,83.0078125,29.78515625,-30.76171875,0.0,0,0
1766593616.126862,1766593616.0715585,-292.96875,-20.5078125,-164.55078125,-69.82421875,0.0,0,0
1766593616.1269171,1766593616.0754533,-1000.0,-116.69921875,-189.94140625,-120.60546875,0.0,0,0
1766593616.126969,1766593616.079348,-328.61328125,-125.9765625,-20.99609375,-116.2109375,0.0,0,0
1766593616.127021,1766593616.083243,950.68359375,-2.9296875,147.4609375,-53.7109375,0.0,0,0
1766593616.127073,1766593616.0871377,-968.75,117.67578125,66.40625,-24.4140625,0.0,0,0
1766593616.127124,1766593616.0910325,-85.9375,-3.90625,-163.0859375,-62.98828125,0.0,0,0
1766593616.12716,1766593616.0949275,-1000.0,-144.53125,-210.9375,-122.55859375,0.0,0,0
1766593616.127197,1766593616.0988224,-470.21484375,-106.4453125,-37.109375,-124.51171875,0.0,0,0
1766593616.127234,1766593616.1027172,830.078125,36.1328125,122.0703125,-71.77734375,0.0,0,0
1766593616.12727,1766593616.106612,-884.765625,90.8203125,51.7578125,-19.53125,0.0,0,0
1766593616.184299,1766593616.110591,94.7265625,21.484375,-136.23046875,-30.76171875,0.0,0,0
1766593616.184432,1766593616.114486,-1000.0,-105.95703125,-189.453125,-110.3515625,0.0,0,0
1766593616.184492,1766593616.1183808,-687.01171875,-130.859375,-55.6640625,-144.53125,0.0,0,0
1766593616.184549,1766593616.1222756,630.859375,-9.27734375,126.46484375,-70.80078125,0.0,0,0
1766593616.184601,1766593616.1261704,-834.47265625,86.42578125,102.5390625,-12.6953125,0.0,0,0
1766593616.184654,1766593616.1300652,155.2734375,47.36328125,-89.84375,-30.76171875,0.0,0,0
1766593616.184714,1766593616.13396,-1000.0,-111.328125,-201.66015625,-99.12109375,0.0,0,0
1766593616.184764,1766593616.1378548,-887.6953125,-166.9921875,-98.6328125,-136.23046875,0.0,0,0
1766593616.184854,1766593616.1417496,364.2578125,-17.08984375,106.4453125,-90.8203125,0.0,0,0
1766593616.184905,1766593616.1456447,-801.26953125,100.09765625,118.1640625,-27.34375,0.0,0,0
1766593616.184983,1766593616.1495395,222.16796875,54.6875,-68.84765625,-8.7890625,0.0,0,0
1766593616.185051,1766593616.1534343,-1000.0,-67.87109375,-205.078125,-75.68359375,0.0,0,0
1766593616.275637,1766593616.1576715,-1000.0,-103.515625,-115.234375,-119.140625,0.0,0,0
1766593616.275785,1766593616.1615663,128.41796875,-22.94921875,66.89453125,-65.91796875,0.0,0,0
1766593616.2758431,1766593616.165461,-797.8515625,92.7734375,113.76953125,29.78515625,0.0,0,0
1766593616.275897,1766593616.169356,299.8046875,87.890625,-35.15625,25.87890625,0.0,0,0
1766593616.275947,1766593616.173251,-969.23828125,-68.359375,-177.24609375,-41.9921875,0.0,0,0
1766593616.275999,1766593616.1771457,-1000.0,-185.05859375,-93.75,-78.125,0.0,0,0
1766593616.276048,1766593616.1810408,-64.94140625,-51.26953125,79.58984375,-46.875,0.0,0,0
1766593616.276099,1766593616.1849356,-826.171875,106.93359375,122.0703125,20.99609375,0.0,0,0
1766593616.2761521,1766593616.1888306,445.3125,61.03515625,-15.13671875,34.1796875,0.0,0,0
1766593616.276204,1766593616.1927254,-867.1875,-74.70703125,-172.36328125,-11.71875,0.0,0,0
1766593616.276253,1766593616.1966202,-1000.0,-168.9453125,-122.55859375,-46.38671875,0.0,0,0
1766593616.276361,1766593616.2005153,-146.97265625,-93.26171875,80.078125,-21.484375,0.0,0,0
1766593616.277678,1766593616.2045765,-866.2109375,22.4609375,180.6640625,35.64453125,0.0,0,0
1766593616.277768,1766593616.2084715,625.9765625,18.06640625,50.29296875,72.75390625,0.0,0,0
1766593616.277816,1766593616.2123663,-713.8671875,-80.078125,-139.6484375,13.18359375,0.0,0,0
1766593616.277854,1766593616.2162614,-1000.0,-142.578125,-132.32421875,-61.5234375,0.0,0,0
1766593616.2778912,1766593616.2201562,-187.98828125,-102.05078125,64.453125,-13.18359375,0.0,0,0
1766593616.2779279,1766593616.2240512,-930.6640625,28.80859375,200.1953125,65.4296875,0.0,0,0
1766593616.277965,1766593616.227946,819.3359375,59.5703125,72.265625,82.51953125,0.0,0,0
1766593616.2780008,1766593616.231841,-453.125,-70.80078125,-123.53515625,14.6484375,0.0,0,0
1766593616.278038,1766593616.235736,-1000.0,-165.0390625,-143.06640625,-51.7578125,0.0,0,0
1766593616.278075,1766593616.239631,-266.6015625,-136.71875,38.0859375,-39.0625,0.0,0,0
1766593616.278112,1766593616.2435257,998.046875,-13.671875,197.75390625,20.01953125,0.0,0,0
1766593616.2781482,1766593616.2474208,966.30859375,49.31640625,119.62890625,56.15234375,0.0,0,0
1766593616.320687,1766593616.251454,-215.33203125,-27.83203125,-91.796875,-7.8125,0.0,0,0
1766593616.3207932,1766593616.2553492,-1000.0,-151.85546875,-138.18359375,-72.75390625,0.0,0,0
1766593616.320844,1766593616.259244,-366.69921875,-161.1328125,34.66796875,-62.98828125,0.0,0,0
1766593616.320895,1766593616.263139,942.87109375,-21.97265625,193.84765625,-27.83203125,0.0,0,0
1766593616.320987,1766593616.267034,-996.09375,50.78125,134.765625,-19.53125,0.0,0,0
1766593616.3210628,1766593616.2709289,-109.375,4.8828125,-69.82421875,-76.171875,0.0,0,0
1766593616.3211179,1766593616.274824,-1000.0,-114.74609375,-136.23046875,-125.9765625,0.0,0,0
1766593616.321171,1766593616.2787187,-563.96484375,-117.1875,6.34765625,-135.7421875,0.0,0,0
1766593616.321225,1766593616.2826138,748.046875,-71.2890625,163.0859375,-110.3515625,0.0,0,0
1766593616.321265,1766593616.2865086,-865.234375,-47.36328125,127.9296875,-85.44921875,0.0,0,0
1766593616.3213031,1766593616.2904036,94.7265625,-23.92578125,-50.78125,-100.09765625,0.0,0,0
1766593616.3213398,1766593616.2942986,-1000.0,-131.8359375,-144.53125,-137.6953125,0.0,0,0
1766593616.3654761,1766593616.2983196,-779.78515625,-146.484375,-18.06640625,-154.296875,0.0,0,0
1766593616.365579,1766593616.3022144,513.671875,-3.41796875,161.62109375,-130.37109375,0.0,0,0
1766593616.3656461,1766593616.3061094,-816.40625,104.98046875,164.0625,-64.94140625,0.0,0,0
1766593616.365689,1766593616.3100045,153.3203125,48.33984375,-23.92578125,-54.19921875,0.0,0,0
1766593616.365728,1766593616.3138993,-1000.0,-32.71484375,-162.109375,-107.421875,0.0,0,0
1766593616.3657658,1766593616.3177943,-965.33203125,-67.3828125,-64.453125,-153.3203125,0.0,0,0
1766593616.3658051,1766593616.3216894,235.3515625,-17.578125,126.46484375,-116.69921875,0.0,0,0
1766593616.366176,1766593616.3255842,-791.9921875,101.07421875,153.3203125,-34.1796875,0.0,0,0
1766593616.366217,1766593616.3294792,236.81640625,30.2734375,-15.13671875,-13.18359375,0.0,0,0
1766593616.366254,1766593616.3333743,-1000.0,-55.17578125,-164.0625,-60.05859375,0.0,0,0
1766593616.366291,1766593616.337269,-1000.0,-69.3359375,-87.890625,-98.6328125,0.0,0,0
1766593616.366327,1766593616.341164,84.47265625,18.5546875,96.6796875,-54.19921875,0.0,0,0
1766593616.411838,1766593616.3451755,-806.15234375,182.6171875,133.30078125,21.484375,0.0,0,0
1766593616.411968,1766593616.3490705,365.234375,184.5703125,-10.7421875,57.6171875,0.0,0,0
1766593616.412027,1766593616.3529656,-919.921875,57.6171875,-161.1328125,37.109375,0.0,0,0
1766593616.412079,1766593616.3568606,-1000.0,-33.203125,-134.765625,-36.62109375,0.0,0,0
1766593616.412131,1766593616.3607554,-109.86328125,16.6015625,42.48046875,-4.39453125,0.0,0,0
1766593616.412183,1766593616.3646505,-846.6796875,154.78515625,135.25390625,111.328125,0.0,0,0
1766593616.412235,1766593616.3685455,533.203125,208.49609375,-9.765625,104.4921875,0.0,0,0
1766593616.412286,1766593616.3724406,-790.52734375,80.078125,-206.0546875,23.92578125,0.0,0,0
1766593616.4123368,1766593616.3763354,-1000.0,-43.45703125,-201.66015625,-25.390625,0.0,0,0
1766593616.412388,1766593616.3802304,-165.0390625,81.54296875,-26.3671875,-10.7421875,0.0,0,0
1766593616.412457,1766593616.3841255,-902.34375,230.95703125,66.40625,55.17578125,0.0,0,0
1766593616.4125261,1766593616.3880205,735.83984375,256.8359375,-42.48046875,88.8671875,0.0,0,0
1766593616.455905,1766593616.392022,-560.546875,158.203125,-208.49609375,49.8046875,0.0,0,0
1766593616.4560268,1766593616.395917,-1000.0,21.484375,-213.8671875,4.39453125,0.0,0,0
1766593616.4560661,1766593616.399812,-227.05078125,53.7109375,-45.8984375,11.71875,0.0,0,0
1766593616.4561112,1766593616.403707,-966.796875,198.73046875,71.77734375,64.453125,0.0,0,0
1766593616.4561632,1766593616.407602,901.3671875,248.53515625,-13.18359375,98.6328125,0.0,0,0
1766593616.456202,1766593616.4114969,-320.3125,162.59765625,-194.82421875,53.22265625,0.0,0,0
1766593616.456239,1766593616.415392,-1000.0,30.2734375,-233.88671875,-7.8125,0.0,0,0
1766593616.456276,1766593616.419287,-318.359375,12.20703125,-83.984375,-10.7421875,0.0,0,0
1766593616.4563131,1766593616.423182,960.9375,172.36328125,54.6875,32.71484375,0.0,0,0
1766593616.456349,1766593616.427077,-984.86328125,263.18359375,0.9765625,74.21875,0.0,0,0
1766593616.456396,1766593616.430972,-118.1640625,175.29296875,-167.48046875,57.6171875,0.0,0,0
1766593616.4564328,1766593616.434867,-1000.0,42.48046875,-217.28515625,7.32421875,0.0,0,0
1766593616.5305102,1766593616.4390297,-462.890625,45.8984375,-92.28515625,-21.97265625,0.0,0,0
1766593616.530627,1766593616.442925,839.35546875,184.5703125,49.8046875,22.94921875,0.0,0,0
1766593616.530668,1766593616.44682,-896.97265625,292.96875,33.203125,86.9140625,0.0,0,0
1766593616.530708,1766593616.450715,58.59375,217.7734375,-139.16015625,56.15234375,0.0,0,0
1766593616.5307462,1766593616.45461,-1000.0,66.40625,-242.1875,-16.11328125,0.0,0,0
1766593616.530783,1766593616.4585052,-612.79296875,38.57421875,-107.91015625,-16.11328125,0.0,0,0
1766593616.530821,1766593616.4624002,708.0078125,202.1484375,59.08203125,29.78515625,0.0,0,0
1766593616.530859,1766593616.4662952,-850.5859375,288.57421875,24.4140625,70.80078125,0.0,0,0
1766593616.530896,1766593616.4701903,144.53125,180.6640625,-122.0703125,69.3359375,0.0,0,0
1766593616.530933,1766593616.4740853,-1000.0,65.91796875,-209.47265625,0.48828125,0.0,0,0
1766593616.5309749,1766593616.4779804,-813.96484375,40.52734375,-113.76953125,-25.87890625,0.0,0,0
1766593616.531015,1766593616.4818754,473.6328125,149.90234375,46.875,19.04296875,0.0,0,0
1766593616.559933,1766593616.4858582,-811.03515625,261.71875,50.78125,63.4765625,0.0,0,0
1766593616.560033,1766593616.4897532,215.33203125,219.23828125,-78.61328125,67.3828125,0.0,0,0
1766593616.560087,1766593616.4936483,-1000.0,92.7734375,-193.84765625,9.27734375,0.0,0,0
1766593616.5601401,1766593616.4975433,-985.3515625,33.69140625,-130.859375,-31.25,0.0,0,0
1766593616.560193,1766593616.5014384,197.75390625,145.5078125,24.90234375,-3.90625,0.0,0,0
1766593616.560243,1766593616.5053334,-799.31640625,304.6875,70.3125,45.41015625,0.0,0,0
1766593616.560294,1766593616.5092285,302.24609375,286.1328125,-58.10546875,50.78125,0.0,0,0
1766593616.5603452,1766593616.5131235,-971.19140625,101.5625,-196.77734375,-0.9765625,0.0,0,0
1766593616.560396,1766593616.5170186,-1000.0,4.8828125,-144.53125,-56.15234375,0.0,0,0
1766593616.560458,1766593616.5209136,-16.11328125,119.62890625,11.71875,-34.1796875,0.0,0,0
1766593616.560508,1766593616.5248086,-825.1953125,249.51171875,65.91796875,23.4375,0.0,0,0
1766593616.5605671,1766593616.5287037,458.0078125,250.9765625,-37.59765625,38.0859375,0.0,0,0
1766593616.605726,1766593616.5327566,-850.5859375,125.9765625,-167.48046875,-0.9765625,0.0,0,0
1766593616.605833,1766593616.5366516,-1000.0,-0.9765625,-156.25,-49.8046875,0.0,0,0
1766593616.605887,1766593616.5405467,-145.5078125,73.2421875,-2.9296875,-41.015625,0.0,0,0
1766593616.605938,1766593616.5444417,-882.8125,248.53515625,65.91796875,7.8125,0.0,0,0
1766593616.605988,1766593616.5483367,669.921875,263.671875,-34.1796875,27.34375,0.0,0,0
1766593616.606039,1766593616.5522318,-640.13671875,99.12109375,-154.78515625,-10.7421875,0.0,0,0
1766593616.606092,1766593616.556127,-1000.0,5.859375,-158.203125,-66.40625,0.0,0,0
1766593616.6061492,1766593616.560022,-200.1953125,71.2890625,-31.73828125,-55.17578125,0.0,0,0
1766593616.606199,1766593616.5639172,-938.96484375,224.609375,77.1484375,8.30078125,0.0,0,0
1766593616.60625,1766593616.5678122,837.40234375,292.48046875,4.39453125,29.78515625,0.0,0,0
1766593616.606292,1766593616.5717072,-420.41015625,136.71875,-157.2265625,-14.6484375,0.0,0,0
1766593616.6063292,1766593616.5756025,-1000.0,1.46484375,-167.48046875,-66.40625,0.0,0,0
1766593616.651257,1766593616.579647,-272.4609375,71.77734375,-29.296875,-64.94140625,0.0,0,0
1766593616.6513972,1766593616.583542,986.81640625,205.56640625,76.66015625,-12.6953125,0.0,0,0
1766593616.6514401,1766593616.5874374,990.72265625,241.2109375,18.06640625,31.25,0.0,0,0
1766593616.651479,1766593616.5913324,-156.73828125,131.34765625,-134.27734375,12.20703125,0.0,0,0
1766593616.6515179,1766593616.5952275,-1000.0,7.8125,-163.0859375,-47.36328125,0.0,0,0
1766593616.651565,1766593616.5991228,-377.44140625,44.921875,-27.34375,-66.89453125,0.0,0,0
1766593616.651603,1766593616.6030178,910.15625,198.2421875,74.21875,-29.296875,0.0,0,0
1766593616.6516402,1766593616.6069129,-928.7109375,261.23046875,19.53125,16.6015625,0.0,0,0
1766593616.6516778,1766593616.610808,16.6015625,162.109375,-120.60546875,2.44140625,0.0,0,0
1766593616.651715,1766593616.6147032,-1000.0,-16.6015625,-176.7578125,-58.10546875,0.0,0,0
1766593616.651754,1766593616.6185982,-528.80859375,-18.06640625,-70.80078125,-69.3359375,0.0,0,0
1766593616.6518002,1766593616.6224933,803.22265625,150.390625,88.37890625,-9.27734375,0.0,0,0
1766593616.697036,1766593616.626526,-872.0703125,261.71875,80.56640625,38.57421875,0.0,0,0
1766593616.697196,1766593616.6304214,102.5390625,196.77734375,-87.890625,16.6015625,0.0,0,0
1766593616.6972532,1766593616.6343164,-1000.0,32.71484375,-175.29296875,-52.24609375,0.0,0,0
1766593616.6973062,1766593616.6382115,-788.57421875,-20.99609375,-77.1484375,-73.73046875,0.0,0,0
1766593616.697365,1766593616.6421068,502.44140625,104.4921875,66.40625,-33.69140625,0.0,0,0
1766593616.6974158,1766593616.6460018,-815.4296875,256.34765625,63.4765625,19.04296875,0.0,0,0
1766593616.6974678,1766593616.6498969,168.45703125,196.2890625,-74.70703125,21.484375,0.0,0,0
1766593616.697524,1766593616.6537921,-1000.0,-14.6484375,-173.33984375,-43.9453125,0.0,0,0
1766593616.6975832,1766593616.6576872,-941.40625,-92.7734375,-97.16796875,-80.078125,0.0,0,0
1766593616.697641,1766593616.6615825,274.90234375,39.55078125,68.359375,-33.203125,0.0,0,0
1766593616.697691,1766593616.6654775,-795.8984375,192.3828125,101.07421875,28.3203125,0.0,0,0
1766593616.697761,1766593616.6693726,252.9296875,169.921875,-48.828125,15.625,0.0,0,0
1766593616.740843,1766593616.6733932,-1000.0,25.87890625,-168.45703125,-43.45703125,0.0,0,0
1766593616.7409542,1766593616.6772883,-1000.0,-70.80078125,-101.5625,-76.171875,0.0,0,0
1766593616.741007,1766593616.6811836,41.015625,18.5546875,49.8046875,-51.7578125,0.0,0,0
1766593616.741045,1766593616.6850786,-810.05859375,193.359375,95.21484375,8.30078125,0.0,0,0
1766593616.7410822,1766593616.688974,375.9765625,166.015625,-22.94921875,20.99609375,0.0,0,0
1766593616.741123,1766593616.692869,-917.96875,20.99609375,-154.78515625,-40.0390625,0.0,0,0
1766593616.7411609,1766593616.6967642,-1000.0,-55.6640625,-131.34765625,-84.9609375,0.0,0,0
1766593616.741198,1766593616.7006593,-107.421875,11.71875,16.11328125,-59.08203125,0.0,0,0
1766593616.741235,1766593616.7045546,-855.46875,148.92578125,77.1484375,3.90625,0.0,0,0
1766593616.741272,1766593616.7084496,578.61328125,153.80859375,-11.71875,25.390625,0.0,0,0
1766593616.741309,1766593616.7123446,-744.140625,26.3671875,-141.11328125,-21.484375,0.0,0,0
1766593616.741354,1766593616.71624,-1000.0,-100.09765625,-134.765625,-62.98828125,0.0,0,0
1766593616.78579,1766593616.7202497,-172.8515625,-32.2265625,19.04296875,-50.78125,0.0,0,0
1766593616.785961,1766593616.724145,-912.59765625,146.484375,108.3984375,0.9765625,0.0,0,0
1766593616.786004,1766593616.72804,771.484375,183.59375,12.20703125,27.83203125,0.0,0,0
1766593616.786043,1766593616.7319353,-519.53125,41.015625,-141.6015625,-18.06640625,0.0,0,0
1766593616.78608,1766593616.7358303,-1000.0,-101.5625,-154.78515625,-76.171875,0.0,0,0
1766593616.786119,1766593616.7397256,-231.4453125,-42.48046875,-1.46484375,-63.96484375,0.0,0,0
1766593616.786158,1766593616.7436206,-976.5625,145.99609375,115.234375,-10.25390625,0.0,0,0
1766593616.786195,1766593616.747516,928.22265625,211.9140625,34.1796875,23.92578125,0.0,0,0
1766593616.78624,1766593616.751411,-276.85546875,56.640625,-125.0,-2.44140625,0.0,0,0
1766593616.786284,1766593616.7553062,-1000.0,-98.6328125,-149.90234375,-48.828125,0.0,0,0
1766593616.78632,1766593616.7592013,-335.9375,-77.63671875,-13.671875,-53.7109375,0.0,0,0
1766593616.7863638,1766593616.7630966,942.87109375,28.80859375,111.81640625,-1.953125,0.0,0,0
1766593616.8319721,1766593616.7671015,-957.51953125,127.9296875,49.31640625,40.0390625,0.0,0,0
1766593616.832119,1766593616.7709968,-60.05859375,58.10546875,-116.69921875,-0.48828125,0.0,0,0
1766593616.832163,1766593616.7748919,-1000.0,-89.35546875,-162.109375,-53.22265625,0.0,0,0
1766593616.832203,1766593616.7787871,-510.7421875,-82.03125,-43.9453125,-49.31640625,0.0,0,0
1766593616.8322408,1766593616.7826822,802.734375,44.43359375,80.56640625,1.953125,0.0,0,0
1766593616.832279,1766593616.7865775,-878.41796875,172.36328125,64.94140625,40.0390625,0.0,0,0
1766593616.832316,1766593616.7904727,84.47265625,90.33203125,-91.30859375,14.16015625,0.0,0,0
1766593616.832354,1766593616.7943678,-1000.0,-173.828125,-179.6875,-36.1328125,0.0,0,0
1766593616.832393,1766593616.798263,-682.6171875,-142.08984375,-61.5234375,-52.24609375,0.0,0,0
1766593616.832433,1766593616.802158,636.23046875,68.84765625,86.42578125,-15.13671875,0.0,0,0
1766593616.83247,1766593616.8060534,-836.42578125,153.80859375,72.265625,28.80859375,0.0,0,0
1766593616.8325062,1766593616.8099487,137.20703125,80.56640625,-72.265625,20.01953125,0.0,0,0
1766593616.88941,1766593616.8139365,-1000.0,-85.44921875,-167.48046875,-34.66796875,0.0,0,0
1766593616.889555,1766593616.8178318,-887.20703125,-111.81640625,-85.44921875,-66.40625,0.0,0,0
1766593616.889611,1766593616.821727,366.2109375,26.85546875,68.84765625,-24.90234375,0.0,0,0
1766593616.889662,1766593616.825622,-798.828125,146.484375,76.66015625,26.3671875,0.0,0,0
1766593616.8897128,1766593616.8295174,200.68359375,90.8203125,-59.08203125,14.6484375,0.0,0,0
1766593616.889766,1766593616.8334126,-1000.0,-30.76171875,-155.76171875,-39.55078125,0.0,0,0
1766593616.889817,1766593616.8373077,-1000.0,-118.1640625,-88.8671875,-70.80078125,0.0,0,0
1766593616.8898702,1766593616.841203,125.0,-63.4765625,48.33984375,-42.48046875,0.0,0,0
1766593616.88992,1766593616.8450983,-795.8984375,105.95703125,77.1484375,14.16015625,0.0,0,0
1766593616.889983,1766593616.8489933,304.19921875,109.86328125,-32.71484375,16.6015625,0.0,0,0
1766593616.8900359,1766593616.8528886,-964.84375,-28.80859375,-156.25,-36.62109375,0.0,0,0
1766593616.890094,1766593616.8567839,-1000.0,-112.79296875,-112.3046875,-74.21875,0.0,0,0
1766593616.9343832,1766593616.8607612,-76.171875,-38.0859375,34.1796875,-49.31640625,0.0,0,0
1766593616.934531,1766593616.8646562,-829.58984375,93.26171875,92.7734375,11.71875,0.0,0,0
1766593616.934589,1766593616.8685515,463.8671875,116.69921875,-10.7421875,21.97265625,0.0,0,0
1766593616.934643,1766593616.8724468,-852.5390625,-12.20703125,-150.390625,-22.4609375,0.0,0,0
1766593616.934696,1766593616.876342,-1000.0,-134.765625,-125.48828125,-69.82421875,0.0,0,0
1766593616.934755,1766593616.880237,-159.1796875,-39.0625,27.83203125,-64.453125,0.0,0,0
1766593616.934815,1766593616.8841324,-886.23046875,88.37890625,93.75,-8.30078125,0.0,0,0
1766593616.9348638,1766593616.8880277,684.5703125,77.1484375,-10.7421875,8.7890625,0.0,0,0
1766593616.934914,1766593616.8919227,-631.8359375,-26.85546875,-139.6484375,-32.2265625,0.0,0,0
1766593616.934966,1766593616.895818,-1000.0,-152.34375,-135.25390625,-81.54296875,0.0,0,0
1766593616.935033,1766593616.8997133,-216.30859375,-95.703125,7.8125,-81.0546875,0.0,0,0
1766593616.9350872,1766593616.9036086,-950.1953125,87.890625,103.02734375,-25.390625,0.0,0,0
1766593616.980543,1766593616.9075737,862.79296875,129.8828125,15.625,9.27734375,0.0,0,0
1766593616.980671,1766593616.911469,-391.6015625,-3.41796875,-130.37109375,-26.3671875,0.0,0,0
1766593616.980726,1766593616.9153643,-1000.0,-122.55859375,-136.71875,-82.03125,0.0,0,0
1766593616.980823,1766593616.9192595,-296.875,-76.171875,-10.25390625,-81.54296875,0.0,0,0
1766593616.980901,1766593616.9231548,972.16796875,71.2890625,86.9140625,-39.0625,0.0,0,0
1766593616.9809558,1766593616.9270499,-996.58203125,101.07421875,43.45703125,-7.32421875,0.0,0,0
1766593616.981009,1766593616.9309452,-142.08984375,-15.13671875,-102.5390625,-32.71484375,0.0,0,0
1766593616.9810612,1766593616.9348404,-1000.0,-118.1640625,-163.0859375,-95.703125,0.0,0,0
1766593616.981168,1766593616.9387357,-428.7109375,-147.4609375,-49.31640625,-100.5859375,0.0,0,0
1766593616.981229,1766593616.9426308,871.58203125,-1.953125,87.40234375,-45.8984375,0.0,0,0
1766593616.981335,1766593616.946526,-905.2734375,88.37890625,54.6875,-12.6953125,0.0,0,0
1766593616.9813938,1766593616.9504213,43.45703125,-18.5546875,-100.09765625,-33.69140625,0.0,0,0
1766593617.025453,1766593616.954462,-1000.0,-113.28125,-157.2265625,-88.37890625,0.0,0,0
1766593617.025528,1766593616.9583573,-651.85546875,-93.75,-45.41015625,-104.98046875,0.0,0,0
1766593617.025569,1766593616.9622526,670.41015625,30.2734375,74.21875,-62.5,0.0,0,0
1766593617.025611,1766593616.966148,-843.75,116.2109375,49.8046875,-23.4375,0.0,0,0
1766593617.025651,1766593616.9700432,114.2578125,56.640625,-80.078125,-29.78515625,0.0,0,0
1766593617.025692,1766593616.9739385,-1000.0,-83.984375,-150.87890625,-76.66015625,0.0,0,0
1766593617.025762,1766593616.9778337,-885.7421875,-123.046875,-64.94140625,-96.6796875,0.0,0,0
1766593617.0258088,1766593616.9817288,364.2578125,-17.578125,62.98828125,-59.5703125,0.0,0,0
1766593617.025847,1766593616.985624,-799.31640625,82.51953125,67.3828125,-11.23046875,0.0,0,0
1766593617.025883,1766593616.9895194,173.828125,23.4375,-58.59375,-19.53125,0.0,0,0
1766593617.025929,1766593616.9934146,-1000.0,-112.3046875,-156.73828125,-76.66015625,0.0,0,0
1766593617.025964,1766593616.99731,-1000.0,-161.1328125,-82.03125,-106.93359375,0.0,0,0
1766593617.071157,1766593617.0013394,138.18359375,-44.921875,62.5,-74.70703125,0.0,0,0
1766593617.0712981,1766593617.0052347,-794.43359375,113.28125,85.44921875,-20.99609375,0.0,0,0
1766593617.07136,1766593617.00913,276.85546875,83.49609375,-45.41015625,-14.6484375,0.0,0,0
1766593617.071413,1766593617.0130253,-983.88671875,-87.40234375,-158.203125,-62.5,0.0,0,0
1766593617.0714629,1766593617.0169206,-1000.0,-170.8984375,-93.75,-96.19140625,0.0,0,0
1766593617.071852,1766593617.0208158,-40.0390625,-61.03515625,58.59375,-65.91796875,0.0,0,0
1766593617.0719092,1766593617.0247111,-823.73046875,92.28515625,94.7265625,-11.23046875,0.0,0,0
1766593617.0719612,1766593617.0286064,441.40625,67.3828125,-23.4375,-12.20703125,0.0,0,0
1766593617.0720158,1766593617.0325017,-864.74609375,-106.93359375,-145.01953125,-60.05859375,0.0,0,0
1766593617.072075,1766593617.036397,-1000.0,-190.91796875,-119.62890625,-101.5625,0.0,0,0
1766593617.07213,1766593617.0402923,-155.2734375,-68.359375,18.5546875,-86.9140625,0.0,0,0
1766593617.072184,1766593617.0441875,-879.39453125,80.56640625,74.21875,-31.25,0.0,0,0
1766593617.1317198,1766593617.048291,654.78515625,79.1015625,-23.4375,-16.6015625,0.0,0,0
1766593617.1318452,1766593617.0521863,-663.0859375,-32.71484375,-133.30078125,-39.0625,0.0,0,0
1766593617.131905,1766593617.0560815,-1000.0,-142.578125,-126.953125,-81.0546875,0.0,0,0
1766593617.1319602,1766593617.059977,-204.58984375,-106.4453125,8.30078125,-80.56640625,0.0,0,0
1766593617.132013,1766593617.0638723,-939.94140625,43.45703125,98.14453125,-29.296875,0.0,0,0
1766593617.132066,1766593617.0677676,840.8203125,115.72265625,16.6015625,-12.6953125,0.0,0,0
1766593617.132118,1766593617.071663,-422.36328125,-2.44140625,-125.9765625,-70.80078125,0.0,0,0
1766593617.132168,1766593617.0755582,-1000.0,-175.78125,-142.578125,-136.71875,0.0,0,0
1766593617.1322172,1766593617.0794535,-287.59765625,-186.5234375,-10.25390625,-134.27734375,0.0,0,0
1766593617.132281,1766593617.0833488,983.88671875,-38.57421875,101.07421875,-74.21875,0.0,0,0
1766593617.13236,1766593617.087244,981.93359375,37.59765625,38.0859375,-44.921875,0.0,0,0
1766593617.1324108,1766593617.0911393,-181.15234375,-40.52734375,-102.5390625,-95.21484375,0.0,0,0
1766593617.162025,1766593617.0951562,-1000.0,-148.4375,-148.4375,-163.57421875,0.0,0,0
1766593617.162158,1766593617.0990515,-429.19921875,-125.0,-54.19921875,-184.5703125,0.0,0,0
1766593617.162215,1766593617.1029468,873.046875,25.87890625,83.984375,-110.3515625,0.0,0,0
1766593617.162268,1766593617.106842,-916.015625,128.41796875,64.94140625,-43.9453125,0.0,0,0
1766593617.162318,1766593617.1107373,9.27734375,24.90234375,-103.02734375,-76.171875,0.0,0,0
1766593617.162369,1766593617.1146326,-1000.0,-120.1171875,-160.15625,-135.25390625,0.0,0,0
1766593617.162421,1766593617.1185281,-590.33203125,-99.12109375,-53.22265625,-141.11328125,0.0,0,0
1766593617.162472,1766593617.1224234,727.5390625,24.4140625,62.98828125,-80.078125,0.0,0,0
1766593617.162519,1766593617.1263187,-858.3984375,73.2421875,34.1796875,-20.5078125,0.0,0,0
1766593617.162555,1766593617.130214,106.4453125,-25.390625,-102.05078125,-36.1328125,0.0,0,0
1766593617.162591,1766593617.1341093,-1000.0,-118.1640625,-160.64453125,-92.28515625,0.0,0,0
1766593617.162636,1766593617.1380048,-812.5,-158.203125,-79.58984375,-118.65234375,0.0,0,0
1766593617.205591,1766593617.1420028,472.16796875,-63.4765625,49.31640625,-70.80078125,0.0,0,0
1766593617.2057018,1766593617.145898,-811.5234375,103.515625,59.08203125,-11.23046875,0.0,0,0
1766593617.205794,1766593617.1497936,165.0390625,47.36328125,-69.82421875,-32.71484375,0.0,0,0
1766593617.205856,1766593617.153689,-1000.0,-114.2578125,-158.203125,-77.1484375,0.0,0,0
1766593617.205974,1766593617.1575842,-956.0546875,-153.80859375,-88.8671875,-96.6796875,0.0,0,0
1766593617.2060401,1766593617.1614795,247.55859375,-4.8828125,64.94140625,-50.29296875,0.0,0,0
1766593617.206084,1766593617.165375,-793.9453125,117.67578125,69.82421875,4.39453125,0.0,0,0
1766593617.206123,1766593617.1692703,241.69921875,-11.23046875,-76.66015625,-12.6953125,0.0,0,0
1766593617.206162,1766593617.1731656,-1000.0,-134.765625,-173.828125,-59.5703125,0.0,0,0
1766593617.206198,1766593617.1770608,-1000.0,-155.76171875,-99.12109375,-77.1484375,0.0,0,0
1766593617.206273,1766593617.1809564,19.53125,-87.890625,50.78125,-42.96875,0.0,0,0
1766593617.206311,1766593617.1848516,-811.5234375,46.875,85.9375,15.625,0.0,0,0
1766593617.2518332,1766593617.1888394,389.6484375,65.91796875,-36.1328125,13.671875,0.0,0,0
1766593617.251963,1766593617.1927347,-906.73828125,-40.0390625,-166.9921875,-60.546875,0.0,0,0
1766593617.252032,1766593617.1966302,-1000.0,-133.30078125,-139.16015625,-107.91015625,0.0,0,0
1766593617.252085,1766593617.2005255,-127.44140625,-47.8515625,11.71875,-74.21875,0.0,0,0
1766593617.252136,1766593617.2044208,-864.2578125,98.6328125,69.82421875,-13.18359375,0.0,0,0
1766593617.2521868,1766593617.2083163,602.5390625,98.14453125,-31.73828125,-11.71875,0.0,0,0
1766593617.252238,1766593617.2122116,-716.796875,-23.92578125,-133.7890625,-42.96875,0.0,0,0
1766593617.252288,1766593617.216107,-1000.0,-123.046875,-133.7890625,-72.265625,0.0,0,0
1766593617.252349,1766593617.2200024,-187.5,-81.54296875,-18.06640625,-59.08203125,0.0,0,0
1766593617.2523992,1766593617.2238977,-921.875,29.296875,78.125,3.41796875,0.0,0,0
1766593617.252469,1766593617.227793,791.9921875,76.66015625,4.39453125,33.69140625,0.0,0,0
1766593617.252519,1766593617.2316883,-491.69921875,-53.7109375,-138.671875,-16.6015625,0.0,0,0
1766593617.3399,1766593617.2356644,-1000.0,-167.48046875,-151.85546875,-72.75390625,0.0,0,0
1766593617.3400471,1766593617.23956,-249.0234375,-77.63671875,-29.78515625,-69.82421875,0.0,0,0
1766593617.340108,1766593617.2434552,-985.3515625,68.84765625,66.40625,-23.4375,0.0,0,0
1766593617.340161,1766593617.2473505,935.546875,98.14453125,-14.16015625,2.44140625,0.0,0,0
1766593617.340215,1766593617.251246,-263.18359375,-18.5546875,-145.5078125,-18.5546875,0.0,0,0
1766593617.3402681,1766593617.2551413,-1000.0,-121.58203125,-138.671875,-68.359375,0.0,0,0
1766593617.34032,1766593617.2590365,-350.09765625,-132.32421875,-37.109375,-82.03125,0.0,0,0
1766593617.340372,1766593617.262932,930.17578125,-21.97265625,51.7578125,-33.203125,0.0,0,0
1766593617.3404229,1766593617.2668273,-946.77734375,103.515625,12.20703125,1.953125,0.0,0,0
1766593617.3404758,1766593617.2707229,-32.2265625,31.25,-124.0234375,-22.94921875,0.0,0,0
1766593617.3405912,1766593617.2746181,-1000.0,-133.7890625,-175.29296875,-91.30859375,0.0,0,0
1766593617.340652,1766593617.2785134,-493.1640625,-118.1640625,-62.98828125,-93.75,0.0,0,0
1766593617.354819,1766593617.2824922,816.40625,38.57421875,78.61328125,-12.6953125,0.0,0,0
1766593617.3550951,1766593617.2863877,-880.859375,104.00390625,41.50390625,15.13671875,0.0,0,0
1766593617.3568058,1766593617.290283,95.21484375,8.30078125,-107.421875,-16.6015625,0.0,0,0
1766593617.356909,1766593617.2941782,-1000.0,-138.671875,-166.50390625,-74.21875,0.0,0,0
1766593617.35703,1766593617.2980738,-712.890625,-136.71875,-74.21875,-97.16796875,0.0,0,0
1766593617.357176,1766593617.301969,599.609375,21.97265625,54.19921875,-52.24609375,0.0,0,0
1766593617.357256,1766593617.3058646,-829.58984375,133.7890625,36.62109375,-13.671875,0.0,0,0
1766593617.357496,1766593617.3097599,150.390625,32.2265625,-104.00390625,-26.3671875,0.0,0,0
1766593617.35758,1766593617.3136554,-1000.0,-137.6953125,-183.59375,-78.125,0.0,0,0
1766593617.35768,1766593617.3175507,-902.83203125,-150.390625,-98.6328125,-101.07421875,0.0,0,0
1766593617.3577302,1766593617.321446,336.9140625,-24.90234375,34.1796875,-55.17578125,0.0,0,0
1766593617.357811,1766593617.3253415,-799.31640625,91.30859375,58.59375,-4.39453125,0.0,0,0
1766593617.4146628,1766593617.329383,218.26171875,44.43359375,-68.359375,-10.7421875,0.0,0,0
1766593617.414832,1766593617.3332784,-1000.0,-113.76953125,-170.8984375,-63.4765625,0.0,0,0
1766593617.41489,1766593617.3371737,-1000.0,-152.83203125,-96.6796875,-93.75,0.0,0,0
1766593617.414948,1766593617.3410692,114.2578125,-48.33984375,36.62109375,-60.546875,0.0,0,0
1766593617.415,1766593617.3449645,-804.19921875,85.9375,67.3828125,-9.765625,0.0,0,0
1766593617.415051,1766593617.34886,344.7265625,123.53515625,-42.48046875,-10.25390625,0.0,0,0
1766593617.415103,1766593617.3527555,-939.453125,-41.9921875,-171.38671875,-61.5234375,0.0,0,0
1766593617.4151611,1766593617.3566508,-1000.0,-187.01171875,-130.37109375,-104.98046875,0.0,0,0
1766593617.415212,1766593617.3605464,-73.2421875,-105.46875,24.4140625,-75.1953125,0.0,0,0
1766593617.4156501,1766593617.3644416,-840.8203125,52.734375,75.68359375,-8.7890625,0.0,0,0
1766593617.415691,1766593617.3683372,512.20703125,53.22265625,-37.109375,6.34765625,0.0,0,0
1766593617.4157288,1766593617.3722324,-803.7109375,-65.4296875,-159.1796875,-51.26953125,0.0,0,0
1766593617.445568,1766593617.376261,-1000.0,-116.69921875,-130.859375,-101.07421875,0.0,0,0
1766593617.445653,1766593617.3801565,-156.73828125,-47.8515625,7.32421875,-88.37890625,0.0,0,0
1766593617.445695,1766593617.3840518,-898.92578125,74.70703125,79.1015625,-23.4375,0.0,0,0
1766593617.4457338,1766593617.3879473,729.00390625,96.19140625,-10.25390625,19.04296875,0.0,0,0
1766593617.445772,1766593617.3918428,-569.3359375,-34.66796875,-134.27734375,-7.32421875,0.0,0,0
1766593617.445811,1766593617.3957381,-1000.0,-121.58203125,-113.76953125,-35.64453125,0.0,0,0
1766593617.445848,1766593617.3996336,-207.51953125,-41.015625,0.48828125,-25.87890625,0.0,0,0
1766593617.445886,1766593617.403529,-953.125,66.89453125,57.6171875,1.953125,0.0,0,0
1766593617.445923,1766593617.4074244,875.9765625,91.30859375,-5.859375,20.01953125,0.0,0,0
1766593617.4459589,1766593617.41132,-358.88671875,-19.04296875,-124.51171875,-14.6484375,0.0,0,0
1766593617.446002,1766593617.4152153,-1000.0,-145.99609375,-132.8125,-54.6875,0.0,0,0
1766593617.446053,1766593617.4191108,-306.15234375,-116.2109375,-14.16015625,-45.8984375,0.0,0,0
1766593617.4910789,1766593617.4231298,963.8671875,8.30078125,73.73046875,-3.90625,0.0,0,0
1766593617.4912481,1766593617.4270253,-985.83984375,75.1953125,21.97265625,23.92578125,0.0,0,0
1766593617.491307,1766593617.4309206,-108.3984375,-19.53125,-111.81640625,-6.8359375,0.0,0,0
1766593617.491362,1766593617.4348161,-1000.0,-151.3671875,-148.92578125,-60.05859375,0.0,0,0
1766593617.491415,1766593617.4387116,-430.6640625,-128.90625,-38.0859375,-62.01171875,0.0,0,0
1766593617.491467,1766593617.442607,869.62890625,15.13671875,74.70703125,-14.6484375,0.0,0,0
1766593617.491526,1766593617.4465024,-906.25,102.05078125,37.59765625,15.625,0.0,0,0
1766593617.491576,1766593617.450398,47.36328125,24.90234375,-108.88671875,-11.23046875,0.0,0,0
1766593617.491627,1766593617.4542933,-1000.0,-129.39453125,-168.45703125,-63.96484375,0.0,0,0
1766593617.491688,1766593617.4581888,-628.90625,-146.484375,-60.05859375,-68.84765625,0.0,0,0
1766593617.49176,1766593617.4620843,687.98828125,-10.25390625,57.12890625,-26.3671875,0.0,0,0
1766593617.491811,1766593617.4659798,-848.6328125,81.0546875,37.109375,3.90625,0.0,0,0
1766593617.5369039,1766593617.4699876,125.48828125,4.39453125,-82.03125,-10.7421875,0.0,0,0
1766593617.537042,1766593617.4738832,-1000.0,-135.7421875,-145.99609375,-59.5703125,0.0,0,0
1766593617.537183,1766593617.4777784,-825.1953125,-136.23046875,-57.6171875,-71.77734375,0.0,0,0
1766593617.537291,1766593617.481674,450.1953125,-6.8359375,67.3828125,-22.94921875,0.0,0,0
1766593617.537361,1766593617.4855695,-809.5703125,98.6328125,60.05859375,12.6953125,0.0,0,0
1766593617.5374138,1766593617.489465,193.359375,57.12890625,-66.40625,-5.37109375,0.0,0,0
1766593617.537466,1766593617.4933603,-1000.0,-92.28515625,-146.484375,-49.8046875,0.0,0,0
1766593617.537517,1766593617.4972558,-977.05078125,-145.99609375,-87.40234375,-74.70703125,0.0,0,0
1766593617.537568,1766593617.5011513,204.58984375,-43.9453125,36.62109375,-46.875,0.0,0,0
1766593617.537618,1766593617.5050468,-797.8515625,52.24609375,66.40625,4.39453125,0.0,0,0
1766593617.537668,1766593617.5089421,285.64453125,26.85546875,-50.29296875,5.859375,0.0,0,0
1766593617.537718,1766593617.5128376,-979.98046875,-94.23828125,-148.4375,-50.78125,0.0,0,0
1766593617.59449,1766593617.5168364,-1000.0,-161.1328125,-100.5859375,-82.03125,0.0,0,0
1766593617.594642,1766593617.520732,-15.13671875,-88.8671875,33.203125,-46.875,0.0,0,0
1766593617.594701,1766593617.5246274,-822.75390625,41.50390625,80.078125,6.34765625,0.0,0,0
1766593617.594767,1766593617.5285227,431.15234375,59.08203125,-24.90234375,11.71875,0.0,0,0
1766593617.594819,1766593617.5324183,-875.0,-85.44921875,-146.484375,-41.50390625,0.0,0,0
1766593617.594877,1766593617.5363138,-1000.0,-148.4375,-101.07421875,-81.0546875,0.0,0,0
1766593617.594933,1766593617.5402093,-117.1875,-43.45703125,31.73828125,-51.7578125,0.0,0,0
1766593617.594985,1766593617.5441048,-871.09375,-36.1328125,57.6171875,-12.20703125,0.0,0,0
1766593617.5950348,1766593617.5480003,631.34765625,-20.01953125,-21.97265625,6.34765625,0.0,0,0
1766593617.595086,1766593617.5518956,-679.19921875,-63.4765625,-124.51171875,-12.6953125,0.0,0,0
1766593617.5951371,1766593617.5557911,-1000.0,-168.9453125,-96.19140625,-40.0390625,0.0,0,0
1766593617.595186,1766593617.5596867,-189.94140625,-71.77734375,44.921875,-17.578125,0.0,0,0
1766593617.626045,1766593617.5636733,-927.24609375,61.5234375,96.19140625,4.39453125,0.0,0,0
1766593617.626128,1766593617.5675688,803.7109375,59.5703125,-2.44140625,-6.8359375,0.0,0,0
1766593617.626157,1766593617.5714643,-464.84375,-51.7578125,-118.65234375,-41.9921875,0.0,0,0
1766593617.6261818,1766593617.5753596,-1000.0,-155.76171875,-114.2578125,-89.35546875,0.0,0,0
1766593617.626206,1766593617.579255,-275.390625,-123.53515625,-8.7890625,-90.8203125,0.0,0,0
1766593617.62623,1766593617.5831506,-999.0234375,29.296875,78.61328125,-47.36328125,0.0,0,0
1766593617.626255,1766593617.5870461,949.21875,101.5625,6.34765625,-27.83203125,0.0,0,0
1766593617.6262789,1766593617.5909417,-245.1171875,-18.5546875,-136.71875,-57.12890625,0.0,0,0
1766593617.626303,1766593617.5948372,-1000.0,-150.87890625,-148.92578125,-107.421875,0.0,0,0
1766593617.626327,1766593617.5987327,-369.62890625,-140.13671875,-30.76171875,-104.4921875,0.0,0,0
1766593617.626351,1766593617.6026282,912.59765625,-12.6953125,79.58984375,-31.73828125,0.0,0,0
1766593617.626376,1766593617.6065238,-937.01171875,59.08203125,36.1328125,-4.8828125,0.0,0,0
1766593617.701122,1766593617.6106627,-13.18359375,-20.01953125,-102.05078125,-39.55078125,0.0,0,0
1766593617.701188,1766593617.6145582,-1000.0,-131.34765625,-143.5546875,-83.0078125,0.0,0,0
1766593617.701215,1766593617.6184537,-553.22265625,-91.796875,-39.55078125,-98.14453125,0.0,0,0
1766593617.701241,1766593617.6223493,759.765625,27.34375,66.40625,-47.8515625,0.0,0,0
1766593617.7012658,1766593617.6262448,-870.1171875,58.10546875,39.0625,-2.9296875,0.0,0,0
1766593617.70129,1766593617.6301403,91.30859375,21.484375,-80.078125,-17.08984375,0.0,0,0
1766593617.701314,1766593617.6340358,-1000.0,-101.5625,-148.4375,-67.3828125,0.0,0,0
1766593617.701337,1766593617.6379313,-742.67578125,-179.6875,-58.10546875,-80.56640625,0.0,0,0
1766593617.701361,1766593617.6418269,556.15234375,-61.5234375,67.3828125,-34.66796875,0.0,0,0
1766593617.701385,1766593617.6457224,-824.21875,54.19921875,57.12890625,8.30078125,0.0,0,0
1766593617.701409,1766593617.649618,156.25,7.32421875,-60.546875,-5.37109375,0.0,0,0
1766593617.701432,1766593617.6535137,-1000.0,-114.74609375,-143.06640625,-58.10546875,0.0,0,0
1766593617.7304718,1766593617.6574829,-926.7578125,-152.34375,-71.2890625,-85.9375,0.0,0,0
1766593617.7305899,1766593617.6613784,291.50390625,-70.3125,60.05859375,-37.59765625,0.0,0,0
1766593617.7306361,1766593617.665274,-798.33984375,68.359375,76.171875,15.625,0.0,0,0
1766593617.730676,1766593617.6691694,232.421875,54.19921875,-43.45703125,-3.41796875,0.0,0,0
1766593617.7307148,1766593617.673065,-1000.0,-100.09765625,-138.671875,-53.7109375,0.0,0,0
1766593617.730753,1766593617.6769605,-1000.0,-153.80859375,-73.73046875,-76.171875,0.0,0,0
1766593617.73079,1766593617.680856,60.546875,-39.0625,60.546875,-43.45703125,0.0,0,0
1766593617.730827,1766593617.6847515,-809.08203125,87.40234375,75.1953125,13.671875,0.0,0,0
1766593617.730864,1766593617.688647,360.3515625,40.0390625,-50.29296875,12.6953125,0.0,0,0
1766593617.730901,1766593617.6925428,-930.17578125,-94.23828125,-148.92578125,-40.0390625,0.0,0,0
1766593617.7309382,1766593617.6964383,-1000.0,-149.90234375,-98.14453125,-71.77734375,0.0,0,0
1766593617.730974,1766593617.7003338,-84.9609375,-77.1484375,32.71484375,-49.31640625,0.0,0,0
1766593617.7891998,1766593617.7043712,-851.07421875,30.2734375,71.77734375,-8.7890625,0.0,0,0
1766593617.79009,1766593617.7082667,555.17578125,27.34375,-21.484375,-8.30078125,0.0,0,0
1766593617.7901561,1766593617.7121623,-759.27734375,-83.0078125,-127.44140625,-40.52734375,0.0,0,0
1766593617.7902122,1766593617.7160578,-1000.0,-158.203125,-99.12109375,-69.82421875,0.0,0,0
1766593617.7902641,1766593617.7199533,-159.1796875,-68.84765625,31.73828125,-51.7578125,0.0,0,0
1766593617.790318,1766593617.723849,-910.64453125,62.98828125,93.75,-6.34765625,0.0,0,0
1766593617.790369,1766593617.7277446,770.5078125,70.80078125,1.953125,-2.44140625,0.0,0,0
1766593617.79042,1766593617.73164,-513.671875,-62.01171875,-121.09375,-46.38671875,0.0,0,0
1766593617.7904708,1766593617.7355356,-1000.0,-154.78515625,-101.5625,-81.54296875,0.0,0,0
1766593617.7905211,1766593617.7394311,-216.30859375,-84.47265625,15.13671875,-64.453125,0.0,0,0
1766593617.7905731,1766593617.743327,-971.19140625,29.296875,71.2890625,-21.484375,0.0,0,0
1766593617.790623,1766593617.7472224,920.41015625,69.82421875,-3.41796875,-2.44140625,0.0,0,0
1766593617.821101,1766593617.7512467,-275.390625,-38.57421875,-126.953125,-40.0390625,0.0,0,0
1766593617.8211808,1766593617.7551425,-1000.0,-166.015625,-131.34765625,-82.51953125,0.0,0,0
1766593617.821208,1766593617.759038,-291.50390625,-118.1640625,0.0,-72.75390625,0.0,0,0
1766593617.8212328,1766593617.7629335,961.42578125,25.390625,89.84375,-30.2734375,0.0,0,0
1766593617.8212569,1766593617.766829,-960.9375,83.984375,35.15625,4.8828125,0.0,0,0
1766593617.8213198,1766593617.7707248,-28.3203125,21.97265625,-81.54296875,-10.25390625,0.0,0,0
1766593617.8213608,1766593617.7746203,-1000.0,-80.56640625,-112.79296875,-64.453125,0.0,0,0
1766593617.821389,1766593617.7785158,-437.01171875,-93.26171875,-25.87890625,-76.66015625,0.0,0,0
1766593617.821414,1766593617.7824116,865.72265625,-4.39453125,62.98828125,-28.3203125,0.0,0,0
1766593617.8214378,1766593617.786307,-898.4375,51.7578125,39.55078125,9.765625,0.0,0,0
1766593617.821462,1766593617.7902026,81.54296875,-23.92578125,-82.51953125,-11.23046875,0.0,0,0
1766593617.821486,1766593617.7940981,-1000.0,-125.0,-134.765625,-66.40625,0.0,0,0
1766593617.865563,1766593617.798113,-616.2109375,-130.37109375,-53.22265625,-72.265625,0.0,0,0
1766593617.865668,1766593617.8020086,700.68359375,-22.94921875,62.01171875,-23.4375,0.0,0,0
1766593617.865726,1766593617.8059044,-850.09765625,65.91796875,50.29296875,14.16015625,0.0,0,0
1766593617.865781,1766593617.8098,151.3671875,12.6953125,-84.9609375,-1.46484375,0.0,0,0
1766593617.8658319,1766593617.8136954,-1000.0,-112.79296875,-144.53125,-55.6640625,0.0,0,0
1766593617.8658829,1766593617.8175912,-796.38671875,-108.88671875,-49.31640625,-76.171875,0.0,0,0
1766593617.865935,1766593617.8214867,489.2578125,-6.8359375,57.12890625,-37.59765625,0.0,0,0
1766593617.865986,1766593617.8253822,-815.4296875,48.33984375,49.8046875,9.765625,0.0,0,0
1766593617.866037,1766593617.829278,222.65625,28.80859375,-62.01171875,3.90625,0.0,0,0
1766593617.866087,1766593617.8331735,-1000.0,-104.4921875,-152.83203125,-54.19921875,0.0,0,0
1766593617.8661382,1766593617.837069,-966.796875,-154.78515625,-86.9140625,-81.54296875,0.0,0,0
1766593617.866187,1766593617.8409648,231.93359375,-36.1328125,43.9453125,-43.9453125,0.0,0,0
1766593617.910899,1766593617.8449714,-803.22265625,65.4296875,58.10546875,-3.90625,0.0,0,0
1766593617.911063,1766593617.848867,320.3125,30.2734375,-50.29296875,6.8359375,0.0,0,0
1766593617.911147,1766593617.8527625,-962.40234375,-66.89453125,-131.34765625,-22.94921875,0.0,0,0
1766593617.911206,1766593617.8566582,-1000.0,-132.32421875,-89.84375,-62.01171875,0.0,0,0
1766593617.91126,1766593617.8605537,13.671875,-59.08203125,31.25,-41.015625,0.0,0,0
1766593617.9113111,1766593617.8644495,-833.0078125,82.51953125,84.47265625,17.08984375,0.0,0,0
1766593617.911365,1766593617.868345,487.79296875,85.9375,-16.11328125,21.97265625,0.0,0,0
1766593617.911415,1766593617.8722408,-821.2890625,-52.24609375,-151.3671875,-33.203125,0.0,0,0
1766593617.911465,1766593617.8761363,-1000.0,-146.484375,-126.46484375,-68.359375,0.0,0,0
1766593617.911516,1766593617.8800318,-115.234375,-107.91015625,21.97265625,-42.96875,0.0,0,0
1766593617.911566,1766593617.8839276,-883.7890625,14.6484375,89.35546875,20.01953125,0.0,0,0
1766593617.911617,1766593617.887823,687.5,48.33984375,1.953125,41.9921875,0.0,0,0
1766593617.957896,1766593617.891824,-614.2578125,-44.921875,-117.1875,-0.9765625,0.0,0,0
1766593617.9580212,1766593617.8957195,-1000.0,-137.20703125,-110.83984375,-45.41015625,0.0,0,0
1766593617.958078,1766593617.8996153,-179.6875,-96.6796875,14.16015625,-40.0390625,0.0,0,0
1766593617.9581308,1766593617.9035108,-937.5,25.87890625,75.68359375,-6.34765625,0.0,0,0
1766593617.9581819,1766593617.9074066,844.23828125,25.87890625,-14.6484375,2.44140625,0.0,0,0
1766593617.958233,1766593617.911302,-396.97265625,-37.109375,-107.91015625,-16.6015625,0.0,0,0
1766593617.9582841,1766593617.9151978,-1000.0,-98.6328125,-107.91015625,-68.359375,0.0,0,0
1766593617.958333,1766593617.9190934,-264.6484375,-48.33984375,-11.23046875,-64.453125,0.0,0,0
1766593617.958383,1766593617.9229891,996.09375,59.08203125,76.66015625,-5.37109375,0.0,0,0
1766593617.958433,1766593617.9268847,973.14453125,58.59375,11.23046875,2.9296875,0.0,0,0
1766593617.958483,1766593617.9307804,-177.734375,-32.2265625,-117.67578125,-30.2734375,0.0,0,0
1766593617.958532,1766593617.934676,-1000.0,-152.83203125,-148.4375,-68.359375,0.0,0,0
1766593618.001205,1766593617.9386659,-381.8359375,-164.55078125,-38.0859375,-76.171875,0.0,0,0
1766593618.0013251,1766593617.9425616,906.73828125,-20.99609375,79.1015625,-37.109375,0.0,0,0
1766593618.001369,1766593617.9464571,-930.17578125,75.68359375,47.36328125,2.9296875,0.0,0,0
1766593618.00141,1766593617.950353,7.32421875,-20.5078125,-78.61328125,-7.8125,0.0,0,0
1766593618.001448,1766593617.9542484,-1000.0,-146.484375,-116.2109375,-50.78125,0.0,0,0
1766593618.001487,1766593617.9581442,-553.7109375,-128.90625,-9.765625,-67.3828125,0.0,0,0
1766593618.001525,1766593617.9620397,759.27734375,12.20703125,91.30859375,-34.66796875,0.0,0,0
1766593618.0015638,1766593617.9659355,-867.67578125,88.37890625,43.9453125,4.39453125,0.0,0,0
1766593618.0016031,1766593617.969831,102.05078125,-4.39453125,-76.66015625,-8.30078125,0.0,0,0
1766593618.0016398,1766593617.9737267,-1000.0,-137.20703125,-139.6484375,-68.359375,0.0,0,0
1766593618.001677,1766593617.9776225,-765.13671875,-160.64453125,-67.3828125,-94.7265625,0.0,0,0
1766593618.001714,1766593617.981518,527.83203125,-38.57421875,55.17578125,-49.8046875,0.0,0,0
1766593618.060954,1766593617.9854987,-820.80078125,55.17578125,52.24609375,-1.953125,0.0,0,0
1766593618.061088,1766593617.9893944,168.45703125,-16.11328125,-69.3359375,-1.953125,0.0,0,0
1766593618.061146,1766593617.9932902,-1000.0,-145.5078125,-140.13671875,-35.64453125,0.0,0,0
1766593618.0612,1766593617.9971857,-914.55078125,-164.55078125,-68.359375,-54.6875,0.0,0,0
1766593618.0612512,1766593618.0010815,312.98828125,-52.24609375,43.9453125,-43.9453125,0.0,0,0
1766593618.061304,1766593618.004977,-800.29296875,82.51953125,62.98828125,-15.13671875,0.0,0,0
1766593618.061366,1766593618.0088727,245.60546875,62.98828125,-71.2890625,-2.44140625,0.0,0,0
1766593618.061416,1766593618.0127685,-1000.0,-123.046875,-189.94140625,-49.31640625,0.0,0,0
1766593618.061467,1766593618.016664,-1000.0,-213.37890625,-103.515625,-84.9609375,0.0,0,0
1766593618.061516,1766593618.0205598,60.05859375,-92.28515625,56.15234375,-56.640625,0.0,0,0
1766593618.061567,1766593618.0244553,-811.5234375,54.19921875,91.796875,-7.32421875,0.0,0,0
1766593618.0616262,1766593618.028351,376.953125,69.82421875,-21.97265625,1.953125,0.0,0,0
1766593618.1067562,1766593618.0323193,-916.9921875,-72.265625,-144.04296875,-41.015625,0.0,0,0
1766593618.106882,1766593618.036215,-1000.0,-168.9453125,-94.7265625,-75.1953125,0.0,0,0
1766593618.1069381,1766593618.0401106,-87.40234375,-87.40234375,42.48046875,-56.15234375,0.0,0,0
1766593618.106993,1766593618.0440063,-852.5390625,48.828125,86.42578125,7.8125,0.0,0,0
1766593618.1070452,1766593618.047902,556.640625,66.40625,-17.08984375,28.3203125,0.0,0,0
1766593618.1071029,1766593618.0517976,-757.8125,-24.90234375,-132.32421875,-20.5078125,0.0,0,0
1766593618.1075358,1766593618.0556934,-1000.0,-83.0078125,-108.88671875,-52.734375,0.0,0,0
1766593618.1075919,1766593618.0595891,-160.64453125,-63.4765625,9.765625,-33.203125,0.0,0,0
1766593618.1076438,1766593618.0634847,-908.69140625,34.66796875,64.94140625,11.71875,0.0,0,0
1766593618.107697,1766593618.0673804,757.8125,47.36328125,-8.30078125,34.66796875,0.0,0,0
1766593618.107747,1766593618.0712762,-524.90234375,-62.5,-97.16796875,6.34765625,0.0,0,0
1766593618.107807,1766593618.0751717,-1000.0,-157.71484375,-87.40234375,-62.98828125,0.0,0,0
1766593618.151733,1766593618.0792139,-232.91015625,-123.046875,10.7421875,-74.70703125,0.0,0,0
1766593618.1518679,1766593618.0831096,-965.8203125,4.8828125,79.1015625,-5.859375,0.0,0,0
1766593618.151922,1766593618.0870054,891.6015625,64.94140625,5.859375,21.484375,0.0,0,0
1766593618.1519759,1766593618.0909011,-331.0546875,-39.0625,-115.234375,-25.87890625,0.0,0,0
1766593618.1520278,1766593618.0947967,-1000.0,-140.13671875,-113.76953125,-58.10546875,0.0,0,0
1766593618.152079,1766593618.0986924,-320.3125,-78.61328125,-0.9765625,-40.0390625,0.0,0,0
1766593618.1521301,1766593618.1025882,953.61328125,2.44140625,64.94140625,-26.85546875,0.0,0,0
1766593618.152172,1766593618.106484,-975.09765625,13.671875,-9.765625,-20.99609375,0.0,0,0
1766593618.1522088,1766593618.1103795,-81.54296875,-46.875,-119.140625,-36.62109375,0.0,0,0
1766593618.152245,1766593618.1142752,-1000.0,-98.14453125,-132.8125,-58.59375,0.0,0,0
1766593618.152292,1766593618.118171,-506.34765625,-77.1484375,-25.390625,-46.875,0.0,0,0
1766593618.1523688,1766593618.1220667,803.7109375,17.08984375,71.2890625,-7.8125,0.0,0,0
1766593618.196516,1766593618.126098,-889.16015625,69.3359375,35.64453125,41.015625,0.0,0,0
1766593618.196655,1766593618.1299937,52.24609375,-1.953125,-78.61328125,29.296875,0.0,0,0
1766593618.196713,1766593618.1338894,-1000.0,-86.9140625,-117.67578125,-41.50390625,0.0,0,0
1766593618.196766,1766593618.137785,-707.03125,-75.68359375,-35.64453125,-70.3125,0.0,0,0
1766593618.1968179,1766593618.1416807,597.16796875,39.0625,73.2421875,-44.921875,0.0,0,0
1766593618.1968699,1766593618.1455765,-833.49609375,116.69921875,62.98828125,-0.48828125,0.0,0,0
1766593618.1969228,1766593618.1494722,122.0703125,46.875,-57.12890625,-21.484375,0.0,0,0
1766593618.196975,1766593618.153368,-1000.0,-27.34375,-135.25390625,-88.37890625,0.0,0,0
1766593618.197025,1766593618.1572638,-883.7890625,-121.58203125,-78.61328125,-74.70703125,0.0,0,0
1766593618.197076,1766593618.1611593,357.91015625,-85.44921875,49.31640625,-20.5078125,0.0,0,0
1766593618.197126,1766593618.165055,-800.29296875,113.28125,68.359375,11.23046875,0.0,0,0
1766593618.197191,1766593618.1689508,187.98828125,118.1640625,-60.05859375,-22.94921875,0.0,0,0
1766593618.2431848,1766593618.1729715,-1000.0,-36.1328125,-163.57421875,-33.69140625,0.0,0,0
1766593618.243328,1766593618.1768672,-1000.0,-100.5859375,-24.4140625,-311.5234375,0.0,0,0
1766593618.243386,1766593618.1807628,52.734375,30.2734375,113.76953125,-280.2734375,0.0,0,0
1766593618.2434409,1766593618.1846585,-799.31640625,154.296875,48.33984375,162.109375,0.0,0,0
1766593618.243488,1766593618.1885543,296.38671875,125.0,-56.640625,130.859375,0.0,0,0
1766593618.243525,1766593618.19245,-976.5625,43.45703125,-139.16015625,40.52734375,0.0,0,0
1766593618.243569,1766593618.1963458,-1000.0,-8.7890625,-96.19140625,-18.06640625,0.0,0,0
1766593618.2436118,1766593618.2002416,-64.94140625,32.71484375,35.15625,-14.16015625,0.0,0,0
1766593618.243655,1766593618.2041373,-829.1015625,158.203125,70.3125,69.3359375,0.0,0,0
1766593618.243697,1766593618.208033,445.3125,156.73828125,-51.26953125,69.82421875,0.0,0,0
1766593618.2437482,1766593618.2119288,-860.83984375,32.2265625,-152.34375,33.69140625,0.0,0,0
1766593618.2438002,1766593618.2158246,-1000.0,-42.96875,-115.72265625,10.25390625,0.0,0,0
1766593618.302033,1766593618.2199185,-155.76171875,30.2734375,25.87890625,52.734375,0.0,0,0
1766593618.302124,1766593618.2238142,-880.37109375,175.78125,97.16796875,126.953125,0.0,0,0
1766593618.302173,1766593618.22771,652.34375,197.265625,3.90625,150.390625,0.0,0,0
1766593618.30221,1766593618.2316058,-662.109375,21.484375,-129.8828125,123.046875,0.0,0,0
1766593618.3022468,1766593618.2355015,-1000.0,-126.46484375,-92.28515625,120.1171875,0.0,0,0
1766593618.302285,1766593618.2393973,-185.05859375,32.71484375,49.31640625,133.7890625,0.0,0,0
1766593618.3023329,1766593618.243293,-944.82421875,238.28125,110.83984375,146.97265625,0.0,0,0
1766593618.302371,1766593618.2471888,864.74609375,208.984375,12.20703125,180.6640625,0.0,0,0
1766593618.302408,1766593618.2510846,-371.58203125,90.8203125,-158.203125,146.97265625,0.0,0,0
1766593618.302447,1766593618.2549803,-1000.0,4.39453125,-158.203125,38.57421875,0.0,0,0
1766593618.3024828,1766593618.258876,-247.55859375,40.52734375,4.39453125,15.625,0.0,0,0
1766593618.30253,1766593618.2627718,989.2578125,199.21875,110.83984375,66.40625,0.0,0,0
1766593618.332,1766593618.2667754,-993.65234375,267.08984375,28.3203125,85.44921875,0.0,0,0
1766593618.3321521,1766593618.2706711,-101.5625,154.296875,-114.74609375,65.4296875,0.0,0,0
1766593618.3322082,1766593618.274567,-1000.0,27.34375,-136.23046875,36.1328125,0.0,0,0
1766593618.332261,1766593618.2784626,-296.875,63.4765625,1.46484375,80.078125,0.0,0,0
1766593618.332393,1766593618.2823584,939.453125,207.51953125,119.140625,104.98046875,0.0,0,0
1766593618.33252,1766593618.2862542,-907.71484375,294.921875,68.359375,100.5859375,0.0,0,0
1766593618.33258,1766593618.29015,161.62109375,214.35546875,-66.89453125,136.23046875,0.0,0,0
1766593618.332633,1766593618.2940457,-1000.0,74.70703125,-119.140625,85.9375,0.0,0,0
1766593618.332683,1766593618.2979414,-394.04296875,112.3046875,-2.9296875,79.1015625,0.0,0,0
1766593618.332739,1766593618.3018374,903.3203125,262.6953125,136.71875,124.51171875,0.0,0,0
1766593618.332789,1766593618.3057332,-894.04296875,355.46875,75.1953125,110.83984375,0.0,0,0
1766593618.332858,1766593618.309629,193.84765625,279.296875,-89.35546875,83.49609375,0.0,0,0
1766593618.3767722,1766593618.3136148,-1000.0,84.9609375,-147.94921875,62.98828125,0.0,0,0
1766593618.3769689,1766593618.3175106,-701.66015625,27.34375,-45.8984375,114.2578125,0.0,0,0
1766593618.377038,1766593618.3214064,624.0234375,210.44921875,104.00390625,158.69140625,0.0,0,0
1766593618.3770921,1766593618.3253024,-832.51953125,376.46484375,66.40625,180.6640625,0.0,0,0
1766593618.377144,1766593618.3291981,170.41015625,307.12890625,-125.0,133.30078125,0.0,0,0
1766593618.377193,1766593618.333094,-1000.0,169.43359375,-182.6171875,39.55078125,0.0,0,0
1766593618.3772428,1766593618.3369896,-975.09765625,130.37109375,-89.84375,18.5546875,0.0,0,0
1766593618.377295,1766593618.3408854,201.66015625,234.375,11.71875,70.80078125,0.0,0,0
1766593618.377352,1766593618.3447812,-794.921875,320.80078125,25.87890625,82.03125,0.0,0,0
1766593618.3774028,1766593618.3486772,232.421875,244.140625,-78.61328125,60.546875,0.0,0,0
1766593618.37746,1766593618.352573,-997.55859375,106.93359375,-156.73828125,77.1484375,0.0,0,0
1766593618.377569,1766593618.3564687,-1000.0,98.14453125,-99.12109375,87.40234375,0.0,0,0
1766593618.434516,1766593618.360445,-65.91796875,212.890625,26.3671875,77.63671875,0.0,0,0
1766593618.4346838,1766593618.3643408,-814.94140625,326.66015625,69.82421875,58.59375,0.0,0,0
1766593618.434742,1766593618.3682368,364.74609375,275.87890625,-36.1328125,153.3203125,0.0,0,0
1766593618.434797,1766593618.3721325,-927.24609375,133.30078125,-157.2265625,75.1953125,0.0,0,0
1766593618.434849,1766593618.3760283,-1000.0,78.61328125,-115.234375,25.390625,0.0,0,0
1766593618.434901,1766593618.379924,-160.64453125,181.15234375,52.24609375,169.43359375,0.0,0,0
1766593618.434952,1766593618.38382,-852.5390625,349.609375,98.14453125,149.90234375,0.0,0,0
1766593618.4350028,1766593618.3877158,515.625,292.48046875,-26.3671875,155.76171875,0.0,0,0
1766593618.435053,1766593618.3916116,-798.33984375,118.65234375,-164.0625,171.875,0.0,0,0
1766593618.4351192,1766593618.3955073,-1000.0,52.734375,-146.484375,73.2421875,0.0,0,0
1766593618.4351869,1766593618.399403,-241.2109375,137.6953125,21.484375,68.359375,0.0,0,0
1766593618.435643,1766593618.403299,-921.875,259.765625,109.86328125,149.4140625,0.0,0,0
1766593618.48076,1766593618.407263,735.83984375,200.68359375,10.25390625,227.5390625,0.0,0,0
1766593618.480892,1766593618.4111588,-569.82421875,89.35546875,-129.39453125,215.33203125,0.0,0,0
1766593618.480951,1766593618.4150546,-1000.0,67.87109375,-124.51171875,62.5,0.0,0,0
1766593618.481005,1766593618.4189506,-304.19921875,116.69921875,10.7421875,60.05859375,0.0,0,0
1766593618.481057,1766593618.4228463,-997.0703125,225.5859375,121.58203125,175.29296875,0.0,0,0
1766593618.481215,1766593618.426742,905.76171875,289.0625,55.17578125,163.0859375,0.0,0,0
1766593618.481272,1766593618.4306378,-334.47265625,186.03515625,-119.140625,150.390625,0.0,0,0
1766593618.481323,1766593618.4345338,-1000.0,29.78515625,-144.04296875,10.7421875,0.0,0,0
1766593618.481374,1766593618.4384296,-396.97265625,44.921875,7.32421875,9.27734375,0.0,0,0
1766593618.4814248,1766593618.4423254,902.34375,166.50390625,136.71875,117.1875,0.0,0,0
1766593618.481476,1766593618.4462214,-959.47265625,208.0078125,63.96484375,182.6171875,0.0,0,0
1766593618.481526,1766593618.450117,-86.42578125,97.16796875,-116.69921875,271.484375,0.0,0,0
1766593618.526138,1766593618.4541523,-1000.0,-11.23046875,-146.97265625,137.20703125,0.0,0,0
1766593618.526256,1766593618.458048,-621.09375,-18.06640625,0.0,55.17578125,0.0,0,0
1766593618.526334,1766593618.461944,693.84765625,111.328125,118.65234375,121.09375,0.0,0,0
1766593618.5264168,1766593618.4658399,-866.2109375,229.4921875,54.6875,276.3671875,0.0,0,0
1766593618.526454,1766593618.4697356,45.41015625,135.7421875,-91.30859375,241.2109375,0.0,0,0
1766593618.526485,1766593618.4736316,-1000.0,-12.20703125,-146.484375,48.33984375,0.0,0,0
1766593618.5265138,1766593618.4775274,-770.99609375,-16.11328125,-66.89453125,24.4140625,0.0,0,0
1766593618.526579,1766593618.4814231,517.08984375,107.91015625,92.28515625,172.8515625,0.0,0,0
1766593618.526641,1766593618.4853191,-819.82421875,218.75,100.5859375,231.4453125,0.0,0,0
1766593618.526699,1766593618.489215,129.8828125,110.3515625,-43.45703125,227.5390625,0.0,0,0
1766593618.526784,1766593618.493111,-1000.0,-78.61328125,-104.4921875,191.40625,0.0,0,0
1766593618.526819,1766593618.4970067,-946.77734375,-38.57421875,-6.34765625,115.72265625,0.0,0,0
1766593618.600609,1766593618.5011895,246.58203125,145.5078125,90.33203125,173.33984375,0.0,0,0
1766593618.6007428,1766593618.5050855,-796.875,260.25390625,65.4296875,260.25390625,0.0,0,0
1766593618.6007721,1766593618.5089812,211.42578125,215.8203125,-98.6328125,251.46484375,0.0,0,0
1766593618.600797,1766593618.5128772,-1000.0,55.17578125,-204.58984375,153.3203125,0.0,0,0
1766593618.600822,1766593618.5167732,-1000.0,-17.578125,-99.12109375,113.76953125,0.0,0,0
1766593618.600845,1766593618.520669,58.59375,84.9609375,98.6328125,173.828125,0.0,0,0
1766593618.6008692,1766593618.524565,-803.22265625,216.30859375,87.890625,241.69921875,0.0,0,0
1766593618.600893,1766593618.5284607,312.01171875,172.36328125,-63.96484375,229.4921875,0.0,0,0
1766593618.600917,1766593618.5323567,-960.44921875,28.3203125,-144.04296875,128.90625,0.0,0,0
1766593618.600941,1766593618.5362525,-1000.0,-26.3671875,-78.61328125,59.08203125,0.0,0,0
1766593618.600966,1766593618.5401485,-94.7265625,35.15625,92.7734375,112.79296875,0.0,0,0
1766593618.600991,1766593618.5440443,-836.9140625,181.15234375,150.87890625,171.875,0.0,0,0
1766593618.617012,1766593618.5480688,483.3984375,182.6171875,28.3203125,127.44140625,0.0,0,0
1766593618.6171,1766593618.5519648,-829.58984375,43.9453125,-131.8359375,47.8515625,0.0,0,0
1766593618.617142,1766593618.5558605,-1000.0,-20.01953125,-124.0234375,-22.94921875,0.0,0,0
1766593618.6171808,1766593618.5597565,-170.41015625,47.36328125,53.7109375,-22.94921875,0.0,0,0
1766593618.6172202,1766593618.5636523,-879.8828125,150.390625,129.39453125,48.828125,0.0,0,0
1766593618.617258,1766593618.5675483,636.71875,141.11328125,12.20703125,37.59765625,0.0,0,0
1766593618.6173818,1766593618.5714443,-674.8046875,-42.48046875,-138.18359375,-25.390625,0.0,0,0
1766593618.617447,1766593618.57534,-1000.0,-146.97265625,-121.09375,-76.66015625,0.0,0,0
1766593618.6174898,1766593618.579236,-254.8828125,10.7421875,58.59375,-106.93359375,0.0,0,0
1766593618.6175628,1766593618.583132,-961.9140625,38.0859375,168.9453125,-59.08203125,0.0,0,0
1766593618.617606,1766593618.5870278,855.95703125,23.4375,54.6875,-7.32421875,0.0,0,0
1766593618.617643,1766593618.5909238,-401.3671875,77.63671875,-146.97265625,-61.5234375,0.0,0,0
1766593618.661731,1766593618.5949278,-1000.0,-10.25390625,-181.640625,-185.546875,0.0,0,0
1766593618.661846,1766593618.5988235,-331.0546875,-48.33984375,-7.32421875,-243.65234375,0.0,0,0
1766593618.6619039,1766593618.6027195,966.30859375,28.80859375,179.6875,-194.3359375,0.0,0,0
1766593618.661958,1766593618.6066155,982.91015625,36.1328125,69.82421875,-182.12890625,0.0,0,0
1766593618.662011,1766593618.6105113,-193.359375,-93.75,-158.203125,-230.46875,0.0,0,0
1766593618.6620631,1766593618.6144073,-1000.0,-187.5,-156.73828125,-278.80859375,0.0,0,0
1766593618.662113,1766593618.6183033,-460.9375,-166.50390625,-30.76171875,-320.80078125,0.0,0,0
1766593618.662165,1766593618.622199,839.84375,-136.23046875,11.23046875,-265.13671875,0.0,0,0
1766593618.662216,1766593618.626095,-902.83203125,-100.5859375,-58.59375,-192.87109375,0.0,0,0
1766593618.662267,1766593618.629991,26.85546875,-244.62890625,-136.23046875,-260.25390625,0.0,0,0
1766593618.662318,1766593618.6338868,-1000.0,-399.4140625,-103.515625,-345.21484375,0.0,0,0
1766593618.6623669,1766593618.6377828,-671.38671875,-452.63671875,27.83203125,-367.67578125,0.0,0,0
1766593618.705698,1766593618.6417763,644.04296875,-309.08203125,142.578125,-213.37890625,0.0,0,0
1766593618.705819,1766593618.6456723,-840.33203125,-158.203125,144.04296875,-134.765625,0.0,0,0
1766593618.705873,1766593618.6495683,126.953125,-335.9375,-0.9765625,-282.2265625,0.0,0,0
1766593618.705927,1766593618.653464,-1000.0,-583.984375,-98.14453125,-315.4296875,0.0,0,0
1766593618.7059789,1766593618.65736,-813.96484375,-541.50390625,35.64453125,-204.58984375,0.0,0,0
1766593618.706032,1766593618.661256,468.26171875,-328.61328125,161.62109375,-76.171875,0.0,0,0
1766593618.706081,1766593618.665152,-810.05859375,-257.32421875,122.0703125,47.8515625,0.0,0,0
1766593618.706131,1766593618.6690478,215.33203125,-454.58984375,84.47265625,-59.08203125,0.0,0,0
1766593618.7061682,1766593618.6729438,-1000.0,-679.19921875,-28.3203125,-189.453125,0.0,0,0
1766593618.706204,1766593618.6768398,-990.234375,-703.61328125,32.71484375,-183.10546875,0.0,0,0
1766593618.7062411,1766593618.6807358,184.5703125,-739.74609375,172.36328125,-71.2890625,0.0,0,0
1766593618.7062778,1766593618.6846316,-810.05859375,-757.32421875,135.25390625,53.22265625,0.0,0,0
1766593618.7509131,1766593618.6886156,391.11328125,-817.3828125,38.0859375,15.13671875,0.0,0,0
1766593618.751057,1766593618.6925116,-914.55078125,-966.30859375,-73.2421875,13.18359375,0.0,0,0
1766593618.7510989,1766593618.6964073,-1000.0,-1000.0,56.640625,22.94921875,0.0,0,0
1766593618.751137,1766593618.7003033,39.0625,-924.31640625,291.9921875,-30.2734375,0.0,0,0
1766593618.75118,1766593618.7041993,-884.765625,-943.359375,182.6171875,-37.59765625,0.0,0,0
1766593618.7512178,1766593618.7080953,591.30859375,-1000.0,29.296875,34.1796875,0.0,0,0
1766593618.751265,1766593618.7119913,-665.0390625,-998.53515625,-23.4375,-18.06640625,0.0,0,0
1766593618.751302,1766593618.715887,-1000.0,-999.51171875,-31.73828125,-104.98046875,0.0,0,0
1766593618.751358,1766593618.719783,-118.65234375,-1000.0,162.59765625,-24.90234375,0.0,0,0
1766593618.751414,1766593618.723679,-932.12890625,-1000.0,275.87890625,122.55859375,0.0,0,0
1766593618.7514539,1766593618.727575,868.1640625,-1000.0,141.6015625,207.51953125,0.0,0,0
1766593618.75151,1766593618.731471,-366.2109375,-1000.0,-43.45703125,194.3359375,0.0,0,0
1766593618.811142,1766593618.7355237,-1000.0,-1000.0,29.78515625,179.19921875,0.0,0,0
1766593618.811274,1766593618.7394197,-158.203125,-1000.0,284.66796875,212.890625,0.0,0,0
1766593618.811317,1766593618.7433155,-965.8203125,-1000.0,321.2890625,222.65625,0.0,0,0
1766593618.811677,1766593618.7472115,958.49609375,-1000.0,136.23046875,216.796875,0.0,0,0
1766593618.81172,1766593618.7511075,-181.15234375,-1000.0,24.90234375,172.36328125,0.0,0,0
1766593618.811758,1766593618.7550035,-1000.0,-1000.0,108.3984375,82.51953125,0.0,0,0
1766593618.8118038,1766593618.7588995,-272.4609375,-1000.0,210.9375,106.4453125,0.0,0,0
1766593618.811841,1766593618.7627954,968.75,-1000.0,264.16015625,210.9375,0.0,0,0
1766593618.811878,1766593618.7666914,-949.21875,-1000.0,195.80078125,253.90625,0.0,0,0
1766593618.811914,1766593618.7705874,13.18359375,-1000.0,25.87890625,155.2734375,0.0,0,0
1766593618.811949,1766593618.7744834,-1000.0,-1000.0,10.25390625,52.24609375,0.0,0,0
1766593618.8119838,1766593618.7783794,-368.65234375,-1000.0,200.1953125,142.578125,0.0,0,0
1766593618.8995929,1766593618.7824225,911.1328125,-1000.0,320.80078125,282.2265625,0.0,0,0
1766593618.8997052,1766593618.7863185,-902.83203125,-1000.0,224.12109375,333.0078125,0.0,0,0
1766593618.899734,1766593618.7902145,128.90625,-1000.0,23.4375,243.65234375,0.0,0,0
1766593618.899759,1766593618.7941105,-1000.0,-997.0703125,-11.23046875,132.32421875,0.0,0,0
1766593618.8997838,1766593618.7980065,-614.2578125,-1000.0,136.23046875,115.72265625,0.0,0,0
1766593618.899808,1766593618.8019025,711.42578125,-991.2109375,267.08984375,182.12890625,0.0,0,0
1766593618.8998332,1766593618.8057985,-849.609375,-880.37109375,212.40234375,297.8515625,0.0,0,0
1766593618.8998568,1766593618.8096945,160.64453125,-904.78515625,20.01953125,232.421875,0.0,0,0
1766593618.899882,1766593618.8135905,-1000.0,-1000.0,-21.97265625,54.19921875,0.0,0,0
1766593618.899907,1766593618.8174865,-842.7734375,-1000.0,133.30078125,23.4375,0.0,0,0
1766593618.899931,1766593618.8213825,428.7109375,-849.12109375,275.390625,97.16796875,0.0,0,0
1766593618.899955,1766593618.8252785,-808.59375,-712.890625,230.95703125,183.10546875,0.0,0,0
1766593618.9024582,1766593618.82932,214.84375,-803.22265625,33.69140625,171.875,0.0,0,0
1766593618.902507,1766593618.833216,-1000.0,-829.1015625,-36.62109375,84.9609375,0.0,0,0
1766593618.9025338,1766593618.837112,-1000.0,-830.56640625,66.40625,33.203125,0.0,0,0
1766593618.902559,1766593618.841008,151.85546875,-745.60546875,203.61328125,116.2109375,0.0,0,0
1766593618.902585,1766593618.844904,-805.17578125,-597.16796875,220.21484375,235.3515625,0.0,0,0
1766593618.9026098,1766593618.8488002,340.33203125,-628.90625,86.9140625,220.703125,0.0,0,0
1766593618.902656,1766593618.8526962,-946.2890625,-667.96875,-77.1484375,50.29296875,0.0,0,0
1766593618.902688,1766593618.8565922,-1000.0,-614.74609375,-40.52734375,-34.66796875,0.0,0,0
1766593618.902712,1766593618.8604882,-28.3203125,-503.90625,160.15625,82.51953125,0.0,0,0
1766593618.902737,1766593618.8643842,-827.1484375,-432.6171875,198.73046875,139.16015625,0.0,0,0
1766593618.9027689,1766593618.8682802,440.4296875,-459.47265625,41.50390625,80.56640625,0.0,0,0
1766593618.902794,1766593618.8721762,-860.3515625,-556.15234375,-98.6328125,-3.90625,0.0,0,0
1766593618.946343,1766593618.8761983,-1000.0,-578.125,-32.71484375,-46.38671875,0.0,0,0
1766593618.946444,1766593618.8800945,-161.62109375,-465.33203125,130.859375,-18.06640625,0.0,0,0
1766593618.946472,1766593618.8839905,-880.37109375,-345.21484375,221.19140625,117.67578125,0.0,0,0
1766593618.946497,1766593618.8878865,646.97265625,-289.0625,128.41796875,146.97265625,0.0,0,0
1766593618.946522,1766593618.8917825,-666.50390625,-404.78515625,-80.078125,-10.7421875,0.0,0,0
1766593618.946547,1766593618.8956785,-1000.0,-523.4375,-45.8984375,-93.26171875,0.0,0,0
1766593618.94657,1766593618.8995745,-205.56640625,-385.7421875,153.3203125,23.92578125,0.0,0,0
1766593618.946594,1766593618.9034708,-934.08203125,-194.82421875,229.00390625,181.640625,0.0,0,0
1766593618.946622,1766593618.9073668,811.5234375,-169.921875,41.015625,152.83203125,0.0,0,0
1766593618.946646,1766593618.9112628,-451.66015625,-278.3203125,-143.06640625,13.18359375,0.0,0,0
1766593618.94667,1766593618.9151587,-1000.0,-404.78515625,-75.1953125,-61.03515625,0.0,0,0
1766593618.9466932,1766593618.9190547,-297.8515625,-332.03125,115.72265625,-45.8984375,0.0,0,0
1766593618.990498,1766593618.923067,977.5390625,-145.01953125,213.37890625,26.3671875,0.0,0,0
1766593618.990608,1766593618.926963,982.91015625,-149.4140625,72.75390625,70.3125,0.0,0,0
1766593618.9906828,1766593618.9308593,-170.41015625,-242.1875,-101.5625,19.53125,0.0,0,0
1766593618.990711,1766593618.9347553,-1000.0,-270.01953125,-95.21484375,-72.75390625,0.0,0,0
1766593618.9907358,1766593618.9386513,-407.71484375,-250.9765625,71.77734375,-50.29296875,0.0,0,0
1766593618.990761,1766593618.9425473,882.8125,-134.27734375,208.984375,104.4921875,0.0,0,0
1766593618.9907851,1766593618.9464436,-915.52734375,-31.25,104.4921875,162.59765625,0.0,0,0
1766593618.9908092,1766593618.9503396,33.69140625,-95.21484375,-98.14453125,76.66015625,0.0,0,0
1766593618.990834,1766593618.9542356,-1000.0,-201.66015625,-115.234375,-50.29296875,0.0,0,0
1766593618.990858,1766593618.9581316,-608.88671875,-184.08203125,57.12890625,-107.421875,0.0,0,0
1766593618.9908822,1766593618.9620275,703.61328125,-57.6171875,203.61328125,35.64453125,0.0,0,0
1766593618.990906,1766593618.9659238,-853.515625,13.671875,134.27734375,169.921875,0.0,0,0
1766593619.036216,1766593618.9699278,134.27734375,-63.4765625,-72.75390625,97.65625,0.0,0,0
1766593619.0363672,1766593618.973824,-1000.0,-135.25390625,-114.74609375,-49.8046875,0.0,0,0
1766593619.03641,1766593618.97772,-734.86328125,-108.88671875,57.6171875,-74.70703125,0.0,0,0
1766593619.0364501,1766593618.981616,567.87109375,-17.578125,218.75,56.640625,0.0,0,0
1766593619.0364952,1766593618.985512,-826.66015625,33.203125,159.66796875,153.80859375,0.0,0,0
1766593619.036534,1766593618.9894083,236.81640625,0.9765625,-31.73828125,95.703125,0.0,0,0
1766593619.036583,1766593618.9933043,-1000.0,-51.7578125,-112.79296875,11.71875,0.0,0,0
1766593619.036639,1766593618.9972003,-890.13671875,-90.8203125,12.20703125,8.30078125,0.0,0,0
1766593619.0366879,1766593619.0010965,374.51171875,-14.6484375,181.640625,100.5859375,0.0,0,0
1766593619.036726,1766593619.0049925,-814.94140625,80.078125,166.50390625,194.82421875,0.0,0,0
1766593619.036763,1766593619.0088885,342.28515625,64.453125,-3.41796875,150.87890625,0.0,0,0
1766593619.036878,1766593619.0127847,-986.328125,-82.51953125,-88.8671875,35.64453125,0.0,0,0
1766593619.082222,1766593619.0167794,-976.5625,-170.8984375,29.78515625,9.765625,0.0,0,0
1766593619.0823722,1766593619.0206757,232.421875,-10.25390625,193.359375,65.91796875,0.0,0,0
1766593619.082426,1766593619.0245717,-840.33203125,151.3671875,182.6171875,119.62890625,0.0,0,0
1766593619.082479,1766593619.0284677,494.140625,138.18359375,10.25390625,141.11328125,0.0,0,0
1766593619.08253,1766593619.032364,-812.98828125,53.7109375,-144.04296875,53.22265625,0.0,0,0
1766593619.082581,1766593619.03626,-1000.0,82.51953125,-41.015625,-54.19921875,0.0,0,0
1766593619.082641,1766593619.040156,-40.52734375,152.34375,139.6484375,-34.66796875,0.0,0,0
1766593619.082701,1766593619.0440521,-873.046875,146.484375,128.41796875,53.22265625,0.0,0,0
1766593619.082776,1766593619.0479481,670.8984375,149.90234375,33.69140625,83.984375,0.0,0,0
1766593619.082837,1766593619.0518441,-628.90625,105.46875,-44.43359375,-23.92578125,0.0,0,0
1766593619.082887,1766593619.0557404,-1000.0,4.8828125,11.71875,-109.86328125,0.0,0,0
1766593619.0829551,1766593619.0596364,-145.99609375,109.86328125,166.50390625,-80.56640625,0.0,0,0
1766593619.125484,1766593619.0636199,-934.08203125,239.2578125,219.23828125,-0.48828125,0.0,0,0
1766593619.1255958,1766593619.067516,859.86328125,245.60546875,84.47265625,113.28125,0.0,0,0
1766593619.1256242,1766593619.071412,-374.51171875,158.69140625,-107.91015625,76.171875,0.0,0,0
1766593619.125649,1766593619.0753083,-1000.0,91.796875,-108.3984375,-104.98046875,0.0,0,0
1766593619.125674,1766593619.0792043,-217.7734375,153.80859375,51.7578125,-131.34765625,0.0,0,0
1766593619.125698,1766593619.0831003,-978.515625,192.3828125,168.9453125,13.18359375,0.0,0,0
1766593619.125744,1766593619.0869966,951.66015625,215.33203125,92.7734375,94.23828125,0.0,0,0
1766593619.125946,1766593619.0908926,-213.37890625,170.41015625,-112.3046875,-32.71484375,0.0,0,0
1766593619.125976,1766593619.0947888,-1000.0,111.328125,-141.11328125,-174.31640625,0.0,0,0
1766593619.1260018,1766593619.0986848,-314.453125,151.3671875,61.03515625,-107.421875,0.0,0,0
1766593619.126028,1766593619.102581,953.61328125,262.6953125,156.73828125,86.42578125,0.0,0,0
1766593619.1260521,1766593619.106477,-957.03125,297.36328125,51.7578125,98.6328125,0.0,0,0
1766593619.216107,1766593619.110685,-32.2265625,218.75,-69.3359375,-29.78515625,0.0,0,0
1766593619.2162418,1766593619.114581,-1000.0,103.515625,-55.6640625,-164.55078125,0.0,0,0
1766593619.216287,1766593619.1184773,-503.41796875,116.2109375,88.8671875,-124.51171875,0.0,0,0
1766593619.216325,1766593619.1223736,811.5234375,247.0703125,177.734375,34.66796875,0.0,0,0
1766593619.2163641,1766593619.1262696,-886.23046875,277.83203125,104.4921875,82.03125,0.0,0,0
1766593619.2164018,1766593619.1301658,66.40625,226.07421875,-24.4140625,43.9453125,0.0,0,0
1766593619.216439,1766593619.1340618,-1000.0,135.7421875,-106.93359375,-61.03515625,0.0,0,0
1766593619.216476,1766593619.137958,-749.0234375,104.98046875,44.921875,-90.8203125,0.0,0,0
1766593619.216513,1766593619.1418543,550.78125,218.75,207.51953125,-39.55078125,0.0,0,0
1766593619.2165492,1766593619.1457503,-826.66015625,295.41015625,119.140625,77.1484375,0.0,0,0
1766593619.216587,1766593619.1496465,116.2109375,253.41796875,-20.01953125,17.578125,0.0,0,0
1766593619.216623,1766593619.1535428,-1000.0,166.50390625,-108.3984375,-35.15625,0.0,0,0
1766593619.218775,1766593619.157521,-909.66796875,146.484375,12.20703125,-40.52734375,0.0,0,0
1766593619.2188601,1766593619.1614172,306.640625,215.33203125,154.78515625,-11.23046875,0.0,0,0
1766593619.218903,1766593619.1653135,-798.33984375,261.23046875,119.62890625,92.28515625,0.0,0,0
1766593619.218942,1766593619.1692095,205.56640625,218.75,-11.71875,74.21875,0.0,0,0
1766593619.21898,1766593619.1731057,-1000.0,171.875,-138.671875,3.41796875,0.0,0,0
1766593619.2190158,1766593619.177002,-1000.0,99.12109375,48.33984375,-198.2421875,0.0,0,0
1766593619.219052,1766593619.180898,15.625,160.64453125,254.39453125,-255.859375,0.0,0,0
1766593619.2190888,1766593619.1847942,-801.26953125,263.671875,118.1640625,-25.390625,0.0,0,0
1766593619.2191281,1766593619.1886904,265.13671875,166.50390625,-63.4765625,-140.13671875,0.0,0,0
1766593619.219166,1766593619.1925864,-993.65234375,62.5,-176.7578125,-283.203125,0.0,0,0
1766593619.219213,1766593619.1964827,-1000.0,63.96484375,-145.5078125,-208.0078125,0.0,0,0
1766593619.219249,1766593619.200379,-76.171875,175.78125,1.953125,-0.9765625,0.0,0,0
1766593619.2760692,1766593619.2044103,-829.58984375,189.453125,92.28515625,59.5703125,0.0,0,0
1766593619.276206,1766593619.2083066,454.58984375,138.18359375,-37.59765625,55.6640625,0.0,0,0
1766593619.2762492,1766593619.2122028,-854.00390625,137.20703125,-207.03125,54.19921875,0.0,0,0
1766593619.276289,1766593619.2160988,-1000.0,75.1953125,-123.53515625,-9.27734375,0.0,0,0
1766593619.2763278,1766593619.219995,-162.59765625,71.77734375,89.84375,64.453125,0.0,0,0
1766593619.276366,1766593619.2238913,-868.65234375,229.00390625,125.9765625,127.9296875,0.0,0,0
1766593619.276404,1766593619.2277875,590.8203125,272.94921875,-103.02734375,59.5703125,0.0,0,0
1766593619.276442,1766593619.2316835,-726.07421875,115.72265625,-228.515625,-131.8359375,0.0,0,0
1766593619.276479,1766593619.2355797,-1000.0,15.13671875,-92.7734375,-230.95703125,0.0,0,0
1766593619.276515,1766593619.239476,-222.16796875,92.28515625,76.171875,-37.109375,0.0,0,0
1766593619.276551,1766593619.243372,-948.73046875,212.890625,191.40625,108.88671875,0.0,0,0
1766593619.276588,1766593619.2472682,842.7734375,178.22265625,126.953125,28.80859375,0.0,0,0
1766593619.320781,1766593619.2512877,-411.62109375,69.3359375,-128.90625,-11.23046875,0.0,0,0
1766593619.3209321,1766593619.255184,-1000.0,13.18359375,-159.1796875,-11.23046875,0.0,0,0
1766593619.3210108,1766593619.2590802,-281.25,125.0,38.57421875,-34.66796875,0.0,0,0
1766593619.321066,1766593619.2629764,981.4453125,202.1484375,144.53125,87.890625,0.0,0,0
1766593619.321119,1766593619.2668724,992.1875,177.734375,35.15625,184.08203125,0.0,0,0
1766593619.321171,1766593619.2707686,-145.99609375,178.7109375,-169.43359375,73.73046875,0.0,0,0
1766593619.321223,1766593619.2746649,-1000.0,85.44921875,-174.8046875,-56.640625,0.0,0,0
1766593619.321274,1766593619.278561,-413.0859375,69.3359375,12.20703125,-52.24609375,0.0,0,0
1766593619.321331,1766593619.2824574,882.32421875,186.03515625,141.11328125,45.41015625,0.0,0,0
1766593619.321383,1766593619.2863533,-918.45703125,225.09765625,52.734375,94.7265625,0.0,0,0
1766593619.321433,1766593619.2902496,24.90234375,109.375,-134.765625,50.78125,0.0,0,0
1766593619.321484,1766593619.2941458,-1000.0,-20.5078125,-120.1171875,-4.39453125,0.0,0,0
1766593619.366637,1766593619.2981555,-571.77734375,-20.01953125,50.29296875,-23.92578125,0.0,0,0
1766593619.3667488,1766593619.3020518,743.1640625,119.140625,161.62109375,55.17578125,0.0,0,0
1766593619.3668082,1766593619.305948,-862.79296875,230.95703125,92.7734375,117.67578125,0.0,0,0
1766593619.366862,1766593619.3098443,114.2578125,158.203125,-82.03125,25.390625,0.0,0,0
1766593619.366914,1766593619.3137403,-1000.0,16.11328125,-140.625,-68.84765625,0.0,0,0
1766593619.3669639,1766593619.3176365,-758.7890625,40.0390625,-7.32421875,-49.8046875,0.0,0,0
1766593619.3670158,1766593619.3215327,531.73828125,152.34375,121.58203125,34.66796875,0.0,0,0
1766593619.3670678,1766593619.325429,-821.77734375,153.3203125,48.33984375,80.56640625,0.0,0,0
1766593619.367129,1766593619.3293252,198.73046875,115.72265625,-67.3828125,54.19921875,0.0,0,0
1766593619.367179,1766593619.3332214,-1000.0,31.73828125,-104.00390625,-18.06640625,0.0,0,0
1766593619.367229,1766593619.3371177,-916.9921875,-15.13671875,-11.71875,-36.62109375,0.0,0,0
1766593619.367292,1766593619.341014,312.98828125,106.4453125,133.7890625,27.83203125,0.0,0,0
1766593619.41095,1766593619.3450155,-804.19921875,182.6171875,108.88671875,87.40234375,0.0,0,0
1766593619.411107,1766593619.3489118,279.296875,120.60546875,-74.70703125,47.8515625,0.0,0,0
1766593619.411165,1766593619.352808,-995.60546875,24.4140625,-159.66796875,-49.31640625,0.0,0,0
1766593619.411218,1766593619.3567042,-1000.0,-21.484375,-26.85546875,-76.66015625,0.0,0,0
1766593619.411262,1766593619.3606005,79.58984375,47.8515625,142.08984375,11.71875,0.0,0,0
1766593619.411299,1766593619.3644967,-821.77734375,143.5546875,166.015625,104.00390625,0.0,0,0
1766593619.4113998,1766593619.368393,437.5,124.0234375,39.55078125,97.16796875,0.0,0,0
1766593619.4114418,1766593619.3722892,-866.69921875,64.453125,-104.4921875,-5.859375,0.0,0,0
1766593619.411485,1766593619.3761854,-1000.0,9.765625,-64.94140625,-58.10546875,0.0,0,0
1766593619.4115222,1766593619.3800817,-72.265625,50.78125,83.984375,12.6953125,0.0,0,0
1766593619.411558,1766593619.383978,-863.76953125,130.859375,137.20703125,97.16796875,0.0,0,0
1766593619.411596,1766593619.3878741,613.28125,109.86328125,20.99609375,77.1484375,0.0,0,0
1766593619.456206,1766593619.3918638,-695.3125,33.203125,-142.578125,-52.24609375,0.0,0,0
1766593619.4563122,1766593619.39576,-1000.0,-38.0859375,-92.7734375,-115.234375,0.0,0,0
1766593619.456365,1766593619.3996563,-144.04296875,15.625,77.1484375,-39.55078125,0.0,0,0
1766593619.456417,1766593619.4035525,-924.31640625,134.765625,100.09765625,62.01171875,0.0,0,0
1766593619.4564679,1766593619.4074488,823.2421875,128.90625,11.23046875,106.93359375,0.0,0,0
1766593619.4565198,1766593619.411345,-425.29296875,19.04296875,-75.68359375,30.2734375,0.0,0,0
1766593619.4565709,1766593619.4152412,-1000.0,-39.0625,-83.984375,-74.21875,0.0,0,0
1766593619.456629,1766593619.4191375,-219.23828125,51.7578125,43.9453125,-50.29296875,0.0,0,0
1766593619.4566798,1766593619.4230337,-979.98046875,152.83203125,117.67578125,52.734375,0.0,0,0
1766593619.4567308,1766593619.42693,948.2421875,104.98046875,22.4609375,89.35546875,0.0,0,0
1766593619.456783,1766593619.4308262,-214.35546875,24.4140625,-106.4453125,12.20703125,0.0,0,0
1766593619.456844,1766593619.4347224,-1000.0,-33.69140625,-111.328125,-76.66015625,0.0,0,0
1766593619.514421,1766593619.4387143,-334.9609375,-32.71484375,59.08203125,-64.453125,0.0,0,0
1766593619.5145128,1766593619.4426105,944.3359375,62.98828125,166.9921875,33.69140625,0.0,0,0
1766593619.5145469,1766593619.4465067,-957.51953125,112.3046875,57.12890625,58.59375,0.0,0,0
1766593619.514579,1766593619.450403,-41.50390625,24.90234375,-121.09375,-6.8359375,0.0,0,0
1766593619.5146089,1766593619.4542992,-1000.0,-61.03515625,-152.34375,-53.7109375,0.0,0,0
1766593619.5146382,1766593619.4581954,-470.21484375,-53.22265625,-5.859375,-57.6171875,0.0,0,0
1766593619.514668,1766593619.4620917,834.47265625,99.12109375,141.11328125,29.296875,0.0,0,0
1766593619.514697,1766593619.465988,-890.625,167.48046875,84.47265625,53.22265625,0.0,0,0
1766593619.514726,1766593619.4698842,82.51953125,29.78515625,-83.49609375,-45.8984375,0.0,0,0
1766593619.514754,1766593619.4737806,-1000.0,-67.87109375,-131.34765625,-133.30078125,0.0,0,0
1766593619.514783,1766593619.4776769,-663.0859375,-46.875,3.90625,-116.2109375,0.0,0,0
1766593619.5148108,1766593619.481573,647.94921875,33.69140625,140.625,5.37109375,0.0,0,0
1766593619.559521,1766593619.485544,-840.8203125,100.5859375,78.125,72.265625,0.0,0,0
1766593619.559673,1766593619.4894402,152.34375,77.63671875,-81.54296875,-3.41796875,0.0,0,0
1766593619.559731,1766593619.4933364,-1000.0,-33.203125,-159.66796875,-102.5390625,0.0,0,0
1766593619.559783,1766593619.4972327,-852.05078125,-62.01171875,-58.59375,-108.3984375,0.0,0,0
1766593619.559836,1766593619.5011292,409.66796875,28.3203125,118.65234375,-25.390625,0.0,0,0
1766593619.559888,1766593619.5050254,-808.10546875,112.3046875,116.69921875,58.59375,0.0,0,0
1766593619.559938,1766593619.5089216,234.375,88.37890625,-71.2890625,39.0625,0.0,0,0
1766593619.559988,1766593619.5128179,-1000.0,-37.109375,-167.48046875,-66.89453125,0.0,0,0
1766593619.5600362,1766593619.516714,-997.55859375,-89.84375,-56.15234375,-116.2109375,0.0,0,0
1766593619.560087,1766593619.5206103,168.9453125,-18.06640625,119.140625,-15.13671875,0.0,0,0
1766593619.5601401,1766593619.5245066,-808.59375,68.84765625,134.27734375,80.078125,0.0,0,0
1766593619.56019,1766593619.5284028,358.3984375,52.734375,-34.1796875,38.0859375,0.0,0,0
1766593619.605846,1766593619.532362,-937.5,-70.3125,-147.94921875,-72.265625,0.0,0,0
1766593619.60597,1766593619.5362582,-1000.0,-100.5859375,-49.8046875,-117.67578125,0.0,0,0
1766593619.6060271,1766593619.5401547,0.48828125,38.57421875,89.35546875,-63.4765625,0.0,0,0
1766593619.606081,1766593619.544051,-843.26171875,129.39453125,100.09765625,52.734375,0.0,0,0
1766593619.606133,1766593619.5479472,538.57421875,135.25390625,-45.8984375,64.94140625,0.0,0,0
1766593619.606185,1766593619.5518434,-771.484375,22.94921875,-174.8046875,-66.40625,0.0,0,0
1766593619.6062348,1766593619.5557396,-1000.0,-62.98828125,-93.26171875,-158.69140625,0.0,0,0
1766593619.606285,1766593619.5596359,-119.140625,-30.76171875,68.84765625,-99.609375,0.0,0,0
1766593619.606335,1766593619.5635324,-896.484375,36.1328125,124.0234375,48.33984375,0.0,0,0
1766593619.606386,1766593619.5674286,734.86328125,61.03515625,5.37109375,68.359375,0.0,0,0
1766593619.606426,1766593619.5713248,-553.22265625,-2.9296875,-145.5078125,-53.7109375,0.0,0,0
1766593619.606462,1766593619.575221,-1000.0,-53.7109375,-106.4453125,-136.71875,0.0,0,0
1766593619.65186,1766593619.5792496,-173.33984375,-9.765625,45.8984375,-81.54296875,0.0,0,0
1766593619.651983,1766593619.5831459,-958.984375,88.37890625,112.79296875,33.69140625,0.0,0,0
1766593619.652042,1766593619.5870423,916.50390625,96.19140625,11.23046875,64.453125,0.0,0,0
1766593619.652096,1766593619.5909386,-270.5078125,-1.953125,-147.94921875,-6.8359375,0.0,0,0
1766593619.652149,1766593619.5948348,-1000.0,-83.0078125,-133.30078125,-94.23828125,0.0,0,0
1766593619.652203,1766593619.598731,-246.58203125,-11.23046875,55.17578125,-67.3828125,0.0,0,0
1766593619.652255,1766593619.6026275,987.79296875,120.1171875,132.8125,44.921875,0.0,0,0
1766593619.652307,1766593619.6065238,-979.98046875,125.9765625,22.4609375,60.05859375,0.0,0,0
1766593619.652359,1766593619.61042,-59.5703125,30.76171875,-127.9296875,-19.04296875,0.0,0,0
1766593619.65241,1766593619.6143162,-1000.0,-48.828125,-150.390625,-89.84375,0.0,0,0
1766593619.652467,1766593619.6182127,-374.51171875,-10.7421875,1.953125,-86.9140625,0.0,0,0
1766593619.652517,1766593619.622109,909.66796875,92.28515625,104.4921875,3.41796875,0.0,0,0
1766593619.70992,1766593619.626129,-915.52734375,115.234375,28.3203125,79.1015625,0.0,0,0
1766593619.71002,1766593619.6300251,63.96484375,23.4375,-105.95703125,41.015625,0.0,0,0
1766593619.71008,1766593619.6339214,-1000.0,-47.36328125,-136.71875,-49.31640625,0.0,0,0
1766593619.710134,1766593619.6378179,-579.58984375,-20.5078125,-2.44140625,-43.45703125,0.0,0,0
1766593619.710186,1766593619.641714,735.83984375,57.6171875,119.62890625,56.15234375,0.0,0,0
1766593619.710239,1766593619.6456103,-858.3984375,119.140625,62.98828125,103.515625,0.0,0,0
1766593619.71029,1766593619.6495068,130.37109375,89.35546875,-92.7734375,42.48046875,0.0,0,0
1766593619.710339,1766593619.653403,-1000.0,6.34765625,-163.57421875,-59.08203125,0.0,0,0
1766593619.710389,1766593619.6572993,-817.87109375,-13.671875,-49.8046875,-85.9375,0.0,0,0
1766593619.710439,1766593619.6611958,462.890625,80.56640625,107.91015625,1.953125,0.0,0,0
1766593619.710488,1766593619.665092,-811.5234375,156.73828125,85.9375,83.49609375,0.0,0,0
1766593619.7105439,1766593619.6689882,166.50390625,60.546875,-92.7734375,37.109375,0.0,0,0
1766593619.74065,1766593619.6729965,-1000.0,-30.76171875,-240.234375,-60.546875,0.0,0,0
1766593619.740797,1766593619.6768928,-986.328125,5.37109375,-108.88671875,-81.54296875,0.0,0,0
1766593619.740864,1766593619.6807892,170.41015625,79.58984375,125.48828125,-31.73828125,0.0,0,0
1766593619.740916,1766593619.6846855,-797.8515625,154.296875,116.2109375,24.90234375,0.0,0,0
1766593619.740958,1766593619.6885817,250.9765625,127.9296875,-56.15234375,30.2734375,0.0,0,0
1766593619.7409952,1766593619.6924782,-994.140625,36.1328125,-139.16015625,-57.12890625,0.0,0,0
1766593619.741033,1766593619.6963744,-1000.0,5.37109375,-47.8515625,-131.8359375,0.0,0,0
1766593619.741069,1766593619.700271,-50.29296875,74.70703125,104.98046875,-77.63671875,0.0,0,0
1766593619.741106,1766593619.7041671,-812.5,189.453125,107.91015625,28.3203125,0.0,0,0
1766593619.741153,1766593619.7080634,349.12109375,165.0390625,-44.43359375,-10.7421875,0.0,0,0
1766593619.741201,1766593619.7119598,-935.546875,55.6640625,-149.90234375,-140.625,0.0,0,0
1766593619.741246,1766593619.715856,-1000.0,36.62109375,-76.171875,-165.0390625,0.0,0,0
1766593619.8143868,1766593619.719932,-166.015625,126.953125,90.8203125,-77.63671875,0.0,0,0
1766593619.8145149,1766593619.7238283,-846.6796875,253.41796875,135.7421875,-13.671875,0.0,0,0
1766593619.814573,1766593619.7277246,491.69921875,263.671875,-17.08984375,-80.56640625,0.0,0,0
1766593619.814625,1766593619.731621,-827.1484375,157.2265625,-186.03515625,-175.78125,0.0,0,0
1766593619.814677,1766593619.7355173,-1000.0,84.9609375,-56.640625,-331.0546875,0.0,0,0
1766593619.814733,1766593619.7394137,-242.67578125,186.03515625,108.3984375,-270.5078125,0.0,0,0
1766593619.814784,1766593619.74331,-911.1328125,344.23828125,76.171875,-25.87890625,0.0,0,0
1766593619.8148348,1766593619.7472064,697.265625,363.76953125,-36.62109375,-49.8046875,0.0,0,0
1766593619.8148859,1766593619.7511027,-619.62890625,278.3203125,-163.0859375,-214.35546875,0.0,0,0
1766593619.814942,1766593619.7549992,-1000.0,190.91796875,-108.3984375,-356.93359375,0.0,0,0
1766593619.814991,1766593619.7588954,-346.6796875,265.625,52.734375,-342.28515625,0.0,0,0
1766593619.815049,1766593619.7627919,-984.86328125,424.8046875,75.1953125,-81.0546875,0.0,0,0
1766593619.831319,1766593619.7667878,816.40625,424.8046875,3.41796875,-224.609375,0.0,0,0
1766593619.831421,1766593619.770684,-497.0703125,353.515625,-128.90625,-373.046875,0.0,0,0
1766593619.831479,1766593619.7745805,-1000.0,367.67578125,-179.19921875,-210.44921875,0.0,0,0
1766593619.831532,1766593619.7784767,-514.16015625,396.484375,35.15625,-315.91796875,0.0,0,0
1766593619.831582,1766593619.7823732,810.05859375,515.625,189.94140625,-389.16015625,0.0,0,0
1766593619.831899,1766593619.7862694,-949.21875,630.859375,-12.6953125,-191.40625,0.0,0,0
1766593619.831947,1766593619.790166,-143.06640625,551.26953125,-273.4375,-62.98828125,0.0,0,0
1766593619.831985,1766593619.7940621,-1000.0,452.1484375,-302.734375,-204.1015625,0.0,0,0
1766593619.8320231,1766593619.7979586,-630.859375,492.67578125,-71.2890625,-297.8515625,0.0,0,0
1766593619.8320599,1766593619.801855,685.05859375,624.0234375,145.5078125,-190.4296875,0.0,0,0
1766593619.832097,1766593619.8057513,-860.83984375,734.86328125,29.78515625,-104.4921875,0.0,0,0
1766593619.8321338,1766593619.8096478,44.921875,690.91796875,-229.4921875,-134.765625,0.0,0,0
1766593619.875604,1766593619.8136268,-1000.0,519.53125,-233.88671875,-279.78515625,0.0,0,0
1766593619.875715,1766593619.8175232,-789.0625,510.25390625,-48.828125,-317.3828125,0.0,0,0
1766593619.8757708,1766593619.8214195,505.859375,681.15234375,124.51171875,-158.69140625,0.0,0,0
1766593619.875825,1766593619.825316,-818.84765625,746.09375,68.359375,-106.93359375,0.0,0,0
1766593619.8758771,1766593619.8292124,116.2109375,646.97265625,-162.109375,-223.6328125,0.0,0,0
1766593619.875929,1766593619.8331087,-1000.0,575.68359375,-270.99609375,-257.8125,0.0,0,0
1766593619.875979,1766593619.8370051,-921.875,626.953125,-112.79296875,-183.59375,0.0,0,0
1766593619.876029,1766593619.8409014,309.08203125,707.51953125,89.35546875,-102.05078125,0.0,0,0
1766593619.87608,1766593619.8447978,-792.48046875,683.59375,54.6875,-17.08984375,0.0,0,0
1766593619.876142,1766593619.848694,199.21875,624.51171875,-177.24609375,-37.59765625,0.0,0,0
1766593619.876193,1766593619.8525906,-1000.0,573.73046875,-311.03515625,-143.06640625,0.0,0,0
1766593619.8762429,1766593619.856487,-1000.0,558.59375,-171.875,-196.2890625,0.0,0,0
1766593619.934863,1766593619.86046,64.453125,682.6171875,25.390625,-125.48828125,0.0,0,0
1766593619.935027,1766593619.8643563,-796.875,779.296875,47.36328125,-26.3671875,0.0,0,0
1766593619.935084,1766593619.8682528,334.9609375,708.49609375,-143.06640625,-43.9453125,0.0,0,0
1766593619.935143,1766593619.8721492,-950.1953125,548.828125,-280.76171875,-131.8359375,0.0,0,0
1766593619.9351969,1766593619.8760455,-1000.0,504.8828125,-175.78125,-161.62109375,0.0,0,0
1766593619.9352489,1766593619.879942,-79.1015625,613.76953125,49.31640625,-71.77734375,0.0,0,0
1766593619.935364,1766593619.8838384,-832.03125,674.31640625,95.703125,15.13671875,0.0,0,0
1766593619.935453,1766593619.8877347,494.62890625,644.04296875,-136.71875,-14.16015625,0.0,0,0
1766593619.9355142,1766593619.8916311,-831.54296875,555.17578125,-318.84765625,-110.83984375,0.0,0,0
1766593619.93557,1766593619.8955276,-1000.0,465.8203125,-212.40234375,-150.390625,0.0,0,0
1766593619.935623,1766593619.8994238,-149.90234375,509.27734375,31.25,-70.80078125,0.0,0,0
1766593619.935675,1766593619.9033203,-899.4140625,637.6953125,94.7265625,26.85546875,0.0,0,0
1766593619.980351,1766593619.9072807,749.51171875,657.71484375,-86.42578125,39.0625,0.0,0,0
1766593619.980463,1766593619.9111772,-563.4765625,535.64453125,-274.90234375,-45.41015625,0.0,0,0
1766593619.9805062,1766593619.9150734,-1000.0,438.96484375,-225.5859375,-104.00390625,0.0,0,0
1766593619.980545,1766593619.9189699,-175.78125,511.23046875,15.13671875,-88.37890625,0.0,0,0
1766593619.980583,1766593619.9228663,-953.125,610.83984375,99.12109375,12.20703125,0.0,0,0
1766593619.9806201,1766593619.9267626,911.1328125,615.72265625,-68.359375,98.14453125,0.0,0,0
1766593619.9806578,1766593619.930659,-317.87109375,535.64453125,-267.08984375,17.08984375,0.0,0,0
1766593619.980695,1766593619.9345555,-1000.0,416.015625,-249.0234375,-85.44921875,0.0,0,0
1766593619.980733,1766593619.938452,-216.30859375,410.15625,9.27734375,-87.40234375,0.0,0,0
1766593619.980771,1766593619.9423482,993.1640625,533.203125,124.0234375,12.20703125,0.0,0,0
1766593619.98081,1766593619.9462447,-970.21484375,604.98046875,-52.734375,89.84375,0.0,0,0
1766593619.9808471,1766593619.9501412,-55.17578125,512.6953125,-267.578125,15.625,0.0,0,0
1766593620.0252311,1766593619.9541678,-1000.0,387.20703125,-259.765625,-82.51953125,0.0,0,0
1766593620.025356,1766593619.958064,-296.875,435.05859375,-37.109375,-64.94140625,0.0,0,0
1766593620.025385,1766593619.9619606,956.0546875,575.68359375,89.84375,3.90625,0.0,0,0
1766593620.0254111,1766593619.965857,-927.24609375,595.703125,-33.203125,51.26953125,0.0,0,0
1766593620.025436,1766593619.9697535,70.80078125,477.05078125,-249.51171875,-6.34765625,0.0,0,0
1766593620.025461,1766593619.9736497,-1000.0,379.39453125,-275.87890625,-80.078125,0.0,0,0
1766593620.025485,1766593619.9775462,-449.21875,388.18359375,-102.5390625,-67.3828125,0.0,0,0
1766593620.025509,1766593619.9814427,864.2578125,493.65234375,69.3359375,20.5078125,0.0,0,0
1766593620.025534,1766593619.9853392,-884.27734375,550.29296875,16.6015625,78.61328125,0.0,0,0
1766593620.025558,1766593619.9892354,158.203125,422.36328125,-213.8671875,37.59765625,0.0,0,0
1766593620.025582,1766593619.9931319,-1000.0,295.8984375,-291.50390625,-41.015625,0.0,0,0
1766593620.0256052,1766593619.9970284,-643.06640625,301.26953125,-107.421875,-64.453125,0.0,0,0
1766593620.1297238,1766593620.0012014,699.21875,429.19921875,87.40234375,6.8359375,0.0,0,0
1766593620.1298702,1766593620.0050979,-843.75,521.484375,36.1328125,66.89453125,0.0,0,0
1766593620.129927,1766593620.0089943,205.078125,444.3359375,-184.5703125,17.578125,0.0,0,0
1766593620.129981,1766593620.0128908,-1000.0,304.6875,-282.71484375,-73.73046875,0.0,0,0
1766593620.130083,1766593620.0167873,-816.40625,265.13671875,-107.91015625,-89.35546875,0.0,0,0
1766593620.130174,1766593620.0206838,499.0234375,389.16015625,99.12109375,-12.6953125,0.0,0,0
1766593620.130233,1766593620.0245802,-812.98828125,512.6953125,80.078125,67.3828125,0.0,0,0
1766593620.1303449,1766593620.0284765,254.8828125,424.8046875,-149.4140625,17.578125,0.0,0,0
1766593620.13041,1766593620.032373,-1000.0,229.00390625,-303.7109375,-95.21484375,0.0,0,0
1766593620.130461,1766593620.0362694,-968.26171875,190.4296875,-164.55078125,-124.51171875,0.0,0,0
1766593620.1305149,1766593620.040166,268.06640625,328.61328125,61.03515625,-73.2421875,0.0,0,0
1766593620.130566,1766593620.0440624,-804.6875,429.19921875,77.63671875,6.8359375,0.0,0,0
1766593620.13185,1766593620.0481558,404.296875,360.83984375,-140.13671875,14.6484375,0.0,0,0
1766593620.131922,1766593620.0520523,-909.66796875,214.84375,-300.29296875,-66.89453125,0.0,0,0
1766593620.131964,1766593620.0559487,-1000.0,169.43359375,-174.8046875,-106.4453125,0.0,0,0
1766593620.132003,1766593620.0598452,46.875,253.41796875,65.4296875,-51.7578125,0.0,0,0
1766593620.13205,1766593620.0637417,-837.890625,350.09765625,129.39453125,20.5078125,0.0,0,0
1766593620.132088,1766593620.0676382,583.0078125,325.1953125,-44.43359375,24.4140625,0.0,0,0
1766593620.132125,1766593620.0715346,-741.2109375,175.78125,-236.328125,-41.9921875,0.0,0,0
1766593620.132163,1766593620.075431,-1000.0,101.07421875,-171.38671875,-100.09765625,0.0,0,0
1766593620.1321988,1766593620.0793276,-111.81640625,187.01171875,35.64453125,-80.078125,0.0,0,0
1766593620.132237,1766593620.083224,-899.4140625,300.29296875,108.88671875,-14.16015625,0.0,0,0
1766593620.132308,1766593620.0871205,769.04296875,315.91796875,-44.43359375,-3.41796875,0.0,0,0
1766593620.1323452,1766593620.091017,-535.15625,162.59765625,-242.67578125,-67.3828125,0.0,0,0
1766593620.161508,1766593620.095021,-1000.0,39.55078125,-191.89453125,-125.0,0.0,0,0
1766593620.161611,1766593620.0989175,-148.92578125,133.7890625,32.71484375,-91.30859375,0.0,0,0
1766593620.161669,1766593620.102814,-956.54296875,250.0,130.37109375,-3.41796875,0.0,0,0
1766593620.1617222,1766593620.1067104,937.01171875,286.1328125,-3.90625,10.7421875,0.0,0,0
1766593620.16179,1766593620.110607,-270.99609375,190.91796875,-208.984375,-47.36328125,0.0,0,0
1766593620.161844,1766593620.1145036,-1000.0,48.33984375,-186.5234375,-120.1171875,0.0,0,0
1766593620.1618948,1766593620.1184,-197.265625,93.75,33.203125,-115.234375,0.0,0,0
1766593620.1619442,1766593620.1222966,-994.140625,235.83984375,141.6015625,-21.97265625,0.0,0,0
1766593620.161997,1766593620.126193,-981.93359375,249.51171875,1.46484375,17.08984375,0.0,0,0
1766593620.162464,1766593620.1300895,-81.0546875,105.95703125,-219.7265625,-62.01171875,0.0,0,0
1766593620.162522,1766593620.133986,-1000.0,29.78515625,-219.7265625,-127.44140625,0.0,0,0
1766593620.1625721,1766593620.1378825,-297.8515625,-59.5703125,-16.6015625,-107.91015625,0.0,0,0
1766593620.206896,1766593620.1418705,952.63671875,-38.57421875,130.859375,-44.43359375,0.0,0,0
1766593620.207027,1766593620.145767,-925.29296875,233.3984375,53.22265625,19.53125,0.0,0,0
1766593620.207086,1766593620.1496634,71.77734375,189.453125,-167.96875,-22.94921875,0.0,0,0
1766593620.207139,1766593620.1535602,-1000.0,2.44140625,-236.81640625,-106.4453125,0.0,0,0
1766593620.2071931,1766593620.1574566,-446.2890625,11.23046875,-66.89453125,-110.3515625,0.0,0,0
1766593620.207246,1766593620.161353,868.1640625,190.4296875,151.3671875,-33.69140625,0.0,0,0
1766593620.207298,1766593620.1652496,-886.23046875,288.57421875,95.703125,21.97265625,0.0,0,0
1766593620.207351,1766593620.169146,147.94921875,124.0234375,-165.0390625,-30.76171875,0.0,0,0
1766593620.2074041,1766593620.1730425,-1000.0,-35.64453125,-251.46484375,-114.2578125,0.0,0,0
1766593620.207455,1766593620.1769392,-649.4140625,-17.578125,-78.125,-117.1875,0.0,0,0
1766593620.2075148,1766593620.1808357,692.87109375,122.55859375,133.7890625,-37.59765625,0.0,0,0
1766593620.2075672,1766593620.1847322,-842.28515625,221.19140625,97.65625,17.578125,0.0,0,0
1766593620.2502,1766593620.1887105,179.6875,147.4609375,-136.71875,-10.25390625,0.0,0,0
1766593620.250284,1766593620.192607,-1000.0,28.80859375,-226.5625,-76.171875,0.0,0,0
1766593620.250311,1766593620.1965036,-857.91015625,4.39453125,-74.70703125,-112.79296875,0.0,0,0
1766593620.2503371,1766593620.2004,432.12890625,114.74609375,122.55859375,-60.05859375,0.0,0,0
1766593620.2503622,1766593620.2042966,-804.19921875,206.54296875,102.5390625,12.20703125,0.0,0,0
1766593620.250387,1766593620.208193,244.62890625,132.8125,-95.21484375,-20.99609375,0.0,0,0
1766593620.250411,1766593620.2120895,-1000.0,3.90625,-219.23828125,-98.6328125,0.0,0,0
1766593620.250435,1766593620.2159863,-1000.0,-54.6875,-125.48828125,-123.53515625,0.0,0,0
1766593620.250458,1766593620.2198827,173.828125,31.25,85.9375,-78.61328125,0.0,0,0
1766593620.2504818,1766593620.2237792,-792.48046875,160.64453125,127.9296875,-6.34765625,0.0,0,0
1766593620.250506,1766593620.2276757,310.546875,145.01953125,-71.2890625,-8.7890625,0.0,0,0
1766593620.250529,1766593620.2315722,-963.8671875,2.44140625,-238.76953125,-92.7734375,0.0,0,0
1766593620.309729,1766593620.235542,-1000.0,-83.0078125,-156.25,-138.18359375,0.0,0,0
1766593620.309827,1766593620.2394385,-35.15625,0.9765625,62.5,-90.33203125,0.0,0,0
1766593620.30987,1766593620.243335,-826.171875,139.16015625,127.44140625,-10.7421875,0.0,0,0
1766593620.309909,1766593620.2472315,489.74609375,119.62890625,-40.0390625,2.44140625,0.0,0,0
1766593620.309948,1766593620.2511282,-830.56640625,-3.90625,-224.609375,-74.21875,0.0,0,0
1766593620.309984,1766593620.2550247,-1000.0,-86.42578125,-192.87109375,-145.99609375,0.0,0,0
1766593620.3100219,1766593620.2589211,-153.80859375,110.3515625,17.08984375,-116.2109375,0.0,0,0
1766593620.31006,1766593620.2628176,-898.4375,238.76953125,119.62890625,-32.71484375,0.0,0,0
1766593620.310097,1766593620.2667143,741.69921875,109.86328125,-49.8046875,-3.41796875,0.0,0,0
1766593620.310134,1766593620.2706108,-574.21875,-20.99609375,-247.55859375,-43.45703125,0.0,0,0
1766593620.310171,1766593620.2745073,-1000.0,-121.58203125,-173.828125,-110.83984375,0.0,0,0
1766593620.310208,1766593620.2784038,-172.8515625,-57.6171875,45.8984375,-111.81640625,0.0,0,0
1766593620.355786,1766593620.282363,-952.63671875,83.49609375,129.39453125,-40.52734375,0.0,0,0
1766593620.355903,1766593620.2862594,909.1796875,111.81640625,2.9296875,15.13671875,0.0,0,0
1766593620.355964,1766593620.2901561,-315.91796875,-6.8359375,-189.94140625,-32.2265625,0.0,0,0
1766593620.356019,1766593620.2940526,-1000.0,-119.62890625,-204.58984375,-100.09765625,0.0,0,0
1766593620.356072,1766593620.297949,-249.51171875,-97.16796875,-1.953125,-78.125,0.0,0,0
1766593620.3561249,1766593620.3018456,988.76953125,55.17578125,165.0390625,1.46484375,0.0,0,0
1766593620.3561778,1766593620.3057423,-984.375,133.7890625,60.546875,36.1328125,0.0,0,0
1766593620.356235,1766593620.3096387,-104.4921875,10.7421875,-167.48046875,-21.484375,0.0,0,0
1766593620.356286,1766593620.3135352,-1000.0,-155.76171875,-226.07421875,-107.91015625,0.0,0,0
1766593620.356322,1766593620.317432,-344.23828125,-95.21484375,-57.6171875,-130.859375,0.0,0,0
1766593620.3563578,1766593620.3213284,928.7109375,62.5,111.328125,-60.546875,0.0,0,0
1766593620.356394,1766593620.3252249,-918.9453125,102.5390625,45.8984375,3.90625,0.0,0,0
1766593620.40055,1766593620.3292496,62.98828125,0.48828125,-163.0859375,-25.390625,0.0,0,0
1766593620.400647,1766593620.3331463,-1000.0,-165.52734375,-226.07421875,-108.88671875,0.0,0,0
1766593620.4007082,1766593620.3370428,-557.6171875,-138.18359375,-46.875,-118.65234375,0.0,0,0
1766593620.4007602,1766593620.3409395,772.94921875,11.23046875,124.0234375,-60.546875,0.0,0,0
1766593620.400811,1766593620.344836,-861.81640625,91.30859375,72.75390625,-5.37109375,0.0,0,0
1766593620.400861,1766593620.3487325,148.92578125,45.8984375,-119.140625,-12.6953125,0.0,0,0
1766593620.4009118,1766593620.3526292,-1000.0,-113.28125,-232.91015625,-92.7734375,0.0,0,0
1766593620.400961,1766593620.3565257,-771.97265625,-189.453125,-105.95703125,-128.90625,0.0,0,0
1766593620.401012,1766593620.3604221,548.828125,-65.4296875,96.6796875,-84.47265625,0.0,0,0
1766593620.401072,1766593620.3643188,-817.3828125,88.8671875,89.84375,-24.4140625,0.0,0,0
1766593620.401109,1766593620.3682153,173.33984375,47.8515625,-110.83984375,-43.9453125,0.0,0,0
1766593620.401145,1766593620.3721118,-1000.0,-118.65234375,-247.0703125,-119.62890625,0.0,0,0
1766593620.4462678,1766593620.3761284,-952.63671875,-153.80859375,-132.32421875,-140.13671875,0.0,0,0
1766593620.446356,1766593620.380025,269.53125,-61.5234375,68.359375,-108.3984375,0.0,0,0
1766593620.446399,1766593620.3839214,-791.9921875,47.36328125,77.63671875,-45.41015625,0.0,0,0
1766593620.446433,1766593620.387818,252.9296875,6.8359375,-116.69921875,-29.78515625,0.0,0,0
1766593620.4464629,1766593620.3917146,-998.53515625,-140.13671875,-243.65234375,-92.7734375,0.0,0,0
1766593620.446492,1766593620.3956113,-1000.0,-156.25,-123.046875,-135.25390625,0.0,0,0
1766593620.446521,1766593620.3995078,27.83203125,-43.9453125,74.21875,-105.46875,0.0,0,0
1766593620.4465501,1766593620.4034045,-805.17578125,35.64453125,111.328125,-32.71484375,0.0,0,0
1766593620.446579,1766593620.407301,385.7421875,21.484375,-51.26953125,-8.30078125,0.0,0,0
1766593620.4466078,1766593620.4111974,-912.109375,-97.65625,-229.4921875,-84.9609375,0.0,0,0
1766593620.4466372,1766593620.4150941,-1000.0,-202.63671875,-181.15234375,-158.203125,0.0,0,0
1766593620.446679,1766593620.4189906,-128.41796875,-147.94921875,34.66796875,-108.3984375,0.0,0,0
1766593620.492588,1766593620.422996,-854.00390625,0.9765625,129.8828125,-19.53125,0.0,0,0
1766593620.492769,1766593620.4268925,571.77734375,49.8046875,-14.6484375,-12.20703125,0.0,0,0
1766593620.492888,1766593620.4307892,-758.7890625,-76.66015625,-208.0078125,-83.0078125,0.0,0,0
1766593620.493001,1766593620.4346857,-1000.0,-185.546875,-179.6875,-149.4140625,0.0,0,0
1766593620.493052,1766593620.4385824,-197.265625,-116.69921875,24.90234375,-123.53515625,0.0,0,0
1766593620.493133,1766593620.442479,-906.73828125,51.26953125,130.37109375,-42.48046875,0.0,0,0
1766593620.493233,1766593620.4463756,740.72265625,69.82421875,-12.20703125,-16.6015625,0.0,0,0
1766593620.493334,1766593620.450272,-578.125,-76.66015625,-243.1640625,-76.171875,0.0,0,0
1766593620.493435,1766593620.4541688,-1000.0,-139.16015625,-246.58203125,-136.71875,0.0,0,0
1766593620.493588,1766593620.4580653,-224.12109375,-112.3046875,-4.39453125,-113.28125,0.0,0,0
1766593620.4936771,1766593620.461962,-977.05078125,-19.04296875,153.3203125,-41.015625,0.0,0,0
1766593620.4937348,1766593620.4658585,936.03515625,33.203125,36.62109375,-7.8125,0.0,0,0
1766593620.535197,1766593620.469854,-273.92578125,-84.47265625,-168.45703125,-52.24609375,0.0,0,0
1766593620.535431,1766593620.4737506,-1000.0,-207.03125,-199.21875,-125.0,0.0,0,0
1766593620.535462,1766593620.4776473,-307.6171875,-166.015625,-37.59765625,-125.9765625,0.0,0,0
1766593620.535488,1766593620.4815438,956.0546875,-12.6953125,120.1171875,-58.10546875,0.0,0,0
1766593620.535514,1766593620.4854405,-959.9609375,74.21875,53.7109375,5.37109375,0.0,0,0
1766593620.535538,1766593620.489337,-55.6640625,-33.203125,-167.48046875,-31.25,0.0,0,0
1766593620.535562,1766593620.4932337,-1000.0,-185.546875,-216.30859375,-124.0234375,0.0,0,0
1766593620.535586,1766593620.4971304,-460.9375,-137.20703125,-37.59765625,-117.67578125,0.0,0,0
1766593620.5356102,1766593620.5010269,848.14453125,33.69140625,116.69921875,-20.01953125,0.0,0,0
1766593620.535635,1766593620.5049236,-888.18359375,60.05859375,67.3828125,26.3671875,0.0,0,0
1766593620.53566,1766593620.50882,92.7734375,-52.24609375,-125.48828125,-21.97265625,0.0,0,0
1766593620.535684,1766593620.5127168,-1000.0,-188.96484375,-214.84375,-104.00390625,0.0,0,0
1766593620.580336,1766593620.516704,-669.43359375,-207.03125,-62.98828125,-134.765625,0.0,0,0
1766593620.5804238,1766593620.5206006,662.59765625,-99.609375,124.51171875,-62.98828125,0.0,0,0
1766593620.5804648,1766593620.5244973,-839.84375,6.8359375,110.83984375,28.3203125,0.0,0,0
1766593620.580503,1766593620.528394,139.6484375,-43.9453125,-97.16796875,7.8125,0.0,0,0
1766593620.58054,1766593620.5322905,-1000.0,-190.91796875,-208.0078125,-86.42578125,0.0,0,0
1766593620.5805771,1766593620.5361872,-854.98046875,-198.2421875,-68.359375,-99.609375,0.0,0,0
1766593620.5806148,1766593620.5400836,427.734375,-62.5,119.140625,-21.484375,0.0,0,0
1766593620.580651,1766593620.5439804,-802.734375,114.2578125,119.140625,40.52734375,0.0,0,0
1766593620.5806878,1766593620.547877,199.21875,45.41015625,-75.1953125,1.46484375,0.0,0,0
1766593620.580725,1766593620.5517735,-1000.0,-197.265625,-205.56640625,-72.265625,0.0,0,0
1766593620.5807612,1766593620.5556703,-996.58203125,-240.72265625,-107.91015625,-91.30859375,0.0,0,0
1766593620.5807989,1766593620.5595667,190.4296875,-115.72265625,93.26171875,-53.7109375,0.0,0,0
1766593620.626494,1766593620.5635445,-791.015625,-5.859375,112.79296875,8.30078125,0.0,0,0
1766593620.626635,1766593620.5674412,268.5546875,-41.9921875,-68.84765625,1.953125,0.0,0,0
1766593620.626694,1766593620.5713377,-985.83984375,-158.203125,-198.73046875,-62.5,0.0,0,0
1766593620.626747,1766593620.5752344,-1000.0,-229.98046875,-119.140625,-93.75,0.0,0,0
1766593620.6267982,1766593620.5791311,-29.296875,-133.7890625,79.58984375,-53.7109375,0.0,0,0
1766593620.626848,1766593620.5830276,-821.77734375,12.20703125,133.7890625,-2.9296875,0.0,0,0
1766593620.626899,1766593620.5869243,456.54296875,114.74609375,-35.64453125,-6.34765625,0.0,0,0
1766593620.626951,1766593620.590821,-858.3984375,24.4140625,-230.95703125,-68.84765625,0.0,0,0
1766593620.627001,1766593620.5947175,-1000.0,-236.328125,-189.453125,-122.0703125,0.0,0,0
1766593620.62705,1766593620.5986142,-138.671875,-173.33984375,46.875,-75.68359375,0.0,0,0
1766593620.627157,1766593620.602511,-874.51171875,24.90234375,141.11328125,13.671875,0.0,0,0
1766593620.627245,1766593620.6064074,654.296875,30.76171875,-15.13671875,28.80859375,0.0,0,0
1766593620.700813,1766593620.6105268,-673.828125,-110.3515625,-201.171875,-38.0859375,0.0,0,0
1766593620.70095,1766593620.6144235,-1000.0,-221.19140625,-171.38671875,-99.12109375,0.0,0,0
1766593620.700991,1766593620.6183202,-178.22265625,-156.73828125,28.3203125,-83.0078125,0.0,0,0
1766593620.701031,1766593620.6222167,-931.640625,1.46484375,120.60546875,-24.4140625,0.0,0,0
1766593620.70107,1766593620.6261134,836.9140625,25.390625,-5.859375,3.90625,0.0,0,0
1766593620.701108,1766593620.6300101,-432.12890625,-100.5859375,-186.03515625,-41.9921875,0.0,0,0
1766593620.7011468,1766593620.6339068,-1000.0,-126.46484375,-205.078125,-104.4921875,0.0,0,0
1766593620.701184,1766593620.6378036,-255.37109375,-125.0,-6.34765625,-95.21484375,0.0,0,0
1766593620.701227,1766593620.6417,991.69921875,-91.30859375,142.08984375,-25.390625,0.0,0,0
1766593620.7012732,1766593620.6455967,993.65234375,-8.7890625,29.78515625,11.71875,0.0,0,0
1766593620.701321,1766593620.6494935,-158.69140625,-78.61328125,-160.15625,-31.25,0.0,0,0
1766593620.701368,1766593620.6533902,-1000.0,-204.58984375,-194.3359375,-85.9375,0.0,0,0
1766593620.7305448,1766593620.6573524,-347.16796875,-191.40625,-28.80859375,-82.51953125,0.0,0,0
1766593620.730643,1766593620.6612492,932.12890625,-30.76171875,126.953125,-20.01953125,0.0,0,0
1766593620.7306979,1766593620.6651459,-932.6171875,36.1328125,52.734375,15.625,0.0,0,0
1766593620.730749,1766593620.6690426,9.765625,-63.96484375,-144.04296875,-31.73828125,0.0,0,0
1766593620.7308002,1766593620.6729393,-1000.0,-192.3828125,-212.890625,-103.515625,0.0,0,0
1766593620.7308512,1766593620.676836,-513.18359375,-183.59375,-42.96875,-112.3046875,0.0,0,0
1766593620.7309031,1766593620.6807325,804.19921875,-41.015625,145.5078125,-49.8046875,0.0,0,0
1766593620.730954,1766593620.6846292,-875.0,20.01953125,64.453125,-9.765625,0.0,0,0
1766593620.7310028,1766593620.688526,112.79296875,-81.0546875,-159.1796875,-51.26953125,0.0,0,0
1766593620.731054,1766593620.6924226,-1000.0,-206.54296875,-228.02734375,-108.3984375,0.0,0,0
1766593620.731102,1766593620.6963193,-743.65234375,-217.7734375,-73.73046875,-121.09375,0.0,0,0
1766593620.731165,1766593620.7002158,574.21875,-89.35546875,111.81640625,-74.21875,0.0,0,0
1766593620.776876,1766593620.7042391,-823.73046875,2.9296875,98.14453125,-1.953125,0.0,0,0
1766593620.776983,1766593620.7081358,160.64453125,47.36328125,-97.65625,-15.13671875,0.0,0,0
1766593620.777067,1766593620.7120326,-1000.0,-64.453125,-229.4921875,-92.28515625,0.0,0,0
1766593620.777119,1766593620.715929,-906.25,-225.09765625,-113.76953125,-120.1171875,0.0,0,0
1766593620.77717,1766593620.7198257,345.703125,-106.93359375,91.796875,-73.73046875,0.0,0,0
1766593620.7772532,1766593620.7237225,-796.38671875,58.10546875,106.93359375,-15.625,0.0,0,0
1766593620.7773051,1766593620.7276192,224.609375,1.953125,-89.35546875,-24.4140625,0.0,0,0
1766593620.777357,1766593620.731516,-1000.0,-172.8515625,-218.26171875,-77.1484375,0.0,0,0
1766593620.777406,1766593620.7354126,-1000.0,-227.05078125,-115.234375,-115.234375,0.0,0,0
1766593620.777456,1766593620.7393093,69.82421875,-102.05078125,75.1953125,-89.35546875,0.0,0,0
1766593620.777536,1766593620.743206,-799.8046875,24.90234375,118.1640625,-19.04296875,0.0,0,0
1766593620.777589,1766593620.7471027,341.30859375,-7.8125,-42.96875,-0.9765625,0.0,0,0
1766593620.8206432,1766593620.7511172,-942.87109375,-160.15625,-207.03125,-62.5,0.0,0,0
1766593620.8207328,1766593620.755014,-1000.0,-273.92578125,-144.53125,-109.375,0.0,0,0
1766593620.8207738,1766593620.7589107,-92.7734375,-170.8984375,62.01171875,-84.9609375,0.0,0,0
1766593620.820813,1766593620.7628074,-840.8203125,-4.8828125,121.58203125,-23.92578125,0.0,0,0
1766593620.8208508,1766593620.766704,523.92578125,7.32421875,-38.57421875,-6.8359375,0.0,0,0
1766593620.820888,1766593620.7706008,-801.26953125,-104.98046875,-201.66015625,-63.4765625,0.0,0,0
1766593620.820936,1766593620.7744975,-1000.0,-189.453125,-158.69140625,-111.81640625,0.0,0,0
1766593620.8209732,1766593620.778394,-173.828125,-145.99609375,29.296875,-80.078125,0.0,0,0
1766593620.8210108,1766593620.7822907,-900.87890625,23.4375,120.60546875,0.9765625,0.0,0,0
1766593620.821048,1766593620.7861874,733.88671875,83.984375,-0.9765625,41.50390625,0.0,0,0
1766593620.821086,1766593620.7900841,-579.1015625,-102.05078125,-189.94140625,-31.25,0.0,0,0
1766593620.8211489,1766593620.7939808,-1000.0,-228.02734375,-186.03515625,-127.44140625,0.0,0,0
1766593620.8655849,1766593620.797985,-221.6796875,-169.43359375,9.27734375,-128.41796875,0.0,0,0
1766593620.865663,1766593620.8018818,-965.33203125,-35.64453125,121.58203125,-58.59375,0.0,0,0
1766593620.865705,1766593620.8057785,905.76171875,6.34765625,9.765625,-22.94921875,0.0,0,0
1766593620.8657541,1766593620.8096752,-327.1484375,-70.3125,-191.40625,-83.0078125,0.0,0,0
1766593620.865792,1766593620.813572,-1000.0,-159.1796875,-223.14453125,-167.48046875,0.0,0,0
1766593620.866154,1766593620.8174686,-272.94921875,-121.09375,-36.62109375,-177.24609375,0.0,0,0
1766593620.866196,1766593620.8213654,976.5625,3.90625,98.14453125,-106.93359375,0.0,0,0
1766593620.866233,1766593620.825262,-980.95703125,50.29296875,-1.46484375,-63.4765625,0.0,0,0
1766593620.866278,1766593620.8291588,-89.84375,42.48046875,-192.87109375,-114.2578125,0.0,0,0
1766593620.866314,1766593620.8330555,-1000.0,-99.609375,-245.60546875,-191.40625,0.0,0,0
1766593620.8663511,1766593620.8369522,-431.15234375,-158.69140625,-83.984375,-207.03125,0.0,0,0
1766593620.866387,1766593620.840849,869.62890625,-24.90234375,79.1015625,-132.8125,0.0,0,0
1766593620.911572,1766593620.844844,-898.4375,57.12890625,24.90234375,-52.24609375,0.0,0,0
1766593620.9116821,1766593620.8487408,75.68359375,-10.25390625,-169.921875,-86.42578125,0.0,0,0
1766593620.9117398,1766593620.8526375,-1000.0,-149.90234375,-244.62890625,-158.203125,0.0,0,0
1766593620.911807,1766593620.8565342,-637.20703125,-146.97265625,-98.6328125,-170.8984375,0.0,0,0
1766593620.91186,1766593620.860431,692.87109375,-18.06640625,83.0078125,-113.28125,0.0,0,0
1766593620.911911,1766593620.8643277,-846.6796875,66.89453125,63.4765625,-48.828125,0.0,0,0
1766593620.911962,1766593620.8682244,133.7890625,-24.4140625,-135.25390625,-66.89453125,0.0,0,0
1766593620.912012,1766593620.872121,-1000.0,-83.49609375,-245.1171875,-129.39453125,0.0,0,0
1766593620.912063,1766593620.8760178,-832.51953125,-48.33984375,-117.67578125,-155.2734375,0.0,0,0
1766593620.912114,1766593620.8799145,455.078125,-46.38671875,90.33203125,-96.6796875,0.0,0,0
1766593620.9121659,1766593620.8838112,-806.640625,42.96875,89.84375,-38.0859375,0.0,0,0
1766593620.912214,1766593620.887708,186.03515625,21.484375,-111.328125,-61.5234375,0.0,0,0
1766593620.955818,1766593620.891694,-1000.0,-136.23046875,-235.83984375,-120.1171875,0.0,0,0
1766593620.95592,1766593620.8955908,-981.4453125,-209.9609375,-130.859375,-149.4140625,0.0,0,0
1766593620.955978,1766593620.8994875,212.890625,-102.5390625,63.96484375,-102.5390625,0.0,0,0
1766593620.956031,1766593620.9033842,-791.9921875,36.62109375,94.23828125,-29.296875,0.0,0,0
1766593620.956083,1766593620.907281,261.23046875,-2.44140625,-76.171875,-31.73828125,0.0,0,0
1766593620.9561338,1766593620.9111779,-991.2109375,-151.85546875,-217.7734375,-92.28515625,0.0,0,0
1766593620.956186,1766593620.9150746,-1000.0,-200.68359375,-142.578125,-127.9296875,0.0,0,0
1766593620.956239,1766593620.9189713,-11.23046875,-21.97265625,49.31640625,-83.49609375,0.0,0,0
1766593620.9562812,1766593620.922868,-813.4765625,80.078125,108.3984375,-10.7421875,0.0,0,0
1766593620.956317,1766593620.9267647,405.76171875,-20.99609375,-39.0625,-5.859375,0.0,0,0
1766593620.9563541,1766593620.9306614,-897.4609375,-132.32421875,-207.51953125,-65.91796875,0.0,0,0
1766593620.9563909,1766593620.9345582,-1000.0,-213.8671875,-166.9921875,-121.09375,0.0,0,0
1766593621.000572,1766593620.9385355,-135.7421875,-148.4375,30.2734375,-110.83984375,0.0,0,0
1766593621.000661,1766593620.9424322,-860.83984375,-7.32421875,115.72265625,-33.69140625,0.0,0,0
1766593621.000718,1766593620.9463289,597.65625,8.7890625,-12.6953125,-1.953125,0.0,0,0
1766593621.000768,1766593620.9502258,-734.375,-115.72265625,-187.5,-57.6171875,0.0,0,0
1766593621.000819,1766593620.9541225,-1000.0,-194.82421875,-169.43359375,-106.93359375,0.0,0,0
1766593621.000869,1766593620.9580193,-181.640625,-133.30078125,29.296875,-96.19140625,0.0,0,0
1766593621.00092,1766593620.961916,-916.015625,76.66015625,137.20703125,-37.109375,0.0,0,0
1766593621.000969,1766593620.9658127,779.296875,123.53515625,3.90625,-2.9296875,0.0,0,0
1766593621.001018,1766593620.9697094,-514.6484375,-96.6796875,-181.15234375,-39.0625,0.0,0,0
1766593621.001068,1766593620.9736063,-1000.0,-201.66015625,-186.5234375,-119.140625,0.0,0,0
1766593621.001118,1766593620.977503,-231.4453125,-152.34375,1.46484375,-106.93359375,0.0,0,0
1766593621.001169,1766593620.9813998,-991.2109375,-14.6484375,137.20703125,-15.625,0.0,0,0
1766593621.059436,1766593620.9853678,966.796875,41.50390625,40.0390625,24.90234375,0.0,0,0
1766593621.059562,1766593620.9892645,-204.58984375,-101.5625,-150.390625,1.46484375,0.0,0,0
1766593621.0596201,1766593620.9931612,-1000.0,-239.2578125,-195.80078125,-75.68359375,0.0,0,0
1766593621.059672,1766593620.997058,-343.26171875,-192.3828125,-47.36328125,-106.4453125,0.0,0,0
1766593621.059725,1766593621.0009546,936.5234375,-72.75390625,109.375,-37.59765625,0.0,0,0
1766593621.059776,1766593621.0048516,-944.3359375,-0.9765625,60.05859375,25.390625,0.0,0,0
1766593621.0598269,1766593621.0087483,-22.4609375,12.6953125,-147.94921875,-10.7421875,0.0,0,0
1766593621.0598788,1766593621.012645,-1000.0,-114.2578125,-215.8203125,-88.8671875,0.0,0,0
1766593621.0599282,1766593621.0165417,-518.06640625,-201.66015625,-55.17578125,-102.5390625,0.0,0,0
1766593621.059998,1766593621.0204387,799.8046875,-64.453125,127.9296875,-38.0859375,0.0,0,0
1766593621.060061,1766593621.0243354,-875.48828125,28.80859375,94.7265625,23.4375,0.0,0,0
1766593621.060111,1766593621.028232,97.65625,-85.44921875,-109.86328125,7.32421875,0.0,0,0
1766593621.105619,1766593621.0321898,-1000.0,-206.0546875,-205.56640625,-52.734375,0.0,0,0
1766593621.105717,1766593621.0360866,-718.26171875,-192.3828125,-76.171875,-96.19140625,0.0,0,0
1766593621.1057699,1766593621.0399835,601.5625,-67.87109375,113.28125,-59.08203125,0.0,0,0
1766593621.10582,1766593621.0438802,-828.61328125,48.828125,105.46875,15.625,0.0,0,0
1766593621.10587,1766593621.047777,147.94921875,-26.85546875,-107.91015625,2.44140625,0.0,0,0
1766593621.105922,1766593621.051674,-1000.0,-98.14453125,-222.16796875,-83.0078125,0.0,0,0
1766593621.105972,1766593621.0555706,-899.4140625,-72.75390625,-97.16796875,-105.95703125,0.0,0,0
1766593621.106022,1766593621.0594673,348.6328125,-113.76953125,81.0546875,-44.43359375,0.0,0,0
1766593621.1060731,1766593621.063364,-797.8515625,-56.15234375,94.7265625,8.30078125,0.0,0,0
1766593621.106122,1766593621.067261,223.6328125,-4.39453125,-69.82421875,0.9765625,0.0,0,0
1766593621.1061928,1766593621.0711577,-1000.0,-116.69921875,-212.40234375,-70.80078125,0.0,0,0
1766593621.1062431,1766593621.0750544,-1000.0,-229.00390625,-128.90625,-110.83984375,0.0,0,0
1766593621.150594,1766593621.079077,125.48828125,-142.08984375,79.1015625,-62.01171875,0.0,0,0
1766593621.1507,1766593621.0829737,-796.875,11.23046875,112.79296875,8.7890625,0.0,0,0
1766593621.150757,1766593621.0868707,322.75390625,6.34765625,-47.8515625,20.99609375,0.0,0,0
1766593621.150811,1766593621.0907674,-951.171875,-141.6015625,-200.68359375,-38.0859375,0.0,0,0
1766593621.150864,1766593621.094664,-1000.0,-220.21484375,-133.7890625,-87.890625,0.0,0,0
1766593621.1509151,1766593621.098561,-85.44921875,-125.48828125,77.1484375,-66.89453125,0.0,0,0
1766593621.150966,1766593621.1024578,-836.42578125,13.18359375,135.7421875,11.71875,0.0,0,0
1766593621.151017,1766593621.1063545,503.41796875,2.44140625,-7.8125,46.38671875,0.0,0,0
1766593621.151068,1766593621.1102514,-818.359375,-134.27734375,-181.640625,-19.04296875,0.0,0,0
1766593621.151118,1766593621.1141481,-1000.0,-177.734375,-152.83203125,-85.9375,0.0,0,0
1766593621.151198,1766593621.1180449,-166.9921875,-102.5390625,60.05859375,-70.80078125,0.0,0,0
1766593621.151259,1766593621.1219418,-895.99609375,-1.46484375,144.53125,5.37109375,0.0,0,0
1766593621.2100449,1766593621.1259573,716.796875,25.87890625,8.7890625,33.203125,0.0,0,0
1766593621.210155,1766593621.1298542,-596.6796875,-82.03125,-176.26953125,-26.85546875,0.0,0,0
1766593621.210216,1766593621.133751,-1000.0,-211.9140625,-176.26953125,-92.7734375,0.0,0,0
1766593621.210269,1766593621.1376476,-203.125,-168.9453125,19.53125,-71.2890625,0.0,0,0
1766593621.210322,1766593621.1415446,-952.1484375,-30.76171875,141.11328125,-1.46484375,0.0,0,0
1766593621.2103732,1766593621.1454413,879.8828125,31.73828125,45.8984375,14.16015625,0.0,0,0
1766593621.210424,1766593621.1493382,-359.86328125,-33.69140625,-155.76171875,-21.97265625,0.0,0,0
1766593621.210477,1766593621.153235,-1000.0,-184.5703125,-181.640625,-60.05859375,0.0,0,0
1766593621.210526,1766593621.1571317,-302.734375,-67.3828125,-3.90625,-67.87109375,0.0,0,0
1766593621.2109492,1766593621.1610286,962.40234375,141.11328125,132.32421875,-28.3203125,0.0,0,0
1766593621.211006,1766593621.1649253,-977.05078125,49.8046875,45.41015625,15.625,0.0,0,0
1766593621.211057,1766593621.1688223,-98.14453125,-78.125,-156.25,-12.20703125,0.0,0,0
1766593621.24053,1766593621.172826,-1000.0,-190.91796875,-202.1484375,-69.3359375,0.0,0,0
1766593621.240623,1766593621.1767228,-402.83203125,-176.7578125,-25.390625,-86.42578125,0.0,0,0
1766593621.24068,1766593621.1806197,891.11328125,-38.0859375,142.08984375,-40.0390625,0.0,0,0
1766593621.240733,1766593621.1845164,-907.2265625,42.96875,79.58984375,4.39453125,0.0,0,0
1766593621.240784,1766593621.1884134,62.01171875,-22.94921875,-127.9296875,-24.4140625,0.0,0,0
1766593621.24084,1766593621.19231,-1000.0,-151.85546875,-211.9140625,-84.47265625,0.0,0,0
1766593621.240881,1766593621.196207,-603.515625,-178.22265625,-69.82421875,-95.21484375,0.0,0,0
1766593621.240919,1766593621.2001038,722.16796875,-62.98828125,106.4453125,-38.0859375,0.0,0,0
1766593621.2409558,1766593621.2040005,-854.4921875,76.171875,90.33203125,25.390625,0.0,0,0
1766593621.240992,1766593621.2078974,129.39453125,-4.8828125,-99.12109375,26.3671875,0.0,0,0
1766593621.241028,1766593621.2117941,-1000.0,-183.10546875,-202.63671875,-41.50390625,0.0,0,0
1766593621.241071,1766593621.215691,-797.36328125,-179.19921875,-72.265625,-72.265625,0.0,0,0
1766593621.3007271,1766593621.2197604,500.9765625,-20.5078125,117.67578125,-23.4375,0.0,0,0
1766593621.300874,1766593621.2236574,-812.5,52.734375,109.375,35.15625,0.0,0,0
1766593621.300918,1766593621.227554,189.453125,-9.27734375,-79.58984375,33.203125,0.0,0,0
1766593621.300957,1766593621.231451,-1000.0,-140.13671875,-199.21875,-41.9921875,0.0,0,0
1766593621.3009942,1766593621.2353477,-968.75,-209.9609375,-93.75,-98.6328125,0.0,0,0
1766593621.301033,1766593621.2392447,237.79296875,-79.58984375,110.83984375,-42.96875,0.0,0,0
1766593621.30107,1766593621.2431414,-793.9453125,41.50390625,139.16015625,26.85546875,0.0,0,0
1766593621.301107,1766593621.2470384,272.4609375,179.19921875,-50.29296875,16.6015625,0.0,0,0
1766593621.301145,1766593621.2509353,-989.74609375,117.67578125,-209.9609375,-40.52734375,0.0,0,0
1766593621.301183,1766593621.254832,-1000.0,-210.9375,-130.859375,-96.6796875,0.0,0,0
1766593621.3012202,1766593621.258729,20.5078125,-150.87890625,75.68359375,-65.91796875,0.0,0,0
1766593621.301258,1766593621.2626257,-810.546875,-1.46484375,139.16015625,9.765625,0.0,0,0
1766593621.3318331,1766593621.2666123,387.6953125,-15.13671875,-19.04296875,22.4609375,0.0,0,0
1766593621.3319502,1766593621.270509,-908.69140625,-119.140625,-196.77734375,-34.66796875,0.0,0,0
1766593621.332009,1766593621.274406,-1000.0,-200.68359375,-169.921875,-105.95703125,0.0,0,0
1766593621.332062,1766593621.278303,-129.39453125,-143.5546875,33.203125,-83.984375,0.0,0,0
1766593621.332115,1766593621.2821996,-860.3515625,-12.20703125,127.9296875,-7.8125,0.0,0,0
1766593621.332166,1766593621.2860966,592.28515625,28.80859375,-12.20703125,-1.46484375,0.0,0,0
1766593621.3322198,1766593621.2899935,-733.3984375,-87.40234375,-198.73046875,-55.17578125,0.0,0,0
1766593621.332285,1766593621.2938902,-1000.0,-207.51953125,-187.01171875,-108.3984375,0.0,0,0
1766593621.3323362,1766593621.2977872,-192.87109375,-135.25390625,11.23046875,-78.125,0.0,0,0
1766593621.332387,1766593621.301684,-917.96875,18.06640625,129.8828125,-0.48828125,0.0,0,0
1766593621.3324668,1766593621.3055809,777.83203125,79.1015625,19.53125,19.04296875,0.0,0,0
1766593621.3325171,1766593621.3094778,-516.11328125,29.296875,-183.59375,-28.80859375,0.0,0,0
1766593621.375554,1766593621.3134542,-1000.0,-156.25,-193.359375,-94.23828125,0.0,0,0
1766593621.375648,1766593621.317351,-237.79296875,-163.0859375,13.18359375,-79.58984375,0.0,0,0
1766593621.375773,1766593621.3212478,-989.74609375,18.5546875,142.578125,-8.30078125,0.0,0,0
1766593621.375836,1766593621.3251448,958.0078125,73.73046875,36.62109375,36.1328125,0.0,0,0
1766593621.375891,1766593621.3290417,-223.6328125,-32.71484375,-154.78515625,-3.41796875,0.0,0,0
1766593621.375943,1766593621.3329384,-1000.0,-187.01171875,-186.03515625,-90.33203125,0.0,0,0
1766593621.3759959,1766593621.3368354,-330.078125,-83.49609375,-17.578125,-94.7265625,0.0,0,0
1766593621.3760588,1766593621.3407323,947.265625,106.4453125,112.79296875,-31.25,0.0,0,0
1766593621.3761191,1766593621.344629,-956.54296875,57.6171875,39.55078125,16.11328125,0.0,0,0
1766593621.37617,1766593621.348526,-47.8515625,-63.96484375,-136.23046875,-13.18359375,0.0,0,0
1766593621.376232,1766593621.352423,-1000.0,-182.6171875,-188.96484375,-79.1015625,0.0,0,0
1766593621.376281,1766593621.3563197,-481.93359375,-176.26953125,-47.36328125,-84.9609375,0.0,0,0
1766593621.465656,1766593621.360292,823.73046875,-33.203125,124.0234375,-26.85546875,0.0,0,0
1766593621.465787,1766593621.3641887,-880.859375,73.73046875,92.28515625,23.4375,0.0,0,0
1766593621.465848,1766593621.3680856,108.3984375,-4.8828125,-110.3515625,-6.34765625,0.0,0,0
1766593621.4659011,1766593621.3719826,-1000.0,-156.73828125,-197.265625,-83.0078125,0.0,0,0
1766593621.465955,1766593621.3758795,-711.9140625,-198.2421875,-67.3828125,-97.65625,0.0,0,0
1766593621.466007,1766593621.3797762,605.46875,-70.80078125,111.81640625,-42.48046875,0.0,0,0
1766593621.46606,1766593621.3836732,-830.56640625,190.4296875,86.9140625,3.41796875,0.0,0,0
1766593621.466112,1766593621.3875701,155.76171875,119.140625,-100.09765625,-13.671875,0.0,0,0
1766593621.466218,1766593621.3914669,-1000.0,-165.0390625,-195.80078125,-78.125,0.0,0,0
1766593621.466293,1766593621.3953638,-890.13671875,-199.21875,-97.16796875,-115.72265625,0.0,0,0
1766593621.4663491,1766593621.3992608,364.2578125,-92.28515625,89.35546875,-65.91796875,0.0,0,0
1766593621.466402,1766593621.4031575,-801.26953125,8.30078125,118.65234375,0.0,0.0,0,0
1766593621.480936,1766593621.4071307,231.93359375,-5.37109375,-51.26953125,-2.9296875,0.0,0,0
1766593621.4812732,1766593621.4110277,-1000.0,-104.4921875,-188.4765625,-60.05859375,0.0,0,0
1766593621.481455,1766593621.4149246,-972.65625,-157.2265625,-105.46875,-108.88671875,0.0,0,0
1766593621.481739,1766593621.4188216,200.1953125,-62.5,94.23828125,-76.171875,0.0,0,0
1766593621.481793,1766593621.4227183,-811.03515625,45.41015625,127.44140625,-2.9296875,0.0,0,0
1766593621.481866,1766593621.4266152,333.984375,64.94140625,-37.109375,1.46484375,0.0,0,0
1766593621.481908,1766593621.4305122,-942.3828125,-51.26953125,-196.2890625,-65.91796875,0.0,0,0
1766593621.481947,1766593621.4344091,-1000.0,-184.08203125,-139.16015625,-100.09765625,0.0,0,0
1766593621.481984,1766593621.4383059,-83.984375,-102.5390625,52.734375,-65.4296875,0.0,0,0
1766593621.482021,1766593621.4422028,-837.40234375,20.99609375,115.234375,-12.6953125,0.0,0,0
1766593621.482059,1766593621.4460998,501.46484375,31.25,-20.99609375,1.953125,0.0,0,0
1766593621.4820962,1766593621.4499967,-818.84765625,-95.21484375,-187.98828125,-54.6875,0.0,0,0
1766593621.5254521,1766593621.4540195,-1000.0,-190.91796875,-155.2734375,-100.09765625,0.0,0,0
1766593621.525557,1766593621.4579165,-166.015625,-122.0703125,36.62109375,-71.77734375,0.0,0,0
1766593621.525602,1766593621.4618134,-887.20703125,17.08984375,128.41796875,-20.5078125,0.0,0,0
1766593621.525641,1766593621.4657104,679.19921875,30.76171875,-9.27734375,-13.18359375,0.0,0,0
1766593621.5256782,1766593621.4696074,-636.23046875,-93.26171875,-184.5703125,-73.73046875,0.0,0,0
1766593621.525717,1766593621.473504,-1000.0,-91.30859375,-165.0390625,-131.8359375,0.0,0,0
1766593621.525753,1766593621.477401,-225.09765625,-62.5,9.765625,-117.1875,0.0,0,0
1766593621.52579,1766593621.481298,-952.63671875,-32.2265625,122.55859375,-48.828125,0.0,0,0
1766593621.525826,1766593621.485195,859.86328125,35.15625,16.11328125,-19.53125,0.0,0,0
1766593621.5258691,1766593621.4890919,-396.484375,-22.4609375,-162.109375,-51.7578125,0.0,0,0
1766593621.5259142,1766593621.4929886,-1000.0,-188.96484375,-173.33984375,-92.7734375,0.0,0,0
1766593621.52595,1766593621.4968855,-290.0390625,-194.3359375,-0.9765625,-83.0078125,0.0,0,0
1766593621.5707362,1766593621.5009003,972.65625,1.953125,129.8828125,-21.484375,0.0,0,0
1766593621.5712059,1766593621.5047972,-992.67578125,56.640625,47.8515625,2.9296875,0.0,0,0
1766593621.571254,1766593621.5086942,-126.46484375,-61.03515625,-142.08984375,-28.3203125,0.0,0,0
1766593621.571294,1766593621.5125911,-1000.0,-173.828125,-195.80078125,-90.33203125,0.0,0,0
1766593621.571342,1766593621.516488,-443.359375,-166.50390625,-43.45703125,-110.3515625,0.0,0,0
1766593621.571379,1766593621.520385,859.375,-31.25,132.8125,-46.38671875,0.0,0,0
1766593621.57142,1766593621.524282,-904.296875,82.03125,83.984375,17.578125,0.0,0,0
1766593621.571467,1766593621.528179,41.50390625,-15.13671875,-124.51171875,-8.7890625,0.0,0,0
1766593621.5715032,1766593621.5320756,-1000.0,-146.484375,-201.66015625,-70.80078125,0.0,0,0
1766593621.5715399,1766593621.5359726,-639.16015625,-140.625,-60.546875,-89.35546875,0.0,0,0
1766593621.571576,1766593621.5398695,686.5234375,-38.0859375,131.34765625,-46.38671875,0.0,0,0
1766593621.571609,1766593621.5437665,-847.16796875,61.5234375,103.02734375,19.53125,0.0,0,0
1766593621.617141,1766593621.5477717,118.65234375,-5.859375,-105.95703125,-1.953125,0.0,0,0
1766593621.6172988,1766593621.5516686,-1000.0,-140.625,-194.82421875,-72.265625,0.0,0,0
1766593621.617357,1766593621.5555656,-824.21875,-181.640625,-63.4765625,-86.9140625,0.0,0,0
1766593621.617409,1766593621.5594625,460.44921875,-62.5,94.7265625,-46.38671875,0.0,0,0
1766593621.617454,1766593621.5633595,-808.59375,56.15234375,86.42578125,3.90625,0.0,0,0
1766593621.6174898,1766593621.5672565,172.36328125,35.15625,-52.734375,25.390625,0.0,0,0
1766593621.61753,1766593621.5711534,-1000.0,-117.1875,-189.94140625,-32.2265625,0.0,0,0
1766593621.6175659,1766593621.5750504,-981.4453125,-205.078125,-125.9765625,-87.890625,0.0,0,0
1766593621.6176069,1766593621.5789473,204.1015625,-27.34375,62.98828125,-47.8515625,0.0,0,0
1766593621.617644,1766593621.5828443,-791.9921875,82.51953125,100.5859375,18.5546875,0.0,0,0
1766593621.617686,1766593621.5867412,259.27734375,-16.11328125,-61.03515625,22.94921875,0.0,0,0
1766593621.617723,1766593621.5906382,-988.28125,-132.32421875,-211.9140625,-42.96875,0.0,0,0
1766593621.6608698,1766593621.5946336,-1000.0,-177.734375,-134.27734375,-94.7265625,0.0,0,0
1766593621.661031,1766593621.5985305,-38.57421875,-107.421875,50.29296875,-65.4296875,0.0,0,0
1766593621.6610901,1766593621.6024275,-817.87109375,13.18359375,107.421875,3.90625,0.0,0,0
1766593621.661143,1766593621.6063244,409.66796875,0.9765625,-24.90234375,25.390625,0.0,0,0
1766593621.661199,1766593621.6102214,-894.04296875,-130.37109375,-191.89453125,-20.01953125,0.0,0,0
1766593621.661251,1766593621.6141183,-1000.0,-182.6171875,-140.625,-69.82421875,0.0,0,0
1766593621.661303,1766593621.6180153,-148.4375,-97.16796875,60.546875,-65.4296875,0.0,0,0
1766593621.661355,1766593621.6219122,-864.2578125,76.66015625,122.55859375,-6.34765625,0.0,0,0
1766593621.661406,1766593621.6258092,598.14453125,103.02734375,-27.83203125,10.7421875,0.0,0,0
1766593621.6614568,1766593621.6297061,-728.515625,-81.0546875,-191.40625,-42.48046875,0.0,0,0
1766593621.661508,1766593621.633603,-1000.0,-188.96484375,-169.921875,-96.19140625,0.0,0,0
1766593621.661557,1766593621.6375,-199.70703125,-133.30078125,11.71875,-85.44921875,0.0,0,0
1766593621.705695,1766593621.6414852,-926.26953125,2.9296875,121.09375,-16.11328125,0.0,0,0
1766593621.705788,1766593621.6453822,799.8046875,28.3203125,16.6015625,23.4375,0.0,0,0
1766593621.7058299,1766593621.649279,-487.3046875,-80.078125,-163.57421875,-27.34375,0.0,0,0
1766593621.7058702,1766593621.653176,-1000.0,-162.59765625,-172.36328125,-91.30859375,0.0,0,0
1766593621.705909,1766593621.657073,-244.62890625,-145.99609375,7.8125,-75.1953125,0.0,0,0
1766593621.705947,1766593621.66097,-992.1875,-25.87890625,137.6953125,-6.8359375,0.0,0,0
1766593621.705986,1766593621.664867,956.54296875,31.73828125,32.71484375,24.90234375,0.0,0,0
1766593621.706023,1766593621.6687639,-222.65625,-6.34765625,-168.9453125,-28.3203125,0.0,0,0
1766593621.7060611,1766593621.6726608,-1000.0,-133.7890625,-213.37890625,-112.79296875,0.0,0,0
1766593621.7061,1766593621.6765578,-365.234375,-174.8046875,-48.33984375,-121.58203125,0.0,0,0
1766593621.7061398,1766593621.6804547,923.33984375,-32.71484375,100.5859375,-55.17578125,0.0,0,0
1766593621.706178,1766593621.6843517,-944.82421875,46.38671875,35.15625,-6.8359375,0.0,0,0
1766593621.7811031,1766593621.6884015,-37.59765625,-34.66796875,-136.71875,-32.2265625,0.0,0,0
1766593621.7817652,1766593621.6922984,-1000.0,-175.78125,-181.640625,-81.0546875,0.0,0,0
1766593621.78196,1766593621.6961956,-527.83203125,-180.6640625,-45.41015625,-95.703125,0.0,0,0
1766593621.78212,1766593621.7000926,785.15625,-31.25,106.93359375,-45.41015625,0.0,0,0
1766593621.782231,1766593621.7039895,-872.0703125,70.80078125,70.3125,21.97265625,0.0,0,0
1766593621.7823849,1766593621.7078865,100.09765625,-20.01953125,-107.91015625,5.859375,0.0,0,0
1766593621.782494,1766593621.7117834,-1000.0,-110.83984375,-189.94140625,-62.5,0.0,0,0
1766593621.782588,1766593621.7156804,-751.953125,-90.33203125,-75.68359375,-87.890625,0.0,0,0
1766593621.782698,1766593621.7195773,556.640625,-51.7578125,87.40234375,-65.4296875,0.0,0,0
1766593621.782791,1766593621.7234743,-823.73046875,24.90234375,72.75390625,-20.99609375,0.0,0,0
1766593621.782867,1766593621.7273715,141.11328125,-11.71875,-114.74609375,-20.01953125,0.0,0,0
1766593621.78379,1766593621.7312684,-1000.0,-150.87890625,-222.65625,-85.44921875,0.0,0,0
1766593621.80888,1766593621.7352417,-904.78515625,-204.58984375,-97.16796875,-105.95703125,0.0,0,0
1766593621.8089862,1766593621.7391386,336.9140625,-105.46875,97.65625,-42.96875,0.0,0,0
1766593621.809013,1766593621.7430356,-796.875,32.71484375,107.91015625,25.87890625,0.0,0,0
1766593621.809039,1766593621.7469325,218.26171875,14.6484375,-72.265625,18.06640625,0.0,0,0
1766593621.809064,1766593621.7508295,-1000.0,-125.9765625,-208.984375,-65.4296875,0.0,0,0
1766593621.809089,1766593621.7547266,-1000.0,-166.015625,-109.86328125,-116.2109375,0.0,0,0
1766593621.8091142,1766593621.7586236,92.28515625,-72.265625,74.21875,-74.70703125,0.0,0,0
1766593621.809139,1766593621.7625206,-799.8046875,25.390625,113.28125,4.39453125,0.0,0,0
1766593621.809164,1766593621.7664175,324.70703125,-41.50390625,-34.1796875,30.2734375,0.0,0,0
1766593621.809192,1766593621.7703145,-948.73046875,-142.578125,-172.36328125,-33.203125,0.0,0,0
1766593621.809218,1766593621.7742114,-1000.0,-53.22265625,-118.65234375,-102.5390625,0.0,0,0
1766593621.809241,1766593621.7781086,-104.98046875,-39.55078125,43.45703125,-78.61328125,0.0,0,0
1766593621.855514,1766593621.7820654,-844.23828125,1.46484375,104.4921875,-14.16015625,0.0,0,0
1766593621.8556118,1766593621.7859626,525.390625,42.48046875,-31.73828125,0.48828125,0.0,0,0
1766593621.855669,1766593621.7898595,-796.875,-74.70703125,-185.05859375,-55.17578125,0.0,0,0
1766593621.855722,1766593621.7937565,-1000.0,-201.66015625,-144.53125,-101.5625,0.0,0,0
1766593621.855773,1766593621.7976534,-170.8984375,-158.203125,42.96875,-77.1484375,0.0,0,0
1766593621.855825,1766593621.8015504,-894.04296875,40.0390625,144.04296875,-13.18359375,0.0,0,0
1766593621.8558779,1766593621.8054476,706.0546875,97.16796875,10.7421875,13.18359375,0.0,0,0
1766593621.8559291,1766593621.8093445,-606.93359375,-78.61328125,-191.40625,-31.73828125,0.0,0,0
1766593621.85598,1766593621.8132415,-1000.0,-210.44921875,-180.6640625,-88.37890625,0.0,0,0
1766593621.85603,1766593621.8171384,-223.14453125,-151.3671875,21.97265625,-76.171875,0.0,0,0
1766593621.8560798,1766593621.8210356,-958.0078125,20.01953125,137.6953125,-15.13671875,0.0,0,0
1766593621.8561301,1766593621.8249326,880.859375,54.19921875,36.1328125,12.20703125,0.0,0,0
1766593621.901675,1766593621.8289506,-365.234375,-60.05859375,-150.390625,-47.8515625,0.0,0,0
1766593621.901789,1766593621.8328476,-1000.0,-166.9921875,-191.40625,-110.83984375,0.0,0,0
1766593621.901846,1766593621.8367448,-290.52734375,-140.13671875,-23.92578125,-94.7265625,0.0,0,0
1766593621.901899,1766593621.8406417,973.14453125,-12.6953125,124.51171875,-12.20703125,0.0,0,0
1766593621.901952,1766593621.8445387,-991.69921875,44.921875,43.45703125,26.3671875,0.0,0,0
1766593621.902227,1766593621.8484356,-121.58203125,-19.53125,-132.8125,-31.25,0.0,0,0
1766593621.902283,1766593621.8523328,-1000.0,-155.76171875,-187.5,-94.23828125,0.0,0,0
1766593621.902334,1766593621.8562298,-447.265625,-175.78125,-41.50390625,-99.12109375,0.0,0,0
1766593621.902385,1766593621.8601267,854.4921875,-53.22265625,129.8828125,-41.9921875,0.0,0,0
1766593621.902436,1766593621.864024,-899.4140625,55.6640625,84.9609375,17.08984375,0.0,0,0
1766593621.902486,1766593621.8679209,53.22265625,-6.8359375,-107.421875,21.484375,0.0,0,0
1766593621.902536,1766593621.8718178,-1000.0,-173.33984375,-194.82421875,-45.8984375,0.0,0,0
1766593621.94512,1766593621.8758278,-679.19921875,-183.10546875,-61.03515625,-93.26171875,0.0,0,0
1766593621.945236,1766593621.879725,641.6015625,-56.15234375,125.48828125,-26.85546875,0.0,0,0
1766593621.945293,1766593621.883622,-839.35546875,11.71875,96.19140625,27.83203125,0.0,0,0
1766593621.945355,1766593621.887519,113.28125,-49.31640625,-114.2578125,1.46484375,0.0,0,0
1766593621.945408,1766593621.891416,-1000.0,-148.92578125,-208.49609375,-63.96484375,0.0,0,0
1766593621.945459,1766593621.895313,-881.8359375,-158.203125,-79.58984375,-86.42578125,0.0,0,0
1766593621.94551,1766593621.89921,370.60546875,-42.48046875,102.5390625,-27.34375,0.0,0,0
1766593621.9455612,1766593621.9031072,-799.31640625,16.6015625,105.46875,36.62109375,0.0,0,0
1766593621.945617,1766593621.907004,172.36328125,45.41015625,-83.984375,39.55078125,0.0,0,0
1766593621.9456692,1766593621.910901,-1000.0,-6.34765625,-203.61328125,-35.15625,0.0,0,0
1766593621.945719,1766593621.9147983,-1000.0,-200.1953125,-96.19140625,-87.40234375,0.0,0,0
1766593621.945767,1766593621.9186952,103.02734375,-141.6015625,88.8671875,-35.15625,0.0,0,0
1766593621.9909708,1766593621.9226968,-793.9453125,24.90234375,119.62890625,32.2265625,0.0,0,0
1766593621.991068,1766593621.9265938,272.4609375,14.6484375,-51.26953125,24.4140625,0.0,0,0
1766593621.9911199,1766593621.9304907,-981.93359375,-123.53515625,-203.125,-28.80859375,0.0,0,0
1766593621.99117,1766593621.934388,-1000.0,-217.28515625,-128.90625,-73.2421875,0.0,0,0
1766593621.99122,1766593621.9382849,-80.56640625,-125.0,88.37890625,-41.50390625,0.0,0,0
1766593621.9912698,1766593621.942182,-823.2421875,37.59765625,165.52734375,39.55078125,0.0,0,0
1766593621.991322,1766593621.946079,426.7578125,41.015625,-24.90234375,26.85546875,0.0,0,0
1766593621.991373,1766593621.949976,-881.34765625,-105.95703125,-229.98046875,-51.26953125,0.0,0,0
1766593621.991432,1766593621.9538732,-1000.0,-171.38671875,-182.6171875,-90.33203125,0.0,0,0
1766593621.991481,1766593621.95777,-171.875,-120.60546875,34.1796875,-58.59375,0.0,0,0
1766593621.99153,1766593621.9616673,-880.859375,-7.8125,147.4609375,6.34765625,0.0,0,0
1766593621.9915788,1766593621.9655643,655.76171875,37.109375,7.32421875,29.296875,0.0,0,0
1766593622.0667388,1766593621.9696984,-668.45703125,-96.19140625,-199.21875,-17.578125,0.0,0,0
1766593622.066855,1766593621.9735954,-1000.0,-204.1015625,-178.7109375,-91.796875,0.0,0,0
1766593622.0669131,1766593621.9774926,-205.56640625,-137.6953125,37.109375,-89.35546875,0.0,0,0
1766593622.066966,1766593621.9813895,-937.98828125,15.13671875,148.4375,-0.48828125,0.0,0,0
1766593622.06702,1766593621.9852867,830.078125,38.57421875,8.30078125,24.4140625,0.0,0,0
1766593622.06707,1766593621.9891837,-437.01171875,-62.98828125,-187.98828125,-29.296875,0.0,0,0
1766593622.0671208,1766593621.9930809,-1000.0,-176.26953125,-190.91796875,-62.5,0.0,0,0
1766593622.0671701,1766593621.996978,-292.96875,-123.53515625,-4.39453125,-66.89453125,0.0,0,0
1766593622.067221,1766593622.000875,982.421875,35.15625,144.04296875,-16.6015625,0.0,0,0
1766593622.067271,1766593622.0047722,979.4921875,38.0859375,50.78125,25.390625,0.0,0,0
1766593622.0673401,1766593622.0086691,-193.84765625,-71.2890625,-177.24609375,-19.04296875,0.0,0,0
1766593622.067391,1766593622.0125663,-1000.0,-198.73046875,-219.23828125,-83.984375,0.0,0,0
1766593622.081179,1766593622.0165553,-409.66796875,-185.05859375,-29.78515625,-96.6796875,0.0,0,0
1766593622.0812778,1766593622.0204525,887.6953125,-93.75,140.625,-28.80859375,0.0,0,0
1766593622.08132,1766593622.0243495,-922.36328125,-15.625,79.1015625,40.52734375,0.0,0,0
1766593622.0813591,1766593622.0282466,2.44140625,-42.48046875,-141.11328125,7.8125,0.0,0,0
1766593622.081398,1766593622.0321438,-1000.0,-187.5,-218.26171875,-77.1484375,0.0,0,0
1766593622.081435,1766593622.0360408,-588.37890625,-185.546875,-46.875,-99.609375,0.0,0,0
1766593622.081472,1766593622.039938,731.4453125,-27.34375,131.34765625,-40.52734375,0.0,0,0
1766593622.081509,1766593622.043835,-859.375,41.9921875,73.2421875,8.30078125,0.0,0,0
1766593622.081546,1766593622.047732,105.46875,-34.66796875,-140.625,-22.94921875,0.0,0,0
1766593622.081582,1766593622.0516293,-1000.0,-159.1796875,-238.28125,-75.68359375,0.0,0,0
1766593622.08162,1766593622.0555263,-804.6875,-181.640625,-84.9609375,-89.84375,0.0,0,0
1766593622.0816572,1766593622.0594234,487.3046875,-70.3125,124.51171875,-54.19921875,0.0,0,0
1766593622.125418,1766593622.0633984,-812.98828125,35.15625,116.69921875,5.37109375,0.0,0,0
1766593622.125522,1766593622.0672956,153.3203125,-18.5546875,-95.21484375,15.13671875,0.0,0,0
1766593622.125563,1766593622.0711925,-1000.0,-156.25,-223.6328125,-71.2890625,0.0,0,0
1766593622.125601,1766593622.0750897,-957.03125,-183.10546875,-102.5390625,-121.09375,0.0,0,0
1766593622.12564,1766593622.0789866,245.60546875,-93.26171875,103.515625,-46.38671875,0.0,0,0
1766593622.125677,1766593622.0828838,-792.96875,27.83203125,141.6015625,15.625,0.0,0,0
1766593622.125721,1766593622.086781,242.67578125,10.25390625,-52.734375,16.11328125,0.0,0,0
1766593622.125758,1766593622.090678,-1000.0,-153.80859375,-230.46875,-41.015625,0.0,0,0
1766593622.125794,1766593622.0945752,-1000.0,-206.54296875,-138.671875,-88.8671875,0.0,0,0
1766593622.12583,1766593622.0984724,21.484375,-101.5625,86.9140625,-49.8046875,0.0,0,0
1766593622.125867,1766593622.1023693,-808.10546875,25.87890625,140.625,17.578125,0.0,0,0
1766593622.1259031,1766593622.1062665,371.58203125,18.5546875,-41.50390625,15.625,0.0,0,0
1766593622.172112,1766593622.110233,-921.875,-125.48828125,-233.88671875,-46.875,0.0,0,0
1766593622.1722372,1766593622.1141303,-1000.0,-207.03125,-155.2734375,-102.5390625,0.0,0,0
1766593622.172296,1766593622.1180274,-117.67578125,-103.515625,90.8203125,-78.125,0.0,0,0
1766593622.172349,1766593622.1219244,-853.515625,37.109375,169.43359375,11.23046875,0.0,0,0
1766593622.172401,1766593622.1258216,565.4296875,35.15625,-8.30078125,33.69140625,0.0,0,0
1766593622.1724522,1766593622.1297188,-759.765625,-86.9140625,-195.3125,-24.90234375,0.0,0,0
1766593622.172522,1766593622.1336157,-1000.0,-133.30078125,-162.59765625,-75.1953125,0.0,0,0
1766593622.1725729,1766593622.137513,-179.19921875,-83.984375,47.36328125,-63.96484375,0.0,0,0
1766593622.1726248,1766593622.14141,-912.109375,13.18359375,157.71484375,9.765625,0.0,0,0
1766593622.1726751,1766593622.145307,767.08984375,35.15625,16.11328125,53.22265625,0.0,0,0
1766593622.172726,1766593622.1492043,-529.78515625,-88.37890625,-199.21875,-9.27734375,0.0,0,0
1766593622.1727622,1766593622.1531014,-1000.0,-179.19921875,-194.82421875,-99.12109375,0.0,0,0
1766593622.230742,1766593622.157059,-229.4921875,-133.30078125,24.90234375,-77.1484375,0.0,0,0
1766593622.230888,1766593622.1609561,-979.4921875,3.90625,174.8046875,-0.9765625,0.0,0,0
1766593622.2309492,1766593622.1648533,937.98828125,75.68359375,59.5703125,28.80859375,0.0,0,0
1766593622.231004,1766593622.1687505,-262.6953125,-34.66796875,-178.7109375,-9.27734375,0.0,0,0
1766593622.231056,1766593622.1726475,-1000.0,-197.265625,-209.9609375,-67.87109375,0.0,0,0
1766593622.2311082,1766593622.1765447,-315.4296875,-83.49609375,15.625,-73.2421875,0.0,0,0
1766593622.231159,1766593622.1804419,953.61328125,157.2265625,187.5,-24.4140625,0.0,0,0
1766593622.23121,1766593622.1843388,-960.44921875,113.28125,83.984375,22.94921875,0.0,0,0
1766593622.231261,1766593622.188236,-57.6171875,-32.2265625,-166.9921875,21.97265625,0.0,0,0
1766593622.231322,1766593622.1921332,-1000.0,-157.2265625,-214.35546875,-39.55078125,0.0,0,0
1766593622.231719,1766593622.1960301,-476.07421875,-166.9921875,-2.9296875,-73.73046875,0.0,0,0
1766593622.231761,1766593622.1999273,833.0078125,-64.94140625,173.33984375,-23.92578125,0.0,0,0
1766593622.290721,1766593622.2039464,-887.20703125,0.9765625,110.83984375,45.41015625,0.0,0,0
1766593622.290829,1766593622.2078433,83.49609375,-37.109375,-125.9765625,16.11328125,0.0,0,0
1766593622.290872,1766593622.2117405,-1000.0,-146.97265625,-225.09765625,-77.63671875,0.0,0,0
1766593622.290911,1766593622.2156377,-686.5234375,-182.12890625,-49.31640625,-95.21484375,0.0,0,0
1766593622.2909498,1766593622.2195349,637.6953125,-55.6640625,161.1328125,-28.3203125,0.0,0,0
1766593622.290988,1766593622.2234318,-836.9140625,118.65234375,136.71875,33.203125,0.0,0,0
1766593622.291025,1766593622.227329,133.7890625,37.59765625,-109.86328125,8.30078125,0.0,0,0
1766593622.291065,1766593622.2312262,-1000.0,-164.55078125,-239.74609375,-69.3359375,0.0,0,0
1766593622.291102,1766593622.2351234,-862.3046875,-201.171875,-87.890625,-104.98046875,0.0,0,0
1766593622.29114,1766593622.2390203,409.1796875,-64.453125,138.671875,-36.1328125,0.0,0,0
1766593622.2911942,1766593622.2429175,-802.24609375,66.40625,142.578125,48.33984375,0.0,0,0
1766593622.29123,1766593622.2468147,191.89453125,1.953125,-71.2890625,41.9921875,0.0,0,0
1766593622.32192,1766593622.2508254,-1000.0,-150.87890625,-220.703125,-41.9921875,0.0,0,0
1766593622.322121,1766593622.2547226,-1000.0,-208.0078125,-103.02734375,-85.44921875,0.0,0,0
1766593622.3221812,1766593622.2586198,164.55078125,-105.46875,129.8828125,-22.94921875,0.0,0,0
1766593622.322237,1766593622.262517,-792.96875,29.78515625,161.62109375,40.0390625,0.0,0,0
1766593622.322289,1766593622.2664142,286.62109375,21.484375,-48.828125,27.83203125,0.0,0,0
1766593622.32234,1766593622.2703114,-976.07421875,-92.28515625,-223.6328125,-29.296875,0.0,0,0
1766593622.322392,1766593622.2742083,-1000.0,-145.5078125,-117.1875,-78.125,0.0,0,0
1766593622.322442,1766593622.2781055,-41.9921875,-91.30859375,112.3046875,-51.26953125,0.0,0,0
1766593622.322494,1766593622.2820027,-826.171875,83.984375,154.78515625,-8.30078125,0.0,0,0
1766593622.322544,1766593622.2858999,463.37890625,89.84375,-39.0625,3.41796875,0.0,0,0
1766593622.3225951,1766593622.289797,-851.5625,-100.5859375,-232.91015625,-16.6015625,0.0,0,0
1766593622.322655,1766593622.2936943,-1000.0,-194.82421875,-169.43359375,-60.546875,0.0,0,0
1766593622.3657322,1766593622.2976964,-145.99609375,-55.6640625,82.03125,-48.828125,0.0,0,0
1766593622.365849,1766593622.3015933,-878.90625,90.8203125,167.48046875,7.32421875,0.0,0,0
1766593622.36589,1766593622.3054905,664.55078125,17.578125,-10.7421875,25.87890625,0.0,0,0
1766593622.365929,1766593622.3093877,-659.1796875,-118.1640625,-233.88671875,-35.15625,0.0,0,0
1766593622.365967,1766593622.3132849,-1000.0,-204.1015625,-205.56640625,-92.28515625,0.0,0,0
1766593622.366005,1766593622.317182,-187.5,-109.375,65.91796875,-42.96875,0.0,0,0
1766593622.3660412,1766593622.3210793,-935.546875,23.4375,189.453125,25.87890625,0.0,0,0
1766593622.366079,1766593622.3249764,842.7734375,35.64453125,38.0859375,41.50390625,0.0,0,0
1766593622.366116,1766593622.3288736,-423.33984375,-5.859375,-187.98828125,5.37109375,0.0,0,0
1766593622.366152,1766593622.3327708,-1000.0,-136.23046875,-198.73046875,-66.40625,0.0,0,0
1766593622.366188,1766593622.3366678,-250.48828125,-163.57421875,23.92578125,-68.84765625,0.0,0,0
1766593622.3662238,1766593622.340565,994.62890625,-1.953125,187.98828125,11.23046875,0.0,0,0
1766593622.41076,1766593622.3445587,990.234375,60.05859375,73.73046875,43.45703125,0.0,0,0
1766593622.410932,1766593622.348456,-159.1796875,-54.6875,-182.6171875,-0.48828125,0.0,0,0
1766593622.4109938,1766593622.352353,-1000.0,-168.9453125,-226.5625,-42.48046875,0.0,0,0
1766593622.4110389,1766593622.3562503,-360.3515625,-125.48828125,-13.671875,-81.0546875,0.0,0,0
1766593622.411078,1766593622.3601475,923.33984375,-9.765625,159.1796875,-31.73828125,0.0,0,0
1766593622.4111161,1766593622.3640447,-930.17578125,54.6875,77.63671875,23.92578125,0.0,0,0
1766593622.411155,1766593622.3679419,10.25390625,10.7421875,-148.4375,-39.0625,0.0,0,0
1766593622.4111922,1766593622.371839,-1000.0,-101.07421875,-239.74609375,-104.98046875,0.0,0,0
1766593622.411229,1766593622.3757362,-511.23046875,-142.08984375,-71.77734375,-101.07421875,0.0,0,0
1766593622.411266,1766593622.3796334,804.19921875,-42.96875,141.11328125,-33.203125,0.0,0,0
1766593622.4113102,1766593622.3835304,-872.0703125,85.9375,104.98046875,2.44140625,0.0,0,0
1766593622.411351,1766593622.3874276,127.9296875,2.44140625,-127.9296875,-2.9296875,0.0,0,0
1766593622.45705,1766593622.3914132,-1000.0,-161.1328125,-249.51171875,-62.01171875,0.0,0,0
1766593622.457216,1766593622.3953104,-744.140625,-173.33984375,-91.796875,-117.67578125,0.0,0,0
1766593622.457275,1766593622.3992076,574.21875,-47.8515625,144.04296875,-73.73046875,0.0,0,0
1766593622.45733,1766593622.4031048,-823.73046875,78.125,126.46484375,-8.7890625,0.0,0,0
1766593622.457383,1766593622.407002,160.64453125,5.37109375,-113.28125,4.39453125,0.0,0,0
1766593622.457433,1766593622.4108992,-1000.0,-123.53515625,-221.19140625,-36.1328125,0.0,0,0
1766593622.457483,1766593622.4147964,-912.59765625,-138.671875,-84.9609375,-87.890625,0.0,0,0
1766593622.457533,1766593622.4186935,332.03125,-29.296875,116.2109375,-65.4296875,0.0,0,0
1766593622.4575832,1766593622.4225907,-795.8984375,70.80078125,130.37109375,-3.41796875,0.0,0,0
1766593622.457643,1766593622.426488,223.14453125,17.08984375,-75.68359375,-3.41796875,0.0,0,0
1766593622.45771,1766593622.430385,-1000.0,-105.95703125,-234.86328125,-44.43359375,0.0,0,0
1766593622.457763,1766593622.4342823,-1000.0,-164.55078125,-126.46484375,-79.58984375,0.0,0,0
1766593622.500694,1766593622.4382572,83.0078125,-90.33203125,105.95703125,-52.734375,0.0,0,0
1766593622.500824,1766593622.4421544,-800.29296875,22.94921875,162.59765625,8.30078125,0.0,0,0
1766593622.500884,1766593622.4460516,335.9375,21.97265625,-39.55078125,15.13671875,0.0,0,0
1766593622.500938,1766593622.4499488,-945.3125,-100.09765625,-235.3515625,-37.59765625,0.0,0,0
1766593622.50099,1766593622.453846,-1000.0,-177.734375,-152.83203125,-91.30859375,0.0,0,0
1766593622.501041,1766593622.4577432,-92.28515625,-73.73046875,99.12109375,-65.4296875,0.0,0,0
1766593622.501091,1766593622.4616404,-839.35546875,91.796875,185.546875,11.23046875,0.0,0,0
1766593622.501141,1766593622.4655375,515.13671875,63.4765625,-22.94921875,38.57421875,0.0,0,0
1766593622.5011919,1766593622.4694347,-808.59375,-96.6796875,-234.86328125,-10.7421875,0.0,0,0
1766593622.5012422,1766593622.473332,-1000.0,-183.10546875,-166.50390625,-63.4765625,0.0,0,0
1766593622.501291,1766593622.477229,-168.45703125,-126.46484375,56.640625,-53.22265625,0.0,0,0
1766593622.5013602,1766593622.4811263,-897.94921875,-16.11328125,155.2734375,5.37109375,0.0,0,0
1766593622.55933,1766593622.4850922,727.05078125,24.4140625,7.32421875,21.97265625,0.0,0,0
1766593622.559434,1766593622.4889894,-587.890625,-60.546875,-202.1484375,-30.2734375,0.0,0,0
1766593622.5594912,1766593622.4928865,-1000.0,-163.0859375,-192.3828125,-78.125,0.0,0,0
1766593622.559546,1766593622.4967837,-211.42578125,-116.69921875,26.3671875,-96.6796875,0.0,0,0
1766593622.559598,1766593622.500681,-959.9609375,32.2265625,167.48046875,-22.4609375,0.0,0,0
1766593622.5596511,1766593622.504578,897.94921875,86.9140625,41.50390625,31.25,0.0,0,0
1766593622.559701,1766593622.5084753,-337.890625,18.06640625,-200.1953125,-12.20703125,0.0,0,0
1766593622.559753,1766593622.5123725,-1000.0,-126.46484375,-227.5390625,-62.5,0.0,0,0
1766593622.559823,1766593622.5162697,-280.2734375,-163.0859375,0.48828125,-79.1015625,0.0,0,0
1766593622.559875,1766593622.5201669,972.65625,-19.04296875,179.19921875,1.46484375,0.0,0,0
1766593622.559934,1766593622.524064,-978.02734375,75.68359375,82.51953125,41.015625,0.0,0,0
1766593622.5599842,1766593622.5279613,-90.8203125,-16.6015625,-155.76171875,-16.11328125,0.0,0,0
1766593622.607589,1766593622.5319896,-1000.0,-175.29296875,-213.37890625,-71.77734375,0.0,0,0
1766593622.607894,1766593622.5358868,-412.109375,-159.66796875,-16.11328125,-92.7734375,0.0,0,0
1766593622.6081831,1766593622.539784,883.30078125,-1.953125,174.8046875,-29.296875,0.0,0,0
1766593622.608222,1766593622.5436811,-902.83203125,83.49609375,105.95703125,35.15625,0.0,0,0
1766593622.608329,1766593622.5475783,73.2421875,-15.625,-137.6953125,-3.90625,0.0,0,0
1766593622.6083798,1766593622.5514755,-1000.0,-126.46484375,-219.7265625,-78.125,0.0,0,0
1766593622.608486,1766593622.5553727,-615.72265625,-105.95703125,-18.06640625,-62.01171875,0.0,0,0
1766593622.608525,1766593622.5592701,714.35546875,-36.1328125,181.15234375,-9.765625,0.0,0,0
1766593622.6086369,1766593622.5631673,-851.5625,40.52734375,116.69921875,21.484375,0.0,0,0
1766593622.608872,1766593622.5670645,132.8125,-22.4609375,-106.93359375,3.41796875,0.0,0,0
1766593622.608934,1766593622.5709617,-1000.0,-144.53125,-225.5859375,-54.6875,0.0,0,0
1766593622.6089668,1766593622.574859,-815.91796875,-181.15234375,-78.125,-82.51953125,0.0,0,0
1766593622.682224,1766593622.5790231,479.00390625,-75.1953125,156.25,-55.6640625,0.0,0,0
1766593622.682357,1766593622.5829203,-809.5703125,78.125,147.94921875,8.30078125,0.0,0,0
1766593622.6823978,1766593622.5868175,182.6171875,49.8046875,-91.30859375,-4.39453125,0.0,0,0
1766593622.6824372,1766593622.590715,-1000.0,-92.7734375,-247.55859375,-78.125,0.0,0,0
1766593622.682475,1766593622.5946121,-975.5859375,-149.4140625,-125.48828125,-74.21875,0.0,0,0
1766593622.6825118,1766593622.5985093,226.07421875,-47.36328125,131.8359375,-39.55078125,0.0,0,0
1766593622.682548,1766593622.6024067,-791.015625,87.890625,166.50390625,16.11328125,0.0,0,0
1766593622.682587,1766593622.606304,259.765625,28.3203125,-64.453125,30.76171875,0.0,0,0
1766593622.682623,1766593622.6102011,-988.28125,-135.7421875,-242.1875,-51.26953125,0.0,0,0
1766593622.682672,1766593622.6140983,-1000.0,-94.23828125,-144.53125,-96.6796875,0.0,0,0
1766593622.6827168,1766593622.6179957,-24.90234375,-40.0390625,94.7265625,-65.4296875,0.0,0,0
1766593622.6827571,1766593622.621893,-812.5,-20.01953125,165.0390625,13.671875,0.0,0,0
1766593622.696293,1766593622.6259065,393.06640625,4.39453125,-40.0390625,32.2265625,0.0,0,0
1766593622.696395,1766593622.6298037,-909.1796875,-109.86328125,-253.90625,-44.43359375,0.0,0,0
1766593622.69644,1766593622.6337008,-1000.0,-188.96484375,-176.7578125,-87.40234375,0.0,0,0
1766593622.696481,1766593622.6375983,-136.23046875,-133.30078125,83.984375,-63.4765625,0.0,0,0
1766593622.696519,1766593622.6414955,-865.234375,7.32421875,181.640625,-1.953125,0.0,0,0
1766593622.696557,1766593622.6453927,620.1171875,53.7109375,9.765625,18.5546875,0.0,0,0
1766593622.696594,1766593622.64929,-709.47265625,-41.015625,-219.7265625,-38.0859375,0.0,0,0
1766593622.696631,1766593622.6531873,-1000.0,-156.25,-214.35546875,-87.890625,0.0,0,0
1766593622.696668,1766593622.6570845,-196.2890625,-138.18359375,36.62109375,-73.2421875,0.0,0,0
1766593622.696705,1766593622.660982,-931.640625,7.32421875,193.84765625,0.48828125,0.0,0,0
1766593622.6967528,1766593622.664879,825.68359375,47.8515625,40.52734375,27.83203125,0.0,0,0
1766593622.696803,1766593622.6687763,-458.984375,-64.94140625,-197.265625,-24.90234375,0.0,0,0
1766593622.754501,1766593622.672776,-1000.0,-184.08203125,-224.609375,-79.58984375,0.0,0,0
1766593622.754614,1766593622.6766734,-238.76953125,-156.73828125,-4.39453125,-86.9140625,0.0,0,0
1766593622.754658,1766593622.6805706,-988.28125,9.765625,180.6640625,-21.97265625,0.0,0,0
1766593622.754698,1766593622.684468,957.51953125,69.82421875,54.6875,23.92578125,0.0,0,0
1766593622.7547362,1766593622.6883652,-230.95703125,-15.13671875,-196.2890625,-26.85546875,0.0,0,0
1766593622.754774,1766593622.6922624,-1000.0,-118.65234375,-217.28515625,-81.0546875,0.0,0,0
1766593622.7548108,1766593622.6961598,-346.6796875,-142.578125,-7.32421875,-76.66015625,0.0,0,0
1766593622.754862,1766593622.700057,929.19921875,-45.8984375,182.6171875,-19.04296875,0.0,0,0
1766593622.754899,1766593622.7039545,-936.03515625,111.81640625,103.515625,29.78515625,0.0,0,0
1766593622.754936,1766593622.7078516,-2.44140625,34.66796875,-162.59765625,-9.765625,0.0,0,0
1766593622.754973,1766593622.7117488,-1000.0,-172.36328125,-253.41796875,-88.37890625,0.0,0,0
1766593622.755009,1766593622.7156463,-520.01953125,-154.78515625,-41.015625,-97.16796875,0.0,0,0
1766593622.7860951,1766593622.719637,799.8046875,-28.3203125,171.38671875,-45.41015625,0.0,0,0
1766593622.78621,1766593622.723534,-874.0234375,52.24609375,105.46875,3.90625,0.0,0,0
1766593622.78627,1766593622.7274315,108.88671875,-10.7421875,-135.25390625,-9.27734375,0.0,0,0
1766593622.786325,1766593622.7313287,-1000.0,-126.953125,-237.79296875,-77.1484375,0.0,0,0
1766593622.786392,1766593622.735226,-732.421875,-163.0859375,-74.21875,-97.65625,0.0,0,0
1766593622.786452,1766593622.7391233,588.37890625,-59.5703125,162.59765625,-43.45703125,0.0,0,0
1766593622.786504,1766593622.7430205,-825.68359375,61.5234375,151.3671875,8.7890625,0.0,0,0
1766593622.786598,1766593622.746918,151.3671875,49.8046875,-126.46484375,-6.8359375,0.0,0,0
1766593622.786667,1766593622.7508152,-1000.0,-91.796875,-277.34375,-77.63671875,0.0,0,0
1766593622.786719,1766593622.7547126,-917.48046875,-220.703125,-105.95703125,-104.4921875,0.0,0,0
1766593622.786779,1766593622.7586098,326.171875,-103.515625,137.6953125,-48.828125,0.0,0,0
1766593622.786829,1766593622.7625072,-794.921875,75.68359375,161.1328125,14.6484375,0.0,0,0
1766593622.830678,1766593622.7664907,229.4921875,56.15234375,-63.96484375,12.20703125,0.0,0,0
1766593622.8308082,1766593622.770388,-1000.0,-126.46484375,-251.953125,-52.734375,0.0,0,0
1766593622.8308501,1766593622.7742853,-1000.0,-196.77734375,-135.25390625,-89.35546875,0.0,0,0
1766593622.830888,1766593622.7781827,104.98046875,-87.40234375,125.48828125,-35.15625,0.0,0,0
1766593622.8309262,1766593622.78208,-796.875,25.390625,170.41015625,34.66796875,0.0,0,0
1766593622.830969,1766593622.7859774,327.63671875,19.04296875,-32.71484375,29.296875,0.0,0,0
1766593622.831007,1766593622.7898746,-949.70703125,-80.56640625,-249.51171875,-44.921875,0.0,0,0
1766593622.8310452,1766593622.793772,-1000.0,-126.953125,-182.6171875,-105.95703125,0.0,0,0
1766593622.831081,1766593622.7976692,-87.40234375,-67.87109375,69.82421875,-77.1484375,0.0,0,0
1766593622.8311172,1766593622.8015666,-836.9140625,10.7421875,148.92578125,-2.44140625,0.0,0,0
1766593622.8311539,1766593622.8054638,507.32421875,28.3203125,-21.484375,16.11328125,0.0,0,0
1766593622.83119,1766593622.8093612,-815.91796875,-80.078125,-227.5390625,-43.9453125,0.0,0,0
1766593622.8768919,1766593622.8133354,-1000.0,-185.05859375,-191.40625,-103.02734375,0.0,0,0
1766593622.8770401,1766593622.8172328,-170.41015625,-129.39453125,40.52734375,-87.890625,0.0,0,0
1766593622.877099,1766593622.82113,-897.94921875,29.78515625,167.48046875,-13.18359375,0.0,0,0
1766593622.877153,1766593622.8250275,728.02734375,79.1015625,21.484375,25.87890625,0.0,0,0
1766593622.877204,1766593622.8289247,-588.8671875,-65.4296875,-219.7265625,-35.64453125,0.0,0,0
1766593622.877255,1766593622.832822,-1000.0,-185.05859375,-192.3828125,-85.9375,0.0,0,0
1766593622.877305,1766593622.8367193,-210.9375,-135.7421875,48.828125,-64.94140625,0.0,0,0
1766593622.87736,1766593622.8406167,-958.49609375,-1.46484375,167.48046875,1.953125,0.0,0,0
1766593622.8774111,1766593622.844514,893.5546875,29.78515625,36.1328125,40.52734375,0.0,0,0
1766593622.877461,1766593622.8484113,-343.75,-77.63671875,-201.171875,-12.6953125,0.0,0,0
1766593622.877511,1766593622.8523088,-1000.0,-182.12890625,-224.12109375,-84.47265625,0.0,0,0
1766593622.877561,1766593622.856206,-288.57421875,-144.04296875,-4.8828125,-77.1484375,0.0,0,0
1766593622.9203699,1766593622.8601694,968.26171875,4.8828125,170.41015625,5.37109375,0.0,0,0
1766593622.920435,1766593622.8640668,-975.5859375,70.3125,83.49609375,52.734375,0.0,0,0
1766593622.920461,1766593622.8679643,-89.35546875,-20.5078125,-148.92578125,1.46484375,0.0,0,0
1766593622.920485,1766593622.8718615,-1000.0,-151.85546875,-208.49609375,-59.5703125,0.0,0,0
1766593622.9205089,1766593622.875759,-422.8515625,-151.3671875,-24.90234375,-66.89453125,0.0,0,0
1766593622.920532,1766593622.879656,877.44140625,0.0,170.8984375,-13.18359375,0.0,0,0
1766593622.9207628,1766593622.8835535,-902.34375,75.1953125,104.98046875,44.921875,0.0,0,0
1766593622.920789,1766593622.887451,64.453125,-37.59765625,-148.92578125,13.18359375,0.0,0,0
1766593622.920813,1766593622.8913481,-1000.0,-177.734375,-225.5859375,-58.10546875,0.0,0,0
1766593622.9208372,1766593622.8952456,-633.7890625,-177.734375,-39.55078125,-73.73046875,0.0,0,0
1766593622.9208598,1766593622.8991427,693.359375,-41.9921875,168.9453125,-15.13671875,0.0,0,0
1766593622.920884,1766593622.9030402,-847.16796875,51.26953125,131.34765625,39.55078125,0.0,0,0
1766593622.980414,1766593622.9069965,134.765625,-19.04296875,-110.83984375,5.859375,0.0,0,0
1766593622.980515,1766593622.910894,-1000.0,-163.57421875,-229.4921875,-69.82421875,0.0,0,0
1766593622.980573,1766593622.914791,-822.265625,-195.80078125,-72.265625,-85.9375,0.0,0,0
1766593622.980627,1766593622.9186885,468.75,-81.54296875,155.76171875,-18.5546875,0.0,0,0
1766593622.980681,1766593622.922586,-808.10546875,21.97265625,150.87890625,35.64453125,0.0,0,0
1766593622.980733,1766593622.9264832,197.265625,22.94921875,-62.01171875,14.6484375,0.0,0,0
1766593622.9807858,1766593622.9303806,-1000.0,-47.8515625,-211.9140625,-56.640625,0.0,0,0
1766593622.9808362,1766593622.934278,-989.74609375,-147.4609375,-116.69921875,-94.7265625,0.0,0,0
1766593622.980887,1766593622.9381752,199.70703125,-87.40234375,114.74609375,-60.05859375,0.0,0,0
1766593622.980937,1766593622.9420726,-792.96875,62.5,155.2734375,8.30078125,0.0,0,0
1766593622.980992,1766593622.9459698,275.390625,41.015625,-58.59375,14.16015625,0.0,0,0
1766593622.981041,1766593622.9498672,-984.86328125,-122.0703125,-240.72265625,-66.89453125,0.0,0,0
1766593623.026693,1766593622.953883,-1000.0,-189.453125,-151.3671875,-119.140625,0.0,0,0
1766593623.02679,1766593622.9577804,-11.71875,-88.37890625,89.35546875,-83.0078125,0.0,0,0
1766593623.026849,1766593622.9616778,-817.87109375,39.55078125,160.15625,1.46484375,0.0,0,0
1766593623.026902,1766593622.965575,434.08203125,24.4140625,-26.3671875,37.109375,0.0,0,0
1766593623.026953,1766593622.9694724,-874.51171875,-112.79296875,-226.07421875,-31.73828125,0.0,0,0
1766593623.027004,1766593622.9733698,-1000.0,-172.36328125,-157.71484375,-97.65625,0.0,0,0
1766593623.027054,1766593622.977267,-137.6953125,-83.49609375,74.70703125,-72.265625,0.0,0,0
1766593623.027106,1766593622.9811645,-870.60546875,29.296875,166.9921875,-0.48828125,0.0,0,0
1766593623.027164,1766593622.985062,639.6484375,38.57421875,-4.8828125,20.5078125,0.0,0,0
1766593623.027219,1766593622.988959,-690.4296875,-48.828125,-229.98046875,-35.15625,0.0,0,0
1766593623.0272682,1766593622.9928565,-1000.0,-167.96875,-194.3359375,-86.9140625,0.0,0,0
1766593623.027322,1766593622.996754,-178.7109375,-143.06640625,57.12890625,-64.453125,0.0,0,0
1766593623.0713742,1766593623.0007632,-929.6875,19.53125,175.78125,0.48828125,0.0,0,0
1766593623.071535,1766593623.0046604,830.56640625,44.921875,12.6953125,20.01953125,0.0,0,0
1766593623.071593,1766593623.0085578,-443.84765625,-53.7109375,-207.51953125,-38.57421875,0.0,0,0
1766593623.071648,1766593623.0124552,-1000.0,-167.48046875,-211.42578125,-99.12109375,0.0,0,0
1766593623.0716999,1766593623.0163527,-239.2578125,-128.90625,20.5078125,-84.9609375,0.0,0,0
1766593623.0717509,1766593623.0202498,-992.1875,37.59765625,186.03515625,-12.6953125,0.0,0,0
1766593623.0718,1766593623.0241473,967.7734375,96.6796875,49.8046875,8.30078125,0.0,0,0
1766593623.071851,1766593623.0280447,-206.54296875,-26.85546875,-192.3828125,-38.0859375,0.0,0,0
1766593623.0719,1766593623.0319421,-1000.0,-131.34765625,-234.375,-95.703125,0.0,0,0
1766593623.071948,1766593623.0358393,-342.7734375,-133.7890625,-19.04296875,-97.16796875,0.0,0,0
1766593623.072012,1766593623.0397367,932.12890625,-66.40625,182.12890625,-22.94921875,0.0,0,0
1766593623.072065,1766593623.0436342,-934.5703125,47.8515625,92.28515625,19.04296875,0.0,0,0
1766593623.116215,1766593623.0476334,4.8828125,-20.99609375,-159.66796875,-19.53125,0.0,0,0
1766593623.116547,1766593623.0515308,-1000.0,-160.64453125,-232.421875,-87.890625,0.0,0,0
1766593623.11662,1766593623.0554283,-519.04296875,-160.15625,-31.25,-97.16796875,0.0,0,0
1766593623.116677,1766593623.0593257,799.31640625,-26.3671875,169.921875,-38.57421875,0.0,0,0
1766593623.116729,1766593623.063223,-872.55859375,62.5,105.46875,12.20703125,0.0,0,0
1766593623.116781,1766593623.0671203,120.1171875,9.765625,-120.60546875,-10.7421875,0.0,0,0
1766593623.116832,1766593623.0710177,-1000.0,-111.81640625,-228.515625,-74.70703125,0.0,0,0
1766593623.1168818,1766593623.0749152,-734.375,-140.625,-68.84765625,-87.890625,0.0,0,0
1766593623.116933,1766593623.0788126,586.42578125,-30.76171875,154.78515625,-29.296875,0.0,0,0
1766593623.116991,1766593623.0827098,-825.1953125,59.5703125,142.08984375,39.0625,0.0,0,0
1766593623.1170402,1766593623.0866072,154.296875,0.9765625,-85.44921875,12.20703125,0.0,0,0
1766593623.117105,1766593623.0905046,-1000.0,-135.25390625,-224.609375,-70.80078125,0.0,0,0
1766593623.1613288,1766593623.0944955,-928.22265625,-175.78125,-98.14453125,-108.88671875,0.0,0,0
1766593623.161494,1766593623.0983927,304.19921875,-79.1015625,130.37109375,-66.89453125,0.0,0,0
1766593623.161539,1766593623.1022902,-794.43359375,54.6875,163.0859375,16.6015625,0.0,0,0
1766593623.161578,1766593623.1061876,232.421875,20.99609375,-58.10546875,16.6015625,0.0,0,0
1766593623.1616151,1766593623.110085,-1000.0,-141.6015625,-242.1875,-58.10546875,0.0,0,0
1766593623.161651,1766593623.1139824,-1000.0,-188.4765625,-123.046875,-87.40234375,0.0,0,0
1766593623.161688,1766593623.1178799,94.7265625,-62.5,134.27734375,-41.9921875,0.0,0,0
1766593623.1617239,1766593623.121777,-798.828125,56.640625,161.62109375,21.97265625,0.0,0,0
1766593623.1617658,1766593623.1256745,333.984375,6.34765625,-59.5703125,29.78515625,0.0,0,0
1766593623.161802,1766593623.129572,-945.80078125,-123.53515625,-224.609375,-32.71484375,0.0,0,0
1766593623.161838,1766593623.1334693,-1000.0,-182.12890625,-141.11328125,-91.796875,0.0,0,0
1766593623.161875,1766593623.1373668,-91.30859375,-91.30859375,78.125,-68.359375,0.0,0,0
1766593623.2057989,1766593623.1413493,-841.30859375,29.296875,164.0625,9.765625,0.0,0,0
1766593623.205931,1766593623.1452467,526.85546875,33.69140625,-1.46484375,33.69140625,0.0,0,0
1766593623.2059882,1766593623.1491442,-797.36328125,-80.56640625,-214.84375,-29.78515625,0.0,0,0
1766593623.206041,1766593623.1530414,-1000.0,-172.36328125,-183.10546875,-92.7734375,0.0,0,0
1766593623.206093,1766593623.1569388,-170.8984375,-101.07421875,57.6171875,-66.89453125,0.0,0,0
1766593623.206146,1766593623.1608362,-901.3671875,48.828125,187.5,15.625,0.0,0,0
1766593623.206196,1766593623.1647336,738.76953125,64.453125,21.484375,33.69140625,0.0,0,0
1766593623.206246,1766593623.168631,-573.73046875,-46.38671875,-212.40234375,-24.90234375,0.0,0,0
1766593623.2062972,1766593623.1725285,-1000.0,-152.83203125,-204.1015625,-82.03125,0.0,0,0
1766593623.2063339,1766593623.176426,-210.9375,-114.74609375,14.6484375,-78.125,0.0,0,0
1766593623.20637,1766593623.1803234,-963.8671875,46.38671875,166.50390625,-3.41796875,0.0,0,0
1766593623.206433,1766593623.1842208,911.62109375,81.0546875,48.828125,43.45703125,0.0,0,0
1766593623.2652328,1766593623.188266,-315.4296875,-37.109375,-178.7109375,-7.8125,0.0,0,0
1766593623.265316,1766593623.1921635,-1000.0,-154.296875,-210.44921875,-70.80078125,0.0,0,0
1766593623.265342,1766593623.196061,-288.0859375,-138.18359375,-23.92578125,-71.77734375,0.0,0,0
1766593623.2654011,1766593623.1999583,968.75,-6.34765625,141.11328125,-17.578125,0.0,0,0
1766593623.265433,1766593623.2038558,-976.07421875,61.03515625,55.6640625,32.2265625,0.0,0,0
1766593623.265459,1766593623.2077532,-83.49609375,-31.73828125,-158.69140625,4.8828125,0.0,0,0
1766593623.265483,1766593623.2116506,-1000.0,-117.67578125,-207.51953125,-68.359375,0.0,0,0
1766593623.2655082,1766593623.215548,-444.82421875,-90.8203125,-41.015625,-79.58984375,0.0,0,0
1766593623.265532,1766593623.2194455,862.3046875,-11.23046875,153.80859375,-12.6953125,0.0,0,0
1766593623.2655559,1766593623.223343,-897.4609375,67.87109375,91.30859375,32.2265625,0.0,0,0
1766593623.265748,1766593623.2272403,69.3359375,-6.8359375,-154.296875,-2.44140625,0.0,0,0
1766593623.2657762,1766593623.2311375,-1000.0,-170.41015625,-220.703125,-75.68359375,0.0,0,0
1766593623.3092391,1766593623.2351031,-626.46484375,-190.91796875,-50.78125,-84.47265625,0.0,0,0
1766593623.309366,1766593623.2390006,700.68359375,-51.7578125,134.27734375,-14.6484375,0.0,0,0
1766593623.3094249,1766593623.2428982,-848.14453125,62.01171875,113.28125,46.875,0.0,0,0
1766593623.3094778,1766593623.2467957,134.27734375,17.578125,-104.00390625,24.90234375,0.0,0,0
1766593623.309531,1766593623.250693,-1000.0,-119.140625,-234.86328125,-63.96484375,0.0,0,0
1766593623.309582,1766593623.2545905,-843.26171875,-144.04296875,-83.49609375,-94.7265625,0.0,0,0
1766593623.309633,1766593623.258488,439.94140625,-23.4375,124.0234375,-46.38671875,0.0,0,0
1766593623.309684,1766593623.2623854,-805.17578125,53.7109375,128.90625,12.6953125,0.0,0,0
1766593623.3097348,1766593623.2662828,191.40625,-9.765625,-75.68359375,24.4140625,0.0,0,0
1766593623.3097851,1766593623.2701802,-1000.0,-138.671875,-235.3515625,-44.921875,0.0,0,0
1766593623.309834,1766593623.2740777,-983.88671875,-159.66796875,-119.62890625,-97.16796875,0.0,0,0
1766593623.3098838,1766593623.277975,206.0546875,-49.8046875,111.328125,-38.57421875,0.0,0,0
1766593623.3556411,1766593623.281929,-793.45703125,54.6875,151.85546875,39.0625,0.0,0,0
1766593623.3557491,1766593623.2858264,276.3671875,24.4140625,-42.96875,39.55078125,0.0,0,0
1766593623.3558002,1766593623.2897239,-980.46875,-106.93359375,-206.0546875,-22.94921875,0.0,0,0
1766593623.355854,1766593623.2936213,-1000.0,-179.19921875,-125.9765625,-73.2421875,0.0,0,0
1766593623.355906,1766593623.2975187,-32.71484375,-114.2578125,87.40234375,-48.33984375,0.0,0,0
1766593623.355957,1766593623.3014162,-821.2890625,53.22265625,158.203125,8.30078125,0.0,0,0
1766593623.3560069,1766593623.3053136,447.75390625,104.98046875,-25.87890625,34.1796875,0.0,0,0
1766593623.3560572,1766593623.309211,-865.72265625,-65.91796875,-221.6796875,-5.37109375,0.0,0,0
1766593623.356107,1766593623.3131084,-1000.0,-193.84765625,-155.76171875,-63.96484375,0.0,0,0
1766593623.3561559,1766593623.3170059,-138.18359375,-109.375,62.98828125,-57.12890625,0.0,0,0
1766593623.3562062,1766593623.3209033,-870.60546875,26.85546875,155.2734375,22.4609375,0.0,0,0
1766593623.356276,1766593623.3248007,637.6953125,38.0859375,9.27734375,45.8984375,0.0,0,0
1766593623.400367,1766593623.328817,-691.40625,-76.66015625,-210.9375,-28.3203125,0.0,0,0
1766593623.4004622,1766593623.3327143,-1000.0,-184.5703125,-191.40625,-85.44921875,0.0,0,0
1766593623.400504,1766593623.3366117,-180.6640625,-122.55859375,41.50390625,-60.05859375,0.0,0,0
1766593623.400543,1766593623.3405092,-928.7109375,23.4375,164.0625,13.671875,0.0,0,0
1766593623.4005818,1766593623.3444066,822.265625,50.78125,30.2734375,41.015625,0.0,0,0
1766593623.400618,1766593623.348304,-451.171875,-35.15625,-178.7109375,-12.20703125,0.0,0,0
1766593623.400665,1766593623.3522017,-1000.0,-132.8125,-193.359375,-83.984375,0.0,0,0
1766593623.400703,1766593623.3560991,-239.2578125,-121.58203125,19.04296875,-78.125,0.0,0,0
1766593623.4007401,1766593623.3599966,-994.62890625,2.44140625,176.7578125,-8.7890625,0.0,0,0
1766593623.4007769,1766593623.363894,972.65625,79.58984375,52.24609375,32.71484375,0.0,0,0
1766593623.400813,1766593623.3677914,-193.84765625,-43.9453125,-178.22265625,-11.71875,0.0,0,0
1766593623.4008589,1766593623.3716888,-1000.0,-189.94140625,-214.84375,-80.56640625,0.0,0,0
1766593623.446741,1766593623.3756952,-338.37890625,-142.578125,-11.23046875,-83.984375,0.0,0,0
1766593623.446902,1766593623.3795927,933.10546875,1.46484375,173.828125,-20.99609375,0.0,0,0
1766593623.446965,1766593623.38349,-932.12890625,73.2421875,89.84375,26.3671875,0.0,0,0
1766593623.447019,1766593623.3873875,18.5546875,-9.27734375,-141.6015625,5.859375,0.0,0,0
1766593623.447072,1766593623.391285,-1000.0,-135.25390625,-210.9375,-57.12890625,0.0,0,0
1766593623.447123,1766593623.3951824,-514.6484375,-128.90625,-35.64453125,-87.40234375,0.0,0,0
1766593623.447176,1766593623.39908,805.6640625,8.7890625,155.76171875,-37.109375,0.0,0,0
1766593623.447226,1766593623.4029775,-875.0,70.80078125,97.65625,23.4375,0.0,0,0
1766593623.4472818,1766593623.406875,113.28125,8.30078125,-124.51171875,-3.90625,0.0,0,0
1766593623.4473238,1766593623.4107723,-1000.0,-99.12109375,-210.44921875,-78.61328125,0.0,0,0
1766593623.447361,1766593623.4146698,-716.796875,-155.76171875,-65.91796875,-97.16796875,0.0,0,0
1766593623.4474041,1766593623.4185672,604.4921875,-54.6875,142.08984375,-35.64453125,0.0,0,0
1766593623.4905758,1766593623.4225655,-829.1015625,54.19921875,133.7890625,23.92578125,0.0,0,0
1766593623.490657,1766593623.426463,156.25,14.16015625,-91.796875,-5.37109375,0.0,0,0
1766593623.490699,1766593623.4303603,-1000.0,-127.9296875,-230.46875,-86.42578125,0.0,0,0
1766593623.4907389,1766593623.4342577,-901.85546875,-155.2734375,-104.00390625,-114.74609375,0.0,0,0
1766593623.4907782,1766593623.4381552,349.12109375,-44.921875,112.79296875,-53.22265625,0.0,0,0
1766593623.490816,1766593623.4420528,-797.36328125,78.125,139.16015625,15.13671875,0.0,0,0
1766593623.490852,1766593623.4459503,223.14453125,54.19921875,-77.1484375,12.20703125,0.0,0,0
1766593623.490895,1766593623.4498477,-1000.0,-119.62890625,-243.65234375,-62.5,0.0,0,0
1766593623.4909298,1766593623.4537451,-1000.0,-111.81640625,-142.08984375,-123.53515625,0.0,0,0
1766593623.490967,1766593623.4576426,88.37890625,-18.5546875,94.23828125,-77.1484375,0.0,0,0
1766593623.4910028,1766593623.4615402,-800.78125,25.87890625,151.3671875,15.13671875,0.0,0,0
1766593623.491039,1766593623.4654377,341.30859375,38.57421875,-34.1796875,23.92578125,0.0,0,0
1766593623.5667179,1766593623.469569,-942.3828125,-80.56640625,-218.26171875,-50.29296875,0.0,0,0
1766593623.5668569,1766593623.4734666,-1000.0,-181.15234375,-151.85546875,-90.33203125,0.0,0,0
1766593623.5669,1766593623.477364,-84.47265625,-95.21484375,86.42578125,-55.6640625,0.0,0,0
1766593623.5669398,1766593623.4812615,-838.8671875,60.05859375,157.71484375,10.25390625,0.0,0,0
1766593623.566978,1766593623.4851592,514.6484375,54.19921875,-18.5546875,18.06640625,0.0,0,0
1766593623.567016,1766593623.4890566,-806.640625,-65.91796875,-203.61328125,-35.64453125,0.0,0,0
1766593623.567053,1766593623.492954,-1000.0,-138.671875,-152.34375,-86.42578125,0.0,0,0
1766593623.567101,1766593623.4968517,-169.43359375,-93.75,49.31640625,-73.73046875,0.0,0,0
1766593623.567138,1766593623.500749,-899.90234375,21.97265625,125.9765625,-7.32421875,0.0,0,0
1766593623.567177,1766593623.5046465,732.91015625,20.99609375,-8.7890625,25.390625,0.0,0,0
1766593623.567213,1766593623.5085442,-577.63671875,-125.48828125,-197.265625,-20.5078125,0.0,0,0
1766593623.56725,1766593623.5124416,-1000.0,-220.21484375,-188.96484375,-88.8671875,0.0,0,0
1766593623.580797,1766593623.516425,-218.75,-149.90234375,23.4375,-83.0078125,0.0,0,0
1766593623.580868,1766593623.5203223,-963.8671875,20.01953125,151.85546875,-18.06640625,0.0,0,0
1766593623.580895,1766593623.52422,902.34375,93.75,42.48046875,20.01953125,0.0,0,0
1766593623.5809221,1766593623.5281174,-330.078125,-6.34765625,-166.50390625,-19.53125,0.0,0,0
1766593623.580947,1766593623.5320148,-1000.0,-148.92578125,-210.9375,-97.16796875,0.0,0,0
1766593623.58097,1766593623.5359125,-274.4140625,-127.44140625,2.9296875,-94.7265625,0.0,0,0
1766593623.5809941,1766593623.53981,976.07421875,24.90234375,161.62109375,-10.7421875,0.0,0,0
1766593623.5810182,1766593623.5437076,-980.95703125,72.265625,52.24609375,37.59765625,0.0,0,0
1766593623.5810418,1766593623.547605,-90.8203125,-38.57421875,-159.1796875,-2.9296875,0.0,0,0
1766593623.581066,1766593623.5515025,-1000.0,-163.57421875,-210.9375,-88.37890625,0.0,0,0
1766593623.581089,1766593623.5554001,-415.0390625,-165.0390625,-26.85546875,-91.796875,0.0,0,0
1766593623.5811121,1766593623.5592976,881.8359375,-63.96484375,159.66796875,-16.6015625,0.0,0,0
1766593623.625468,1766593623.5632691,-903.3203125,49.31640625,84.47265625,23.92578125,0.0,0,0
1766593623.625557,1766593623.5671668,71.2890625,0.48828125,-138.18359375,1.953125,0.0,0,0
1766593623.625899,1766593623.5710642,-1000.0,-132.8125,-209.9609375,-72.265625,0.0,0,0
1766593623.6259441,1766593623.5749617,-627.44140625,-128.90625,-51.26953125,-102.5390625,0.0,0,0
1766593623.625982,1766593623.5788593,699.70703125,-9.27734375,138.671875,-41.015625,0.0,0,0
1766593623.626019,1766593623.5827568,-848.14453125,96.6796875,119.140625,25.390625,0.0,0,0
1766593623.626063,1766593623.5866544,135.25390625,47.8515625,-87.890625,17.08984375,0.0,0,0
1766593623.626101,1766593623.5905519,-1000.0,-98.14453125,-206.0546875,-40.52734375,0.0,0,0
1766593623.626137,1766593623.5944495,-841.30859375,-168.45703125,-78.125,-65.4296875,0.0,0,0
1766593623.626173,1766593623.598347,440.91796875,-73.2421875,130.37109375,-27.83203125,0.0,0,0
1766593623.62621,1766593623.6022444,-805.6640625,35.15625,145.5078125,37.59765625,0.0,0,0
1766593623.626247,1766593623.606142,191.89453125,-9.27734375,-56.640625,37.109375,0.0,0,0
1766593623.684295,1766593623.6101065,-1000.0,-111.328125,-229.98046875,-54.6875,0.0,0,0
1766593623.684417,1766593623.6140041,-976.07421875,-158.203125,-120.60546875,-103.02734375,0.0,0,0
1766593623.684475,1766593623.6179016,220.703125,-63.4765625,114.2578125,-44.43359375,0.0,0,0
1766593623.684528,1766593623.6217992,-793.9453125,68.359375,150.87890625,30.76171875,0.0,0,0
1766593623.68458,1766593623.6256967,273.4375,46.38671875,-45.41015625,30.2734375,0.0,0,0
1766593623.684631,1766593623.6295943,-983.88671875,-99.12109375,-212.890625,-41.50390625,0.0,0,0
1766593623.684683,1766593623.6334918,-1000.0,-94.23828125,-134.765625,-90.8203125,0.0,0,0
1766593623.6847339,1766593623.6373894,-16.6015625,-16.6015625,79.58984375,-59.08203125,0.0,0,0
1766593623.6847842,1766593623.6412868,-814.94140625,36.1328125,157.71484375,16.6015625,0.0,0,0
1766593623.6848361,1766593623.6451843,409.66796875,32.2265625,-28.80859375,20.01953125,0.0,0,0
1766593623.684886,1766593623.649082,-894.53125,-85.9375,-222.65625,-50.78125,0.0,0,0
1766593623.684949,1766593623.6529794,-1000.0,-169.43359375,-159.1796875,-83.984375,0.0,0,0
1766593623.7309499,1766593623.6569338,-138.671875,-114.2578125,62.01171875,-48.33984375,0.0,0,0
1766593623.731036,1766593623.6608315,-876.46484375,44.43359375,161.62109375,20.01953125,0.0,0,0
1766593623.7310798,1766593623.6647289,662.59765625,56.640625,6.8359375,55.17578125,0.0,0,0
1766593623.73112,1766593623.6686265,-661.1328125,-83.0078125,-198.73046875,-12.20703125,0.0,0,0
1766593623.731158,1766593623.672524,-1000.0,-180.6640625,-188.96484375,-100.09765625,0.0,0,0
1766593623.731195,1766593623.6764216,-177.24609375,-89.35546875,22.94921875,-83.49609375,0.0,0,0
1766593623.731232,1766593623.680319,-926.26953125,71.77734375,145.5078125,-13.671875,0.0,0,0
1766593623.7312698,1766593623.6842167,816.89453125,82.03125,15.13671875,13.671875,0.0,0,0
1766593623.731306,1766593623.6881142,-456.54296875,-46.38671875,-191.40625,-33.69140625,0.0,0,0
1766593623.731343,1766593623.6920118,-1000.0,-162.59765625,-192.3828125,-91.30859375,0.0,0,0
1766593623.731379,1766593623.6959093,-247.55859375,-119.62890625,7.32421875,-81.0546875,0.0,0,0
1766593623.731416,1766593623.699807,-994.62890625,18.06640625,159.66796875,-13.671875,0.0,0,0
1766593623.775485,1766593623.70382,965.8203125,66.89453125,52.24609375,22.94921875,0.0,0,0
1766593623.775591,1766593623.7077177,-209.47265625,-48.33984375,-171.875,-9.27734375,0.0,0,0
1766593623.77565,1766593623.711615,-1000.0,-151.85546875,-198.2421875,-66.89453125,0.0,0,0
1766593623.7757041,1766593623.7155128,-342.28515625,-127.44140625,-11.71875,-82.51953125,0.0,0,0
1766593623.7757561,1766593623.7194102,932.12890625,2.9296875,151.3671875,-22.4609375,0.0,0,0
1766593623.775809,1766593623.7233078,-936.03515625,103.02734375,79.1015625,20.01953125,0.0,0,0
1766593623.775861,1766593623.7272055,4.8828125,6.8359375,-159.66796875,-34.66796875,0.0,0,0
1766593623.775913,1766593623.731103,-1000.0,-145.99609375,-227.05078125,-87.890625,0.0,0,0
1766593623.7759628,1766593623.7350006,-523.92578125,-163.57421875,-48.828125,-66.89453125,0.0,0,0
1766593623.776015,1766593623.738898,795.41015625,-34.1796875,140.625,-21.484375,0.0,0,0
1766593623.776065,1766593623.7427957,-873.046875,79.58984375,104.98046875,26.3671875,0.0,0,0
1766593623.776116,1766593623.7466931,109.86328125,13.671875,-109.86328125,16.11328125,0.0,0,0
1766593623.8206358,1766593623.7506986,-1000.0,-111.328125,-219.23828125,-60.546875,0.0,0,0
1766593623.820792,1766593623.7545962,-734.375,-153.80859375,-69.3359375,-91.30859375,0.0,0,0
1766593623.820852,1766593623.758494,578.61328125,-42.48046875,151.85546875,-42.48046875,0.0,0,0
1766593623.82093,1766593623.7623913,-825.68359375,67.87109375,129.39453125,20.5078125,0.0,0,0
1766593623.8210182,1766593623.766289,160.15625,0.48828125,-99.12109375,9.765625,0.0,0,0
1766593623.8210728,1766593623.7701864,-1000.0,-123.046875,-206.54296875,-61.03515625,0.0,0,0
1766593623.821114,1766593623.774084,-902.83203125,-151.3671875,-78.61328125,-89.84375,0.0,0,0
1766593623.821153,1766593623.7779818,347.65625,-44.921875,131.34765625,-42.96875,0.0,0,0
1766593623.8211908,1766593623.7818792,-797.8515625,44.43359375,154.296875,15.625,0.0,0,0
1766593623.821228,1766593623.7857769,213.8671875,-28.80859375,-78.61328125,-3.90625,0.0,0,0
1766593623.821291,1766593623.7896743,-1000.0,-168.45703125,-243.65234375,-76.171875,0.0,0,0
1766593623.821336,1766593623.793572,-1000.0,-177.734375,-127.9296875,-105.95703125,0.0,0,0
1766593623.8666408,1766593623.797569,114.74609375,-56.15234375,96.19140625,-55.6640625,0.0,0,0
1766593623.866743,1766593623.8014667,-801.26953125,73.2421875,140.625,11.23046875,0.0,0,0
1766593623.8668,1766593623.8053644,354.4921875,68.84765625,-42.48046875,20.99609375,0.0,0,0
1766593623.8668532,1766593623.8092618,-932.12890625,-84.47265625,-218.26171875,-47.36328125,0.0,0,0
1766593623.8669062,1766593623.8131595,-1000.0,-172.8515625,-146.484375,-100.09765625,0.0,0,0
1766593623.866956,1766593623.8170571,-72.75390625,-78.61328125,93.26171875,-60.05859375,0.0,0,0
1766593623.867008,1766593623.8209546,-837.40234375,47.36328125,158.203125,5.859375,0.0,0,0
1766593623.867058,1766593623.8248522,508.7890625,45.8984375,-18.5546875,18.5546875,0.0,0,0
1766593623.867108,1766593623.82875,-809.08203125,-84.9609375,-202.63671875,-37.109375,0.0,0,0
1766593623.8671591,1766593623.8326473,-1000.0,-180.6640625,-156.73828125,-91.30859375,0.0,0,0
1766593623.8672168,1766593623.836545,-169.921875,-101.5625,62.98828125,-75.68359375,0.0,0,0
1766593623.867286,1766593623.8404427,-897.4609375,55.17578125,158.69140625,-6.8359375,0.0,0,0
1766593623.926144,1766593623.8444972,719.7265625,73.73046875,23.4375,22.94921875,0.0,0,0
1766593623.926265,1766593623.8483949,-592.28515625,-53.7109375,-175.78125,-36.1328125,0.0,0,0
1766593623.92632,1766593623.8522925,-1000.0,-187.5,-172.36328125,-98.14453125,0.0,0,0
1766593623.9263701,1766593623.8561902,-206.0546875,-144.04296875,41.9921875,-70.3125,0.0,0,0
1766593623.926422,1766593623.8600876,-962.890625,37.109375,168.9453125,4.8828125,0.0,0,0
1766593623.926472,1766593623.8639853,911.1328125,108.3984375,41.9921875,40.52734375,0.0,0,0
1766593623.926523,1766593623.867883,-310.05859375,20.99609375,-180.17578125,-9.765625,0.0,0,0
1766593623.926597,1766593623.8717806,-1000.0,-134.765625,-207.51953125,-73.73046875,0.0,0,0
1766593623.926657,1766593623.875678,-286.1328125,-153.3203125,3.90625,-61.03515625,0.0,0,0
1766593623.926708,1766593623.8795757,974.12109375,0.9765625,179.6875,14.16015625,0.0,0,0
1766593623.926764,1766593623.8834734,-984.375,61.5234375,87.40234375,65.91796875,0.0,0,0
1766593623.9268138,1766593623.887371,-103.02734375,-27.34375,-145.5078125,4.39453125,0.0,0,0
1766593623.956365,1766593623.891357,-1000.0,-128.90625,-201.66015625,-76.66015625,0.0,0,0
1766593623.956466,1766593623.8952544,-424.31640625,-133.30078125,-19.04296875,-64.94140625,0.0,0,0
1766593623.9565241,1766593623.899152,872.0703125,-17.08984375,165.52734375,8.7890625,0.0,0,0
1766593623.956579,1766593623.9030497,-900.390625,88.37890625,117.1875,66.40625,0.0,0,0
1766593623.956631,1766593623.9069474,73.2421875,-10.25390625,-117.1875,25.87890625,0.0,0,0
1766593623.956682,1766593623.910845,-1000.0,-141.11328125,-201.66015625,-52.734375,0.0,0,0
1766593623.957046,1766593623.9147425,-633.30078125,-112.3046875,-45.41015625,-82.03125,0.0,0,0
1766593623.957088,1766593623.9186401,693.359375,-3.41796875,133.7890625,-51.26953125,0.0,0,0
1766593623.957126,1766593623.9225378,-847.65625,74.70703125,107.421875,10.25390625,0.0,0,0
1766593623.957171,1766593623.9264355,133.7890625,8.30078125,-119.140625,2.44140625,0.0,0,0
1766593623.957207,1766593623.9303331,-1000.0,-128.41796875,-227.05078125,-70.80078125,0.0,0,0
1766593623.957242,1766593623.9342306,-817.3828125,-65.4296875,-63.96484375,-82.51953125,0.0,0,0
1766593624.0017421,1766593623.938202,471.6796875,24.4140625,140.13671875,-30.76171875,0.0,0,0
1766593624.001844,1766593623.9420996,-810.05859375,36.1328125,139.6484375,32.71484375,0.0,0,0
1766593624.001899,1766593623.9459972,185.05859375,25.87890625,-73.2421875,30.2734375,0.0,0,0
1766593624.001951,1766593623.949895,-1000.0,-97.65625,-211.9140625,-57.12890625,0.0,0,0
1766593624.0020008,1766593623.9537926,-976.5625,-151.3671875,-102.05078125,-103.02734375,0.0,0,0
1766593624.002052,1766593623.9576902,215.33203125,-30.76171875,121.09375,-46.38671875,0.0,0,0
1766593624.002101,1766593623.9615877,-794.43359375,83.0078125,164.55078125,15.625,0.0,0,0
1766593624.002151,1766593623.9654853,277.83203125,9.765625,-63.4765625,22.4609375,0.0,0,0
1766593624.0022001,1766593623.969383,-984.86328125,-125.9765625,-246.58203125,-40.0390625,0.0,0,0
1766593624.00225,1766593623.9732807,-1000.0,-182.12890625,-144.53125,-99.609375,0.0,0,0
1766593624.002298,1766593623.9771783,-2.44140625,-91.796875,98.6328125,-74.21875,0.0,0,0
1766593624.002347,1766593623.981076,-817.87109375,61.5234375,150.87890625,-0.9765625,0.0,0,0
1766593624.045724,1766593623.9850392,428.22265625,68.359375,-48.828125,22.94921875,0.0,0,0
1766593624.0458398,1766593623.988937,-876.46484375,-73.2421875,-225.09765625,-39.55078125,0.0,0,0
1766593624.0458949,1766593623.9928346,-1000.0,-177.24609375,-151.3671875,-82.03125,0.0,0,0
1766593624.0459461,1766593623.9967322,-138.18359375,-109.375,77.1484375,-46.38671875,0.0,0,0
1766593624.046059,1766593624.00063,-874.0234375,37.59765625,173.828125,20.01953125,0.0,0,0
1766593624.046144,1766593624.0045273,646.484375,86.42578125,20.5078125,28.80859375,0.0,0,0
1766593624.0462022,1766593624.008425,-674.8046875,17.578125,-206.54296875,-35.15625,0.0,0,0
1766593624.046256,1766593624.0123227,-1000.0,-130.859375,-194.82421875,-95.703125,0.0,0,0
1766593624.046307,1766593624.0162203,-187.98828125,-125.0,28.80859375,-69.82421875,0.0,0,0
1766593624.046357,1766593624.020118,-933.59375,21.484375,162.59765625,3.90625,0.0,0,0
1766593624.046407,1766593624.0240157,834.47265625,62.01171875,39.55078125,34.66796875,0.0,0,0
1766593624.046457,1766593624.0279133,-433.59375,-48.33984375,-182.12890625,-15.625,0.0,0,0
1766593624.105587,1766593624.0318682,-1000.0,-152.83203125,-190.4296875,-85.9375,0.0,0,0
1766593624.1057222,1766593624.035766,-253.90625,-95.21484375,27.83203125,-75.1953125,0.0,0,0
1766593624.105781,1766593624.0396636,-1000.0,29.296875,185.546875,-11.71875,0.0,0,0
1766593624.105835,1766593624.0435612,973.6328125,79.1015625,66.89453125,22.94921875,0.0,0,0
1766593624.105887,1766593624.047459,-192.87109375,-19.53125,-167.96875,-13.671875,0.0,0,0
1766593624.1059358,1766593624.0513566,-1000.0,-181.15234375,-190.4296875,-72.75390625,0.0,0,0
1766593624.105987,1766593624.0552542,-351.07421875,-169.43359375,-0.9765625,-80.56640625,0.0,0,0
1766593624.106038,1766593624.0591516,929.6875,18.06640625,150.87890625,-11.71875,0.0,0,0
1766593624.1060858,1766593624.0630493,-937.98828125,99.609375,79.1015625,42.96875,0.0,0,0
1766593624.1061351,1766593624.066947,-4.39453125,-2.9296875,-150.87890625,-6.34765625,0.0,0,0
1766593624.106184,1766593624.0708447,-1000.0,-143.5546875,-224.609375,-94.23828125,0.0,0,0
1766593624.106263,1766593624.0747423,-532.2265625,-157.2265625,-42.48046875,-91.796875,0.0,0,0
1766593624.166535,1766593624.0788267,786.1328125,-38.57421875,145.5078125,-19.53125,0.0,0,0
1766593624.166663,1766593624.0827243,-871.58203125,55.6640625,97.16796875,25.87890625,0.0,0,0
1766593624.1667058,1766593624.086622,107.421875,7.32421875,-120.60546875,-2.44140625,0.0,0,0
1766593624.166744,1766593624.0905197,-1000.0,-118.65234375,-223.14453125,-70.80078125,0.0,0,0
1766593624.166781,1766593624.0944173,-730.95703125,-153.3203125,-78.125,-88.8671875,0.0,0,0
1766593624.1668181,1766593624.098315,583.49609375,-27.34375,147.4609375,-26.3671875,0.0,0,0
1766593624.1668549,1766593624.1022127,-825.68359375,95.21484375,125.0,44.43359375,0.0,0,0
1766593624.166891,1766593624.1061103,161.62109375,40.52734375,-103.515625,29.78515625,0.0,0,0
1766593624.166927,1766593624.110008,-1000.0,-103.02734375,-208.984375,-44.921875,0.0,0,0
1766593624.166966,1766593624.1139057,-912.59765625,-175.78125,-91.796875,-86.42578125,0.0,0,0
1766593624.167003,1766593624.1178033,328.125,-79.1015625,116.2109375,-33.69140625,0.0,0,0
1766593624.1670709,1766593624.121701,-797.36328125,74.70703125,144.04296875,39.55078125,0.0,0,0
1766593624.1964731,1766593624.1257114,235.3515625,46.875,-64.453125,22.94921875,0.0,0,0
1766593624.196576,1766593624.129609,-1000.0,-125.0,-225.5859375,-46.38671875,0.0,0,0
1766593624.196634,1766593624.1335068,-1000.0,-179.6875,-127.9296875,-77.63671875,0.0,0,0
1766593624.1966872,1766593624.1374044,85.44921875,-43.45703125,92.7734375,-59.5703125,0.0,0,0
1766593624.196739,1766593624.141302,-804.19921875,75.1953125,137.20703125,2.44140625,0.0,0,0
1766593624.196789,1766593624.1451998,354.98046875,68.359375,-36.1328125,29.296875,0.0,0,0
1766593624.1968389,1766593624.1490974,-930.17578125,-62.5,-211.9140625,-29.78515625,0.0,0,0
1766593624.1968892,1766593624.152995,-1000.0,-163.57421875,-156.25,-83.984375,0.0,0,0
1766593624.196938,1766593624.1568928,-97.65625,-75.1953125,56.15234375,-62.01171875,0.0,0,0
1766593624.196987,1766593624.1607904,-845.703125,43.45703125,140.625,1.46484375,0.0,0,0
1766593624.197036,1766593624.164688,536.62109375,23.92578125,-1.46484375,31.25,0.0,0,0
1766593624.197098,1766593624.1685858,-785.15625,-42.48046875,-178.7109375,-21.97265625,0.0,0,0
1766593624.240853,1766593624.1725836,-1000.0,-222.16796875,-165.0390625,-97.65625,0.0,0,0
1766593624.24099,1766593624.1764812,-168.9453125,-229.00390625,22.4609375,-83.984375,0.0,0,0
1766593624.241031,1766593624.180379,-906.73828125,47.8515625,133.7890625,-10.7421875,0.0,0,0
1766593624.24107,1766593624.1842766,755.37109375,93.75,7.32421875,9.765625,0.0,0,0
1766593624.241107,1766593624.1881742,-543.9453125,-32.71484375,-194.82421875,-42.48046875,0.0,0,0
1766593624.241146,1766593624.192072,-1000.0,-122.0703125,-184.5703125,-98.14453125,0.0,0,0
1766593624.241183,1766593624.1959696,-219.7265625,-76.66015625,24.4140625,-83.0078125,0.0,0,0
1766593624.241219,1766593624.1998675,-961.42578125,32.2265625,147.94921875,3.90625,0.0,0,0
1766593624.241267,1766593624.2037652,894.53125,30.76171875,33.203125,55.6640625,0.0,0,0
1766593624.2413068,1766593624.2076628,-335.9375,-70.3125,-175.78125,-4.39453125,0.0,0,0
1766593624.241342,1766593624.2115605,-1000.0,-162.59765625,-195.80078125,-94.7265625,0.0,0,0
1766593624.2413929,1766593624.2154582,-288.0859375,-132.8125,3.90625,-84.9609375,0.0,0,0
1766593624.285749,1766593624.2194455,967.28515625,23.92578125,149.90234375,9.27734375,0.0,0,0
1766593624.285904,1766593624.2233431,-974.609375,84.47265625,47.36328125,44.43359375,0.0,0,0
1766593624.285961,1766593624.2272408,-74.70703125,23.4375,-139.16015625,-12.6953125,0.0,0,0
1766593624.286029,1766593624.2311385,-1000.0,-107.421875,-183.59375,-89.35546875,0.0,0,0
1766593624.286054,1766593624.2350364,-440.4296875,-133.7890625,-37.109375,-94.23828125,0.0,0,0
1766593624.28608,1766593624.238934,864.2578125,15.625,146.484375,-10.25390625,0.0,0,0
1766593624.286103,1766593624.2428317,-900.390625,122.55859375,93.75,50.29296875,0.0,0,0
1766593624.286127,1766593624.2467294,62.5,-19.53125,-123.046875,7.32421875,0.0,0,0
1766593624.28615,1766593624.250627,-1000.0,-219.7265625,-199.70703125,-65.4296875,0.0,0,0
1766593624.2861729,1766593624.2545247,-627.44140625,-159.66796875,-36.62109375,-77.63671875,0.0,0,0
1766593624.286197,1766593624.2584224,697.265625,-24.90234375,147.4609375,-23.4375,0.0,0,0
1766593624.2864819,1766593624.2623203,-849.609375,50.78125,123.53515625,31.25,0.0,0,0
1766593624.330772,1766593624.2663019,120.60546875,-10.25390625,-91.30859375,-9.27734375,0.0,0,0
1766593624.3309171,1766593624.2701995,-1000.0,-154.296875,-203.125,-92.7734375,0.0,0,0
1766593624.330965,1766593624.2740974,-843.75,-179.19921875,-42.48046875,-83.984375,0.0,0,0
1766593624.331004,1766593624.277995,428.7109375,-65.4296875,159.66796875,-37.59765625,0.0,0,0
1766593624.331042,1766593624.2818928,-804.6875,39.55078125,145.01953125,-11.71875,0.0,0,0
1766593624.331079,1766593624.2857904,187.01171875,2.9296875,-42.48046875,-0.9765625,0.0,0,0
1766593624.331118,1766593624.289688,-1000.0,-112.79296875,-161.1328125,-48.33984375,0.0,0,0
1766593624.3311539,1766593624.2935858,-1000.0,-226.07421875,-61.03515625,-114.2578125,0.0,0,0
1766593624.331191,1766593624.2974837,150.87890625,-159.66796875,125.0,-80.56640625,0.0,0,0
1766593624.331228,1766593624.3013813,-792.96875,5.37109375,158.69140625,-7.32421875,0.0,0,0
1766593624.331264,1766593624.305279,258.30078125,-15.13671875,-7.32421875,3.41796875,0.0,0,0
1766593624.3313,1766593624.3091767,-987.79296875,-141.6015625,-155.2734375,-52.24609375,0.0,0,0
1766593624.3758411,1766593624.3131492,-1000.0,-218.26171875,-76.66015625,-105.46875,0.0,0,0
1766593624.3759968,1766593624.3170469,-63.4765625,-143.5546875,132.8125,-65.91796875,0.0,0,0
1766593624.376056,1766593624.3209445,-818.359375,7.32421875,195.3125,23.4375,0.0,0,0
1766593624.376108,1766593624.3248422,403.3203125,-11.23046875,36.1328125,46.875,0.0,0,0
1766593624.37616,1766593624.3287401,-899.4140625,-170.8984375,-139.16015625,-36.62109375,0.0,0,0
1766593624.376213,1766593624.3326378,-1000.0,-171.38671875,-99.12109375,-129.8828125,0.0,0,0
1766593624.376263,1766593624.3365355,-151.3671875,-135.7421875,81.54296875,-116.69921875,0.0,0,0
1766593624.3763149,1766593624.3404331,-874.51171875,-123.53515625,156.25,-22.4609375,0.0,0,0
1766593624.37636,1766593624.3443308,645.5078125,14.16015625,28.80859375,4.39453125,0.0,0,0
1766593624.376398,1766593624.3482287,-679.19921875,-56.15234375,-168.45703125,-71.2890625,0.0,0,0
1766593624.376443,1766593624.3521264,-1000.0,-186.5234375,-154.78515625,-136.71875,0.0,0,0
1766593624.376499,1766593624.356024,-187.98828125,-123.53515625,50.78125,-87.890625,0.0,0,0
1766593624.4216902,1766593624.3599868,-929.6875,7.32421875,162.109375,8.7890625,0.0,0,0
1766593624.421778,1766593624.3638844,817.3828125,33.69140625,41.50390625,22.4609375,0.0,0,0
1766593624.421831,1766593624.367782,-455.56640625,-74.21875,-134.27734375,-30.76171875,0.0,0,0
1766593624.4218829,1766593624.3716798,-1000.0,-175.78125,-118.65234375,-61.5234375,0.0,0,0
1766593624.421932,1766593624.3755777,-236.328125,-128.41796875,61.03515625,-32.2265625,0.0,0,0
1766593624.421983,1766593624.3794754,-995.60546875,33.69140625,188.96484375,25.390625,0.0,0,0
1766593624.4220328,1766593624.383373,974.12109375,81.0546875,68.359375,48.33984375,0.0,0,0
1766593624.4220831,1766593624.3872707,-175.78125,-39.0625,-147.4609375,20.99609375,0.0,0,0
1766593624.422136,1766593624.3911686,-1000.0,-172.36328125,-168.45703125,-29.78515625,0.0,0,0
1766593624.422185,1766593624.3950663,-346.6796875,-145.01953125,-4.8828125,-32.71484375,0.0,0,0
1766593624.4222379,1766593624.398964,929.19921875,20.99609375,141.6015625,25.390625,0.0,0,0
1766593624.422288,1766593624.4028616,-931.15234375,78.125,83.0078125,53.22265625,0.0,0,0
1766593624.480507,1766593624.4068203,21.97265625,-16.11328125,-103.02734375,29.296875,0.0,0,0
1766593624.480639,1766593624.4107182,-1000.0,-133.7890625,-183.59375,-26.85546875,0.0,0,0
1766593624.480696,1766593624.4146159,-532.71484375,-118.1640625,-55.6640625,-56.15234375,0.0,0,0
1766593624.48075,1766593624.4185135,784.1796875,10.25390625,112.79296875,-19.04296875,0.0,0,0
1766593624.4808042,1766593624.4224112,-869.62890625,87.890625,66.89453125,20.5078125,0.0,0,0
1766593624.480855,1766593624.426309,120.1171875,19.04296875,-107.421875,15.625,0.0,0,0
1766593624.480906,1766593624.4302068,-1000.0,-97.16796875,-188.96484375,-37.59765625,0.0,0,0
1766593624.48102,1766593624.4341044,-735.83984375,-136.23046875,-83.0078125,-70.80078125,0.0,0,0
1766593624.481081,1766593624.4380023,575.1953125,-39.0625,81.54296875,-32.2265625,0.0,0,0
1766593624.4811351,1766593624.4419,-825.68359375,60.546875,71.77734375,27.34375,0.0,0,0
1766593624.4811862,1766593624.4457977,169.43359375,12.20703125,-104.98046875,23.4375,0.0,0,0
1766593624.481243,1766593624.4496953,-1000.0,-110.3515625,-213.37890625,-46.38671875,0.0,0,0
1766593624.525629,1766593624.4537072,-900.87890625,-134.765625,-87.890625,-69.3359375,0.0,0,0
1766593624.52576,1766593624.4576051,345.21484375,-31.73828125,104.00390625,-4.39453125,0.0,0,0
1766593624.525825,1766593624.4615028,-799.8046875,61.5234375,125.48828125,61.5234375,0.0,0,0
1766593624.5258849,1766593624.4654005,243.65234375,21.97265625,-55.17578125,39.55078125,0.0,0,0
1766593624.5259461,1766593624.4692984,-1000.0,-99.12109375,-202.63671875,-42.48046875,0.0,0,0
1766593624.526003,1766593624.473196,-1000.0,-158.69140625,-99.12109375,-62.98828125,0.0,0,0
1766593624.526061,1766593624.477094,83.0078125,-81.0546875,70.80078125,-19.53125,0.0,0,0
1766593624.526121,1766593624.4809916,-808.59375,49.8046875,100.5859375,33.69140625,0.0,0,0
1766593624.5261781,1766593624.4848893,375.48828125,54.6875,-46.38671875,37.59765625,0.0,0,0
1766593624.5262341,1766593624.4887872,-918.9453125,-75.68359375,-204.1015625,-32.2265625,0.0,0,0
1766593624.526292,1766593624.4926848,-1000.0,-159.66796875,-130.37109375,-78.125,0.0,0,0
1766593624.526334,1766593624.4965825,-82.51953125,-67.3828125,54.19921875,-37.109375,0.0,0,0
1766593624.5718699,1766593624.5005858,-849.609375,28.80859375,119.62890625,40.52734375,0.0,0,0
1766593624.5720162,1766593624.5044837,554.19921875,21.97265625,-17.08984375,37.109375,0.0,0,0
1766593624.572097,1766593624.5083814,-763.18359375,-57.6171875,-194.3359375,-28.80859375,0.0,0,0
1766593624.572153,1766593624.512279,-1000.0,-146.484375,-164.0625,-86.42578125,0.0,0,0
1766593624.572206,1766593624.516177,-164.55078125,-96.6796875,36.1328125,-68.359375,0.0,0,0
1766593624.572257,1766593624.5200746,-907.2265625,40.52734375,148.92578125,19.04296875,0.0,0,0
1766593624.572309,1766593624.5239725,754.39453125,89.35546875,8.30078125,65.91796875,0.0,0,0
1766593624.57236,1766593624.5278702,-536.62109375,-65.91796875,-135.25390625,44.43359375,0.0,0,0
1766593624.57241,1766593624.531768,-1000.0,-231.93359375,-109.86328125,-16.6015625,0.0,0,0
1766593624.572459,1766593624.5356658,-236.328125,-128.41796875,58.59375,-25.87890625,0.0,0,0
1766593624.5725088,1766593624.5395634,-969.7265625,32.2265625,148.92578125,20.99609375,0.0,0,0
1766593624.5725598,1766593624.5434613,901.85546875,54.19921875,24.4140625,27.83203125,0.0,0,0
1766593624.615853,1766593624.547457,-321.77734375,-57.12890625,-157.2265625,-19.04296875,0.0,0,0
1766593624.6160011,1766593624.551355,-1000.0,-183.10546875,-201.66015625,-70.3125,0.0,0,0
1766593624.616061,1766593624.5552526,-308.10546875,-151.85546875,-5.859375,-44.921875,0.0,0,0
1766593624.6161149,1766593624.5591505,953.61328125,-25.390625,166.9921875,27.83203125,0.0,0,0
1766593624.61619,1766593624.5630481,-963.37890625,21.97265625,71.77734375,73.73046875,0.0,0,0
1766593624.616243,1766593624.566946,-49.8046875,-52.24609375,-105.95703125,48.828125,0.0,0,0
1766593624.616294,1766593624.5708437,-1000.0,-155.2734375,-133.30078125,-32.2265625,0.0,0,0
1766593624.616344,1766593624.5747414,-465.8203125,-176.26953125,0.48828125,-47.8515625,0.0,0,0
1766593624.6163971,1766593624.5786393,839.35546875,-80.56640625,155.2734375,8.7890625,0.0,0,0
1766593624.616448,1766593624.582537,-891.11328125,4.8828125,89.84375,59.08203125,0.0,0,0
1766593624.6164968,1766593624.5864348,82.03125,-46.38671875,-84.9609375,76.66015625,0.0,0,0
1766593624.6165462,1766593624.5903325,-1000.0,-172.36328125,-120.1171875,21.484375,0.0,0,0
1766593624.6605508,1766593624.5943208,-683.10546875,-197.265625,-10.7421875,-20.5078125,0.0,0,0
1766593624.6607401,1766593624.5982187,630.859375,-115.234375,135.7421875,43.45703125,0.0,0,0
1766593624.6608589,1766593624.6021163,-838.37890625,-13.671875,108.88671875,103.515625,0.0,0,0
1766593624.6612852,1766593624.6060143,137.6953125,-13.671875,-70.80078125,60.05859375,0.0,0,0
1766593624.661342,1766593624.609912,-1000.0,-124.51171875,-157.2265625,-32.71484375,0.0,0,0
1766593624.6613948,1766593624.6138098,-843.26171875,-146.97265625,-46.875,-30.2734375,0.0,0,0
1766593624.6614468,1766593624.6177075,422.8515625,-31.25,115.72265625,31.25,0.0,0,0
1766593624.6615129,1766593624.6216054,-807.6171875,55.6640625,111.81640625,76.66015625,0.0,0,0
1766593624.661563,1766593624.625503,213.37890625,-9.765625,-54.6875,75.1953125,0.0,0,0
1766593624.661612,1766593624.629401,-1000.0,-134.765625,-160.64453125,15.13671875,0.0,0,0
1766593624.66166,1766593624.6332986,-993.1640625,-177.24609375,-66.40625,-0.9765625,0.0,0,0
1766593624.6617112,1766593624.6371965,175.29296875,-58.10546875,104.98046875,39.0625,0.0,0,0
1766593624.7069051,1766593624.6411757,-802.24609375,58.59375,116.69921875,94.23828125,0.0,0,0
1766593624.707058,1766593624.6450737,322.75390625,7.32421875,-40.52734375,79.58984375,0.0,0,0
1766593624.7071161,1766593624.6489716,-953.61328125,-123.046875,-163.0859375,10.25390625,0.0,0,0
1766593624.7071822,1766593624.6528692,-1000.0,-165.52734375,-91.796875,-11.71875,0.0,0,0
1766593624.707235,1766593624.6567671,-41.50390625,-65.4296875,59.5703125,25.87890625,0.0,0,0
1766593624.7072861,1766593624.6606648,-837.890625,79.58984375,119.62890625,82.03125,0.0,0,0
1766593624.707337,1766593624.6645627,498.53515625,81.0546875,-11.23046875,78.125,0.0,0,0
1766593624.707385,1766593624.6684604,-812.5,-49.8046875,-163.0859375,11.23046875,0.0,0,0
1766593624.707434,1766593624.6723583,-1000.0,-133.30078125,-128.41796875,-40.52734375,0.0,0,0
1766593624.707469,1766593624.676256,-131.34765625,-92.7734375,27.34375,-18.5546875,0.0,0,0
1766593624.707521,1766593624.6801538,-889.16015625,20.5078125,97.16796875,33.203125,0.0,0,0
1766593624.7075782,1766593624.6840515,702.1484375,33.69140625,-10.25390625,60.05859375,0.0,0,0
1766593624.765595,1766593624.688087,-597.16796875,-41.9921875,-144.04296875,19.04296875,0.0,0,0
1766593624.765708,1766593624.6919847,-1000.0,-126.46484375,-138.18359375,-41.50390625,0.0,0,0
1766593624.7657652,1766593624.6958826,-188.4765625,-116.2109375,6.34765625,-54.6875,0.0,0,0
1766593624.765818,1766593624.6997802,-947.265625,16.6015625,86.42578125,5.37109375,0.0,0,0
1766593624.76587,1766593624.7036781,866.2109375,76.66015625,-2.9296875,52.734375,0.0,0,0
1766593624.765922,1766593624.707576,-354.4921875,-19.53125,-138.671875,-7.8125,0.0,0,0
1766593624.765973,1766593624.7114737,-1000.0,-73.2421875,-155.76171875,-91.796875,0.0,0,0
1766593624.766022,1766593624.7153716,-291.50390625,-21.97265625,-39.0625,-85.9375,0.0,0,0
1766593624.766073,1766593624.7192695,977.5390625,34.1796875,50.29296875,-5.37109375,0.0,0,0
1766593624.766123,1766593624.7231672,995.1171875,63.4765625,9.27734375,44.43359375,0.0,0,0
1766593624.76618,1766593624.727065,-133.7890625,-8.7890625,-129.8828125,-0.48828125,0.0,0,0
1766593624.76625,1766593624.7309628,-1000.0,-113.28125,-166.9921875,-73.2421875,0.0,0,0
1766593624.7955651,1766593624.7349255,-420.41015625,-93.26171875,-42.48046875,-71.2890625,0.0,0,0
1766593624.795669,1766593624.7388232,875.0,25.390625,59.5703125,-15.625,0.0,0,0
1766593624.795725,1766593624.742721,-914.55078125,68.84765625,6.34765625,19.53125,0.0,0,0
1766593624.795833,1766593624.746619,37.109375,-26.3671875,-125.0,7.8125,0.0,0,0
1766593624.795925,1766593624.7505167,-1000.0,-121.09375,-168.45703125,-49.31640625,0.0,0,0
1766593624.795985,1766593624.7544146,-567.3828125,-98.14453125,-42.96875,-79.58984375,0.0,0,0
1766593624.7960389,1766593624.7583125,742.67578125,10.25390625,78.61328125,-18.06640625,0.0,0,0
1766593624.7960908,1766593624.7622101,-861.81640625,63.4765625,30.2734375,41.9921875,0.0,0,0
1766593624.796145,1766593624.766108,123.53515625,2.44140625,-98.6328125,24.90234375,0.0,0,0
1766593624.796196,1766593624.770006,-1000.0,-88.37890625,-157.71484375,-42.48046875,0.0,0,0
1766593624.796257,1766593624.7739036,-801.26953125,-120.60546875,-74.70703125,-89.84375,0.0,0,0
1766593624.796309,1766593624.7778015,474.609375,-39.0625,59.08203125,-38.0859375,0.0,0,0
1766593624.8558369,1766593624.7817576,-816.89453125,73.2421875,65.4296875,39.55078125,0.0,0,0
1766593624.8560011,1766593624.7856553,166.015625,36.1328125,-69.82421875,19.53125,0.0,0,0
1766593624.8560581,1766593624.7895532,-1000.0,-92.28515625,-157.71484375,-47.8515625,0.0,0,0
1766593624.856111,1766593624.793451,-942.87109375,-125.0,-78.61328125,-74.21875,0.0,0,0
1766593624.856163,1766593624.7973487,250.0,-20.01953125,60.546875,-17.08984375,0.0,0,0
1766593624.856214,1766593624.8012466,-801.7578125,61.03515625,75.1953125,42.48046875,0.0,0,0
1766593624.8562691,1766593624.8051445,269.04296875,2.44140625,-59.08203125,17.578125,0.0,0,0
1766593624.85632,1766593624.8090422,-991.69921875,-90.33203125,-176.26953125,-43.9453125,0.0,0,0
1766593624.856384,1766593624.8129401,-1000.0,-116.69921875,-99.12109375,-82.51953125,0.0,0,0
1766593624.8564448,1766593624.816838,13.671875,-36.62109375,43.9453125,-49.31640625,0.0,0,0
1766593624.856504,1766593624.8207357,-823.2421875,52.24609375,67.3828125,7.32421875,0.0,0,0
1766593624.856572,1766593624.8246336,416.9921875,40.52734375,-42.96875,6.8359375,0.0,0,0
1766593624.9005508,1766593624.8286443,-882.8125,-66.40625,-168.9453125,-52.734375,0.0,0,0
1766593624.9006531,1766593624.8325422,-1000.0,-129.8828125,-124.0234375,-105.46875,0.0,0,0
1766593624.900712,1766593624.8364398,-102.5390625,-59.5703125,22.94921875,-78.125,0.0,0,0
1766593624.900764,1766593624.8403378,-869.62890625,52.24609375,75.68359375,-12.20703125,0.0,0,0
1766593624.900816,1766593624.8442357,617.67578125,50.78125,-23.4375,25.87890625,0.0,0,0
1766593624.900866,1766593624.8481336,-684.5703125,-27.83203125,-131.8359375,-9.27734375,0.0,0,0
1766593624.9009159,1766593624.8520312,-1000.0,-90.33203125,-119.140625,-78.61328125,0.0,0,0
1766593624.900967,1766593624.8559291,-168.45703125,-64.453125,7.8125,-79.1015625,0.0,0,0
1766593624.9010181,1766593624.859827,-923.828125,22.94921875,82.51953125,-20.01953125,0.0,0,0
1766593624.9010692,1766593624.863725,802.734375,57.6171875,-25.87890625,-27.83203125,0.0,0,0
1766593624.90112,1766593624.8676226,-454.1015625,-21.484375,-170.8984375,-108.3984375,0.0,0,0
1766593624.90117,1766593624.8715205,-1000.0,-118.65234375,-155.2734375,-164.0625,0.0,0,0
1766593624.9455402,1766593624.875523,-248.53515625,-67.87109375,-25.87890625,-144.53125,0.0,0,0
1766593624.945656,1766593624.879421,-992.1875,53.7109375,54.6875,-99.12109375,0.0,0,0
1766593624.945714,1766593624.883319,949.70703125,107.91015625,-13.18359375,-86.9140625,0.0,0,0
1766593624.9457679,1766593624.8872168,-214.84375,34.66796875,-164.0625,-123.046875,0.0,0,0
1766593624.945819,1766593624.8911145,-1000.0,-67.3828125,-185.546875,-171.875,0.0,0,0
1766593624.9458702,1766593624.8950124,-355.95703125,-29.296875,-44.43359375,-173.828125,0.0,0,0
1766593624.945921,1766593624.8989103,931.640625,90.33203125,56.640625,-132.8125,0.0,0,0
1766593624.946062,1766593624.9028082,-956.54296875,132.8125,-23.92578125,-103.02734375,0.0,0,0
1766593624.946131,1766593624.9067059,-46.875,-0.48828125,-173.828125,-147.4609375,0.0,0,0
1766593624.946187,1766593624.9106038,-1000.0,-137.20703125,-201.66015625,-213.37890625,0.0,0,0
1766593624.946239,1766593624.9145017,-519.04296875,-77.1484375,-82.03125,-219.7265625,0.0,0,0
1766593624.946291,1766593624.9183996,787.109375,42.96875,50.29296875,-169.921875,0.0,0,0
1766593624.9911308,1766593624.9223943,-880.37109375,98.6328125,4.8828125,-125.48828125,0.0,0,0
1766593624.99124,1766593624.9262922,81.54296875,58.10546875,-164.0625,-174.31640625,0.0,0,0
1766593624.991297,1766593624.93019,-1000.0,-18.5546875,-216.30859375,-250.0,0.0,0,0
1766593624.991348,1766593624.9340878,-676.7578125,-13.18359375,-110.83984375,-249.51171875,0.0,0,0
1766593624.991401,1766593624.9379857,626.46484375,43.9453125,16.6015625,-197.265625,0.0,0,0
1766593624.9914508,1766593624.9418836,-838.37890625,59.5703125,27.34375,-141.11328125,0.0,0,0
1766593624.991501,1766593624.9457815,155.2734375,37.59765625,-130.37109375,-148.92578125,0.0,0,0
1766593624.991551,1766593624.9496794,-1000.0,-12.20703125,-244.140625,-223.14453125,0.0,0,0
1766593624.991977,1766593624.9535773,-860.3515625,-95.703125,-137.20703125,-245.60546875,0.0,0,0
1766593624.992033,1766593624.957475,391.6015625,-63.4765625,35.15625,-158.69140625,0.0,0,0
1766593624.9920828,1766593624.9613729,-808.10546875,69.3359375,37.59765625,-89.84375,0.0,0,0
1766593624.9921541,1766593624.9652708,232.91015625,62.5,-161.62109375,-145.5078125,0.0,0,0
1766593625.065632,1766593624.9693854,-1000.0,-11.71875,-282.71484375,-221.19140625,0.0,0,0
1766593625.06574,1766593624.9732833,-985.3515625,-33.69140625,-189.94140625,-220.703125,0.0,0,0
1766593625.065797,1766593624.9771812,185.546875,-13.18359375,-19.04296875,-149.90234375,0.0,0,0
1766593625.06585,1766593624.981079,-816.89453125,73.2421875,41.50390625,-48.33984375,0.0,0,0
1766593625.065901,1766593624.984977,392.578125,110.83984375,-81.0546875,-31.25,0.0,0,0
1766593625.0659509,1766593624.988875,-919.921875,30.76171875,-185.546875,-83.984375,0.0,0,0
1766593625.066002,1766593624.9927728,-1000.0,-7.8125,-147.94921875,-93.26171875,0.0,0,0
1766593625.066051,1766593624.9966707,69.3359375,12.20703125,-5.37109375,-48.33984375,0.0,0,0
1766593625.066101,1766593625.0005686,-857.421875,71.77734375,67.87109375,-10.7421875,0.0,0,0
1766593625.066151,1766593625.0044665,603.515625,79.1015625,-53.22265625,-13.18359375,0.0,0,0
1766593625.066201,1766593625.0083644,-705.078125,-36.1328125,-189.453125,-33.203125,0.0,0,0
1766593625.066251,1766593625.0122623,-1000.0,-135.7421875,-134.765625,-47.36328125,0.0,0,0
1766593625.081368,1766593625.0162444,-24.4140625,-64.94140625,38.57421875,-17.578125,0.0,0,0
1766593625.08146,1766593625.0201423,-914.0625,49.31640625,98.6328125,28.80859375,0.0,0,0
1766593625.0814998,1766593625.0240402,823.2421875,53.22265625,-0.9765625,41.015625,0.0,0,0
1766593625.081561,1766593625.0279381,-413.57421875,-50.78125,-126.46484375,41.50390625,0.0,0,0
1766593625.081602,1766593625.031836,-1000.0,-144.04296875,-114.74609375,27.83203125,0.0,0,0
1766593625.0816388,1766593625.035734,-71.77734375,-74.70703125,63.96484375,31.25,0.0,0,0
1766593625.081722,1766593625.0396318,-961.42578125,42.96875,133.30078125,66.89453125,0.0,0,0
1766593625.0817878,1766593625.0435297,975.5859375,48.33984375,18.5546875,86.9140625,0.0,0,0
1766593625.081831,1766593625.0474277,-115.72265625,-28.3203125,-114.74609375,52.734375,0.0,0,0
1766593625.081871,1766593625.0513256,-1000.0,-121.58203125,-128.41796875,4.8828125,0.0,0,0
1766593625.0819101,1766593625.0552235,-149.4140625,-101.07421875,34.1796875,23.92578125,0.0,0,0
1766593625.0819478,1766593625.0591214,-990.72265625,16.6015625,155.76171875,81.54296875,0.0,0,0
1766593625.127167,1766593625.063093,-953.125,70.3125,63.4765625,97.16796875,0.0,0,0
1766593625.127328,1766593625.0669909,60.05859375,-3.90625,-102.05078125,54.6875,0.0,0,0
1766593625.1273851,1766593625.0708888,-1000.0,-120.1171875,-114.74609375,10.7421875,0.0,0,0
1766593625.127439,1766593625.0747867,-198.2421875,-104.00390625,31.25,19.04296875,0.0,0,0
1766593625.127531,1766593625.0786846,982.91015625,1.46484375,156.73828125,69.82421875,0.0,0,0
1766593625.127658,1766593625.0825825,-918.9453125,77.63671875,107.91015625,89.35546875,0.0,0,0
1766593625.127719,1766593625.0864804,263.18359375,17.08984375,-85.9375,45.8984375,0.0,0,0
1766593625.127774,1766593625.0903783,-1000.0,-143.06640625,-172.8515625,-4.39453125,0.0,0,0
1766593625.127826,1766593625.0942762,-264.6484375,-142.08984375,-26.3671875,1.46484375,0.0,0,0
1766593625.1278772,1766593625.098174,980.95703125,-24.90234375,144.53125,61.5234375,0.0,0,0
1766593625.127929,1766593625.102072,-950.68359375,20.99609375,109.86328125,96.6796875,0.0,0,0
1766593625.128076,1766593625.10597,571.2890625,-9.765625,-66.40625,71.77734375,0.0,0,0
1766593625.170288,1766593625.1099327,-949.21875,-99.12109375,-158.203125,18.5546875,0.0,0,0
1766593625.170408,1766593625.1138306,-324.70703125,-111.81640625,-39.0625,-6.8359375,0.0,0,0
1766593625.170441,1766593625.1177285,-978.02734375,-11.23046875,135.25390625,36.62109375,0.0,0,0
1766593625.170472,1766593625.1216266,976.5625,52.24609375,131.34765625,73.2421875,0.0,0,0
1766593625.170507,1766593625.1255245,873.046875,11.71875,-51.7578125,59.08203125,0.0,0,0
1766593625.170569,1766593625.1294224,-541.50390625,-83.0078125,-149.90234375,29.78515625,0.0,0,0
1766593625.170613,1766593625.1333203,-394.53125,-143.5546875,-47.36328125,18.5546875,0.0,0,0
1766593625.170645,1766593625.1372182,-963.8671875,-103.515625,103.515625,36.1328125,0.0,0,0
1766593625.170675,1766593625.1411161,924.8046875,12.20703125,108.3984375,69.82421875,0.0,0,0
1766593625.170748,1766593625.145014,-916.9921875,28.3203125,-52.24609375,85.9375,0.0,0,0
1766593625.1708128,1766593625.148912,-78.61328125,-66.89453125,-152.83203125,35.64453125,0.0,0,0
1766593625.170868,1766593625.1528099,-344.23828125,-102.5390625,-87.890625,-25.390625,0.0,0,0
1766593625.230272,1766593625.1567636,-963.37890625,-28.3203125,60.546875,-1.953125,0.0,0,0
1766593625.230378,1766593625.1606615,929.19921875,42.48046875,127.9296875,77.1484375,0.0,0,0
1766593625.230474,1766593625.1645594,-918.45703125,51.26953125,0.0,91.796875,0.0,0,0
1766593625.230651,1766593625.1684573,319.82421875,-57.12890625,-151.85546875,37.59765625,0.0,0,0
1766593625.2307358,1766593625.1723552,-46.38671875,-119.62890625,-97.16796875,4.8828125,0.0,0,0
1766593625.230794,1766593625.176253,996.09375,-32.71484375,78.125,0.9765625,0.0,0,0
1766593625.230846,1766593625.180151,952.1484375,41.50390625,124.0234375,23.4375,0.0,0,0
1766593625.230907,1766593625.184049,-960.9375,34.66796875,-15.13671875,40.52734375,0.0,0,0
1766593625.230958,1766593625.187947,596.19140625,-83.0078125,-149.4140625,19.04296875,0.0,0,0
1766593625.231009,1766593625.191845,254.8828125,-145.01953125,-99.12109375,19.53125,0.0,0,0
1766593625.23106,1766593625.1957428,958.49609375,-70.80078125,72.75390625,30.76171875,0.0,0,0
1766593625.2311099,1766593625.1996408,963.8671875,22.4609375,144.04296875,48.33984375,0.0,0,0
1766593625.27664,1766593625.2036486,-985.83984375,47.8515625,11.71875,41.9921875,0.0,0,0
1766593625.276751,1766593625.2075465,747.55859375,-20.01953125,-150.87890625,-10.7421875,0.0,0,0
1766593625.276809,1766593625.2114446,344.7265625,-101.5625,-134.27734375,-33.69140625,0.0,0,0
1766593625.276862,1766593625.2153425,879.39453125,-78.125,22.94921875,-27.34375,0.0,0,0
1766593625.276913,1766593625.2192404,986.81640625,-5.37109375,118.1640625,-1.953125,0.0,0,0
1766593625.2769642,1766593625.2231383,986.81640625,40.0390625,48.828125,20.01953125,0.0,0,0
1766593625.277014,1766593625.2270362,861.328125,20.01953125,-116.69921875,0.9765625,0.0,0,0
1766593625.277066,1766593625.2309341,349.12109375,-79.1015625,-151.3671875,-23.92578125,0.0,0,0
1766593625.2771158,1766593625.234832,752.44140625,-94.7265625,-0.48828125,-59.5703125,0.0,0,0
1766593625.277167,1766593625.2387302,998.53515625,-32.71484375,102.5390625,-21.97265625,0.0,0,0
1766593625.2772129,1766593625.242628,979.4921875,8.30078125,44.921875,84.47265625,0.0,0,0
1766593625.27725,1766593625.246526,872.0703125,-17.08984375,-101.5625,39.0625,0.0,0,0
1766593625.3204732,1766593625.250527,-286.62109375,-94.7265625,-168.9453125,-59.5703125,0.0,0,0
1766593625.320595,1766593625.2544248,125.9765625,-87.40234375,-39.0625,-67.87109375,0.0,0,0
1766593625.320711,1766593625.2583227,-970.703125,-2.44140625,107.91015625,-44.43359375,0.0,0,0
1766593625.320756,1766593625.2622209,-961.42578125,30.2734375,54.6875,-24.90234375,0.0,0,0
1766593625.320796,1766593625.2661188,499.0234375,-8.30078125,-96.19140625,-11.71875,0.0,0,0
1766593625.3208342,1766593625.2700167,-1000.0,-75.1953125,-140.625,-26.3671875,0.0,0,0
1766593625.3208718,1766593625.2739146,-519.04296875,-74.21875,-39.55078125,-37.109375,0.0,0,0
1766593625.320909,1766593625.2778125,865.72265625,-20.01953125,79.58984375,5.859375,0.0,0,0
1766593625.320946,1766593625.2817106,-883.7890625,59.5703125,64.94140625,46.875,0.0,0,0
1766593625.320983,1766593625.2856085,99.12109375,59.08203125,-71.77734375,43.9453125,0.0,0,0
1766593625.32102,1766593625.2895064,-1000.0,-98.14453125,-148.4375,9.27734375,0.0,0,0
1766593625.321057,1766593625.2934043,-1000.0,-138.18359375,-54.6875,-21.484375,0.0,0,0
1766593625.365521,1766593625.2973976,-8.30078125,-40.0390625,82.03125,4.8828125,0.0,0,0
1766593625.365782,1766593625.3012955,-842.7734375,37.59765625,89.35546875,66.40625,0.0,0,0
1766593625.3658292,1766593625.3051937,-52.734375,8.30078125,-54.19921875,63.96484375,0.0,0,0
1766593625.36587,1766593625.3090916,-1000.0,-74.21875,-150.87890625,0.9765625,0.0,0,0
1766593625.36591,1766593625.3129895,-1000.0,-105.95703125,-75.1953125,-29.78515625,0.0,0,0
1766593625.365948,1766593625.3168874,-440.4296875,-39.55078125,68.84765625,11.23046875,0.0,0,0
1766593625.365985,1766593625.3207855,962.40234375,40.0390625,88.8671875,41.9921875,0.0,0,0
1766593625.3660219,1766593625.3246834,-83.984375,5.37109375,-49.8046875,33.203125,0.0,0,0
1766593625.3660579,1766593625.3285813,-1000.0,-55.17578125,-160.15625,9.27734375,0.0,0,0
1766593625.366094,1766593625.3324792,-1000.0,-94.7265625,-97.16796875,-4.8828125,0.0,0,0
1766593625.3661299,1766593625.3363774,-606.93359375,-71.2890625,67.87109375,11.23046875,0.0,0,0
1766593625.366167,1766593625.3402753,908.203125,32.71484375,121.09375,40.0390625,0.0,0,0
1766593625.4117298,1766593625.3442614,137.20703125,28.80859375,-11.23046875,54.6875,0.0,0,0
1766593625.41186,1766593625.3481593,-1000.0,-81.54296875,-148.4375,15.625,0.0,0,0
1766593625.4119182,1766593625.3520575,-1000.0,-132.32421875,-108.88671875,-27.34375,0.0,0,0
1766593625.412051,1766593625.3559554,-631.8359375,-91.796875,57.12890625,4.8828125,0.0,0,0
1766593625.41212,1766593625.3598533,902.34375,20.99609375,122.0703125,55.17578125,0.0,0,0
1766593625.412173,1766593625.3637514,302.734375,39.0625,17.578125,34.66796875,0.0,0,0
1766593625.412226,1766593625.3676493,-1000.0,-52.24609375,-124.51171875,-0.48828125,0.0,0,0
1766593625.412278,1766593625.3715472,-1000.0,-110.83984375,-143.06640625,-25.87890625,0.0,0,0
1766593625.412328,1766593625.3754451,-669.921875,-104.00390625,10.7421875,-16.6015625,0.0,0,0
1766593625.4123788,1766593625.3793433,843.75,-13.671875,130.37109375,59.5703125,0.0,0,0
1766593625.4124281,1766593625.3832412,475.5859375,23.4375,41.015625,57.6171875,0.0,0,0
1766593625.4124851,1766593625.387139,-941.89453125,-68.84765625,-120.1171875,-22.4609375,0.0,0,0
1766593625.455744,1766593625.3911161,-1000.0,-134.27734375,-129.8828125,-10.25390625,0.0,0,0
1766593625.455841,1766593625.395014,-756.8359375,-111.328125,12.20703125,24.90234375,0.0,0,0
1766593625.4559,1766593625.398912,666.50390625,-1.46484375,123.046875,-20.01953125,0.0,0,0
1766593625.455953,1766593625.40281,746.09375,36.1328125,47.8515625,-15.13671875,0.0,0,0
1766593625.4560041,1766593625.406708,-706.0546875,-59.5703125,-118.1640625,32.71484375,0.0,0,0
1766593625.45608,1766593625.410606,-1000.0,-116.69921875,-137.6953125,-21.484375,0.0,0,0
1766593625.4561331,1766593625.414504,-832.03125,-91.30859375,-13.18359375,-38.0859375,0.0,0,0
1766593625.4561841,1766593625.418402,498.53515625,2.9296875,95.703125,39.55078125,0.0,0,0
1766593625.456234,1766593625.4222999,943.84765625,70.80078125,49.31640625,50.29296875,0.0,0,0
1766593625.456285,1766593625.426198,-479.98046875,-20.01953125,-96.19140625,-21.484375,0.0,0,0
1766593625.4563541,1766593625.430096,-1000.0,-130.37109375,-146.97265625,-55.6640625,0.0,0,0
1766593625.456404,1766593625.4339938,-915.0390625,-98.6328125,-38.57421875,-38.57421875,0.0,0,0
1766593625.5010629,1766593625.437965,286.62109375,13.671875,95.703125,-9.765625,0.0,0,0
1766593625.501236,1766593625.4418628,-892.08984375,59.08203125,71.2890625,60.05859375,0.0,0,0
1766593625.501298,1766593625.4457607,-200.1953125,-40.52734375,-78.61328125,80.56640625,0.0,0,0
1766593625.501353,1766593625.4496589,-1000.0,-139.6484375,-154.296875,-51.7578125,0.0,0,0
1766593625.501406,1766593625.4535568,-1000.0,-128.41796875,-65.4296875,-129.39453125,0.0,0,0
1766593625.501458,1766593625.4574547,50.78125,-16.11328125,90.8203125,-32.2265625,0.0,0,0
1766593625.5015218,1766593625.4613528,-821.2890625,116.69921875,91.796875,-24.90234375,0.0,0,0
1766593625.5015738,1766593625.4652507,-11.23046875,61.5234375,-106.4453125,-63.4765625,0.0,0,0
1766593625.5016341,1766593625.4691489,-1000.0,-132.8125,-213.8671875,-30.2734375,0.0,0,0
1766593625.501685,1766593625.4730468,-1000.0,-180.6640625,-89.35546875,-127.44140625,0.0,0,0
1766593625.501751,1766593625.4769447,-100.5859375,-63.4765625,98.14453125,-121.09375,0.0,0,0
1766593625.501811,1766593625.4808428,-806.640625,10.25390625,112.79296875,14.16015625,0.0,0,0
1766593625.56018,1766593625.484806,129.39453125,-41.9921875,-63.4765625,60.546875,0.0,0,0
1766593625.5603268,1766593625.488704,-1000.0,-109.86328125,-204.1015625,-10.7421875,0.0,0,0
1766593625.560385,1766593625.4926019,-1000.0,-119.140625,-117.1875,-80.56640625,0.0,0,0
1766593625.560439,1766593625.4965,-104.00390625,-39.0625,80.56640625,-70.80078125,0.0,0,0
1766593625.560492,1766593625.500398,-808.10546875,48.33984375,126.46484375,-9.765625,0.0,0,0
1766593625.560544,1766593625.504296,292.96875,20.5078125,-16.11328125,51.7578125,0.0,0,0
1766593625.560597,1766593625.508194,-983.3984375,-9.27734375,-184.5703125,-31.73828125,0.0,0,0
1766593625.5606499,1766593625.5120919,-1000.0,-91.796875,-121.09375,-154.78515625,0.0,0,0
1766593625.560699,1766593625.51599,-121.58203125,-100.09765625,70.80078125,-85.44921875,0.0,0,0
1766593625.56075,1766593625.519888,-826.171875,42.48046875,117.1875,49.31640625,0.0,0,0
1766593625.560801,1766593625.523786,414.0625,37.109375,-1.953125,-78.61328125,0.0,0,0
1766593625.5608509,1766593625.527684,-901.3671875,-86.42578125,-172.8515625,-133.7890625,0.0,0,0
1766593625.60575,1766593625.5316389,-1000.0,-156.25,-166.015625,36.62109375,0.0,0,0
1766593625.605898,1766593625.5355368,-147.4609375,-116.2109375,31.25,16.6015625,0.0,0,0
1766593625.605951,1766593625.539435,-904.78515625,-19.04296875,145.01953125,8.30078125,0.0,0,0
1766593625.606015,1766593625.5433328,762.6953125,59.08203125,-2.44140625,7.8125,0.0,0,0
1766593625.6060648,1766593625.547231,-534.1796875,-42.48046875,-186.03515625,-3.41796875,0.0,0,0
1766593625.606117,1766593625.5511289,-1000.0,-188.96484375,-166.50390625,-72.265625,0.0,0,0
1766593625.6061702,1766593625.5550268,-135.7421875,-128.41796875,6.34765625,-67.3828125,0.0,0,0
1766593625.606221,1766593625.558925,-952.1484375,14.16015625,111.81640625,-16.6015625,0.0,0,0
1766593625.606281,1766593625.5628228,920.41015625,14.6484375,-0.9765625,-5.37109375,0.0,0,0
1766593625.606349,1766593625.566721,-254.8828125,-23.4375,-174.8046875,-40.52734375,0.0,0,0
1766593625.606399,1766593625.5706189,-1000.0,-121.58203125,-179.19921875,-57.6171875,0.0,0,0
1766593625.606466,1766593625.574517,-222.65625,-159.66796875,0.0,-97.65625,0.0,0,0
1766593625.665875,1766593625.5785906,-995.1171875,0.0,83.0078125,-44.921875,0.0,0,0
1766593625.6659951,1766593625.5824888,-997.0703125,75.1953125,-0.9765625,61.5234375,0.0,0,0
1766593625.666038,1766593625.5863867,-97.65625,-38.0859375,-166.015625,-17.578125,0.0,0,0
1766593625.6660779,1766593625.5902848,-1000.0,-143.5546875,-219.23828125,-75.68359375,0.0,0,0
1766593625.6661172,1766593625.5941827,-373.046875,-76.66015625,-67.3828125,-131.34765625,0.0,0,0
1766593625.666155,1766593625.5980809,920.8984375,13.671875,103.515625,-77.63671875,0.0,0,0
1766593625.66621,1766593625.6019788,-936.5234375,33.203125,46.38671875,28.80859375,0.0,0,0
1766593625.666247,1766593625.605877,-14.6484375,2.44140625,-164.0625,16.11328125,0.0,0,0
1766593625.666284,1766593625.6097748,-1000.0,-73.73046875,-197.75390625,-166.015625,0.0,0,0
1766593625.6663208,1766593625.613673,-689.94140625,-123.046875,-70.80078125,-84.9609375,0.0,0,0
1766593625.6663759,1766593625.6175709,642.08984375,-58.10546875,71.2890625,165.0390625,0.0,0,0
1766593625.666413,1766593625.621469,-873.046875,135.7421875,61.03515625,108.3984375,0.0,0,0
1766593625.696513,1766593625.62547,-77.1484375,83.984375,-112.79296875,-77.63671875,0.0,0,0
1766593625.6966,1766593625.629368,-1000.0,-160.15625,-179.6875,-131.34765625,0.0,0,0
1766593625.696651,1766593625.633266,-1000.0,-173.828125,-74.70703125,-73.73046875,0.0,0,0
1766593625.696703,1766593625.637164,1.46484375,-111.81640625,68.359375,-66.40625,0.0,0,0
1766593625.696754,1766593625.641062,-817.87109375,-30.76171875,89.35546875,-41.50390625,0.0,0,0
1766593625.696806,1766593625.6449602,0.48828125,-0.48828125,-68.84765625,-124.0234375,0.0,0,0
1766593625.697218,1766593625.648858,-1000.0,-91.30859375,-189.453125,-166.9921875,0.0,0,0
1766593625.6972742,1766593625.6527562,-1000.0,-148.92578125,-87.890625,-115.72265625,0.0,0,0
1766593625.697324,1766593625.6566541,-176.7578125,6.34765625,66.89453125,-191.40625,0.0,0,0
1766593625.697382,1766593625.6605523,-816.89453125,5.859375,104.98046875,-167.96875,0.0,0,0
1766593625.697432,1766593625.6644504,91.30859375,-118.65234375,-23.92578125,-95.21484375,0.0,0,0
1766593625.6974819,1766593625.6683483,-1000.0,-177.734375,-147.94921875,-176.26953125,0.0,0,0
1766593625.740614,1766593625.6723413,-1000.0,-176.26953125,-100.5859375,-340.33203125,0.0,0,0
1766593625.740701,1766593625.6762395,-409.1796875,-136.71875,62.01171875,-365.234375,0.0,0,0
1766593625.740743,1766593625.6801374,-903.3203125,35.15625,100.5859375,-211.9140625,0.0,0,0
1766593625.7407832,1766593625.6840355,144.53125,20.99609375,-19.53125,-241.69921875,0.0,0,0
1766593625.740822,1766593625.6879334,-1000.0,-215.8203125,-86.42578125,-343.75,0.0,0,0
1766593625.740897,1766593625.6918316,-1000.0,-169.921875,-77.63671875,-262.20703125,0.0,0,0
1766593625.740951,1766593625.6957297,-515.625,-185.05859375,55.17578125,-141.6015625,0.0,0,0
1766593625.7409909,1766593625.6996276,-986.81640625,-112.3046875,158.69140625,-158.203125,0.0,0,0
1766593625.741031,1766593625.7035258,181.15234375,10.7421875,-24.4140625,-297.8515625,0.0,0,0
1766593625.741069,1766593625.707424,-1000.0,-190.91796875,-179.19921875,-254.39453125,0.0,0,0
1766593625.741106,1766593625.7113218,-1000.0,-200.1953125,-118.65234375,-295.8984375,0.0,0,0
1766593625.741152,1766593625.71522,-725.09765625,-47.8515625,28.3203125,-354.00390625,0.0,0,0
1766593625.785488,1766593625.7192063,808.10546875,-26.3671875,107.421875,-225.09765625,0.0,0,0
1766593625.785625,1766593625.7231045,385.7421875,-4.8828125,-22.4609375,-106.4453125,0.0,0,0
1766593625.7856672,1766593625.7270024,-1000.0,-76.171875,-124.51171875,-170.41015625,0.0,0,0
1766593625.785706,1766593625.7309005,-1000.0,-193.359375,-104.98046875,-228.02734375,0.0,0,0
1766593625.785751,1766593625.7347987,-860.3515625,-93.75,-27.34375,-263.671875,0.0,0,0
1766593625.7857878,1766593625.7386966,568.359375,121.09375,60.546875,-208.49609375,0.0,0,0
1766593625.785826,1766593625.7425947,726.07421875,76.171875,44.921875,-165.52734375,0.0,0,0
1766593625.7858639,1766593625.7464926,-730.46875,-212.40234375,-37.59765625,-219.23828125,0.0,0,0
1766593625.785901,1766593625.7503908,-1000.0,-165.52734375,-120.60546875,-275.390625,0.0,0,0
1766593625.785938,1766593625.754289,-643.5546875,-84.9609375,-58.10546875,-229.00390625,0.0,0,0
1766593625.785974,1766593625.7581868,723.14453125,-30.2734375,109.375,-122.0703125,0.0,0,0
1766593625.786011,1766593625.762085,985.3515625,106.93359375,66.40625,-171.875,0.0,0,0
1766593625.831647,1766593625.766062,-353.515625,35.64453125,-131.34765625,-104.4921875,0.0,0,0
1766593625.831754,1766593625.7699602,-1000.0,-106.4453125,-165.0390625,-184.08203125,0.0,0,0
1766593625.83181,1766593625.7738583,-856.4453125,-73.2421875,-65.91796875,-230.95703125,0.0,0,0
1766593625.831866,1766593625.7777562,418.45703125,35.15625,74.21875,-229.4921875,0.0,0,0
1766593625.831918,1766593625.7816544,-926.26953125,68.84765625,52.24609375,-170.8984375,0.0,0,0
1766593625.83197,1766593625.7855525,-128.41796875,-21.97265625,-127.9296875,-27.83203125,0.0,0,0
1766593625.832021,1766593625.7894504,-1000.0,-88.8671875,-143.5546875,-43.45703125,0.0,0,0
1766593625.832076,1766593625.7933486,-850.5859375,-104.00390625,-78.61328125,-101.07421875,0.0,0,0
1766593625.832128,1766593625.7972467,394.04296875,-8.7890625,41.50390625,-185.546875,0.0,0,0
1766593625.8321788,1766593625.8011448,-809.08203125,-15.625,80.56640625,-40.52734375,0.0,0,0
1766593625.832243,1766593625.8050427,136.23046875,-53.7109375,-78.125,76.66015625,0.0,0,0
1766593625.8323069,1766593625.808941,-1000.0,-26.85546875,-189.453125,-111.328125,0.0,0,0
1766593625.876029,1766593625.8129134,-936.5234375,-99.12109375,-87.40234375,-148.4375,0.0,0,0
1766593625.87614,1766593625.8168116,258.30078125,-65.91796875,76.66015625,-85.44921875,0.0,0,0
1766593625.876194,1766593625.8207097,-804.6875,125.0,53.22265625,-45.8984375,0.0,0,0
1766593625.876232,1766593625.8246078,332.03125,136.71875,-104.00390625,84.9609375,0.0,0,0
1766593625.87627,1766593625.8285058,-1000.0,-22.4609375,-160.15625,8.30078125,0.0,0,0
1766593625.8763058,1766593625.832404,-968.26171875,-135.25390625,-71.2890625,-118.1640625,0.0,0,0
1766593625.876343,1766593625.836302,266.11328125,-63.4765625,27.83203125,72.75390625,0.0,0,0
1766593625.8763788,1766593625.8402002,-827.1484375,84.9609375,45.41015625,54.19921875,0.0,0,0
1766593625.876416,1766593625.844098,436.03515625,47.8515625,-87.40234375,-69.82421875,0.0,0,0
1766593625.8764539,1766593625.8479962,-862.3046875,-98.6328125,-145.99609375,13.671875,0.0,0,0
1766593625.8764899,1766593625.8518944,-1000.0,-161.1328125,-68.84765625,1.46484375,0.0,0,0
1766593625.876527,1766593625.8557923,37.59765625,10.25390625,21.484375,24.90234375,0.0,0,0
1766593625.921876,1766593625.8597577,-884.27734375,71.77734375,64.94140625,88.37890625,0.0,0,0
1766593625.9220061,1766593625.8636556,708.49609375,-111.81640625,36.1328125,70.3125,0.0,0,0
1766593625.9220638,1766593625.8675537,-552.24609375,-22.94921875,-134.765625,18.5546875,0.0,0,0
1766593625.9221172,1766593625.8714519,-1000.0,-50.29296875,-168.45703125,-88.37890625,0.0,0,0
1766593625.922169,1766593625.87535,-64.94140625,-135.7421875,9.765625,34.66796875,0.0,0,0
1766593625.92222,1766593625.879248,-924.31640625,66.89453125,78.61328125,104.4921875,0.0,0,0
1766593625.922271,1766593625.883146,873.046875,145.01953125,-32.2265625,-93.75,0.0,0,0
1766593625.9223208,1766593625.8870442,-334.9609375,-39.55078125,-156.25,-22.4609375,0.0,0,0
1766593625.9223711,1766593625.8909423,-1000.0,-144.04296875,-146.97265625,83.49609375,0.0,0,0
1766593625.922421,1766593625.8948402,-186.5234375,-50.29296875,-26.3671875,50.78125,0.0,0,0
1766593625.922472,1766593625.8987384,-949.21875,-13.18359375,96.19140625,-5.859375,0.0,0,0
1766593625.922522,1766593625.9026365,893.5546875,23.4375,23.4375,7.32421875,0.0,0,0
1766593625.981645,1766593625.9065936,-301.7578125,28.80859375,-120.60546875,120.60546875,0.0,0,0
1766593625.981762,1766593625.9104917,-1000.0,-117.1875,-104.4921875,-2.9296875,0.0,0,0
1766593625.9818041,1766593625.9143898,-321.77734375,-109.86328125,15.13671875,-9.765625,0.0,0,0
1766593625.981844,1766593625.9182878,975.5859375,-20.01953125,99.12109375,28.3203125,0.0,0,0
1766593625.981882,1766593625.922186,970.703125,-5.37109375,15.13671875,34.1796875,0.0,0,0
1766593625.981919,1766593625.926084,-200.1953125,-9.27734375,-118.65234375,75.1953125,0.0,0,0
1766593625.9819572,1766593625.9299822,-1000.0,-93.75,-133.7890625,14.6484375,0.0,0,0
1766593625.981995,1766593625.9338803,-485.83984375,-116.69921875,-44.921875,-12.6953125,0.0,0,0
1766593625.9820318,1766593625.9377782,823.2421875,-28.80859375,68.84765625,-35.64453125,0.0,0,0
1766593625.982069,1766593625.9416764,-916.50390625,25.390625,41.50390625,8.7890625,0.0,0,0
1766593625.982123,1766593625.9455745,-28.3203125,2.44140625,-113.28125,103.515625,0.0,0,0
1766593625.982208,1766593625.9494727,-1000.0,-46.38671875,-178.7109375,-19.04296875,0.0,0,0
1766593626.025933,1766593625.9534843,-755.37109375,-156.73828125,-57.6171875,-59.08203125,0.0,0,0
1766593626.02604,1766593625.9573824,530.2734375,-149.4140625,87.40234375,-13.671875,0.0,0,0
1766593626.026098,1766593625.9612806,-839.35546875,33.69140625,56.15234375,12.6953125,0.0,0,0
1766593626.026152,1766593625.9651787,48.33984375,-34.66796875,-103.02734375,20.5078125,0.0,0,0
1766593626.0262039,1766593625.9690769,-1000.0,-102.05078125,-184.5703125,-25.87890625,0.0,0,0
1766593626.0262542,1766593625.972975,-895.01953125,-76.171875,-60.05859375,-57.6171875,0.0,0,0
1766593626.026305,1766593625.9768732,302.734375,-128.41796875,66.89453125,0.48828125,0.0,0,0
1766593626.026357,1766593625.980771,-807.12890625,-9.27734375,72.75390625,15.13671875,0.0,0,0
1766593626.026407,1766593625.9846692,137.6953125,2.9296875,-39.55078125,6.8359375,0.0,0,0
1766593626.0264509,1766593625.9885674,-1000.0,-110.83984375,-156.25,-40.52734375,0.0,0,0
1766593626.0268002,1766593625.9924655,-1000.0,-132.8125,-89.35546875,-77.63671875,0.0,0,0
1766593626.0268412,1766593625.9963636,46.38671875,-72.75390625,77.63671875,-51.7578125,0.0,0,0
1766593626.070749,1766593626.000365,-802.734375,-21.484375,78.125,8.7890625,0.0,0,0
1766593626.0709062,1766593626.0042632,237.3046875,2.9296875,-61.5234375,19.53125,0.0,0,0
1766593626.070963,1766593626.0081613,-1000.0,-18.5546875,-151.85546875,-44.43359375,0.0,0,0
1766593626.0710158,1766593626.0120595,-1000.0,-150.390625,-86.42578125,-58.59375,0.0,0,0
1766593626.0710661,1766593626.0159576,-64.453125,-92.7734375,24.4140625,-48.33984375,0.0,0,0
1766593626.071116,1766593626.0198557,-836.9140625,65.4296875,55.6640625,-16.11328125,0.0,0,0
1766593626.0711648,1766593626.0237536,478.02734375,-4.39453125,-30.2734375,17.578125,0.0,0,0
1766593626.0713139,1766593626.0276518,-832.03125,-101.5625,-153.80859375,-53.7109375,0.0,0,0
1766593626.0713851,1766593626.03155,-1000.0,-129.39453125,-129.39453125,-118.1640625,0.0,0,0
1766593626.0714262,1766593626.035448,-100.09765625,-128.90625,3.90625,-64.453125,0.0,0,0
1766593626.0714638,1766593626.0393462,-867.67578125,21.484375,56.15234375,-27.83203125,0.0,0,0
1766593626.071502,1766593626.0432444,596.19140625,49.31640625,-18.5546875,-33.69140625,0.0,0,0
1766593626.1167018,1766593626.0472367,-692.3828125,-83.0078125,-125.0,-55.6640625,0.0,0,0
1766593626.1168,1766593626.0511348,-1000.0,-161.1328125,-116.2109375,-104.00390625,0.0,0,0
1766593626.116854,1766593626.055033,-195.80078125,-20.99609375,-16.6015625,-123.046875,0.0,0,0
1766593626.116908,1766593626.058931,-940.4296875,99.12109375,45.41015625,-74.21875,0.0,0,0
1766593626.116959,1766593626.0628293,835.44921875,-72.265625,-10.25390625,-21.97265625,0.0,0,0
1766593626.1170099,1766593626.0667274,-406.25,-51.26953125,-132.8125,-67.87109375,0.0,0,0
1766593626.1170602,1766593626.0706255,-1000.0,-62.01171875,-135.25390625,-120.1171875,0.0,0,0
1766593626.117109,1766593626.0745237,-254.8828125,-138.671875,7.8125,-103.02734375,0.0,0,0
1766593626.117158,1766593626.0784218,983.3984375,30.2734375,96.19140625,-85.44921875,0.0,0,0
1766593626.117208,1766593626.08232,999.0234375,67.87109375,31.25,-70.80078125,0.0,0,0
1766593626.1172569,1766593626.0862179,-94.7265625,-74.21875,-74.70703125,-66.89453125,0.0,0,0
1766593626.117325,1766593626.090116,-1000.0,-107.91015625,-93.26171875,-119.140625,0.0,0,0
1766593626.161333,1766593626.0941014,-429.6875,-56.640625,-19.53125,-156.25,0.0,0,0
1766593626.161472,1766593626.0979996,887.20703125,1.46484375,62.98828125,-120.1171875,0.0,0,0
1766593626.161529,1766593626.1018977,-933.10546875,-4.39453125,41.50390625,-76.171875,0.0,0,0
1766593626.161581,1766593626.1057959,-20.5078125,-24.4140625,-93.26171875,-115.72265625,0.0,0,0
1766593626.161632,1766593626.109694,-1000.0,-93.75,-118.65234375,-150.87890625,0.0,0,0
1766593626.161682,1766593626.113592,-551.7578125,-106.93359375,-4.39453125,-133.30078125,0.0,0,0
1766593626.1617322,1766593626.11749,784.66796875,41.015625,72.265625,-129.8828125,0.0,0,0
1766593626.1617842,1766593626.1213882,-908.69140625,98.6328125,25.390625,-110.83984375,0.0,0,0
1766593626.161834,1766593626.1252863,-25.87890625,-4.39453125,-95.21484375,-112.79296875,0.0,0,0
1766593626.1618838,1766593626.1291845,-1000.0,-133.30078125,-132.32421875,-155.76171875,0.0,0,0
1766593626.161933,1766593626.1330826,-736.328125,-98.14453125,-58.10546875,-173.828125,0.0,0,0
1766593626.161983,1766593626.1369808,523.4375,-24.90234375,43.9453125,-134.765625,0.0,0,0
1766593626.206082,1766593626.1409576,-825.68359375,155.76171875,14.16015625,-144.04296875,0.0,0,0
1766593626.206191,1766593626.1448557,171.38671875,136.23046875,-77.63671875,-153.80859375,0.0,0,0
1766593626.20625,1766593626.148754,-1000.0,-149.90234375,-81.54296875,-125.48828125,0.0,0,0
1766593626.206306,1766593626.152652,-931.15234375,-149.90234375,-34.66796875,-151.3671875,0.0,0,0
1766593626.2063591,1766593626.1565502,255.859375,-33.203125,39.0625,-128.90625,0.0,0,0
1766593626.206409,1766593626.1604483,-809.08203125,65.91796875,54.19921875,-81.54296875,0.0,0,0
1766593626.20646,1766593626.1643465,230.95703125,28.3203125,-37.109375,-90.8203125,0.0,0,0
1766593626.2065122,1766593626.1682446,-1000.0,-60.546875,-123.046875,-143.5546875,0.0,0,0
1766593626.206571,1766593626.1721427,-1000.0,-109.375,-74.70703125,-161.62109375,0.0,0,0
1766593626.20662,1766593626.176041,56.15234375,-68.84765625,35.15625,-125.0,0.0,0,0
1766593626.20668,1766593626.179939,-815.4296875,61.03515625,71.77734375,-80.56640625,0.0,0,0
1766593626.206729,1766593626.1838372,362.3046875,17.08984375,-16.11328125,-78.125,0.0,0,0
1766593626.268407,1766593626.1878715,-927.24609375,-97.65625,-125.9765625,-129.39453125,0.0,0,0
1766593626.2685308,1766593626.1917696,-1000.0,-113.28125,-100.5859375,-177.24609375,0.0,0,0
1766593626.268588,1766593626.1956677,-73.2421875,-79.1015625,13.18359375,-150.390625,0.0,0,0
1766593626.268642,1766593626.199566,-848.6328125,44.43359375,46.875,-93.26171875,0.0,0,0
1766593626.268693,1766593626.203464,518.06640625,27.83203125,-29.78515625,-72.75390625,0.0,0,0
1766593626.268745,1766593626.2073624,-779.78515625,-73.73046875,-101.5625,-100.09765625,0.0,0,0
1766593626.268794,1766593626.2112606,-1000.0,-80.56640625,-83.49609375,-125.48828125,0.0,0,0
1766593626.2688441,1766593626.2151587,-180.6640625,0.9765625,-9.27734375,-115.72265625,0.0,0,0
1766593626.268897,1766593626.2190568,-928.7109375,55.6640625,33.203125,-72.75390625,0.0,0,0
1766593626.268953,1766593626.222955,795.8984375,6.34765625,-8.7890625,-51.7578125,0.0,0,0
1766593626.2690182,1766593626.2268531,-459.9609375,-65.4296875,-81.54296875,-83.984375,0.0,0,0
1766593626.269078,1766593626.2307513,-1000.0,-98.14453125,-100.09765625,-133.7890625,0.0,0,0
1766593626.296803,1766593626.2347198,-216.30859375,-60.05859375,-20.01953125,-128.41796875,0.0,0,0
1766593626.296888,1766593626.238618,-972.16796875,-11.23046875,44.43359375,-63.4765625,0.0,0,0
1766593626.29694,1766593626.242516,919.43359375,32.2265625,-6.34765625,-36.62109375,0.0,0,0
1766593626.2969909,1766593626.2464144,-250.0,-26.3671875,-90.33203125,-61.5234375,0.0,0,0
1766593626.297041,1766593626.2503126,-1000.0,-101.5625,-98.6328125,-95.703125,0.0,0,0
1766593626.29709,1766593626.2542107,-321.77734375,-58.10546875,1.46484375,-89.35546875,0.0,0,0
1766593626.29714,1766593626.2581089,951.171875,7.32421875,70.80078125,-45.41015625,0.0,0,0
1766593626.29719,1766593626.262007,-964.84375,23.4375,16.11328125,-18.5546875,0.0,0,0
1766593626.297239,1766593626.2659051,-37.59765625,-33.203125,-91.796875,-24.90234375,0.0,0,0
1766593626.297278,1766593626.2698033,-1000.0,-142.08984375,-114.2578125,-51.26953125,0.0,0,0
1766593626.2973142,1766593626.2737014,-440.4296875,-130.37109375,-28.3203125,-60.546875,0.0,0,0
1766593626.29735,1766593626.2775998,855.95703125,-6.34765625,37.59765625,-21.484375,0.0,0,0
1766593626.357214,1766593626.281556,-896.484375,28.3203125,-1.953125,6.8359375,0.0,0,0
1766593626.357355,1766593626.2854543,92.28515625,-25.87890625,-84.9609375,-20.99609375,0.0,0,0
1766593626.357409,1766593626.2893524,-1000.0,-88.8671875,-116.69921875,-58.10546875,0.0,0,0
1766593626.357465,1766593626.2932506,-564.453125,-83.984375,-34.66796875,-43.45703125,0.0,0,0
1766593626.357515,1766593626.2971487,741.69921875,-5.859375,63.4765625,2.9296875,0.0,0,0
1766593626.357565,1766593626.3010468,-859.375,69.82421875,41.9921875,33.203125,0.0,0,0
1766593626.357615,1766593626.304945,179.19921875,46.38671875,-64.453125,33.203125,0.0,0,0
1766593626.357665,1766593626.3088431,-1000.0,-69.82421875,-119.140625,-14.16015625,0.0,0,0
1766593626.357714,1766593626.3127415,-784.1796875,-95.703125,-52.734375,-29.78515625,0.0,0,0
1766593626.357763,1766593626.3166397,494.140625,-26.3671875,48.828125,9.27734375,0.0,0,0
1766593626.357831,1766593626.3205378,-823.2421875,32.71484375,62.5,50.29296875,0.0,0,0
1766593626.357879,1766593626.324436,259.27734375,18.06640625,-34.66796875,46.875,0.0,0,0
1766593626.40181,1766593626.3284452,-1000.0,-85.44921875,-116.2109375,6.34765625,0.0,0,0
1766593626.401979,1766593626.3323433,-917.48046875,-109.375,-58.59375,-17.08984375,0.0,0,0
1766593626.402024,1766593626.3362415,316.40625,-13.18359375,45.41015625,1.953125,0.0,0,0
1766593626.402314,1766593626.3401396,-818.359375,41.50390625,49.31640625,40.0390625,0.0,0,0
1766593626.402346,1766593626.344038,356.93359375,9.27734375,-35.64453125,38.0859375,0.0,0,0
1766593626.402376,1766593626.3479362,-933.59375,-52.734375,-106.93359375,-2.9296875,0.0,0,0
1766593626.402406,1766593626.3518343,-1000.0,-88.8671875,-86.42578125,-26.85546875,0.0,0,0
1766593626.402434,1766593626.3557324,42.96875,-56.15234375,15.13671875,-14.6484375,0.0,0,0
1766593626.402463,1766593626.3596306,-840.8203125,32.71484375,66.89453125,25.390625,0.0,0,0
1766593626.4024909,1766593626.363529,503.90625,22.94921875,-26.85546875,40.52734375,0.0,0,0
1766593626.402519,1766593626.367427,-800.78125,-68.84765625,-131.34765625,1.953125,0.0,0,0
1766593626.402547,1766593626.3713253,-1000.0,-113.76953125,-90.8203125,-34.1796875,0.0,0,0
1766593626.445874,1766593626.3753264,-76.66015625,-66.40625,15.13671875,-13.671875,0.0,0,0
1766593626.4460218,1766593626.3792245,-882.8125,18.5546875,61.03515625,22.4609375,0.0,0,0
1766593626.446065,1766593626.3831227,675.78125,29.296875,-6.8359375,26.3671875,0.0,0,0
1766593626.446103,1766593626.387021,-605.46875,-46.38671875,-102.5390625,-2.44140625,0.0,0,0
1766593626.446141,1766593626.3909192,-1000.0,-99.609375,-94.7265625,-49.8046875,0.0,0,0
1766593626.4461792,1766593626.3948174,-168.45703125,-45.41015625,9.765625,-35.64453125,0.0,0,0
1766593626.446219,1766593626.3987155,-933.10546875,51.7578125,71.77734375,26.85546875,0.0,0,0
1766593626.4462562,1766593626.4026139,834.9609375,79.58984375,0.48828125,59.5703125,0.0,0,0
1766593626.446323,1766593626.406512,-396.97265625,-27.34375,-117.1875,24.90234375,0.0,0,0
1766593626.446358,1766593626.4104102,-1000.0,-137.6953125,-116.2109375,-35.64453125,0.0,0,0
1766593626.446398,1766593626.4143083,-265.13671875,-83.49609375,-17.578125,-31.25,0.0,0,0
1766593626.4464362,1766593626.4182067,997.55859375,19.53125,55.17578125,13.18359375,0.0,0,0
1766593626.490656,1766593626.4221995,961.9140625,37.109375,7.8125,26.3671875,0.0,0,0
1766593626.490771,1766593626.4260976,-183.59375,-48.828125,-103.515625,0.0,0.0,0,0
1766593626.4908109,1766593626.4299958,-1000.0,-114.2578125,-123.046875,-37.59765625,0.0,0,0
1766593626.490849,1766593626.4338942,-375.0,-76.66015625,-35.15625,-49.31640625,0.0,0,0
1766593626.490887,1766593626.4377923,914.55078125,13.671875,46.38671875,-13.671875,0.0,0,0
1766593626.490925,1766593626.4416904,-943.84765625,88.8671875,11.23046875,10.25390625,0.0,0,0
1766593626.490973,1766593626.4455886,-17.578125,3.90625,-99.609375,-14.6484375,0.0,0,0
1766593626.49101,1766593626.449487,-1000.0,-118.65234375,-122.0703125,-56.15234375,0.0,0,0
1766593626.491046,1766593626.453385,-571.77734375,-87.40234375,-47.36328125,-52.24609375,0.0,0,0
1766593626.491084,1766593626.4572833,733.3984375,-4.8828125,41.015625,-1.953125,0.0,0,0
1766593626.4911292,1766593626.4611816,-873.046875,40.52734375,33.203125,27.83203125,0.0,0,0
1766593626.49117,1766593626.4650798,70.80078125,-16.6015625,-74.70703125,-2.44140625,0.0,0,0
1766593626.567102,1766593626.4691882,-1000.0,-86.42578125,-110.83984375,-36.62109375,0.0,0,0
1766593626.5672681,1766593626.4730864,-725.5859375,-89.84375,-48.33984375,-38.57421875,0.0,0,0
1766593626.5673118,1766593626.4769847,559.08203125,-30.2734375,40.0390625,-19.04296875,0.0,0,0
1766593626.567352,1766593626.480883,-829.58984375,14.6484375,46.38671875,19.04296875,0.0,0,0
1766593626.56739,1766593626.484781,158.69140625,-15.625,-52.734375,7.32421875,0.0,0,0
1766593626.5674298,1766593626.4886794,-1000.0,-67.3828125,-116.2109375,-53.22265625,0.0,0,0
1766593626.567467,1766593626.4925776,-897.4609375,-103.02734375,-72.75390625,-72.75390625,0.0,0,0
1766593626.567505,1766593626.496476,320.3125,-32.71484375,19.53125,-30.76171875,0.0,0,0
1766593626.567563,1766593626.500374,-806.640625,47.36328125,43.9453125,9.27734375,0.0,0,0
1766593626.5676,1766593626.5042722,236.81640625,-17.578125,-41.015625,-5.37109375,0.0,0,0
1766593626.567651,1766593626.5081706,-1000.0,-78.61328125,-121.58203125,-48.828125,0.0,0,0
1766593626.5676959,1766593626.5120687,-1000.0,-97.65625,-79.1015625,-63.4765625,0.0,0,0
1766593626.581331,1766593626.5160494,79.1015625,-83.0078125,7.8125,-34.66796875,0.0,0,0
1766593626.58146,1766593626.5199475,-817.87109375,20.5078125,31.73828125,-1.46484375,0.0,0,0
1766593626.581514,1766593626.523846,379.39453125,38.0859375,-32.2265625,-1.46484375,0.0,0,0
1766593626.581554,1766593626.527744,-915.0390625,-70.3125,-112.79296875,-50.78125,0.0,0,0
1766593626.581592,1766593626.5316424,-1000.0,-125.0,-83.0078125,-83.49609375,0.0,0,0
1766593626.581629,1766593626.5355406,-52.24609375,-48.828125,30.2734375,-50.29296875,0.0,0,0
1766593626.5816672,1766593626.539439,-848.14453125,16.6015625,57.6171875,-1.46484375,0.0,0,0
1766593626.581704,1766593626.543337,527.83203125,-9.27734375,-26.85546875,4.8828125,0.0,0,0
1766593626.5817542,1766593626.5472355,-773.92578125,-70.3125,-115.234375,-41.015625,0.0,0,0
1766593626.58179,1766593626.5511336,-1000.0,-137.6953125,-86.42578125,-77.1484375,0.0,0,0
1766593626.581828,1766593626.5550318,-151.3671875,-88.37890625,12.20703125,-57.6171875,0.0,0,0
1766593626.581878,1766593626.5589302,-902.83203125,27.83203125,56.15234375,-9.765625,0.0,0,0
1766593626.6254568,1766593626.562898,732.91015625,32.2265625,-7.32421875,0.0,0.0,0,0
1766593626.6255639,1766593626.5667963,-542.96875,-49.31640625,-101.5625,-43.9453125,0.0,0,0
1766593626.625629,1766593626.5706944,-1000.0,-99.12109375,-97.65625,-77.1484375,0.0,0,0
1766593626.625685,1766593626.5745928,-242.67578125,-79.58984375,-22.4609375,-62.5,0.0,0,0
1766593626.625737,1766593626.578491,-974.12109375,-13.18359375,42.96875,-14.16015625,0.0,0,0
1766593626.6257899,1766593626.5823894,898.4375,45.41015625,19.53125,5.859375,0.0,0,0
1766593626.6258402,1766593626.5862875,-308.59375,11.71875,-88.37890625,-22.94921875,0.0,0,0
1766593626.62589,1766593626.5901856,-1000.0,-81.54296875,-121.09375,-59.08203125,0.0,0,0
1766593626.625941,1766593626.594084,-312.5,-98.14453125,-16.11328125,-63.4765625,0.0,0,0
1766593626.6259909,1766593626.5979822,963.8671875,-26.85546875,74.70703125,-18.06640625,0.0,0,0
1766593626.6260412,1766593626.6018806,-991.2109375,12.20703125,41.50390625,16.11328125,0.0,0,0
1766593626.62609,1766593626.6057787,-102.05078125,-31.25,-66.40625,-11.23046875,0.0,0,0
1766593626.671818,1766593626.60974,-1000.0,-119.62890625,-118.1640625,-59.08203125,0.0,0,0
1766593626.67199,1766593626.6136384,-506.8359375,-131.8359375,-29.296875,-59.08203125,0.0,0,0
1766593626.67205,1766593626.6175365,796.38671875,-22.94921875,74.21875,-13.671875,0.0,0,0
1766593626.672105,1766593626.621435,-893.5546875,36.1328125,46.875,18.5546875,0.0,0,0
1766593626.6721559,1766593626.625333,38.57421875,-16.11328125,-67.3828125,-0.48828125,0.0,0,0
1766593626.672211,1766593626.6292315,-1000.0,-77.63671875,-109.86328125,-41.50390625,0.0,0,0
1766593626.672262,1766593626.6331296,-708.0078125,-116.2109375,-36.1328125,-48.828125,0.0,0,0
1766593626.672312,1766593626.637028,578.125,-67.87109375,48.828125,-26.3671875,0.0,0,0
1766593626.672368,1766593626.6409261,-835.9375,20.5078125,51.26953125,8.30078125,0.0,0,0
1766593626.672417,1766593626.6448245,125.9765625,-20.5078125,-34.66796875,3.41796875,0.0,0,0
1766593626.6724749,1766593626.6487226,-1000.0,-122.0703125,-99.12109375,-43.45703125,0.0,0,0
1766593626.672524,1766593626.652621,-857.421875,-123.53515625,-50.29296875,-60.546875,0.0,0,0
1766593626.729847,1766593626.6565742,383.7890625,-35.15625,41.9921875,-30.2734375,0.0,0,0
1766593626.730017,1766593626.6604726,-809.08203125,26.85546875,42.96875,0.9765625,0.0,0,0
1766593626.730071,1766593626.664371,218.75,-3.90625,-52.24609375,-8.30078125,0.0,0,0
1766593626.730122,1766593626.6682692,-1000.0,-92.28515625,-105.95703125,-43.9453125,0.0,0,0
1766593626.730172,1766593626.6721675,-990.234375,-128.41796875,-57.6171875,-47.8515625,0.0,0,0
1766593626.730222,1766593626.6760657,161.62109375,-58.59375,40.0390625,-11.71875,0.0,0,0
1766593626.7302709,1766593626.679964,-809.08203125,31.25,73.2421875,30.2734375,0.0,0,0
1766593626.73032,1766593626.6838622,313.4765625,20.99609375,-30.76171875,16.6015625,0.0,0,0
1766593626.730369,1766593626.6877606,-964.84375,-83.0078125,-122.0703125,-43.9453125,0.0,0,0
1766593626.731972,1766593626.6916587,-1000.0,-118.1640625,-81.54296875,-85.44921875,0.0,0,0
1766593626.73204,1766593626.695557,-20.99609375,-49.8046875,27.83203125,-79.1015625,0.0,0,0
1766593626.732082,1766593626.6994553,-840.8203125,17.08984375,54.19921875,-53.7109375,0.0,0,0
1766593626.775889,1766593626.7034628,500.0,28.80859375,-30.2734375,-50.78125,0.0,0,0
1766593626.776031,1766593626.707361,-798.828125,-38.0859375,-110.83984375,-115.72265625,0.0,0,0
1766593626.776086,1766593626.7112594,-1000.0,-116.2109375,-93.26171875,-201.171875,0.0,0,0
1766593626.7761369,1766593626.7151575,-146.97265625,-62.98828125,13.671875,-194.82421875,0.0,0,0
1766593626.7761889,1766593626.719056,-876.953125,54.19921875,61.5234375,-161.1328125,0.0,0,0
1766593626.77624,1766593626.7229543,630.859375,82.03125,-9.765625,-152.83203125,0.0,0,0
1766593626.7762911,1766593626.7268524,-670.8984375,-8.7890625,-130.37109375,-201.171875,0.0,0,0
1766593626.776343,1766593626.7307508,-1000.0,-99.12109375,-132.8125,-269.04296875,0.0,0,0
1766593626.776393,1766593626.734649,-243.65234375,-44.43359375,-22.94921875,-252.44140625,0.0,0,0
1766593626.776431,1766593626.7385473,-952.63671875,41.9921875,31.25,-208.0078125,0.0,0,0
1766593626.7764668,1766593626.7424455,827.1484375,61.03515625,-20.5078125,-186.03515625,0.0,0,0
1766593626.776507,1766593626.7463439,-433.59375,-3.41796875,-134.27734375,-197.265625,0.0,0,0
1766593626.821694,1766593626.7503424,-1000.0,-116.69921875,-151.3671875,-236.328125,0.0,0,0
1766593626.8218071,1766593626.7542408,-302.734375,-68.359375,-43.45703125,-210.44921875,0.0,0,0
1766593626.8218648,1766593626.7581391,980.95703125,36.1328125,26.85546875,-138.18359375,0.0,0,0
1766593626.821918,1766593626.7620373,968.75,62.01171875,-22.94921875,-78.125,0.0,0,0
1766593626.82197,1766593626.7659357,-196.77734375,51.26953125,-128.41796875,-72.75390625,0.0,0,0
1766593626.822022,1766593626.769834,-1000.0,-30.2734375,-143.06640625,-96.6796875,0.0,0,0
1766593626.822071,1766593626.7737322,-412.59765625,-45.41015625,-51.7578125,-69.3359375,0.0,0,0
1766593626.822122,1766593626.7776306,882.32421875,67.87109375,20.01953125,-24.4140625,0.0,0,0
1766593626.822172,1766593626.781529,-928.7109375,96.6796875,-41.9921875,10.25390625,0.0,0,0
1766593626.8222232,1766593626.785427,-7.32421875,8.30078125,-158.203125,6.8359375,0.0,0,0
1766593626.822274,1766593626.7893255,-1000.0,-45.41015625,-169.43359375,-25.87890625,0.0,0,0
1766593626.8223228,1766593626.7932236,-613.28125,-17.08984375,-65.91796875,-7.32421875,0.0,0,0
1766593626.867383,1766593626.7972214,687.01171875,62.98828125,26.3671875,40.0390625,0.0,0,0
1766593626.867527,1766593626.8011198,-855.46875,109.375,26.85546875,108.3984375,0.0,0,0
1766593626.86757,1766593626.805018,107.91015625,62.5,-71.77734375,126.46484375,0.0,0,0
1766593626.8676102,1766593626.8089163,-1000.0,-38.0859375,-135.25390625,85.44921875,0.0,0,0
1766593626.867648,1766593626.8128147,-755.37109375,-51.26953125,-44.43359375,76.171875,0.0,0,0
1766593626.867697,1766593626.8167129,534.66796875,44.921875,85.9375,116.69921875,0.0,0,0
1766593626.867745,1766593626.8206112,-822.265625,108.3984375,72.75390625,151.85546875,0.0,0,0
1766593626.8677819,1766593626.8245096,187.5,40.52734375,-73.2421875,150.390625,0.0,0,0
1766593626.8678231,1766593626.8284078,-1000.0,-73.2421875,-147.4609375,125.9765625,0.0,0,0
1766593626.867868,1766593626.8323061,-926.7578125,-97.16796875,-62.98828125,98.6328125,0.0,0,0
1766593626.8679051,1766593626.8362045,286.62109375,-28.3203125,63.96484375,124.51171875,0.0,0,0
1766593626.8679419,1766593626.8401027,-804.6875,46.38671875,79.1015625,174.31640625,0.0,0,0
1766593626.911531,1766593626.8440902,286.1328125,17.578125,-37.109375,163.0859375,0.0,0,0
1766593626.9116302,1766593626.8479884,-999.0234375,-82.03125,-134.765625,106.4453125,0.0,0,0
1766593626.911671,1766593626.8518867,-1000.0,-111.328125,-77.63671875,70.80078125,0.0,0,0
1766593626.9117079,1766593626.8557851,104.98046875,-32.71484375,53.22265625,102.05078125,0.0,0,0
1766593626.911746,1766593626.8596833,-824.21875,65.4296875,91.30859375,159.66796875,0.0,0,0
1766593626.911785,1766593626.8635817,442.87109375,57.12890625,-18.06640625,161.62109375,0.0,0,0
1766593626.911823,1766593626.86748,-859.375,-38.57421875,-133.7890625,117.1875,0.0,0,0
1766593626.91186,1766593626.8713784,-1000.0,-134.765625,-98.14453125,81.54296875,0.0,0,0
1766593626.911895,1766593626.8752766,-72.265625,-135.7421875,31.25,86.42578125,0.0,0,0
1766593626.9119308,1766593626.879175,-857.91015625,-12.20703125,97.16796875,137.6953125,0.0,0,0
1766593626.911968,1766593626.8830733,578.125,22.4609375,0.0,143.06640625,0.0,0,0
1766593626.912004,1766593626.8869715,-733.3984375,-64.94140625,-120.1171875,92.7734375,0.0,0,0
1766593626.9577658,1766593626.8909512,-1000.0,-130.37109375,-89.35546875,63.96484375,0.0,0,0
1766593626.9579,1766593626.8948493,-149.4140625,-67.3828125,31.25,78.61328125,0.0,0,0
1766593626.9579608,1766593626.8987477,-923.828125,33.203125,93.75,123.046875,0.0,0,0
1766593626.958015,1766593626.902646,816.40625,46.875,20.99609375,135.7421875,0.0,0,0
1766593626.958066,1766593626.9065444,-439.453125,-36.1328125,-103.02734375,104.98046875,0.0,0,0
1766593626.958118,1766593626.9104426,-1000.0,-107.91015625,-106.4453125,56.640625,0.0,0,0
1766593626.958167,1766593626.914341,-192.3828125,-73.73046875,9.27734375,46.875,0.0,0,0
1766593626.958215,1766593626.9182394,-968.26171875,15.625,96.6796875,90.8203125,0.0,0,0
1766593626.958265,1766593626.9221377,933.59375,55.17578125,26.3671875,116.69921875,0.0,0,0
1766593626.958315,1766593626.926036,-231.93359375,-35.15625,-112.79296875,77.63671875,0.0,0,0
1766593626.958373,1766593626.9299343,-1000.0,-136.71875,-119.62890625,34.1796875,0.0,0,0
1766593626.958421,1766593626.9338326,-283.69140625,-115.72265625,7.8125,40.0390625,0.0,0,0
1766593627.002016,1766593626.9378066,966.30859375,-11.23046875,111.328125,72.265625,0.0,0,0
1766593627.002107,1766593626.9417048,-961.42578125,53.7109375,58.10546875,93.75,0.0,0,0
1766593627.0021498,1766593626.9456031,-17.578125,-24.90234375,-96.19140625,63.4765625,0.0,0,0
1766593627.0021892,1766593626.9495015,-1000.0,-125.48828125,-137.6953125,18.5546875,0.0,0,0
1766593627.0022268,1766593626.9534,-426.7578125,-98.14453125,-32.2265625,16.6015625,0.0,0,0
1766593627.002264,1766593626.9572983,875.0,7.8125,92.28515625,55.17578125,0.0,0,0
1766593627.0022998,1766593626.9611964,-906.25,92.28515625,71.2890625,90.8203125,0.0,0,0
1766593627.002336,1766593626.9650948,62.01171875,19.53125,-97.16796875,67.3828125,0.0,0,0
1766593627.002372,1766593626.9689932,-1000.0,-128.90625,-150.87890625,15.625,0.0,0,0
1766593627.002406,1766593626.9728916,-607.421875,-139.6484375,-31.73828125,0.48828125,0.0,0,0
1766593627.002451,1766593626.97679,703.125,-26.3671875,107.421875,27.83203125,0.0,0,0
1766593627.002487,1766593626.980688,-853.02734375,45.8984375,83.49609375,65.4296875,0.0,0,0
1766593627.046135,1766593626.9846518,140.13671875,-12.20703125,-68.84765625,51.7578125,0.0,0,0
1766593627.0462542,1766593626.98855,-1000.0,-112.79296875,-132.8125,-7.8125,0.0,0,0
1766593627.046315,1766593626.9924483,-788.0859375,-115.234375,-36.62109375,-22.4609375,0.0,0,0
1766593627.046367,1766593626.9963467,494.140625,-23.92578125,100.09765625,27.34375,0.0,0,0
1766593627.0464199,1766593627.000245,-816.89453125,33.69140625,88.8671875,57.6171875,0.0,0,0
1766593627.0464709,1766593627.0041435,214.84375,13.18359375,-37.109375,42.96875,0.0,0,0
1766593627.0465212,1766593627.0080419,-1000.0,-107.421875,-132.8125,-7.32421875,0.0,0,0
1766593627.046571,1766593627.01194,-974.609375,-168.9453125,-64.453125,-28.3203125,0.0,0,0
1766593627.0466208,1766593627.0158384,199.70703125,-51.7578125,85.9375,7.32421875,0.0,0,0
1766593627.0466712,1766593627.0197368,-807.6171875,51.7578125,109.86328125,45.8984375,0.0,0,0
1766593627.0467288,1766593627.0236351,319.3359375,15.625,-2.9296875,54.6875,0.0,0,0
1766593627.046786,1766593627.0275335,-965.8203125,-113.76953125,-125.0,-2.9296875,0.0,0,0
1766593627.1066298,1766593627.031489,-1000.0,-166.015625,-79.1015625,-36.62109375,0.0,0,0
1766593627.106726,1766593627.0353873,20.01953125,-58.59375,90.33203125,8.7890625,0.0,0,0
1766593627.107102,1766593627.0392857,-828.61328125,49.8046875,115.234375,47.8515625,0.0,0,0
1766593627.107146,1766593627.043184,455.078125,16.11328125,-31.25,34.66796875,0.0,0,0
1766593627.1071832,1766593627.0470822,-850.09765625,-91.30859375,-145.5078125,-15.625,0.0,0,0
1766593627.107231,1766593627.0509806,-1000.0,-111.328125,-104.98046875,-44.921875,0.0,0,0
1766593627.1072671,1766593627.054879,-106.4453125,-26.3671875,32.2265625,-22.4609375,0.0,0,0
1766593627.107303,1766593627.0587773,-871.09375,45.8984375,100.5859375,26.3671875,0.0,0,0
1766593627.1073458,1766593627.0626757,625.0,36.62109375,2.9296875,36.1328125,0.0,0,0
1766593627.107381,1766593627.066574,-678.7109375,-84.47265625,-127.9296875,1.953125,0.0,0,0
1766593627.107417,1766593627.0704725,-1000.0,-164.0625,-99.609375,-23.4375,0.0,0,0
1766593627.107452,1766593627.0743706,-173.33984375,-79.58984375,43.9453125,-19.04296875,0.0,0,0
1766593627.166124,1766593627.0784402,-932.6171875,30.2734375,110.3515625,21.97265625,0.0,0,0
1766593627.1662312,1766593627.0823386,830.56640625,45.8984375,13.671875,49.31640625,0.0,0,0
1766593627.166272,1766593627.086237,-416.9921875,-19.04296875,-128.90625,20.01953125,0.0,0,0
1766593627.1663098,1766593627.0901353,-1000.0,-137.20703125,-139.16015625,-33.69140625,0.0,0,0
1766593627.166348,1766593627.0940337,-241.2109375,-102.05078125,11.23046875,-21.484375,0.0,0,0
1766593627.166385,1766593627.097932,-988.28125,54.19921875,139.6484375,40.0390625,0.0,0,0
1766593627.1664221,1766593627.1018305,951.66015625,68.359375,56.15234375,50.29296875,0.0,0,0
1766593627.1664598,1766593627.1057289,-209.9609375,-47.36328125,-110.83984375,2.9296875,0.0,0,0
1766593627.166496,1766593627.1096272,-1000.0,-144.04296875,-139.6484375,-69.82421875,0.0,0,0
1766593627.166532,1766593627.1135256,-369.140625,-159.1796875,-12.6953125,-72.265625,0.0,0,0
1766593627.166569,1766593627.1174238,919.921875,-77.1484375,110.3515625,-6.8359375,0.0,0,0
1766593627.166604,1766593627.1213222,-948.73046875,-16.11328125,55.17578125,5.859375,0.0,0,0
1766593627.197056,1766593627.1253276,-35.15625,-75.68359375,-83.49609375,-57.6171875,0.0,0,0
1766593627.1971571,1766593627.129226,-1000.0,-150.87890625,-142.578125,-116.69921875,0.0,0,0
1766593627.197206,1766593627.1331244,-572.265625,-164.55078125,-50.78125,-127.44140625,0.0,0,0
1766593627.197245,1766593627.1370227,736.81640625,-77.63671875,97.16796875,-104.4921875,0.0,0,0
1766593627.197283,1766593627.140921,-868.1640625,-14.16015625,82.51953125,-70.80078125,0.0,0,0
1766593627.197332,1766593627.1448195,78.61328125,-57.6171875,-60.05859375,-92.28515625,0.0,0,0
1766593627.197369,1766593627.1487179,-1000.0,-130.37109375,-121.58203125,-137.6953125,0.0,0,0
1766593627.1974049,1766593627.1526163,-753.90625,-157.71484375,-24.4140625,-129.8828125,0.0,0,0
1766593627.197442,1766593627.1565146,526.3671875,-96.19140625,111.81640625,-96.6796875,0.0,0,0
1766593627.197479,1766593627.160413,-824.70703125,-29.78515625,122.55859375,-42.48046875,0.0,0,0
1766593627.197515,1766593627.1643114,158.203125,-64.94140625,-1.953125,-34.66796875,0.0,0,0
1766593627.197579,1766593627.1682098,-1000.0,-175.29296875,-88.37890625,-85.9375,0.0,0,0
1766593627.24282,1766593627.1722023,-900.390625,-212.40234375,-26.85546875,-91.30859375,0.0,0,0
1766593627.242923,1766593627.1761007,319.3359375,-143.06640625,81.0546875,-55.6640625,0.0,0,0
1766593627.2429812,1766593627.179999,-805.17578125,-57.12890625,104.00390625,0.9765625,0.0,0,0
1766593627.2430348,1766593627.1838975,247.55859375,-82.03125,-15.13671875,-8.30078125,0.0,0,0
1766593627.243087,1766593627.1877959,-1000.0,-200.1953125,-104.4921875,-71.2890625,0.0,0,0
1766593627.243138,1766593627.1916943,-1000.0,-189.453125,-30.2734375,-88.8671875,0.0,0,0
1766593627.243187,1766593627.1955926,71.77734375,-64.94140625,65.91796875,-58.59375,0.0,0,0
1766593627.243239,1766593627.199491,-816.40625,13.671875,84.47265625,-2.44140625,0.0,0,0
1766593627.243288,1766593627.2033894,371.09375,-41.015625,-19.53125,-10.7421875,0.0,0,0
1766593627.2433379,1766593627.2072878,-921.875,-148.92578125,-135.25390625,-62.01171875,0.0,0,0
1766593627.243388,1766593627.2111862,-1000.0,-157.71484375,-90.8203125,-78.125,0.0,0,0
1766593627.243458,1766593627.2150846,-60.05859375,-82.03125,41.015625,-42.96875,0.0,0,0
1766593627.287034,1766593627.219073,-854.4921875,12.20703125,83.984375,13.18359375,0.0,0,0
1766593627.287141,1766593627.2229717,558.10546875,15.625,-28.80859375,-4.8828125,0.0,0,0
1766593627.287182,1766593627.22687,-743.65234375,-79.1015625,-145.5078125,-61.5234375,0.0,0,0
1766593627.287221,1766593627.2307684,-1000.0,-133.7890625,-123.046875,-91.796875,0.0,0,0
1766593627.2872581,1766593627.2346668,-159.1796875,-108.88671875,6.8359375,-65.4296875,0.0,0,0
1766593627.287355,1766593627.2385652,-908.69140625,-3.90625,83.0078125,-6.8359375,0.0,0,0
1766593627.287466,1766593627.2424636,750.0,65.91796875,2.9296875,12.6953125,0.0,0,0
1766593627.287526,1766593627.246362,-523.92578125,-60.05859375,-132.8125,-20.5078125,0.0,0,0
1766593627.2875671,1766593627.2502604,-1000.0,-191.40625,-146.97265625,-68.84765625,0.0,0,0
1766593627.2876039,1766593627.2541587,-244.140625,-114.74609375,-16.11328125,-59.5703125,0.0,0,0
1766593627.287673,1766593627.258057,-979.00390625,-7.8125,80.56640625,-7.8125,0.0,0,0
1766593627.287714,1766593627.2619555,911.62109375,21.97265625,18.06640625,13.671875,0.0,0,0
1766593627.330888,1766593627.2659311,-285.15625,-39.55078125,-114.74609375,-19.04296875,0.0,0,0
1766593627.331,1766593627.2698295,-1000.0,-101.5625,-122.0703125,-65.91796875,0.0,0,0
1766593627.3310552,1766593627.273728,-337.890625,-57.6171875,-16.11328125,-70.3125,0.0,0,0
1766593627.3311071,1766593627.2776263,950.1953125,28.80859375,68.359375,-15.625,0.0,0,0
1766593627.331158,1766593627.2815247,-988.28125,63.96484375,25.87890625,17.08984375,0.0,0,0
1766593627.331209,1766593627.285423,-107.421875,-20.01953125,-98.14453125,-53.22265625,0.0,0,0
1766593627.3312588,1766593627.2893214,-1000.0,-98.6328125,-142.08984375,-110.83984375,0.0,0,0
1766593627.331311,1766593627.2932198,-510.7421875,-106.4453125,-42.48046875,-86.9140625,0.0,0,0
1766593627.331362,1766593627.2971184,791.50390625,-52.734375,82.03125,-41.9921875,0.0,0,0
1766593627.331412,1766593627.3010168,-895.99609375,11.23046875,60.546875,10.7421875,0.0,0,0
1766593627.331462,1766593627.3049152,30.2734375,-49.8046875,-71.77734375,-13.671875,0.0,0,0
1766593627.331512,1766593627.3088136,-1000.0,-145.99609375,-137.6953125,-77.1484375,0.0,0,0
1766593627.3782668,1766593627.312784,-706.54296875,-138.18359375,-55.6640625,-88.37890625,0.0,0,0
1766593627.3783932,1766593627.3166826,578.61328125,-21.484375,64.453125,-64.453125,0.0,0,0
1766593627.378454,1766593627.320581,-836.42578125,77.63671875,41.015625,-31.73828125,0.0,0,0
1766593627.378507,1766593627.3244793,118.1640625,19.04296875,-114.2578125,-54.19921875,0.0,0,0
1766593627.37856,1766593627.3283777,-1000.0,-71.2890625,-172.8515625,-116.2109375,0.0,0,0
1766593627.3786108,1766593627.332276,-862.79296875,-73.73046875,-83.49609375,-142.08984375,0.0,0,0
1766593627.378664,1766593627.3361745,363.76953125,0.0,30.76171875,-99.609375,0.0,0,0
1766593627.3787231,1766593627.340073,-810.05859375,49.8046875,33.203125,-29.296875,0.0,0,0
1766593627.378774,1766593627.3439715,214.35546875,-3.90625,-80.56640625,-18.5546875,0.0,0,0
1766593627.378827,1766593627.3478699,-1000.0,-100.5859375,-149.4140625,-59.5703125,0.0,0,0
1766593627.378885,1766593627.3517683,-994.140625,-115.72265625,-84.47265625,-92.28515625,0.0,0,0
1766593627.378935,1766593627.3556666,145.01953125,-1.953125,45.41015625,-72.75390625,0.0,0,0
1766593627.420156,1766593627.3596265,-811.5234375,78.61328125,68.84765625,-17.08984375,0.0,0,0
1766593627.420244,1766593627.363525,327.63671875,21.484375,-40.52734375,-10.25390625,0.0,0,0
1766593627.420287,1766593627.3674233,-955.56640625,-81.0546875,-146.97265625,-59.08203125,0.0,0,0
1766593627.420327,1766593627.371322,-1000.0,-87.40234375,-102.05078125,-88.37890625,0.0,0,0
1766593627.4203641,1766593627.3752203,-27.34375,10.25390625,38.0859375,-72.265625,0.0,0,0
1766593627.4204018,1766593627.3791187,-836.42578125,99.12109375,81.0546875,-22.94921875,0.0,0,0
1766593627.4207659,1766593627.383017,464.35546875,47.8515625,-36.1328125,-5.859375,0.0,0,0
1766593627.420807,1766593627.3869154,-833.49609375,-48.828125,-138.671875,-56.15234375,0.0,0,0
1766593627.420845,1766593627.3908138,-1000.0,-104.4921875,-119.140625,-105.46875,0.0,0,0
1766593627.420883,1766593627.3947124,-139.6484375,-65.4296875,-5.37109375,-74.21875,0.0,0,0
1766593627.420919,1766593627.3986108,-882.8125,74.21875,67.87109375,-23.4375,0.0,0,0
1766593627.4209542,1766593627.4025092,646.97265625,80.078125,-23.4375,-25.87890625,0.0,0,0
1766593627.482222,1766593627.4064639,-642.578125,-35.64453125,-145.99609375,-58.10546875,0.0,0,0
1766593627.482361,1766593627.4103622,-1000.0,-99.12109375,-125.9765625,-96.6796875,0.0,0,0
1766593627.482419,1766593627.4142606,-218.26171875,-49.8046875,7.8125,-73.73046875,0.0,0,0
1766593627.482473,1766593627.4181592,-949.21875,42.96875,67.3828125,-16.11328125,0.0,0,0
1766593627.482526,1766593627.4220576,832.03125,69.3359375,-8.7890625,-16.6015625,0.0,0,0
1766593627.4825768,1766593627.425956,-401.3671875,-2.44140625,-110.3515625,-59.08203125,0.0,0,0
1766593627.482628,1766593627.4298544,-1000.0,-73.2421875,-114.2578125,-84.9609375,0.0,0,0
1766593627.482677,1766593627.433753,-319.3359375,-32.71484375,-16.6015625,-78.61328125,0.0,0,0
1766593627.4827268,1766593627.4376514,970.21484375,23.92578125,62.98828125,-35.15625,0.0,0,0
1766593627.4827762,1766593627.4415498,972.16796875,56.15234375,23.92578125,0.0,0.0,0,0
1766593627.4828238,1766593627.4454482,-184.08203125,30.76171875,-87.40234375,-30.2734375,0.0,0,0
1766593627.482903,1766593627.4493465,-1000.0,-76.66015625,-129.8828125,-87.40234375,0.0,0,0
1766593627.5271811,1766593627.4533544,-445.80078125,-86.42578125,-39.55078125,-86.9140625,0.0,0,0
1766593627.527298,1766593627.457253,854.4921875,35.64453125,55.6640625,-37.59765625,0.0,0,0
1766593627.527356,1766593627.4611514,-927.734375,91.796875,16.11328125,-12.20703125,0.0,0,0
1766593627.5274081,1766593627.4650497,-14.16015625,22.94921875,-93.26171875,-28.3203125,0.0,0,0
1766593627.5274591,1766593627.4689481,-1000.0,-64.453125,-124.0234375,-82.03125,0.0,0,0
1766593627.527508,1766593627.4728467,-589.35546875,-44.43359375,-30.2734375,-102.5390625,0.0,0,0
1766593627.52756,1766593627.4767451,708.49609375,33.69140625,53.22265625,-57.6171875,0.0,0,0
1766593627.52761,1766593627.4806435,-865.234375,71.2890625,27.34375,-0.9765625,0.0,0,0
1766593627.527681,1766593627.484542,86.9140625,3.90625,-78.125,-17.08984375,0.0,0,0
1766593627.527731,1766593627.4884405,-1000.0,-119.140625,-130.37109375,-70.80078125,0.0,0,0
1766593627.52778,1766593627.492339,-771.97265625,-96.6796875,-40.0390625,-58.59375,0.0,0,0
1766593627.5278301,1766593627.4962373,486.81640625,15.625,61.03515625,-31.73828125,0.0,0,0
1766593627.5709639,1766593627.5002375,-823.2421875,83.0078125,38.57421875,-39.0625,0.0,0,0
1766593627.571125,1766593627.5041358,172.36328125,55.6640625,-72.75390625,-71.2890625,0.0,0,0
1766593627.5713248,1766593627.5080345,-1000.0,-61.5234375,-141.11328125,-113.28125,0.0,0,0
1766593627.57151,1766593627.5119328,-944.3359375,-109.375,-73.73046875,-146.484375,0.0,0,0
1766593627.571608,1766593627.5158312,225.5859375,-40.52734375,41.50390625,-110.83984375,0.0,0,0
1766593627.5716748,1766593627.5197299,-808.59375,45.41015625,53.22265625,-79.1015625,0.0,0,0
1766593627.571716,1766593627.5236282,258.7890625,22.4609375,-59.08203125,-113.76953125,0.0,0,0
1766593627.571754,1766593627.5275266,-1000.0,-92.28515625,-154.78515625,-165.0390625,0.0,0,0
1766593627.5717912,1766593627.531425,-1000.0,-164.0625,-112.79296875,-204.58984375,0.0,0,0
1766593627.571828,1766593627.5353236,13.671875,-114.2578125,5.37109375,-164.0625,0.0,0,0
1766593627.571865,1766593627.539222,-825.68359375,27.34375,46.875,-90.8203125,0.0,0,0
1766593627.571923,1766593627.5431204,403.80859375,49.31640625,-44.921875,-86.9140625,0.0,0,0
1766593627.6168041,1766593627.5471144,-891.6015625,-37.59765625,-142.08984375,-133.30078125,0.0,0,0
1766593627.61691,1766593627.5510128,-1000.0,-91.30859375,-104.4921875,-160.15625,0.0,0,0
1766593627.616948,1766593627.5549114,-88.8671875,-31.73828125,6.34765625,-130.37109375,0.0,0,0
1766593627.616988,1766593627.5588098,-863.28125,55.17578125,48.33984375,-60.546875,0.0,0,0
1766593627.6170251,1766593627.5627081,579.1015625,54.19921875,-16.6015625,-27.34375,0.0,0,0
1766593627.6170619,1766593627.5666068,-716.30859375,-34.66796875,-115.234375,-68.84765625,0.0,0,0
1766593627.617098,1766593627.5705051,-1000.0,-125.0,-107.91015625,-97.65625,0.0,0,0
1766593627.6171331,1766593627.5744035,-181.640625,-75.68359375,1.46484375,-63.96484375,0.0,0,0
1766593627.617169,1766593627.5783021,-916.9921875,44.43359375,44.43359375,-26.3671875,0.0,0,0
1766593627.617207,1766593627.5822005,747.0703125,49.8046875,-29.296875,-16.6015625,0.0,0,0
1766593627.6172512,1766593627.586099,-514.6484375,-27.34375,-125.0,-56.640625,0.0,0,0
1766593627.617307,1766593627.5899975,-1000.0,-96.6796875,-124.51171875,-109.375,0.0,0,0
1766593627.6633348,1766593627.5939815,-279.296875,-65.91796875,-20.5078125,-94.23828125,0.0,0,0
1766593627.663502,1766593627.59788,-989.2578125,27.34375,54.19921875,-30.2734375,0.0,0,0
1766593627.66356,1766593627.6017783,896.97265625,42.96875,-2.44140625,-0.9765625,0.0,0,0
1766593627.663615,1766593627.605677,-307.12890625,-37.59765625,-116.69921875,-38.57421875,0.0,0,0
1766593627.663669,1766593627.6095753,-1000.0,-105.95703125,-138.18359375,-86.42578125,0.0,0,0
1766593627.663723,1766593627.613474,-395.5078125,-69.82421875,-24.90234375,-86.42578125,0.0,0,0
1766593627.6637728,1766593627.6173723,900.87890625,22.4609375,71.77734375,-23.92578125,0.0,0,0
1766593627.6638238,1766593627.6212707,-968.26171875,86.42578125,29.296875,24.90234375,0.0,0,0
1766593627.663883,1766593627.6251693,-90.8203125,24.90234375,-109.86328125,-13.18359375,0.0,0,0
1766593627.6639512,1766593627.6290677,-1000.0,-115.72265625,-153.3203125,-70.3125,0.0,0,0
1766593627.664015,1766593627.632966,-544.43359375,-125.0,-40.0390625,-67.3828125,0.0,0,0
1766593627.664075,1766593627.6368647,755.859375,-34.1796875,72.75390625,-17.08984375,0.0,0,0
1766593627.7066188,1766593627.6408386,-887.20703125,41.015625,34.66796875,20.01953125,0.0,0,0
1766593627.706709,1766593627.6447372,40.0390625,-21.484375,-93.26171875,-4.8828125,0.0,0,0
1766593627.7067468,1766593627.6486356,-1000.0,-114.74609375,-143.5546875,-65.4296875,0.0,0,0
1766593627.706784,1766593627.6525342,-732.421875,-85.9375,-58.10546875,-71.2890625,0.0,0,0
1766593627.70682,1766593627.6564326,536.62109375,-3.41796875,43.9453125,-37.109375,0.0,0,0
1766593627.706856,1766593627.660331,-831.0546875,69.82421875,38.0859375,2.44140625,0.0,0,0
1766593627.706892,1766593627.6642296,147.4609375,30.76171875,-73.73046875,13.18359375,0.0,0,0
1766593627.706929,1766593627.668128,-1000.0,-93.26171875,-145.99609375,-41.015625,0.0,0,0
1766593627.706964,1766593627.6720266,-891.11328125,-146.97265625,-69.82421875,-72.75390625,0.0,0,0
1766593627.707001,1766593627.675925,313.96484375,-77.63671875,41.015625,-30.76171875,0.0,0,0
1766593627.707037,1766593627.6798236,-811.5234375,25.390625,52.24609375,11.71875,0.0,0,0
1766593627.707079,1766593627.683722,249.51171875,10.7421875,-66.89453125,2.9296875,0.0,0,0
1766593627.796932,1766593627.6878712,-1000.0,-114.2578125,-154.296875,-32.71484375,0.0,0,0
1766593627.797069,1766593627.6917698,-1000.0,-177.24609375,-81.54296875,-60.05859375,0.0,0,0
1766593627.797109,1766593627.6956682,118.1640625,-77.1484375,43.45703125,-34.66796875,0.0,0,0
1766593627.797148,1766593627.6995668,-819.82421875,39.0625,55.6640625,2.44140625,0.0,0,0
1766593627.7971861,1766593627.7034652,363.28125,24.90234375,-42.96875,-3.41796875,0.0,0,0
1766593627.7972229,1766593627.7073638,-923.828125,-80.078125,-121.09375,-34.1796875,0.0,0,0
1766593627.79726,1766593627.7112622,-1000.0,-93.75,-88.8671875,-69.3359375,0.0,0,0
1766593627.797295,1766593627.7151608,-47.36328125,-32.2265625,1.46484375,-61.03515625,0.0,0,0
1766593627.797332,1766593627.7190595,-854.00390625,-19.53125,34.66796875,-6.8359375,0.0,0,0
1766593627.797368,1766593627.7229578,537.109375,-15.13671875,-35.15625,2.9296875,0.0,0,0
1766593627.797405,1766593627.7268565,-754.8828125,-76.171875,-125.48828125,-52.734375,0.0,0,0
1766593627.797777,1766593627.7307549,-1000.0,-133.7890625,-92.7734375,-73.73046875,0.0,0,0
1766593627.798473,1766593627.7347302,-159.66796875,-64.453125,23.92578125,-47.36328125,0.0,0,0
1766593627.798537,1766593627.7386286,-900.87890625,41.9921875,63.96484375,-17.578125,0.0,0,0
1766593627.798579,1766593627.7425272,698.73046875,41.9921875,-25.87890625,1.46484375,0.0,0,0
1766593627.7986171,1766593627.7464259,-578.125,-54.19921875,-133.30078125,-29.296875,0.0,0,0
1766593627.798655,1766593627.7503242,-1000.0,-126.953125,-128.41796875,-80.56640625,0.0,0,0
1766593627.798691,1766593627.7542229,-225.09765625,-84.47265625,-0.9765625,-66.89453125,0.0,0,0
1766593627.798729,1766593627.7581213,-963.8671875,13.18359375,67.87109375,-5.859375,0.0,0,0
1766593627.7988029,1766593627.7620199,869.140625,14.16015625,-7.8125,20.5078125,0.0,0,0
1766593627.798868,1766593627.7659183,-333.49609375,-63.96484375,-116.2109375,-13.671875,0.0,0,0
1766593627.798911,1766593627.7698169,-1000.0,-150.390625,-119.140625,-61.5234375,0.0,0,0
1766593627.798949,1766593627.7737155,-348.6328125,-107.91015625,-14.16015625,-62.5,0.0,0,0
1766593627.798985,1766593627.7776139,948.73046875,12.20703125,60.05859375,-18.5546875,0.0,0,0
1766593627.855674,1766593627.781565,990.72265625,33.203125,3.41796875,8.30078125,0.0,0,0
1766593627.8558002,1766593627.7854636,-154.296875,-68.359375,-107.421875,-17.578125,0.0,0,0
1766593627.855857,1766593627.789362,-1000.0,-117.1875,-116.69921875,-55.6640625,0.0,0,0
1766593627.855907,1766593627.7932606,-508.7890625,-70.80078125,-24.4140625,-62.01171875,0.0,0,0
1766593627.855961,1766593627.797159,789.55078125,10.25390625,62.5,-26.85546875,0.0,0,0
1766593627.85601,1766593627.8010576,-902.83203125,77.63671875,26.3671875,7.32421875,0.0,0,0
1766593627.8560598,1766593627.8049562,11.71875,15.625,-101.5625,-8.7890625,0.0,0,0
1766593627.85611,1766593627.8088546,-1000.0,-115.72265625,-147.4609375,-42.48046875,0.0,0,0
1766593627.856159,1766593627.8127532,-662.59765625,-133.7890625,-50.29296875,-62.01171875,0.0,0,0
1766593627.8562088,1766593627.8166516,618.65234375,-20.01953125,60.05859375,-29.78515625,0.0,0,0
1766593627.856259,1766593627.8205502,-847.16796875,41.015625,51.7578125,20.99609375,0.0,0,0
1766593627.856308,1766593627.8244488,109.86328125,-2.9296875,-63.4765625,2.44140625,0.0,0,0
1766593627.900619,1766593627.8284528,-1000.0,-101.07421875,-125.48828125,-50.29296875,0.0,0,0
1766593627.9007611,1766593627.8323514,-831.54296875,-127.44140625,-48.33984375,-63.4765625,0.0,0,0
1766593627.900807,1766593627.8362498,399.4140625,-38.57421875,53.22265625,-33.69140625,0.0,0,0
1766593627.900846,1766593627.8401484,-817.3828125,23.4375,46.38671875,4.8828125,0.0,0,0
1766593627.900884,1766593627.844047,207.03125,-9.765625,-52.734375,8.7890625,0.0,0,0
1766593627.900922,1766593627.8479455,-1000.0,-102.05078125,-110.83984375,-31.25,0.0,0,0
1766593627.90096,1766593627.851844,-964.84375,-121.09375,-54.19921875,-57.12890625,0.0,0,0
1766593627.9009972,1766593627.8557427,194.82421875,-16.11328125,47.8515625,-26.85546875,0.0,0,0
1766593627.901036,1766593627.859641,-813.4765625,49.8046875,59.5703125,13.671875,0.0,0,0
1766593627.901073,1766593627.8635397,305.17578125,-5.859375,-54.19921875,2.44140625,0.0,0,0
1766593627.90111,1766593627.8674383,-971.19140625,-85.44921875,-147.94921875,-41.50390625,0.0,0,0
1766593627.9011478,1766593627.8713367,-1000.0,-103.02734375,-96.19140625,-79.1015625,0.0,0,0
1766593627.9479449,1766593627.8753345,9.765625,-64.453125,19.04296875,-66.40625,0.0,0,0
1766593627.948011,1766593627.879233,-839.84375,1.953125,59.08203125,-11.71875,0.0,0,0
1766593627.9480379,1766593627.8831315,465.33203125,-1.953125,-24.90234375,1.46484375,0.0,0,0
1766593627.948065,1766593627.8870301,-830.56640625,-99.609375,-119.140625,-48.33984375,0.0,0,0
1766593627.94809,1766593627.8909287,-1000.0,-137.6953125,-81.0546875,-75.1953125,0.0,0,0
1766593627.948114,1766593627.8948271,-102.5390625,-40.52734375,34.1796875,-50.29296875,0.0,0,0
1766593627.948138,1766593627.8987257,-871.09375,62.98828125,70.80078125,-3.90625,0.0,0,0
1766593627.948162,1766593627.9026244,600.09765625,66.40625,-23.92578125,8.7890625,0.0,0,0
1766593627.9481869,1766593627.9065228,-686.03515625,-61.5234375,-130.859375,-44.921875,0.0,0,0
1766593627.948211,1766593627.9104214,-1000.0,-171.875,-102.5390625,-91.796875,0.0,0,0
1766593627.948235,1766593627.91432,-194.82421875,-74.21875,12.6953125,-75.68359375,0.0,0,0
1766593627.9482582,1766593627.9182184,-938.4765625,24.90234375,56.15234375,-14.16015625,0.0,0,0
1766593627.991092,1766593627.9222095,806.15234375,19.04296875,-11.71875,23.92578125,0.0,0,0
1766593627.991203,1766593627.9261081,-427.734375,-33.203125,-113.76953125,-19.53125,0.0,0,0
1766593627.9912572,1766593627.9300067,-1000.0,-87.890625,-116.69921875,-88.8671875,0.0,0,0
1766593627.9913092,1766593627.9339051,-291.9921875,-87.890625,-11.23046875,-84.9609375,0.0,0,0
1766593627.9913611,1766593627.9378037,993.65234375,-14.16015625,65.4296875,-24.4140625,0.0,0,0
1766593627.991412,1766593627.9417024,935.546875,48.828125,16.6015625,1.46484375,0.0,0,0
1766593627.991463,1766593627.945601,-232.91015625,-5.37109375,-106.4453125,-29.296875,0.0,0,0
1766593627.991513,1766593627.9494994,-1000.0,-102.05078125,-130.37109375,-77.1484375,0.0,0,0
1766593627.991563,1766593627.953398,-415.0390625,-109.375,-26.85546875,-81.0546875,0.0,0,0
1766593627.991613,1766593627.9572966,883.7890625,-21.97265625,64.94140625,-36.62109375,0.0,0,0
1766593627.9916632,1766593627.9611952,-953.61328125,34.66796875,25.390625,-5.859375,0.0,0,0
1766593627.991713,1766593627.9650936,-58.59375,-26.85546875,-91.30859375,-19.04296875,0.0,0,0
1766593628.0676422,1766593627.9691944,-1000.0,-122.0703125,-120.1171875,-64.453125,0.0,0,0
1766593628.067772,1766593627.973093,-558.59375,-90.33203125,-33.203125,-87.40234375,0.0,0,0
1766593628.06783,1766593627.9769917,734.375,-10.7421875,62.5,-35.64453125,0.0,0,0
1766593628.067882,1766593627.9808903,-877.9296875,21.97265625,38.57421875,13.671875,0.0,0,0
1766593628.067935,1766593627.9847887,64.453125,-4.8828125,-80.078125,-16.6015625,0.0,0,0
1766593628.067986,1766593627.9886873,-1000.0,-73.73046875,-125.9765625,-68.84765625,0.0,0,0
1766593628.068036,1766593627.992586,-713.8671875,-66.40625,-51.26953125,-79.1015625,0.0,0,0
1766593628.068086,1766593627.9964845,548.33984375,-17.578125,43.45703125,-33.203125,0.0,0,0
1766593628.068135,1766593628.0003831,-833.984375,19.04296875,42.48046875,15.13671875,0.0,0,0
1766593628.068186,1766593628.0042818,192.87109375,-16.11328125,-54.6875,2.9296875,0.0,0,0
1766593628.068235,1766593628.0081801,-1000.0,-94.7265625,-130.859375,-57.12890625,0.0,0,0
1766593628.0682838,1766593628.0120788,-857.91015625,-97.16796875,-68.84765625,-82.03125,0.0,0,0
1766593628.082317,1766593628.016055,371.58203125,-23.4375,42.48046875,-40.52734375,0.0,0,0
1766593628.082457,1766593628.0199537,-821.2890625,40.0390625,49.8046875,4.8828125,0.0,0,0
1766593628.082593,1766593628.0238523,297.8515625,6.34765625,-56.15234375,14.16015625,0.0,0,0
1766593628.0826612,1766593628.027751,-1000.0,-84.9609375,-135.7421875,-6.34765625,0.0,0,0
1766593628.082718,1766593628.0316494,-983.3984375,-113.28125,-69.3359375,-33.203125,0.0,0,0
1766593628.082769,1766593628.035548,182.12890625,-28.3203125,54.19921875,-28.80859375,0.0,0,0
1766593628.0828202,1766593628.0394466,-835.9375,58.10546875,61.03515625,17.578125,0.0,0,0
1766593628.082871,1766593628.0433452,432.12890625,13.671875,-46.38671875,38.57421875,0.0,0,0
1766593628.082921,1766593628.0472438,-878.90625,-82.03125,-128.90625,-4.8828125,0.0,0,0
1766593628.0829709,1766593628.0511425,-1000.0,-116.2109375,-80.078125,-19.04296875,0.0,0,0
1766593628.083022,1766593628.055041,51.7578125,-39.0625,41.015625,21.484375,0.0,0,0
1766593628.083078,1766593628.0589397,-864.2578125,50.29296875,71.77734375,60.05859375,0.0,0,0
1766593628.12731,1766593628.0629091,589.35546875,32.2265625,-17.08984375,66.89453125,0.0,0,0
1766593628.127427,1766593628.0668077,-695.3125,-62.98828125,-112.79296875,32.71484375,0.0,0,0
1766593628.12747,1766593628.0707064,-1000.0,-114.74609375,-79.58984375,11.23046875,0.0,0,0
1766593628.1275089,1766593628.074605,-85.44921875,-96.19140625,29.296875,19.53125,0.0,0,0
1766593628.1278841,1766593628.0785034,-904.296875,-18.06640625,66.40625,43.45703125,0.0,0,0
1766593628.127925,1766593628.082402,749.0234375,31.25,4.8828125,62.5,0.0,0,0
1766593628.1279721,1766593628.0863006,-490.234375,-24.90234375,-85.9375,40.0390625,0.0,0,0
1766593628.1280088,1766593628.0901992,-1000.0,-92.28515625,-96.19140625,-9.765625,0.0,0,0
1766593628.128045,1766593628.0940979,-193.359375,-79.1015625,0.0,8.30078125,0.0,0,0
1766593628.128085,1766593628.0979965,-958.984375,-29.78515625,77.63671875,80.56640625,0.0,0,0
1766593628.1281211,1766593628.101895,887.20703125,-21.97265625,20.5078125,92.7734375,0.0,0,0
1766593628.128156,1766593628.1057937,-284.1796875,-62.01171875,-85.44921875,43.9453125,0.0,0,0
1766593628.171932,1766593628.109756,-1000.0,-119.62890625,-84.9609375,2.44140625,0.0,0,0
1766593628.1720629,1766593628.1136546,-295.41015625,-93.75,12.6953125,-3.90625,0.0,0,0
1766593628.17212,1766593628.1175532,974.609375,2.9296875,80.078125,21.97265625,0.0,0,0
1766593628.172173,1766593628.1214516,-999.0234375,37.109375,31.25,45.41015625,0.0,0,0
1766593628.172225,1766593628.1253502,-99.609375,-34.1796875,-83.984375,16.11328125,0.0,0,0
1766593628.1722748,1766593628.1292489,-1000.0,-107.421875,-99.12109375,-30.76171875,0.0,0,0
1766593628.1723251,1766593628.1331475,-426.7578125,-84.47265625,-8.30078125,-28.80859375,0.0,0,0
1766593628.1723762,1766593628.137046,865.72265625,-15.13671875,66.40625,10.25390625,0.0,0,0
1766593628.172426,1766593628.1409447,-916.015625,13.671875,38.0859375,41.015625,0.0,0,0
1766593628.1724758,1766593628.1448433,34.1796875,-22.94921875,-67.3828125,13.671875,0.0,0,0
1766593628.1725261,1766593628.148742,-1000.0,-82.51953125,-106.93359375,-43.45703125,0.0,0,0
1766593628.172576,1766593628.1526406,-585.9375,-90.33203125,-31.73828125,-56.15234375,0.0,0,0
1766593628.231732,1766593628.1565945,706.54296875,-37.59765625,64.453125,-12.6953125,0.0,0,0
1766593628.231854,1766593628.1604931,-860.83984375,10.7421875,50.78125,24.90234375,0.0,0,0
1766593628.231895,1766593628.1643918,124.51171875,-5.37109375,-61.03515625,6.8359375,0.0,0,0
1766593628.2319329,1766593628.1682904,-1000.0,-74.70703125,-114.2578125,-34.1796875,0.0,0,0
1766593628.231971,1766593628.172189,-757.8125,-99.609375,-40.0390625,-44.921875,0.0,0,0
1766593628.232008,1766593628.1760876,506.34765625,-26.3671875,64.453125,-17.08984375,0.0,0,0
1766593628.2320452,1766593628.1799862,-827.63671875,71.2890625,61.03515625,22.4609375,0.0,0,0
1766593628.232082,1766593628.1838849,207.51953125,13.671875,-59.5703125,12.6953125,0.0,0,0
1766593628.2321181,1766593628.1877835,-1000.0,-93.26171875,-129.39453125,-46.875,0.0,0,0
1766593628.2321541,1766593628.191682,-907.71484375,-109.375,-53.7109375,-77.63671875,0.0,0,0
1766593628.2322,1766593628.1955807,293.45703125,-39.55078125,61.5234375,-36.1328125,0.0,0,0
1766593628.232245,1766593628.199479,-817.87109375,31.73828125,78.61328125,21.97265625,0.0,0,0
1766593628.275925,1766593628.2034843,305.17578125,9.27734375,-23.92578125,21.97265625,0.0,0,0
1766593628.2760372,1766593628.207383,-983.88671875,-67.3828125,-115.72265625,-39.0625,0.0,0,0
1766593628.276097,1766593628.2112815,-1000.0,-107.421875,-69.82421875,-80.078125,0.0,0,0
1766593628.2761521,1766593628.2151802,94.23828125,-49.31640625,38.0859375,-47.36328125,0.0,0,0
1766593628.276206,1766593628.2190788,-840.33203125,21.484375,64.94140625,7.32421875,0.0,0,0
1766593628.2762592,1766593628.2229774,479.98046875,20.5078125,-10.7421875,13.671875,0.0,0,0
1766593628.2763011,1766593628.226876,-820.3125,-62.01171875,-99.609375,-34.66796875,0.0,0,0
1766593628.2763379,1766593628.2307746,-1000.0,-132.8125,-68.359375,-67.87109375,0.0,0,0
1766593628.276374,1766593628.2346733,-45.8984375,-64.94140625,41.50390625,-41.9921875,0.0,0,0
1766593628.27642,1766593628.238572,-871.09375,30.2734375,66.40625,1.46484375,0.0,0,0
1766593628.276463,1766593628.2424705,613.76953125,29.78515625,-15.625,0.9765625,0.0,0,0
1766593628.276513,1766593628.2463691,-665.0390625,-48.33984375,-110.3515625,-32.71484375,0.0,0,0
1766593628.3211489,1766593628.250367,-1000.0,-119.62890625,-109.375,-66.89453125,0.0,0,0
1766593628.3213272,1766593628.2542655,-162.109375,-71.77734375,10.25390625,-60.05859375,0.0,0,0
1766593628.321378,1766593628.2581642,-926.7578125,17.578125,86.9140625,-8.7890625,0.0,0,0
1766593628.321453,1766593628.2620628,797.8515625,20.99609375,16.11328125,4.39453125,0.0,0,0
1766593628.3214972,1766593628.2659614,-431.15234375,-30.76171875,-85.44921875,-24.4140625,0.0,0,0
1766593628.321536,1766593628.26986,-1000.0,-90.8203125,-94.7265625,-62.01171875,0.0,0,0
1766593628.321573,1766593628.2737586,-260.25390625,-47.36328125,-0.9765625,-65.4296875,0.0,0,0
1766593628.32164,1766593628.2776573,-993.1640625,34.1796875,50.29296875,-22.94921875,0.0,0,0
1766593628.321697,1766593628.281556,935.05859375,27.83203125,-4.39453125,3.90625,0.0,0,0
1766593628.321739,1766593628.2854545,-223.6328125,-57.12890625,-102.05078125,-28.80859375,0.0,0,0
1766593628.3217778,1766593628.2893531,-1000.0,-130.859375,-122.55859375,-69.82421875,0.0,0,0
1766593628.321814,1766593628.2932518,-364.74609375,-94.23828125,-20.01953125,-59.5703125,0.0,0,0
1766593628.3688571,1766593628.2972445,927.24609375,2.9296875,65.4296875,-10.7421875,0.0,0,0
1766593628.3689768,1766593628.3011432,-969.7265625,41.9921875,26.3671875,19.53125,0.0,0,0
1766593628.369032,1766593628.3050418,-68.359375,-16.6015625,-84.47265625,-9.765625,0.0,0,0
1766593628.3690932,1766593628.3089404,-1000.0,-100.09765625,-113.28125,-56.15234375,0.0,0,0
1766593628.369143,1766593628.312839,-496.58203125,-88.37890625,-22.4609375,-63.96484375,0.0,0,0
1766593628.369193,1766593628.3167377,797.36328125,11.71875,75.1953125,-29.296875,0.0,0,0
1766593628.3692422,1766593628.3206363,-887.6953125,54.19921875,45.41015625,12.6953125,0.0,0,0
1766593628.369292,1766593628.3245351,73.73046875,-7.32421875,-74.70703125,-2.9296875,0.0,0,0
1766593628.369341,1766593628.3284338,-1000.0,-98.14453125,-118.1640625,-39.0625,0.0,0,0
1766593628.36939,1766593628.3323324,-657.2265625,-109.375,-38.0859375,-43.9453125,0.0,0,0
1766593628.369439,1766593628.336231,628.41796875,-14.16015625,52.734375,-36.62109375,0.0,0,0
1766593628.3694878,1766593628.3401296,-844.7265625,60.546875,44.43359375,-8.30078125,0.0,0,0
1766593628.426466,1766593628.3441133,156.25,14.6484375,-59.5703125,-16.6015625,0.0,0,0
1766593628.4265962,1766593628.348012,-1000.0,-89.35546875,-113.76953125,-52.734375,0.0,0,0
1766593628.426653,1766593628.3519106,-838.8671875,-125.0,-37.59765625,-60.05859375,0.0,0,0
1766593628.426704,1766593628.3558092,396.484375,-39.0625,52.734375,-34.66796875,0.0,0,0
1766593628.4267561,1766593628.3597078,-817.3828125,42.96875,49.31640625,18.5546875,0.0,0,0
1766593628.426807,1766593628.3636065,255.859375,27.34375,-42.48046875,22.94921875,0.0,0,0
1766593628.426856,1766593628.3675053,-1000.0,-32.2265625,-121.09375,-47.8515625,0.0,0,0
1766593628.4269052,1766593628.371404,-986.328125,-130.859375,-81.54296875,-75.68359375,0.0,0,0
1766593628.426955,1766593628.3753026,164.0625,-121.09375,23.92578125,-36.1328125,0.0,0,0
1766593628.42701,1766593628.3792012,-825.1953125,22.4609375,49.8046875,-15.625,0.0,0,0
1766593628.427059,1766593628.3830998,388.18359375,37.59765625,-31.73828125,-17.08984375,0.0,0,0
1766593628.427124,1766593628.3869984,-912.109375,-67.87109375,-111.81640625,-40.52734375,0.0,0,0
1766593628.4563808,1766593628.3909752,-1000.0,-120.60546875,-70.80078125,-61.5234375,0.0,0,0
1766593628.45649,1766593628.3948739,3.90625,-45.8984375,34.1796875,-55.17578125,0.0,0,0
1766593628.4565482,1766593628.3987725,-849.609375,53.22265625,56.15234375,-20.5078125,0.0,0,0
1766593628.4566,1766593628.4026713,520.99609375,42.96875,-26.3671875,8.7890625,0.0,0,0
1766593628.456652,1766593628.40657,-772.4609375,-65.91796875,-116.69921875,-29.296875,0.0,0,0
1766593628.456702,1766593628.4104686,-1000.0,-102.05078125,-84.9609375,-82.51953125,0.0,0,0
1766593628.456751,1766593628.4143672,-119.140625,-40.0390625,27.34375,-57.12890625,0.0,0,0
1766593628.45682,1766593628.4182658,-895.01953125,-0.48828125,77.63671875,1.953125,0.0,0,0
1766593628.4568808,1766593628.4221644,698.2421875,0.48828125,8.7890625,11.71875,0.0,0,0
1766593628.4572868,1766593628.4260633,-568.84765625,-45.41015625,-96.6796875,-25.87890625,0.0,0,0
1766593628.457342,1766593628.429962,-1000.0,-91.30859375,-87.40234375,-59.5703125,0.0,0,0
1766593628.4573922,1766593628.4338605,-210.44921875,-54.19921875,5.37109375,-57.6171875,0.0,0,0
1766593628.501776,1766593628.43783,-949.21875,28.3203125,58.59375,-15.625,0.0,0,0
1766593628.501899,1766593628.4417286,840.8203125,60.546875,11.71875,-11.23046875,0.0,0,0
1766593628.5019379,1766593628.4456272,-379.8828125,-8.30078125,-82.03125,-31.73828125,0.0,0,0
1766593628.5019772,1766593628.4495258,-1000.0,-93.26171875,-92.28515625,-51.7578125,0.0,0,0
1766593628.502014,1766593628.4534245,-309.5703125,-78.61328125,1.46484375,-56.15234375,0.0,0,0
1766593628.502051,1766593628.4573233,972.16796875,26.85546875,75.68359375,-23.4375,0.0,0,0
1766593628.502094,1766593628.461222,980.46875,67.3828125,33.69140625,1.46484375,0.0,0,0
1766593628.502132,1766593628.4651206,-158.203125,-50.29296875,-67.3828125,-27.83203125,0.0,0,0
1766593628.5021691,1766593628.4690192,-1000.0,-126.953125,-79.1015625,-87.40234375,0.0,0,0
1766593628.5022101,1766593628.4729178,-408.69140625,-95.21484375,17.08984375,-86.9140625,0.0,0,0
1766593628.5022469,1766593628.4768167,888.671875,-17.08984375,88.8671875,-71.2890625,0.0,0,0
1766593628.502301,1766593628.4807153,-942.87109375,42.96875,57.6171875,-96.19140625,0.0,0,0
1766593628.546539,1766593628.4846768,-29.296875,-5.859375,-47.8515625,-167.48046875,0.0,0,0
1766593628.546649,1766593628.4885757,-1000.0,-94.23828125,-71.2890625,-236.328125,0.0,0,0
1766593628.5467021,1766593628.4924743,-640.625,-77.1484375,18.5546875,-263.18359375,0.0,0,0
1766593628.546752,1766593628.496373,663.57421875,23.92578125,96.19140625,-260.7421875,0.0,0,0
1766593628.5468018,1766593628.5002716,-869.140625,76.66015625,65.4296875,-249.0234375,0.0,0,0
1766593628.54685,1766593628.5041702,35.64453125,40.52734375,-25.87890625,-286.1328125,0.0,0,0
1766593628.546887,1766593628.508069,-1000.0,-85.44921875,-79.1015625,-355.95703125,0.0,0,0
1766593628.546923,1766593628.5119677,-841.30859375,-127.44140625,-17.08984375,-364.2578125,0.0,0,0
1766593628.5469599,1766593628.5158663,379.39453125,-2.9296875,100.5859375,-319.82421875,0.0,0,0
1766593628.546997,1766593628.519765,-817.87109375,43.9453125,97.16796875,-276.3671875,0.0,0,0
1766593628.54704,1766593628.5236638,134.27734375,5.37109375,-9.765625,-271.97265625,0.0,0,0
1766593628.547076,1766593628.5275624,-1000.0,-37.109375,-80.56640625,-312.01171875,0.0,0,0
1766593628.6063921,1766593628.5315123,-958.49609375,-84.9609375,-50.29296875,-333.49609375,0.0,0,0
1766593628.6065311,1766593628.5354111,180.17578125,-30.76171875,49.8046875,-284.66796875,0.0,0,0
1766593628.606573,1766593628.5393097,-809.5703125,89.35546875,85.44921875,-211.42578125,0.0,0,0
1766593628.606612,1766593628.5432084,268.06640625,60.546875,-11.23046875,-188.4765625,0.0,0,0
1766593628.6066508,1766593628.547107,-1000.0,-42.48046875,-115.234375,-218.75,0.0,0,0
1766593628.606689,1766593628.5510058,-1000.0,-55.6640625,-60.05859375,-240.72265625,0.0,0,0
1766593628.606729,1766593628.5549045,28.80859375,11.71875,73.2421875,-195.80078125,0.0,0,0
1766593628.606766,1766593628.558803,-832.51953125,124.0234375,88.37890625,-117.67578125,0.0,0,0
1766593628.606804,1766593628.5627017,430.17578125,104.4921875,-9.765625,-81.0546875,0.0,0,0
1766593628.606853,1766593628.5666006,-870.60546875,-16.6015625,-103.515625,-117.1875,0.0,0,0
1766593628.606889,1766593628.5704992,-1000.0,-51.7578125,-96.6796875,-143.06640625,0.0,0,0
1766593628.6069288,1766593628.5743978,-57.12890625,0.48828125,-2.9296875,-109.86328125,0.0,0,0
1766593628.668695,1766593628.5784602,-867.67578125,78.61328125,70.3125,-49.31640625,0.0,0,0
1766593628.6689181,1766593628.5823588,594.7265625,72.75390625,2.44140625,-14.6484375,0.0,0,0
1766593628.668983,1766593628.5862577,-692.3828125,-32.2265625,-81.54296875,-27.83203125,0.0,0,0
1766593628.66909,1766593628.5901563,-1000.0,-81.54296875,-66.89453125,-70.80078125,0.0,0,0
1766593628.669137,1766593628.594055,-142.578125,-17.08984375,-15.13671875,-63.4765625,0.0,0,0
1766593628.669204,1766593628.5979538,-919.921875,87.890625,45.8984375,14.6484375,0.0,0,0
1766593628.6693099,1766593628.6018524,784.1796875,113.28125,-0.48828125,45.41015625,0.0,0,0
1766593628.669363,1766593628.605751,-451.66015625,15.625,-112.79296875,6.34765625,0.0,0,0
1766593628.669482,1766593628.60965,-1000.0,-79.1015625,-117.67578125,-15.625,0.0,0,0
1766593628.669544,1766593628.6135485,-226.07421875,-29.78515625,-14.6484375,-2.9296875,0.0,0,0
1766593628.669586,1766593628.6174471,-986.328125,71.77734375,51.26953125,45.41015625,0.0,0,0
1766593628.669662,1766593628.621346,942.3828125,67.87109375,3.90625,87.40234375,0.0,0,0
1766593628.6973069,1766593628.6253464,-193.84765625,-6.8359375,-98.6328125,82.03125,0.0,0,0
1766593628.697377,1766593628.6292453,-1000.0,-71.2890625,-110.83984375,42.96875,0.0,0,0
1766593628.697417,1766593628.633144,-331.54296875,-51.7578125,-1.953125,20.5078125,0.0,0,0
1766593628.697454,1766593628.6370428,943.84765625,30.2734375,64.453125,64.94140625,0.0,0,0
1766593628.697491,1766593628.6409414,-961.9140625,81.54296875,14.16015625,93.75,0.0,0,0
1766593628.6975281,1766593628.64484,-30.76171875,48.828125,-81.0546875,76.171875,0.0,0,0
1766593628.697564,1766593628.6487389,-1000.0,-33.69140625,-112.79296875,48.33984375,0.0,0,0
1766593628.6976,1766593628.6526375,-479.00390625,-62.98828125,-45.41015625,38.0859375,0.0,0,0
1766593628.6976361,1766593628.656536,817.87109375,11.23046875,52.734375,58.10546875,0.0,0,0
1766593628.6976728,1766593628.660435,-893.06640625,84.47265625,37.109375,78.125,0.0,0,0
1766593628.697709,1766593628.6643336,78.61328125,16.6015625,-75.1953125,59.08203125,0.0,0,0
1766593628.6977448,1766593628.6682322,-1000.0,-99.609375,-109.86328125,23.92578125,0.0,0,0
1766593628.741753,1766593628.6722217,-637.6953125,-76.171875,-44.43359375,38.0859375,0.0,0,0
1766593628.74195,1766593628.6761203,649.90234375,21.97265625,39.0625,25.87890625,0.0,0,0
1766593628.74205,1766593628.6800191,-849.12109375,59.5703125,26.85546875,43.9453125,0.0,0,0
1766593628.74211,1766593628.6839178,158.69140625,-10.25390625,-76.66015625,59.5703125,0.0,0,0
1766593628.74217,1766593628.6878166,-1000.0,-82.51953125,-123.046875,31.73828125,0.0,0,0
1766593628.742228,1766593628.6917152,-838.8671875,-57.6171875,-24.90234375,-38.0859375,0.0,0,0
1766593628.7422888,1766593628.6956139,398.92578125,14.6484375,36.62109375,-20.99609375,0.0,0,0
1766593628.742347,1766593628.6995127,-817.87109375,61.5234375,27.34375,93.26171875,0.0,0,0
1766593628.7424052,1766593628.7034113,248.53515625,24.4140625,-18.06640625,38.0859375,0.0,0,0
1766593628.742462,1766593628.7073102,-1000.0,-69.82421875,-123.53515625,9.765625,0.0,0,0
1766593628.742518,1766593628.7112088,-958.0078125,-89.84375,-87.890625,51.7578125,0.0,0,0
1766593628.742573,1766593628.7151074,208.0078125,-16.6015625,52.734375,14.16015625,0.0,0,0
1766593628.788007,1766593628.71909,-830.078125,41.9921875,64.94140625,-32.2265625,0.0,0,0
1766593628.78813,1766593628.7229888,394.04296875,11.23046875,-34.66796875,10.25390625,0.0,0,0
1766593628.788191,1766593628.7268875,-906.25,-66.40625,-126.46484375,96.6796875,0.0,0,0
1766593628.788245,1766593628.7307863,-1000.0,-112.3046875,-69.3359375,2.44140625,0.0,0,0
1766593628.788297,1766593628.734685,33.203125,-30.76171875,30.2734375,-16.6015625,0.0,0,0
1766593628.7883468,1766593628.7385836,-846.6796875,23.4375,67.87109375,112.3046875,0.0,0,0
1766593628.788398,1766593628.7424824,500.9765625,-11.23046875,36.62109375,2.9296875,0.0,0,0
1766593628.788449,1766593628.746381,-789.55078125,-43.45703125,-101.5625,-41.9921875,0.0,0,0
1766593628.7884989,1766593628.75028,-1000.0,-78.61328125,-153.3203125,57.6171875,0.0,0,0
1766593628.788548,1766593628.7541785,-80.078125,-43.9453125,-21.97265625,30.76171875,0.0,0,0
1766593628.788599,1766593628.7580774,-898.92578125,25.87890625,90.33203125,26.3671875,0.0,0,0
1766593628.7886488,1766593628.761976,728.02734375,48.33984375,-18.06640625,108.3984375,0.0,0,0
1766593628.8311198,1766593628.7659519,-529.78515625,-33.203125,-148.4375,97.16796875,0.0,0,0
1766593628.8312562,1766593628.7698505,-1000.0,-129.8828125,-105.95703125,-19.53125,0.0,0,0
1766593628.831573,1766593628.7737494,-165.52734375,-74.21875,-19.04296875,62.01171875,0.0,0,0
1766593628.831615,1766593628.777648,-924.31640625,32.71484375,34.66796875,102.05078125,0.0,0,0
1766593628.8316538,1766593628.7815468,796.38671875,12.20703125,31.73828125,33.203125,0.0,0,0
1766593628.831692,1766593628.7854455,-440.91796875,-75.1953125,-12.20703125,-136.23046875,0.0,0,0
1766593628.831729,1766593628.7893443,-1000.0,-91.796875,-86.42578125,-105.95703125,0.0,0,0
1766593628.831765,1766593628.793243,-266.6015625,-87.890625,-62.5,97.65625,0.0,0,0
1766593628.8318,1766593628.7971418,974.609375,-54.6875,122.55859375,-55.6640625,0.0,0,0
1766593628.831848,1766593628.8010404,-996.58203125,21.97265625,76.66015625,-116.69921875,0.0,0,0
1766593628.831885,1766593628.804939,-84.9609375,25.87890625,-185.546875,110.83984375,0.0,0,0
1766593628.8319201,1766593628.808838,-1000.0,-58.59375,-205.078125,72.75390625,0.0,0,0
1766593628.8754508,1766593628.8128028,-428.7109375,-92.28515625,-64.94140625,0.9765625,0.0,0,0
1766593628.8755462,1766593628.8167014,868.65234375,-16.6015625,58.59375,59.5703125,0.0,0,0
1766593628.875574,1766593628.8206003,-926.26953125,52.734375,17.578125,102.5390625,0.0,0,0
1766593628.875603,1766593628.824499,10.7421875,3.90625,-118.65234375,98.14453125,0.0,0,0
1766593628.875628,1766593628.8283978,-1000.0,-97.16796875,-139.16015625,38.57421875,0.0,0,0
1766593628.875652,1766593628.8322964,-549.31640625,-93.75,-45.41015625,38.0859375,0.0,0,0
1766593628.875676,1766593628.8361952,747.55859375,3.90625,33.69140625,77.63671875,0.0,0,0
1766593628.875701,1766593628.8400939,-875.48828125,60.546875,4.8828125,93.26171875,0.0,0,0
1766593628.875725,1766593628.8439927,88.8671875,-14.16015625,-92.28515625,67.87109375,0.0,0,0
1766593628.875749,1766593628.8478913,-1000.0,-112.79296875,-139.16015625,-0.9765625,0.0,0,0
1766593628.875817,1766593628.8517902,-749.0234375,-96.6796875,-83.49609375,-20.99609375,0.0,0,0
1766593628.8758872,1766593628.8556888,505.37109375,-35.15625,18.5546875,23.4375,0.0,0,0
1766593628.963719,1766593628.85965,-829.58984375,3.90625,36.1328125,57.12890625,0.0,0,0
1766593628.963841,1766593628.8635485,202.1484375,-19.53125,-64.94140625,46.875,0.0,0,0
1766593628.9638982,1766593628.8674474,-1000.0,-68.84765625,-127.9296875,5.859375,0.0,0,0
1766593628.964041,1766593628.871346,-905.2734375,-90.8203125,-70.3125,-25.390625,0.0,0,0
1766593628.9641302,1766593628.8752449,296.875,-36.62109375,46.875,2.44140625,0.0,0,0
1766593628.9642618,1766593628.8791437,-817.87109375,58.59375,73.2421875,54.19921875,0.0,0,0
1766593628.964478,1766593628.8830423,299.31640625,17.08984375,-57.12890625,44.921875,0.0,0,0
1766593628.964567,1766593628.8869412,-987.3046875,-112.3046875,-134.765625,7.32421875,0.0,0,0
1766593628.964875,1766593628.8908398,-1000.0,-142.578125,-68.359375,-13.18359375,0.0,0,0
1766593628.9649448,1766593628.8947387,97.16796875,-62.01171875,18.06640625,-7.32421875,0.0,0,0
1766593628.965039,1766593628.8986373,-829.1015625,26.85546875,42.96875,23.4375,0.0,0,0
1766593628.9651961,1766593628.9025362,419.921875,23.4375,-31.73828125,24.90234375,0.0,0,0
1766593628.966196,1766593628.9064913,-882.32421875,-48.828125,-107.91015625,-2.44140625,0.0,0,0
1766593628.9662771,1766593628.91039,-1000.0,-100.5859375,-79.58984375,-28.80859375,0.0,0,0
1766593628.9663491,1766593628.9142888,-57.12890625,-86.42578125,7.8125,-39.55078125,0.0,0,0
1766593628.966387,1766593628.9181874,-868.65234375,-6.34765625,53.7109375,5.859375,0.0,0,0
1766593628.966423,1766593628.9220862,595.703125,26.85546875,-2.44140625,52.24609375,0.0,0,0
1766593628.9664981,1766593628.9259849,-687.01171875,-35.15625,-99.12109375,-9.765625,0.0,0,0
1766593628.966551,1766593628.9298837,-1000.0,-85.44921875,-97.16796875,-79.58984375,0.0,0,0
1766593628.96659,1766593628.9337826,-159.66796875,-70.3125,-8.7890625,-69.82421875,0.0,0,0
1766593628.966628,1766593628.9376812,-920.8984375,-10.7421875,44.921875,-22.4609375,0.0,0,0
1766593628.966665,1766593628.94158,775.390625,37.59765625,-7.8125,2.9296875,0.0,0,0
1766593628.966702,1766593628.9454787,-465.8203125,-12.6953125,-110.3515625,-10.7421875,0.0,0,0
1766593628.966739,1766593628.9493775,-1000.0,-105.46875,-114.74609375,-56.15234375,0.0,0,0
1766593629.0408251,1766593628.9534347,-257.32421875,-83.984375,-17.08984375,-60.546875,0.0,0,0
1766593629.040979,1766593628.9573336,-984.86328125,17.08984375,51.7578125,-9.765625,0.0,0,0
1766593629.041039,1766593628.9612322,906.25,43.9453125,-1.46484375,2.9296875,0.0,0,0
1766593629.0410922,1766593628.965131,-270.5078125,-16.6015625,-93.75,-22.94921875,0.0,0,0
1766593629.041143,1766593628.96903,-1000.0,-98.6328125,-106.93359375,-57.12890625,0.0,0,0
1766593629.041194,1766593628.9729285,-380.859375,-97.65625,-25.390625,-67.87109375,0.0,0,0
1766593629.0412428,1766593628.9768274,921.38671875,-12.20703125,45.8984375,-22.94921875,0.0,0,0
1766593629.041297,1766593628.9807262,-992.1875,13.671875,11.71875,6.34765625,0.0,0,0
1766593629.041347,1766593628.9846249,-124.0234375,-33.69140625,-87.40234375,-26.85546875,0.0,0,0
1766593629.041397,1766593628.9885237,-1000.0,-105.95703125,-113.76953125,-60.05859375,0.0,0,0
1766593629.041447,1766593628.9924226,-526.85546875,-104.4921875,-18.5546875,-52.24609375,0.0,0,0
1766593629.041496,1766593628.9963212,764.16015625,-9.765625,62.98828125,-13.671875,0.0,0,0
1766593629.0710871,1766593629.000313,-891.11328125,47.36328125,23.92578125,14.16015625,0.0,0,0
1766593629.071156,1766593629.004212,42.48046875,-12.6953125,-77.1484375,-14.6484375,0.0,0,0
1766593629.07118,1766593629.0081105,-1000.0,-96.6796875,-115.234375,-72.75390625,0.0,0,0
1766593629.0712051,1766593629.0120094,-667.96875,-83.49609375,-27.83203125,-70.3125,0.0,0,0
1766593629.071229,1766593629.0159082,609.375,8.7890625,59.5703125,-28.80859375,0.0,0,0
1766593629.0712519,1766593629.0198069,-844.7265625,66.40625,37.59765625,-4.8828125,0.0,0,0
1766593629.0712929,1766593629.0237057,133.7890625,-2.9296875,-58.10546875,-18.06640625,0.0,0,0
1766593629.071342,1766593629.0276046,-1000.0,-100.5859375,-117.67578125,-64.453125,0.0,0,0
1766593629.071384,1766593629.0315032,-851.5625,-142.08984375,-72.265625,-85.44921875,0.0,0,0
1766593629.071411,1766593629.035402,369.62890625,-88.8671875,30.76171875,-50.78125,0.0,0,0
1766593629.071436,1766593629.039301,-816.89453125,7.8125,49.8046875,-9.765625,0.0,0,0
1766593629.07146,1766593629.0431995,239.74609375,-9.765625,-41.50390625,-9.27734375,0.0,0,0
1766593629.1152608,1766593629.0471852,-1000.0,-77.1484375,-104.00390625,-44.921875,0.0,0,0
1766593629.115374,1766593629.051084,-967.7734375,-104.00390625,-53.22265625,-65.91796875,0.0,0,0
1766593629.115401,1766593629.054983,193.359375,-24.90234375,49.8046875,-44.43359375,0.0,0,0
1766593629.115425,1766593629.0588815,-821.77734375,62.01171875,56.15234375,-4.39453125,0.0,0,0
1766593629.1154492,1766593629.0627804,354.4921875,34.1796875,-37.109375,-7.32421875,0.0,0,0
1766593629.1154728,1766593629.0666792,-937.5,-58.59375,-106.93359375,-50.78125,0.0,0,0
1766593629.115498,1766593629.070578,-1000.0,-111.328125,-82.03125,-84.9609375,0.0,0,0
1766593629.115525,1766593629.0744767,19.04296875,-82.03125,6.34765625,-57.12890625,0.0,0,0
1766593629.115548,1766593629.0783756,-849.12109375,14.16015625,48.828125,-0.48828125,0.0,0,0
1766593629.1155741,1766593629.0822744,511.71875,54.19921875,-11.71875,-5.859375,0.0,0,0
1766593629.115597,1766593629.0861733,-779.78515625,-36.1328125,-106.93359375,-48.33984375,0.0,0,0
1766593629.115621,1766593629.090072,-1000.0,-127.44140625,-97.16796875,-68.84765625,0.0,0,0
1766593629.160161,1766593629.0940506,-100.5859375,-94.23828125,12.6953125,-47.8515625,0.0,0,0
1766593629.160269,1766593629.0979493,-888.671875,-7.8125,65.4296875,5.859375,0.0,0,0
1766593629.160297,1766593629.1018481,671.38671875,-2.9296875,-2.9296875,13.671875,0.0,0,0
1766593629.160321,1766593629.105747,-595.21484375,-56.640625,-95.703125,-28.3203125,0.0,0,0
1766593629.160345,1766593629.1096458,-1000.0,-105.95703125,-90.8203125,-57.6171875,0.0,0,0
1766593629.160369,1766593629.1135447,-194.3359375,-77.63671875,18.06640625,-39.55078125,0.0,0,0
1766593629.160392,1766593629.1174433,-941.40625,39.55078125,62.5,-5.859375,0.0,0,0
1766593629.1607811,1766593629.1213422,820.3125,58.10546875,-27.34375,2.44140625,0.0,0,0
1766593629.1608078,1766593629.125241,-399.4140625,-48.33984375,-109.86328125,-21.484375,0.0,0,0
1766593629.160832,1766593629.12914,-1000.0,-107.91015625,-97.65625,-63.4765625,0.0,0,0
1766593629.160871,1766593629.1330385,-311.03515625,-71.77734375,-10.25390625,-68.359375,0.0,0,0
1766593629.1608949,1766593629.1369374,971.19140625,6.34765625,59.5703125,-22.94921875,0.0,0,0
1766593629.206879,1766593629.14091,972.16796875,36.62109375,16.11328125,8.7890625,0.0,0,0
1766593629.2070458,1766593629.1448088,-166.50390625,-21.484375,-84.9609375,-12.6953125,0.0,0,0
1766593629.207117,1766593629.1487076,-1000.0,-111.81640625,-104.4921875,-50.29296875,0.0,0,0
1766593629.2071722,1766593629.1526062,-425.78125,-101.5625,-10.7421875,-44.921875,0.0,0,0
1766593629.207225,1766593629.156505,872.0703125,-16.11328125,59.08203125,-12.6953125,0.0,0,0
1766593629.207278,1766593629.160404,-937.5,47.36328125,25.390625,3.90625,0.0,0,0
1766593629.207329,1766593629.1643028,-21.484375,1.46484375,-71.77734375,-13.671875,0.0,0,0
1766593629.20738,1766593629.1682014,-1000.0,-102.5390625,-112.3046875,-46.38671875,0.0,0,0
1766593629.207428,1766593629.1721003,-606.93359375,-120.60546875,-36.62109375,-60.05859375,0.0,0,0
1766593629.207479,1766593629.1759992,681.640625,-33.69140625,45.41015625,-38.57421875,0.0,0,0
1766593629.207529,1766593629.179898,-865.234375,38.57421875,31.25,2.44140625,0.0,0,0
1766593629.207587,1766593629.183797,80.078125,-6.8359375,-56.15234375,25.390625,0.0,0,0
1766593629.2653792,1766593629.1878178,-1000.0,-83.984375,-100.09765625,-6.34765625,0.0,0,0
1766593629.2654898,1766593629.1917167,-779.296875,-86.9140625,-48.828125,-54.6875,0.0,0,0
1766593629.2655182,1766593629.1956155,468.26171875,-17.578125,38.0859375,-38.57421875,0.0,0,0
1766593629.265544,1766593629.1995144,-825.68359375,62.5,39.55078125,11.71875,0.0,0,0
1766593629.265569,1766593629.203413,176.7578125,29.296875,-59.08203125,7.8125,0.0,0,0
1766593629.265593,1766593629.2073119,-1000.0,-59.5703125,-123.53515625,-50.78125,0.0,0,0
1766593629.265622,1766593629.2112107,-898.92578125,-77.1484375,-67.3828125,-45.41015625,0.0,0,0
1766593629.2656472,1766593629.2151096,293.9453125,-72.265625,6.8359375,-5.37109375,0.0,0,0
1766593629.265672,1766593629.2190084,-817.3828125,11.71875,22.4609375,14.16015625,0.0,0,0
1766593629.265696,1766593629.2229073,284.1796875,29.296875,-43.9453125,16.6015625,0.0,0,0
1766593629.2657201,1766593629.2268062,-991.2109375,-70.3125,-105.46875,-11.23046875,0.0,0,0
1766593629.265744,1766593629.2307048,-1000.0,-108.88671875,-67.3828125,-38.0859375,0.0,0,0
1766593629.30948,1766593629.2346637,70.3125,-42.96875,24.4140625,-31.73828125,0.0,0,0
1766593629.309599,1766593629.2385626,-831.54296875,34.1796875,57.6171875,18.5546875,0.0,0,0
1766593629.309626,1766593629.2424614,421.875,27.83203125,-26.3671875,19.04296875,0.0,0,0
1766593629.3096519,1766593629.2463603,-876.46484375,-44.43359375,-117.1875,-38.57421875,0.0,0,0
1766593629.309678,1766593629.2502592,-1000.0,-114.74609375,-87.890625,-72.265625,0.0,0,0
1766593629.309702,1766593629.254158,-47.8515625,-60.05859375,30.76171875,-43.45703125,0.0,0,0
1766593629.309727,1766593629.2580566,-859.86328125,57.6171875,60.546875,3.41796875,0.0,0,0
1766593629.309751,1766593629.2619555,558.59375,46.875,-28.80859375,-17.578125,0.0,0,0
1766593629.309786,1766593629.2658544,-727.05078125,-57.6171875,-111.328125,-49.31640625,0.0,0,0
1766593629.3098109,1766593629.2697532,-1000.0,-121.09375,-94.23828125,-58.59375,0.0,0,0
1766593629.309834,1766593629.273652,-161.62109375,-79.1015625,-0.48828125,-59.5703125,0.0,0,0
1766593629.309866,1766593629.277551,-918.45703125,20.99609375,54.19921875,-22.4609375,0.0,0,0
1766593629.354305,1766593629.2815,753.41796875,56.15234375,13.18359375,-14.6484375,0.0,0,0
1766593629.3543859,1766593629.285399,-491.2109375,-21.484375,-75.68359375,-44.43359375,0.0,0,0
1766593629.3544111,1766593629.2892978,-1000.0,-82.03125,-99.609375,-65.91796875,0.0,0,0
1766593629.354435,1766593629.2931964,-257.32421875,-56.15234375,-13.18359375,-52.734375,0.0,0,0
1766593629.3544588,1766593629.2970953,-981.4453125,14.16015625,62.98828125,-6.8359375,0.0,0,0
1766593629.354482,1766593629.3009942,895.5078125,47.36328125,42.96875,1.953125,0.0,0,0
1766593629.354506,1766593629.304893,-294.921875,-21.484375,-52.734375,-54.19921875,0.0,0,0
1766593629.354531,1766593629.3087919,-1000.0,-119.62890625,-93.26171875,-80.078125,0.0,0,0
1766593629.3545542,1766593629.3126907,-372.0703125,-96.19140625,-3.41796875,-63.96484375,0.0,0,0
1766593629.354579,1766593629.3165896,925.78125,-5.859375,104.98046875,-58.10546875,0.0,0,0
1766593629.354603,1766593629.3204885,-991.2109375,21.484375,74.21875,-47.36328125,0.0,0,0
1766593629.3546271,1766593629.3243873,-115.72265625,-21.484375,-70.80078125,-53.7109375,0.0,0,0
1766593629.40164,1766593629.3283854,-1000.0,-90.33203125,-106.4453125,-79.58984375,0.0,0,0
1766593629.401768,1766593629.3322842,-518.5546875,-81.54296875,-16.6015625,-85.9375,0.0,0,0
1766593629.401827,1766593629.336183,777.83203125,-28.3203125,92.7734375,-126.46484375,0.0,0,0
1766593629.40188,1766593629.340082,-893.5546875,26.3671875,36.62109375,-55.17578125,0.0,0,0
1766593629.401931,1766593629.3439808,38.0859375,3.90625,-78.61328125,-38.57421875,0.0,0,0
1766593629.401982,1766593629.3478796,-1000.0,-74.21875,-117.67578125,-102.05078125,0.0,0,0
1766593629.4020321,1766593629.3517785,-721.19140625,-92.28515625,-8.30078125,-147.4609375,0.0,0,0
1766593629.4020832,1766593629.3556774,541.015625,-40.0390625,103.515625,-192.87109375,0.0,0,0
1766593629.40214,1766593629.3595762,-839.84375,21.484375,38.57421875,-43.45703125,0.0,0,0
1766593629.4021912,1766593629.3634748,109.86328125,-46.38671875,20.5078125,-129.8828125,0.0,0,0
1766593629.402242,1766593629.3673737,-1000.0,-100.09765625,-80.078125,-174.31640625,0.0,0,0
1766593629.402291,1766593629.3712726,-834.9609375,-87.890625,-102.05078125,-74.70703125,0.0,0,0
1766593629.445775,1766593629.375266,385.7421875,-23.4375,44.921875,13.671875,0.0,0,0
1766593629.4459252,1766593629.379165,-820.3125,39.0625,56.640625,11.71875,0.0,0,0
1766593629.4459672,1766593629.3830638,221.6796875,-5.859375,-45.41015625,-120.60546875,0.0,0,0
1766593629.446006,1766593629.3869627,-1000.0,-74.21875,-111.328125,-149.90234375,0.0,0,0
1766593629.4460428,1766593629.3908615,-946.2890625,-75.68359375,-74.21875,-71.2890625,0.0,0,0
1766593629.446082,1766593629.3947604,232.91015625,9.765625,9.765625,43.45703125,0.0,0,0
1766593629.44612,1766593629.3986592,-815.91796875,85.9375,36.1328125,23.92578125,0.0,0,0
1766593629.446157,1766593629.402558,321.77734375,44.43359375,-26.3671875,-1.46484375,0.0,0,0
1766593629.446194,1766593629.406457,-962.40234375,-99.609375,-61.5234375,-140.13671875,0.0,0,0
1766593629.446236,1766593629.4103558,-1000.0,-148.92578125,-37.109375,-201.66015625,0.0,0,0
1766593629.446273,1766593629.4142547,24.90234375,-45.8984375,-11.23046875,31.25,0.0,0,0
1766593629.446309,1766593629.4181535,-834.9609375,11.23046875,42.96875,124.51171875,0.0,0,0
1766593629.491976,1766593629.4221401,451.171875,16.6015625,0.9765625,-48.33984375,0.0,0,0
1766593629.492137,1766593629.426039,-847.16796875,-62.01171875,-78.125,-185.546875,0.0,0,0
1766593629.492192,1766593629.4299378,-1000.0,-121.58203125,-99.609375,-40.52734375,0.0,0,0
1766593629.4922528,1766593629.4338367,-82.03125,-29.78515625,-34.66796875,141.11328125,0.0,0,0
1766593629.4923038,1766593629.4377356,-886.23046875,66.89453125,18.5546875,96.6796875,0.0,0,0
1766593629.492356,1766593629.4416344,667.96875,63.96484375,-49.8046875,69.3359375,0.0,0,0
1766593629.4924061,1766593629.4455333,-598.14453125,-28.80859375,-129.8828125,28.3203125,0.0,0,0
1766593629.492457,1766593629.4494321,-1000.0,-119.140625,-123.046875,-35.64453125,0.0,0,0
1766593629.492508,1766593629.453331,-208.984375,-80.56640625,-20.5078125,-14.6484375,0.0,0,0
1766593629.4925592,1766593629.4572299,-946.2890625,3.41796875,43.9453125,30.76171875,0.0,0,0
1766593629.492608,1766593629.4611287,823.2421875,38.57421875,-20.5078125,24.4140625,0.0,0,0
1766593629.492657,1766593629.4650276,-401.3671875,-22.4609375,-112.3046875,-4.39453125,0.0,0,0
1766593629.566103,1766593629.4691198,-1000.0,-98.14453125,-105.95703125,-33.203125,0.0,0,0
1766593629.566259,1766593629.4730186,-293.9453125,-61.5234375,-19.04296875,-19.04296875,0.0,0,0
1766593629.566303,1766593629.4769175,984.86328125,23.4375,63.4765625,26.3671875,0.0,0,0
1766593629.566344,1766593629.4808166,956.54296875,60.546875,16.6015625,30.76171875,0.0,0,0
1766593629.566381,1766593629.4847155,-191.40625,-18.06640625,-90.8203125,-14.16015625,0.0,0,0
1766593629.566419,1766593629.4886143,-1000.0,-104.00390625,-98.6328125,-30.2734375,0.0,0,0
1766593629.5664551,1766593629.4925132,-439.94140625,-76.66015625,-24.4140625,-9.27734375,0.0,0,0
1766593629.566493,1766593629.496412,862.79296875,34.66796875,56.640625,21.97265625,0.0,0,0
1766593629.566539,1766593629.500311,-940.91796875,74.21875,13.18359375,39.55078125,0.0,0,0
1766593629.566587,1766593629.5042098,-40.0390625,-9.27734375,-91.30859375,13.671875,0.0,0,0
1766593629.5666418,1766593629.5081086,-1000.0,-96.6796875,-115.234375,-44.921875,0.0,0,0
1766593629.566689,1766593629.5120075,-604.00390625,-98.14453125,-39.55078125,-61.03515625,0.0,0,0
1766593629.58125,1766593629.5159826,684.08203125,-1.46484375,42.48046875,-9.27734375,0.0,0,0
1766593629.5813508,1766593629.5198815,-863.76953125,36.1328125,30.2734375,34.1796875,0.0,0,0
1766593629.581412,1766593629.5237803,88.37890625,-24.90234375,-69.82421875,16.6015625,0.0,0,0
1766593629.581465,1766593629.5276792,-1000.0,-85.9375,-107.421875,-55.6640625,0.0,0,0
1766593629.581516,1766593629.531578,-748.53515625,-87.890625,-31.73828125,-78.61328125,0.0,0,0
1766593629.581565,1766593629.5354772,514.6484375,3.41796875,61.03515625,-18.06640625,0.0,0,0
1766593629.5816011,1766593629.539376,-828.125,74.70703125,47.8515625,23.4375,0.0,0,0
1766593629.5816371,1766593629.5432749,187.5,3.41796875,-58.59375,10.7421875,0.0,0,0
1766593629.581673,1766593629.5471737,-1000.0,-88.8671875,-110.83984375,-41.015625,0.0,0,0
1766593629.581713,1766593629.5510726,-909.1796875,-104.00390625,-48.33984375,-68.84765625,0.0,0,0
1766593629.58175,1766593629.5549715,282.2265625,-31.73828125,39.55078125,-34.66796875,0.0,0,0
1766593629.5817862,1766593629.5588703,-816.89453125,45.41015625,37.59765625,15.13671875,0.0,0,0
1766593629.6265879,1766593629.5628338,288.0859375,0.48828125,-58.10546875,5.859375,0.0,0,0
1766593629.6267111,1766593629.5667326,-993.65234375,-79.1015625,-128.90625,-45.8984375,0.0,0,0
1766593629.626766,1766593629.5706315,-1000.0,-113.76953125,-62.5,-64.94140625,0.0,0,0
1766593629.626818,1766593629.5745306,91.30859375,-101.5625,45.8984375,-42.48046875,0.0,0,0
1766593629.626869,1766593629.5784295,-833.49609375,2.44140625,54.6875,-9.27734375,0.0,0,0
1766593629.626919,1766593629.5823283,437.01171875,69.82421875,-30.2734375,-4.8828125,0.0,0,0
1766593629.6269681,1766593629.5862272,-857.91015625,-8.7890625,-118.65234375,-45.8984375,0.0,0,0
1766593629.627019,1766593629.590126,-1000.0,-112.79296875,-94.7265625,-77.63671875,0.0,0,0
1766593629.6270678,1766593629.594025,-58.59375,-63.96484375,5.859375,-54.6875,0.0,0,0
1766593629.627118,1766593629.597924,-867.1875,33.203125,55.6640625,-14.16015625,0.0,0,0
1766593629.627167,1766593629.6018229,594.23828125,27.34375,-8.30078125,8.30078125,0.0,0,0
1766593629.6272159,1766593629.6057217,-689.453125,-63.4765625,-109.86328125,-25.390625,0.0,0,0
1766593629.670353,1766593629.609679,-1000.0,-111.328125,-88.8671875,-80.078125,0.0,0,0
1766593629.670479,1766593629.6135778,-161.1328125,-42.48046875,12.20703125,-61.5234375,0.0,0,0
1766593629.670521,1766593629.6174767,-916.9921875,39.0625,56.15234375,-22.94921875,0.0,0,0
1766593629.6705952,1766593629.6213756,756.8359375,41.015625,3.41796875,-2.9296875,0.0,0,0
1766593629.67066,1766593629.6252744,-491.69921875,-40.52734375,-89.84375,-25.390625,0.0,0,0
1766593629.670702,1766593629.6291735,-1000.0,-95.21484375,-84.47265625,-75.68359375,0.0,0,0
1766593629.670739,1766593629.6330724,-256.8359375,-78.61328125,9.765625,-64.94140625,0.0,0,0
1766593629.6707761,1766593629.6369712,-983.3984375,-10.7421875,58.59375,-21.97265625,0.0,0,0
1766593629.6708128,1766593629.64087,901.85546875,42.96875,7.8125,-10.7421875,0.0,0,0
1766593629.670849,1766593629.644769,-279.78515625,-17.08984375,-86.42578125,-39.0625,0.0,0,0
1766593629.670885,1766593629.648668,-1000.0,-96.19140625,-103.02734375,-83.984375,0.0,0,0
1766593629.6709208,1766593629.652567,-369.62890625,-81.54296875,-24.90234375,-73.73046875,0.0,0,0
1766593629.730588,1766593629.656517,927.24609375,0.0,58.10546875,-32.2265625,0.0,0,0
1766593629.730747,1766593629.6604161,-985.83984375,43.9453125,18.06640625,-3.90625,0.0,0,0
1766593629.730804,1766593629.664315,-104.98046875,-1.953125,-88.8671875,-17.08984375,0.0,0,0
1766593629.730856,1766593629.6682138,-1000.0,-75.1953125,-106.4453125,-79.1015625,0.0,0,0
1766593629.730907,1766593629.6721127,-520.99609375,-71.77734375,-24.90234375,-89.84375,0.0,0,0
1766593629.730958,1766593629.6760118,778.3203125,12.6953125,63.4765625,-34.66796875,0.0,0,0
1766593629.731008,1766593629.6799107,-899.4140625,59.08203125,33.203125,1.953125,0.0,0,0
1766593629.731165,1766593629.6838095,19.04296875,-22.94921875,-82.51953125,-15.13671875,0.0,0,0
1766593629.73124,1766593629.6877084,-1000.0,-146.484375,-112.79296875,-42.96875,0.0,0,0
1766593629.731312,1766593629.6916072,-714.35546875,-129.8828125,-30.76171875,-56.15234375,0.0,0,0
1766593629.73137,1766593629.6955063,555.17578125,-21.97265625,60.05859375,-57.12890625,0.0,0,0
1766593629.73141,1766593629.6994052,-838.8671875,44.921875,41.9921875,-46.875,0.0,0,0
1766593629.776823,1766593629.703405,112.3046875,-12.6953125,-60.546875,-64.94140625,0.0,0,0
1766593629.776953,1766593629.7073038,-1000.0,-117.67578125,-104.98046875,-116.2109375,0.0,0,0
1766593629.777005,1766593629.7112026,-857.91015625,-107.421875,-44.43359375,-124.0234375,0.0,0,0
1766593629.7770581,1766593629.7151015,350.5859375,-37.59765625,40.0390625,-79.58984375,0.0,0,0
1766593629.777107,1766593629.7190006,-815.91796875,12.20703125,39.55078125,-47.36328125,0.0,0,0
1766593629.777159,1766593629.7228994,234.375,9.27734375,-43.9453125,-60.546875,0.0,0,0
1766593629.777209,1766593629.7267983,-1000.0,-33.203125,-103.02734375,-113.28125,0.0,0,0
1766593629.777257,1766593629.7306972,-987.79296875,-79.58984375,-74.21875,-133.30078125,0.0,0,0
1766593629.7773068,1766593629.7345963,148.92578125,-59.5703125,17.578125,-84.9609375,0.0,0,0
1766593629.7773561,1766593629.738495,-822.265625,12.20703125,36.62109375,-37.109375,0.0,0,0
1766593629.777406,1766593629.742394,361.328125,2.44140625,-43.45703125,-32.2265625,0.0,0,0
1766593629.777455,1766593629.7462928,-930.17578125,-79.1015625,-111.328125,-70.3125,0.0,0,0
1766593629.820672,1766593629.7502851,-1000.0,-115.234375,-88.8671875,-99.12109375,0.0,0,0
1766593629.820821,1766593629.754184,-10.7421875,-71.77734375,16.11328125,-66.40625,0.0,0,0
1766593629.820878,1766593629.7580829,-850.09765625,19.04296875,60.05859375,-4.8828125,0.0,0,0
1766593629.8209321,1766593629.761982,514.6484375,26.85546875,-17.08984375,8.7890625,0.0,0,0
1766593629.8210618,1766593629.7658808,-779.296875,-73.73046875,-103.515625,-38.0859375,0.0,0,0
1766593629.821147,1766593629.7697797,-1000.0,-95.703125,-84.9609375,-86.42578125,0.0,0,0
1766593629.821245,1766593629.7736785,-113.28125,-3.41796875,18.06640625,-55.6640625,0.0,0,0
1766593629.821301,1766593629.7775776,-885.7421875,66.40625,52.24609375,3.41796875,0.0,0,0
1766593629.821339,1766593629.7814765,656.25,3.90625,-27.83203125,-0.9765625,0.0,0,0
1766593629.821377,1766593629.7853754,-615.234375,-82.03125,-101.07421875,-32.71484375,0.0,0,0
1766593629.821413,1766593629.7892745,-1000.0,-108.3984375,-92.28515625,-58.59375,0.0,0,0
1766593629.821449,1766593629.7931733,-210.9375,-94.7265625,0.48828125,-47.36328125,0.0,0,0
1766593629.866443,1766593629.7971632,-951.66015625,-5.37109375,48.33984375,-10.25390625,0.0,0,0
1766593629.8665862,1766593629.8010623,840.33203125,28.80859375,4.39453125,18.06640625,0.0,0,0
1766593629.8666282,1766593629.8049612,-375.0,-38.57421875,-70.80078125,5.37109375,0.0,0,0
1766593629.866666,1766593629.80886,-1000.0,-104.4921875,-90.8203125,-48.828125,0.0,0,0
1766593629.866703,1766593629.8127592,-307.12890625,-80.56640625,-6.34765625,-53.7109375,0.0,0,0
1766593629.867071,1766593629.816658,973.6328125,13.18359375,69.3359375,1.953125,0.0,0,0
1766593629.8671129,1766593629.8205569,973.14453125,54.6875,22.94921875,23.92578125,0.0,0,0
1766593629.86715,1766593629.824456,-165.0390625,-16.11328125,-80.078125,-2.9296875,0.0,0,0
1766593629.867188,1766593629.8283548,-1000.0,-130.37109375,-99.12109375,-47.8515625,0.0,0,0
1766593629.867224,1766593629.8322537,-442.3828125,-136.23046875,-14.16015625,-53.22265625,0.0,0,0
1766593629.867262,1766593629.8361528,858.3984375,1.953125,62.5,-16.6015625,0.0,0,0
1766593629.8672981,1766593629.8400517,-933.59375,71.2890625,30.76171875,17.08984375,0.0,0,0
1766593629.911443,1766593629.844033,-20.99609375,16.6015625,-62.98828125,8.30078125,0.0,0,0
1766593629.911577,1766593629.8479319,-1000.0,-83.984375,-105.95703125,-47.36328125,0.0,0,0
1766593629.9116192,1766593629.851831,-604.00390625,-93.75,-37.59765625,-66.40625,0.0,0,0
1766593629.911659,1766593629.8557298,687.98828125,-3.90625,51.26953125,-16.6015625,0.0,0,0
1766593629.911696,1766593629.8596287,-863.28125,35.64453125,41.50390625,25.87890625,0.0,0,0
1766593629.911733,1766593629.8635278,86.9140625,-19.04296875,-49.8046875,-1.953125,0.0,0,0
1766593629.91177,1766593629.8674266,-1000.0,-69.3359375,-82.03125,-39.55078125,0.0,0,0
1766593629.911805,1766593629.8713255,-786.62109375,-90.8203125,-30.2734375,-46.875,0.0,0,0
1766593629.911842,1766593629.8752246,460.44921875,-64.94140625,33.69140625,-23.92578125,0.0,0,0
1766593629.9118779,1766593629.8791234,-823.73046875,28.80859375,39.55078125,12.20703125,0.0,0,0
1766593629.911915,1766593629.8830225,187.01171875,13.671875,-46.875,4.8828125,0.0,0,0
1766593629.911951,1766593629.8869214,-1000.0,-80.56640625,-101.5625,-30.2734375,0.0,0,0
1766593629.95488,1766593629.8908927,-923.33984375,-101.07421875,-41.50390625,-53.7109375,0.0,0,0
1766593629.954943,1766593629.8947918,257.8125,-39.55078125,52.24609375,-33.69140625,0.0,0,0
1766593629.954968,1766593629.8986907,-816.40625,27.83203125,57.6171875,14.16015625,0.0,0,0
1766593629.954992,1766593629.9025896,298.828125,22.94921875,-27.34375,13.18359375,0.0,0,0
1766593629.955015,1766593629.9064887,-986.328125,-61.5234375,-110.83984375,-27.34375,0.0,0,0
1766593629.955038,1766593629.9103875,-1000.0,-101.5625,-62.98828125,-44.921875,0.0,0,0
1766593629.955062,1766593629.9142866,77.63671875,-21.97265625,37.109375,-27.83203125,0.0,0,0
1766593629.955086,1766593629.9181855,-830.078125,-2.44140625,49.8046875,6.8359375,0.0,0,0
1766593629.9551091,1766593629.9220843,419.43359375,-37.109375,-34.66796875,12.6953125,0.0,0,0
1766593629.955133,1766593629.9259834,-876.46484375,-70.80078125,-98.6328125,-39.0625,0.0,0,0
1766593629.9551558,1766593629.9298823,-1000.0,-108.88671875,-73.2421875,-79.1015625,0.0,0,0
1766593629.955179,1766593629.9337814,-69.3359375,-50.29296875,6.8359375,-55.17578125,0.0,0,0
1766593630.001169,1766593629.9377477,-868.1640625,42.96875,48.828125,-9.765625,0.0,0,0
1766593630.0012648,1766593629.9416468,596.19140625,46.875,-21.484375,8.30078125,0.0,0,0
1766593630.001309,1766593629.9455457,-687.98828125,-44.921875,-103.02734375,-28.80859375,0.0,0,0
1766593630.0013492,1766593629.9494445,-1000.0,-104.4921875,-83.49609375,-73.2421875,0.0,0,0
1766593630.0013871,1766593629.9533436,-165.52734375,-66.40625,8.7890625,-56.640625,0.0,0,0
1766593630.0014248,1766593629.9572425,-920.8984375,32.2265625,62.98828125,-11.71875,0.0,0,0
1766593630.001462,1766593629.9611416,773.92578125,60.05859375,-0.9765625,5.37109375,0.0,0,0
1766593630.0015008,1766593629.9650404,-469.7265625,-49.31640625,-101.5625,-32.2265625,0.0,0,0
1766593630.001538,1766593629.9689395,-1000.0,-136.23046875,-100.5859375,-72.265625,0.0,0,0
1766593630.0015738,1766593629.9728384,-263.671875,-101.07421875,-2.44140625,-62.98828125,0.0,0,0
1766593630.0016341,1766593629.9767375,-984.86328125,6.8359375,60.546875,-26.85546875,0.0,0,0
1766593630.001676,1766593629.9806364,901.3671875,49.31640625,3.90625,-7.32421875,0.0,0,0
1766593630.061742,1766593629.984596,-284.1796875,-30.76171875,-83.0078125,-47.8515625,0.0,0,0
1766593630.061863,1766593629.9884949,-1000.0,-120.1171875,-90.8203125,-71.77734375,0.0,0,0
1766593630.06192,1766593629.992394,-363.28125,-91.796875,-20.01953125,-33.203125,0.0,0,0
1766593630.061973,1766593629.9962928,931.640625,10.7421875,64.453125,-17.578125,0.0,0,0
1766593630.062025,1766593630.0001917,-989.74609375,52.24609375,45.41015625,-19.53125,0.0,0,0
1766593630.0620759,1766593630.0040908,-111.81640625,0.48828125,-54.6875,-52.734375,0.0,0,0
1766593630.0621262,1766593630.0079896,-1000.0,-112.3046875,-109.375,-72.265625,0.0,0,0
1766593630.062175,1766593630.0118887,-537.109375,-125.48828125,-23.4375,-78.125,0.0,0,0
1766593630.0622249,1766593630.0157876,762.6953125,-18.06640625,72.75390625,-46.38671875,0.0,0,0
1766593630.0622761,1766593630.0196867,-895.01953125,41.015625,77.63671875,-27.34375,0.0,0,0
1766593630.062326,1766593630.0235856,22.4609375,-11.23046875,-32.71484375,-52.24609375,0.0,0,0
1766593630.062376,1766593630.0274847,-1000.0,-104.98046875,-110.83984375,-61.03515625,0.0,0,0
1766593630.1060622,1766593630.0314367,-664.55078125,-104.98046875,-18.5546875,-110.3515625,0.0,0,0
1766593630.1061702,1766593630.0353358,613.76953125,-36.62109375,63.4765625,-97.16796875,0.0,0,0
1766593630.106231,1766593630.0392346,-844.23828125,15.13671875,71.77734375,-35.15625,0.0,0,0
1766593630.106285,1766593630.0431337,134.27734375,2.9296875,-12.20703125,-24.4140625,0.0,0,0
1766593630.106337,1766593630.0470326,-1000.0,-86.42578125,-95.703125,-75.68359375,0.0,0,0
1766593630.1063879,1766593630.0509317,-858.88671875,-107.421875,5.37109375,-139.16015625,0.0,0,0
1766593630.1064398,1766593630.0548306,361.328125,-19.04296875,111.81640625,-153.3203125,0.0,0,0
1766593630.106483,1766593630.0587296,-814.453125,31.73828125,75.68359375,-109.86328125,0.0,0,0
1766593630.1065211,1766593630.0626285,247.55859375,6.8359375,-77.1484375,29.296875,0.0,0,0
1766593630.106557,1766593630.0665276,-1000.0,-69.3359375,-134.27734375,-19.04296875,0.0,0,0
1766593630.106594,1766593630.0704265,-971.6796875,-125.9765625,-53.7109375,-155.2734375,0.0,0,0
1766593630.1066308,1766593630.0743256,191.40625,-71.2890625,18.5546875,-60.05859375,0.0,0,0
1766593630.1669052,1766593630.0783825,-823.2421875,23.92578125,89.84375,-89.84375,0.0,0,0
1766593630.167049,1766593630.0822814,362.79296875,7.32421875,-17.578125,-80.078125,0.0,0,0
1766593630.167104,1766593630.0861804,-927.734375,-64.94140625,-162.109375,58.59375,0.0,0,0
1766593630.167157,1766593630.0900793,-1000.0,-82.03125,-120.1171875,14.6484375,0.0,0,0
1766593630.167208,1766593630.0939784,14.6484375,-53.22265625,-13.671875,-18.5546875,0.0,0,0
1766593630.167259,1766593630.0978775,-859.375,5.859375,185.05859375,-273.4375,0.0,0,0
1766593630.167308,1766593630.1017764,562.01171875,33.69140625,67.87109375,-281.25,0.0,0,0
1766593630.167358,1766593630.1056755,-715.33203125,-35.64453125,-199.21875,153.80859375,0.0,0,0
1766593630.167409,1766593630.1095743,-1000.0,-130.859375,-37.59765625,-116.69921875,0.0,0,0
1766593630.167458,1766593630.1134734,-154.296875,-117.67578125,187.01171875,-480.46875,0.0,0,0
1766593630.1675131,1766593630.1173723,-896.484375,17.08984375,103.02734375,-156.73828125,0.0,0,0
1766593630.167563,1766593630.1212714,691.89453125,72.265625,-89.35546875,220.703125,0.0,0,0
1766593630.19649,1766593630.1252656,-583.49609375,-15.625,-168.9453125,110.83984375,0.0,0,0
1766593630.196596,1766593630.1291645,-1000.0,-100.5859375,-140.13671875,-5.859375,0.0,0,0
1766593630.1966531,1766593630.1330636,-195.3125,-65.91796875,1.46484375,16.6015625,0.0,0,0
1766593630.196704,1766593630.1369627,-948.2421875,45.8984375,35.64453125,131.34765625,0.0,0,0
1766593630.196756,1766593630.1408615,847.65625,64.453125,-26.3671875,165.0390625,0.0,0,0
1766593630.1968052,1766593630.1447606,-357.91015625,-16.11328125,-118.1640625,85.9375,0.0,0,0
1766593630.196856,1766593630.1486595,-1000.0,-108.88671875,-115.72265625,12.20703125,0.0,0,0
1766593630.196907,1766593630.1525586,-292.48046875,-104.00390625,-6.34765625,-5.37109375,0.0,0,0
1766593630.196958,1766593630.1564577,980.95703125,-4.39453125,50.29296875,67.87109375,0.0,0,0
1766593630.1970072,1766593630.1603565,976.5625,42.48046875,-5.859375,110.83984375,0.0,0,0
1766593630.197475,1766593630.1642556,-153.3203125,-33.69140625,-109.375,72.265625,0.0,0,0
1766593630.19753,1766593630.1681545,-1000.0,-117.67578125,-118.65234375,-2.9296875,0.0,0,0
1766593630.2419999,1766593630.1721437,-413.57421875,-85.9375,-26.3671875,-5.37109375,0.0,0,0
1766593630.242101,1766593630.1760428,877.9296875,-31.25,45.8984375,26.85546875,0.0,0,0
1766593630.2421381,1766593630.179942,-929.19921875,17.578125,20.5078125,48.828125,0.0,0,0
1766593630.2421749,1766593630.1838408,7.8125,7.8125,-81.54296875,48.828125,0.0,0,0
1766593630.242212,1766593630.1877398,-1000.0,-83.49609375,-127.44140625,7.8125,0.0,0,0
1766593630.242249,1766593630.191639,-573.2421875,-72.75390625,-45.41015625,-13.671875,0.0,0,0
1766593630.242286,1766593630.1955378,722.65625,37.59765625,53.7109375,19.04296875,0.0,0,0
1766593630.242322,1766593630.199437,-871.09375,77.1484375,25.390625,50.78125,0.0,0,0
1766593630.24236,1766593630.2033358,86.42578125,-10.7421875,-94.23828125,27.83203125,0.0,0,0
1766593630.2423968,1766593630.2072349,-1000.0,-99.12109375,-135.25390625,-23.92578125,0.0,0,0
1766593630.242433,1766593630.211134,-771.484375,-113.76953125,-59.5703125,-57.12890625,0.0,0,0
1766593630.242469,1766593630.2150328,483.3984375,-41.015625,40.0390625,-18.5546875,0.0,0,0
1766593630.2857878,1766593630.2190092,-825.68359375,56.640625,44.43359375,34.66796875,0.0,0,0
1766593630.2859251,1766593630.2229083,187.98828125,19.53125,-50.78125,38.0859375,0.0,0,0
1766593630.285984,1766593630.226807,-1000.0,-94.23828125,-106.4453125,2.9296875,0.0,0,0
1766593630.286035,1766593630.2307062,-896.484375,-111.328125,-48.828125,-14.16015625,0.0,0,0
1766593630.2860851,1766593630.2346053,302.734375,-23.92578125,71.2890625,-37.59765625,0.0,0,0
1766593630.286135,1766593630.2385042,-819.82421875,62.5,75.68359375,-14.6484375,0.0,0,0
1766593630.2861838,1766593630.2424033,307.6171875,64.453125,-32.71484375,22.4609375,0.0,0,0
1766593630.2862349,1766593630.2463024,-982.421875,-55.6640625,-112.79296875,-9.27734375,0.0,0,0
1766593630.286289,1766593630.2502012,-1000.0,-155.2734375,-74.70703125,-27.83203125,0.0,0,0
1766593630.286339,1766593630.2541003,103.02734375,-75.1953125,44.43359375,-31.73828125,0.0,0,0
1766593630.28641,1766593630.2579994,-833.0078125,31.73828125,41.50390625,12.20703125,0.0,0,0
1766593630.286465,1766593630.2618983,432.6171875,4.39453125,-50.78125,23.92578125,0.0,0,0
1766593630.3342621,1766593630.265871,-861.328125,-93.26171875,-113.28125,-27.34375,0.0,0,0
1766593630.334416,1766593630.2697701,-1000.0,-138.18359375,-90.8203125,-54.6875,0.0,0,0
1766593630.334473,1766593630.273669,-47.36328125,-70.3125,12.6953125,-33.69140625,0.0,0,0
1766593630.334524,1766593630.277568,-867.1875,25.87890625,60.546875,16.11328125,0.0,0,0
1766593630.3345752,1766593630.2814672,594.7265625,40.0390625,-18.5546875,36.62109375,0.0,0,0
1766593630.334625,1766593630.285366,-687.98828125,-17.08984375,-107.91015625,-9.27734375,0.0,0,0
1766593630.334687,1766593630.2892652,-1000.0,-88.8671875,-95.21484375,-54.19921875,0.0,0,0
1766593630.33474,1766593630.2931643,-151.3671875,-74.21875,7.8125,-42.48046875,0.0,0,0
1766593630.334788,1766593630.297063,-917.96875,12.20703125,64.94140625,0.0,0.0,0,0
1766593630.334836,1766593630.3009622,769.53125,36.62109375,4.8828125,20.01953125,0.0,0,0
1766593630.3348842,1766593630.3048613,-472.16796875,-28.80859375,-89.35546875,-21.484375,0.0,0,0
1766593630.3349519,1766593630.3087604,-1000.0,-96.6796875,-100.5859375,-74.70703125,0.0,0,0
1766593630.375104,1766593630.3127253,-246.09375,-56.15234375,-10.7421875,-69.82421875,0.0,0,0
1766593630.375204,1766593630.3166244,-981.4453125,28.80859375,55.6640625,-21.97265625,0.0,0,0
1766593630.375233,1766593630.3205233,906.25,55.6640625,4.8828125,-1.46484375,0.0,0,0
1766593630.3753211,1766593630.3244224,-267.08984375,-13.671875,-91.796875,-27.34375,0.0,0,0
1766593630.375357,1766593630.3283215,-1000.0,-104.4921875,-103.515625,-61.03515625,0.0,0,0
1766593630.375381,1766593630.3322203,-351.5625,-64.453125,-2.44140625,-63.96484375,0.0,0,0
1766593630.3754518,1766593630.3361194,941.40625,45.8984375,61.03515625,-39.55078125,0.0,0,0
1766593630.3754802,1766593630.3400185,-991.69921875,50.29296875,-4.39453125,-34.1796875,0.0,0,0
1766593630.375505,1766593630.3439176,-107.91015625,-20.5078125,-106.4453125,-60.05859375,0.0,0,0
1766593630.3755488,1766593630.3478165,-1000.0,-91.30859375,-121.09375,-82.51953125,0.0,0,0
1766593630.375576,1766593630.3517156,-498.53515625,-85.44921875,-35.15625,-79.1015625,0.0,0,0
1766593630.3756201,1766593630.3556147,795.41015625,0.0,51.7578125,-41.015625,0.0,0,0
1766593630.4218838,1766593630.3595707,-896.97265625,65.4296875,34.1796875,5.37109375,0.0,0,0
1766593630.4224079,1766593630.3634698,43.9453125,20.01953125,-68.84765625,-3.90625,0.0,0,0
1766593630.4224598,1766593630.3673687,-1000.0,-79.58984375,-108.88671875,-61.5234375,0.0,0,0
1766593630.422487,1766593630.3712678,-671.875,-83.0078125,-32.71484375,-67.3828125,0.0,0,0
1766593630.422512,1766593630.375167,604.98046875,-6.8359375,43.45703125,-21.97265625,0.0,0,0
1766593630.422536,1766593630.379066,-845.21484375,52.24609375,42.96875,2.44140625,0.0,0,0
1766593630.42256,1766593630.3829648,128.41796875,-4.8828125,-60.546875,-16.11328125,0.0,0,0
1766593630.422584,1766593630.386864,-1000.0,-95.21484375,-128.41796875,-58.59375,0.0,0,0
1766593630.422608,1766593630.390763,-840.8203125,-87.890625,-53.7109375,-75.68359375,0.0,0,0
1766593630.422632,1766593630.3946621,384.27734375,-18.5546875,54.6875,-33.203125,0.0,0,0
1766593630.422678,1766593630.3985612,-817.3828125,62.5,62.5,5.859375,0.0,0,0
1766593630.422716,1766593630.40246,241.69921875,23.4375,-43.45703125,-9.27734375,0.0,0,0
1766593630.480257,1766593630.40641,-1000.0,-77.1484375,-124.51171875,-57.6171875,0.0,0,0
1766593630.4803672,1766593630.4103088,-971.6796875,-100.09765625,-72.265625,-70.80078125,0.0,0,0
1766593630.480396,1766593630.414208,185.546875,-37.59765625,36.1328125,-28.80859375,0.0,0,0
1766593630.480423,1766593630.418107,-821.77734375,43.9453125,61.5234375,17.578125,0.0,0,0
1766593630.480447,1766593630.4220061,350.5859375,31.73828125,-15.13671875,12.6953125,0.0,0,0
1766593630.4804711,1766593630.425905,-938.4765625,-58.59375,-96.19140625,-45.8984375,0.0,0,0
1766593630.4804952,1766593630.429804,-1000.0,-108.3984375,-73.2421875,-85.9375,0.0,0,0
1766593630.4805171,1766593630.4337032,6.8359375,-37.59765625,11.23046875,-58.10546875,0.0,0,0
1766593630.48056,1766593630.4376023,-850.5859375,23.92578125,35.64453125,-3.41796875,0.0,0,0
1766593630.480597,1766593630.4415014,516.11328125,2.9296875,-26.85546875,2.9296875,0.0,0,0
1766593630.480621,1766593630.4454002,-775.87890625,-66.89453125,-104.00390625,-43.45703125,0.0,0,0
1766593630.4806452,1766593630.4492993,-1000.0,-117.1875,-84.47265625,-83.49609375,0.0,0,0
1766593630.526123,1766593630.4532974,-108.88671875,-64.94140625,17.08984375,-58.10546875,0.0,0,0
1766593630.526266,1766593630.4571965,-890.13671875,31.25,64.94140625,0.9765625,0.0,0,0
1766593630.526309,1766593630.4610956,675.29296875,45.41015625,-7.8125,2.9296875,0.0,0,0
1766593630.526357,1766593630.4649944,-593.75,-31.73828125,-106.93359375,-52.24609375,0.0,0,0
1766593630.5263958,1766593630.4688935,-1000.0,-103.515625,-100.09765625,-87.890625,0.0,0,0
1766593630.526434,1766593630.4727926,-194.82421875,-62.98828125,0.0,-65.4296875,0.0,0,0
1766593630.5264692,1766593630.4766917,-943.84765625,38.0859375,40.52734375,-15.625,0.0,0,0
1766593630.526507,1766593630.4805908,828.125,47.36328125,-20.5078125,-0.9765625,0.0,0,0
1766593630.5265431,1766593630.48449,-387.20703125,-33.203125,-99.609375,-32.71484375,0.0,0,0
1766593630.526579,1766593630.4883888,-1000.0,-114.74609375,-112.79296875,-72.265625,0.0,0,0
1766593630.526628,1766593630.4922879,-308.59375,-101.07421875,-24.4140625,-66.89453125,0.0,0,0
1766593630.526674,1766593630.496187,976.5625,2.9296875,50.78125,-19.04296875,0.0,0,0
1766593630.57057,1766593630.5001774,962.890625,41.015625,11.23046875,5.37109375,0.0,0,0
1766593630.570698,1766593630.5040765,-183.10546875,-26.85546875,-79.58984375,-15.13671875,0.0,0,0
1766593630.5707572,1766593630.5079756,-1000.0,-91.796875,-99.12109375,-51.26953125,0.0,0,0
1766593630.5711622,1766593630.5118747,-429.19921875,-73.73046875,-17.578125,-62.5,0.0,0,0
1766593630.5712051,1766593630.5157738,869.140625,5.37109375,57.6171875,-24.90234375,0.0,0,0
1766593630.571243,1766593630.5196726,-938.96484375,57.12890625,30.2734375,20.99609375,0.0,0,0
1766593630.571281,1766593630.5235717,-23.4375,22.4609375,-72.265625,5.859375,0.0,0,0
1766593630.571316,1766593630.5274708,-1000.0,-66.40625,-122.0703125,-50.29296875,0.0,0,0
1766593630.5713658,1766593630.53137,-591.796875,-103.515625,-47.36328125,-74.70703125,0.0,0,0
1766593630.571402,1766593630.535269,699.21875,-34.1796875,41.9921875,-37.59765625,0.0,0,0
1766593630.571456,1766593630.5391681,-866.69921875,36.62109375,24.4140625,12.6953125,0.0,0,0
1766593630.571491,1766593630.5430672,88.8671875,1.46484375,-61.03515625,-4.8828125,0.0,0,0
1766593630.6166332,1766593630.54705,-1000.0,-69.3359375,-86.42578125,-33.69140625,0.0,0,0
1766593630.6167428,1766593630.550949,-759.765625,-88.37890625,-38.0859375,-32.2265625,0.0,0,0
1766593630.616802,1766593630.554848,497.0703125,-9.765625,45.8984375,-8.30078125,0.0,0,0
1766593630.6168551,1766593630.558747,-827.63671875,75.68359375,58.10546875,22.4609375,0.0,0,0
1766593630.6169071,1766593630.5626462,182.12890625,25.87890625,-48.828125,5.37109375,0.0,0,0
1766593630.61696,1766593630.5665452,-1000.0,-66.40625,-101.07421875,-39.55078125,0.0,0,0
1766593630.6170099,1766593630.5704443,-913.57421875,-90.8203125,-48.828125,-54.6875,0.0,0,0
1766593630.6170602,1766593630.5743434,271.97265625,-41.50390625,38.57421875,-29.78515625,0.0,0,0
1766593630.6171122,1766593630.5782425,-818.359375,-0.9765625,45.41015625,6.8359375,0.0,0,0
1766593630.6171489,1766593630.5821416,307.12890625,-27.83203125,-41.50390625,12.6953125,0.0,0,0
1766593630.617186,1766593630.5860407,-983.3984375,-89.84375,-105.46875,-29.78515625,0.0,0,0
1766593630.617223,1766593630.5899398,-1000.0,-119.62890625,-75.1953125,-63.96484375,0.0,0,0
1766593630.660558,1766593630.5939162,98.14453125,-38.0859375,26.85546875,-46.875,0.0,0,0
1766593630.660744,1766593630.5978153,-833.984375,38.57421875,60.05859375,0.9765625,0.0,0,0
1766593630.660816,1766593630.6017144,429.6875,22.4609375,-20.99609375,20.5078125,0.0,0,0
1766593630.660875,1766593630.6056135,-865.234375,-51.26953125,-108.3984375,-21.97265625,0.0,0,0
1766593630.6609228,1766593630.6095126,-1000.0,-91.30859375,-86.9140625,-73.2421875,0.0,0,0
1766593630.660959,1766593630.6134117,-49.31640625,-28.80859375,34.1796875,-55.17578125,0.0,0,0
1766593630.661056,1766593630.6173108,-861.81640625,75.1953125,77.63671875,6.34765625,0.0,0,0
1766593630.661103,1766593630.6212099,569.3359375,47.8515625,-17.08984375,26.85546875,0.0,0,0
1766593630.66114,1766593630.625109,-716.30859375,-72.265625,-109.375,-20.5078125,0.0,0,0
1766593630.6611772,1766593630.629008,-1000.0,-108.88671875,-86.42578125,-62.5,0.0,0,0
1766593630.661213,1766593630.6329072,-152.83203125,-58.10546875,13.18359375,-44.43359375,0.0,0,0
1766593630.66125,1766593630.6368062,-916.50390625,19.04296875,63.4765625,0.9765625,0.0,0,0
1766593630.705964,1766593630.6407769,757.32421875,36.62109375,6.34765625,17.578125,0.0,0,0
1766593630.706103,1766593630.644676,-485.3515625,-33.69140625,-88.37890625,-8.7890625,0.0,0,0
1766593630.706146,1766593630.648575,-1000.0,-95.703125,-92.7734375,-46.875,0.0,0,0
1766593630.7061849,1766593630.6524742,-250.48828125,-71.77734375,-4.39453125,-47.36328125,0.0,0,0
1766593630.706225,1766593630.6563733,-982.91015625,-3.41796875,55.6640625,-9.27734375,0.0,0,0
1766593630.706262,1766593630.6602721,907.2265625,26.3671875,9.765625,13.671875,0.0,0,0
1766593630.706298,1766593630.6641712,-267.08984375,-9.27734375,-95.21484375,-2.9296875,0.0,0,0
1766593630.7063339,1766593630.6680703,-1000.0,-110.3515625,-114.2578125,-42.48046875,0.0,0,0
1766593630.706391,1766593630.6719694,-385.25390625,-122.55859375,-25.87890625,-51.7578125,0.0,0,0
1766593630.7064269,1766593630.6758685,913.57421875,-10.25390625,50.29296875,-4.39453125,0.0,0,0
1766593630.7064629,1766593630.6797676,-979.4921875,37.59765625,12.6953125,14.6484375,0.0,0,0
1766593630.706518,1766593630.6836667,-94.7265625,-22.4609375,-77.1484375,-17.578125,0.0,0,0
1766593630.766651,1766593630.6876836,-1000.0,-102.05078125,-117.67578125,-49.8046875,0.0,0,0
1766593630.766776,1766593630.6915827,-507.32421875,-89.84375,-48.828125,-58.10546875,0.0,0,0
1766593630.766835,1766593630.6954818,791.50390625,-0.48828125,52.734375,-20.01953125,0.0,0,0
1766593630.766891,1766593630.6993809,-898.92578125,53.22265625,38.57421875,23.92578125,0.0,0,0
1766593630.766944,1766593630.70328,33.203125,4.39453125,-57.12890625,15.625,0.0,0,0
1766593630.766996,1766593630.707179,-1000.0,-65.4296875,-92.7734375,-37.109375,0.0,0,0
1766593630.767056,1766593630.7110782,-665.52734375,-55.17578125,-23.92578125,-62.01171875,0.0,0,0
1766593630.767106,1766593630.7149773,608.3984375,-20.5078125,52.734375,-22.4609375,0.0,0,0
1766593630.767175,1766593630.7188764,-843.75,20.01953125,43.45703125,20.99609375,0.0,0,0
1766593630.767225,1766593630.7227755,154.296875,16.11328125,-50.29296875,14.16015625,0.0,0,0
1766593630.7672782,1766593630.7266746,-1000.0,-61.03515625,-122.0703125,-37.59765625,0.0,0,0
1766593630.767327,1766593630.7305737,-833.49609375,-96.19140625,-62.01171875,-67.87109375,0.0,0,0
1766593630.796294,1766593630.734533,399.4140625,-36.1328125,33.69140625,-32.71484375,0.0,0,0
1766593630.7963982,1766593630.7384322,-819.82421875,39.55078125,43.45703125,3.41796875,0.0,0,0
1766593630.796441,1766593630.7423313,241.69921875,30.2734375,-43.9453125,-5.859375,0.0,0,0
1766593630.79648,1766593630.7462304,-1000.0,-57.12890625,-106.4453125,-60.546875,0.0,0,0
1766593630.7965171,1766593630.7501295,-971.19140625,-112.79296875,-48.33984375,-96.6796875,0.0,0,0
1766593630.796563,1766593630.7540286,188.96484375,-23.92578125,47.36328125,-36.1328125,0.0,0,0
1766593630.796602,1766593630.7579277,-821.2890625,79.58984375,64.94140625,30.76171875,0.0,0,0
1766593630.796639,1766593630.7618268,354.00390625,34.1796875,-26.85546875,5.37109375,0.0,0,0
1766593630.7966862,1766593630.7657259,-934.08203125,-62.01171875,-101.07421875,-54.19921875,0.0,0,0
1766593630.796724,1766593630.7696252,-1000.0,-119.140625,-44.921875,-83.984375,0.0,0,0
1766593630.79676,1766593630.7735243,-0.48828125,-76.66015625,42.48046875,-49.31640625,0.0,0,0
1766593630.7967958,1766593630.7774234,-854.00390625,25.390625,77.63671875,-24.90234375,0.0,0,0
1766593630.8550599,1766593630.7813716,539.55078125,47.36328125,-6.34765625,-4.8828125,0.0,0,0
1766593630.855221,1766593630.7852707,-755.37109375,-57.6171875,-110.3515625,-24.90234375,0.0,0,0
1766593630.855278,1766593630.7891698,-1000.0,-123.046875,-64.94140625,-87.40234375,0.0,0,0
1766593630.855329,1766593630.793069,-102.05078125,-56.15234375,25.390625,-48.33984375,0.0,0,0
1766593630.855381,1766593630.796968,-886.71875,34.66796875,47.36328125,5.859375,0.0,0,0
1766593630.8554308,1766593630.800867,663.57421875,50.29296875,-19.53125,20.99609375,0.0,0,0
1766593630.855482,1766593630.8047662,-602.5390625,-33.69140625,-91.30859375,-19.04296875,0.0,0,0
1766593630.855532,1766593630.8086653,-1000.0,-108.88671875,-82.51953125,-101.5625,0.0,0,0
1766593630.855597,1766593630.8125644,-216.30859375,-65.91796875,-14.16015625,-71.77734375,0.0,0,0
1766593630.85565,1766593630.8164635,-952.63671875,9.765625,62.5,-12.20703125,0.0,0,0
1766593630.8557189,1766593630.8203626,842.28515625,37.109375,18.5546875,-7.32421875,0.0,0,0
1766593630.855767,1766593630.8242617,-373.046875,-27.83203125,-79.58984375,-22.4609375,0.0,0,0
1766593630.901682,1766593630.8282592,-1000.0,-119.140625,-90.8203125,-60.546875,0.0,0,0
1766593630.901848,1766593630.8321583,-311.03515625,-78.125,6.8359375,-66.40625,0.0,0,0
1766593630.9019039,1766593630.8360574,972.16796875,24.4140625,77.63671875,-15.625,0.0,0,0
1766593630.901956,1766593630.8399565,970.21484375,78.61328125,20.01953125,42.96875,0.0,0,0
1766593630.902008,1766593630.8438556,-170.41015625,2.9296875,-98.14453125,1.953125,0.0,0,0
1766593630.902058,1766593630.847755,-1000.0,-101.5625,-123.53515625,-42.48046875,0.0,0,0
1766593630.902108,1766593630.851654,-434.08203125,-84.9609375,-21.97265625,-37.109375,0.0,0,0
1766593630.902512,1766593630.8555532,865.72265625,1.46484375,69.82421875,-15.625,0.0,0,0
1766593630.9025521,1766593630.8594522,-938.4765625,49.31640625,20.01953125,35.64453125,0.0,0,0
1766593630.90259,1766593630.8633513,-28.3203125,-11.23046875,-83.984375,49.8046875,0.0,0,0
1766593630.902627,1766593630.8672504,-1000.0,-100.5859375,-104.4921875,-36.62109375,0.0,0,0
1766593630.9026618,1766593630.8711495,-584.9609375,-87.890625,-42.48046875,-44.43359375,0.0,0,0
1766593630.945604,1766593630.8751392,703.125,-11.71875,43.45703125,29.296875,0.0,0,0
1766593630.945749,1766593630.8790383,-867.67578125,39.55078125,27.34375,62.01171875,0.0,0,0
1766593630.945806,1766593630.8829377,89.84375,-2.9296875,-65.91796875,4.39453125,0.0,0,0
1766593630.945858,1766593630.8868368,-1000.0,-101.5625,-120.60546875,-59.5703125,0.0,0,0
1766593630.945915,1766593630.8907359,-743.1640625,-100.5859375,-49.8046875,-29.78515625,0.0,0,0
1766593630.945965,1766593630.894635,516.11328125,4.39453125,64.94140625,1.46484375,0.0,0,0
1766593630.946002,1766593630.898534,-830.56640625,67.87109375,48.828125,20.01953125,0.0,0,0
1766593630.946039,1766593630.9024332,191.89453125,26.3671875,-42.96875,2.9296875,0.0,0,0
1766593630.946075,1766593630.9063323,-1000.0,-92.7734375,-114.2578125,-63.96484375,0.0,0,0
1766593630.94612,1766593630.9102316,-902.34375,-144.04296875,-71.77734375,-69.82421875,0.0,0,0
1766593630.946174,1766593630.9141307,294.43359375,-53.7109375,30.76171875,-6.34765625,0.0,0,0
1766593630.946223,1766593630.9180298,-818.84765625,33.203125,52.734375,14.6484375,0.0,0,0
1766593630.990742,1766593630.922013,298.828125,13.671875,-30.76171875,-7.8125,0.0,0,0
1766593630.990869,1766593630.9259121,-986.81640625,-74.70703125,-115.72265625,-42.96875,0.0,0,0
1766593630.990912,1766593630.9298112,-1000.0,-113.76953125,-81.54296875,-65.91796875,0.0,0,0
1766593630.9909508,1766593630.9337103,96.6796875,-55.17578125,11.23046875,-32.2265625,0.0,0,0
1766593630.9909902,1766593630.9376094,-837.890625,24.90234375,38.57421875,12.20703125,0.0,0,0
1766593630.991062,1766593630.9415088,454.1015625,43.45703125,-34.1796875,12.6953125,0.0,0,0
1766593630.9910989,1766593630.9454079,-844.23828125,-20.01953125,-124.51171875,-29.296875,0.0,0,0
1766593630.991136,1766593630.949307,-1000.0,-88.8671875,-102.5390625,-62.98828125,0.0,0,0
1766593630.991173,1766593630.953206,-46.38671875,-82.03125,10.7421875,-44.921875,0.0,0,0
1766593630.991209,1766593630.9571052,-867.67578125,15.13671875,53.22265625,7.32421875,0.0,0,0
1766593630.991245,1766593630.9610043,590.33203125,54.19921875,-23.92578125,14.6484375,0.0,0,0
1766593630.9912808,1766593630.9649036,-690.91796875,-35.64453125,-108.3984375,-31.73828125,0.0,0,0
1766593631.066732,1766593630.9689887,-1000.0,-105.46875,-105.46875,-62.98828125,0.0,0,0
1766593631.0668979,1766593630.972888,-157.2265625,-58.59375,-4.39453125,-39.55078125,0.0,0,0
1766593631.066963,1766593630.976787,-916.9921875,41.015625,71.2890625,13.18359375,0.0,0,0
1766593631.067014,1766593630.9806862,759.765625,29.78515625,9.765625,24.4140625,0.0,0,0
1766593631.0670762,1766593630.9845853,-484.375,-65.4296875,-99.12109375,-12.6953125,0.0,0,0
1766593631.067126,1766593630.9884846,-1000.0,-99.12109375,-106.93359375,-58.10546875,0.0,0,0
1766593631.067175,1766593630.9923837,-254.8828125,-35.64453125,-8.30078125,-63.96484375,0.0,0,0
1766593631.0672362,1766593630.9962828,-981.4453125,20.5078125,51.26953125,-26.85546875,0.0,0,0
1766593631.0673048,1766593631.000182,895.5078125,12.6953125,-2.9296875,1.953125,0.0,0,0
1766593631.067372,1766593631.0040812,-286.1328125,-28.3203125,-90.33203125,-20.99609375,0.0,0,0
1766593631.067432,1766593631.0079803,-1000.0,-90.33203125,-107.421875,-71.77734375,0.0,0,0
1766593631.067497,1766593631.0118794,-377.44140625,-83.49609375,-20.01953125,-76.171875,0.0,0,0
1766593631.080862,1766593631.015851,917.48046875,16.11328125,60.05859375,-25.87890625,0.0,0,0
1766593631.080964,1766593631.01975,-979.00390625,60.546875,16.6015625,15.13671875,0.0,0,0
1766593631.0810208,1766593631.0236492,-92.7734375,-10.7421875,-80.56640625,-15.625,0.0,0,0
1766593631.081076,1766593631.0275486,-1000.0,-106.93359375,-107.421875,-74.70703125,0.0,0,0
1766593631.081127,1766593631.0314476,-513.18359375,-109.86328125,-20.01953125,-70.3125,0.0,0,0
1766593631.081169,1766593631.0353467,788.57421875,18.06640625,76.171875,-17.578125,0.0,0,0
1766593631.081206,1766593631.0392458,-905.76171875,92.28515625,32.2265625,14.6484375,0.0,0,0
1766593631.0812428,1766593631.0431452,8.7890625,3.90625,-86.42578125,-8.7890625,0.0,0,0
1766593631.08128,1766593631.0470443,-1000.0,-97.16796875,-127.9296875,-66.40625,0.0,0,0
1766593631.0813172,1766593631.0509434,-687.01171875,-112.79296875,-56.640625,-79.1015625,0.0,0,0
1766593631.081354,1766593631.0548427,574.21875,-38.0859375,50.78125,-18.5546875,0.0,0,0
1766593631.081391,1766593631.0587418,-840.8203125,30.76171875,37.59765625,20.5078125,0.0,0,0
1766593631.125439,1766593631.062703,148.92578125,-31.73828125,-78.125,-5.859375,0.0,0,0
1766593631.125542,1766593631.0666022,-1000.0,-111.328125,-122.55859375,-49.8046875,0.0,0,0
1766593631.125601,1766593631.0705013,-835.44921875,-77.1484375,-44.43359375,-62.98828125,0.0,0,0
1766593631.1256561,1766593631.0744004,396.484375,11.71875,51.26953125,-23.92578125,0.0,0,0
1766593631.125708,1766593631.0782998,-818.84765625,62.5,41.015625,23.4375,0.0,0,0
1766593631.125758,1766593631.0821989,241.2109375,35.64453125,-44.921875,3.41796875,0.0,0,0
1766593631.125809,1766593631.086098,-1000.0,-50.78125,-113.28125,-50.78125,0.0,0,0
1766593631.125857,1766593631.0899973,-983.3984375,-130.37109375,-76.66015625,-63.96484375,0.0,0,0
1766593631.125909,1766593631.0938964,164.0625,-77.63671875,26.3671875,-24.90234375,0.0,0,0
1766593631.125958,1766593631.0977955,-823.73046875,19.04296875,43.45703125,12.6953125,0.0,0,0
1766593631.126004,1766593631.1016948,371.09375,4.8828125,-42.48046875,-4.8828125,0.0,0,0
1766593631.126039,1766593631.105594,-922.8515625,-87.40234375,-113.28125,-42.96875,0.0,0,0
1766593631.1728718,1766593631.1095488,-1000.0,-129.8828125,-83.49609375,-62.5,0.0,0,0
1766593631.1730182,1766593631.113448,4.8828125,-60.546875,12.20703125,-47.8515625,0.0,0,0
1766593631.1730728,1766593631.1173472,-849.609375,29.296875,59.08203125,-11.71875,0.0,0,0
1766593631.173124,1766593631.1212463,512.6953125,30.2734375,-13.671875,-8.30078125,0.0,0,0
1766593631.1731782,1766593631.1251454,-779.296875,-47.8515625,-110.83984375,-44.921875,0.0,0,0
1766593631.173229,1766593631.1290448,-1000.0,-86.42578125,-88.8671875,-68.84765625,0.0,0,0
1766593631.1732779,1766593631.1329439,-96.19140625,-63.96484375,1.953125,-46.875,0.0,0,0
1766593631.173328,1766593631.1368432,-892.08984375,-11.23046875,37.109375,-5.37109375,0.0,0,0
1766593631.173377,1766593631.1407423,687.98828125,41.50390625,-18.5546875,4.8828125,0.0,0,0
1766593631.1734269,1766593631.1446414,-569.82421875,-25.390625,-112.3046875,-35.15625,0.0,0,0
1766593631.173472,1766593631.1485407,-1000.0,-115.72265625,-109.86328125,-79.58984375,0.0,0,0
1766593631.1735082,1766593631.1524398,-226.5625,-73.73046875,-7.8125,-73.73046875,0.0,0,0
1766593631.230037,1766593631.1563892,-961.9140625,5.37109375,60.05859375,-16.11328125,0.0,0,0
1766593631.230201,1766593631.1602886,856.4453125,-1.953125,6.34765625,20.5078125,0.0,0,0
1766593631.2302568,1766593631.1641877,-345.703125,-50.78125,-89.84375,-6.8359375,0.0,0,0
1766593631.230309,1766593631.1680868,-1000.0,-104.4921875,-102.05078125,-60.05859375,0.0,0,0
1766593631.2303622,1766593631.171986,-294.921875,-77.1484375,-29.296875,-78.125,0.0,0,0
1766593631.230413,1766593631.1758852,987.3046875,18.5546875,51.26953125,-28.80859375,0.0,0,0
1766593631.230463,1766593631.1797843,958.984375,53.22265625,14.6484375,19.04296875,0.0,0,0
1766593631.2305129,1766593631.1836836,-185.05859375,-44.921875,-93.26171875,-13.671875,0.0,0,0
1766593631.230575,1766593631.1875827,-1000.0,-116.2109375,-103.02734375,-64.453125,0.0,0,0
1766593631.230625,1766593631.1914818,-464.35546875,-93.75,-30.76171875,-62.01171875,0.0,0,0
1766593631.230674,1766593631.1953812,835.9375,-24.4140625,33.203125,-24.90234375,0.0,0,0
1766593631.230741,1766593631.1992803,-936.5234375,28.3203125,27.34375,17.08984375,0.0,0,0
1766593631.2754822,1766593631.2032757,-38.0859375,-42.48046875,-89.84375,-7.8125,0.0,0,0
1766593631.275615,1766593631.2071748,-1000.0,-126.953125,-125.9765625,-73.2421875,0.0,0,0
1766593631.2756732,1766593631.211074,-589.84375,-103.02734375,-25.390625,-62.01171875,0.0,0,0
1766593631.275728,1766593631.2149732,698.2421875,-31.25,52.24609375,-14.6484375,0.0,0,0
1766593631.2757802,1766593631.2188725,-866.69921875,25.390625,49.8046875,26.85546875,0.0,0,0
1766593631.275831,1766593631.2227716,94.7265625,33.203125,-19.04296875,27.34375,0.0,0,0
1766593631.2758799,1766593631.2266707,-1000.0,-72.75390625,-89.35546875,-42.96875,0.0,0,0
1766593631.2759302,1766593631.23057,-758.30078125,-203.61328125,-13.18359375,-39.0625,0.0,0,0
1766593631.27598,1766593631.2344692,505.37109375,-116.2109375,122.55859375,28.3203125,0.0,0,0
1766593631.2760289,1766593631.2383685,-828.61328125,54.6875,63.96484375,8.7890625,0.0,0,0
1766593631.276065,1766593631.2422676,152.34375,20.5078125,-113.76953125,-65.91796875,0.0,0,0
1766593631.2761211,1766593631.2461667,-1000.0,-57.12890625,-199.21875,-166.015625,0.0,0,0
1766593631.321604,1766593631.2501554,-965.8203125,-86.9140625,-149.90234375,-212.890625,0.0,0,0
1766593631.321732,1766593631.2540548,168.45703125,-29.78515625,-36.62109375,-163.0859375,0.0,0,0
1766593631.3217869,1766593631.257954,-812.01171875,1.953125,34.1796875,-86.9140625,0.0,0,0
1766593631.321839,1766593631.261853,280.2734375,-21.484375,-41.9921875,-76.171875,0.0,0,0
1766593631.32189,1766593631.2657523,-993.65234375,-31.73828125,-144.04296875,-122.0703125,0.0,0,0
1766593631.321943,1766593631.2696514,-1000.0,-20.01953125,-79.58984375,-163.0859375,0.0,0,0
1766593631.3219929,1766593631.2735507,31.73828125,-26.85546875,14.6484375,-96.19140625,0.0,0,0
1766593631.322043,1766593631.2774498,-823.73046875,7.32421875,-5.859375,63.96484375,0.0,0,0
1766593631.322093,1766593631.2813492,381.8359375,73.2421875,-99.609375,6.8359375,0.0,0,0
1766593631.322144,1766593631.2852483,-902.83203125,-138.671875,-163.0859375,-68.359375,0.0,0,0
1766593631.3222,1766593631.2891476,-1000.0,-336.9140625,-91.796875,-84.9609375,0.0,0,0
1766593631.322251,1766593631.2930467,-118.65234375,-97.65625,38.57421875,-190.91796875,0.0,0,0
1766593631.380577,1766593631.2970295,-852.05078125,90.33203125,4.8828125,-273.4375,0.0,0,0
1766593631.380724,1766593631.3009286,495.60546875,-124.51171875,-146.97265625,-266.11328125,0.0,0,0
1766593631.3807812,1766593631.304828,-792.48046875,-142.578125,-160.64453125,-130.859375,0.0,0,0
1766593631.380843,1766593631.308727,-1000.0,-83.49609375,-145.01953125,-193.359375,0.0,0,0
1766593631.380893,1766593631.3126264,-278.80859375,-146.97265625,-114.74609375,-339.84375,0.0,0,0
1766593631.380943,1766593631.3165255,-929.6875,-46.875,-69.82421875,-279.296875,0.0,0,0
1766593631.3809931,1766593631.3204248,678.7109375,-61.03515625,-198.73046875,-148.4375,0.0,0,0
1766593631.381043,1766593631.324324,-627.9296875,-229.4921875,-261.71875,-109.86328125,0.0,0,0
1766593631.3811,1766593631.3282232,-1000.0,-230.95703125,-140.625,-107.421875,0.0,0,0
1766593631.381143,1766593631.3321223,-250.0,-204.58984375,31.73828125,-44.43359375,0.0,0,0
1766593631.381191,1766593631.3360217,992.67578125,-194.82421875,116.2109375,40.52734375,0.0,0,0
1766593631.381228,1766593631.3399208,968.26171875,-173.33984375,55.17578125,144.53125,0.0,0,0
1766593631.4254951,1766593631.343949,-153.80859375,-187.01171875,-45.8984375,185.546875,0.0,0,0
1766593631.42562,1766593631.3478482,-1000.0,-172.8515625,-117.67578125,137.20703125,0.0,0,0
1766593631.425677,1766593631.3517475,-359.375,-113.28125,-39.0625,130.37109375,0.0,0,0
1766593631.425729,1766593631.3556466,989.74609375,-50.29296875,55.6640625,173.828125,0.0,0,0
1766593631.425781,1766593631.359546,904.78515625,-34.66796875,7.8125,160.64453125,0.0,0,0
1766593631.425834,1766593631.363445,-280.2734375,-81.0546875,-82.03125,119.62890625,0.0,0,0
1766593631.425884,1766593631.3673444,-1000.0,-153.3203125,-79.1015625,219.7265625,0.0,0,0
1766593631.425935,1766593631.3712437,-472.65625,-100.09765625,18.5546875,297.36328125,0.0,0,0
1766593631.426004,1766593631.3751428,801.26953125,-65.91796875,118.65234375,312.98828125,0.0,0,0
1766593631.426074,1766593631.3790421,-885.7421875,-63.96484375,148.92578125,368.65234375,0.0,0,0
1766593631.426141,1766593631.3829412,111.81640625,-81.54296875,-8.30078125,366.69921875,0.0,0,0
1766593631.426209,1766593631.3868406,-1000.0,-155.2734375,-95.21484375,326.66015625,0.0,0,0
1766593631.456639,1766593631.3908076,-562.5,-136.71875,-13.18359375,317.3828125,0.0,0,0
1766593631.456745,1766593631.3947067,750.0,0.9765625,104.98046875,386.23046875,0.0,0,0
1766593631.4568,1766593631.398606,-864.74609375,26.85546875,198.73046875,383.7890625,0.0,0,0
1766593631.456852,1766593631.4025052,146.484375,-137.20703125,93.75,253.41796875,0.0,0,0
1766593631.4569018,1766593631.4064045,-1000.0,-203.61328125,8.30078125,157.2265625,0.0,0,0
1766593631.456963,1766593631.4103036,-785.15625,-162.59765625,68.84765625,147.4609375,0.0,0,0
1766593631.457013,1766593631.414203,479.00390625,-79.58984375,153.3203125,211.42578125,0.0,0,0
1766593631.457063,1766593631.4181023,-826.66015625,-31.25,145.5078125,279.296875,0.0,0,0
1766593631.457113,1766593631.4220014,323.2421875,-156.25,35.64453125,292.48046875,0.0,0,0
1766593631.457164,1766593631.4259007,-991.69921875,-244.62890625,-9.27734375,288.57421875,0.0,0,0
1766593631.457213,1766593631.4297998,-967.28515625,-173.828125,38.57421875,267.08984375,0.0,0,0
1766593631.457252,1766593631.4336991,239.74609375,-183.59375,108.3984375,239.74609375,0.0,0,0
1766593631.500382,1766593631.4376595,-827.1484375,-155.2734375,125.0,240.72265625,0.0,0,0
1766593631.500465,1766593631.4415586,402.34375,-109.375,-7.8125,211.9140625,0.0,0,0
1766593631.5005069,1766593631.445458,-909.1796875,-189.453125,-102.5390625,121.58203125,0.0,0,0
1766593631.5005472,1766593631.4493573,-1000.0,-299.8046875,-45.8984375,46.38671875,0.0,0,0
1766593631.500584,1766593631.4532564,74.21875,-245.1171875,79.1015625,95.21484375,0.0,0,0
1766593631.500622,1766593631.4571557,-854.98046875,-80.078125,129.8828125,174.31640625,0.0,0,0
1766593631.500659,1766593631.4610548,566.40625,-92.28515625,54.6875,187.5,0.0,0,0
1766593631.5006971,1766593631.4649541,-734.86328125,-232.91015625,-75.1953125,137.20703125,0.0,0,0
1766593631.500735,1766593631.4688532,-1000.0,-278.80859375,-93.26171875,92.28515625,0.0,0,0
1766593631.50077,1766593631.4727526,-31.25,-209.47265625,60.546875,109.86328125,0.0,0,0
1766593631.500813,1766593631.476652,-911.62109375,-121.58203125,140.625,159.66796875,0.0,0,0
1766593631.500849,1766593631.480551,801.26953125,-51.7578125,66.40625,178.22265625,0.0,0,0
1766593631.54634,1766593631.4845088,-421.875,-134.765625,-52.24609375,158.203125,0.0,0,0
1766593631.54644,1766593631.4884079,-1000.0,-272.4609375,-64.453125,129.39453125,0.0,0,0
1766593631.546481,1766593631.4923072,-148.4375,-179.6875,73.73046875,127.44140625,0.0,0,0
1766593631.546519,1766593631.4962065,-945.3125,-29.78515625,141.6015625,137.20703125,0.0,0,0
1766593631.546558,1766593631.5001056,889.16015625,-7.8125,40.0390625,136.71875,0.0,0,0
1766593631.546606,1766593631.504005,-281.73828125,-56.640625,-106.93359375,154.296875,0.0,0,0
1766593631.546643,1766593631.507904,-1000.0,-183.10546875,-99.609375,125.48828125,0.0,0,0
1766593631.54668,1766593631.5118034,-209.47265625,-319.82421875,30.2734375,79.1015625,0.0,0,0
1766593631.546716,1766593631.5157027,-989.74609375,-151.3671875,125.9765625,104.00390625,0.0,0,0
1766593631.546756,1766593631.5196018,985.3515625,88.8671875,8.30078125,119.62890625,0.0,0,0
1766593631.546792,1766593631.5235012,-98.14453125,20.99609375,-107.421875,106.93359375,0.0,0,0
1766593631.546828,1766593631.5274005,-1000.0,-185.546875,-90.8203125,-14.6484375,0.0,0,0
1766593631.6079848,1766593631.5314023,-389.6484375,-246.58203125,2.44140625,-84.9609375,0.0,0,0
1766593631.608125,1766593631.5353017,901.3671875,-104.4921875,73.2421875,-34.66796875,0.0,0,0
1766593631.6081831,1766593631.5392008,-925.78125,15.13671875,19.53125,40.0390625,0.0,0,0
1766593631.6082351,1766593631.5431,27.34375,-39.55078125,-60.546875,57.6171875,0.0,0,0
1766593631.608588,1766593631.5469995,-1000.0,-160.15625,-90.33203125,15.13671875,0.0,0,0
1766593631.60863,1766593631.5508986,-442.3828125,-82.51953125,20.99609375,30.2734375,0.0,0,0
1766593631.6086679,1766593631.554798,856.93359375,144.53125,104.98046875,143.5546875,0.0,0,0
1766593631.608705,1766593631.5586972,-894.53125,146.484375,119.140625,188.4765625,0.0,0,0
1766593631.608741,1766593631.5625963,95.21484375,-45.8984375,30.76171875,48.33984375,0.0,0,0
1766593631.608777,1766593631.5664957,-1000.0,-137.6953125,-94.23828125,-61.5234375,0.0,0,0
1766593631.608812,1766593631.570395,-690.91796875,-128.41796875,-52.24609375,-16.11328125,0.0,0,0
1766593631.6088479,1766593631.574294,591.30859375,-148.92578125,36.1328125,75.1953125,0.0,0,0
1766593631.651317,1766593631.5782917,-837.40234375,-22.4609375,49.8046875,68.84765625,0.0,0,0
1766593631.651406,1766593631.582191,217.7734375,79.1015625,-42.96875,95.21484375,0.0,0,0
1766593631.6514492,1766593631.5860903,-1000.0,-210.9375,-80.078125,185.05859375,0.0,0,0
1766593631.651488,1766593631.5899894,-787.59765625,-104.98046875,-13.18359375,249.51171875,0.0,0,0
1766593631.651526,1766593631.5938888,505.859375,222.65625,120.1171875,216.796875,0.0,0,0
1766593631.651563,1766593631.597788,-824.70703125,32.71484375,86.9140625,-6.34765625,0.0,0,0
1766593631.6516,1766593631.6016872,156.73828125,-64.94140625,-234.375,-211.42578125,0.0,0,0
1766593631.651637,1766593631.6055865,-1000.0,-165.52734375,-368.1640625,-270.99609375,0.0,0,0
1766593631.651673,1766593631.6094859,-1000.0,-274.4140625,-138.18359375,-236.81640625,0.0,0,0
1766593631.651721,1766593631.613385,102.05078125,-133.30078125,60.546875,-173.33984375,0.0,0,0
1766593631.651757,1766593631.6172843,-835.44921875,-10.7421875,116.2109375,-39.55078125,0.0,0,0
1766593631.651793,1766593631.6211836,476.5625,-98.6328125,8.30078125,139.16015625,0.0,0,0
1766593631.726905,1766593631.6252818,-842.7734375,-181.15234375,-103.02734375,121.58203125,0.0,0,0
1766593631.727048,1766593631.6291811,-1000.0,-194.3359375,76.171875,65.91796875,0.0,0,0
1766593631.727089,1766593631.6330805,36.62109375,-105.95703125,199.21875,166.50390625,0.0,0,0
1766593631.727127,1766593631.6369798,-838.37890625,185.546875,188.96484375,541.50390625,0.0,0,0
1766593631.727165,1766593631.6408792,492.1875,402.34375,178.22265625,570.3125,0.0,0,0
1766593631.727202,1766593631.6447783,-810.05859375,-19.53125,-59.08203125,-217.7734375,0.0,0,0
1766593631.727239,1766593631.6486776,-1000.0,-518.06640625,-147.94921875,-442.87109375,0.0,0,0
1766593631.727275,1766593631.652577,-156.25,-368.65234375,-24.90234375,-209.47265625,0.0,0,0
1766593631.7273118,1766593631.6564763,-906.25,-146.97265625,131.34765625,-162.59765625,0.0,0,0
1766593631.727347,1766593631.6603754,709.47265625,-146.97265625,142.578125,-124.0234375,0.0,0,0
1766593631.7273831,1766593631.6642747,-562.5,-232.91015625,53.22265625,-74.21875,0.0,0,0
1766593631.727419,1766593631.668174,-1000.0,-389.16015625,103.02734375,-132.32421875,0.0,0,0
1766593631.743299,1766593631.672161,-200.1953125,-324.21875,232.421875,-65.4296875,0.0,0,0
1766593631.743393,1766593631.6760604,-955.56640625,-190.4296875,366.69921875,311.5234375,0.0,0,0
1766593631.743447,1766593631.6799598,876.953125,-327.1484375,266.6015625,281.25,0.0,0,0
1766593631.743497,1766593631.6838589,-315.4296875,-460.44921875,55.6640625,96.6796875,0.0,0,0
1766593631.743548,1766593631.6877582,-1000.0,-586.9140625,30.76171875,137.20703125,0.0,0,0
1766593631.743598,1766593631.6916575,-277.34375,-535.15625,145.99609375,229.98046875,0.0,0,0
1766593631.7436779,1766593631.6955569,988.28125,-438.4765625,244.62890625,292.96875,0.0,0,0
1766593631.743794,1766593631.6994562,976.5625,-524.90234375,167.96875,95.21484375,0.0,0,0
1766593631.743851,1766593631.7033553,-145.5078125,-674.31640625,27.34375,-18.5546875,0.0,0,0
1766593631.743945,1766593631.7072546,-1000.0,-804.6875,-23.92578125,22.94921875,0.0,0,0
1766593631.7440078,1766593631.711154,-562.5,-955.56640625,0.48828125,-52.24609375,0.0,0,0
1766593631.744053,1766593631.7150533,728.515625,-962.890625,134.765625,-41.9921875,0.0,0,0
1766593631.786156,1766593631.71903,-876.46484375,-913.0859375,142.578125,91.30859375,0.0,0,0
1766593631.786241,1766593631.7229292,63.4765625,-863.76953125,7.32421875,126.46484375,0.0,0,0
1766593631.786314,1766593631.7268286,-1000.0,-941.40625,-34.1796875,104.98046875,0.0,0,0
1766593631.78637,1766593631.730728,-622.0703125,-961.9140625,22.94921875,114.74609375,0.0,0,0
1766593631.786409,1766593631.7346272,658.69140625,-819.3359375,135.7421875,145.99609375,0.0,0,0
1766593631.7864478,1766593631.7385266,-848.6328125,-810.05859375,155.76171875,169.43359375,0.0,0,0
1766593631.786487,1766593631.7424257,267.578125,-801.26953125,138.671875,385.25390625,0.0,0,0
1766593631.786537,1766593631.746325,-1000.0,-833.49609375,137.6953125,556.15234375,0.0,0,0
1766593631.7865732,1766593631.7502244,-937.98828125,-978.515625,53.22265625,238.28125,0.0,0,0
1766593631.7866108,1766593631.7541237,268.5546875,-953.125,140.625,11.23046875,0.0,0,0
1766593631.786647,1766593631.758023,-817.87109375,-743.65234375,109.375,119.140625,0.0,0,0
1766593631.7866828,1766593631.7619224,296.875,-726.07421875,-112.3046875,197.75390625,0.0,0,0
1766593631.831202,1766593631.7658925,-1000.0,-944.3359375,-143.06640625,-15.625,0.0,0,0
1766593631.831303,1766593631.7697918,-815.4296875,-923.828125,137.6953125,60.05859375,0.0,0,0
1766593631.831347,1766593631.773691,440.4296875,-740.72265625,275.87890625,166.9921875,0.0,0,0
1766593631.8313868,1766593631.7775903,-837.890625,-761.23046875,79.58984375,-69.3359375,0.0,0,0
1766593631.831425,1766593631.7814896,365.72265625,-867.1875,-74.70703125,-64.94140625,0.0,0,0
1766593631.8314629,1766593631.785389,-908.69140625,-921.38671875,-109.86328125,33.69140625,0.0,0,0
1766593631.8315,1766593631.7892883,-1000.0,-791.9921875,37.109375,78.61328125,0.0,0,0
1766593631.831537,1766593631.7931876,-37.109375,-765.625,49.8046875,-56.15234375,0.0,0,0
1766593631.831574,1766593631.797087,-868.1640625,-858.88671875,28.80859375,-38.57421875,0.0,0,0
1766593631.831611,1766593631.8009863,601.5625,-729.98046875,-62.5,115.234375,0.0,0,0
1766593631.831647,1766593631.8048854,-705.078125,-587.40234375,-45.41015625,199.21875,0.0,0,0
1766593631.831684,1766593631.8087847,-1000.0,-700.68359375,61.5234375,263.18359375,0.0,0,0
1766593631.87675,1766593631.8127453,-25.87890625,-479.00390625,56.640625,461.9140625,0.0,0,0
1766593631.876899,1766593631.8166447,-849.12109375,-400.87890625,189.94140625,327.1484375,0.0,0,0
1766593631.876958,1766593631.820544,529.296875,-660.64453125,114.2578125,-173.828125,0.0,0,0
1766593631.8770099,1766593631.8244433,-751.46484375,-750.0,-210.9375,-328.61328125,0.0,0,0
1766593631.8770628,1766593631.8283427,-1000.0,-852.05078125,-265.13671875,-279.296875,0.0,0,0
1766593631.877113,1766593631.832242,-193.84765625,-774.4140625,89.35546875,-56.640625,0.0,0,0
1766593631.8771641,1766593631.8361413,-936.03515625,-523.4375,256.34765625,120.60546875,0.0,0,0
1766593631.877214,1766593631.8400407,802.24609375,-478.515625,56.15234375,73.73046875,0.0,0,0
1766593631.8772638,1766593631.8439398,-424.8046875,-629.39453125,-102.05078125,26.3671875,0.0,0,0
1766593631.8773189,1766593631.847839,-1000.0,-715.33203125,-101.5625,40.0390625,0.0,0,0
1766593631.877368,1766593631.8517385,-312.5,-618.65234375,30.76171875,91.796875,0.0,0,0
1766593631.8774168,1766593631.8556378,974.12109375,-466.30859375,164.0625,209.9609375,0.0,0,0
1766593631.921376,1766593631.8595948,972.65625,-373.53515625,165.0390625,355.95703125,0.0,0,0
1766593631.921525,1766593631.8634942,-192.87109375,-611.81640625,37.59765625,233.3984375,0.0,0,0
1766593631.9215722,1766593631.8673933,-1000.0,-727.5390625,30.76171875,119.140625,0.0,0,0
1766593631.921619,1766593631.8712926,-607.421875,-640.625,95.703125,67.3828125,0.0,0,0
1766593631.921659,1766593631.875192,697.265625,-724.609375,150.390625,-63.4765625,0.0,0,0
1766593631.921696,1766593631.8790913,-905.76171875,-574.70703125,-58.59375,-20.01953125,0.0,0,0
1766593631.9217339,1766593631.8829906,-50.78125,-464.35546875,-312.5,43.9453125,0.0,0,0
1766593631.921771,1766593631.88689,-1000.0,-643.06640625,-74.70703125,-92.28515625,0.0,0,0
1766593631.922103,1766593631.8907893,-791.9921875,-735.83984375,55.6640625,-210.9375,0.0,0,0
1766593631.922144,1766593631.8946886,465.8203125,-636.23046875,76.171875,-94.23828125,0.0,0,0
1766593631.9221818,1766593631.898588,-850.5859375,-500.0,136.71875,-14.6484375,0.0,0,0
1766593631.922218,1766593631.9024873,7.8125,-491.69921875,-41.9921875,-86.42578125,0.0,0,0
1766593631.9816,1766593631.906437,-1000.0,-555.6640625,-95.21484375,-120.1171875,0.0,0,0
1766593631.981738,1766593631.9103363,-903.3203125,-535.64453125,62.98828125,-70.80078125,0.0,0,0
1766593631.9817998,1766593631.9142356,269.04296875,-400.390625,76.171875,25.87890625,0.0,0,0
1766593631.981855,1766593631.918135,-814.94140625,-460.44921875,82.51953125,3.90625,0.0,0,0
1766593631.981909,1766593631.9220343,119.140625,-654.78515625,-51.7578125,-70.3125,0.0,0,0
1766593631.9819598,1766593631.9259336,-1000.0,-637.6953125,-209.9609375,17.08984375,0.0,0,0
1766593631.9820108,1766593631.929833,-995.60546875,-616.69921875,99.609375,28.3203125,0.0,0,0
1766593631.982077,1766593631.933732,77.1484375,-435.546875,265.13671875,-35.64453125,0.0,0,0
1766593631.9821272,1766593631.9376314,-812.5,-267.08984375,-8.30078125,-21.97265625,0.0,0,0
1766593631.982176,1766593631.9415307,283.69140625,-342.7734375,-247.0703125,64.453125,0.0,0,0
1766593631.982236,1766593631.94543,-956.54296875,-450.1953125,-169.43359375,-7.32421875,0.0,0,0
1766593631.982285,1766593631.9493294,-1000.0,-552.734375,-101.07421875,-302.24609375,0.0,0,0
1766593632.028599,1766593631.9533267,-208.984375,-650.87890625,-26.85546875,-360.3515625,0.0,0,0
1766593632.028755,1766593631.957226,-846.19140625,-570.3125,210.44921875,-100.09765625,0.0,0,0
1766593632.028811,1766593631.9611254,395.01953125,-529.296875,-75.1953125,-55.17578125,0.0,0,0
1766593632.028864,1766593631.9650247,-907.71484375,-463.8671875,-270.5078125,-106.93359375,0.0,0,0
1766593632.028918,1766593631.968924,-1000.0,-443.359375,-103.515625,-115.234375,0.0,0,0
1766593632.028969,1766593631.9728234,-192.3828125,-473.6328125,-12.6953125,39.0625,0.0,0,0
1766593632.029026,1766593631.9767227,-853.515625,-378.90625,124.0234375,194.3359375,0.0,0,0
1766593632.0290759,1766593631.980622,432.12890625,-388.18359375,119.140625,20.5078125,0.0,0,0
1766593632.029127,1766593631.9845214,-852.5390625,-500.0,-166.50390625,-83.0078125,0.0,0,0
1766593632.029203,1766593631.9884207,-1000.0,-465.8203125,-217.28515625,-22.94921875,0.0,0,0
1766593632.029252,1766593631.99232,-333.984375,-425.78125,-38.57421875,-60.05859375,0.0,0,0
1766593632.029312,1766593631.9962194,-984.375,-370.60546875,71.77734375,-18.06640625,0.0,0,0
1766593632.070931,1766593632.000205,781.73828125,-269.04296875,27.83203125,14.6484375,0.0,0,0
1766593632.07106,1766593632.0041044,-487.79296875,-407.2265625,-145.99609375,-31.25,0.0,0,0
1766593632.071105,1766593632.0080037,-1000.0,-445.3125,-194.82421875,30.76171875,0.0,0,0
1766593632.071135,1766593632.011903,-344.23828125,-366.2109375,-16.11328125,102.05078125,0.0,0,0
1766593632.0711648,1766593632.0158024,952.63671875,-430.6640625,131.8359375,33.69140625,0.0,0,0
1766593632.0711942,1766593632.0197017,948.73046875,-433.59375,44.921875,-106.93359375,0.0,0,0
1766593632.071224,1766593632.023601,-207.51953125,-424.8046875,-143.06640625,-28.80859375,0.0,0,0
1766593632.071253,1766593632.0275004,-1000.0,-445.80078125,-191.89453125,-9.27734375,0.0,0,0
1766593632.071281,1766593632.0313997,-459.9609375,-480.46875,-66.40625,10.25390625,0.0,0,0
1766593632.071309,1766593632.035299,842.28515625,-403.3203125,9.765625,103.02734375,0.0,0,0
1766593632.071368,1766593632.0391984,-943.359375,-288.57421875,54.19921875,161.62109375,0.0,0,0
1766593632.071421,1766593632.0430977,-48.33984375,-401.3671875,-55.17578125,125.48828125,0.0,0,0
1766593632.115456,1766593632.0470774,-1000.0,-554.19921875,-184.5703125,32.71484375,0.0,0,0
1766593632.115558,1766593632.0509768,-456.54296875,-528.80859375,29.78515625,121.09375,0.0,0,0
1766593632.1156092,1766593632.054876,854.00390625,-377.44140625,171.38671875,239.2578125,0.0,0,0
1766593632.115649,1766593632.0587754,-937.01171875,-354.98046875,2.44140625,23.92578125,0.0,0,0
1766593632.1156878,1766593632.0626748,-27.83203125,-559.5703125,-227.05078125,-285.64453125,0.0,0,0
1766593632.1157272,1766593632.066574,-1000.0,-596.19140625,-188.4765625,-272.4609375,0.0,0,0
1766593632.115764,1766593632.0704734,-722.16796875,-528.80859375,-133.7890625,-151.85546875,0.0,0,0
1766593632.115801,1766593632.0743728,499.0234375,-395.5078125,-115.72265625,-77.63671875,0.0,0,0
1766593632.115838,1766593632.078272,-839.84375,-334.47265625,-62.98828125,-19.04296875,0.0,0,0
1766593632.115874,1766593632.0821714,224.12109375,-468.26171875,-146.97265625,-43.9453125,0.0,0,0
1766593632.115911,1766593632.0860708,-1000.0,-570.80078125,-179.19921875,-69.82421875,0.0,0,0
1766593632.115948,1766593632.08997,-854.00390625,-511.23046875,-43.45703125,9.765625,0.0,0,0
1766593632.161063,1766593632.093943,362.3046875,-465.8203125,42.96875,51.26953125,0.0,0,0
1766593632.161141,1766593632.0978425,-863.28125,-466.30859375,38.57421875,95.703125,0.0,0,0
1766593632.1611679,1766593632.1017418,485.83984375,-499.51171875,-33.69140625,69.3359375,0.0,0,0
1766593632.161194,1766593632.1056411,-814.94140625,-473.14453125,-37.59765625,78.61328125,0.0,0,0
1766593632.1612182,1766593632.1095407,-1000.0,-431.640625,24.4140625,70.80078125,0.0,0,0
1766593632.161243,1766593632.11344,182.12890625,-380.37109375,-27.34375,-8.30078125,0.0,0,0
1766593632.161267,1766593632.1173394,-856.4453125,-284.66796875,-48.828125,83.49609375,0.0,0,0
1766593632.1612911,1766593632.1212387,500.9765625,-410.15625,-83.0078125,45.8984375,0.0,0,0
1766593632.161315,1766593632.125138,-810.05859375,-421.38671875,-115.72265625,-35.15625,0.0,0,0
1766593632.161338,1766593632.1290374,-1000.0,-479.4921875,-64.94140625,-195.3125,0.0,0,0
1766593632.161361,1766593632.1329367,89.84375,-480.46875,9.27734375,-130.37109375,0.0,0,0
1766593632.1613839,1766593632.136836,-890.13671875,-345.703125,74.70703125,120.1171875,0.0,0,0
1766593632.205898,1766593632.1408038,657.2265625,-351.07421875,-66.89453125,52.24609375,0.0,0,0
1766593632.2060459,1766593632.1447031,-596.6796875,-408.69140625,-234.86328125,-83.49609375,0.0,0,0
1766593632.206091,1766593632.1486025,-1000.0,-460.9375,-120.60546875,-68.84765625,0.0,0,0
1766593632.20613,1766593632.1525018,45.41015625,-328.125,175.29296875,142.578125,0.0,0,0
1766593632.206167,1766593632.1564014,-955.56640625,-235.3515625,244.62890625,210.9375,0.0,0,0
1766593632.2062058,1766593632.1603007,924.8046875,-361.328125,144.53125,189.94140625,0.0,0,0
1766593632.206243,1766593632.1642,-112.3046875,-343.75,68.359375,194.3359375,0.0,0,0
1766593632.20628,1766593632.1680994,-1000.0,-243.1640625,-143.5546875,-56.15234375,0.0,0,0
1766593632.206329,1766593632.1719987,-234.375,-280.76171875,-109.86328125,-172.36328125,0.0,0,0
1766593632.206364,1766593632.175898,998.046875,-298.828125,105.46875,-84.47265625,0.0,0,0
1766593632.206401,1766593632.1797974,979.4921875,-313.96484375,25.390625,10.25390625,0.0,0,0
1766593632.206437,1766593632.1836967,-82.03125,-319.3359375,-105.46875,69.82421875,0.0,0,0
1766593632.250402,1766593632.187656,-1000.0,-234.86328125,-85.9375,61.5234375,0.0,0,0
1766593632.25051,1766593632.1915553,-278.80859375,-251.953125,37.59765625,15.13671875,0.0,0,0
1766593632.2505531,1766593632.1954546,938.96484375,-233.88671875,225.09765625,5.859375,0.0,0,0
1766593632.250593,1766593632.1993542,-918.45703125,-178.22265625,218.75,166.50390625,0.0,0,0
1766593632.2506309,1766593632.2032535,205.56640625,-179.19921875,94.23828125,278.80859375,0.0,0,0
1766593632.250669,1766593632.2071528,-1000.0,-234.86328125,-48.33984375,-0.9765625,0.0,0,0
1766593632.250707,1766593632.2110522,-406.73828125,-224.609375,8.7890625,-102.05078125,0.0,0,0
1766593632.250744,1766593632.2149515,893.5546875,-131.34765625,234.86328125,75.1953125,0.0,0,0
1766593632.2507808,1766593632.2188509,-922.36328125,-139.16015625,245.1171875,137.20703125,0.0,0,0
1766593632.2508202,1766593632.2227502,110.3515625,-265.625,18.5546875,33.69140625,0.0,0,0
1766593632.2508569,1766593632.2266498,-1000.0,-235.83984375,-65.91796875,15.13671875,0.0,0,0
1766593632.251177,1766593632.230549,-632.32421875,-100.09765625,89.84375,21.484375,0.0,0,0
1766593632.3285298,1766593632.2346108,607.421875,-118.65234375,194.82421875,4.8828125,0.0,0,0
1766593632.328644,1766593632.2385101,-874.51171875,-160.15625,129.39453125,33.69140625,0.0,0,0
1766593632.3286989,1766593632.2424095,342.7734375,-142.08984375,85.9375,98.14453125,0.0,0,0
1766593632.3287501,1766593632.246309,-965.33203125,-100.5859375,90.8203125,120.60546875,0.0,0,0
1766593632.328801,1766593632.2502084,-854.00390625,-125.9765625,117.67578125,-56.15234375,0.0,0,0
1766593632.328852,1766593632.2541077,364.74609375,-83.49609375,163.57421875,-134.27734375,0.0,0,0
1766593632.328903,1766593632.258007,-861.81640625,-18.5546875,130.859375,-10.7421875,0.0,0,0
1766593632.3289611,1766593632.2619064,400.390625,-33.203125,31.25,150.87890625,0.0,0,0
1766593632.329012,1766593632.265806,-932.6171875,-118.65234375,-50.29296875,98.6328125,0.0,0,0
1766593632.329073,1766593632.2697053,-852.05078125,-198.2421875,8.7890625,80.56640625,0.0,0,0
1766593632.329142,1766593632.2736046,374.0234375,-80.56640625,204.58984375,152.34375,0.0,0,0
1766593632.329204,1766593632.277504,-879.8828125,-41.9921875,207.03125,8.30078125,0.0,0,0
1766593632.3548381,1766593632.2814555,462.40234375,-104.98046875,76.171875,-24.90234375,0.0,0,0
1766593632.3549492,1766593632.2853549,-787.59765625,-84.47265625,-32.71484375,-50.78125,0.0,0,0
1766593632.355001,1766593632.2892542,-1000.0,-154.296875,-76.171875,-150.390625,0.0,0,0
1766593632.355051,1766593632.2931538,33.203125,-130.37109375,63.96484375,-152.34375,0.0,0,0
1766593632.355102,1766593632.297053,-884.27734375,-4.39453125,150.390625,-104.98046875,0.0,0,0
1766593632.3551528,1766593632.3009524,607.91015625,-11.23046875,71.77734375,35.64453125,0.0,0,0
1766593632.355204,1766593632.3048518,-651.85546875,-105.46875,-55.6640625,27.34375,0.0,0,0
1766593632.355264,1766593632.308751,-1000.0,-125.0,-48.828125,-80.078125,0.0,0,0
1766593632.3553128,1766593632.3126507,-38.57421875,-63.96484375,111.328125,0.0,0.0,0,0
1766593632.355361,1766593632.31655,-910.15625,-20.5078125,184.08203125,74.70703125,0.0,0,0
1766593632.355427,1766593632.3204494,687.5,-38.57421875,79.58984375,13.671875,0.0,0,0
1766593632.355514,1766593632.3243487,-519.04296875,-96.6796875,-55.6640625,-4.8828125,0.0,0,0
1766593632.400255,1766593632.3282888,-1000.0,-111.328125,-83.0078125,-1.953125,0.0,0,0
1766593632.400396,1766593632.3321881,-163.0859375,-36.62109375,-20.01953125,-31.25,0.0,0,0
1766593632.400456,1766593632.3360875,-935.05859375,-30.76171875,210.9375,81.0546875,0.0,0,0
1766593632.4005098,1766593632.339987,759.765625,-41.9921875,257.8125,13.671875,0.0,0,0
1766593632.400563,1766593632.3438864,-440.91796875,-6.34765625,-59.08203125,-208.0078125,0.0,0,0
1766593632.400615,1766593632.3477857,-1000.0,38.0859375,-162.109375,-136.23046875,0.0,0,0
1766593632.400665,1766593632.351685,-312.5,45.41015625,22.4609375,-55.6640625,0.0,0,0
1766593632.400715,1766593632.3555846,963.8671875,22.94921875,89.84375,17.08984375,0.0,0,0
1766593632.4007769,1766593632.359484,916.50390625,76.171875,24.4140625,95.21484375,0.0,0,0
1766593632.400828,1766593632.3633833,-243.1640625,53.22265625,-160.15625,63.96484375,0.0,0,0
1766593632.4008782,1766593632.3672826,-1000.0,-98.6328125,-183.10546875,-115.72265625,0.0,0,0
1766593632.4009259,1766593632.3711822,-496.09375,-64.453125,41.015625,-214.35546875,0.0,0,0
1766593632.4467928,1766593632.3751688,797.36328125,63.4765625,163.0859375,6.34765625,0.0,0,0
1766593632.446947,1766593632.3790681,-976.5625,117.67578125,37.59765625,51.7578125,0.0,0,0
1766593632.447006,1766593632.3829677,-111.81640625,29.296875,-108.3984375,-14.16015625,0.0,0,0
1766593632.447068,1766593632.386867,-1000.0,-47.8515625,-138.18359375,-35.64453125,0.0,0,0
1766593632.4471328,1766593632.3907664,-682.12890625,-14.6484375,7.32421875,-159.66796875,0.0,0,0
1766593632.4471838,1766593632.394666,574.21875,-2.9296875,150.87890625,-96.6796875,0.0,0,0
1766593632.4472342,1766593632.3985653,-920.8984375,41.50390625,99.12109375,90.33203125,0.0,0,0
1766593632.447288,1766593632.4024646,-65.91796875,121.09375,-219.7265625,19.04296875,0.0,0,0
1766593632.447339,1766593632.406364,-1000.0,25.390625,-251.953125,-20.01953125,0.0,0,0
1766593632.4473972,1766593632.4102635,-795.41015625,24.4140625,127.9296875,-111.81640625,0.0,0,0
1766593632.447448,1766593632.4141629,380.37109375,105.46875,197.75390625,-161.62109375,0.0,0,0
1766593632.447503,1766593632.4180622,-867.67578125,-0.48828125,118.1640625,-89.35546875,0.0,0,0
1766593632.4905238,1766593632.4220421,64.453125,-32.2265625,-21.484375,-126.46484375,0.0,0,0
1766593632.490645,1766593632.4259415,-1000.0,-25.390625,-161.1328125,-158.203125,0.0,0,0
1766593632.490686,1766593632.4298408,-855.95703125,-3.90625,-89.35546875,-45.41015625,0.0,0,0
1766593632.490725,1766593632.4337404,275.87890625,16.6015625,81.54296875,-14.16015625,0.0,0,0
1766593632.4907641,1766593632.4376397,-855.46875,81.0546875,91.30859375,-52.734375,0.0,0,0
1766593632.4908018,1766593632.441539,393.06640625,122.55859375,-77.63671875,-27.83203125,0.0,0,0
1766593632.49084,1766593632.4454386,-915.52734375,22.4609375,-251.953125,-50.29296875,0.0,0,0
1766593632.490877,1766593632.449338,-963.37890625,-114.2578125,-125.0,-29.296875,0.0,0,0
1766593632.490914,1766593632.4532373,215.8203125,-36.62109375,41.50390625,82.51953125,0.0,0,0
1766593632.4909508,1766593632.4571369,-857.421875,52.734375,90.33203125,88.8671875,0.0,0,0
1766593632.490988,1766593632.4610362,456.54296875,94.7265625,8.30078125,10.25390625,0.0,0,0
1766593632.4910238,1766593632.4649355,-805.6640625,33.203125,-147.94921875,-68.84765625,0.0,0,0
1766593632.53582,1766593632.4689093,-1000.0,-95.21484375,-98.14453125,-128.90625,0.0,0,0
1766593632.535938,1766593632.4728088,-57.6171875,-66.89453125,66.89453125,-99.12109375,0.0,0,0
1766593632.535977,1766593632.4767082,-891.11328125,26.85546875,80.078125,-20.5078125,0.0,0,0
1766593632.536016,1766593632.4806077,606.4453125,-22.94921875,-32.71484375,-21.97265625,0.0,0,0
1766593632.5360541,1766593632.484507,-636.71875,-100.5859375,-133.7890625,-18.5546875,0.0,0,0
1766593632.5360918,1766593632.4884064,-1000.0,-61.5234375,-107.91015625,-52.734375,0.0,0,0
1766593632.536128,1766593632.492306,-143.5546875,-118.65234375,1.953125,-60.546875,0.0,0,0
1766593632.5361652,1766593632.4962053,-938.4765625,-78.125,19.53125,-0.9765625,0.0,0,0
1766593632.536203,1766593632.5001047,747.55859375,18.5546875,-98.14453125,13.671875,0.0,0,0
1766593632.5362391,1766593632.5040042,-464.84375,-84.9609375,-195.80078125,-138.18359375,0.0,0,0
1766593632.5362759,1766593632.5079036,-1000.0,-101.5625,-169.43359375,-120.60546875,0.0,0,0
1766593632.536312,1766593632.511803,-159.1796875,-18.5546875,11.23046875,41.50390625,0.0,0,0
1766593632.584052,1766593632.515772,-992.67578125,-50.29296875,113.76953125,-84.47265625,0.0,0,0
1766593632.584162,1766593632.5196717,895.99609375,-58.10546875,52.734375,14.6484375,0.0,0,0
1766593632.584215,1766593632.523571,-218.26171875,-76.66015625,-50.78125,65.4296875,0.0,0,0
1766593632.584265,1766593632.5274704,-1000.0,-145.99609375,-109.86328125,-33.69140625,0.0,0,0
1766593632.58432,1766593632.53137,-437.5,-127.44140625,-19.53125,-122.0703125,0.0,0,0
1766593632.58437,1766593632.5352693,849.609375,-47.36328125,101.07421875,-36.1328125,0.0,0,0
1766593632.584407,1766593632.5391686,-999.51171875,-48.33984375,56.15234375,140.13671875,0.0,0,0
1766593632.584445,1766593632.5430682,-119.62890625,-77.63671875,-146.97265625,141.11328125,0.0,0,0
1766593632.5844831,1766593632.5469675,-1000.0,-78.61328125,-140.13671875,35.64453125,0.0,0,0
1766593632.584519,1766593632.550867,-544.921875,-71.2890625,35.64453125,-62.01171875,0.0,0,0
1766593632.584555,1766593632.5547664,714.35546875,-4.8828125,52.734375,25.390625,0.0,0,0
1766593632.58461,1766593632.5586658,-907.2265625,41.50390625,-11.23046875,106.93359375,0.0,0,0
1766593632.6274,1766593632.5626326,65.91796875,-51.26953125,-64.94140625,43.9453125,0.0,0,0
1766593632.6275148,1766593632.5665321,-1000.0,-126.46484375,-46.38671875,-62.98828125,0.0,0,0
1766593632.627548,1766593632.5704315,-651.3671875,-74.21875,22.94921875,-54.6875,0.0,0,0
1766593632.6278138,1766593632.5743308,583.984375,6.34765625,95.703125,58.59375,0.0,0,0
1766593632.627846,1766593632.5782304,-862.79296875,-3.90625,49.8046875,78.125,0.0,0,0
1766593632.627876,1766593632.5821297,273.92578125,1.953125,-39.55078125,91.30859375,0.0,0,0
1766593632.627918,1766593632.5860293,-1000.0,-26.3671875,-62.5,72.75390625,0.0,0,0
1766593632.627946,1766593632.5899286,-818.359375,-53.7109375,-42.48046875,-6.34765625,0.0,0,0
1766593632.627975,1766593632.593828,385.7421875,-10.7421875,3.41796875,4.8828125,0.0,0,0
1766593632.6280031,1766593632.5977275,-862.3046875,30.2734375,21.484375,70.3125,0.0,0,0
1766593632.628031,1766593632.6016269,366.69921875,62.98828125,-28.3203125,103.02734375,0.0,0,0
1766593632.6280682,1766593632.6055264,-923.828125,-29.78515625,-54.19921875,-10.25390625,0.0,0,0
1766593632.671,1766593632.60948,-971.19140625,-92.7734375,-15.625,-88.8671875,0.0,0,0
1766593632.671815,1766593632.6133795,189.453125,-30.2734375,73.2421875,-10.7421875,0.0,0,0
1766593632.671947,1766593632.6172788,-871.58203125,47.36328125,70.80078125,28.3203125,0.0,0,0
1766593632.672,1766593632.6211782,500.0,63.4765625,-84.47265625,32.2265625,0.0,0,0
1766593632.672053,1766593632.6250777,-791.9921875,-31.25,-138.671875,29.296875,0.0,0,0
1766593632.672296,1766593632.628977,-1000.0,-104.00390625,8.30078125,24.90234375,0.0,0,0
1766593632.672405,1766593632.6328766,141.11328125,-16.11328125,126.46484375,30.76171875,0.0,0,0
1766593632.6724522,1766593632.636776,-872.55859375,109.375,80.078125,37.59765625,0.0,0,0
1766593632.672485,1766593632.6406755,533.203125,77.63671875,-6.34765625,38.57421875,0.0,0,0
1766593632.672556,1766593632.6445749,-744.62890625,-33.69140625,-168.45703125,-61.03515625,0.0,0,0
1766593632.6725929,1766593632.6484742,-1000.0,-38.0859375,-125.9765625,-45.41015625,0.0,0,0
1766593632.672649,1766593632.6523738,28.3203125,-1.46484375,155.76171875,44.921875,0.0,0,0
1766593632.731452,1766593632.6563234,-905.2734375,-14.16015625,162.109375,56.640625,0.0,0,0
1766593632.7315369,1766593632.6602228,673.828125,51.7578125,-46.38671875,27.83203125,0.0,0,0
1766593632.731578,1766593632.6641223,-501.953125,24.90234375,-146.97265625,-44.921875,0.0,0,0
1766593632.731617,1766593632.6680217,-1000.0,-21.97265625,-74.70703125,-78.61328125,0.0,0,0
1766593632.731655,1766593632.6719213,-248.53515625,-73.73046875,72.265625,-105.46875,0.0,0,0
1766593632.731692,1766593632.6758206,-977.05078125,-9.27734375,185.546875,12.20703125,0.0,0,0
1766593632.7317288,1766593632.6797202,823.2421875,141.11328125,106.4453125,95.21484375,0.0,0,0
1766593632.731765,1766593632.6836195,-365.72265625,23.92578125,-172.36328125,-30.2734375,0.0,0,0
1766593632.7318022,1766593632.687519,-1000.0,-79.1015625,-224.12109375,-135.25390625,0.0,0,0
1766593632.731839,1766593632.6914184,-405.76171875,-82.51953125,-24.4140625,-135.25390625,0.0,0,0
1766593632.7318752,1766593632.6953177,874.51171875,-9.27734375,-49.8046875,-161.62109375,0.0,0,0
1766593632.731911,1766593632.6992173,990.72265625,38.0859375,-89.35546875,-30.76171875,0.0,0,0
1766593632.77653,1766593632.7031567,-143.06640625,-10.25390625,50.78125,110.83984375,0.0,0,0
1766593632.7766452,1766593632.707056,-1000.0,-140.13671875,-14.16015625,-51.26953125,0.0,0,0
1766593632.776703,1766593632.7109556,-334.9609375,-110.83984375,70.3125,130.37109375,0.0,0,0
1766593632.776756,1766593632.714855,967.28515625,130.859375,193.359375,114.2578125,0.0,0,0
1766593632.7768068,1766593632.7187545,928.22265625,-23.92578125,-170.8984375,-231.93359375,0.0,0,0
1766593632.776855,1766593632.7226539,-212.40234375,-181.15234375,-290.52734375,-230.46875,0.0,0,0
1766593632.776893,1766593632.7265534,-1000.0,-107.421875,-125.0,-142.08984375,0.0,0,0
1766593632.7769291,1766593632.7304528,-678.22265625,-19.04296875,-45.41015625,-80.078125,0.0,0,0
1766593632.777001,1766593632.7343524,519.04296875,68.359375,59.08203125,-244.140625,0.0,0,0
1766593632.777062,1766593632.7382517,-894.04296875,115.72265625,46.875,-188.96484375,0.0,0,0
1766593632.7771032,1766593632.7421513,36.62109375,50.78125,-137.6953125,-11.71875,0.0,0,0
1766593632.77714,1766593632.7460506,-1000.0,-37.59765625,-190.4296875,-39.55078125,0.0,0,0
1766593632.820087,1766593632.7500381,-807.6171875,-21.484375,13.18359375,-47.8515625,0.0,0,0
1766593632.82019,1766593632.7539375,326.171875,-64.94140625,100.5859375,-82.51953125,0.0,0,0
1766593632.8202739,1766593632.757837,-853.515625,-4.39453125,54.6875,-62.98828125,0.0,0,0
1766593632.820336,1766593632.7617364,276.3671875,5.37109375,-36.1328125,-26.3671875,0.0,0,0
1766593632.8203678,1766593632.765636,-1000.0,-46.875,-95.703125,2.9296875,0.0,0,0
1766593632.8203971,1766593632.7695353,-903.80859375,-7.8125,-69.82421875,-63.4765625,0.0,0,0
1766593632.820426,1766593632.7734349,266.6015625,-25.87890625,14.6484375,-99.12109375,0.0,0,0
1766593632.8204548,1766593632.7773342,-851.5625,-26.3671875,44.921875,-56.15234375,0.0,0,0
1766593632.8204842,1766593632.7812338,351.07421875,17.578125,-96.19140625,-30.2734375,0.0,0,0
1766593632.820545,1766593632.7851331,-922.8515625,-26.85546875,-201.171875,-26.85546875,0.0,0,0
1766593632.820603,1766593632.7890327,-1000.0,-132.8125,-137.20703125,-91.796875,0.0,0,0
1766593632.820669,1766593632.792932,106.4453125,-46.875,46.38671875,-40.0390625,0.0,0,0
1766593632.8804731,1766593632.796963,-848.14453125,-6.8359375,110.83984375,65.4296875,0.0,0,0
1766593632.8805592,1766593632.8008626,407.71484375,-16.11328125,-52.734375,-45.8984375,0.0,0,0
1766593632.8805928,1766593632.8047621,-856.93359375,14.16015625,-175.29296875,-172.36328125,0.0,0,0
1766593632.880623,1766593632.8086615,-1000.0,-24.90234375,-101.07421875,-148.92578125,0.0,0,0
1766593632.8806531,1766593632.812561,-53.7109375,-60.546875,33.203125,-176.26953125,0.0,0,0
1766593632.880682,1766593632.8164604,-889.6484375,20.99609375,43.9453125,-142.08984375,0.0,0,0
1766593632.880712,1766593632.82036,590.33203125,17.08984375,-62.98828125,15.625,0.0,0,0
1766593632.8807402,1766593632.8242593,-656.73828125,-94.7265625,-148.92578125,-3.90625,0.0,0,0
1766593632.88077,1766593632.8281589,-1000.0,-10.25390625,-170.8984375,-44.921875,0.0,0,0
1766593632.880799,1766593632.8320582,-206.0546875,30.2734375,-17.08984375,-60.05859375,0.0,0,0
1766593632.880827,1766593632.8359578,-946.77734375,-3.90625,131.34765625,-30.76171875,0.0,0,0
1766593632.880856,1766593632.839857,725.5859375,13.18359375,29.78515625,-24.4140625,0.0,0,0
1766593632.925178,1766593632.8438811,-490.72265625,-14.16015625,-110.83984375,-78.61328125,0.0,0,0
1766593632.9252899,1766593632.8477807,-1000.0,-79.1015625,-92.28515625,-78.61328125,0.0,0,0
1766593632.925318,1766593632.85168,-284.1796875,-75.1953125,-6.34765625,-47.8515625,0.0,0,0
1766593632.925343,1766593632.8555796,997.55859375,25.390625,77.1484375,16.11328125,0.0,0,0
1766593632.925367,1766593632.859479,851.5625,102.05078125,11.71875,52.24609375,0.0,0,0
1766593632.9253912,1766593632.8633785,-322.75390625,65.4296875,-117.1875,-27.34375,0.0,0,0
1766593632.925416,1766593632.867278,-1000.0,-33.203125,-75.68359375,-161.1328125,0.0,0,0
1766593632.925439,1766593632.8711774,-396.97265625,-17.08984375,-11.23046875,-132.8125,0.0,0,0
1766593632.925465,1766593632.875077,887.20703125,12.20703125,76.66015625,33.203125,0.0,0,0
1766593632.925489,1766593632.8789763,989.2578125,6.8359375,43.45703125,52.734375,0.0,0,0
1766593632.925513,1766593632.882876,-129.39453125,44.921875,-110.83984375,-4.8828125,0.0,0,0
1766593632.925536,1766593632.8867755,-1000.0,-18.5546875,-125.9765625,-97.16796875,0.0,0,0
1766593632.955368,1766593632.8907394,-558.59375,-59.08203125,-28.80859375,-118.65234375,0.0,0,0
1766593632.955471,1766593632.8946388,691.40625,11.71875,50.78125,-54.19921875,0.0,0,0
1766593632.955528,1766593632.8985384,-896.484375,59.08203125,43.9453125,-12.6953125,0.0,0,0
1766593632.95558,1766593632.9024377,92.7734375,35.15625,-74.70703125,-23.4375,0.0,0,0
1766593632.955631,1766593632.9063373,-1000.0,-83.0078125,-163.0859375,-71.77734375,0.0,0,0
1766593632.955681,1766593632.9102368,-620.1171875,-55.6640625,-40.0390625,-11.23046875,0.0,0,0
1766593632.9557319,1766593632.9141362,639.16015625,79.1015625,115.234375,42.96875,0.0,0,0
1766593632.955782,1766593632.9180357,-868.1640625,69.82421875,62.5,2.9296875,0.0,0,0
1766593632.9560509,1766593632.9219353,192.3828125,10.7421875,-66.89453125,-9.765625,0.0,0,0
1766593632.956108,1766593632.9258347,-1000.0,-32.71484375,-88.37890625,-41.9921875,0.0,0,0
1766593632.956158,1766593632.9297342,-784.1796875,-9.765625,-20.01953125,-74.70703125,0.0,0,0
1766593632.956209,1766593632.9336338,421.38671875,6.34765625,70.3125,-50.78125,0.0,0,0
1766593633.004042,1766593632.9375954,-856.93359375,-1.46484375,89.84375,-62.5,0.0,0,0
1766593633.004168,1766593632.941495,320.80078125,64.94140625,-45.8984375,-39.55078125,0.0,0,0
1766593633.004226,1766593632.9453943,-956.54296875,62.5,-107.421875,-0.9765625,0.0,0,0
1766593633.00428,1766593632.9492939,-971.6796875,-37.59765625,-22.94921875,-83.0078125,0.0,0,0
1766593633.004332,1766593632.9531934,179.19921875,-8.7890625,44.921875,-71.2890625,0.0,0,0
1766593633.004384,1766593632.9570928,-856.4453125,49.31640625,95.21484375,9.27734375,0.0,0,0
1766593633.004512,1766593632.9609923,447.75390625,-7.32421875,5.37109375,28.3203125,0.0,0,0
1766593633.004589,1766593632.964892,-833.984375,-9.765625,-77.1484375,-12.6953125,0.0,0,0
1766593633.004645,1766593632.9687912,-1000.0,-9.27734375,-35.64453125,-82.51953125,0.0,0,0
1766593633.0046961,1766593632.9726908,36.62109375,1.953125,57.6171875,-73.2421875,0.0,0,0
1766593633.004748,1766593632.9765904,-869.140625,55.17578125,54.6875,-10.25390625,0.0,0,0
1766593633.004797,1766593632.9804897,529.296875,21.484375,-38.0859375,21.484375,0.0,0,0
1766593633.045852,1766593632.9844453,-739.74609375,-36.62109375,-103.02734375,-31.73828125,0.0,0,0
1766593633.0459661,1766593632.9883447,-1000.0,-76.171875,-83.0078125,-67.87109375,0.0,0,0
1766593633.046023,1766593632.9922442,-91.30859375,-12.20703125,39.0625,-41.015625,0.0,0,0
1766593633.0460758,1766593632.9961438,-898.4375,76.171875,103.02734375,-19.53125,0.0,0,0
1766593633.046128,1766593633.0000432,646.484375,55.17578125,-4.39453125,15.13671875,0.0,0,0
1766593633.046179,1766593633.0039427,-578.125,0.48828125,-70.80078125,4.8828125,0.0,0,0
1766593633.04623,1766593633.0078423,-1000.0,41.9921875,-81.54296875,-53.7109375,0.0,0,0
1766593633.046279,1766593633.0117416,-306.15234375,62.98828125,-18.5546875,-47.36328125,0.0,0,0
1766593633.046338,1766593633.0156412,-979.98046875,59.08203125,91.30859375,31.73828125,0.0,0,0
1766593633.046413,1766593633.0195408,732.421875,73.2421875,25.87890625,12.20703125,0.0,0,0
1766593633.04647,1766593633.0234401,-518.06640625,0.9765625,-81.54296875,-68.359375,0.0,0,0
1766593633.046526,1766593633.0273397,-1000.0,-43.45703125,-84.47265625,-83.0078125,0.0,0,0
1766593633.106124,1766593633.0312881,-444.3359375,14.6484375,23.92578125,-15.625,0.0,0,0
1766593633.10625,1766593633.0351875,885.25390625,74.21875,128.41796875,64.94140625,0.0,0,0
1766593633.106368,1766593633.039087,903.3203125,62.98828125,52.734375,52.734375,0.0,0,0
1766593633.106432,1766593633.0429866,-312.98828125,44.921875,-108.88671875,-49.8046875,0.0,0,0
1766593633.106487,1766593633.046886,-1000.0,-4.8828125,-104.00390625,-107.421875,0.0,0,0
1766593633.106539,1766593633.0507855,-563.4765625,3.90625,31.25,-85.9375,0.0,0,0
1766593633.10659,1766593633.054685,729.00390625,96.19140625,93.26171875,-53.22265625,0.0,0,0
1766593633.1066408,1766593633.0585847,-972.16796875,127.9296875,39.55078125,-33.203125,0.0,0,0
1766593633.106692,1766593633.062484,-140.625,68.359375,-80.078125,-90.33203125,0.0,0,0
1766593633.10674,1766593633.0663836,-1000.0,6.8359375,-125.9765625,-125.48828125,0.0,0,0
1766593633.106789,1766593633.0702832,-727.05078125,40.52734375,-11.71875,-132.8125,0.0,0,0
1766593633.106839,1766593633.0741825,501.953125,110.83984375,99.609375,-104.00390625,0.0,0,0
