{
  "final_metrics": {
    "loss": 0.5746287124998429,
    "accuracy": 0.7003891050583657,
    "precision": 0.8591549295774648,
    "recall": 0.4765625,
    "f1": 0.6130653266331658
  },
  "config": {
    "window_seconds": 3.0,
    "epochs": 50,
    "batch_size": 16,
    "lr": 0.001,
    "train_samples": 385,
    "val_samples": 257
  },
  "timestamp": "2025-12-12T15:42:11.397524",
  "feature_importance": {
    "TP9_delta": 38.82441329956055,
    "TP9_theta": 50.736515045166016,
    "TP9_alpha": 24.338708877563477,
    "TP9_beta": 49.636688232421875,
    "TP9_low_gamma": 23.893455505371094,
    "TP9_high_gamma": 74.26986694335938,
    "TP9_very_high": 52.218936920166016,
    "AF7_delta": 19.404787063598633,
    "AF7_theta": 36.313392639160156,
    "AF7_alpha": 33.22433090209961,
    "AF7_beta": 45.44899368286133,
    "AF7_low_gamma": 20.660634994506836,
    "AF7_high_gamma": 78.24479675292969,
    "AF7_very_high": 25.709333419799805,
    "AF8_delta": 44.37206268310547,
    "AF8_theta": 32.464073181152344,
    "AF8_alpha": 29.012048721313477,
    "AF8_beta": 54.67955017089844,
    "AF8_low_gamma": 20.01884651184082,
    "AF8_high_gamma": 100.0,
    "AF8_very_high": 67.70853424072266,
    "TP10_delta": 50.22888946533203,
    "TP10_theta": 54.23740005493164,
    "TP10_alpha": 35.00882339477539,
    "TP10_beta": 77.57275390625,
    "TP10_low_gamma": 68.98729705810547,
    "TP10_high_gamma": 70.595458984375,
    "TP10_very_high": 72.43616485595703
  },
  "electrode_band_importance": {
    "TP9": {
      "delta": 38.82441329956055,
      "theta": 50.736515045166016,
      "alpha": 24.338708877563477,
      "beta": 49.636688232421875,
      "low_gamma": 23.893455505371094,
      "high_gamma": 74.26986694335938,
      "very_high": 52.218936920166016
    },
    "AF7": {
      "delta": 19.404787063598633,
      "theta": 36.313392639160156,
      "alpha": 33.22433090209961,
      "beta": 45.44899368286133,
      "low_gamma": 20.660634994506836,
      "high_gamma": 78.24479675292969,
      "very_high": 25.709333419799805
    },
    "AF8": {
      "delta": 44.37206268310547,
      "theta": 32.464073181152344,
      "alpha": 29.012048721313477,
      "beta": 54.67955017089844,
      "low_gamma": 20.01884651184082,
      "high_gamma": 100.0,
      "very_high": 67.70853424072266
    },
    "TP10": {
      "delta": 50.22888946533203,
      "theta": 54.23740005493164,
      "alpha": 35.00882339477539,
      "beta": 77.57275390625,
      "low_gamma": 68.98729705810547,
      "high_gamma": 70.595458984375,
      "very_high": 72.43616485595703
    }
  }
}