{
  "final_metrics": {
    "loss": 0.5672266465776107,
    "accuracy": 0.6770428015564203,
    "precision": 0.8169014084507042,
    "recall": 0.453125,
    "f1": 0.5829145728643216
  },
  "config": {
    "window_seconds": 3.0,
    "epochs": 30,
    "batch_size": 16,
    "lr": 0.001,
    "train_samples": 385,
    "val_samples": 257
  },
  "timestamp": "2025-12-12T15:17:54.973779"
}