rank,word,total,text_count,tex_count,kind
1,the,2118,2031,87,BOTH
2,and,1078,974,104,BOTH
3,a,921,901,20,BOTH
4,of,731,703,28,BOTH
5,to,625,610,15,BOTH
6,is,623,590,33,BOTH
7,in,519,495,24,BOTH
8,that,443,425,18,BOTH
9,this,369,346,23,BOTH
10,as,342,336,6,BOTH
11,for,314,296,18,BOTH
12,it,272,256,16,BOTH
13,engagement,264,264,0,TEXT
14,not,244,224,20,BOTH
15,with,239,228,11,BOTH
16,ref,211,0,211,TEX
17,cite,207,2,205,BOTH
18,than,203,200,3,BOTH
19,from,197,192,5,BOTH
20,sec,181,0,181,TEX
21,are,172,167,5,BOTH
22,Section,166,125,41,BOTH
23,texttt,165,0,165,TEX
24,on,159,144,15,BOTH
25,an,153,150,3,BOTH
26,be,148,139,9,BOTH
27,rather,147,143,4,BOTH
28,or,145,141,4,BOTH
29,by,137,130,7,BOTH
30,at,129,126,3,BOTH
31,EEG,122,111,11,BOTH
32,was,122,118,4,BOTH
33,SKIP,121,112,9,BOTH
34,label,117,35,82,BOTH
35,Index,115,115,0,TEXT
36,signal,106,105,1,BOTH
37,frequency,103,103,0,TEXT
38,were,103,101,2,BOTH
39,which,102,95,7,BOTH
40,window,100,100,0,TEXT
41,but,99,91,8,BOTH
42,figure,97,40,57,BOTH
43,more,97,88,9,BOTH
44,features,96,95,1,BOTH
45,class,94,92,2,BOTH
46,two,91,86,5,BOTH
47,STAY,89,79,10,BOTH
48,same,85,65,20,BOTH
49,feature,84,80,4,BOTH
50,present,84,83,1,BOTH
51,thesis,83,72,11,BOTH
52,across,81,81,0,TEXT
53,all,81,58,23,BOTH
54,what,77,77,0,TEXT
55,textbf,76,0,76,TEX
56,one,75,74,1,BOTH
57,data,74,59,15,BOTH
58,these,73,73,0,TEXT
59,fig,72,0,72,TEX
60,analysis,69,68,1,BOTH
61,used,69,64,5,BOTH
62,second,68,67,1,BOTH
63,behavioral,67,66,1,BOTH
64,literature,67,54,13,BOTH
65,only,67,62,5,BOTH
66,work,67,66,1,BOTH
67,each,66,63,3,BOTH
68,between,65,64,1,BOTH
69,d,65,6,59,BOTH
70,end,65,9,56,BOTH
71,has,64,63,1,BOTH
72,no,64,61,3,BOTH
73,participants,64,62,2,BOTH
74,baseline,62,61,1,BOTH
75,Hz,62,60,2,BOTH
76,temporal,62,58,4,BOTH
77,raw,61,59,2,BOTH
78,definition,60,58,2,BOTH
79,results,60,48,12,BOTH
80,standard,60,59,1,BOTH
81,swipe,60,59,1,BOTH
82,time,60,60,0,TEXT
83,begin,59,2,57,BOTH
84,s,59,47,12,BOTH
85,size,59,22,37,BOTH
86,can,58,55,3,BOTH
87,here,55,53,2,BOTH
88,its,55,52,3,BOTH
89,may,55,53,2,BOTH
90,performance,55,52,3,BOTH
91,because,54,54,0,TEXT
92,mean,54,50,4,BOTH
93,their,54,53,1,BOTH
94,text,53,0,53,TEX
95,participant,52,43,9,BOTH
96,attention,51,50,1,BOTH
97,band,51,48,3,BOTH
98,single,50,49,1,BOTH
99,they,50,47,3,BOTH
100,while,50,49,1,BOTH
101,both,49,47,2,BOTH
102,consistent,49,29,20,BOTH
103,directly,49,49,0,TEXT
104,research,49,49,0,TEXT
105,therefore,49,49,0,TEXT
106,video,49,48,1,BOTH
107,activity,48,47,1,BOTH
108,separability,48,48,0,TEXT
109,three,48,47,1,BOTH
110,viewing,47,46,1,BOTH
111,where,47,46,1,BOTH
112,individual,46,44,2,BOTH
113,reported,46,46,0,TEXT
114,within,46,46,0,TEXT
115,gap,45,44,1,BOTH
116,into,45,44,1,BOTH
117,does,44,44,0,TEXT
118,over,44,44,0,TEXT
119,al,43,43,0,TEXT
120,broadband,43,42,1,BOTH
121,content,43,42,1,BOTH
122,et,43,43,0,TEXT
123,event,43,40,3,BOTH
124,such,43,42,1,BOTH
125,any,42,41,1,BOTH
126,classification,42,42,0,TEXT
127,should,42,42,0,TEXT
128,established,41,41,0,TEXT
129,health,41,40,1,BOTH
130,parameter,41,40,1,BOTH
131,peak,41,36,5,BOTH
132,so,41,33,8,BOTH
133,study,41,41,0,TEXT
134,how,40,34,6,BOTH
135,length,40,40,0,TEXT
136,naturalistic,40,39,1,BOTH
137,runs,40,3,37,BOTH
138,evidence,39,39,0,TEXT
139,when,39,38,1,BOTH
140,would,39,38,1,BOTH
141,gamma,38,12,26,BOTH
142,TP10,38,36,2,BOTH
143,windows,38,37,1,BOTH
144,construct,37,37,0,TEXT
145,delta,37,33,4,BOTH
146,parameters,37,37,0,TEXT
147,task,37,37,0,TEXT
148,whether,37,37,0,TEXT
149,AF7,36,32,4,BOTH
150,against,36,36,0,TEXT
151,data_analysis_and_results,36,0,36,TEX
152,do,36,35,1,BOTH
153,emph,36,0,36,TEX
154,item,36,1,35,BOTH
155,model,36,35,1,BOTH
156,recording,36,30,6,BOTH
157,run_20260611_220844,36,0,36,TEX
158,subsection,36,0,36,TEX
159,use,36,36,0,TEXT
160,viz,36,0,36,TEX
161,without,36,33,3,BOTH
162,during,35,35,0,TEXT
163,n,35,5,30,BOTH
164,also,34,33,1,BOTH
165,been,34,34,0,TEXT
166,before,34,34,0,TEXT
167,centering,34,0,34,TEX
168,decision,34,34,0,TEXT
169,most,34,34,0,TEXT
170,period,34,34,0,TEXT
171,state,34,33,1,BOTH
172,textwidth,34,0,34,TEX
173,under,34,34,0,TEXT
174,cognitive,33,32,1,BOTH
175,duration,33,32,1,BOTH
176,if,33,32,1,BOTH
177,labeling,33,33,0,TEXT
178,pipeline,33,32,1,BOTH
179,shown,33,33,0,TEXT
180,width,33,0,33,TEX
181,alpha,32,14,18,BOTH
182,burst,32,32,0,TEXT
183,H,32,32,0,TEXT
184,measurement,32,32,0,TEXT
185,power,32,32,0,TEXT
186,sample,32,31,1,BOTH
187,short-form,32,32,0,TEXT
188,sustained,32,31,1,BOTH
189,bands,31,31,0,TEXT
190,cannot,31,31,0,TEXT
191,caption,31,0,31,TEX
192,different,31,28,3,BOTH
193,first,31,30,1,BOTH
194,further,31,28,3,BOTH
195,future,31,30,1,BOTH
196,high,31,27,4,BOTH
197,above,30,27,3,BOTH
198,axis,30,1,29,BOTH
199,behavior,30,30,0,TEXT
200,continuous,30,30,0,TEXT
201,includegraphics,30,0,30,TEX
202,level,30,30,0,TEXT
203,per,30,26,4,BOTH
204,specific,30,30,0,TEXT
205,them,30,27,3,BOTH
206,chapter,29,19,10,BOTH
207,Cohen’s,29,29,0,TEXT
208,self-paced,29,29,0,TEXT
209,together,29,29,0,TEXT
210,about,28,26,2,BOTH
211,conventional,28,28,0,TEXT
212,defined,28,28,0,TEXT
213,descriptor,28,3,25,BOTH
214,disengagement,28,26,2,BOTH
215,electrode,28,27,1,BOTH
216,measured,28,28,0,TEXT
217,onset,28,28,0,TEXT
218,png,28,0,28,TEX
219,Recall,28,25,3,BOTH
220,relative,28,28,0,TEXT
221,sensitivity,28,28,0,TEXT
222,structure,28,28,0,TEXT
223,TikTok,28,28,0,TEXT
224,y,28,0,28,TEX
225,ADD,27,0,27,TEX
226,AF8,27,24,3,BOTH
227,events,27,27,0,TEXT
228,I,27,27,0,TEXT
229,independent,27,27,0,TEXT
230,itself,27,27,0,TEXT
231,statistical,27,24,3,BOTH
232,using,27,26,1,BOTH
233,value,27,22,5,BOTH
234,via,27,27,0,TEXT
235,beyond,26,25,1,BOTH
236,classes,26,24,2,BOTH
237,could,26,25,1,BOTH
238,metric,26,25,1,BOTH
239,models,26,23,3,BOTH
240,neural,26,26,0,TEXT
241,paradigm,26,26,0,TEXT
242,physiological,26,26,0,TEXT
243,recorded,26,25,1,BOTH
244,beta,25,11,14,BOTH
245,deviation,25,25,0,TEXT
246,effect,25,25,0,TEXT
247,findings,25,25,0,TEXT
248,found,25,25,0,TEXT
249,measure,25,25,0,TEXT
250,measures,25,25,0,TEXT
251,setting,25,25,0,TEXT
252,suggests,25,25,0,TEXT
253,top,25,21,4,BOTH
254,artifact,24,19,5,BOTH
255,headband,24,23,1,BOTH
256,labels,24,5,19,BOTH
257,message,24,24,0,TEXT
258,states,24,24,0,TEXT
259,theta,24,8,16,BOTH
260,choice,23,23,0,TEXT
261,electrodes,23,23,0,TEXT
262,high-gamma,23,22,1,BOTH
263,imminent-skip,23,23,0,TEXT
264,separation,23,23,0,TEXT
265,strongest,23,23,0,TEXT
266,through,23,23,0,TEXT
267,amplitude,22,22,0,TEXT
268,digital,22,21,1,BOTH
269,e,22,21,1,BOTH
270,evaluation,22,18,4,BOTH
271,fixed,22,22,0,TEXT
272,metrics,22,21,1,BOTH
273,pattern,22,21,1,BOTH
274,point,22,20,2,BOTH
275,precedent,22,22,0,TEXT
276,prior,22,22,0,TEXT
277,proxy,22,22,0,TEXT
278,seconds,22,22,0,TEXT
279,specifically,22,22,0,TEXT
280,t,22,0,22,TEX
281,test,22,19,3,BOTH
282,yet,22,22,0,TEXT
283,attentional,21,21,0,TEXT
284,contamination,21,21,0,TEXT
285,contribution,21,20,1,BOTH
286,current,21,2,19,BOTH
287,default,21,20,1,BOTH
288,design,21,21,0,TEXT
289,even,21,21,0,TEXT
290,makes,21,19,2,BOTH
291,moment,21,18,3,BOTH
292,number,21,12,9,BOTH
293,paragraph,21,1,20,BOTH
294,public,21,21,0,TEXT
295,question,21,21,0,TEXT
296,threshold,21,21,0,TEXT
297,equation,20,2,18,BOTH
298,every,20,17,3,BOTH
299,experimental,20,20,0,TEXT
300,g,20,17,3,BOTH
301,information,20,20,0,TEXT
302,instead,20,16,4,BOTH
303,legend,20,0,20,TEX
304,need,20,8,12,BOTH
305,own,20,19,1,BOTH
306,p,20,2,18,BOTH
307,Precision,20,17,3,BOTH
308,predictive,20,19,1,BOTH
309,result,20,19,1,BOTH
310,set,20,19,1,BOTH
311,then,20,19,1,BOTH
312,accuracy,19,17,2,BOTH
313,behavioural,19,19,0,TEXT
314,boundary,19,19,0,TEXT
315,comparison,19,15,4,BOTH
316,discriminative,19,19,0,TEXT
317,EI,19,10,9,BOTH
318,EMG,19,17,2,BOTH
319,explicitly,19,19,0,TEXT
320,feed,19,19,0,TEXT
321,informative,19,19,0,TEXT
322,make,19,5,14,BOTH
323,markers,19,19,0,TEXT
324,physical,19,19,0,TEXT
325,range,19,19,0,TEXT
326,scrolling,19,18,1,BOTH
327,swipes,19,19,0,TEXT
328,absolute,18,18,0,TEXT
329,baughan_i_2022,18,0,18,TEX
330,browsing,18,18,0,TEXT
331,consumption,18,18,0,TEXT
332,group,18,18,0,TEXT
333,have,18,18,0,TEXT
334,input,18,5,13,BOTH
335,interval,18,18,0,TEXT
336,methodological,18,17,1,BOTH
337,preceding,18,18,0,TEXT
338,process,18,18,0,TEXT
339,reference,18,17,1,BOTH
340,separate,18,18,0,TEXT
341,tab,18,0,18,TEX
342,those,18,17,1,BOTH
343,time-domain,18,18,0,TEXT
344,treated,18,18,0,TEXT
345,validation,18,18,0,TEXT
346,vspace,18,0,18,TEX
347,chap,17,0,17,TEX
348,computed,17,17,0,TEXT
349,described,17,17,0,TEXT
350,effects,17,17,0,TEXT
351,excluded,17,17,0,TEXT
352,four,17,17,0,TEXT
353,however,17,17,0,TEXT
354,isolated,17,17,0,TEXT
355,ratio,17,17,0,TEXT
356,relevant,17,16,1,BOTH
357,script,17,17,0,TEXT
358,shows,17,15,2,BOTH
359,significantly,17,15,2,BOTH
360,Table,17,13,4,BOTH
361,though,17,17,0,TEXT
362,validated,17,17,0,TEXT
363,applied,16,16,0,TEXT
364,brain,16,16,0,TEXT
365,chance,16,15,1,BOTH
366,comparable,16,16,0,TEXT
367,consumer-grade,16,15,1,BOTH
368,frac,16,0,16,TEX
369,frontal,16,16,0,TEXT
370,hardware,16,16,0,TEXT
371,intervals,16,16,0,TEXT
372,line,16,13,3,BOTH
373,Logistic,16,16,0,TEXT
374,Methods,16,11,5,BOTH
375,minipage,16,0,16,TEX
376,movement,16,16,0,TEXT
377,particular,16,16,0,TEXT
378,platform,16,16,0,TEXT
379,primary,16,16,0,TEXT
380,questions,16,16,0,TEXT
381,Regression,16,16,0,TEXT
382,show,16,14,2,BOTH
383,small,16,16,0,TEXT
384,spectral,16,16,0,TEXT
385,statistics,16,16,0,TEXT
386,still,16,15,1,BOTH
387,strong,16,15,1,BOTH
388,Taken,16,16,0,TEXT
389,user,16,16,0,TEXT
390,well,16,16,0,TEXT
391,alone,15,15,0,TEXT
392,candidate,15,15,0,TEXT
393,capture,15,15,0,TEXT
394,dissociative,15,15,0,TEXT
395,distribution,15,15,0,TEXT
396,double,15,0,15,TEX
397,exactly,15,14,1,BOTH
398,fully,15,15,0,TEXT
399,inter-subject,15,15,0,TEXT
400,low,15,15,0,TEXT
401,media,15,15,0,TEXT
402,moontaha_online_2023,15,0,15,TEX
403,motor,15,14,1,BOTH
404,Muse,15,14,1,BOTH
405,observed,15,15,0,TEXT
406,passive,15,15,0,TEXT
407,precisely,15,15,0,TEXT
408,rate,15,15,0,TEXT
409,scope,15,14,1,BOTH
410,sessions,15,14,1,BOTH
411,stated,15,15,0,TEXT
412,times,15,7,8,BOTH
413,units,15,15,0,TEXT
414,url,15,0,15,TEX
415,B,14,4,10,BOTH
416,below,14,13,1,BOTH
417,better,14,14,0,TEXT
418,communication,14,14,0,TEXT
419,component,14,14,0,TEXT
420,dataset,14,13,1,BOTH
421,definitions,14,14,0,TEXT
422,derived,14,14,0,TEXT
423,detection,14,14,0,TEXT
424,full,14,11,3,BOTH
425,including,14,14,0,TEXT
426,instrument,14,14,0,TEXT
427,interaction,14,14,0,TEXT
428,intervention,14,13,1,BOTH
429,knierim_flow_2026,14,0,14,TEX
430,marker,14,14,0,TEXT
431,means,14,14,0,TEXT
432,method_parameter_sensitivity,14,0,14,TEX
433,moments,14,14,0,TEXT
434,processing,14,13,1,BOTH
435,quantity,14,14,0,TEXT
436,read,14,12,2,BOTH
437,resulting,14,14,0,TEXT
438,results_feature_importance,14,0,14,TEX
439,scheme,14,14,0,TEXT
440,session,14,12,2,BOTH
441,since,14,14,0,TEXT
442,terms,14,14,0,TEXT
443,training,14,14,0,TEXT
444,underlying,14,14,0,TEXT
445,you,14,14,0,TEXT
446,after,13,12,1,BOTH
447,artifacts,13,13,0,TEXT
448,being,13,13,0,TEXT
449,Bluetooth,13,12,1,BOTH
450,conditions,13,13,0,TEXT
451,criterion,13,13,0,TEXT
452,did,13,13,0,TEXT
453,difference,13,13,0,TEXT
454,differences,13,12,1,BOTH
455,EEG-based,13,13,0,TEXT
456,em,13,0,13,TEX
457,gaps,13,13,0,TEXT
458,github,13,1,12,BOTH
459,independently,13,13,0,TEXT
460,indicate,13,13,0,TEXT
461,INSERT,13,0,13,TEX
462,keypress,13,12,1,BOTH
463,labeled,13,13,0,TEXT
464,limited,13,13,0,TEXT
465,Mobility,13,10,3,BOTH
466,must,13,12,1,BOTH
467,Neuroscience,13,7,6,BOTH
468,outside,13,11,2,BOTH
469,platforms,13,13,0,TEXT
470,points,13,13,0,TEXT
471,predicted,13,13,0,TEXT
472,rapid,13,13,0,TEXT
473,require,13,12,1,BOTH
474,some,13,13,0,TEXT
475,standardized,13,13,0,TEXT
476,studies,13,13,0,TEXT
477,synchronization,13,12,1,BOTH
478,tex,13,0,13,TEX
479,timing,13,12,1,BOTH
480,toward,13,13,0,TEXT
481,true,13,9,4,BOTH
482,Users,13,7,6,BOTH
483,values,13,13,0,TEXT
484,variability,13,13,0,TEXT
485,variance,13,13,0,TEXT
486,X,13,0,13,TEX
487,action,12,10,2,BOTH
488,already,12,10,2,BOTH
489,approach,12,12,0,TEXT
490,boundaries,12,12,0,TEXT
491,coffeeandcoffee,12,0,12,TEX
492,com,12,0,12,TEX
493,composite,12,12,0,TEXT
494,cross-validation,12,12,0,TEXT
495,developed,12,12,0,TEXT
496,direction,12,10,2,BOTH
497,distinct,12,12,0,TEXT
498,eeg_tiktok_pipeline,12,0,12,TEX
499,enough,12,12,0,TEXT
500,extracted,12,12,0,TEXT
501,extraction,12,12,0,TEXT
502,field,12,12,0,TEXT
503,fold,12,9,3,BOTH
504,following,12,11,1,BOTH
505,https,12,0,12,TEX
506,identified,12,12,0,TEXT
507,indicator,12,12,0,TEXT
508,left,12,12,0,TEXT
509,merely,12,12,0,TEXT
510,modest,12,12,0,TEXT
511,non-skip,12,12,0,TEXT
512,once,12,12,0,TEXT
513,optimal,12,12,0,TEXT
514,other,12,12,0,TEXT
515,out,12,12,0,TEXT
516,reach,12,12,0,TEXT
517,reduced,12,12,0,TEXT
518,reflect,12,12,0,TEXT
519,required,12,12,0,TEXT
520,results_interpretation,12,0,12,TEX
521,Sections,12,11,1,BOTH
522,selection,12,11,1,BOTH
523,signals,12,12,0,TEXT
524,stream,12,12,0,TEXT
525,strictly,12,11,1,BOTH
526,support,12,11,1,BOTH
527,testing,12,12,0,TEXT
528,textit,12,0,12,TEX
529,third,12,12,0,TEXT
530,total,12,12,0,TEXT
531,uninterrupted,12,12,0,TEXT
532,versus,12,12,0,TEXT
533,whereas,12,12,0,TEXT
534,whose,12,12,0,TEXT
535,account,11,11,0,TEXT
536,application,11,11,0,TEXT
537,associated,11,11,0,TEXT
538,average,11,11,0,TEXT
539,behaviour,11,11,0,TEXT
540,captures,11,11,0,TEXT
541,claim,11,10,1,BOTH
542,class-separation,11,11,0,TEXT
543,clinical,11,11,0,TEXT
544,control,11,11,0,TEXT
545,cross-participant,11,11,0,TEXT
546,distributions,11,11,0,TEXT
547,effortful,11,11,0,TEXT
548,equally,11,11,0,TEXT
549,especially,11,11,0,TEXT
550,evaluated,11,11,0,TEXT
551,executed,11,11,0,TEXT
552,exit,11,11,0,TEXT
553,field's,11,11,0,TEXT
554,final,11,11,0,TEXT
555,five,11,11,0,TEXT
556,follows,11,11,0,TEXT
557,general,11,11,0,TEXT
558,Hjorth,11,11,0,TEXT
559,indicates,11,11,0,TEXT
560,instances,11,11,0,TEXT
561,interpretation,11,11,0,TEXT
562,later,11,11,0,TEXT
563,long,11,10,1,BOTH
564,me,11,11,0,TEXT
565,motivates,11,11,0,TEXT
566,muscle,11,11,0,TEXT
567,Neither,11,11,0,TEXT
568,open,11,11,0,TEXT
569,output,11,11,0,TEXT
570,overall,11,9,2,BOTH
571,paradigms,11,11,0,TEXT
572,part,11,10,1,BOTH
573,perski_conceptualising_2017,11,0,11,TEX
574,py,11,0,11,TEX
575,regions,11,11,0,TEXT
576,remains,11,11,0,TEXT
577,responses,11,11,0,TEXT
578,scalar,11,11,0,TEXT
579,see,11,4,7,BOTH
580,signature,11,11,0,TEXT
581,significance,11,10,1,BOTH
582,something,11,11,0,TEXT
583,space,11,9,2,BOTH
584,strongly,11,11,0,TEXT
585,substantially,11,11,0,TEXT
586,subsubsection,11,0,11,TEX
587,system,11,11,0,TEXT
588,target,11,11,0,TEXT
589,tested,11,11,0,TEXT
590,up,11,11,0,TEXT
591,varied,11,11,0,TEXT
592,voluntary,11,11,0,TEXT
593,way,11,11,0,TEXT
594,why,11,9,2,BOTH
595,addressed,10,9,1,BOTH
596,aggregate,10,10,0,TEXT
597,ambiguity,10,10,0,TEXT
598,answer,10,10,0,TEXT
599,away,10,10,0,TEXT
600,bar,10,0,10,TEX
601,bars,10,5,5,BOTH
602,blocks,10,9,1,BOTH
603,broader,10,10,0,TEXT
604,carry,10,10,0,TEXT
605,case,10,9,1,BOTH
606,change,10,10,0,TEXT
607,complexity,10,9,1,BOTH
608,conclusion,10,7,3,BOTH
609,cortical,10,10,0,TEXT
610,count,10,10,0,TEXT
611,counts,10,10,0,TEXT
612,currently,10,10,0,TEXT
613,debettencourt_sustained_2021,10,0,10,TEX
614,descriptors,10,10,0,TEXT
615,device,10,10,0,TEXT
616,effective,10,10,0,TEXT
617,engaged,10,10,0,TEXT
618,existing,10,10,0,TEXT
619,follow,10,10,0,TEXT
620,framework,10,10,0,TEXT
621,had,10,9,1,BOTH
622,interpreted,10,10,0,TEXT
623,larger,10,10,0,TEXT
624,less,10,9,1,BOTH
625,Macro,10,8,2,BOTH
626,minutes,10,10,0,TEXT
627,ms,10,9,1,BOTH
628,much,10,10,0,TEXT
629,next,10,10,0,TEXT
630,noise,10,10,0,TEXT
631,none,10,8,2,BOTH
632,overlap,10,9,1,BOTH
633,positive,10,10,0,TEXT
634,practical,10,10,0,TEXT
635,preprocessing,10,10,0,TEXT
636,property,10,10,0,TEXT
637,protocol,10,10,0,TEXT
638,Quality,10,4,6,BOTH
639,real,10,9,1,BOTH
640,repeated,10,10,0,TEXT
641,results_burst_analysis,10,0,10,TEX
642,results_model_performance,10,0,10,TEX
643,risk,10,10,0,TEXT
644,sampling,10,10,0,TEXT
645,settings,10,10,0,TEXT
646,sigma,10,0,10,TEX
647,significant,10,10,0,TEXT
648,social,10,10,0,TEXT
649,statistically,10,9,1,BOTH
650,stronger,10,10,0,TEXT
651,systems,10,10,0,TEXT
652,TP,10,4,6,BOTH
653,TP9,10,10,0,TEXT
654,treating,10,10,0,TEXT
655,viewer,10,10,0,TEXT
656,viz04,10,0,10,TEX
657,vs,10,2,8,BOTH
658,watch,10,10,0,TEXT
659,watching,10,10,0,TEXT
660,yields,10,10,0,TEXT
661,adjacent,9,9,0,TEXT
662,alongside,9,9,0,TEXT
663,analyses,9,9,0,TEXT
664,approximately,9,9,0,TEXT
665,automated,9,9,0,TEXT
666,best,9,9,0,TEXT
667,binary,9,9,0,TEXT
668,BP,9,9,0,TEXT
669,bursts,9,5,4,BOTH
670,Cohen's,9,9,0,TEXT
671,combination,9,9,0,TEXT
672,comparing,9,9,0,TEXT
673,comparisons,9,9,0,TEXT
674,components,9,9,0,TEXT
675,consistently,9,9,0,TEXT
676,context,9,9,0,TEXT
677,controlled,9,9,0,TEXT
678,data_analysis,9,0,9,TEX
679,deviations,9,9,0,TEXT
680,distinction,9,9,0,TEXT
681,distributed,9,9,0,TEXT
682,downstream,9,9,0,TEXT
683,dropouts,9,5,4,BOTH
684,ensure,9,9,0,TEXT
685,epochs,9,9,0,TEXT
686,exceeds,9,8,1,BOTH
687,fact,9,9,0,TEXT
688,Finally,9,9,0,TEXT
689,finding,9,9,0,TEXT
690,flow,9,9,0,TEXT
691,folds,9,7,2,BOTH
692,greater,9,9,0,TEXT
693,grounded,9,9,0,TEXT
694,higher,9,9,0,TEXT
695,important,9,9,0,TEXT
696,improve,9,9,0,TEXT
697,improvement,9,9,0,TEXT
698,increases,9,9,0,TEXT
699,interest,9,9,0,TEXT
700,key,9,9,0,TEXT
701,kind,9,9,0,TEXT
702,limits,9,9,0,TEXT
703,local,9,9,0,TEXT
704,LSL,9,9,0,TEXT
705,many,9,6,3,BOTH
706,meaningful,9,9,0,TEXT
707,mechanism,9,7,2,BOTH
708,modeling,9,7,2,BOTH
709,narrow,9,9,0,TEXT
710,notch,9,8,1,BOTH
711,oscillatory,9,9,0,TEXT
712,outperform,9,9,0,TEXT
713,practice,9,9,0,TEXT
714,pre-swipe,9,8,1,BOTH
715,provides,9,9,0,TEXT
716,ranking,9,8,1,BOTH
717,recruited,9,9,0,TEXT
718,red,9,7,2,BOTH
719,reliably,9,9,0,TEXT
720,remaining,9,8,1,BOTH
721,replication,9,9,0,TEXT
722,review,9,9,0,TEXT
723,right,9,8,1,BOTH
724,room,9,9,0,TEXT
725,several,9,9,0,TEXT
726,simply,9,8,1,BOTH
727,source,9,7,2,BOTH
728,substantial,9,9,0,TEXT
729,sufficient,9,9,0,TEXT
730,swiping,9,9,0,TEXT
731,Tests,9,3,6,BOTH
732,there,9,9,0,TEXT
733,throughout,9,9,0,TEXT
734,types,9,9,0,TEXT
735,useful,9,9,0,TEXT
736,usepackage,9,0,9,TEX
737,viz03,9,0,9,TEX
738,yardley_understanding_2016,9,0,9,TEX
739,access,8,8,0,TEXT
740,active,8,7,1,BOTH
741,affect,8,8,0,TEXT
742,anterior,8,8,0,TEXT
743,around,8,8,0,TEXT
744,available,8,8,0,TEXT
745,balanced,8,4,4,BOTH
746,based,8,7,1,BOTH
747,bellos_methods_2025,8,0,8,TEX
748,Bereitschaftspotential,8,8,0,TEXT
749,block,8,8,0,TEXT
750,broad,8,8,0,TEXT
751,concerns,8,8,0,TEXT
752,consecutive,8,8,0,TEXT
753,consumer,8,8,0,TEXT
754,development,8,8,0,TEXT
755,discrete,8,8,0,TEXT
756,dissociation,8,8,0,TEXT
757,Dr,8,8,0,TEXT
758,empirical,8,8,0,TEXT
759,enumerate,8,0,8,TEX
760,exclusion,8,8,0,TEXT
761,experiment,8,8,0,TEXT
762,F-score,8,8,0,TEXT
763,F-test,8,8,0,TEXT
764,failure,8,8,0,TEXT
765,feature-level,8,8,0,TEXT
766,filter,8,7,1,BOTH
767,given,8,6,2,BOTH
768,highest,8,8,0,TEXT
769,identify,8,8,0,TEXT
770,ii,8,8,0,TEXT
771,implications,8,8,0,TEXT
772,increased,8,8,0,TEXT
773,indicating,8,8,0,TEXT
774,interpolation,8,7,1,BOTH
775,interpretable,8,7,1,BOTH
776,interventions,8,8,0,TEXT
777,intra-subject,8,8,0,TEXT
778,itemize,8,0,8,TEX
779,just,8,5,3,BOTH
780,learning,8,8,0,TEXT
781,like,8,6,2,BOTH
782,longer,8,8,0,TEXT
783,made,8,8,0,TEXT
784,measurable,8,8,0,TEXT
785,my,8,8,0,TEXT
786,needed,8,5,3,BOTH
787,never,8,7,1,BOTH
788,normalized,8,8,0,TEXT
789,NOTE,8,3,5,BOTH
790,object,8,8,0,TEXT
791,outcome,8,8,0,TEXT
792,pages,8,0,8,TEX
793,people,8,7,1,BOTH
794,placement,8,8,0,TEXT
795,profile,8,8,0,TEXT
796,provided,8,8,0,TEXT
797,reaching,8,8,0,TEXT
798,received,8,8,0,TEXT
799,report,8,5,3,BOTH
800,resting,8,7,1,BOTH
801,samples,8,8,0,TEXT
802,self-report,8,8,0,TEXT
803,sense,8,6,2,BOTH
804,sensitive,8,8,0,TEXT
805,sequence,8,8,0,TEXT
806,sets,8,7,1,BOTH
807,showing,8,7,1,BOTH
808,sites,8,8,0,TEXT
809,stimulus,8,8,0,TEXT
810,structural,8,8,0,TEXT
811,subsequent,8,8,0,TEXT
812,systematic,8,8,0,TEXT
813,trial,8,8,0,TEXT
814,uniform,8,8,0,TEXT
815,uniformly,8,8,0,TEXT
816,validity,8,7,1,BOTH
817,we,8,4,4,BOTH
818,weak,8,8,0,TEXT
819,acquisition,7,7,0,TEXT
820,act,7,7,0,TEXT
821,additional,7,7,0,TEXT
822,again,7,6,1,BOTH
823,aligned,7,7,0,TEXT
824,among,7,7,0,TEXT
825,analysed,7,6,1,BOTH
826,apicella_eeg-based_2022,7,0,7,TEX
827,appears,7,7,0,TEXT
828,assumption,7,7,0,TEXT
829,authors,7,5,2,BOTH
830,baselines,7,7,0,TEXT
831,basic,7,7,0,TEXT
832,benchmark,7,7,0,TEXT
833,carrying,7,7,0,TEXT
834,clear,7,7,0,TEXT
835,clearfield,7,0,7,TEX
836,coin-flip,7,7,0,TEXT
837,collection,7,6,1,BOTH
838,compared,7,7,0,TEXT
839,constrain,7,7,0,TEXT
840,correction,7,7,0,TEXT
841,corresponding,7,7,0,TEXT
842,custom,7,7,0,TEXT
843,deliberately,7,7,0,TEXT
844,direct,7,7,0,TEXT
845,discussion,7,6,1,BOTH
846,distinguish,7,7,0,TEXT
847,dominant,7,6,1,BOTH
848,drawn,7,7,0,TEXT
849,drops,7,6,1,BOTH
850,dwell,7,7,0,TEXT
851,educational,7,7,0,TEXT
852,effectively,7,7,0,TEXT
853,either,7,7,0,TEXT
854,engagement_updated,7,0,7,TEX
855,entirely,7,7,0,TEXT
856,establishes,7,7,0,TEXT
857,execution,7,7,0,TEXT
858,expressed,7,7,0,TEXT
859,f,7,3,4,BOTH
860,figures,7,5,2,BOTH
861,goncharova_emg_2003,7,0,7,TEX
862,include,7,7,0,TEXT
863,indicators,7,7,0,TEXT
864,individuals,7,7,0,TEXT
865,inside,7,4,3,BOTH
866,intended,7,7,0,TEXT
867,keep,7,4,3,BOTH
868,known,7,7,0,TEXT
869,Lab,7,7,0,TEXT
870,laptop,7,7,0,TEXT
871,large,7,5,2,BOTH
872,largely,7,7,0,TEXT
873,leakage,7,4,3,BOTH
874,least,7,6,1,BOTH
875,leaving,7,7,0,TEXT
876,lew_detection_2012,7,0,7,TEX
877,library,7,5,2,BOTH
878,literature-motivated,7,7,0,TEXT
879,matters,7,7,0,TEXT
880,meaning,7,6,1,BOTH
881,method_metrics_and_significance,7,0,7,TEX
882,minute,7,7,0,TEXT
883,monitoring,7,7,0,TEXT
884,motivating,7,7,0,TEXT
885,multiple,7,7,0,TEXT
886,muscular,7,7,0,TEXT
887,near,7,7,0,TEXT
888,noting,7,5,2,BOTH
889,OAT,7,7,0,TEXT
890,often,7,7,0,TEXT
891,page,7,0,7,TEX
892,per-participant,7,5,2,BOTH
893,periods,7,7,0,TEXT
894,person,7,7,0,TEXT
895,phase,7,7,0,TEXT
896,pm,7,0,7,TEX
897,policy,7,7,0,TEXT
898,population,7,7,0,TEXT
899,potential,7,7,0,TEXT
900,predict,7,7,0,TEXT
901,predicts,7,7,0,TEXT
902,previously,7,7,0,TEXT
903,processes,7,7,0,TEXT
904,produces,7,7,0,TEXT
905,proof,7,5,2,BOTH
906,provide,7,7,0,TEXT
907,psychological,7,7,0,TEXT
908,public-health,7,7,0,TEXT
909,quantify,7,7,0,TEXT
910,ranges,7,6,1,BOTH
911,reflecting,7,6,1,BOTH
912,related,7,7,0,TEXT
913,removed,7,7,0,TEXT
914,reporting,7,7,0,TEXT
915,reproducible,7,7,0,TEXT
916,requirements,7,7,0,TEXT
917,requires,7,7,0,TEXT
918,resolving,7,7,0,TEXT
919,rest,7,7,0,TEXT
920,roughly,7,7,0,TEXT
921,safety,7,6,1,BOTH
922,settled,7,7,0,TEXT
923,sizes,7,7,0,TEXT
924,smaller,7,7,0,TEXT
925,spent,7,7,0,TEXT
926,stable,7,7,0,TEXT
927,stage,7,7,0,TEXT
928,statistic,7,7,0,TEXT
929,strategy,7,7,0,TEXT
930,synchronized,7,7,0,TEXT
931,tasks,7,7,0,TEXT
932,telemetry,7,7,0,TEXT
933,temporalis,7,7,0,TEXT
934,tendency,7,7,0,TEXT
935,title,7,0,7,TEX
936,track,7,7,0,TEXT
937,tracking,7,7,0,TEXT
938,treat,7,7,0,TEXT
939,univariate,7,7,0,TEXT
940,videos,7,7,0,TEXT
941,Wilcoxon,7,6,1,BOTH
942,ability,6,6,0,TEXT
943,accounts,6,6,0,TEXT
944,actually,6,6,0,TEXT
945,allocation,6,6,0,TEXT
946,Alternative,6,6,0,TEXT
947,another,6,4,2,BOTH
948,apply,6,6,0,TEXT
949,appropriate,6,6,0,TEXT
950,attributed,6,6,0,TEXT
951,behaviorally,6,6,0,TEXT
952,broadly,6,6,0,TEXT
953,c,6,2,4,BOTH
954,calculation,6,4,2,BOTH
955,capability,6,6,0,TEXT
956,carried,6,6,0,TEXT
957,category,6,6,0,TEXT
958,characterized,6,6,0,TEXT
959,claims,6,6,0,TEXT
960,classifier,6,6,0,TEXT
961,clause,6,6,0,TEXT
962,clock,6,6,0,TEXT
963,cluster,6,6,0,TEXT
964,common,6,6,0,TEXT
965,condition,6,6,0,TEXT
966,confidence,6,6,0,TEXT
967,continued,6,6,0,TEXT
968,contrast,6,6,0,TEXT
969,correct,6,5,1,BOTH
970,csv,6,2,4,BOTH
971,cue,6,6,0,TEXT
972,decisions,6,5,1,BOTH
973,decoding,6,6,0,TEXT
974,describe,6,6,0,TEXT
975,detect,6,6,0,TEXT
976,dimension,6,5,1,BOTH
977,discriminate,6,6,0,TEXT
978,dissociated,6,6,0,TEXT
979,Documents,6,0,6,TEX
980,easier,6,6,0,TEXT
981,engineered,6,6,0,TEXT
982,ensuring,6,6,0,TEXT
983,environment,6,6,0,TEXT
984,establish,6,6,0,TEXT
985,ethics,6,5,1,BOTH
986,evaluate,6,6,0,TEXT
987,examined,6,6,0,TEXT
988,exceed,6,6,0,TEXT
989,excluding,6,6,0,TEXT
990,extended,6,6,0,TEXT
991,F-train,6,6,0,TEXT
992,few,6,6,0,TEXT
993,fluctuating,6,6,0,TEXT
994,FN,6,4,2,BOTH
995,forms,6,6,0,TEXT
996,FP,6,4,2,BOTH
997,frequencies,6,6,0,TEXT
998,genuine,6,5,1,BOTH
999,global,6,6,0,TEXT
1000,gregorlederer,6,0,6,TEX
1001,held,6,6,0,TEXT
1002,heterogeneous,6,6,0,TEXT
1003,high-frequency,6,6,0,TEXT
1004,hypothesis,6,4,2,BOTH
1005,iii,6,6,0,TEXT
1006,implies,6,6,0,TEXT
1007,importance,6,4,2,BOTH
1008,increase,6,6,0,TEXT
1009,investigation,6,4,2,BOTH
1010,jointly,6,6,0,TEXT
1011,latency,6,6,0,TEXT
1012,Layer,6,6,0,TEXT
1013,lies,6,6,0,TEXT
1014,line-noise,6,6,0,TEXT
1015,lines,6,4,2,BOTH
1016,lists,6,5,1,BOTH
1017,logic,6,6,0,TEXT
1018,loop,6,6,0,TEXT
1019,main,6,5,1,BOTH
1020,manual,6,5,1,BOTH
1021,maximum,6,6,0,TEXT
1022,messages,6,6,0,TEXT
1023,method_data_acquisition,6,0,6,TEX
1024,method_feature_engineering,6,0,6,TEX
1025,minimum,6,5,1,BOTH
1026,momentary,6,6,0,TEXT
1027,MSc,6,0,6,TEX
1028,names,6,4,2,BOTH
1029,necessarily,6,6,0,TEXT
1030,neuroscientific,6,6,0,TEXT
1031,normalization,6,6,0,TEXT
1032,noted,6,6,0,TEXT
1033,nothing,6,6,0,TEXT
1034,obrien_what_2008,6,0,6,TEX
1035,observable,6,6,0,TEXT
1036,open-source,6,6,0,TEXT
1037,original,6,1,5,BOTH
1038,particularly,6,6,0,TEXT
1039,partly,6,5,1,BOTH
1040,pipelines,6,6,0,TEXT
1041,plausibly,6,6,0,TEXT
1042,prediction,6,6,0,TEXT
1043,prevent,6,6,0,TEXT
1044,problem,6,6,0,TEXT
1045,proposed,6,6,0,TEXT
1046,pure,6,6,0,TEXT
1047,reaches,6,6,0,TEXT
1048,reason,6,6,0,TEXT
1049,recent,6,6,0,TEXT
1050,recordings,6,6,0,TEXT
1051,reflects,6,6,0,TEXT
1052,region,6,6,0,TEXT
1053,rejection,6,3,3,BOTH
1054,reports,6,6,0,TEXT
1055,represents,6,5,1,BOTH
1056,results_pipeline,6,0,6,TEX
1057,rises,6,6,0,TEXT
1058,robust,6,6,0,TEXT
1059,run,6,4,2,BOTH
1060,scale,6,6,0,TEXT
1061,science,6,6,0,TEXT
1062,score,6,6,0,TEXT
1063,screening,6,6,0,TEXT
1064,scrollers,6,6,0,TEXT
1065,separated,6,6,0,TEXT
1066,side,6,6,0,TEXT
1067,six,6,6,0,TEXT
1068,strength,6,6,0,TEXT
1069,suggest,6,6,0,TEXT
1070,suitable,6,6,0,TEXT
1071,sweep,6,6,0,TEXT
1072,systematically,6,6,0,TEXT
1073,themselves,6,6,0,TEXT
1074,thing,6,6,0,TEXT
1075,thumb,6,6,0,TEXT
1076,TN,6,4,2,BOTH
1077,transient,6,6,0,TEXT
1078,transparent,6,6,0,TEXT
1079,treats,6,6,0,TEXT
1080,trunfio_conceptualising_2021,6,0,6,TEX
1081,undecomposed,6,6,0,TEXT
1082,universal,6,6,0,TEXT
1083,updated,6,5,1,BOTH
1084,valid,6,6,0,TEXT
1085,very,6,5,1,BOTH
1086,window-length,6,6,0,TEXT
1087,worth,6,6,0,TEXT
1088,Yardley,6,6,0,TEXT
1089,year,6,0,6,TEX
1090,absence,5,4,1,BOTH
1091,addition,5,5,0,TEXT
1092,age,5,5,0,TEXT
1093,aggregated,5,5,0,TEXT
1094,aggregation,5,5,0,TEXT
1095,algorithm,5,4,1,BOTH
1096,always,5,5,0,TEXT
1097,ambiguous,5,5,0,TEXT
1098,anything,5,5,0,TEXT
1099,appear,5,5,0,TEXT
1100,applications,5,5,0,TEXT
1101,appraisal,5,5,0,TEXT
1102,approaches,5,5,0,TEXT
1103,arm,5,5,0,TEXT
1104,asked,5,5,0,TEXT
1105,automatically,5,5,0,TEXT
1106,awake,5,5,0,TEXT
1107,base,5,1,4,BOTH
1108,become,5,4,1,BOTH
1109,begins,5,5,0,TEXT
1110,blocked,5,4,1,BOTH
1111,calculated,5,5,0,TEXT
1112,captured,5,5,0,TEXT
1113,careful,5,5,0,TEXT
1114,central,5,5,0,TEXT
1115,chain,5,5,0,TEXT
1116,changes,5,5,0,TEXT
1117,channels,5,5,0,TEXT
1118,choices,5,5,0,TEXT
1119,cited,5,5,0,TEXT
1120,closer,5,4,1,BOTH
1121,cm,5,0,5,TEX
1122,comes,5,5,0,TEXT
1123,constant,5,5,0,TEXT
1124,constraints,5,5,0,TEXT
1125,contains,5,5,0,TEXT
1126,continue,5,5,0,TEXT
1127,contribute,5,5,0,TEXT
1128,contributions,5,5,0,TEXT
1129,corrected,5,2,3,BOTH
1130,correlate,5,5,0,TEXT
1131,critical,5,5,0,TEXT
1132,decision-making,5,5,0,TEXT
1133,declared,5,5,0,TEXT
1134,decline,5,5,0,TEXT
1135,defining,5,4,1,BOTH
1136,definitional,5,5,0,TEXT
1137,depth,5,5,0,TEXT
1138,derivative,5,5,0,TEXT
1139,detects,5,5,0,TEXT
1140,determine,5,4,1,BOTH
1141,devices,5,5,0,TEXT
1142,discrimination,5,5,0,TEXT
1143,discussed,5,5,0,TEXT
1144,due,5,4,1,BOTH
1145,early,5,5,0,TEXT
1146,empirically,5,4,1,BOTH
1147,encoding,5,5,0,TEXT
1148,engineering,5,5,0,TEXT
1149,eq,5,0,5,TEX
1150,equal,5,4,1,BOTH
1151,error,5,5,0,TEXT
1152,evaluating,5,5,0,TEXT
1153,exact,5,4,1,BOTH
1154,exceeding,5,5,0,TEXT
1155,expected,5,5,0,TEXT
1156,explain,5,4,1,BOTH
1157,explanation,5,3,2,BOTH
1158,exploration,5,5,0,TEXT
1159,extends,5,5,0,TEXT
1160,falls,5,5,0,TEXT
1161,false,5,3,2,BOTH
1162,family,5,5,0,TEXT
1163,far,5,5,0,TEXT
1164,forward,5,5,0,TEXT
1165,free,5,5,0,TEXT
1166,gs,5,5,0,TEXT
1167,healthy,5,5,0,TEXT
1168,heterogeneity,5,5,0,TEXT
1169,heuristic,5,5,0,TEXT
1170,higher-frequency,5,5,0,TEXT
1171,higher-order,5,5,0,TEXT
1172,holds,5,5,0,TEXT
1173,identifying,5,5,0,TEXT
1174,illustrates,5,5,0,TEXT
1175,images_thesis,5,0,5,TEX
1176,immediately,5,5,0,TEXT
1177,improved,5,5,0,TEXT
1178,Index's,5,5,0,TEXT
1179,indices,5,5,0,TEXT
1180,individually,5,5,0,TEXT
1181,instructed,5,5,0,TEXT
1182,internal,5,5,0,TEXT
1183,introduced,5,5,0,TEXT
1184,isp,5,5,0,TEXT
1185,knowledge,5,5,0,TEXT
1186,laboratory,5,5,0,TEXT
1187,latex_thesis_pdf,5,0,5,TEX
1188,limitation,5,5,0,TEXT
1189,linear,5,5,0,TEXT
1190,machine,5,5,0,TEXT
1191,margin,5,5,0,TEXT
1192,match,5,5,0,TEXT
1193,matter,5,5,0,TEXT
1194,mccashin_using_2023,5,0,5,TEX
1195,method_feature_separation_cohen_d,5,0,5,TEX
1196,method_participants,5,0,5,TEX
1197,method_result_synthesis_pipeline,5,0,5,TEX
1198,method_universal_preprocessing_pipeline,5,0,5,TEX
1199,micro-decisions,5,5,0,TEXT
1200,monotonic,5,5,0,TEXT
1201,monotonically,5,5,0,TEXT
1202,Moontaha,5,5,0,TEXT
1203,motor-preparatory,5,5,0,TEXT
1204,move,5,5,0,TEXT
1205,name,5,5,0,TEXT
1206,named,5,5,0,TEXT
1207,neurophysiological,5,5,0,TEXT
1208,normal,5,5,0,TEXT
1209,one-at-a-time,5,5,0,TEXT
1210,op_labeling_params,5,0,5,TEX
1211,optimized,5,5,0,TEXT
1212,our,5,5,0,TEXT
1213,peak-frequency,5,5,0,TEXT
1214,perspective,5,5,0,TEXT
1215,phases,5,5,0,TEXT
1216,pope_biocybernetic_1995-3,5,0,5,TEX
1217,possibility,5,5,0,TEXT
1218,precedes,5,5,0,TEXT
1219,precondition,5,5,0,TEXT
1220,preserve,5,5,0,TEXT
1221,priority,5,5,0,TEXT
1222,proportion,5,5,0,TEXT
1223,Python,5,4,1,BOTH
1224,Rahman,5,5,0,TEXT
1225,rahman_detection_2025,5,0,5,TEX
1226,real-time,5,5,0,TEXT
1227,recognized,5,5,0,TEXT
1228,reduce,5,5,0,TEXT
1229,remain,5,5,0,TEXT
1230,representation,5,4,1,BOTH
1231,research-grade,5,5,0,TEXT
1232,researcher,5,5,0,TEXT
1233,respectively,5,5,0,TEXT
1234,results_alternative_index,5,0,5,TEX
1235,reusable,5,5,0,TEXT
1236,reviewed,5,5,0,TEXT
1237,say,5,5,0,TEXT
1238,scales,5,5,0,TEXT
1239,Schematic,5,4,1,BOTH
1240,scientific,5,5,0,TEXT
1241,screen,5,5,0,TEXT
1242,segments,5,5,0,TEXT
1243,selected,5,5,0,TEXT
1244,self-reported,5,5,0,TEXT
1245,separately,5,5,0,TEXT
1246,serves,5,5,0,TEXT
1247,showed,5,4,1,BOTH
1248,signal's,5,5,0,TEXT
1249,similar,5,5,0,TEXT
1250,simultaneously,5,5,0,TEXT
1251,spectrum,5,5,0,TEXT
1252,starting,5,5,0,TEXT
1253,std,5,3,2,BOTH
1254,step,5,5,0,TEXT
1255,Streaming,5,5,0,TEXT
1256,strict,5,5,0,TEXT
1257,structurally,5,5,0,TEXT
1258,subject,5,5,0,TEXT
1259,survive,5,5,0,TEXT
1260,technical,5,5,0,TEXT
1261,ten,5,5,0,TEXT
1262,things,5,5,0,TEXT
1263,thus,5,5,0,TEXT
1264,too,5,5,0,TEXT
1265,un-notched,5,5,0,TEXT
1266,University,5,5,0,TEXT
1267,view,5,5,0,TEXT
1268,who,5,5,0,TEXT
1269,wide,5,4,1,BOTH
1270,works,5,5,0,TEXT
1271,ws,5,5,0,TEXT
1272,ablation,4,4,0,TEXT
1273,achieve,4,4,0,TEXT
1274,activation,4,4,0,TEXT
1275,addresses,4,4,0,TEXT
1276,adopted,4,4,0,TEXT
1277,along,4,4,0,TEXT
1278,amount,4,4,0,TEXT
1279,analytics,4,4,0,TEXT
1280,app,4,4,0,TEXT
1281,applies,4,4,0,TEXT
1282,architecture,4,4,0,TEXT
1283,argument,4,4,0,TEXT
1284,ask,4,4,0,TEXT
1285,assessed,4,4,0,TEXT
1286,assumed,4,4,0,TEXT
1287,availability,4,4,0,TEXT
1288,balancing,4,3,1,BOTH
1289,band-power,4,4,0,TEXT
1290,band-specific,4,4,0,TEXT
1291,bandwidth,4,4,0,TEXT
1292,becomes,4,4,0,TEXT
1293,beginning,4,4,0,TEXT
1294,behaviour-change,4,4,0,TEXT
1295,biblatex,4,0,4,TEX
1296,built,4,4,0,TEXT
1297,capturing,4,4,0,TEXT
1298,carries,4,4,0,TEXT
1299,cause,4,1,3,BOTH
1300,cautiously,4,4,0,TEXT
1301,center,4,0,4,TEX
1302,challenge,4,4,0,TEXT
1303,chance-equivalent,4,4,0,TEXT
1304,channel,4,4,0,TEXT
1305,check,4,3,1,BOTH
1306,classical,4,4,0,TEXT
1307,clearly,4,4,0,TEXT
1308,close,4,4,0,TEXT
1309,cohend_by_freq_band,4,0,4,TEX
1310,cohend_interactions,4,0,4,TEX
1311,cohend_top_features,4,0,4,TEX
1312,cohort,4,4,0,TEXT
1313,compatible,4,4,0,TEXT
1314,complementary,4,4,0,TEXT
1315,concrete,4,4,0,TEXT
1316,confound,4,4,0,TEXT
1317,confounds,4,4,0,TEXT
1318,connectivity,4,4,0,TEXT
1319,consent,4,4,0,TEXT
1320,constrained,4,4,0,TEXT
1321,constraint,4,4,0,TEXT
1322,contiguous,4,4,0,TEXT
1323,contributes,4,4,0,TEXT
1324,correctly,4,4,0,TEXT
1325,correlates,4,4,0,TEXT
1326,cortex,4,4,0,TEXT
1327,cost,4,4,0,TEXT
1328,counters,4,4,0,TEXT
1329,criteria,4,4,0,TEXT
1330,cued,4,4,0,TEXT
1331,CV,4,0,4,TEX
1332,date,4,0,4,TEX
1333,de_carvalho_selection_2026,4,0,4,TEX
1334,decodable,4,4,0,TEXT
1335,deliberate,4,4,0,TEXT
1336,delivery,4,4,0,TEXT
1337,demonstrates,4,3,1,BOTH
1338,demonstrating,4,4,0,TEXT
1339,denote,4,4,0,TEXT
1340,descriptive,4,4,0,TEXT
1341,despite,4,4,0,TEXT
1342,difficulty,4,4,0,TEXT
1343,directions,4,4,0,TEXT
1344,Disease,4,4,0,TEXT
1345,disproportionately,4,4,0,TEXT
1346,dominates,4,3,1,BOTH
1347,dotted,4,4,0,TEXT
1348,duration-based,4,4,0,TEXT
1349,EEG-derived,4,4,0,TEXT
1350,eight,4,4,0,TEXT
1351,else,4,3,1,BOTH
1352,ending,4,4,0,TEXT
1353,enforced,4,4,0,TEXT
1354,engagement_definitions,4,0,4,TEX
1355,engaging,4,4,0,TEXT
1356,ensures,4,3,1,BOTH
1357,entropy,4,4,0,TEXT
1358,entry,4,1,3,BOTH
1359,envelope,4,4,0,TEXT
1360,errors,4,4,0,TEXT
1361,evans_digital_2022,4,0,4,TEX
1362,example,4,4,0,TEXT
1363,exist,4,4,0,TEXT
1364,exists,4,4,0,TEXT
1365,explainable,4,4,0,TEXT
1366,explicit,4,4,0,TEXT
1367,externally,4,4,0,TEXT
1368,eye,4,3,1,BOTH
1369,F1-score,4,4,0,TEXT
1370,fails,4,4,0,TEXT
1371,feeds,4,4,0,TEXT
1372,filtering,4,4,0,TEXT
1373,flagging,4,4,0,TEXT
1374,formula,4,4,0,TEXT
1375,frantic,4,4,0,TEXT
1376,function,4,4,0,TEXT
1377,gamma-band,4,4,0,TEXT
1378,genuinely,4,4,0,TEXT
1379,go,4,4,0,TEXT
1380,graph,4,0,4,TEX
1381,graphs,4,0,4,TEX
1382,Guided,4,4,0,TEXT
1383,half,4,4,0,TEXT
1384,handling,4,4,0,TEXT
1385,happens,4,4,0,TEXT
1386,hasson_intersubject_2004,4,0,4,TEX
1387,help,4,4,0,TEXT
1388,highlights,4,4,0,TEXT
1389,highly,4,4,0,TEXT
1390,hold,4,4,0,TEXT
1391,holding,4,4,0,TEXT
1392,horizontally,4,0,4,TEX
1393,HPI,4,3,1,BOTH
1394,human--computer,4,4,0,TEXT
1395,hundred,4,4,0,TEXT
1396,hypothetical,4,4,0,TEXT
1397,idea,4,4,0,TEXT
1398,identifiers,4,4,0,TEXT
1399,imbalance,4,4,0,TEXT
1400,immediate,4,4,0,TEXT
1401,imminent,4,4,0,TEXT
1402,improvements,4,4,0,TEXT
1403,incorrectly,4,4,0,TEXT
1404,increasing,4,4,0,TEXT
1405,inherent,4,4,0,TEXT
1406,inherently,4,4,0,TEXT
1407,initial,4,4,0,TEXT
1408,instruments,4,4,0,TEXT
1409,integrity,4,4,0,TEXT
1410,interactions,4,4,0,TEXT
1411,interface,4,4,0,TEXT
1412,intermodulation,4,4,0,TEXT
1413,interpretive,4,4,0,TEXT
1414,introduction,4,3,1,BOTH
1415,involved,4,4,0,TEXT
1416,jaw,4,4,0,TEXT
1417,keypresses,4,4,0,TEXT
1418,labelling,4,4,0,TEXT
1419,likes,4,4,0,TEXT
1420,linewidth,4,0,4,TEX
1421,linguistic,4,4,0,TEXT
1422,list,4,2,2,BOTH
1423,logged,4,4,0,TEXT
1424,low-encoding,4,4,0,TEXT
1425,magnitude,4,4,0,TEXT
1426,marks,4,4,0,TEXT
1427,mathematically,4,4,0,TEXT
1428,mccartney_optimal_2026,4,0,4,TEX
1429,measuring,4,4,0,TEXT
1430,merge,4,4,0,TEXT
1431,method,4,4,0,TEXT
1432,method_baselines_and_logistic_regression,4,0,4,TEX
1433,method_behavioral_burst_analysis,4,0,4,TEX
1434,misses,4,4,0,TEXT
1435,motivated,4,4,0,TEXT
1436,motor-imagery,4,4,0,TEXT
1437,muselsl,4,4,0,TEXT
1438,namely,4,4,0,TEXT
1439,native,4,4,0,TEXT
1440,natural,4,4,0,TEXT
1441,nature,4,4,0,TEXT
1442,nearly,4,4,0,TEXT
1443,neurological,4,4,0,TEXT
1444,nevertheless,4,4,0,TEXT
1445,nor,4,4,0,TEXT
1446,novel,4,4,0,TEXT
1447,now,4,4,0,TEXT
1448,O'Brien,4,4,0,TEXT
1449,obtained,4,4,0,TEXT
1450,omitted,4,4,0,TEXT
1451,ones,4,4,0,TEXT
1452,operate,4,4,0,TEXT
1453,operationalization,4,4,0,TEXT
1454,optimization,4,4,0,TEXT
1455,oscillations,4,4,0,TEXT
1456,others,4,4,0,TEXT
1457,otherwise,4,3,1,BOTH
1458,outright,4,4,0,TEXT
1459,overfitting,4,4,0,TEXT
1460,partially,4,4,0,TEXT
1461,participant's,4,4,0,TEXT
1462,patterns,4,4,0,TEXT
1463,peakfreq,4,2,2,BOTH
1464,percentage,4,4,0,TEXT
1465,peripheral,4,4,0,TEXT
1466,Perski,4,4,0,TEXT
1467,personal,4,4,0,TEXT
1468,phone,4,4,0,TEXT
1469,physiological-signal,4,4,0,TEXT
1470,placing,4,4,0,TEXT
1471,pm3,4,0,4,TEX
1472,population-level,4,4,0,TEXT
1473,portion,4,4,0,TEXT
1474,positioned,4,4,0,TEXT
1475,pre-skip,4,4,0,TEXT
1476,precise,4,4,0,TEXT
1477,predictions,4,4,0,TEXT
1478,press,4,4,0,TEXT
1479,prevention,4,4,0,TEXT
1480,principle,4,4,0,TEXT
1481,procedure,4,4,0,TEXT
1482,produce,4,4,0,TEXT
1483,Prof,4,4,0,TEXT
1484,properties,4,4,0,TEXT
1485,proxies,4,4,0,TEXT
1486,Quantifying,4,4,0,TEXT
1487,rarely,4,4,0,TEXT
1488,reached,4,4,0,TEXT
1489,Recommendations,4,4,0,TEXT
1490,recurring,4,4,0,TEXT
1491,reduction,4,4,0,TEXT
1492,relatively,4,4,0,TEXT
1493,reliable,4,4,0,TEXT
1494,relying,4,4,0,TEXT
1495,removing,4,4,0,TEXT
1496,requiring,4,4,0,TEXT
1497,respect,4,4,0,TEXT
1498,retained,4,4,0,TEXT
1499,returned,4,4,0,TEXT
1500,returns,4,4,0,TEXT
1501,rhythm,4,4,0,TEXT
1502,rigorously,4,4,0,TEXT
1503,route,4,4,0,TEXT
1504,salience,4,4,0,TEXT
1505,scale-invariant,4,4,0,TEXT
1506,scores,4,3,1,BOTH
1507,segmentation,4,4,0,TEXT
1508,segmented,4,4,0,TEXT
1509,sensors,4,4,0,TEXT
1510,separable,4,4,0,TEXT
1511,separates,4,4,0,TEXT
1512,seven,4,4,0,TEXT
1513,sharply,4,4,0,TEXT
1514,short,4,4,0,TEXT
1515,signed-rank,4,4,0,TEXT
1516,simple,4,4,0,TEXT
1517,simultaneous,4,4,0,TEXT
1518,SKIP-versus-STAY,4,4,0,TEXT
1519,skipping,4,4,0,TEXT
1520,smooth,4,1,3,BOTH
1521,split,4,3,1,BOTH
1522,stacked,4,0,4,TEX
1523,stops,4,4,0,TEXT
1524,straddle,4,4,0,TEXT
1525,streams,4,4,0,TEXT
1526,subsequently,4,4,0,TEXT
1527,subset,4,4,0,TEXT
1528,successfully,4,3,1,BOTH
1529,superior,4,4,0,TEXT
1530,supports,4,4,0,TEXT
1531,survives,4,4,0,TEXT
1532,susceptible,4,4,0,TEXT
1533,theoretical,4,4,0,TEXT
1534,theory,4,3,1,BOTH
1535,thereby,4,4,0,TEXT
1536,timeline,4,3,1,BOTH
1537,timescale,4,4,0,TEXT
1538,Toms,4,4,0,TEXT
1539,tool,4,4,0,TEXT
1540,train,4,2,2,BOTH
1541,transition,4,4,0,TEXT
1542,Twenty-five,4,4,0,TEXT
1543,understood,4,4,0,TEXT
1544,unit,4,4,0,TEXT
1545,upcoming,4,4,0,TEXT
1546,utilized,4,4,0,TEXT
1547,variation,4,4,0,TEXT
1548,verb,4,0,4,TEX
1549,vertically,4,0,4,TEX
1550,visible,4,4,0,TEXT
1551,viz17_0,4,0,4,TEX
1552,voltage,4,4,0,TEXT
1553,Volume,4,0,4,TEX
1554,weaker,4,4,0,TEXT
1555,whatever,4,4,0,TEXT
1556,whitham_scalp_2007,4,0,4,TEX
1557,wider,4,4,0,TEXT
1558,will,4,3,1,BOTH
1559,window_exploration,4,0,4,TEX
1560,worse,4,4,0,TEXT
1561,writing,4,4,0,TEXT
1562,wrong,4,4,0,TEXT
1563,yield,4,4,0,TEXT
1564,absorbed,3,3,0,TEXT
1565,absorption,3,3,0,TEXT
1566,Abstract,3,2,1,BOTH
1567,academically,3,3,0,TEXT
1568,according,3,3,0,TEXT
1569,accordingly,3,3,0,TEXT
1570,accumulating,3,3,0,TEXT
1571,Acknowledgements,3,1,2,BOTH
1572,adaptive,3,2,1,BOTH
1573,additionally,3,3,0,TEXT
1574,adopts,3,3,0,TEXT
1575,advanced,3,3,0,TEXT
1576,advertising,3,3,0,TEXT
1577,affects,3,3,0,TEXT
1578,agenda,3,3,0,TEXT
1579,aggregating,3,3,0,TEXT
1580,allow,3,3,0,TEXT
1581,allowing,3,3,0,TEXT
1582,almost,3,3,0,TEXT
1583,Although,3,3,0,TEXT
1584,am,3,3,0,TEXT
1585,analytical,3,3,0,TEXT
1586,anchored,3,3,0,TEXT
1587,answers,3,3,0,TEXT
1588,anyone,3,3,0,TEXT
1589,apparent,3,3,0,TEXT
1590,arithmetic,3,3,0,TEXT
1591,artifact_rate,3,0,3,TEX
1592,artificially,3,3,0,TEXT
1593,assess,3,3,0,TEXT
1594,assign,3,3,0,TEXT
1595,asymmetry,3,3,0,TEXT
1596,auditability,3,3,0,TEXT
1597,averages,3,3,0,TEXT
1598,band-limited,3,3,0,TEXT
1599,basis,3,3,0,TEXT
1600,bear,3,3,0,TEXT
1601,becoming,3,3,0,TEXT
1602,began,3,3,0,TEXT
1603,behavior-change,3,3,0,TEXT
1604,benchmarking,3,3,0,TEXT
1605,benefit,3,3,0,TEXT
1606,beta-band,3,3,0,TEXT
1607,Bibliography,3,0,3,TEX
1608,blinks,3,2,1,BOTH
1609,blue,3,3,0,TEXT
1610,booktitle,3,0,3,TEX
1611,boundary-adjacent,3,3,0,TEXT
1612,bridge,3,3,0,TEXT
1613,Building,3,3,0,TEXT
1614,campaign,3,3,0,TEXT
1615,capacity,3,3,0,TEXT
1616,carefully,3,3,0,TEXT
1617,cases,3,3,0,TEXT
1618,causal,3,3,0,TEXT
1619,caution,3,3,0,TEXT
1620,caveat,3,2,1,BOTH
1621,certain,3,3,0,TEXT
1622,chance-level,3,3,0,TEXT
1623,changing,3,3,0,TEXT
1624,cheap,3,3,0,TEXT
1625,chosen,3,3,0,TEXT
1626,classifiers,3,3,0,TEXT
1627,classify,3,2,1,BOTH
1628,clean,3,3,0,TEXT
1629,cleanly,3,3,0,TEXT
1630,clearlist,3,0,3,TEX
1631,closest,3,3,0,TEXT
1632,code,3,3,0,TEXT
1633,cohen_statistical_1988,3,0,3,TEX
1634,cohend_by_electrode,3,0,3,TEX
1635,cohend_by_stat_moment,3,0,3,TEX
1636,collapse,3,2,1,BOTH
1637,collected,3,3,0,TEXT
1638,comments,3,3,0,TEXT
1639,commercial,3,3,0,TEXT
1640,communicators,3,3,0,TEXT
1641,compact,3,2,1,BOTH
1642,compromised,3,3,0,TEXT
1643,concentrated,3,3,0,TEXT
1644,concept,3,2,1,BOTH
1645,conceptual,3,3,0,TEXT
1646,conceptually,3,3,0,TEXT
1647,configuration,3,3,0,TEXT
1648,consequences,3,3,0,TEXT
1649,Consequently,3,3,0,TEXT
1650,consider,3,0,3,TEX
1651,considered,3,3,0,TEXT
1652,consistency,3,1,2,BOTH
1653,contact,3,3,0,TEXT
1654,contain,3,3,0,TEXT
1655,contested,3,3,0,TEXT
1656,continute,3,0,3,TEX
1657,core,3,3,0,TEXT
1658,covering,3,2,1,BOTH
1659,creators,3,3,0,TEXT
1660,Critically,3,3,0,TEXT
1661,cross-subject,3,3,0,TEXT
1662,cues,3,3,0,TEXT
1663,day,3,3,0,TEXT
1664,debate,3,3,0,TEXT
1665,DeclareFieldFormat,3,0,3,TEX
1666,decomposition,3,3,0,TEXT
1667,define,3,3,0,TEXT
1668,demonstrated,3,3,0,TEXT
1669,demonstration,3,0,3,TEX
1670,depicted,3,3,0,TEXT
1671,designs,3,3,0,TEXT
1672,detail,3,3,0,TEXT
1673,differ,3,2,1,BOTH
1674,disengaged,3,3,0,TEXT
1675,displacement,3,3,0,TEXT
1676,distance,3,3,0,TEXT
1677,distinguishable,3,3,0,TEXT
1678,distinguishing,3,3,0,TEXT
1679,distraction-free,3,3,0,TEXT
1680,doi,3,0,3,TEX
1681,doing,3,3,0,TEXT
1682,domain,3,3,0,TEXT
1683,domains,3,3,0,TEXT
1684,dropout,3,3,0,TEXT
1685,dynamic,3,3,0,TEXT
1686,dynamics,3,3,0,TEXT
1687,ecologically,3,3,0,TEXT
1688,EEG-classification,3,3,0,TEXT
1689,effect-size,3,3,0,TEXT
1690,electromyographic,3,3,0,TEXT
1691,emerge,3,3,0,TEXT
1692,emerged,3,3,0,TEXT
1693,emerging,3,3,0,TEXT
1694,encode,3,3,0,TEXT
1695,ended,3,3,0,TEXT
1696,energy,3,3,0,TEXT
1697,engagement-related,3,3,0,TEXT
1698,engagement_falsification,3,0,3,TEX
1699,engagement_short_form,3,0,3,TEX
1700,entire,3,3,0,TEXT
1701,environments,3,3,0,TEXT
1702,estimate,3,3,0,TEXT
1703,everything,3,3,0,TEXT
1704,examine,3,3,0,TEXT
1705,except,3,3,0,TEXT
1706,excludes,3,3,0,TEXT
1707,exclusively,3,3,0,TEXT
1708,experience,3,3,0,TEXT
1709,experimenter,3,3,0,TEXT
1710,exposure,3,3,0,TEXT
1711,expressing,3,3,0,TEXT
1712,extend,3,3,0,TEXT
1713,extending,3,3,0,TEXT
1714,extension,3,3,0,TEXT
1715,extensive,3,3,0,TEXT
1716,facial,3,3,0,TEXT
1717,failed,3,3,0,TEXT
1718,families,3,3,0,TEXT
1719,fast,3,3,0,TEXT
1720,feature-ranking,3,3,0,TEXT
1721,fed,3,3,0,TEXT
1722,fell,3,3,0,TEXT
1723,female,3,3,0,TEXT
1724,fewer,3,3,0,TEXT
1725,fill,3,0,3,TEX
1726,flags,3,3,0,TEXT
1727,flight-deck,3,3,0,TEXT
1728,fluctuates,3,3,0,TEXT
1729,focus,3,2,1,BOTH
1730,followed,3,3,0,TEXT
1731,form,3,3,0,TEXT
1732,four-channel,3,3,0,TEXT
1733,framing,3,2,1,BOTH
1734,freely,3,3,0,TEXT
1735,functional,3,3,0,TEXT
1736,gain,3,3,0,TEXT
1737,gains,3,3,0,TEXT
1738,gave,3,3,0,TEXT
1739,generalize,3,3,0,TEXT
1740,generally,3,3,0,TEXT
1741,give,3,3,0,TEXT
1742,governing,3,3,0,TEXT
1743,granular,3,3,0,TEXT
1744,grid,3,3,0,TEXT
1745,ground,3,3,0,TEXT
1746,grouped,3,3,0,TEXT
1747,guntekin_review_2016,3,0,3,TEX
1748,habit,3,3,0,TEXT
1749,hand,3,3,0,TEXT
1750,hard,3,3,0,TEXT
1751,HCI,3,3,0,TEXT
1752,helps,3,3,0,TEXT
1753,Henao,3,3,0,TEXT
1754,henao_isaza_comprehensive_2026,3,0,3,TEX
1755,Hertz,3,3,0,TEXT
1756,heuristics,3,3,0,TEXT
1757,highlight,3,3,0,TEXT
1758,his,3,3,0,TEXT
1759,hours,3,3,0,TEXT
1760,ICA-based,3,3,0,TEXT
1761,implemented,3,3,0,TEXT
1762,imposed,3,3,0,TEXT
1763,improves,3,3,0,TEXT
1764,incoming,3,3,0,TEXT
1765,inflated,3,1,2,BOTH
1766,influence,3,3,0,TEXT
1767,informed,3,3,0,TEXT
1768,inherits,3,3,0,TEXT
1769,institutional,3,3,0,TEXT
1770,instrument-independent,3,3,0,TEXT
1771,interference,3,3,0,TEXT
1772,introduce,3,3,0,TEXT
1773,intuition,3,3,0,TEXT
1774,IRR,3,0,3,TEX
1775,Isaza,3,3,0,TEXT
1776,isolation,3,3,0,TEXT
1777,iv,3,3,0,TEXT
1778,jitter,3,2,1,BOTH
1779,joint,3,3,0,TEXT
1780,justify,3,3,0,TEXT
1781,kept,3,3,0,TEXT
1782,Kiarashi,3,3,0,TEXT
1783,kiarashi_sleep-derived_2025,3,0,3,TEX
1784,knyazev_eeg_2012,3,0,3,TEX
1785,labeling_strategy,3,0,3,TEX
1786,labelled,3,3,0,TEXT
1787,late,3,3,0,TEXT
1788,latter,3,3,0,TEXT
1789,leave,3,3,0,TEXT
1790,levels,3,3,0,TEXT
1791,lightweight,3,3,0,TEXT
1792,likely,3,3,0,TEXT
1793,likewise,3,3,0,TEXT
1794,limitations,3,2,1,BOTH
1795,literatures,3,3,0,TEXT
1796,locatable,3,3,0,TEXT
1797,located,3,3,0,TEXT
1798,loss,3,3,0,TEXT
1799,lost,3,3,0,TEXT
1800,low-cost,3,3,0,TEXT
1801,low-frequency,3,3,0,TEXT
1802,macroscopic,3,3,0,TEXT
1803,mailing,3,3,0,TEXT
1804,mainly,3,3,0,TEXT
1805,mains,3,3,0,TEXT
1806,maintain,3,3,0,TEXT
1807,major,3,3,0,TEXT
1808,majority-vote,3,3,0,TEXT
1809,making,3,3,0,TEXT
1810,male,3,3,0,TEXT
1811,mark,3,3,0,TEXT
1812,marketing,3,3,0,TEXT
1813,maxima,3,3,0,TEXT
1814,mental-health,3,3,0,TEXT
1815,method_experimental_protocol,3,0,3,TEX
1816,method_skipstay_labeling_strategy,3,0,3,TEX
1817,method_universal_recording_pipeline,3,0,3,TEX
1818,metrics_1_inter,3,0,3,TEX
1819,mi_exploring_2026,3,0,3,TEX
1820,might,3,3,0,TEXT
1821,millisecond,3,3,0,TEXT
1822,mind,3,3,0,TEXT
1823,monitors,3,3,0,TEXT
1824,Moreover,3,3,0,TEXT
1825,mostly,3,3,0,TEXT
1826,motion,3,3,0,TEXT
1827,mu,3,0,3,TEX
1828,myogenic,3,3,0,TEXT
1829,narrower,3,3,0,TEXT
1830,negative,3,3,0,TEXT
1831,neutral,3,3,0,TEXT
1832,new,3,2,1,BOTH
1833,noindent,3,0,3,TEX
1834,non-intrusive,3,3,0,TEXT
1835,non-overlapping,3,3,0,TEXT
1836,non-predictive,3,3,0,TEXT
1837,nonetheless,3,3,0,TEXT
1838,notable,3,3,0,TEXT
1839,observation,3,3,0,TEXT
1840,occur,3,3,0,TEXT
1841,occurring,3,3,0,TEXT
1842,offer,3,3,0,TEXT
1843,offered,3,3,0,TEXT
1844,online,3,1,2,BOTH
1845,op_stay_skip,3,0,3,TEX
1846,operationally,3,3,0,TEXT
1847,optimum,3,3,0,TEXT
1848,order,3,2,1,BOTH
1849,outcomes,3,3,0,TEXT
1850,overlapping,3,2,1,BOTH
1851,oversight,3,3,0,TEXT
1852,paired,3,3,0,TEXT
1853,parameterizations,3,3,0,TEXT
1854,participant-specific,3,3,0,TEXT
1855,pattisapu_stimulus-induced_2023,3,0,3,TEX
1856,peak-to-peak,3,3,0,TEXT
1857,percentile,3,2,1,BOTH
1858,performing,3,3,0,TEXT
1859,person's,3,3,0,TEXT
1860,Phenomenon,3,3,0,TEXT
1861,piece,3,3,0,TEXT
1862,place,3,3,0,TEXT
1863,plain,3,2,1,BOTH
1864,plainly,3,3,0,TEXT
1865,plausible,3,3,0,TEXT
1866,pm5,3,0,3,TEX
1867,pole,3,3,0,TEXT
1868,positively,3,3,0,TEXT
1869,positives,3,3,0,TEXT
1870,possible,3,3,0,TEXT
1871,potentially,3,3,0,TEXT
1872,Potsdam,3,3,0,TEXT
1873,powers,3,2,1,BOTH
1874,pp,3,0,3,TEX
1875,pre-movement,3,3,0,TEXT
1876,pre-testing,3,3,0,TEXT
1877,preceded,3,2,1,BOTH
1878,predominantly,3,3,0,TEXT
1879,prefrontal,3,3,0,TEXT
1880,preparation,3,3,0,TEXT
1881,preserving,3,3,0,TEXT
1882,principal,3,3,0,TEXT
1883,principled,3,3,0,TEXT
1884,printfield,3,0,3,TEX
1885,problems,3,3,0,TEXT
1886,proceedings,3,0,3,TEX
1887,produced,3,3,0,TEXT
1888,prominence,3,3,0,TEXT
1889,prominent,3,3,0,TEXT
1890,prompts,3,3,0,TEXT
1891,pronounced,3,3,0,TEXT
1892,psychology,3,3,0,TEXT
1893,psychophysical,3,3,0,TEXT
1894,purely,3,3,0,TEXT
1895,pushed,3,2,1,BOTH
1896,quantified,3,3,0,TEXT
1897,raises,3,3,0,TEXT
1898,rank,3,3,0,TEXT
1899,ranked,3,3,0,TEXT
1900,rapidly,3,3,0,TEXT
1901,raw-signal,3,3,0,TEXT
1902,readiness,3,2,1,BOTH
1903,reading,3,2,1,BOTH
1904,real-world,3,3,0,TEXT
1905,realistic,3,3,0,TEXT
1906,recruitment,3,3,0,TEXT
1907,registered,3,3,0,TEXT
1908,regulators,3,3,0,TEXT
1909,relies,3,3,0,TEXT
1910,rely,3,3,0,TEXT
1911,repeatedly,3,3,0,TEXT
1912,represent,3,3,0,TEXT
1913,representing,3,3,0,TEXT
1914,requirement,3,3,0,TEXT
1915,resolved,3,3,0,TEXT
1916,response,3,3,0,TEXT
1917,results_engagement_index,3,0,3,TEX
1918,results_exp_learnings,3,0,3,TEX
1919,retrospective,3,3,0,TEXT
1920,reviews,3,3,0,TEXT
1921,rigorous,3,3,0,TEXT
1922,rimbert_impact_2023,3,0,3,TEX
1923,role,3,3,0,TEXT
1924,salminen_engagement_2024,3,0,3,TEX
1925,saltelli_global_2008,3,0,3,TEX
1926,saltelli_how_2010,3,0,3,TEX
1927,sampling_rate,3,0,3,TEX
1928,scaling,3,3,0,TEXT
1929,schemes,3,3,0,TEXT
1930,SD,3,1,2,BOTH
1931,search,3,2,1,BOTH
1932,secondary,3,3,0,TEXT
1933,sequences,3,2,1,BOTH
1934,setup,3,3,0,TEXT
1935,shakeel_review_2015,3,0,3,TEX
1936,shape,3,3,0,TEXT
1937,shaped,3,3,0,TEXT
1938,share,3,3,0,TEXT
1939,short-timescale,3,3,0,TEXT
1940,sign,3,3,0,TEXT
1941,Similarly,3,3,0,TEXT
1942,sits,3,3,0,TEXT
1943,sleep,3,3,0,TEXT
1944,slight,3,3,0,TEXT
1945,slightly,3,3,0,TEXT
1946,slow-changing,3,3,0,TEXT
1947,slower,3,3,0,TEXT
1948,smoothed,3,3,0,TEXT
1949,solution,3,3,0,TEXT
1950,spaced,3,3,0,TEXT
1951,span,3,3,0,TEXT
1952,spanning,3,3,0,TEXT
1953,speech,3,3,0,TEXT
1954,squeezed,3,0,3,TEX
1955,standalone,3,3,0,TEXT
1956,start,3,3,0,TEXT
1957,statement,3,3,0,TEXT
1958,stating,3,3,0,TEXT
1959,stationary,3,3,0,TEXT
1960,staying,3,3,0,TEXT
1961,steeper,3,3,0,TEXT
1962,stop,3,3,0,TEXT
1963,structured,3,3,0,TEXT
1964,studied,3,3,0,TEXT
1965,style,3,0,3,TEX
1966,summarized,3,3,0,TEXT
1967,superiority,3,3,0,TEXT
1968,supported,3,3,0,TEXT
1969,suppress,3,3,0,TEXT
1970,SVA,3,3,0,TEXT
1971,sweeps,3,3,0,TEXT
1972,Swipe-Burst,3,3,0,TEXT
1973,swipe-event,3,3,0,TEXT
1974,synthesis,3,3,0,TEXT
1975,targets,3,3,0,TEXT
1976,tell,3,3,0,TEXT
1977,temporally,3,3,0,TEXT
1978,term,3,3,0,TEXT
1979,terminating,3,3,0,TEXT
1980,th,3,3,0,TEXT
1981,thought,3,1,2,BOTH
1982,thresholds,3,1,2,BOTH
1983,time-series,3,3,0,TEXT
1984,time-stamped,3,3,0,TEXT
1985,timestamps,3,3,0,TEXT
1986,took,3,3,0,TEXT
1987,tools,3,3,0,TEXT
1988,topic,3,3,0,TEXT
1989,topics,3,3,0,TEXT
1990,traces,3,3,0,TEXT
1991,trained,3,3,0,TEXT
1992,trait,3,3,0,TEXT
1993,transferable,3,3,0,TEXT
1994,transform,3,3,0,TEXT
1995,transmission,3,3,0,TEXT
1996,trends,3,3,0,TEXT
1997,trial-by-trial,3,3,0,TEXT
1998,tripple,3,0,3,TEX
1999,tumbling,3,3,0,TEXT
2000,two-minute,3,3,0,TEXT
2001,tzimourta_eeg_2019,3,0,3,TEX
2002,uncertain,3,3,0,TEXT
2003,unequally,3,3,0,TEXT
2004,unstable,3,3,0,TEXT
2005,until,3,1,2,BOTH
2006,Upon,3,3,0,TEXT
2007,uses,3,2,1,BOTH
2008,v,3,2,1,BOTH
2009,variances,3,3,0,TEXT
2010,variations,3,3,0,TEXT
2011,vector,3,3,0,TEXT
2012,version,3,3,0,TEXT
2013,viewed,3,3,0,TEXT
2014,views,3,3,0,TEXT
2015,viz03_exploration,3,0,3,TEX
2016,volitional,3,3,0,TEXT
2017,wave,3,3,0,TEXT
2018,ways,3,3,0,TEXT
2019,wearable,3,3,0,TEXT
2020,webcam,3,3,0,TEXT
2021,weight,3,3,0,TEXT
2022,whole,3,0,3,TEX
2023,widely,3,3,0,TEXT
2024,within-participant,3,3,0,TEXT
2025,worked,3,3,0,TEXT
2026,working,3,3,0,TEXT
2027,written,3,3,0,TEXT
2028,yielded,3,3,0,TEXT
2029,yielding,3,3,0,TEXT
2030,yilmaz_facial_2019,3,0,3,TEX
2031,youth,3,3,0,TEXT
2032,zenone_tiktok_2021,3,0,3,TEX
2033,zero-crossing,3,3,0,TEXT
2034,Zotero,3,0,3,TEX
2035,abovecaptionskip,2,0,2,TEX
2036,absent,2,2,0,TEXT
2037,academically-oriented,2,2,0,TEXT
2038,accuracies,2,2,0,TEXT
2039,achieved,2,2,0,TEXT
2040,achieving,2,2,0,TEXT
2041,acknowledged,2,2,0,TEXT
2042,across-participant,2,2,0,TEXT
2043,acts,2,2,0,TEXT
2044,actual,2,2,0,TEXT
2045,adapt,2,2,0,TEXT
2046,adapted,2,2,0,TEXT
2047,addcomma,2,0,2,TEX
2048,addcontentsline,2,0,2,TEX
2049,Addiction,2,2,0,TEXT
2050,adds,2,2,0,TEXT
2051,adults,2,2,0,TEXT
2052,advantage,2,2,0,TEXT
2053,advice,2,2,0,TEXT
2054,aforementioned,2,2,0,TEXT
2055,algorithmic,2,2,0,TEXT
2056,alignment,2,2,0,TEXT
2057,alter,2,2,0,TEXT
2058,alternatives,2,2,0,TEXT
2059,Alzheimer's,2,2,0,TEXT
2060,Alzheimer's-risk,2,2,0,TEXT
2061,analogous,2,2,0,TEXT
2062,analyzed,2,2,0,TEXT
2063,answered,2,2,0,TEXT
2064,Answering,2,2,0,TEXT
2065,apart,2,1,1,BOTH
2066,aperiodic,2,2,0,TEXT
2067,appropriately,2,1,1,BOTH
2068,April,2,2,0,TEXT
2069,Arabic,2,0,2,TEX
2070,arbitrary,2,2,0,TEXT
2071,areas,2,2,0,TEXT
2072,argue,2,2,0,TEXT
2073,argued,2,2,0,TEXT
2074,argues,2,2,0,TEXT
2075,Arnrich,2,2,0,TEXT
2076,arrangement,2,2,0,TEXT
2077,Art,2,2,0,TEXT
2078,article,2,0,2,TEX
2079,artifact-controlled,2,2,0,TEXT
2080,artifact-correction,2,2,0,TEXT
2081,artifact-related,2,2,0,TEXT
2082,assigned,2,2,0,TEXT
2083,association,2,2,0,TEXT
2084,assuming,2,2,0,TEXT
2085,AtEveryBibitem,2,0,2,TEX
2086,attended,2,2,0,TEXT
2087,attribute,2,2,0,TEXT
2088,audience,2,2,0,TEXT
2089,audit,2,2,0,TEXT
2090,autocorrelation,2,2,0,TEXT
2091,automatic,2,2,0,TEXT
2092,averaged,2,2,0,TEXT
2093,avoid,2,2,0,TEXT
2094,avoiding,2,2,0,TEXT
2095,back-references,2,0,2,TEX
2096,balances,2,2,0,TEXT
2097,band-electrode,2,2,0,TEXT
2098,basch_covid-19_2022,2,0,2,TEX
2099,Baughan,2,2,0,TEXT
2100,behind,2,2,0,TEXT
2101,belongs,2,1,1,BOTH
2102,Bert,2,2,0,TEXT
2103,between-subject,2,2,0,TEXT
2104,bib,2,0,2,TEX
2105,biber,2,0,2,TEX
2106,billion,2,2,0,TEXT
2107,Billions,2,2,0,TEXT
2108,binomial,2,1,1,BOTH
2109,biocybernetic,2,2,0,TEXT
2110,black,2,1,1,BOTH
2111,black-box,2,2,0,TEXT
2112,blink,2,1,1,BOTH
2113,bootstrapped,2,2,0,TEXT
2114,borderline-significant,2,2,0,TEXT
2115,bounded,2,2,0,TEXT
2116,break,2,2,0,TEXT
2117,burst-aware,2,2,0,TEXT
2118,bursts_all_3s,2,0,2,TEX
2119,bursts_all_5s,2,0,2,TEX
2120,bursts_indiv_3s,2,0,2,TEX
2121,bursty,2,2,0,TEXT
2122,button,2,2,0,TEXT
2123,buy,2,2,0,TEXT
2124,cabin,2,2,0,TEXT
2125,calculating,2,2,0,TEXT
2126,calculation_visual_EI,2,0,2,TEX
2127,calibration,2,2,0,TEXT
2128,call,2,1,1,BOTH
2129,camera,2,2,0,TEXT
2130,capable,2,2,0,TEXT
2131,care,2,2,0,TEXT
2132,carriers,2,2,0,TEXT
2133,cdot,2,0,2,TEX
2134,CF,2,0,2,TEX
2135,characterised,2,2,0,TEXT
2136,characterization,2,2,0,TEXT
2137,characterize,2,2,0,TEXT
2138,cheaper,2,2,0,TEXT
2139,checks,2,2,0,TEXT
2140,chen_factors_2021,2,0,2,TEX
2141,claimed,2,2,0,TEXT
2142,clarification,2,2,0,TEXT
2143,class-specific,2,2,0,TEXT
2144,classes_balanced,2,0,2,TEX
2145,classes_imbalanced,2,0,2,TEX
2146,cleaned,2,1,1,BOTH
2147,clearest,2,2,0,TEXT
2148,client,2,2,0,TEXT
2149,closed,2,2,0,TEXT
2150,closing,2,2,0,TEXT
2151,clutter,2,0,2,TEX
2152,coarse,2,2,0,TEXT
2153,coarser,2,2,0,TEXT
2154,Cognition,2,2,0,TEXT
2155,cognitively,2,2,0,TEXT
2156,cohend_top_features_2,2,0,2,TEX
2157,cohens_d,2,0,2,TEX
2158,collapsed,2,2,0,TEXT
2159,colleague,2,2,0,TEXT
2160,colored,2,1,1,BOTH
2161,colors,2,0,2,TEX
2162,combined,2,2,0,TEXT
2163,combines,2,2,0,TEXT
2164,combining,2,2,0,TEXT
2165,commentary,2,2,0,TEXT
2166,Committee,2,2,0,TEXT
2167,commonly,2,2,0,TEXT
2168,comparatively,2,2,0,TEXT
2169,compare,2,2,0,TEXT
2170,compete,2,2,0,TEXT
2171,competing,2,2,0,TEXT
2172,complement,2,2,0,TEXT
2173,complete,2,2,0,TEXT
2174,comprehensive,2,2,0,TEXT
2175,comprised,2,2,0,TEXT
2176,comprises,2,2,0,TEXT
2177,computer-science,2,2,0,TEXT
2178,concludes,2,2,0,TEXT
2179,Concurrently,2,2,0,TEXT
2180,conditional,2,2,0,TEXT
2181,conducted,2,2,0,TEXT
2182,confined,2,2,0,TEXT
2183,confirmatory,2,2,0,TEXT
2184,confirmed,2,2,0,TEXT
2185,confirming,2,2,0,TEXT
2186,conjecture,2,2,0,TEXT
2187,connected,2,2,0,TEXT
2188,consequential,2,2,0,TEXT
2189,considerably,2,2,0,TEXT
2190,considering,2,2,0,TEXT
2191,consisted,2,2,0,TEXT
2192,constituent,2,2,0,TEXT
2193,construct-level,2,2,0,TEXT
2194,consume,2,2,0,TEXT
2195,consumed,2,2,0,TEXT
2196,consuming,2,2,0,TEXT
2197,containing,2,2,0,TEXT
2198,contaminated,2,1,1,BOTH
2199,continuously,2,2,0,TEXT
2200,contraction,2,2,0,TEXT
2201,contributing,2,2,0,TEXT
2202,controls,2,2,0,TEXT
2203,convenient,2,2,0,TEXT
2204,convergent,2,2,0,TEXT
2205,converted,2,2,0,TEXT
2206,correlation,2,2,0,TEXT
2207,Correspondingly,2,2,0,TEXT
2208,costs,2,2,0,TEXT
2209,counted,2,2,0,TEXT
2210,course,2,2,0,TEXT
2211,Craciun,2,2,0,TEXT
2212,creates,2,2,0,TEXT
2213,Creating,2,2,0,TEXT
2214,cross,2,1,1,BOTH
2215,crucial,2,2,0,TEXT
2216,Crucially,2,2,0,TEXT
2217,currency,2,2,0,TEXT
2218,daily,2,2,0,TEXT
2219,dataset-specific,2,2,0,TEXT
2220,datasets,2,2,0,TEXT
2221,days,2,2,0,TEXT
2222,debrief,2,2,0,TEXT
2223,decision-related,2,2,0,TEXT
2224,decisive,2,2,0,TEXT
2225,declined,2,2,0,TEXT
2226,decoded,2,2,0,TEXT
2227,dedicated,2,2,0,TEXT
2228,defensible,2,2,0,TEXT
2229,degrade,2,2,0,TEXT
2230,delaying,2,2,0,TEXT
2231,delta's,2,2,0,TEXT
2232,Delta-Band,2,2,0,TEXT
2233,demand,2,1,1,BOTH
2234,demographically,2,2,0,TEXT
2235,demoted,2,2,0,TEXT
2236,denominator,2,2,0,TEXT
2237,depending,2,2,0,TEXT
2238,deploy,2,2,0,TEXT
2239,deployable,2,2,0,TEXT
2240,deployment,2,2,0,TEXT
2241,derivatives,2,2,0,TEXT
2242,derives,2,2,0,TEXT
2243,describing,2,2,0,TEXT
2244,descriptively,2,2,0,TEXT
2245,designated,2,2,0,TEXT
2246,designed,2,2,0,TEXT
2247,detecting,2,2,0,TEXT
2248,determines,2,2,0,TEXT
2249,device-dependent,2,2,0,TEXT
2250,device-specific,2,2,0,TEXT
2251,diagnostic,2,2,0,TEXT
2252,differed,2,2,0,TEXT
2253,differentiate,2,2,0,TEXT
2254,dimensionless,2,2,0,TEXT
2255,dimensions,2,2,0,TEXT
2256,discarded,2,2,0,TEXT
2257,disclosure,2,2,0,TEXT
2258,discourse,2,2,0,TEXT
2259,Discovery,2,1,1,BOTH
2260,dissociate,2,2,0,TEXT
2261,distortion,2,2,0,TEXT
2262,divided,2,2,0,TEXT
2263,document,2,1,1,BOTH
2264,dominance,2,2,0,TEXT
2265,done,2,1,1,BOTH
2266,donoghue_electrophysiological_2020,2,0,2,TEX
2267,door,2,2,0,TEXT
2268,dose,2,2,0,TEXT
2269,drop-off,2,2,0,TEXT
2270,dry,2,2,0,TEXT
2271,dry-electrode,2,2,0,TEXT
2272,earliest,2,2,0,TEXT
2273,ears,2,2,0,TEXT
2274,easily,2,2,0,TEXT
2275,ecological,2,2,0,TEXT
2276,edge,2,2,0,TEXT
2277,education,2,2,0,TEXT
2278,effectiveness,2,2,0,TEXT
2279,ei_vs_cf_inter_significance_heatmap,2,0,2,TEX
2280,eid,2,0,2,TEX
2281,electrodermal,2,2,0,TEXT
2282,electroencephalography,2,2,0,TEXT
2283,elicit,2,2,0,TEXT
2284,eliminated,2,2,0,TEXT
2285,elsewhere,2,2,0,TEXT
2286,embedded,2,2,0,TEXT
2287,EMG's,2,2,0,TEXT
2288,employs,2,2,0,TEXT
2289,enabled,2,2,0,TEXT
2290,encoded,2,2,0,TEXT
2291,ends,2,2,0,TEXT
2292,engagement-sensitive,2,2,0,TEXT
2293,engagement_bridge,2,0,2,TEX
2294,engagement_definition,2,0,2,TEX
2295,enter,2,2,0,TEXT
2296,entertainment,2,2,0,TEXT
2297,epoch,2,2,0,TEXT
2298,equate,2,2,0,TEXT
2299,ERP,2,2,0,TEXT
2300,essential,2,2,0,TEXT
2301,euro,2,2,0,TEXT
2302,euros,2,2,0,TEXT
2303,evaluates,2,2,0,TEXT
2304,evaluations,2,1,1,BOTH
2305,Evans,2,2,0,TEXT
2306,event-aligned,2,1,1,BOTH
2307,event-related,2,2,0,TEXT
2308,eventually,2,2,0,TEXT
2309,evolutionary-functional,2,2,0,TEXT
2310,exception,2,2,0,TEXT
2311,exhibit,2,2,0,TEXT
2312,exhibited,2,2,0,TEXT
2313,existence,2,2,0,TEXT
2314,expand,2,1,1,BOTH
2315,expansion,2,2,0,TEXT
2316,expectation,2,2,0,TEXT
2317,expensive,2,2,0,TEXT
2318,experiences,2,2,0,TEXT
2319,experiential,2,2,0,TEXT
2320,exploratory,2,2,0,TEXT
2321,exposed,2,2,0,TEXT
2322,expresses,2,2,0,TEXT
2323,expression,2,2,0,TEXT
2324,extent,2,2,0,TEXT
2325,extracting,2,2,0,TEXT
2326,extrapolation,2,2,0,TEXT
2327,F-scores,2,2,0,TEXT
2328,F1,2,0,2,TEX
2329,factorial,2,2,0,TEXT
2330,factors,2,2,0,TEXT
2331,fail,2,2,0,TEXT
2332,failures,2,2,0,TEXT
2333,fall,2,2,0,TEXT
2334,falling,2,2,0,TEXT
2335,fbox,2,0,2,TEX
2336,feasible,2,2,0,TEXT
2337,feature--baseline,2,2,0,TEXT
2338,feature-selection,2,2,0,TEXT
2339,feed-based,2,2,0,TEXT
2340,field-deployable,2,2,0,TEXT
2341,fields,2,1,1,BOTH
2342,fifth,2,2,0,TEXT
2343,finds,2,2,0,TEXT
2344,finite,2,2,0,TEXT
2345,fit,2,2,0,TEXT
2346,fixation,2,2,0,TEXT
2347,flag,2,2,0,TEXT
2348,flagged,2,2,0,TEXT
2349,flanking,2,2,0,TEXT
2350,flexible,2,2,0,TEXT
2351,fluctuations,2,2,0,TEXT
2352,fMRI,2,2,0,TEXT
2353,focused,2,2,0,TEXT
2354,fold_boundaries_for_one_participant,2,0,2,TEX
2355,fold_split_per_participant,2,0,2,TEX
2356,follow-up,2,2,0,TEXT
2357,forbids,2,2,0,TEXT
2358,force,2,2,0,TEXT
2359,forehead,2,2,0,TEXT
2360,format,2,2,0,TEXT
2361,formats,2,2,0,TEXT
2362,formed,2,2,0,TEXT
2363,formula_EI,2,0,2,TEX
2364,foundation,2,2,0,TEXT
2365,four-stage,2,2,0,TEXT
2366,Fourier,2,2,0,TEXT
2367,fourth,2,2,0,TEXT
2368,frames,2,2,0,TEXT
2369,frenay_classification_2014,2,0,2,TEX
2370,frequency-band,2,2,0,TEXT
2371,frequency-domain,2,2,0,TEXT
2372,frequency-specific,2,2,0,TEXT
2373,frequent,2,2,0,TEXT
2374,frequently,2,2,0,TEXT
2375,friction,2,2,0,TEXT
2376,functionally,2,2,0,TEXT
2377,fundamentally,2,2,0,TEXT
2378,Furthermore,2,2,0,TEXT
2379,G4,2,1,1,BOTH
2380,gamma-range,2,2,0,TEXT
2381,gap-length,2,2,0,TEXT
2382,Gen,2,1,1,BOTH
2383,generalizability,2,2,0,TEXT
2384,generalized,2,2,0,TEXT
2385,goal,2,2,0,TEXT
2386,goal-directed,2,2,0,TEXT
2387,grace,2,2,0,TEXT
2388,grateful,2,2,0,TEXT
2389,ground-truth,2,2,0,TEXT
2390,grounding,2,2,0,TEXT
2391,guarantees,2,2,0,TEXT
2392,guessing,2,2,0,TEXT
2393,guidance,2,2,0,TEXT
2394,handle,2,1,1,BOTH
2395,happened,2,1,1,BOTH
2396,hardcoded,2,1,1,BOTH
2397,hardest,2,2,0,TEXT
2398,hardware-related,2,2,0,TEXT
2399,harm,2,2,0,TEXT
2400,headband's,2,2,0,TEXT
2401,headset,2,2,0,TEXT
2402,health_communication_literature,2,0,2,TEX
2403,Heatmap,2,2,0,TEXT
2404,Her,2,2,0,TEXT
2405,hierarchical,2,1,1,BOTH
2406,higher-frequency-weighted,2,2,0,TEXT
2407,Hjorth's,2,2,0,TEXT
2408,hjorth_eeg_1970,2,0,2,TEX
2409,honest,2,2,0,TEXT
2410,human,2,2,0,TEXT
2411,human-factors,2,2,0,TEXT
2412,humble,2,2,0,TEXT
2413,hybrid,2,1,1,BOTH
2414,hypotheses,2,2,0,TEXT
2415,ICA,2,2,0,TEXT
2416,identical,2,2,0,TEXT
2417,idiosyncratic,2,2,0,TEXT
2418,idling,2,2,0,TEXT
2419,ifentrytype,2,0,2,TEX
2420,iffieldundef,2,0,2,TEX
2421,imbalanced,2,0,2,TEX
2422,imminent-skip-period,2,2,0,TEXT
2423,impact,2,2,0,TEXT
2424,impaired,2,2,0,TEXT
2425,implicated,2,2,0,TEXT
2426,imply,2,2,0,TEXT
2427,Importantly,2,2,0,TEXT
2428,incentive,2,2,0,TEXT
2429,incommensurable,2,2,0,TEXT
2430,Incorporating,2,2,0,TEXT
2431,increasingly,2,2,0,TEXT
2432,independence,2,2,0,TEXT
2433,indicative,2,2,0,TEXT
2434,indistinguishable,2,2,0,TEXT
2435,individualized,2,2,0,TEXT
2436,inference,2,2,0,TEXT
2437,inferred,2,2,0,TEXT
2438,infinite,2,2,0,TEXT
2439,inform,2,2,0,TEXT
2440,informaive,2,0,2,TEX
2441,inproceedings,2,0,2,TEX
2442,instance,2,2,0,TEXT
2443,instantaneous,2,2,0,TEXT
2444,institutions,2,2,0,TEXT
2445,instrument-bound,2,2,0,TEXT
2446,inter-swipe,2,2,0,TEXT
2447,interchangeable,2,2,0,TEXT
2448,interested,2,2,0,TEXT
2449,interesting,2,1,1,BOTH
2450,interpolated,2,2,0,TEXT
2451,interpretability,2,2,0,TEXT
2452,interpretations,2,1,1,BOTH
2453,interpreting,2,2,0,TEXT
2454,interrupt,2,2,0,TEXT
2455,interruptions,2,2,0,TEXT
2456,interviews,2,2,0,TEXT
2457,intro_engagement_definition,2,0,2,TEX
2458,intro_research_questions,2,0,2,TEX
2459,intuitive,2,2,0,TEXT
2460,inventory,2,2,0,TEXT
2461,investigations,2,2,0,TEXT
2462,invisible,2,2,0,TEXT
2463,involves,2,2,0,TEXT
2464,Irina-Catrinel,2,2,0,TEXT
2465,isolate,2,2,0,TEXT
2466,issues,2,2,0,TEXT
2467,jdpigeon_muselsl_2026,2,0,2,TEX
2468,journal,2,0,2,TEX
2469,jpg,2,0,2,TEX
2470,judged,2,2,0,TEXT
2471,justified,2,2,0,TEXT
2472,karimah_automatic_2022,2,0,2,TEX
2473,keeping,2,2,0,TEXT
2474,keyboard,2,2,0,TEXT
2475,keypress_sync,2,0,2,TEX
2476,khambampati_frequency_2023,2,0,2,TEX
2477,knows,2,2,0,TEXT
2478,krigolson_choosing_2017,2,0,2,TEX
2479,labeling-parameter,2,2,0,TEXT
2480,labeling_strategy_small_gap_big_isp,2,0,2,TEX
2481,labeling_strategy_small_window,2,0,2,TEX
2482,landing,2,1,1,BOTH
2483,language,2,1,1,BOTH
2484,laptop_phone,2,0,2,TEX
2485,lasted,2,2,0,TEXT
2486,lateralized,2,2,0,TEXT
2487,latter's,2,2,0,TEXT
2488,leading,2,2,0,TEXT
2489,leads,2,2,0,TEXT
2490,learner,2,2,0,TEXT
2491,Leave-One-Group-Out,2,2,0,TEXT
2492,leaves,2,2,0,TEXT
2493,lengthened,2,2,0,TEXT
2494,lengths,2,2,0,TEXT
2495,Let,2,2,0,TEXT
2496,Libraries,2,1,1,BOTH
2497,lie,2,2,0,TEXT
2498,limit,2,2,0,TEXT
2499,link,2,2,0,TEXT
2500,listener,2,2,0,TEXT
2501,little,2,2,0,TEXT
2502,Logging,2,2,0,TEXT
2503,look,2,2,0,TEXT
2504,looked,2,2,0,TEXT
2505,looks,2,1,1,BOTH
2506,Lothar,2,2,0,TEXT
2507,lower,2,2,0,TEXT
2508,lower-cost,2,2,0,TEXT
2509,M,2,0,2,TEX
2510,maintaining,2,2,0,TEXT
2511,maintenance,2,2,0,TEXT
2512,majority,2,2,0,TEXT
2513,Makers,2,2,0,TEXT
2514,marked,2,2,0,TEXT
2515,matched,2,2,0,TEXT
2516,matches,2,1,1,BOTH
2517,material,2,2,0,TEXT
2518,Materials,2,2,0,TEXT
2519,mathematical,2,2,0,TEXT
2520,McCashin,2,2,0,TEXT
2521,MCI,2,2,0,TEXT
2522,mean-frequency,2,2,0,TEXT
2523,mechanisms,2,2,0,TEXT
2524,mechanistic,2,2,0,TEXT
2525,membership,2,2,0,TEXT
2526,mentioned,2,2,0,TEXT
2527,merges,2,2,0,TEXT
2528,method_artifact_analysis,2,0,2,TEX
2529,method_class_separation_metric,2,0,2,TEX
2530,methodology,2,2,0,TEXT
2531,metrics_1_intra,2,0,2,TEX
2532,metrics_5_inter_1,2,0,2,TEX
2533,metrics_5_inter_2,2,0,2,TEX
2534,metrics_5_inter_3,2,0,2,TEX
2535,metrics_5_intra_1,2,0,2,TEX
2536,metrics_5_intra_2,2,0,2,TEX
2537,metrics_5_intra_3,2,0,2,TEX
2538,middle,2,2,0,TEXT
2539,midline,2,2,0,TEXT
2540,minority,2,1,1,BOTH
2541,minority-class,2,2,0,TEXT
2542,mirroring,2,2,0,TEXT
2543,misassigned,2,2,0,TEXT
2544,mislabelling,2,2,0,TEXT
2545,missing,2,1,1,BOTH
2546,mixed,2,2,0,TEXT
2547,mixture,2,2,0,TEXT
2548,mode,2,2,0,TEXT
2549,moderate,2,2,0,TEXT
2550,modes,2,2,0,TEXT
2551,moment-to-moment,2,2,0,TEXT
2552,months,2,2,0,TEXT
2553,motivate,2,2,0,TEXT
2554,motivational,2,2,0,TEXT
2555,motor-preparation,2,2,0,TEXT
2556,moved,2,2,0,TEXT
2557,moves,2,2,0,TEXT
2558,moving,2,2,0,TEXT
2559,mu_y,2,0,2,TEX
2560,mult,2,2,0,TEXT
2561,multi-night,2,2,0,TEXT
2562,Murphy's,2,2,0,TEXT
2563,muse_headband,2,0,2,TEX
2564,naming,2,2,0,TEXT
2565,naturally,2,2,0,TEXT
2566,necessary,2,2,0,TEXT
2567,needing,2,2,0,TEXT
2568,negatively,2,2,0,TEXT
2569,negatives,2,2,0,TEXT
2570,negativity,2,2,0,TEXT
2571,Neuroimaging,2,2,0,TEXT
2572,nobody,2,2,0,TEXT
2573,non-linear,2,2,0,TEXT
2574,non-neural,2,2,0,TEXT
2575,non-stationarity,2,2,0,TEXT
2576,non-trivial,2,2,0,TEXT
2577,normative,2,2,0,TEXT
2578,notch-filtered,2,2,0,TEXT
2579,null,2,2,0,TEXT
2580,numbering,2,0,2,TEX
2581,numbers,2,2,0,TEXT
2582,numeral,2,0,2,TEX
2583,occasional,2,2,0,TEXT
2584,occupancy,2,2,0,TEXT
2585,occurred,2,2,0,TEXT
2586,off-the-shelf,2,2,0,TEXT
2587,offers,2,2,0,TEXT
2588,offset,2,2,0,TEXT
2589,one-dimensional,2,2,0,TEXT
2590,one-vs-rest,2,2,0,TEXT
2591,OpenCV,2,2,0,TEXT
2592,opens,2,2,0,TEXT
2593,operates,2,2,0,TEXT
2594,operating,2,2,0,TEXT
2595,Operational,2,2,0,TEXT
2596,operationalisations,2,2,0,TEXT
2597,opportunity,2,2,0,TEXT
2598,optimised,2,2,0,TEXT
2599,Optimising,2,2,0,TEXT
2600,optimize,2,2,0,TEXT
2601,ordinary,2,2,0,TEXT
2602,orientation,2,2,0,TEXT
2603,origin,2,2,0,TEXT
2604,originating,2,2,0,TEXT
2605,outlier,2,2,0,TEXT
2606,outlined,2,2,0,TEXT
2607,ovi_frequency_2026,2,0,2,TEX
2608,P1--P3,2,2,0,TEXT
2609,P31,2,2,0,TEXT
2610,P4--P31,2,2,0,TEXT
2611,pagenumbering,2,0,2,TEX
2612,pair,2,2,0,TEXT
2613,panels,2,1,1,BOTH
2614,participant-level,2,2,0,TEXT
2615,participant_inclusion,2,0,2,TEX
2616,parts,2,1,1,BOTH
2617,passed,2,2,0,TEXT
2618,path,2,2,0,TEXT
2619,patient,2,2,0,TEXT
2620,peaks,2,2,0,TEXT
2621,performs,2,2,0,TEXT
2622,periodic,2,2,0,TEXT
2623,persists,2,2,0,TEXT
2624,person-specific,2,2,0,TEXT
2625,pfurtscheller_event-related_1996,2,0,2,TEX
2626,phone-use,2,2,0,TEXT
2627,physiologically,2,2,0,TEXT
2628,picture,2,1,1,BOTH
2629,pilot,2,2,0,TEXT
2630,pipeline's,2,2,0,TEXT
2631,placed,2,2,0,TEXT
2632,platform's,2,2,0,TEXT
2633,platform-internal,2,2,0,TEXT
2634,plot,2,1,1,BOTH
2635,pool,2,2,0,TEXT
2636,pooled,2,2,0,TEXT
2637,poorly,2,2,0,TEXT
2638,populations,2,2,0,TEXT
2639,position,2,2,0,TEXT
2640,possibly,2,2,0,TEXT
2641,post,2,2,0,TEXT
2642,post-skip,2,2,0,TEXT
2643,posting,2,2,0,TEXT
2644,precursors,2,2,0,TEXT
2645,predictors,2,2,0,TEXT
2646,preferred,2,2,0,TEXT
2647,premise,2,2,0,TEXT
2648,presence,2,2,0,TEXT
2649,presented,2,2,0,TEXT
2650,pressure,2,2,0,TEXT
2651,prestimulus,2,2,0,TEXT
2652,previous,2,2,0,TEXT
2653,primarily,2,2,0,TEXT
2654,print,2,0,2,TEX
2655,priorities,2,2,0,TEXT
2656,privacy,2,2,0,TEXT
2657,private,2,2,0,TEXT
2658,probable,2,2,0,TEXT
2659,producing,2,2,0,TEXT
2660,productive,2,2,0,TEXT
2661,profiles,2,2,0,TEXT
2662,promising,2,2,0,TEXT
2663,promotion,2,2,0,TEXT
2664,proof-of-concept,2,2,0,TEXT
2665,protocol_flow,2,0,2,TEX
2666,prove,2,2,0,TEXT
2667,Psychologically,2,2,0,TEXT
2668,published,2,2,0,TEXT
2669,publisher,2,0,2,TEX
2670,pulling,2,2,0,TEXT
2671,purpose,2,2,0,TEXT
2672,pursued,2,2,0,TEXT
2673,qualifies,2,2,0,TEXT
2674,quantifies,2,2,0,TEXT
2675,quantities,2,2,0,TEXT
2676,quote,2,0,2,TEX
2677,R,2,1,1,BOTH
2678,raise,2,2,0,TEXT
2679,random,2,2,0,TEXT
2680,random-split,2,0,2,TEX
2681,randomly,2,2,0,TEXT
2682,rates,2,2,0,TEXT
2683,ratings,2,2,0,TEXT
2684,re-engagement,2,2,0,TEXT
2685,re-running,2,0,2,TEX
2686,reading-history,2,2,0,TEXT
2687,reasonable,2,2,0,TEXT
2688,recognised,2,2,0,TEXT
2689,reconnection,2,2,0,TEXT
2690,reconstructed,2,2,0,TEXT
2691,recording_script,2,0,2,TEX
2692,records,2,2,0,TEXT
2693,recovery,2,2,0,TEXT
2694,reducing,2,2,0,TEXT
2695,reductions,2,2,0,TEXT
2696,refute,2,2,0,TEXT
2697,region-specific,2,2,0,TEXT
2698,register,2,2,0,TEXT
2699,regulatory,2,2,0,TEXT
2700,relationships,2,2,0,TEXT
2701,relevance,2,2,0,TEXT
2702,remainder,2,2,0,TEXT
2703,remained,2,2,0,TEXT
2704,remembering,2,2,0,TEXT
2705,removes,2,2,0,TEXT
2706,renewbibmacro,2,0,2,TEX
2707,reproducibly,2,2,0,TEXT
2708,researcher's,2,2,0,TEXT
2709,resembles,2,2,0,TEXT
2710,residual,2,2,0,TEXT
2711,resolution,2,2,0,TEXT
2712,resource,2,2,0,TEXT
2713,respective,2,2,0,TEXT
2714,responds,2,2,0,TEXT
2715,restricted,2,2,0,TEXT
2716,RF,2,0,2,TEX
2717,robustly,2,2,0,TEXT
2718,robustness,2,2,0,TEXT
2719,Roman,2,0,2,TEX
2720,root,2,2,0,TEXT
2721,rose,2,2,0,TEXT
2722,routes,2,2,0,TEXT
2723,row,2,0,2,TEX
2724,rows,2,1,1,BOTH
2725,rule,2,2,0,TEXT
2726,s_fold_boundary,2,0,2,TEX
2727,says,2,2,0,TEXT
2728,scaled,2,2,0,TEXT
2729,scalp,2,2,0,TEXT
2730,seen,2,2,0,TEXT
2731,segment,2,2,0,TEXT
2732,select,2,2,0,TEXT
2733,self-awareness,2,2,0,TEXT
2734,self-reporting,2,2,0,TEXT
2735,sensory,2,2,0,TEXT
2736,separating,2,2,0,TEXT
2737,served,2,2,0,TEXT
2738,serving,2,2,0,TEXT
2739,setcounter,2,0,2,TEX
2740,setunit,2,0,2,TEX
2741,setup_cabin,2,0,2,TEX
2742,severe,2,2,0,TEXT
2743,shaded,2,2,0,TEXT
2744,shared,2,2,0,TEXT
2745,she,2,2,0,TEXT
2746,shifts,2,2,0,TEXT
2747,short-video,2,2,0,TEXT
2748,signatures,2,2,0,TEXT
2749,signed,2,2,0,TEXT
2750,silently,2,1,1,BOTH
2751,sine,2,2,0,TEXT
2752,singletons,2,2,0,TEXT
2753,sized,2,2,0,TEXT
2754,skewed,2,2,0,TEXT
2755,skin,2,2,0,TEXT
2756,smoothly,2,2,0,TEXT
2757,solely,2,2,0,TEXT
2758,someone,2,2,0,TEXT
2759,sometimes,2,2,0,TEXT
2760,sound,2,2,0,TEXT
2761,sources,2,2,0,TEXT
2762,spatial,2,2,0,TEXT
2763,specified,2,2,0,TEXT
2764,speculative,2,2,0,TEXT
2765,splits,2,1,1,BOTH
2766,spontaneous,2,2,0,TEXT
2767,sqrt,2,0,2,TEX
2768,square,2,2,0,TEXT
2769,squared,2,2,0,TEXT
2770,stages,2,2,0,TEXT
2771,stands,2,2,0,TEXT
2772,started,2,2,0,TEXT
2773,stat_moments,2,0,2,TEX
2774,status,2,2,0,TEXT
2775,step-wise,2,2,0,TEXT
2776,step01_preprocess,2,0,2,TEX
2777,steps,2,2,0,TEXT
2778,stereotyped,2,2,0,TEXT
2779,stimulus-driven,2,2,0,TEXT
2780,Story,2,2,0,TEXT
2781,straddles,2,2,0,TEXT
2782,stride,2,2,0,TEXT
2783,Student,2,2,0,TEXT
2784,study's,2,2,0,TEXT
2785,subject-specific,2,2,0,TEXT
2786,subjects,2,2,0,TEXT
2787,subsections,2,2,0,TEXT
2788,substituting,2,2,0,TEXT
2789,success,2,2,0,TEXT
2790,successive,2,2,0,TEXT
2791,sum,2,0,2,TEX
2792,Supervisors,2,2,0,TEXT
2793,supply,2,2,0,TEXT
2794,supposed,2,2,0,TEXT
2795,surrounding,2,2,0,TEXT
2796,survey,2,2,0,TEXT
2797,susceptibility,2,2,0,TEXT
2798,sustained-attention,2,2,0,TEXT
2799,sustained-vigilance,2,2,0,TEXT
2800,swept,2,2,0,TEXT
2801,swipe-away,2,2,0,TEXT
2802,synchronize,2,2,0,TEXT
2803,take,2,1,1,BOTH
2804,takes,2,2,0,TEXT
2805,taking,2,2,0,TEXT
2806,targeted,2,2,0,TEXT
2807,temporal-site,2,2,0,TEXT
2808,tenfold,2,2,0,TEXT
2809,tension,2,2,0,TEXT
2810,testable,2,2,0,TEXT
2811,thank,2,2,0,TEXT
2812,thats,2,0,2,TEX
2813,tiled,2,2,0,TEXT
2814,time-on-task,2,2,0,TEXT
2815,time-resolved,2,2,0,TEXT
2816,timestamp,2,2,0,TEXT
2817,titlepage,2,0,2,TEX
2818,titles,2,1,1,BOTH
2819,toc,2,0,2,TEX
2820,today,2,1,1,BOTH
2821,TODO,2,0,2,TEX
2822,TP10rawstd,2,2,0,TEXT
2823,trace,2,2,0,TEXT
2824,tracks,2,2,0,TEXT
2825,transferring,2,2,0,TEXT
2826,transitions,2,2,0,TEXT
2827,translate,2,2,0,TEXT
2828,transparency,2,2,0,TEXT
2829,trend,2,2,0,TEXT
2830,trivially,2,2,0,TEXT
2831,truth,2,2,0,TEXT
2832,tuned,2,2,0,TEXT
2833,twenty-eight,2,2,0,TEXT
2834,twice,2,2,0,TEXT
2835,Twitter,2,2,0,TEXT
2836,two-sided,2,2,0,TEXT
2837,type,2,1,1,BOTH
2838,Tzimourta,2,2,0,TEXT
2839,ultimately,2,2,0,TEXT
2840,unable,2,2,0,TEXT
2841,unambiguous,2,1,1,BOTH
2842,unconstrained,2,2,0,TEXT
2843,undefined,2,2,0,TEXT
2844,understand,2,2,0,TEXT
2845,understated,2,2,0,TEXT
2846,undisclosed,2,2,0,TEXT
2847,unevenly,2,2,0,TEXT
2848,unexercised,2,2,0,TEXT
2849,unfiltered,2,2,0,TEXT
2850,unique,2,2,0,TEXT
2851,unlike,2,2,0,TEXT
2852,unqualified,2,2,0,TEXT
2853,unrelated,2,2,0,TEXT
2854,unresolved,2,2,0,TEXT
2855,unsuitable,2,2,0,TEXT
2856,unusually,2,2,0,TEXT
2857,us,2,2,0,TEXT
2858,utilizing,2,2,0,TEXT
2859,validate,2,2,0,TEXT
2860,var,2,0,2,TEX
2861,variable,2,2,0,TEXT
2862,varying,2,2,0,TEXT
2863,venue,2,0,2,TEX
2864,verified,2,2,0,TEXT
2865,vertical,2,2,0,TEXT
2866,viewer's,2,2,0,TEXT
2867,visualization,2,2,0,TEXT
2868,visualizes,2,2,0,TEXT
2869,visually,2,2,0,TEXT
2870,viz01,2,0,2,TEX
2871,viz05a,2,0,2,TEX
2872,voucher,2,2,0,TEXT
2873,waiting,2,2,0,TEXT
2874,warrants,2,2,0,TEXT
2875,watched,2,2,0,TEXT
2876,wearable-EEG,2,2,0,TEXT
2877,wellbeing,2,2,0,TEXT
2878,whenever,2,2,0,TEXT
2879,whom,2,2,0,TEXT
2880,Wieler,2,2,0,TEXT
2881,windowing,2,2,0,TEXT
2882,words,2,2,0,TEXT
2883,wristband,2,2,0,TEXT
2884,x-axis,2,2,0,TEXT
2885,xu_neural_2024,2,0,2,TEX
2886,years,2,1,1,BOTH
2887,young,2,2,0,TEXT
2888,your,2,2,0,TEXT
2889,z,2,0,2,TEX
2890,Zenone,2,2,0,TEXT
2891,zero,2,2,0,TEXT
2892,A2,1,0,1,TEX
2893,A3,1,0,1,TEX
2894,a4paper,1,0,1,TEX
2895,abandoning,1,1,0,TEXT
2896,above-chance,1,1,0,TEXT
2897,academic,1,1,0,TEXT
2898,academically-skewed,1,1,0,TEXT
2899,accelerometer,1,1,0,TEXT
2900,accept,1,1,0,TEXT
2901,accessed,1,1,0,TEXT
2902,accessible,1,1,0,TEXT
2903,accompanying,1,1,0,TEXT
2904,accountable,1,1,0,TEXT
2905,accounting,1,1,0,TEXT
2906,accumulated,1,1,0,TEXT
2907,accuracy-optimal,1,1,0,TEXT
2908,accurately,1,1,0,TEXT
2909,achieves,1,1,0,TEXT
2910,across-session,1,1,0,TEXT
2911,acted,1,1,0,TEXT
2912,action-related,1,1,0,TEXT
2913,action-state,1,1,0,TEXT
2914,actively,1,1,0,TEXT
2915,actors,1,1,0,TEXT
2916,addbibresource,1,0,1,TEX
2917,addcolon,1,0,1,TEX
2918,adding,1,1,0,TEXT
2919,additions,1,1,0,TEXT
2920,address,1,1,0,TEXT
2921,addressing,1,1,0,TEXT
2922,adequately,1,1,0,TEXT
2923,adjacency,1,1,0,TEXT
2924,adjacent_studies,1,0,1,TEX
2925,adjusted,1,1,0,TEXT
2926,adolescent,1,1,0,TEXT
2927,adolescents,1,1,0,TEXT
2928,adopt,1,1,0,TEXT
2929,adoption,1,1,0,TEXT
2930,advantages,1,1,0,TEXT
2931,advertisers,1,1,0,TEXT
2932,aesthetic,1,1,0,TEXT
2933,affected,1,1,0,TEXT
2934,affective,1,1,0,TEXT
2935,afford,1,1,0,TEXT
2936,after_balancing,1,0,1,TEX
2937,Afterward,1,1,0,TEXT
2938,afterwards,1,1,0,TEXT
2939,age-gating,1,1,0,TEXT
2940,ages,1,1,0,TEXT
2941,aggregates,1,1,0,TEXT
2942,agree,1,1,0,TEXT
2943,agreement,1,1,0,TEXT
2944,agreements,1,1,0,TEXT
2945,ahead,1,1,0,TEXT
2946,aim,1,1,0,TEXT
2947,aims,1,1,0,TEXT
2948,alcoholism,1,1,0,TEXT
2949,Alexandre,1,1,0,TEXT
2950,algorithmically,1,1,0,TEXT
2951,algorithms,1,1,0,TEXT
2952,allows,1,1,0,TEXT
2953,alpha-through-gamma,1,1,0,TEXT
2954,AMIGOS,1,1,0,TEXT
2955,amongst,1,1,0,TEXT
2956,amounts,1,1,0,TEXT
2957,amplification,1,1,0,TEXT
2958,amplifier,1,1,0,TEXT
2959,amplifiers,1,1,0,TEXT
2960,amsmath,1,0,1,TEX
2961,analysable,1,1,0,TEXT
2962,analyses---exact,1,1,0,TEXT
2963,analyst,1,1,0,TEXT
2964,analytically,1,1,0,TEXT
2965,anatomically,1,1,0,TEXT
2966,anchors,1,1,0,TEXT
2967,anderson_social_2023,1,0,1,TEX
2968,anomalies,1,1,0,TEXT
2969,anomalous,1,1,0,TEXT
2970,ANOVA,1,1,0,TEXT
2971,anticipated,1,1,0,TEXT
2972,antimicrobial-resistance,1,1,0,TEXT
2973,anyone's,1,1,0,TEXT
2974,app's,1,1,0,TEXT
2975,apparatus,1,1,0,TEXT
2976,appeal,1,1,0,TEXT
2977,appearance,1,0,1,TEX
2978,appeared,1,1,0,TEXT
2979,apples-to-apples,1,0,1,TEX
2980,appointments,1,1,0,TEXT
2981,appraisal-independent,1,1,0,TEXT
2982,approved,1,1,0,TEXT
2983,approximable,1,1,0,TEXT
2984,approximate,1,1,0,TEXT
2985,ar's,1,1,0,TEXT
2986,arbitrarily,1,1,0,TEXT
2987,area,1,0,1,TEX
2988,arise,1,1,0,TEXT
2989,arising,1,1,0,TEXT
2990,arose,1,1,0,TEXT
2991,arousal,1,1,0,TEXT
2992,arrival,1,1,0,TEXT
2993,arrive,1,1,0,TEXT
2994,artefact,1,1,0,TEXT
2995,articles,1,1,0,TEXT
2996,artifact-aware,1,1,0,TEXT
2997,artifact-detection,1,1,0,TEXT
2998,artifact-masked,1,1,0,TEXT
2999,artifact-rate,1,1,0,TEXT
3000,artifact-sensitive,1,1,0,TEXT
3001,artifactual,1,1,0,TEXT
3002,artwork,1,0,1,TEX
3003,asks,1,1,0,TEXT
3004,asserted,1,1,0,TEXT
3005,asserts,1,1,0,TEXT
3006,assessing,1,1,0,TEXT
3007,assessments,1,1,0,TEXT
3008,assignment,1,1,0,TEXT
3009,assume,1,1,0,TEXT
3010,assumes,1,1,0,TEXT
3011,assumptions,1,1,0,TEXT
3012,asymmetric,1,1,0,TEXT
3013,asymmetrical,1,1,0,TEXT
3014,asymmetrically,1,1,0,TEXT
3015,at-risk,1,1,0,TEXT
3016,attacked,1,1,0,TEXT
3017,attempting,1,1,0,TEXT
3018,attempts,1,1,0,TEXT
3019,attend,1,1,0,TEXT
3020,attending,1,1,0,TEXT
3021,attention-aware,1,1,0,TEXT
3022,attention-relevant,1,1,0,TEXT
3023,attentive,1,1,0,TEXT
3024,attenuates,1,1,0,TEXT
3025,attributable,1,1,0,TEXT
3026,attributes,1,1,0,TEXT
3027,attribution,1,1,0,TEXT
3028,audiovisual,1,1,0,TEXT
3029,auditable,1,1,0,TEXT
3030,author,1,0,1,TEX
3031,author's,1,1,0,TEXT
3032,author-year,1,0,1,TEX
3033,authored,1,1,0,TEXT
3034,Auto-Reconnection,1,1,0,TEXT
3035,autocorrelated,1,1,0,TEXT
3036,autonomous,1,1,0,TEXT
3037,autonomy,1,1,0,TEXT
3038,avc1,1,1,0,TEXT
3039,avoided,1,1,0,TEXT
3040,avoids,1,0,1,TEX
3041,awareness,1,1,0,TEXT
3042,axis-aligned,1,1,0,TEXT
3043,Ba,1,1,0,TEXT
3044,back,1,1,0,TEXT
3045,backend,1,0,1,TEX
3046,backref,1,0,1,TEX
3047,backrefpage,1,0,1,TEX
3048,backrefpages,1,0,1,TEX
3049,backrefstyle,1,0,1,TEX
3050,balance,1,1,0,TEXT
3051,band's,1,1,0,TEXT
3052,band--electrode,1,1,0,TEXT
3053,band-limiting,1,1,0,TEXT
3054,band-pass,1,1,0,TEXT
3055,band-relative,1,1,0,TEXT
3056,band-wise,1,1,0,TEXT
3057,bandpass,1,1,0,TEXT
3058,bandstop,1,1,0,TEXT
3059,banned,1,1,0,TEXT
3060,bans,1,1,0,TEXT
3061,Barachant,1,1,0,TEXT
3062,bare,1,0,1,TEX
3063,barely,1,1,0,TEXT
3064,barrier-to-entry,1,1,0,TEXT
3065,Basch,1,1,0,TEXT
3066,baseline-normalized,1,1,0,TEXT
3067,bearing,1,1,0,TEXT
3068,became,1,1,0,TEXT
3069,before_balancing,1,0,1,TEX
3070,beforehand,1,1,0,TEXT
3071,behave,1,1,0,TEXT
3072,behaves,1,1,0,TEXT
3073,behavior-synchronization,1,1,0,TEXT
3074,benchmarked,1,1,0,TEXT
3075,benefiting,1,1,0,TEXT
3076,best-characterized,1,1,0,TEXT
3077,Best-performing,1,1,0,TEXT
3078,beta-peak,1,1,0,TEXT
3079,beta-range,1,1,0,TEXT
3080,between-feature,1,1,0,TEXT
3081,between-participant,1,1,0,TEXT
3082,bias,1,1,0,TEXT
3083,biasing,1,1,0,TEXT
3084,bibintoc,1,0,1,TEX
3085,bibstring,1,0,1,TEX
3086,BibTeX,1,0,1,TEX
3087,bigger,1,1,0,TEXT
3088,bin,1,1,0,TEXT
3089,biosignal,1,0,1,TEX
3090,bipolar,1,1,0,TEXT
3091,BLE,1,1,0,TEXT
3092,blind,1,1,0,TEXT
3093,BlockCount,1,0,1,TEX
3094,blocking,1,1,0,TEXT
3095,blunt,1,1,0,TEXT
3096,bodies,1,1,0,TEXT
3097,body,1,1,0,TEXT
3098,bold,1,0,1,TEX
3099,Bonferroni,1,1,0,TEXT
3100,book,1,0,1,TEX
3101,booklet,1,0,1,TEX
3102,booktabs,1,0,1,TEX
3103,borders,1,0,1,TEX
3104,boring,1,1,0,TEXT
3105,bottom,1,1,0,TEXT
3106,bound,1,1,0,TEXT
3107,boundary-excluded,1,1,0,TEXT
3108,boundary-handling,1,1,0,TEXT
3109,bounds,1,1,0,TEXT
3110,boxplots,1,0,1,TEX
3111,brain--computer,1,1,0,TEXT
3112,brain-activity,1,1,0,TEXT
3113,breaks,1,0,1,TEX
3114,bridged,1,1,0,TEXT
3115,brief,1,1,0,TEXT
3116,briefing,1,1,0,TEXT
3117,briefly,1,1,0,TEXT
3118,brings,1,0,1,TEX
3119,browsed,1,1,0,TEXT
3120,budget,1,1,0,TEXT
3121,buffer,1,1,0,TEXT
3122,bug,1,0,1,TEX
3123,build,1,1,0,TEXT
3124,bulk,1,1,0,TEXT
3125,burden,1,1,0,TEXT
3126,burst-prone,1,1,0,TEXT
3127,burst_stats,1,0,1,TEX
3128,Butterworth,1,1,0,TEXT
3129,bypassing,1,1,0,TEXT
3130,calculate,1,1,0,TEXT
3131,calculates,1,1,0,TEXT
3132,calibrated,1,1,0,TEXT
3133,calmer,1,1,0,TEXT
3134,came,1,1,0,TEXT
3135,campaign-performance,1,1,0,TEXT
3136,campaigns,1,1,0,TEXT
3137,candidacy,1,1,0,TEXT
3138,canonical,1,1,0,TEXT
3139,capabilities,1,1,0,TEXT
3140,caps,1,1,0,TEXT
3141,Captions,1,0,1,TEX
3142,captivity,1,1,0,TEXT
3143,cardiac,1,1,0,TEXT
3144,catch,1,1,0,TEXT
3145,categories,1,1,0,TEXT
3146,categorized,1,1,0,TEXT
3147,category-aggregated,1,1,0,TEXT
3148,category-level,1,1,0,TEXT
3149,causally,1,1,0,TEXT
3150,causing,1,1,0,TEXT
3151,cautionary,1,1,0,TEXT
3152,cautions,1,1,0,TEXT
3153,cautious,1,1,0,TEXT
3154,caveats,1,1,0,TEXT
3155,centered,1,1,0,TEXT
3156,centers,1,1,0,TEXT
3157,centred,1,1,0,TEXT
3158,cessation,1,1,0,TEXT
3159,Chair,1,1,0,TEXT
3160,challenges,1,1,0,TEXT
3161,challenging,1,1,0,TEXT
3162,changed,1,1,0,TEXT
3163,channel-quality,1,1,0,TEXT
3164,Chapters,1,1,0,TEXT
3165,character,1,1,0,TEXT
3166,characterises,1,1,0,TEXT
3167,characterising,1,1,0,TEXT
3168,characterizes,1,1,0,TEXT
3169,characterizing,1,1,0,TEXT
3170,charged,1,1,0,TEXT
3171,checked,1,1,0,TEXT
3172,Checklist,1,0,1,TEX
3173,Chen,1,1,0,TEXT
3174,China,1,1,0,TEXT
3175,Chinese,1,1,0,TEXT
3176,chooses,1,1,0,TEXT
3177,Choosing,1,1,0,TEXT
3178,chronological,1,1,0,TEXT
3179,chronologically,1,1,0,TEXT
3180,churn,1,1,0,TEXT
3181,circuits,1,1,0,TEXT
3182,circular,1,1,0,TEXT
3183,circulation,1,1,0,TEXT
3184,CIs,1,0,1,TEX
3185,cit,1,0,1,TEX
3186,city,1,0,1,TEX
3187,claiming,1,1,0,TEXT
3188,clarify,1,1,0,TEXT
3189,clarity,1,1,0,TEXT
3190,class-asymmetric,1,1,0,TEXT
3191,class-related,1,1,0,TEXT
3192,class-relevant,1,1,0,TEXT
3193,class-separability,1,1,0,TEXT
3194,class_weight,1,0,1,TEX
3195,Classic,1,0,1,TEX
3196,classically,1,1,0,TEXT
3197,classified,1,1,0,TEXT
3198,classifier's,1,1,0,TEXT
3199,classifying,1,1,0,TEXT
3200,classroom,1,1,0,TEXT
3201,clauses,1,1,0,TEXT
3202,cleanup,1,1,0,TEXT
3203,clearpage,1,0,1,TEX
3204,clicks,1,1,0,TEXT
3205,clinical-grade,1,1,0,TEXT
3206,clinicians,1,1,0,TEXT
3207,Close-up,1,1,0,TEXT
3208,closed-source,1,1,0,TEXT
3209,closely,1,1,0,TEXT
3210,closes,1,1,0,TEXT
3211,clustering,1,1,0,TEXT
3212,clusters,1,1,0,TEXT
3213,codebase,1,1,0,TEXT
3214,codec,1,1,0,TEXT
3215,cognitive-engagement,1,1,0,TEXT
3216,cohend_bands,1,0,1,TEX
3217,cohend_electrodes,1,0,1,TEX
3218,cohend_stats,1,0,1,TEX
3219,coherence,1,1,0,TEXT
3220,coincides,1,1,0,TEXT
3221,Coinflip,1,1,0,TEXT
3222,collaborative,1,1,0,TEXT
3223,collapses,1,1,0,TEXT
3224,collapsing,1,1,0,TEXT
3225,collect,1,1,0,TEXT
3226,collections,1,0,1,TEX
3227,collegial,1,1,0,TEXT
3228,coloring,1,0,1,TEX
3229,columns,1,0,1,TEX
3230,combat,1,1,0,TEXT
3231,combinations,1,1,0,TEXT
3232,come,1,1,0,TEXT
3233,comma,1,0,1,TEX
3234,command,1,1,0,TEXT
3235,command-line,1,1,0,TEXT
3236,commencing,1,1,0,TEXT
3237,Commission's,1,1,0,TEXT
3238,commits,1,1,0,TEXT
3239,communicated,1,1,0,TEXT
3240,companies,1,1,0,TEXT
3241,comparative,1,1,0,TEXT
3242,compelling,1,1,0,TEXT
3243,compensated,1,1,0,TEXT
3244,compensation,1,1,0,TEXT
3245,competes,1,1,0,TEXT
3246,Complementarily,1,1,0,TEXT
3247,completed,1,1,0,TEXT
3248,completion,1,1,0,TEXT
3249,complex,1,1,0,TEXT
3250,complexities,1,1,0,TEXT
3251,compliance,1,1,0,TEXT
3252,Composites,1,1,0,TEXT
3253,composition,1,1,0,TEXT
3254,compounding,1,1,0,TEXT
3255,comprehensively,1,1,0,TEXT
3256,comprising,1,1,0,TEXT
3257,computational,1,1,0,TEXT
3258,computationally,1,1,0,TEXT
3259,compute,1,1,0,TEXT
3260,computed---mean,1,1,0,TEXT
3261,computes,1,1,0,TEXT
3262,computing,1,1,0,TEXT
3263,concatenation,1,1,0,TEXT
3264,concentrates,1,1,0,TEXT
3265,conceptualised,1,1,0,TEXT
3266,concern,1,1,0,TEXT
3267,concerned,1,1,0,TEXT
3268,conclude,1,1,0,TEXT
3269,concluded,1,1,0,TEXT
3270,Concurrent,1,1,0,TEXT
3271,conduct,1,1,0,TEXT
3272,conductance,1,1,0,TEXT
3273,Conference,1,0,1,TEX
3274,conferences,1,1,0,TEXT
3275,confident,1,1,0,TEXT
3276,confirmation,1,1,0,TEXT
3277,confirms,1,1,0,TEXT
3278,conflate,1,1,0,TEXT
3279,confounding,1,1,0,TEXT
3280,connection,1,1,0,TEXT
3281,connection-loss,1,1,0,TEXT
3282,connections,1,1,0,TEXT
3283,connects,1,1,0,TEXT
3284,consequence,1,1,0,TEXT
3285,conservative,1,1,0,TEXT
3286,constituted,1,1,0,TEXT
3287,constitutive,1,1,0,TEXT
3288,constraining,1,1,0,TEXT
3289,construction,1,1,0,TEXT
3290,constructive,1,1,0,TEXT
3291,constructs,1,1,0,TEXT
3292,contaminate,1,1,0,TEXT
3293,Contents,1,0,1,TEX
3294,context-specific,1,1,0,TEXT
3295,contexts,1,1,0,TEXT
3296,contextual,1,1,0,TEXT
3297,contextualize,1,1,0,TEXT
3298,contingent,1,1,0,TEXT
3299,continuation,1,1,0,TEXT
3300,continues,1,1,0,TEXT
3301,continuing,1,1,0,TEXT
3302,contrasted,1,1,0,TEXT
3303,contrasting,1,1,0,TEXT
3304,contrastive,1,1,0,TEXT
3305,contrasts,1,1,0,TEXT
3306,convenience,1,1,0,TEXT
3307,converges,1,1,0,TEXT
3308,conversely,1,1,0,TEXT
3309,conveys,1,1,0,TEXT
3310,Coronavirus,1,1,0,TEXT
3311,corporate,1,1,0,TEXT
3312,corrected-to-normal,1,1,0,TEXT
3313,correlating,1,1,0,TEXT
3314,correlational,1,1,0,TEXT
3315,correspond,1,1,0,TEXT
3316,corresponds,1,1,0,TEXT
3317,corrupt,1,1,0,TEXT
3318,costing,1,1,0,TEXT
3319,costly,1,1,0,TEXT
3320,covarying,1,1,0,TEXT
3321,covered,1,1,0,TEXT
3322,COVID-19,1,1,0,TEXT
3323,cranial,1,1,0,TEXT
3324,create,1,1,0,TEXT
3325,creation,1,1,0,TEXT
3326,credible,1,1,0,TEXT
3327,cross-checked,1,1,0,TEXT
3328,cross-frequency,1,1,0,TEXT
3329,crossing,1,1,0,TEXT
3330,CSP,1,1,0,TEXT
3331,cue-controlled,1,1,0,TEXT
3332,cued-recall,1,1,0,TEXT
3333,curated,1,1,0,TEXT
3334,curiosity,1,1,0,TEXT
3335,curious,1,1,0,TEXT
3336,daemon,1,1,0,TEXT
3337,damage,1,1,0,TEXT
3338,damaging,1,1,0,TEXT
3339,dashboard,1,1,0,TEXT
3340,dashed,1,1,0,TEXT
3341,data-availability,1,1,0,TEXT
3342,data-ipf-hpi,1,0,1,TEX
3343,data-protection,1,1,0,TEXT
3344,data_collection,1,0,1,TEX
3345,dataset_summary,1,0,1,TEX
3346,dataset_summary_20260506_161648,1,0,1,TEX
3347,de,1,1,0,TEXT
3348,deactivated,1,1,0,TEXT
3349,debriefed,1,1,0,TEXT
3350,debug,1,1,0,TEXT
3351,decade,1,1,0,TEXT
3352,decide,1,1,0,TEXT
3353,decides,1,1,0,TEXT
3354,decision-like,1,1,0,TEXT
3355,decisively,1,1,0,TEXT
3356,decoder,1,1,0,TEXT
3357,decompose,1,1,0,TEXT
3358,deconstruct,1,1,0,TEXT
3359,decoupled,1,1,0,TEXT
3360,decreases,1,1,0,TEXT
3361,decreasing,1,1,0,TEXT
3362,deemed,1,1,0,TEXT
3363,deep-learning,1,1,0,TEXT
3364,deep_importance_20260506_161306,1,0,1,TEX
3365,deeply,1,1,0,TEXT
3366,defaults,1,1,0,TEXT
3367,DefineBibliographyStrings,1,0,1,TEX
3368,defines,1,1,0,TEXT
3369,definition's,1,1,0,TEXT
3370,definitive,1,1,0,TEXT
3371,deflections,1,1,0,TEXT
3372,degrades,1,1,0,TEXT
3373,degree,1,1,0,TEXT
3374,delay,1,1,0,TEXT
3375,delay-based,1,1,0,TEXT
3376,delayed,1,1,0,TEXT
3377,delivered,1,1,0,TEXT
3378,delivering,1,1,0,TEXT
3379,delivers,1,1,0,TEXT
3380,delta--executive-function,1,1,0,TEXT
3381,delta-derived,1,1,0,TEXT
3382,delta-linked,1,1,0,TEXT
3383,demographic,1,1,0,TEXT
3384,demonstrate,1,0,1,TEX
3385,denoted,1,1,0,TEXT
3386,denotes,1,1,0,TEXT
3387,density,1,1,0,TEXT
3388,depend,1,1,0,TEXT
3389,dependable,1,1,0,TEXT
3390,dependence,1,1,0,TEXT
3391,dependency,1,1,0,TEXT
3392,deployed,1,1,0,TEXT
3393,derivative-variance,1,1,0,TEXT
3394,derive,1,1,0,TEXT
3395,deriving,1,1,0,TEXT
3396,description,1,0,1,TEX
3397,deserves,1,1,0,TEXT
3398,destroys,1,1,0,TEXT
3399,desynchronization,1,1,0,TEXT
3400,desynchronizes,1,1,0,TEXT
3401,detailing,1,1,0,TEXT
3402,details,1,1,0,TEXT
3403,detectable,1,1,0,TEXT
3404,detected,1,1,0,TEXT
3405,determined,1,1,0,TEXT
3406,deterministic,1,1,0,TEXT
3407,device-related,1,1,0,TEXT
3408,devoted,1,1,0,TEXT
3409,dichotomy,1,1,0,TEXT
3410,differentiation,1,1,0,TEXT
3411,differently,1,1,0,TEXT
3412,differs,1,0,1,TEX
3413,difficult,1,1,0,TEXT
3414,digital-media,1,1,0,TEXT
3415,digital-services,1,1,0,TEXT
3416,dilute,1,1,0,TEXT
3417,diluting,1,1,0,TEXT
3418,dips,1,1,0,TEXT
3419,directing,1,1,0,TEXT
3420,directional,1,1,0,TEXT
3421,directionally,1,1,0,TEXT
3422,directory,1,1,0,TEXT
3423,disagree,1,1,0,TEXT
3424,discarding,1,1,0,TEXT
3425,discharge,1,1,0,TEXT
3426,disclose,1,1,0,TEXT
3427,disclosures,1,1,0,TEXT
3428,disconnection,1,1,0,TEXT
3429,Discrepancy,1,1,0,TEXT
3430,discriminability,1,1,0,TEXT
3431,discriminatory,1,1,0,TEXT
3432,discusses,1,1,0,TEXT
3433,disengage,1,1,0,TEXT
3434,disengagements,1,1,0,TEXT
3435,disentanglement,1,0,1,TEX
3436,disk,1,1,0,TEXT
3437,dismissal,1,1,0,TEXT
3438,dismissed,1,1,0,TEXT
3439,dismissive,1,1,0,TEXT
3440,disorder,1,1,0,TEXT
3441,disorders,1,1,0,TEXT
3442,disputes,1,1,0,TEXT
3443,disrupt,1,1,0,TEXT
3444,disrupting,1,1,0,TEXT
3445,distinctions,1,1,0,TEXT
3446,distinguidhing,1,0,1,TEX
3447,distinguished,1,1,0,TEXT
3448,distinguishes,1,1,0,TEXT
3449,divergence,1,1,0,TEXT
3450,dividing,1,1,0,TEXT
3451,documentclass,1,0,1,TEX
3452,documented,1,1,0,TEXT
3453,documenting,1,1,0,TEXT
3454,doesnt,1,0,1,TEX
3455,domain-adaptation,1,1,0,TEXT
3456,domain-bound,1,1,0,TEXT
3457,dominate,1,1,0,TEXT
3458,dominating,1,1,0,TEXT
3459,dosage,1,1,0,TEXT
3460,dose--response,1,1,0,TEXT
3461,dose-based,1,1,0,TEXT
3462,doutrippleble,1,0,1,TEX
3463,down,1,1,0,TEXT
3464,down-sampled,1,1,0,TEXT
3465,dramatically,1,1,0,TEXT
3466,draw,1,1,0,TEXT
3467,drew,1,1,0,TEXT
3468,drift,1,1,0,TEXT
3469,Drive,1,1,0,TEXT
3470,driven,1,1,0,TEXT
3471,drop,1,0,1,TEX
3472,dropped,1,1,0,TEXT
3473,dropping,1,1,0,TEXT
3474,dual-use,1,1,0,TEXT
3475,dummy,1,1,0,TEXT
3476,DummyClassifier,1,1,0,TEXT
3477,duplicate,1,0,1,TEX
3478,durable,1,1,0,TEXT
3479,duration-aggregated,1,1,0,TEXT
3480,duration-locked,1,1,0,TEXT
3481,E4,1,1,0,TEXT
3482,earns,1,1,0,TEXT
3483,educators,1,1,0,TEXT
3484,EEG-decodable,1,1,0,TEXT
3485,EEG-informed,1,1,0,TEXT
3486,efficacy,1,1,0,TEXT
3487,efficient,1,1,0,TEXT
3488,effort,1,1,0,TEXT
3489,eg,1,0,1,TEX
3490,EI-based,1,1,0,TEXT
3491,ei_results,1,0,1,TEX
3492,elaborate,1,1,0,TEXT
3493,electrode-band,1,0,1,TEX
3494,electromyogenic,1,1,0,TEXT
3495,elects,1,1,0,TEXT
3496,element,1,1,0,TEXT
3497,eliminates,1,0,1,TEX
3498,eliminating,1,0,1,TEX
3499,elimination,1,1,0,TEXT
3500,email,1,1,0,TEXT
3501,emerges,1,1,0,TEXT
3502,Empatica,1,1,0,TEXT
3503,emphasized,1,1,0,TEXT
3504,employed,1,1,0,TEXT
3505,employee,1,1,0,TEXT
3506,enables,1,1,0,TEXT
3507,encoders,1,1,0,TEXT
3508,encouragement,1,1,0,TEXT
3509,endpoint,1,1,0,TEXT
3510,endpoints,1,1,0,TEXT
3511,endurability,1,1,0,TEXT
3512,engage,1,1,0,TEXT
3513,Engagement-Index,1,1,0,TEXT
3514,engagement-optimization,1,1,0,TEXT
3515,engagement_constraints,1,0,1,TEX
3516,engagement_measurement,1,0,1,TEX
3517,engagement_scope,1,0,1,TEX
3518,engages,1,1,0,TEXT
3519,english,1,0,1,TEX
3520,enhanced,1,1,0,TEXT
3521,enlist,1,1,0,TEXT
3522,enormously,1,1,0,TEXT
3523,ensured,1,1,0,TEXT
3524,entered,1,1,0,TEXT
3525,enters,1,1,0,TEXT
3526,entertainment-education,1,1,0,TEXT
3527,entries,1,0,1,TEX
3528,enumerates,1,1,0,TEXT
3529,eprint,1,0,1,TEX
3530,equipment,1,1,0,TEXT
3531,equipped,1,1,0,TEXT
3532,equivalents,1,1,0,TEXT
3533,ERD,1,1,0,TEXT
3534,ergonomics,1,1,0,TEXT
3535,estimand,1,1,0,TEXT
3536,Estimating,1,1,0,TEXT
3537,estimation,1,1,0,TEXT
3538,Estimator,1,1,0,TEXT
3539,estimators,1,1,0,TEXT
3540,ethical,1,1,0,TEXT
3541,Europe,1,1,0,TEXT
3542,evenly,1,1,0,TEXT
3543,event-distance,1,1,0,TEXT
3544,eventtitle,1,0,1,TEX
3545,eventtitleaddon,1,0,1,TEX
3546,ever,1,1,0,TEXT
3547,everyone,1,1,0,TEXT
3548,evidence-backed,1,1,0,TEXT
3549,evidence-based,1,1,0,TEXT
3550,evoked,1,1,0,TEXT
3551,evolutionarily,1,1,0,TEXT
3552,exacting,1,1,0,TEXT
3553,examination,1,1,0,TEXT
3554,examines,1,1,0,TEXT
3555,example-configurations,1,1,0,TEXT
3556,examples,1,1,0,TEXT
3557,exceeded,1,1,0,TEXT
3558,exceptions,1,1,0,TEXT
3559,exclude,1,1,0,TEXT
3560,executes,1,1,0,TEXT
3561,exhibiting,1,1,0,TEXT
3562,existed,1,1,0,TEXT
3563,exit-sensitive,1,1,0,TEXT
3564,exiting,1,1,0,TEXT
3565,exits,1,1,0,TEXT
3566,expanding,1,1,0,TEXT
3567,expect,1,1,0,TEXT
3568,experimental_flow_schematic,1,0,1,TEX
3569,experimenter's,1,1,0,TEXT
3570,expertise,1,1,0,TEXT
3571,explained,1,1,0,TEXT
3572,explaining,1,1,0,TEXT
3573,explains,1,1,0,TEXT
3574,explanations,1,1,0,TEXT
3575,explanatory,1,1,0,TEXT
3576,export,1,0,1,TEX
3577,exports,1,0,1,TEX
3578,expose,1,1,0,TEXT
3579,exposes,1,1,0,TEXT
3580,extensions,1,1,0,TEXT
3581,extensively,1,1,0,TEXT
3582,external,1,1,0,TEXT
3583,externally-cued,1,1,0,TEXT
3584,extract,1,1,0,TEXT
3585,extrema,1,1,0,TEXT
3586,extreme,1,1,0,TEXT
3587,eyes,1,1,0,TEXT
3588,F_1,1,0,1,TEX
3589,f_s,1,0,1,TEX
3590,facilitate,1,1,0,TEXT
3591,facto,1,1,0,TEXT
3592,failing,1,1,0,TEXT
3593,faint,1,1,0,TEXT
3594,fair,1,0,1,TEX
3595,false-alarm,1,1,0,TEXT
3596,falsifiable,1,1,0,TEXT
3597,falsification,1,1,0,TEXT
3598,family-wise,1,1,0,TEXT
3599,fatigue,1,1,0,TEXT
3600,favors,1,1,0,TEXT
3601,feature_importance_full_table,1,0,1,TEX
3602,featured,1,1,0,TEXT
3603,feedback,1,1,0,TEXT
3604,Figuring,1,1,0,TEXT
3605,file,1,0,1,TEX
3606,files,1,1,0,TEXT
3607,filled,1,1,0,TEXT
3608,filtered,1,1,0,TEXT
3609,finalandcomma,1,0,1,TEX
3610,financial,1,1,0,TEXT
3611,find,1,1,0,TEXT
3612,fine-grained,1,1,0,TEXT
3613,finer-grained,1,1,0,TEXT
3614,fingerprint,1,1,0,TEXT
3615,finished,1,1,0,TEXT
3616,five-day,1,1,0,TEXT
3617,flipping,1,0,1,TEX
3618,float,1,0,1,TEX
3619,fluctuation,1,1,0,TEXT
3620,focusing,1,1,0,TEXT
3621,fontenc,1,0,1,TEX
3622,foreshadowing,1,1,0,TEXT
3623,formal,1,1,0,TEXT
3624,formalized,1,1,0,TEXT
3625,formally,1,1,0,TEXT
3626,formation,1,1,0,TEXT
3627,former,1,1,0,TEXT
3628,founded,1,1,0,TEXT
3629,Fpz,1,1,0,TEXT
3630,Fr,1,1,0,TEXT
3631,fraction,1,1,0,TEXT
3632,fragment,1,1,0,TEXT
3633,frame,1,0,1,TEX
3634,frameworks,1,1,0,TEXT
3635,free-browsing,1,1,0,TEXT
3636,free-viewing,1,1,0,TEXT
3637,frequencies---giving,1,1,0,TEXT
3638,frequency-resolved,1,1,0,TEXT
3639,frequency-sensitive,1,1,0,TEXT
3640,Friedman,1,0,1,TEX
3641,fries_rhythms_2015,1,0,1,TEX
3642,frontal-midline-theta,1,1,0,TEXT
3643,frontalis,1,1,0,TEXT
3644,fulfilled,1,1,0,TEXT
3645,full-resolution,1,1,0,TEXT
3646,full-text,1,1,0,TEXT
3647,fund,1,1,0,TEXT
3648,fundamental,1,1,0,TEXT
3649,future_research,1,0,1,TEX
3650,G1,1,0,1,TEX
3651,G1--G3,1,1,0,TEXT
3652,G2,1,0,1,TEX
3653,G3,1,0,1,TEX
3654,ge,1,0,1,TEX
3655,generalise,1,1,0,TEXT
3656,generalises,1,1,0,TEXT
3657,generalizable,1,1,0,TEXT
3658,generalizing,1,1,0,TEXT
3659,generated,1,1,0,TEXT
3660,generating,1,1,0,TEXT
3661,Generation,1,1,0,TEXT
3662,generous,1,1,0,TEXT
3663,generously,1,1,0,TEXT
3664,get,1,1,0,TEXT
3665,gets,1,1,0,TEXT
3666,giveninits,1,0,1,TEX
3667,giving,1,1,0,TEXT
3668,glass,1,1,0,TEXT
3669,goal-relevant,1,1,0,TEXT
3670,going,1,1,0,TEXT
3671,Goncharova,1,1,0,TEXT
3672,good,1,1,0,TEXT
3673,grades,1,1,0,TEXT
3674,gradient,1,1,0,TEXT
3675,graphicx,1,0,1,TEX
3676,gray,1,0,1,TEX
3677,great,1,0,1,TEX
3678,green,1,1,0,TEXT
3679,green_role_2000,1,0,1,TEX
3680,greeted,1,1,0,TEXT
3681,Gregor,1,1,0,TEXT
3682,groups,1,1,0,TEXT
3683,grow,1,1,0,TEXT
3684,Grundlagenforschung,1,1,0,TEXT
3685,guarantee,1,1,0,TEXT
3686,guaranteed,1,1,0,TEXT
3687,gyroscope,1,1,0,TEXT
3688,habitual,1,1,0,TEXT
3689,hair,1,1,0,TEXT
3690,half-hour,1,1,0,TEXT
3691,halts,1,1,0,TEXT
3692,handled,1,1,0,TEXT
3693,hanging,1,1,0,TEXT
3694,harder,1,1,0,TEXT
3695,harmful,1,1,0,TEXT
3696,harmonics,1,1,0,TEXT
3697,Hasso,1,1,0,TEXT
3698,hateful,1,1,0,TEXT
3699,having,1,0,1,TEX
3700,He,1,1,0,TEXT
3701,head,1,1,0,TEXT
3702,heading,1,0,1,TEX
3703,headsets,1,1,0,TEXT
3704,health-communication,1,1,0,TEXT
3705,health-harming,1,1,0,TEXT
3706,heart,1,1,0,TEXT
3707,heavily,1,1,0,TEXT
3708,heavy,1,1,0,TEXT
3709,held-out,1,1,0,TEXT
3710,helped,1,1,0,TEXT
3711,helpful,1,1,0,TEXT
3712,hemispheric,1,1,0,TEXT
3713,here---frequency,1,1,0,TEXT
3714,hide,1,1,0,TEXT
3715,hierarchy,1,1,0,TEXT
3716,high-cost,1,1,0,TEXT
3717,high-dimensional,1,1,0,TEXT
3718,high-momentum,1,1,0,TEXT
3719,high-performing,1,1,0,TEXT
3720,high-resolution,1,1,0,TEXT
3721,high-stakes,1,1,0,TEXT
3722,highlighted,1,1,0,TEXT
3723,highlighting,1,1,0,TEXT
3724,Hilbert,1,1,0,TEXT
3725,history,1,1,0,TEXT
3726,Hjorth-derived,1,1,0,TEXT
3727,hoc,1,1,0,TEXT
3728,Honestly,1,1,0,TEXT
3729,hope,1,1,0,TEXT
3730,hospital,1,1,0,TEXT
3731,house,1,0,1,TEX
3732,hovering,1,1,0,TEXT
3733,Huge,1,0,1,TEX
3734,human-computer,1,1,0,TEXT
3735,humour,1,1,0,TEXT
3736,hundreds,1,1,0,TEXT
3737,hyperref,1,0,1,TEX
3738,hypothesis-generating,1,1,0,TEXT
3739,ideally,1,1,0,TEXT
3740,identically,1,1,0,TEXT
3741,identifiable,1,1,0,TEXT
3742,identifies,1,1,0,TEXT
3743,IDs,1,1,0,TEXT
3744,ignored,1,1,0,TEXT
3745,ignoring,1,1,0,TEXT
3746,illustrated,1,1,0,TEXT
3747,illustrating,1,1,0,TEXT
3748,impairment,1,1,0,TEXT
3749,impedance,1,1,0,TEXT
3750,impending,1,1,0,TEXT
3751,imperfect,1,1,0,TEXT
3752,implementation,1,1,0,TEXT
3753,implemented---due,1,1,0,TEXT
3754,importable,1,1,0,TEXT
3755,imposes,1,1,0,TEXT
3756,impressions,1,1,0,TEXT
3757,in-person,1,1,0,TEXT
3758,inbook,1,0,1,TEX
3759,incentivizing,1,1,0,TEXT
3760,incidental,1,1,0,TEXT
3761,includes,1,1,0,TEXT
3762,inclusion,1,1,0,TEXT
3763,incollection,1,0,1,TEX
3764,incorrect,1,1,0,TEXT
3765,indeed,1,1,0,TEXT
3766,indexes,1,1,0,TEXT
3767,indexing,1,1,0,TEXT
3768,indicated,1,1,0,TEXT
3769,indicatively,1,1,0,TEXT
3770,indicator's,1,1,0,TEXT
3771,indirect,1,1,0,TEXT
3772,individual-feature,1,1,0,TEXT
3773,individual-level,1,1,0,TEXT
3774,industry-standard,1,1,0,TEXT
3775,inefficiency,1,1,0,TEXT
3776,inefficient,1,1,0,TEXT
3777,ineligible,1,1,0,TEXT
3778,inertia,1,1,0,TEXT
3779,infeasible,1,1,0,TEXT
3780,inferential,1,1,0,TEXT
3781,inferentially,1,1,0,TEXT
3782,inflate,1,1,0,TEXT
3783,inflationary,1,1,0,TEXT
3784,influenced,1,1,0,TEXT
3785,InfoNCE,1,1,0,TEXT
3786,Information-Systems,1,0,1,TEX
3787,informing,1,1,0,TEXT
3788,informs,1,1,0,TEXT
3789,inherit,1,1,0,TEXT
3790,initially,1,1,0,TEXT
3791,initials,1,0,1,TEX
3792,initiated,1,1,0,TEXT
3793,initiates,1,1,0,TEXT
3794,inputenc,1,0,1,TEX
3795,INSERTED,1,0,1,TEX
3796,inserting,1,0,1,TEX
3797,insights,1,1,0,TEXT
3798,insofar,1,1,0,TEXT
3799,inspection,1,1,0,TEXT
3800,instability,1,1,0,TEXT
3801,Institute,1,1,0,TEXT
3802,instruction,1,1,0,TEXT
3803,instructions,1,1,0,TEXT
3804,instructive,1,1,0,TEXT
3805,instrument-bearing,1,1,0,TEXT
3806,instrumentation,1,1,0,TEXT
3807,intensity,1,1,0,TEXT
3808,intent,1,1,0,TEXT
3809,intentionally,1,1,0,TEXT
3810,inter,1,0,1,TEX
3811,inter-individual,1,1,0,TEXT
3812,interaction-based,1,1,0,TEXT
3813,interactively,1,1,0,TEXT
3814,interactivity,1,1,0,TEXT
3815,InteraXon,1,1,0,TEXT
3816,Interestingly,1,1,0,TEXT
3817,interleaved,1,1,0,TEXT
3818,international,1,1,0,TEXT
3819,interpret,1,1,0,TEXT
3820,interrelated,1,1,0,TEXT
3821,interrogating,1,1,0,TEXT
3822,interrupted,1,1,0,TEXT
3823,interruption,1,1,0,TEXT
3824,interrupts,1,1,0,TEXT
3825,intersubject,1,1,0,TEXT
3826,intervening,1,1,0,TEXT
3827,intervention's,1,1,0,TEXT
3828,intervention-science,1,1,0,TEXT
3829,intitlepunct,1,0,1,TEX
3830,intra,1,0,1,TEX
3831,intramuscular,1,1,0,TEXT
3832,intrinsic,1,1,0,TEXT
3833,intro_health_communication,1,0,1,TEX
3834,intro_research_gap,1,0,1,TEX
3835,invalidate,1,1,0,TEXT
3836,invaluable,1,1,0,TEXT
3837,invariant,1,1,0,TEXT
3838,invasive,1,1,0,TEXT
3839,inverse,1,1,0,TEXT
3840,inverted-U-shaped,1,1,0,TEXT
3841,investigate,1,1,0,TEXT
3842,investigated,1,1,0,TEXT
3843,investigates,1,1,0,TEXT
3844,investment,1,1,0,TEXT
3845,involvement,1,1,0,TEXT
3846,iOS,1,1,0,TEXT
3847,iPhone,1,1,0,TEXT
3848,iPhone's,1,1,0,TEXT
3849,Irish,1,1,0,TEXT
3850,isbn,1,0,1,TEX
3851,isolates,1,1,0,TEXT
3852,isolating,1,1,0,TEXT
3853,it's,1,1,0,TEXT
3854,items,1,0,1,TEX
3855,iterations,1,1,0,TEXT
3856,iterative,1,1,0,TEXT
3857,January,1,1,0,TEXT
3858,Journals,1,0,1,TEX
3859,journaltitle,1,0,1,TEX
3860,json,1,0,1,TEX
3861,judge,1,1,0,TEXT
3862,judging,1,1,0,TEXT
3863,July,1,1,0,TEXT
3864,justification,1,1,0,TEXT
3865,justifications,1,1,0,TEXT
3866,justifying,1,1,0,TEXT
3867,k,1,0,1,TEX
3868,keypress-logging,1,1,0,TEXT
3869,keys,1,1,0,TEXT
3870,keystroke,1,1,0,TEXT
3871,kindly,1,1,0,TEXT
3872,Knierim,1,1,0,TEXT
3873,knock,1,1,0,TEXT
3874,know,1,1,0,TEXT
3875,Knyazev,1,1,0,TEXT
3876,label's,1,1,0,TEXT
3877,label-latency,1,1,0,TEXT
3878,labeling-strategy,1,1,0,TEXT
3879,labels---STAY,1,1,0,TEXT
3880,lacking,1,1,0,TEXT
3881,lacks,1,1,0,TEXT
3882,landed,1,1,0,TEXT
3883,large-amplitude,1,1,0,TEXT
3884,largest,1,1,0,TEXT
3885,last,1,1,0,TEXT
3886,lateralization,1,1,0,TEXT
3887,launch,1,1,0,TEXT
3888,law,1,1,0,TEXT
3889,layered,1,1,0,TEXT
3890,layout,1,0,1,TEX
3891,lazy,1,0,1,TEX
3892,le,1,0,1,TEX
3893,learning-based,1,1,0,TEXT
3894,learning-engagement,1,1,0,TEXT
3895,least-squares,1,1,0,TEXT
3896,leave-one-participant-out,1,1,0,TEXT
3897,Lederer,1,1,0,TEXT
3898,lent,1,1,0,TEXT
3899,lesson,1,1,0,TEXT
3900,lessons,1,1,0,TEXT
3901,lever,1,1,0,TEXT
3902,levers,1,1,0,TEXT
3903,Lew,1,1,0,TEXT
3904,li_electromyogram_2021,1,0,1,TEX
3905,libet_time_1983,1,0,1,TEX
3906,license,1,1,0,TEXT
3907,Liking,1,1,0,TEXT
3908,linearly,1,1,0,TEXT
3909,LINEBRAEK,1,0,1,TEX
3910,LINEBREAK,1,0,1,TEX
3911,linger,1,1,0,TEXT
3912,linked,1,1,0,TEXT
3913,linking,1,1,0,TEXT
3914,listed,1,1,0,TEXT
3915,literature-derived,1,1,0,TEXT
3916,literature-inferred,1,1,0,TEXT
3917,locates,1,1,0,TEXT
3918,locating,1,1,0,TEXT
3919,location,1,0,1,TEX
3920,locators,1,0,1,TEX
3921,lock,1,1,0,TEXT
3922,lock-in,1,1,0,TEXT
3923,locked,1,1,0,TEXT
3924,logical,1,0,1,TEX
3925,logins,1,1,0,TEXT
3926,LogisticRegression,1,0,1,TEX
3927,LOGO-CV,1,0,1,TEX
3928,loneliness,1,1,0,TEXT
3929,long-range,1,1,0,TEXT
3930,long-term,1,1,0,TEXT
3931,losing,1,1,0,TEXT
3932,low-engagement,1,1,0,TEXT
3933,low-pass,1,1,0,TEXT
3934,low-recall,1,1,0,TEXT
3935,LSTM,1,1,0,TEXT
3936,MAC,1,1,0,TEXT
3937,magnitudes,1,1,0,TEXT
3938,mains-driven,1,1,0,TEXT
3939,mains-noise,1,1,0,TEXT
3940,maintained,1,1,0,TEXT
3941,manage,1,1,0,TEXT
3942,Mandating,1,1,0,TEXT
3943,mandatory,1,1,0,TEXT
3944,manifesting,1,1,0,TEXT
3945,manipulation,1,1,0,TEXT
3946,manually,1,1,0,TEXT
3947,manufacture,1,1,0,TEXT
3948,mapped,1,1,0,TEXT
3949,mapping,1,1,0,TEXT
3950,maps,1,1,0,TEXT
3951,markedly,1,1,0,TEXT
3952,Master,1,1,0,TEXT
3953,Master's,1,1,0,TEXT
3954,mathrm,1,0,1,TEX
3955,matrix,1,0,1,TEX
3956,maxbibnames,1,0,1,TEX
3957,maxcitenames,1,0,1,TEX
3958,maximal,1,1,0,TEXT
3959,maximally,1,0,1,TEX
3960,maximise,1,1,0,TEXT
3961,maximize,1,1,0,TEXT
3962,maximized,1,1,0,TEXT
3963,mcmenamin_electromyogenic_2011,1,0,1,TEX
3964,mean-based,1,1,0,TEXT
3965,means---are,1,1,0,TEXT
3966,measurably,1,1,0,TEXT
3967,measurements,1,1,0,TEXT
3968,mechanistically,1,1,0,TEXT
3969,median,1,1,0,TEXT
3970,medical,1,1,0,TEXT
3971,meet,1,1,0,TEXT
3972,meeting,1,1,0,TEXT
3973,memory,1,1,0,TEXT
3974,mental,1,1,0,TEXT
3975,MentalHealth,1,1,0,TEXT
3976,mentions,1,1,0,TEXT
3977,mere,1,1,0,TEXT
3978,merging,1,1,0,TEXT
3979,messaging,1,1,0,TEXT
3980,messier,1,1,0,TEXT
3981,met,1,1,0,TEXT
3982,method---recording,1,1,0,TEXT
3983,Methodologically,1,1,0,TEXT
3984,methodologies,1,1,0,TEXT
3985,metrics---the,1,1,0,TEXT
3986,Mi,1,1,0,TEXT
3987,MI-BCI,1,1,0,TEXT
3988,micro-content,1,1,0,TEXT
3989,micro-decision,1,1,0,TEXT
3990,micro-fluctuations,1,1,0,TEXT
3991,micro-interventions,1,1,0,TEXT
3992,microvolts,1,1,0,TEXT
3993,mild,1,1,0,TEXT
3994,miller_integrative_2001,1,0,1,TEX
3995,millisecond-level,1,1,0,TEXT
3996,milliseconds,1,1,0,TEXT
3997,min,1,0,1,TEX
3998,minbibnames,1,0,1,TEX
3999,minimally,1,1,0,TEXT
4000,minimized,1,1,0,TEXT
4001,minority-balanced,1,1,0,TEXT
4002,minors,1,1,0,TEXT
4003,mirror,1,1,0,TEXT
4004,misc,1,0,1,TEX
4005,misinformation,1,1,0,TEXT
4006,misleading,1,1,0,TEXT
4007,miss,1,1,0,TEXT
4008,mistake,1,1,0,TEXT
4009,mistakes,1,1,0,TEXT
4010,mitigate,1,1,0,TEXT
4011,mitigating,1,1,0,TEXT
4012,mitigation,1,1,0,TEXT
4013,mitigations,1,1,0,TEXT
4014,modalities,1,1,0,TEXT
4015,modality,1,1,0,TEXT
4016,model's,1,1,0,TEXT
4017,model-performance-based,1,1,0,TEXT
4018,model’s,1,1,0,TEXT
4019,moderately,1,1,0,TEXT
4020,modest-power,1,1,0,TEXT
4021,modulate,1,1,0,TEXT
4022,Monitor,1,1,0,TEXT
4023,monotonicity,1,1,0,TEXT
4024,monthly,1,1,0,TEXT
4025,mood,1,1,0,TEXT
4026,moral,1,1,0,TEXT
4027,motion-related,1,1,0,TEXT
4028,Motivation,1,1,0,TEXT
4029,Motor-Readiness-Potential,1,1,0,TEXT
4030,motor-related,1,1,0,TEXT
4031,mounted,1,1,0,TEXT
4032,movement-related,1,1,0,TEXT
4033,movements,1,1,0,TEXT
4034,moyer-guse_toward_2008,1,0,1,TEX
4035,multi-layer,1,1,0,TEXT
4036,multi-modal,1,1,0,TEXT
4037,multi-scale,1,1,0,TEXT
4038,multi-stage,1,1,0,TEXT
4039,Multi-Threading,1,1,0,TEXT
4040,multidimensional,1,1,0,TEXT
4041,Multimodal,1,1,0,TEXT
4042,multiple-comparison-corrected,1,1,0,TEXT
4043,multivariate,1,1,0,TEXT
4044,muscle-related,1,1,0,TEXT
4045,muscles,1,1,0,TEXT
4046,muse2,1,0,1,TEX
4047,myself,1,1,0,TEXT
4048,N200,1,1,0,TEXT
4049,narrative,1,1,0,TEXT
4050,narrowband,1,1,0,TEXT
4051,National,1,1,0,TEXT
4052,navigated,1,1,0,TEXT
4053,nay,1,1,0,TEXT
4054,near-real-time,1,1,0,TEXT
4055,nearby,1,1,0,TEXT
4056,needs,1,1,0,TEXT
4057,neighbors,1,1,0,TEXT
4058,nessecary,1,0,1,TEX
4059,network-transparent,1,1,0,TEXT
4060,neurally,1,1,0,TEXT
4061,neuromuscular,1,1,0,TEXT
4062,neurophysiology,1,1,0,TEXT
4063,newpage,1,0,1,TEX
4064,nice-to-have,1,1,0,TEXT
4065,niknazar_new_2018,1,0,1,TEX
4066,nine,1,1,0,TEXT
4067,NNAR,1,1,0,TEXT
4068,nocamera,1,0,1,TEX
4069,noisy-completely-at-random,1,1,0,TEXT
4070,noisy-not-at-random,1,1,0,TEXT
4071,nominally,1,1,0,TEXT
4072,non-adjacent,1,1,0,TEXT
4073,non-boundary,1,1,0,TEXT
4074,non-clinical,1,1,0,TEXT
4075,non-committal,1,1,0,TEXT
4076,non-dominant,1,1,0,TEXT
4077,non-encoding,1,1,0,TEXT
4078,non-engagement,1,1,0,TEXT
4079,non-issue,1,1,0,TEXT
4080,Non-monotonic,1,1,0,TEXT
4081,non-negative,1,1,0,TEXT
4082,non-parametric,1,1,0,TEXT
4083,non-physiological,1,1,0,TEXT
4084,non-smartphone,1,1,0,TEXT
4085,non-volitional,1,1,0,TEXT
4086,nonlinear,1,1,0,TEXT
4087,nonlinearity,1,1,0,TEXT
4088,nonotch,1,0,1,TEX
4089,normalisation,1,1,0,TEXT
4090,normalize,1,1,0,TEXT
4091,normally,1,1,0,TEXT
4092,notably,1,1,0,TEXT
4093,notch-versus-no-notch,1,1,0,TEXT
4094,notched-versus-un-notched,1,1,0,TEXT
4095,notes,1,1,0,TEXT
4096,noticing,1,1,0,TEXT
4097,notwithstanding,1,1,0,TEXT
4098,novelty,1,1,0,TEXT
4099,nowhere,1,1,0,TEXT
4100,ntekin,1,1,0,TEXT
4101,nuamah_electroencephalography_2017,1,0,1,TEX
4102,nuanced,1,1,0,TEXT
4103,nudges,1,1,0,TEXT
4104,Num,1,0,1,TEX
4105,numbered,1,0,1,TEX
4106,numeric,1,0,1,TEX
4107,numerical,1,1,0,TEXT
4108,nutrition,1,1,0,TEXT
4109,obeyed,1,0,1,TEX
4110,objective,1,1,0,TEXT
4111,obscure,1,1,0,TEXT
4112,obscures,1,1,0,TEXT
4113,observe,1,1,0,TEXT
4114,observer,1,1,0,TEXT
4115,obsolete,1,1,0,TEXT
4116,obtrusive,1,1,0,TEXT
4117,occipital,1,1,0,TEXT
4118,occupy,1,1,0,TEXT
4119,occurrences,1,1,0,TEXT
4120,occurs,1,1,0,TEXT
4121,ocular,1,1,0,TEXT
4122,off,1,1,0,TEXT
4123,older,1,1,0,TEXT
4124,omit,1,1,0,TEXT
4125,omits,1,1,0,TEXT
4126,one-directional,1,1,0,TEXT
4127,one-factor-at-a-time,1,1,0,TEXT
4128,one-second,1,1,0,TEXT
4129,one-size-fits-all,1,1,0,TEXT
4130,one-to-one,1,1,0,TEXT
4131,ongoing,1,1,0,TEXT
4132,onsets,1,1,0,TEXT
4133,onto,1,1,0,TEXT
4134,open-hardware,1,1,0,TEXT
4135,OpenBCI,1,1,0,TEXT
4136,opening,1,1,0,TEXT
4137,operation,1,1,0,TEXT
4138,operationalisation,1,1,0,TEXT
4139,operationalised,1,1,0,TEXT
4140,operationalized,1,1,0,TEXT
4141,operationalizes,1,1,0,TEXT
4142,operations,1,1,0,TEXT
4143,operative,1,1,0,TEXT
4144,operator,1,1,0,TEXT
4145,opportunities,1,1,0,TEXT
4146,opposed,1,1,0,TEXT
4147,optimise,1,1,0,TEXT
4148,Optimizing,1,1,0,TEXT
4149,option,1,1,0,TEXT
4150,optionally,1,0,1,TEX
4151,orchestrates,1,1,0,TEXT
4152,orders-of-magnitude,1,1,0,TEXT
4153,Organisations,1,1,0,TEXT
4154,Organization,1,1,0,TEXT
4155,organized,1,1,0,TEXT
4156,oriented,1,1,0,TEXT
4157,Originally,1,1,0,TEXT
4158,outcome-linked,1,1,0,TEXT
4159,outliers,1,0,1,TEX
4160,outline,1,1,0,TEXT
4161,Outlook,1,1,0,TEXT
4162,outperformed,1,1,0,TEXT
4163,outperforms,1,1,0,TEXT
4164,outreach,1,1,0,TEXT
4165,outward,1,1,0,TEXT
4166,overclaim,1,0,1,TEX
4167,overlapping-window,1,0,1,TEX
4168,overly,1,1,0,TEXT
4169,overview,1,1,0,TEXT
4170,Oxford,1,0,1,TEX
4171,P12,1,0,1,TEX
4172,P15,1,1,0,TEXT
4173,P16,1,1,0,TEXT
4174,P17,1,1,0,TEXT
4175,P19,1,1,0,TEXT
4176,P22,1,0,1,TEX
4177,P29,1,1,0,TEXT
4178,P300,1,1,0,TEXT
4179,P7,1,0,1,TEX
4180,pacing,1,1,0,TEXT
4181,package,1,1,0,TEXT
4182,pairing,1,1,0,TEXT
4183,pairs,1,1,0,TEXT
4184,pairwise,1,0,1,TEX
4185,panic,1,1,0,TEXT
4186,paper,1,1,0,TEXT
4187,papers,1,1,0,TEXT
4188,parallel,1,1,0,TEXT
4189,paralysis---Whitham,1,1,0,TEXT
4190,parameter-dependent,1,1,0,TEXT
4191,parameter-sensitivity,1,1,0,TEXT
4192,parameterization,1,1,0,TEXT
4193,parents,1,1,0,TEXT
4194,parietal,1,1,0,TEXT
4195,partial,1,1,0,TEXT
4196,participant-ID,1,1,0,TEXT
4197,participant-inclusion,1,0,1,TEX
4198,participant-related,1,1,0,TEXT
4199,participant_table,1,0,1,TEX
4200,participant’s,1,1,0,TEXT
4201,participate,1,1,0,TEXT
4202,partitioned,1,1,0,TEXT
4203,partner,1,1,0,TEXT
4204,passing,1,1,0,TEXT
4205,passivity,1,1,0,TEXT
4206,patent,1,0,1,TEX
4207,pathology,1,1,0,TEXT
4208,pathway,1,1,0,TEXT
4209,Pattisapu,1,1,0,TEXT
4210,paused,1,1,0,TEXT
4211,pauses,1,1,0,TEXT
4212,paying,1,1,0,TEXT
4213,payoff,1,1,0,TEXT
4214,Peak-counting,1,1,0,TEXT
4215,peer-reviewed,1,1,0,TEXT
4216,per-feature,1,1,0,TEXT
4217,per-user,1,1,0,TEXT
4218,perceived,1,1,0,TEXT
4219,perception,1,1,0,TEXT
4220,performances,1,1,0,TEXT
4221,performed,1,1,0,TEXT
4222,peripherals,1,1,0,TEXT
4223,permits,1,1,0,TEXT
4224,permitted,1,1,0,TEXT
4225,persistent,1,1,0,TEXT
4226,person-invariance,1,1,0,TEXT
4227,person-invariant,1,1,0,TEXT
4228,personalized,1,1,0,TEXT
4229,personally,1,1,0,TEXT
4230,perspectives,1,1,0,TEXT
4231,persuades,1,1,0,TEXT
4232,persuasion,1,0,1,TEX
4233,persuasive,1,1,0,TEXT
4234,pharmacological,1,1,0,TEXT
4235,PhD,1,1,0,TEXT
4236,phones,1,1,0,TEXT
4237,physical-activity,1,1,0,TEXT
4238,physically,1,1,0,TEXT
4239,physiology,1,1,0,TEXT
4240,pic,1,0,1,TEX
4241,pictures_cabin,1,0,1,TEX
4242,placeholder,1,0,1,TEX
4243,placements,1,1,0,TEXT
4244,places,1,1,0,TEXT
4245,Plain-Language,1,1,0,TEXT
4246,plain_language,1,0,1,TEX
4247,plateau,1,1,0,TEXT
4248,platform-popular,1,1,0,TEXT
4249,platform-supplied,1,1,0,TEXT
4250,Plattner,1,1,0,TEXT
4251,plausible-sounding,1,1,0,TEXT
4252,play,1,1,0,TEXT
4253,playback,1,1,0,TEXT
4254,plots,1,1,0,TEXT
4255,plotted,1,1,0,TEXT
4256,plucinska_impact_2022,1,0,1,TEX
4257,plural,1,1,0,TEXT
4258,pointed,1,1,0,TEXT
4259,pointing,1,1,0,TEXT
4260,political,1,1,0,TEXT
4261,polling,1,1,0,TEXT
4262,polysemic,1,1,0,TEXT
4263,pooled-standard-deviation,1,1,0,TEXT
4264,poor,1,1,0,TEXT
4265,popular,1,1,0,TEXT
4266,popularized,1,1,0,TEXT
4267,portable,1,1,0,TEXT
4268,positions,1,1,0,TEXT
4269,positivity,1,1,0,TEXT
4270,possess,1,1,0,TEXT
4271,possibilities,1,1,0,TEXT
4272,post-decisional,1,1,0,TEXT
4273,post-effort,1,1,0,TEXT
4274,post-hoc,1,1,0,TEXT
4275,post-level,1,1,0,TEXT
4276,post-measurement,1,1,0,TEXT
4277,post-session,1,1,0,TEXT
4278,posterior,1,1,0,TEXT
4279,posts,1,1,0,TEXT
4280,potentials,1,1,0,TEXT
4281,power-line,1,1,0,TEXT
4282,PPG,1,1,0,TEXT
4283,pre-action,1,1,0,TEXT
4284,pre-calculated,1,1,0,TEXT
4285,pre-decision,1,1,0,TEXT
4286,pre-emptively,1,1,0,TEXT
4287,pre-experiment,1,1,0,TEXT
4288,Pre-Motor,1,1,0,TEXT
4289,Pre-Processing,1,1,0,TEXT
4290,pre-task,1,1,0,TEXT
4291,precede,1,1,0,TEXT
4292,precision-public-health,1,1,0,TEXT
4293,preclude,1,1,0,TEXT
4294,precursor,1,1,0,TEXT
4295,predefined,1,1,0,TEXT
4296,predicting,1,1,0,TEXT
4297,predictor,1,1,0,TEXT
4298,preferable,1,1,0,TEXT
4299,preference,1,1,0,TEXT
4300,preferences,1,1,0,TEXT
4301,prefix,1,0,1,TEX
4302,preliminary,1,1,0,TEXT
4303,prematurely,1,1,0,TEXT
4304,premises,1,1,0,TEXT
4305,preparatory,1,1,0,TEXT
4306,prerequisite,1,1,0,TEXT
4307,presenting,1,1,0,TEXT
4308,presents,1,1,0,TEXT
4309,preserves,1,1,0,TEXT
4310,pressed,1,1,0,TEXT
4311,presses,1,1,0,TEXT
4312,pressing,1,1,0,TEXT
4313,presumes,1,1,0,TEXT
4314,presuppose,1,1,0,TEXT
4315,prevailing,1,1,0,TEXT
4316,preventing,1,1,0,TEXT
4317,principally,1,1,0,TEXT
4318,printbibliography,1,0,1,TEX
4319,printtext,1,0,1,TEX
4320,prioritized,1,1,0,TEXT
4321,prioritizes,1,1,0,TEXT
4322,probabilities,1,1,0,TEXT
4323,probability,1,1,0,TEXT
4324,Probably,1,1,0,TEXT
4325,probe,1,1,0,TEXT
4326,problematic,1,1,0,TEXT
4327,procedures,1,1,0,TEXT
4328,proceeding,1,1,0,TEXT
4329,proceeds,1,1,0,TEXT
4330,product,1,1,0,TEXT
4331,products,1,1,0,TEXT
4332,program,1,1,0,TEXT
4333,prohibition,1,1,0,TEXT
4334,project,1,1,0,TEXT
4335,prolonged,1,1,0,TEXT
4336,promised,1,1,0,TEXT
4337,propagates,1,1,0,TEXT
4338,properly,1,0,1,TEX
4339,propose,1,1,0,TEXT
4340,proposes,1,1,0,TEXT
4341,protection,1,1,0,TEXT
4342,protocols,1,0,1,TEX
4343,proved,1,1,0,TEXT
4344,proves,1,0,1,TEX
4345,providing,1,1,0,TEXT
4346,provisional,1,1,0,TEXT
4347,proximate,1,1,0,TEXT
4348,proxy-measurement,1,1,0,TEXT
4349,pruning,1,1,0,TEXT
4350,psychophysiological,1,1,0,TEXT
4351,pt,1,0,1,TEX
4352,publication,1,1,0,TEXT
4353,pulled,1,0,1,TEX
4354,purer,1,1,0,TEXT
4355,purity,1,1,0,TEXT
4356,purple,1,0,1,TEX
4357,purposes,1,1,0,TEXT
4358,putative,1,1,0,TEXT
4359,pylsl,1,1,0,TEXT
4360,pynput,1,1,0,TEXT
4361,Python-based,1,1,0,TEXT
4362,qualified,1,1,0,TEXT
4363,qualitatively,1,1,0,TEXT
4364,quantifiable,1,1,0,TEXT
4365,quantitative,1,1,0,TEXT
4366,queue,1,1,0,TEXT
4367,quickly,1,1,0,TEXT
4368,quieter,1,1,0,TEXT
4369,quotes,1,0,1,TEX
4370,ran,1,1,0,TEXT
4371,random-chance,1,1,0,TEXT
4372,rank-biserial,1,1,0,TEXT
4373,rankings,1,1,0,TEXT
4374,rapid-succession,1,1,0,TEXT
4375,rarer,1,1,0,TEXT
4376,rarity,1,1,0,TEXT
4377,rating,1,1,0,TEXT
4378,ratios,1,1,0,TEXT
4379,Ray,1,1,0,TEXT
4380,re-derive,1,1,0,TEXT
4381,re-run,1,0,1,TEX
4382,reachable,1,1,0,TEXT
4383,reactivated,1,1,0,TEXT
4384,readable,1,1,0,TEXT
4385,reader,1,1,0,TEXT
4386,readily,1,1,0,TEXT
4387,ready-to-deploy,1,1,0,TEXT
4388,realisation,1,1,0,TEXT
4389,really,1,1,0,TEXT
4390,reasonably,1,1,0,TEXT
4391,receive,1,1,0,TEXT
4392,receptive,1,1,0,TEXT
4393,recognize,1,1,0,TEXT
4394,recognizing,1,1,0,TEXT
4395,recommend,1,1,0,TEXT
4396,recommendation,1,1,0,TEXT
4397,reconnect,1,1,0,TEXT
4398,reconstructions,1,1,0,TEXT
4399,record,1,1,0,TEXT
4400,recruit,1,1,0,TEXT
4401,recruits,1,1,0,TEXT
4402,reduces,1,1,0,TEXT
4403,Reference-list,1,0,1,TEX
4404,referred,1,1,0,TEXT
4405,referring,1,1,0,TEXT
4406,refinement,1,1,0,TEXT
4407,reflected,1,1,0,TEXT
4408,refrain,1,1,0,TEXT
4409,refreshed,1,1,0,TEXT
4410,regardless,1,1,0,TEXT
4411,regularize,1,1,0,TEXT
4412,regularized,1,1,0,TEXT
4413,regulation,1,1,0,TEXT
4414,regulator,1,1,0,TEXT
4415,rehabilitated,1,1,0,TEXT
4416,reinforcing,1,1,0,TEXT
4417,relationship,1,1,0,TEXT
4418,relax,1,1,0,TEXT
4419,reliability,1,1,0,TEXT
4420,reliant,1,1,0,TEXT
4421,relied,1,1,0,TEXT
4422,remembered,1,1,0,TEXT
4423,reminded,1,1,0,TEXT
4424,remote,1,1,0,TEXT
4425,removable,1,1,0,TEXT
4426,removal,1,0,1,TEX
4427,renders,1,1,0,TEXT
4428,renewcommand,1,0,1,TEX
4429,repeated-measures,1,1,0,TEXT
4430,repeating,1,1,0,TEXT
4431,replacement,1,1,0,TEXT
4432,replicate,1,1,0,TEXT
4433,replicated,1,1,0,TEXT
4434,replications,1,1,0,TEXT
4435,reply,1,1,0,TEXT
4436,repository,1,1,0,TEXT
4437,representations,1,1,0,TEXT
4438,represented,1,1,0,TEXT
4439,rescans,1,1,0,TEXT
4440,researching,1,1,0,TEXT
4441,reserved,1,0,1,TEX
4442,Reset,1,1,0,TEXT
4443,Resilient,1,1,0,TEXT
4444,respiratory,1,1,0,TEXT
4445,responsibly,1,1,0,TEXT
4446,restarts,1,1,0,TEXT
4447,restated,1,1,0,TEXT
4448,restrict,1,1,0,TEXT
4449,rests,1,1,0,TEXT
4450,resulted,1,1,0,TEXT
4451,retain,1,1,0,TEXT
4452,retains,1,1,0,TEXT
4453,retention,1,1,0,TEXT
4454,retroactively,1,1,0,TEXT
4455,retrospectively,1,1,0,TEXT
4456,return,1,1,0,TEXT
4457,reuse,1,1,0,TEXT
4458,reused,1,1,0,TEXT
4459,reveal,1,1,0,TEXT
4460,revealed,1,1,0,TEXT
4461,revealing,1,1,0,TEXT
4462,reveals,1,1,0,TEXT
4463,reversals,1,1,0,TEXT
4464,revised,1,1,0,TEXT
4465,revisits,1,1,0,TEXT
4466,reward,1,1,0,TEXT
4467,reward-insensitive,1,1,0,TEXT
4468,rewires,1,1,0,TEXT
4469,rigidly,1,1,0,TEXT
4470,Rimbert,1,1,0,TEXT
4471,rising,1,1,0,TEXT
4472,rules,1,1,0,TEXT
4473,running,1,1,0,TEXT
4474,s--400,1,1,0,TEXT
4475,S2,1,0,1,TEX
4476,said,1,1,0,TEXT
4477,salience-detection,1,1,0,TEXT
4478,sampled,1,1,0,TEXT
4479,sampling-boundary,1,1,0,TEXT
4480,sampling-rate,1,1,0,TEXT
4481,sanctioned,1,1,0,TEXT
4482,satisfied,1,1,0,TEXT
4483,saturated,1,1,0,TEXT
4484,saying,1,1,0,TEXT
4485,scalars,1,1,0,TEXT
4486,scaler,1,1,0,TEXT
4487,scans,1,1,0,TEXT
4488,sceptical,1,1,0,TEXT
4489,scheduled,1,1,0,TEXT
4490,schematic_a_press_swipe_sync,1,0,1,TEX
4491,schizophrenia,1,1,0,TEXT
4492,schools,1,1,0,TEXT
4493,scoped,1,1,0,TEXT
4494,scoping,1,1,0,TEXT
4495,scored,1,1,0,TEXT
4496,script-archiving,1,1,0,TEXT
4497,scripts,1,1,0,TEXT
4498,seamlessly,1,1,0,TEXT
4499,seeing,1,1,0,TEXT
4500,seems,1,1,0,TEXT
4501,sees,1,1,0,TEXT
4502,selecting,1,1,0,TEXT
4503,self-defined,1,1,0,TEXT
4504,semi-controlled,1,1,0,TEXT
4505,semi-structured,1,1,0,TEXT
4506,sensor,1,1,0,TEXT
4507,sensorimotor,1,1,0,TEXT
4508,sent,1,1,0,TEXT
4509,Sep,1,1,0,TEXT
4510,separator,1,1,0,TEXT
4511,sequence-dependent,1,1,0,TEXT
4512,sequencing,1,1,0,TEXT
4513,sequential,1,1,0,TEXT
4514,setlength,1,0,1,TEX
4515,severity,1,1,0,TEXT
4516,shaping,1,1,0,TEXT
4517,sharing,1,1,0,TEXT
4518,sharpened,1,1,0,TEXT
4519,sharpening,1,1,0,TEXT
4520,sheet,1,1,0,TEXT
4521,shifting,1,1,0,TEXT
4522,short-form-video-addiction,1,1,0,TEXT
4523,shorter,1,1,0,TEXT
4524,shortfall,1,1,0,TEXT
4525,shrinks,1,1,0,TEXT
4526,sides,1,1,0,TEXT
4527,Sidratul,1,1,0,TEXT
4528,sign-change,1,1,0,TEXT
4529,signal-processing,1,1,0,TEXT
4530,signaling,1,1,0,TEXT
4531,significance-testing,1,1,0,TEXT
4532,signing,1,1,0,TEXT
4533,sincerely,1,1,0,TEXT
4534,single-modality,1,1,0,TEXT
4535,single-motor-unit,1,1,0,TEXT
4536,singular,1,1,0,TEXT
4537,sinusoid,1,1,0,TEXT
4538,sit,1,1,0,TEXT
4539,site,1,1,0,TEXT
4540,situates,1,1,0,TEXT
4541,siz,1,0,1,TEX
4542,sizing,1,1,0,TEXT
4543,sketch,1,1,0,TEXT
4544,sketch_cabin_setup,1,0,1,TEX
4545,skews,1,1,0,TEXT
4546,Skip-Area,1,1,0,TEXT
4547,SKIP-detection,1,1,0,TEXT
4548,skipped,1,1,0,TEXT
4549,skips,1,0,1,TEX
4550,skull,1,1,0,TEXT
4551,sliding,1,1,0,TEXT
4552,slope,1,1,0,TEXT
4553,slow,1,1,0,TEXT
4554,slow-rising,1,1,0,TEXT
4555,smartphones,1,1,0,TEXT
4556,smoking,1,1,0,TEXT
4557,social-media,1,1,0,TEXT
4558,socialization,1,1,0,TEXT
4559,Societal,1,1,0,TEXT
4560,software,1,1,0,TEXT
4561,software-engineering,1,1,0,TEXT
4562,solitary,1,1,0,TEXT
4563,solving,1,1,0,TEXT
4564,sophisticated,1,0,1,TEX
4565,sorted,1,1,0,TEXT
4566,sorting,1,0,1,TEX
4567,source-reconstructed,1,1,0,TEXT
4568,spans,1,1,0,TEXT
4569,spatially,1,1,0,TEXT
4570,spatially-averaged,1,1,0,TEXT
4571,speaks,1,1,0,TEXT
4572,specialization,1,1,0,TEXT
4573,specialized,1,1,0,TEXT
4574,specifications,1,1,0,TEXT
4575,specifies,1,1,0,TEXT
4576,spike,1,1,0,TEXT
4577,spontaneously,1,1,0,TEXT
4578,spot,1,1,0,TEXT
4579,spread,1,1,0,TEXT
4580,stability,1,1,0,TEXT
4581,stabilized,1,1,0,TEXT
4582,standardization,1,1,0,TEXT
4583,standing,1,1,0,TEXT
4584,standpoint,1,1,0,TEXT
4585,Stat,1,0,1,TEX
4586,stats,1,0,1,TEX
4587,stays,1,0,1,TEX
4588,steadily,1,1,0,TEXT
4589,steepness,1,1,0,TEXT
4590,stemming,1,1,0,TEXT
4591,step-by-step,1,1,0,TEXT
4592,step02_artifact_flag,1,0,1,TEX
4593,step03_label_windows,1,0,1,TEX
4594,step04_balance_split,1,0,1,TEX
4595,step05_feature_engineering,1,0,1,TEX
4596,step07_train_intra,1,0,1,TEX
4597,step11,1,0,1,TEX
4598,step16_parallel_universes,1,0,1,TEX
4599,stimuli,1,1,0,TEXT
4600,stimulus-interval,1,1,0,TEXT
4601,stopping,1,1,0,TEXT
4602,strands,1,1,0,TEXT
4603,strategies,1,1,0,TEXT
4604,stratifiable,1,1,0,TEXT
4605,stratifies,1,1,0,TEXT
4606,stretches,1,1,0,TEXT
4607,stricti,1,0,1,TEX
4608,strip,1,0,1,TEX
4609,students,1,1,0,TEXT
4610,studying,1,1,0,TEXT
4611,styles,1,0,1,TEX
4612,subcortical,1,1,0,TEXT
4613,subjective,1,1,0,TEXT
4614,subprocess,1,1,0,TEXT
4615,substantive,1,1,0,TEXT
4616,substitution,1,1,0,TEXT
4617,substrate,1,1,0,TEXT
4618,subtracting,1,1,0,TEXT
4619,successes,1,1,0,TEXT
4620,successful,1,1,0,TEXT
4621,sufficiency,1,1,0,TEXT
4622,suggested,1,1,0,TEXT
4623,suggesting,1,1,0,TEXT
4624,suggestive,1,1,0,TEXT
4625,summarise,1,1,0,TEXT
4626,summarizes,1,1,0,TEXT
4627,Summary,1,1,0,TEXT
4628,summed,1,1,0,TEXT
4629,superseded,1,1,0,TEXT
4630,supplies,1,1,0,TEXT
4631,supportive,1,1,0,TEXT
4632,sure,1,0,1,TEX
4633,surveying,1,1,0,TEXT
4634,survival,1,1,0,TEXT
4635,suspicion,1,1,0,TEXT
4636,SVA-specific,1,1,0,TEXT
4637,sweeping,1,1,0,TEXT
4638,Swipe-Prediction,1,1,0,TEXT
4639,switching,1,1,0,TEXT
4640,symmetric,1,1,0,TEXT
4641,symptoms,1,1,0,TEXT
4642,synchronisation,1,1,0,TEXT
4643,synchronise,1,1,0,TEXT
4644,synchronizing,1,1,0,TEXT
4645,synchrony,1,1,0,TEXT
4646,synthesized,1,1,0,TEXT
4647,T1,1,0,1,TEX
4648,tableofcontents,1,0,1,TEX
4649,tables,1,1,0,TEXT
4650,tagged,1,1,0,TEXT
4651,tail,1,1,0,TEXT
4652,tangible,1,1,0,TEXT
4653,targeting,1,1,0,TEXT
4654,task-appropriate,1,1,0,TEXT
4655,task-correlated,1,1,0,TEXT
4656,task-demand,1,1,0,TEXT
4657,task-related,1,1,0,TEXT
4658,task-relevant,1,1,0,TEXT
4659,task-sensitive,1,1,0,TEXT
4660,task-specific,1,1,0,TEXT
4661,tasked,1,1,0,TEXT
4662,taxonomy,1,1,0,TEXT
4663,Teach,1,1,0,TEXT
4664,teachers,1,1,0,TEXT
4665,teaching,1,1,0,TEXT
4666,team,1,1,0,TEXT
4667,technique,1,1,0,TEXT
4668,technological,1,1,0,TEXT
4669,telling,1,1,0,TEXT
4670,temporal-parameter,1,1,0,TEXT
4671,temporary,1,1,0,TEXT
4672,termed,1,1,0,TEXT
4673,terminates,1,1,0,TEXT
4674,termination,1,1,0,TEXT
4675,terminology,1,1,0,TEXT
4676,textsuperscript,1,0,1,TEX
4677,th-order,1,1,0,TEXT
4678,thanked,1,1,0,TEXT
4679,thanks,1,1,0,TEXT
4680,theoretically,1,1,0,TEXT
4681,Theories,1,1,0,TEXT
4682,thesis's,1,1,0,TEXT
4683,thickness,1,1,0,TEXT
4684,thoughtful,1,1,0,TEXT
4685,threaded,1,1,0,TEXT
4686,threads,1,1,0,TEXT
4687,threatened,1,1,0,TEXT
4688,three-parameter,1,1,0,TEXT
4689,thresholding,1,1,0,TEXT
4690,tied,1,1,0,TEXT
4691,tighter,1,1,0,TEXT
4692,TikTok-like,1,1,0,TEXT
4693,TikTok-specific,1,1,0,TEXT
4694,time-displacement,1,1,0,TEXT
4695,time-in-app,1,1,0,TEXT
4696,time-invariant,1,1,0,TEXT
4697,time-limit,1,1,0,TEXT
4698,timed,1,1,0,TEXT
4699,timeout,1,1,0,TEXT
4700,timeslots,1,1,0,TEXT
4701,to-be-predicted,1,1,0,TEXT
4702,tolerance,1,1,0,TEXT
4703,tong_brain_2020,1,0,1,TEX
4704,tonic,1,1,0,TEXT
4705,tonically,1,1,0,TEXT
4706,toolset,1,1,0,TEXT
4707,top-down,1,1,0,TEXT
4708,topographical,1,1,0,TEXT
4709,totalling,1,1,0,TEXT
4710,touched,1,0,1,TEX
4711,TP10’s,1,1,0,TEXT
4712,trade-off,1,1,0,TEXT
4713,traditional,1,1,0,TEXT
4714,trailing,1,1,0,TEXT
4715,trait-like,1,1,0,TEXT
4716,trajectories,1,1,0,TEXT
4717,translational,1,1,0,TEXT
4718,transmitted,1,1,0,TEXT
4719,transparently,1,1,0,TEXT
4720,transportation,1,1,0,TEXT
4721,travel,1,1,0,TEXT
4722,traversing,1,1,0,TEXT
4723,triggered,1,1,0,TEXT
4724,triggers,1,1,0,TEXT
4725,trivial,1,1,0,TEXT
4726,truly,1,1,0,TEXT
4727,trusted,1,1,0,TEXT
4728,trying,1,1,0,TEXT
4729,tumbling-window,1,1,0,TEXT
4730,turnkey,1,1,0,TEXT
4731,twenty-five-minute,1,1,0,TEXT
4732,two-component,1,1,0,TEXT
4733,two-part,1,1,0,TEXT
4734,two-thirds,1,1,0,TEXT
4735,typically,1,1,0,TEXT
4736,U-shaped,1,1,0,TEXT
4737,ubiquity,1,1,0,TEXT
4738,ugly,1,0,1,TEX
4739,unaltered,1,1,0,TEXT
4740,uncertainty,1,1,0,TEXT
4741,unchanged,1,1,0,TEXT
4742,uncomment,1,0,1,TEX
4743,uncontroversial,1,1,0,TEXT
4744,uncorrected,1,1,0,TEXT
4745,under-performing,1,1,0,TEXT
4746,under-replicated,1,1,0,TEXT
4747,underestimate,1,1,0,TEXT
4748,underexploited,1,1,0,TEXT
4749,underline,1,1,0,TEXT
4750,undermines,1,1,0,TEXT
4751,underperform,1,1,0,TEXT
4752,undersampled,1,1,0,TEXT
4753,undersampling,1,1,0,TEXT
4754,underscores,1,1,0,TEXT
4755,underscoring,1,1,0,TEXT
4756,Understanding,1,1,0,TEXT
4757,unencoded,1,1,0,TEXT
4758,unequal,1,1,0,TEXT
4759,unequally-sized,1,1,0,TEXT
4760,uneventful,1,1,0,TEXT
4761,unfolding,1,1,0,TEXT
4762,unifying,1,1,0,TEXT
4763,uninformative,1,1,0,TEXT
4764,uninterpretable,1,1,0,TEXT
4765,unknown,1,1,0,TEXT
4766,Unless,1,1,0,TEXT
4767,unlikely,1,1,0,TEXT
4768,unnatural,1,1,0,TEXT
4769,unnecessary,1,1,0,TEXT
4770,unobtrusively,1,1,0,TEXT
4771,unprocessed,1,1,0,TEXT
4772,unprompted,1,1,0,TEXT
4773,unpublished,1,0,1,TEX
4774,unreliable,1,1,0,TEXT
4775,unsettled,1,1,0,TEXT
4776,unsmoothed,1,1,0,TEXT
4777,unsrt,1,0,1,TEX
4778,unused,1,1,0,TEXT
4779,unverified,1,1,0,TEXT
4780,upper,1,1,0,TEXT
4781,upsample,1,1,0,TEXT
4782,upward,1,1,0,TEXT
4783,urges,1,1,0,TEXT
4784,urldate,1,0,1,TEX
4785,urlday,1,0,1,TEX
4786,urlmonth,1,0,1,TEX
4787,urlyear,1,0,1,TEX
4788,usable,1,1,0,TEXT
4789,usage,1,1,0,TEXT
4790,usage-based,1,1,0,TEXT
4791,user's,1,1,0,TEXT
4792,user-experience,1,1,0,TEXT
4793,user-testing,1,1,0,TEXT
4794,utf8,1,0,1,TEX
4795,utility,1,1,0,TEXT
4796,utilizes,1,1,0,TEXT
4797,vaccination,1,1,0,TEXT
4798,vaccine,1,1,0,TEXT
4799,valence,1,1,0,TEXT
4800,valenced,1,1,0,TEXT
4801,validating,1,1,0,TEXT
4802,valuable,1,1,0,TEXT
4803,variables,1,1,0,TEXT
4804,variant,1,1,0,TEXT
4805,varies,1,1,0,TEXT
4806,verdict,1,1,0,TEXT
4807,verifying,1,1,0,TEXT
4808,Verleysen,1,1,0,TEXT
4809,versions,1,1,0,TEXT
4810,very-high,1,1,0,TEXT
4811,vfill,1,0,1,TEX
4812,viable,1,0,1,TEX
4813,video's,1,1,0,TEXT
4814,video-watching,1,0,1,TEX
4815,vigilance,1,1,0,TEXT
4816,violates,1,1,0,TEXT
4817,violation,1,1,0,TEXT
4818,vision,1,1,0,TEXT
4819,visiting,1,1,0,TEXT
4820,visual,1,1,0,TEXT
4821,VISUALIZATIONS,1,0,1,TEX
4822,viz02,1,0,1,TEX
4823,viz03_exploration_12,1,0,1,TEX
4824,viz03_exploration_7,1,0,1,TEX
4825,viz03_exploration_9,1,0,1,TEX
4826,viz17_1_inter,1,0,1,TEX
4827,viz17_1_intra,1,0,1,TEX
4828,viz17_2_inter_significance,1,0,1,TEX
4829,viz17_2_inter_significance_thesis_paragraph,1,0,1,TEX
4830,viz17_3_cohend_top_features,1,0,1,TEX
4831,viz17_4_identifying_top,1,0,1,TEX
4832,viz17_5_inter_feat1,1,0,1,TEX
4833,viz17_5_inter_feat2,1,0,1,TEX
4834,viz17_5_inter_feat3,1,0,1,TEX
4835,viz17_5_intra_feat1,1,0,1,TEX
4836,viz17_5_intra_feat2,1,0,1,TEX
4837,viz17_5_intra_feat3,1,0,1,TEX
4838,viz17_feature_ranking,1,0,1,TEX
4839,viz17_inter_sig_f1_models_ablation,1,0,1,TEX
4840,viz17_window_exploration_line,1,0,1,TEX
4841,Vol,1,0,1,TEX
4842,voluntarily,1,1,0,TEXT
4843,volunteered,1,1,0,TEXT
4844,voters,1,1,0,TEXT
4845,vulnerability,1,1,0,TEXT
4846,want,1,1,0,TEXT
4847,warning,1,1,0,TEXT
4848,warranted,1,1,0,TEXT
4849,watch-through,1,1,0,TEXT
4850,waves,1,1,0,TEXT
4851,weakly,1,1,0,TEXT
4852,wearing,1,1,0,TEXT
4853,weeks,1,1,0,TEXT
4854,well-chosen,1,1,0,TEXT
4855,well-defined,1,1,0,TEXT
4856,well-formed,1,1,0,TEXT
4857,wherever,1,1,0,TEXT
4858,WHO's,1,1,0,TEXT
4859,whoever,1,1,0,TEXT
4860,whole-head,1,1,0,TEXT
4861,widening,1,1,0,TEXT
4862,widespread,1,1,0,TEXT
4863,winner,1,1,0,TEXT
4864,withdrawing,1,1,0,TEXT
4865,withhold,1,1,0,TEXT
4866,within-person,1,1,0,TEXT
4867,within-population,1,1,0,TEXT
4868,within-window,1,1,0,TEXT
4869,workflow,1,1,0,TEXT
4870,workplace,1,1,0,TEXT
4871,workshops,1,1,0,TEXT
4872,World,1,1,0,TEXT
4873,worldwide,1,1,0,TEXT
4874,worn,1,1,0,TEXT
4875,worry,1,1,0,TEXT
4876,worthwhile,1,1,0,TEXT
4877,wrapped,1,1,0,TEXT
4878,x7,1,0,1,TEX
4879,xcolor,1,0,1,TEX
4880,Xu,1,1,0,TEXT
4881,y-axis,1,1,0,TEXT
4882,yes,1,1,0,TEXT
4883,Yilmaz,1,1,0,TEXT
4884,young-adult,1,1,0,TEXT
4885,YouTube,1,1,0,TEXT
4886,z-score,1,1,0,TEXT
4887,z-scored,1,1,0,TEXT
4888,zero-sequences,1,1,0,TEXT
4889,zero-sum,1,1,0,TEXT
4890,zoned,1,1,0,TEXT
4891,zscore,1,0,1,TEX
