timestamp,lsl_timestamp,TP9,AF7,AF8,TP10,Right AUX,keypress_A,keypress_B
1772021569.528555,1772021569.4615312,-853.02734375,599.12109375,-827.1484375,972.16796875,0.0,0,0
1772021569.5286689,1772021569.4654226,44.43359375,-744.140625,689.94140625,971.6796875,0.0,0,0
1772021569.528712,1772021569.469314,-1000.0,-1000.0,993.65234375,971.6796875,0.0,0,0
1772021569.528745,1772021569.4732056,462.890625,-211.9140625,-930.6640625,971.6796875,0.0,0,0
1772021569.52878,1772021569.4770968,-952.63671875,-918.45703125,-64.94140625,971.6796875,0.0,0,0
1772021569.528811,1772021569.4809883,-940.91796875,809.08203125,-938.96484375,971.6796875,0.0,0,0
1772021569.528842,1772021569.4848797,137.6953125,-544.43359375,596.19140625,971.6796875,0.0,0,0
1772021569.528872,1772021569.4887712,-1000.0,-1000.0,-954.58984375,972.16796875,0.0,0,0
1772021569.528901,1772021569.4926627,200.68359375,-163.0859375,-978.02734375,971.6796875,0.0,0,0
1772021569.52893,1772021569.496554,-951.66015625,985.83984375,-7.8125,971.6796875,0.0,0,0
1772021569.528961,1772021569.5004454,-899.4140625,-925.78125,-1000.0,972.16796875,0.0,0,0
1772021569.528988,1772021569.5043368,202.63671875,41.015625,71.77734375,971.6796875,0.0,0,0
1772021569.602703,1772021569.5086145,-897.4609375,-1000.0,-932.6171875,971.6796875,0.0,0,0
1772021569.6028218,1772021569.512506,563.4765625,-174.31640625,-976.5625,971.6796875,0.0,0,0
1772021569.602863,1772021569.5163975,-891.11328125,980.95703125,-10.25390625,971.6796875,0.0,0,0
1772021569.602898,1772021569.520289,895.99609375,-911.1328125,-1000.0,971.6796875,0.0,0,0
1772021569.602932,1772021569.5241807,983.3984375,438.96484375,-178.7109375,971.6796875,0.0,0,0
1772021569.602966,1772021569.528072,971.19140625,-1000.0,-975.5859375,971.6796875,0.0,0,0
1772021569.602999,1772021569.5319636,971.19140625,-239.74609375,-960.9375,971.6796875,0.0,0,0
1772021569.603032,1772021569.535855,971.19140625,-912.109375,-60.05859375,971.6796875,0.0,0,0
1772021569.603065,1772021569.5397465,971.6796875,942.87109375,-1000.0,971.6796875,0.0,0,0
1772021569.6030972,1772021569.543638,971.19140625,944.82421875,-321.2890625,971.6796875,0.0,0,0
1772021569.6031308,1772021569.5475295,971.19140625,978.515625,954.1015625,971.6796875,0.0,0,0
1772021569.6031628,1772021569.5514212,971.19140625,971.6796875,-924.31640625,971.6796875,0.0,0,0
1772021569.619099,1772021569.5554564,971.19140625,971.6796875,3.41796875,971.6796875,0.0,0,0
1772021569.6192498,1772021569.5593479,971.19140625,972.16796875,-1000.0,971.6796875,0.0,0,0
1772021569.6193001,1772021569.5632393,971.19140625,971.6796875,-543.9453125,971.6796875,0.0,0,0
1772021569.619348,1772021569.567131,971.19140625,971.6796875,799.8046875,971.6796875,0.0,0,0
1772021569.619392,1772021569.5710225,971.19140625,972.16796875,-856.93359375,972.16796875,0.0,0,0
1772021569.619436,1772021569.574914,971.19140625,972.65625,169.43359375,972.65625,0.0,0,0
1772021569.619489,1772021569.5788054,971.19140625,894.04296875,-1000.0,896.484375,0.0,0,0
1772021569.61953,1772021569.5826972,971.19140625,-814.453125,-636.71875,-814.94140625,0.0,0,0
1772021569.6195772,1772021569.5865886,971.19140625,63.96484375,740.72265625,57.12890625,0.0,0,0
1772021569.619621,1772021569.59048,971.19140625,-633.7890625,-842.28515625,-542.96875,0.0,0,0
1772021569.619663,1772021569.5943718,971.19140625,902.34375,194.82421875,955.078125,0.0,0,0
1772021569.619704,1772021569.5982633,971.19140625,966.796875,-1000.0,948.73046875,0.0,0,0
1772021569.662234,1772021569.6022716,971.19140625,-882.32421875,-779.78515625,-876.953125,0.0,0,0
1772021569.6623611,1772021569.606163,971.6796875,112.79296875,582.51953125,112.3046875,0.0,0,0
1772021569.6623921,1772021569.6100545,971.19140625,-763.18359375,-803.22265625,-788.57421875,0.0,0,0
1772021569.662422,1772021569.6139462,971.19140625,772.94921875,162.59765625,735.83984375,0.0,0,0
1772021569.662453,1772021569.6178377,971.19140625,-926.26953125,-1000.0,-977.05078125,0.0,0,0
1772021569.6624892,1772021569.6217291,971.19140625,902.83203125,-1000.0,-943.359375,0.0,0,0
1772021569.6625159,1772021569.6256208,971.19140625,987.3046875,-89.35546875,41.015625,0.0,0,0
1772021569.6625438,1772021569.6295123,971.19140625,972.16796875,-791.015625,-1000.0,0.0,0,0
1772021569.662571,1772021569.633404,971.19140625,972.16796875,156.25,291.9921875,0.0,0,0
1772021569.662598,1772021569.6372955,971.19140625,971.6796875,-1000.0,-929.19921875,0.0,0,0
1772021569.662625,1772021569.641187,971.6796875,971.6796875,-1000.0,-963.8671875,0.0,0,0
1772021569.6626508,1772021569.6450787,971.19140625,971.6796875,-165.52734375,85.44921875,0.0,0,0
1772021569.722941,1772021569.6490774,971.19140625,972.16796875,-932.6171875,-1000.0,0.0,0,0
1772021569.723129,1772021569.652969,971.19140625,972.65625,933.10546875,-40.52734375,0.0,0,0
1772021569.7231948,1772021569.6568606,971.19140625,908.69140625,-514.6484375,-966.796875,0.0,0,0
1772021569.7232552,1772021569.660752,971.19140625,-889.6484375,-960.44921875,-931.640625,0.0,0,0
1772021569.723315,1772021569.6646438,971.19140625,252.9296875,612.3046875,199.70703125,0.0,0,0
1772021569.7233658,1772021569.6685352,971.19140625,-1000.0,-931.15234375,-1000.0,0.0,0,0
1772021569.723407,1772021569.6724267,971.6796875,-241.2109375,906.25,-202.1484375,0.0,0,0
1772021569.723448,1772021569.6763184,907.71484375,-917.96875,982.91015625,-987.3046875,0.0,0,0
1772021569.723493,1772021569.6802099,-891.11328125,932.6171875,971.6796875,-925.29296875,0.0,0,0
1772021569.723537,1772021569.6841016,252.44140625,-365.234375,972.16796875,139.16015625,0.0,0,0
1772021569.723582,1772021569.687993,-1000.0,-1000.0,972.16796875,-1000.0,0.0,0,0
1772021569.7236211,1772021569.6918848,-212.890625,-1000.0,971.6796875,-304.6875,0.0,0,0
1772021569.768984,1772021569.6958666,-977.05078125,290.0390625,971.6796875,958.49609375,0.0,0,0
1772021569.769162,1772021569.6997583,-945.80078125,800.29296875,971.6796875,-906.25,0.0,0,0
1772021569.769226,1772021569.7036498,54.6875,-845.703125,972.16796875,228.515625,0.0,0,0
1772021569.7692869,1772021569.7075415,-1000.0,-1000.0,972.16796875,-1000.0,0.0,0,0
1772021569.769344,1772021569.711433,-737.79296875,-937.98828125,972.16796875,-557.6171875,0.0,0,0
1772021569.7694368,1772021569.7153246,742.1875,-1000.0,971.6796875,840.8203125,0.0,0,0
1772021569.769548,1772021569.7192163,-975.5859375,-1000.0,971.6796875,-861.328125,0.0,0,0
1772021569.769591,1772021569.7231078,-464.35546875,-1000.0,972.16796875,192.3828125,0.0,0,0
1772021569.7696362,1772021569.7269995,-1000.0,-1000.0,972.16796875,-1000.0,0.0,0,0
1772021569.769676,1772021569.730891,-1000.0,-1000.0,972.16796875,-796.875,0.0,0,0
1772021569.7697768,1772021569.7347827,-165.0390625,-1000.0,971.6796875,569.3359375,0.0,0,0
1772021569.769852,1772021569.7386742,-986.81640625,-1000.0,971.6796875,-808.59375,0.0,0,0
1772021569.8273768,1772021569.7427592,-444.3359375,-1000.0,971.6796875,197.75390625,0.0,0,0
1772021569.827617,1772021569.746651,-1000.0,-1000.0,972.16796875,-1000.0,0.0,0,0
1772021569.82769,1772021569.7505424,-927.734375,-1000.0,972.16796875,-920.41015625,0.0,0,0
1772021569.82775,1772021569.754434,-1000.0,-1000.0,971.6796875,373.53515625,0.0,0,0
1772021569.827859,1772021569.7583258,-1000.0,-1000.0,971.6796875,-788.0859375,0.0,0,0
1772021569.82797,1772021569.7622175,-1000.0,-1000.0,971.6796875,412.109375,0.0,0,0
1772021569.828026,1772021569.766109,-1000.0,-1000.0,972.16796875,-935.546875,0.0,0,0
1772021569.828081,1772021569.7700007,-1000.0,-1000.0,972.16796875,-1000.0,0.0,0,0
1772021569.828135,1772021569.7738924,-1000.0,-1000.0,971.6796875,157.71484375,0.0,0,0
1772021569.8281898,1772021569.777784,-1000.0,-1000.0,971.6796875,-808.10546875,0.0,0,0
1772021569.828246,1772021569.7816756,-1000.0,-1000.0,971.6796875,604.00390625,0.0,0,0
1772021569.828301,1772021569.7855673,-1000.0,-1000.0,980.95703125,-751.46484375,0.0,0,0
1772021569.858334,1772021569.7896364,-1000.0,-1000.0,899.90234375,-1000.0,0.0,0,0
1772021569.858484,1772021569.793528,-1000.0,-1000.0,-856.93359375,-28.3203125,0.0,0,0
1772021569.85853,1772021569.7974198,-1000.0,-1000.0,406.25,-880.859375,0.0,0,0
1772021569.858571,1772021569.8013115,-1000.0,-1000.0,-275.87890625,801.7578125,0.0,0,0
1772021569.858958,1772021569.8052032,-1000.0,-1000.0,844.7265625,-566.89453125,0.0,0,0
1772021569.85901,1772021569.809095,-970.21484375,-924.8046875,-919.921875,-1000.0,0.0,0,0
1772021569.859052,1772021569.8129866,-1000.0,-1000.0,458.984375,-28.80859375,0.0,0,0
1772021569.8590899,1772021569.8168783,-906.73828125,-86.9140625,-712.40234375,-920.8984375,0.0,0,0
1772021569.859123,1772021569.8207698,-573.73046875,524.4140625,-1000.0,760.7421875,0.0,0,0
1772021569.859155,1772021569.8246615,-867.1875,-906.73828125,-227.05078125,-590.33203125,0.0,0,0
1772021569.859188,1772021569.8285532,-1000.0,-1000.0,-832.03125,-1000.0,0.0,0,0
1772021569.859217,1772021569.832445,-462.40234375,-260.7421875,187.01171875,-312.01171875,0.0,0,0
1772021569.903299,1772021569.8365052,-919.921875,956.0546875,-1000.0,-963.37890625,0.0,0,0
1772021569.903397,1772021569.840397,574.21875,-914.0625,-978.02734375,846.19140625,0.0,0,0
1772021569.9034271,1772021569.8442886,-860.83984375,16.6015625,-1000.0,-495.1171875,0.0,0,0
1772021569.903455,1772021569.8481803,-1000.0,-1000.0,362.79296875,-1000.0,0.0,0,0
1772021569.90348,1772021569.852072,-416.9921875,-175.78125,294.43359375,-528.3203125,0.0,0,0
1772021569.903508,1772021569.8559637,965.8203125,992.1875,-1000.0,867.67578125,0.0,0,0
1772021569.90355,1772021569.8598554,933.59375,-912.109375,-1000.0,-957.03125,0.0,0,0
1772021569.9035819,1772021569.8637471,-425.29296875,204.58984375,-965.33203125,-271.484375,0.0,0,0
1772021569.9036102,1772021569.8676388,-1000.0,-1000.0,467.28515625,-1000.0,0.0,0,0
1772021569.903636,1772021569.8715305,-463.37890625,-314.453125,555.17578125,-682.12890625,0.0,0,0
1772021569.9036632,1772021569.8754222,816.40625,924.8046875,-893.06640625,649.90234375,0.0,0,0
1772021569.903691,1772021569.879314,-899.90234375,-896.97265625,-1000.0,-837.890625,0.0,0,0
1772021569.947927,1772021569.8833532,-144.04296875,122.55859375,-710.9375,-0.48828125,0.0,0,0
1772021569.948045,1772021569.887245,-1000.0,-1000.0,687.01171875,-1000.0,0.0,0,0
1772021569.948079,1772021569.8911366,-739.2578125,-833.0078125,-947.265625,-783.203125,0.0,0,0
1772021569.948113,1772021569.8950284,587.890625,504.8828125,-298.828125,544.921875,0.0,0,0
1772021569.948147,1772021569.89892,-816.40625,-793.45703125,-1000.0,-807.12890625,0.0,0,0
1772021569.94818,1772021569.902812,70.3125,151.85546875,-604.00390625,191.40625,0.0,0,0
1772021569.948212,1772021569.9067037,-1000.0,-1000.0,724.12109375,-1000.0,0.0,0,0
1772021569.948242,1772021569.9105954,-888.18359375,-1000.0,-851.5625,-676.26953125,0.0,0,0
1772021569.948311,1772021569.9144871,413.57421875,172.36328125,44.921875,696.77734375,0.0,0,0
1772021569.948344,1772021569.9183788,-780.76171875,-760.7421875,-1000.0,-841.796875,0.0,0,0
1772021569.948372,1772021569.9222708,142.08984375,134.765625,-796.38671875,463.37890625,0.0,0,0
1772021569.948403,1772021569.9261625,-1000.0,-1000.0,525.390625,-1000.0,0.0,0,0
1772021569.993199,1772021569.9301834,-1000.0,-1000.0,-805.6640625,-650.87890625,0.0,0,0
1772021569.993292,1772021569.934075,52.734375,-122.55859375,181.640625,861.81640625,0.0,0,0
1772021569.993325,1772021569.937967,-766.11328125,-791.9921875,-1000.0,966.796875,0.0,0,0
1772021569.993352,1772021569.9418588,140.13671875,151.85546875,-797.36328125,-912.59765625,0.0,0,0
1772021569.993382,1772021569.9457505,-1000.0,-1000.0,539.55078125,-167.48046875,0.0,0,0
1772021569.993409,1772021569.9496424,-1000.0,-1000.0,-812.01171875,-795.41015625,0.0,0,0
1772021569.9934342,1772021569.9535341,-162.109375,-307.6171875,366.69921875,831.54296875,0.0,0,0
1772021569.993462,1772021569.9574258,-801.26953125,-842.7734375,-1000.0,979.98046875,0.0,0,0
1772021569.9934878,1772021569.9613178,159.1796875,178.22265625,-938.96484375,-917.96875,0.0,0,0
1772021569.993519,1772021569.9652095,-1000.0,-1000.0,392.08984375,155.76171875,0.0,0,0
1772021569.993545,1772021569.9691012,-1000.0,-1000.0,-800.29296875,-1000.0,0.0,0,0
1772021569.99357,1772021569.972993,-266.11328125,-333.49609375,443.359375,317.87109375,0.0,0,0
1772021570.038763,1772021569.977005,-832.51953125,-849.12109375,-870.60546875,-900.390625,0.0,0,0
1772021570.038958,1772021569.9808967,440.91796875,330.56640625,-1000.0,989.74609375,0.0,0,0
1772021570.0390232,1772021569.9847884,-922.8515625,-987.79296875,-54.6875,-82.51953125,0.0,0,0
1772021570.039083,1772021569.9886804,-1000.0,-1000.0,-806.640625,-1000.0,0.0,0,0
1772021570.039189,1772021569.992572,-211.42578125,-210.9375,458.0078125,-184.08203125,0.0,0,0
1772021570.039266,1772021569.996464,-953.61328125,-974.609375,-876.46484375,-961.42578125,0.0,0,0
1772021570.03931,1772021570.0003557,928.22265625,991.69921875,-1000.0,997.55859375,0.0,0,0
1772021570.0393531,1772021570.0042477,-366.2109375,-223.14453125,-239.74609375,-206.54296875,0.0,0,0
1772021570.039396,1772021570.0081394,-1000.0,-1000.0,-836.9140625,-1000.0,0.0,0,0
1772021570.039437,1772021570.012031,-177.734375,-354.00390625,369.62890625,-391.6015625,0.0,0,0
1772021570.039479,1772021570.015923,-983.88671875,969.23828125,-941.89453125,-974.12109375,0.0,0,0
1772021570.039521,1772021570.0198147,-969.7265625,-975.5859375,-1000.0,833.984375,0.0,0,0
1772021570.097003,1772021570.0238125,-165.0390625,-234.86328125,-611.81640625,-587.40234375,0.0,0,0
1772021570.097174,1772021570.0277045,-1000.0,-1000.0,958.984375,-1000.0,0.0,0,0
1772021570.097235,1772021570.0315962,-172.8515625,-302.734375,456.0546875,-1000.0,0.0,0,0
1772021570.0972958,1772021570.0354881,-995.1171875,959.9609375,-963.37890625,328.125,0.0,0,0
1772021570.097356,1772021570.0393798,-948.2421875,-937.01171875,-1000.0,950.68359375,0.0,0,0
1772021570.0974138,1772021570.0432718,-14.16015625,-71.2890625,-702.63671875,-641.11328125,0.0,0,0
1772021570.097476,1772021570.0471635,-1000.0,-1000.0,768.5546875,-1000.0,0.0,0,0
1772021570.0975292,1772021570.0510554,-421.875,-708.0078125,897.4609375,-1000.0,0.0,0,0
1772021570.097584,1772021570.0549474,917.48046875,664.55078125,-538.57421875,-24.90234375,0.0,0,0
1772021570.097644,1772021570.058839,-907.71484375,-841.30859375,-1000.0,-827.1484375,0.0,0,0
1772021570.0977,1772021570.062731,-61.5234375,-103.02734375,-539.0625,-197.265625,0.0,0,0
1772021570.09784,1772021570.0666227,-1000.0,-1000.0,785.15625,-1000.0,0.0,0,0
1772021570.143861,1772021570.0706048,-903.80859375,-1000.0,-870.1171875,-1000.0,0.0,0,0
1772021570.144019,1772021570.0744965,370.1171875,78.61328125,30.2734375,25.390625,0.0,0,0
1772021570.144066,1772021570.0783885,-780.76171875,-759.765625,-1000.0,-763.671875,0.0,0,0
1772021570.144162,1772021570.0822804,40.52734375,149.4140625,-619.140625,144.53125,0.0,0,0
1772021570.144212,1772021570.086172,-1000.0,-1000.0,734.86328125,-1000.0,0.0,0,0
1772021570.144254,1772021570.090064,-1000.0,-1000.0,-842.7734375,-1000.0,0.0,0,0
1772021570.144293,1772021570.093956,47.36328125,17.08984375,145.5078125,23.92578125,0.0,0,0
1772021570.144335,1772021570.0978477,-765.13671875,-768.5546875,-1000.0,-770.01953125,0.0,0,0
1772021570.144377,1772021570.1017396,106.93359375,215.8203125,-814.453125,166.50390625,0.0,0,0
1772021570.144425,1772021570.1056314,-1000.0,-1000.0,522.94921875,-1000.0,0.0,0,0
1772021570.1444638,1772021570.1095233,-1000.0,-1000.0,-806.640625,-1000.0,0.0,0,0
1772021570.144507,1772021570.1134152,-236.81640625,-121.58203125,214.84375,-48.33984375,0.0,0,0
1772021570.187479,1772021570.1174932,-824.70703125,-796.875,-1000.0,-785.64453125,0.0,0,0
1772021570.18755,1772021570.1213849,111.81640625,372.0703125,-740.72265625,430.17578125,0.0,0,0
1772021570.187576,1772021570.1252768,-1000.0,-937.5,617.1875,-905.76171875,0.0,0,0
1772021570.187597,1772021570.1291687,-1000.0,-1000.0,-861.328125,-1000.0,0.0,0,0
1772021570.187617,1772021570.1330607,-349.12109375,-245.1171875,623.53515625,-168.45703125,0.0,0,0
1772021570.187637,1772021570.1369524,-857.421875,-830.56640625,-866.69921875,-857.91015625,0.0,0,0
1772021570.187658,1772021570.1408443,165.52734375,321.77734375,-823.73046875,643.06640625,0.0,0,0
1772021570.18768,1772021570.1447363,-1000.0,-972.16796875,683.59375,-739.74609375,0.0,0,0
1772021570.1877,1772021570.1486282,-971.6796875,-1000.0,-969.23828125,-1000.0,0.0,0,0
1772021570.1877198,1772021570.1525202,-975.09765625,-371.09375,975.5859375,-207.03125,0.0,0,0
1772021570.187819,1772021570.156412,-1000.0,-875.48828125,-277.34375,-928.7109375,0.0,0,0
1772021570.187843,1772021570.1603038,-1000.0,393.06640625,-1000.0,844.7265625,0.0,0,0
1772021570.232416,1772021570.1643677,-1000.0,-954.1015625,448.73046875,-492.67578125,0.0,0,0
1772021570.232461,1772021570.1682596,-1000.0,-1000.0,-928.7109375,-1000.0,0.0,0,0
1772021570.2324831,1772021570.1721516,-1000.0,-393.06640625,974.609375,-182.12890625,0.0,0,0
1772021570.232505,1772021570.1760435,-1000.0,-968.26171875,-127.9296875,-976.5625,0.0,0,0
1772021570.2325299,1772021570.1799355,-1000.0,801.26953125,-1000.0,997.55859375,0.0,0,0
1772021570.232552,1772021570.1838274,-968.75,-581.0546875,-66.89453125,-214.35546875,0.0,0,0
1772021570.232574,1772021570.1877193,-984.86328125,-1000.0,-905.2734375,-1000.0,0.0,0,0
1772021570.2325969,1772021570.1916113,-1000.0,-424.31640625,895.5078125,-313.4765625,0.0,0,0
1772021570.232619,1772021570.1955032,386.23046875,905.76171875,-348.14453125,945.80078125,0.0,0,0
1772021570.232642,1772021570.1993952,512.6953125,-936.5234375,-1000.0,-918.9453125,0.0,0,0
1772021570.232664,1772021570.2032871,-1000.0,-150.390625,-259.765625,4.8828125,0.0,0,0
1772021570.232686,1772021570.207179,-999.51171875,-1000.0,-947.265625,-1000.0,0.0,0,0
1772021570.277398,1772021570.2112267,-1000.0,-553.7109375,857.91015625,-461.42578125,0.0,0,0
1772021570.2774668,1772021570.2151186,351.5625,787.59765625,-448.2421875,866.2109375,0.0,0,0
1772021570.2775009,1772021570.2190106,829.1015625,-850.09765625,-1000.0,-871.58203125,0.0,0,0
1772021570.2775302,1772021570.2229025,-761.23046875,174.8046875,-486.81640625,210.9375,0.0,0,0
1772021570.277559,1772021570.2267945,-1000.0,-1000.0,866.2109375,-1000.0,0.0,0,0
1772021570.277586,1772021570.2306864,-923.33984375,-687.01171875,-938.96484375,-627.44140625,0.0,0,0
1772021570.277614,1772021570.2345784,362.79296875,704.58984375,-169.921875,772.94921875,0.0,0,0
1772021570.277642,1772021570.2384703,-839.35546875,-826.66015625,-1000.0,-846.19140625,0.0,0,0
1772021570.2776692,1772021570.2423623,-258.7890625,161.1328125,-598.14453125,187.98828125,0.0,0,0
1772021570.277697,1772021570.2462542,-1000.0,-1000.0,729.98046875,-1000.0,0.0,0,0
1772021570.2777221,1772021570.2501464,-1000.0,-1000.0,-848.14453125,-807.6171875,0.0,0,0
1772021570.277749,1772021570.2540383,136.23046875,238.28125,114.74609375,552.24609375,0.0,0,0
1772021570.337662,1772021570.2581959,-763.671875,-763.671875,-1000.0,-803.22265625,0.0,0,0
1772021570.337816,1772021570.2620878,21.97265625,133.7890625,-661.62109375,211.9140625,0.0,0,0
1772021570.337882,1772021570.2659798,-1000.0,-1000.0,702.63671875,-1000.0,0.0,0,0
1772021570.3379378,1772021570.269872,-1000.0,-1000.0,-833.984375,-998.53515625,0.0,0,0
1772021570.337994,1772021570.273764,-25.87890625,-110.3515625,182.12890625,247.0703125,0.0,0,0
1772021570.338052,1772021570.2776558,-773.4375,-790.0390625,-1000.0,-775.87890625,0.0,0,0
1772021570.3381078,1772021570.281548,153.3203125,154.78515625,-841.796875,402.83203125,0.0,0,0
1772021570.33817,1772021570.28544,-1000.0,-1000.0,495.60546875,-932.6171875,0.0,0,0
1772021570.338229,1772021570.289332,-1000.0,-1000.0,-792.48046875,-1000.0,0.0,0,0
1772021570.3382819,1772021570.293224,-79.1015625,-242.67578125,146.97265625,93.75,0.0,0,0
1772021570.338339,1772021570.297116,-784.1796875,-824.21875,-1000.0,-818.84765625,0.0,0,0
1772021570.3383942,1772021570.301008,290.52734375,414.0625,-1000.0,643.5546875,0.0,0,0
1772021570.368375,1772021570.3050327,-995.1171875,-946.77734375,-70.80078125,-724.609375,0.0,0,0
1772021570.368512,1772021570.3089247,-1000.0,-1000.0,-786.62109375,-1000.0,0.0,0,0
1772021570.3685582,1772021570.3128166,-31.25,-108.3984375,165.0390625,34.66796875,0.0,0,0
1772021570.368607,1772021570.3167088,-871.58203125,-913.57421875,-1000.0,-931.640625,0.0,0,0
1772021570.368651,1772021570.3206007,805.17578125,881.34765625,-1000.0,979.00390625,0.0,0,0
1772021570.368694,1772021570.324493,-550.78125,-418.45703125,-254.8828125,-227.05078125,0.0,0,0
1772021570.368737,1772021570.3283849,-1000.0,-1000.0,-824.70703125,-1000.0,0.0,0,0
1772021570.368777,1772021570.332277,103.515625,-85.9375,193.84765625,-26.85546875,0.0,0,0
1772021570.3688178,1772021570.336169,-974.12109375,990.72265625,-1000.0,-985.83984375,0.0,0,0
1772021570.36886,1772021570.3400612,-927.24609375,-917.48046875,-1000.0,-927.24609375,0.0,0,0
1772021570.3689,1772021570.3439531,110.83984375,207.03125,-373.046875,183.10546875,0.0,0,0
1772021570.368942,1772021570.347845,-1000.0,-1000.0,-872.0703125,-1000.0,0.0,0,0
1772021570.413259,1772021570.3518543,119.62890625,-198.2421875,340.33203125,-176.7578125,0.0,0,0
1772021570.413414,1772021570.3557465,-942.87109375,-994.62890625,-976.5625,-992.1875,0.0,0,0
1772021570.41348,1772021570.3596385,-935.05859375,-911.62109375,-1000.0,-914.55078125,0.0,0,0
1772021570.4135292,1772021570.3635306,225.5859375,224.609375,-392.578125,227.05078125,0.0,0,0
1772021570.413573,1772021570.3674226,-1000.0,-1000.0,-933.10546875,-1000.0,0.0,0,0
1772021570.4136121,1772021570.3713148,27.83203125,-179.6875,661.1328125,-201.171875,0.0,0,0
1772021570.413654,1772021570.375207,-924.8046875,-997.55859375,-736.81640625,-993.1640625,0.0,0,0
1772021570.413696,1772021570.379099,987.3046875,-915.0390625,-1000.0,-913.0859375,0.0,0,0
1772021570.413737,1772021570.382991,864.2578125,391.6015625,-538.57421875,234.375,0.0,0,0
1772021570.413779,1772021570.386883,224.12109375,-1000.0,902.34375,-1000.0,0.0,0,0
1772021570.4138181,1772021570.3907752,782.2265625,-230.46875,882.32421875,-194.82421875,0.0,0,0
1772021570.4138591,1772021570.3946671,-931.15234375,-916.015625,-518.5546875,999.0234375,0.0,0,0
1772021570.472148,1772021570.398664,918.9453125,944.3359375,-1000.0,-917.96875,0.0,0,0
1772021570.472299,1772021570.4025562,985.3515625,944.82421875,-717.28515625,399.4140625,0.0,0,0
1772021570.472366,1772021570.4064481,971.19140625,978.515625,650.390625,-1000.0,0.0,0,0
1772021570.472428,1772021570.4103403,971.19140625,971.6796875,-913.57421875,-296.38671875,0.0,0,0
1772021570.472488,1772021570.4142325,971.19140625,972.16796875,-284.66796875,981.93359375,0.0,0,0
1772021570.472547,1772021570.4181244,971.19140625,972.16796875,-1000.0,-929.6875,0.0,0,0
1772021570.472607,1772021570.4220166,971.19140625,971.6796875,-971.6796875,545.8984375,0.0,0,0
1772021570.472669,1772021570.4259086,971.19140625,972.16796875,213.8671875,-1000.0,0.0,0,0
1772021570.472727,1772021570.4298007,971.19140625,972.16796875,-801.7578125,-531.25,0.0,0,0
1772021570.4727838,1772021570.433693,971.19140625,972.16796875,-70.3125,905.2734375,0.0,0,0
1772021570.472842,1772021570.4375849,971.19140625,972.16796875,-1000.0,-932.12890625,0.0,0,0
1772021570.472897,1772021570.441477,971.19140625,972.16796875,-997.55859375,702.1484375,0.0,0,0
1772021570.51752,1772021570.4454556,971.19140625,972.16796875,154.78515625,-817.3828125,0.0,0,0
1772021570.5175831,1772021570.4493477,971.19140625,972.16796875,-768.06640625,-845.21484375,0.0,0,0
1772021570.517608,1772021570.45324,971.19140625,972.16796875,130.37109375,663.0859375,0.0,0,0
1772021570.5176299,1772021570.4571319,971.19140625,972.16796875,-1000.0,-906.25,0.0,0,0
1772021570.517653,1772021570.461024,971.19140625,972.16796875,-1000.0,795.41015625,0.0,0,0
1772021570.517673,1772021570.4649162,971.19140625,972.16796875,-33.69140625,-556.640625,0.0,0,0
1772021570.5177002,1772021570.4688084,971.19140625,972.16796875,-780.2734375,-1000.0,0.0,0,0
1772021570.5177212,1772021570.4727004,971.19140625,972.16796875,162.59765625,269.04296875,0.0,0,0
1772021570.517741,1772021570.4765925,971.19140625,972.16796875,-1000.0,-886.23046875,0.0,0,0
1772021570.5177631,1772021570.4804847,971.19140625,972.16796875,-1000.0,883.30078125,0.0,0,0
1772021570.517783,1772021570.4843767,971.19140625,971.6796875,-125.9765625,-356.4453125,0.0,0,0
1772021570.517802,1772021570.4882689,971.19140625,972.16796875,-805.6640625,-1000.0,0.0,0,0
1772021570.562189,1772021570.4923434,971.19140625,972.16796875,425.78125,-34.66796875,0.0,0,0
1772021570.562237,1772021570.4962356,971.19140625,971.6796875,-939.94140625,-941.40625,0.0,0,0
1772021570.5622542,1772021570.5001278,971.19140625,972.16796875,-1000.0,993.65234375,0.0,0,0
1772021570.5623171,1772021570.5040197,971.19140625,971.6796875,41.015625,-191.40625,0.0,0,0
1772021570.5623329,1772021570.507912,971.6796875,967.28515625,-937.98828125,-1000.0,0.0,0,0
1772021570.562347,1772021570.511804,971.6796875,962.40234375,989.74609375,-171.875,0.0,0,0
1772021570.562361,1772021570.5156963,907.2265625,917.48046875,-202.63671875,-995.60546875,0.0,0,0
1772021570.5623739,1772021570.5195885,-883.30078125,-897.4609375,-1000.0,-937.5,0.0,0,0
1772021570.562388,1772021570.5234807,242.67578125,161.62109375,135.7421875,-30.2734375,0.0,0,0
1772021570.562401,1772021570.5273728,-1000.0,-1000.0,-961.9140625,-1000.0,0.0,0,0
1772021570.5624142,1772021570.531265,-85.9375,-189.453125,-937.01171875,-176.7578125,0.0,0,0
1772021570.5624268,1772021570.535157,-960.9375,-998.53515625,169.43359375,999.51171875,0.0,0,0
1772021570.6675131,1772021570.5396614,-932.6171875,-913.57421875,-1000.0,-930.17578125,0.0,0,0
1772021570.667562,1772021570.5435538,203.125,217.7734375,-19.53125,113.28125,0.0,0,0
1772021570.66758,1772021570.547446,-1000.0,-1000.0,-956.54296875,-1000.0,0.0,0,0
1772021570.667595,1772021570.5513384,-197.265625,-241.2109375,-936.5234375,-449.70703125,0.0,0,0
1772021570.667611,1772021570.5552306,-995.60546875,992.67578125,203.125,891.6015625,0.0,0,0
1772021570.667626,1772021570.5591228,-920.41015625,-918.9453125,-1000.0,-880.859375,0.0,0,0
1772021570.667642,1772021570.5630152,233.3984375,234.375,-188.96484375,158.203125,0.0,0,0
1772021570.667657,1772021570.5669074,-1000.0,-1000.0,-991.69921875,-1000.0,0.0,0,0
1772021570.667715,1772021570.5707998,-351.5625,-487.79296875,-917.96875,-771.484375,0.0,0,0
1772021570.6677482,1772021570.574692,951.171875,883.7890625,217.7734375,597.65625,0.0,0,0
1772021570.667766,1772021570.5785844,-903.80859375,-870.1171875,-1000.0,-808.10546875,0.0,0,0
1772021570.6677818,1772021570.5824766,223.6328125,175.29296875,-271.484375,135.7421875,0.0,0,0
1772021570.66976,1772021570.5866566,-1000.0,-1000.0,980.46875,-1000.0,0.0,0,0
1772021570.66978,1772021570.5905488,-603.02734375,-997.55859375,-911.1328125,-1000.0,0.0,0,0
1772021570.669795,1772021570.5944412,801.26953125,260.25390625,229.4921875,140.625,0.0,0,0
1772021570.6698098,1772021570.5983336,-849.12109375,-765.625,-1000.0,-758.7890625,0.0,0,0
1772021570.669826,1772021570.6022258,176.26953125,132.32421875,-437.98828125,135.25390625,0.0,0,0
1772021570.669872,1772021570.6061182,-1000.0,-1000.0,901.85546875,-1000.0,0.0,0,0
1772021570.669894,1772021570.6100106,-925.78125,-1000.0,-882.8125,-1000.0,0.0,0,0
1772021570.669909,1772021570.6139028,385.7421875,-120.60546875,234.375,-125.48828125,0.0,0,0
1772021570.669961,1772021570.6177952,-780.76171875,-792.96875,-1000.0,-792.96875,0.0,0,0
1772021570.6699781,1772021570.6216877,146.97265625,163.57421875,-743.1640625,155.76171875,0.0,0,0
1772021570.670038,1772021570.6255798,-1000.0,-1000.0,621.58203125,-1000.0,0.0,0,0
1772021570.6700559,1772021570.6294723,-1000.0,-1000.0,-815.91796875,-1000.0,0.0,0,0
1772021570.697013,1772021570.6335092,105.95703125,-120.60546875,248.53515625,-248.53515625,0.0,0,0
1772021570.697047,1772021570.6374013,-764.16015625,-793.9453125,-1000.0,-820.80078125,0.0,0,0
1772021570.69706,1772021570.6412938,327.1484375,384.765625,-1000.0,292.96875,0.0,0,0
1772021570.697072,1772021570.6451862,-962.40234375,-934.08203125,132.8125,-991.69921875,0.0,0,0
1772021570.697083,1772021570.6490786,-1000.0,-1000.0,-772.4609375,-1000.0,0.0,0,0
1772021570.697093,1772021570.652971,-19.04296875,-215.33203125,250.48828125,-256.8359375,0.0,0,0
1772021570.697104,1772021570.6568632,-823.73046875,-880.859375,-971.19140625,-845.21484375,0.0,0,0
1772021570.697115,1772021570.6607556,622.55859375,701.66015625,-1000.0,529.78515625,0.0,0,0
1772021570.697126,1772021570.664648,-743.1640625,-683.10546875,-199.70703125,-869.140625,0.0,0,0
1772021570.6971378,1772021570.6685405,-1000.0,-1000.0,-817.3828125,-1000.0,0.0,0,0
1772021570.6971478,1772021570.672433,-96.6796875,-189.453125,314.453125,-208.0078125,0.0,0,0
1772021570.697182,1772021570.676325,-928.22265625,-968.26171875,-973.14453125,-943.84765625,0.0,0,0
1772021570.7561421,1772021570.6803427,913.57421875,969.7265625,-1000.0,894.04296875,0.0,0,0
1772021570.756181,1772021570.684235,-358.3984375,-288.57421875,-244.140625,-419.43359375,0.0,0,0
1772021570.756193,1772021570.6881275,-1000.0,-1000.0,-878.90625,-1000.0,0.0,0,0
1772021570.756203,1772021570.69202,-165.0390625,-164.0625,667.96875,-166.50390625,0.0,0,0
1772021570.756213,1772021570.6959124,993.1640625,992.67578125,-711.42578125,995.1171875,0.0,0,0
1772021570.756258,1772021570.6998048,-931.15234375,-933.10546875,-1000.0,-938.4765625,0.0,0,0
1772021570.75628,1772021570.7036972,4.8828125,53.7109375,-187.5,-9.27734375,0.0,0,0
1772021570.756292,1772021570.7075896,-1000.0,-1000.0,-955.078125,-1000.0,0.0,0,0
1772021570.756302,1772021570.711482,-173.828125,-356.4453125,928.7109375,-251.46484375,0.0,0,0
1772021570.756313,1772021570.7153745,991.69921875,926.7578125,-332.03125,962.40234375,0.0,0,0
1772021570.756323,1772021570.719267,-910.15625,-890.625,-1000.0,-902.34375,0.0,0,0
1772021570.756333,1772021570.723159,208.984375,215.33203125,-173.33984375,227.5390625,0.0,0,0
1772021570.787097,1772021570.7271588,-1000.0,-1000.0,985.83984375,-1000.0,0.0,0,0
1772021570.787133,1772021570.7310512,-199.70703125,-464.35546875,-922.36328125,-350.09765625,0.0,0,0
1772021570.787145,1772021570.7349436,-994.140625,895.99609375,89.35546875,952.63671875,0.0,0,0
1772021570.7871559,1772021570.738836,-926.26953125,-880.859375,-1000.0,-900.87890625,0.0,0,0
1772021570.7871659,1772021570.7427285,237.79296875,209.47265625,-220.21484375,225.5859375,0.0,0,0
1772021570.787176,1772021570.746621,-1000.0,-1000.0,985.3515625,-1000.0,0.0,0,0
1772021570.787185,1772021570.7505133,-491.69921875,-685.546875,-909.66796875,-482.421875,0.0,0,0
1772021570.787195,1772021570.7544057,882.32421875,718.26171875,226.07421875,883.7890625,0.0,0,0
1772021570.7872052,1772021570.7582982,-876.46484375,-828.125,-1000.0,-876.46484375,0.0,0,0
1772021570.787215,1772021570.7621906,203.61328125,104.98046875,-304.6875,250.9765625,0.0,0,0
1772021570.7872262,1772021570.766083,-1000.0,-1000.0,961.9140625,-1000.0,0.0,0,0
1772021570.787235,1772021570.7699754,-731.93359375,-1000.0,-906.25,-709.47265625,0.0,0,0
1772021570.845651,1772021570.7739632,657.71484375,68.359375,316.40625,677.734375,0.0,0,0
1772021570.8456929,1772021570.7778556,-819.82421875,-763.671875,-1000.0,-825.68359375,0.0,0,0
1772021570.8457081,1772021570.781748,159.1796875,142.578125,-459.9609375,338.8671875,0.0,0,0
1772021570.845721,1772021570.7856405,-1000.0,-1000.0,895.5078125,-991.69921875,0.0,0,0
1772021570.8457332,1772021570.789533,-1000.0,-1000.0,-890.13671875,-1000.0,0.0,0,0
1772021570.8457441,1772021570.7934253,236.328125,-108.88671875,406.73828125,256.8359375,0.0,0,0
1772021570.845757,1772021570.7973177,-766.11328125,-789.0625,-1000.0,-783.69140625,0.0,0,0
1772021570.845769,1772021570.8012102,200.1953125,169.921875,-746.58203125,458.0078125,0.0,0,0
1772021570.845782,1772021570.8051026,-1000.0,-1000.0,670.8984375,-884.27734375,0.0,0,0
1772021570.845794,1772021570.808995,-1000.0,-1000.0,-831.54296875,-1000.0,0.0,0,0
1772021570.8458061,1772021570.8128877,22.4609375,-246.58203125,379.8828125,-2.44140625,0.0,0,0
1772021570.845819,1772021570.81678,-773.92578125,-821.77734375,-946.77734375,-823.73046875,0.0,0,0
1772021570.8911529,1772021570.8207526,364.2578125,338.8671875,-1000.0,612.3046875,0.0,0,0
1772021570.8911932,1772021570.8246453,-927.24609375,-971.6796875,160.15625,-738.76953125,0.0,0,0
1772021570.891211,1772021570.8285377,-1000.0,-1000.0,-806.640625,-1000.0,0.0,0,0
1772021570.891226,1772021570.8324301,-222.65625,-249.51171875,533.203125,-210.44921875,0.0,0,0
1772021570.891242,1772021570.8363225,-841.796875,-860.83984375,-826.66015625,-921.38671875,0.0,0,0
1772021570.891258,1772021570.840215,526.3671875,601.5625,-1000.0,819.3359375,0.0,0,0
1772021570.891273,1772021570.8441074,-866.69921875,-799.31640625,81.0546875,-531.73828125,0.0,0,0
1772021570.891288,1772021570.848,-1000.0,-1000.0,-896.97265625,-1000.0,0.0,0,0
1772021570.8913019,1772021570.8518925,-230.46875,-229.98046875,872.0703125,-190.91796875,0.0,0,0
1772021570.8913689,1772021570.855785,-879.8828125,-902.83203125,-386.23046875,-955.078125,0.0,0,0
1772021570.891386,1772021570.8596773,656.73828125,732.421875,-1000.0,932.12890625,0.0,0,0
1772021570.891401,1772021570.8635697,-728.02734375,-625.48828125,-39.55078125,-331.54296875,0.0,0,0
1772021570.937123,1772021570.867649,-1000.0,-1000.0,-926.26953125,-1000.0,0.0,0,0
1772021570.937172,1772021570.8715417,-297.36328125,-438.96484375,934.5703125,-333.984375,0.0,0,0
1772021570.9371898,1772021570.8754342,-988.76953125,918.9453125,-278.3203125,959.47265625,0.0,0,0
1772021570.937206,1772021570.8793266,935.05859375,-976.07421875,-1000.0,-957.03125,0.0,0,0
1772021570.937252,1772021570.8832192,-364.2578125,-251.953125,-202.63671875,-163.57421875,0.0,0,0
1772021570.937271,1772021570.8871117,-1000.0,-1000.0,-956.54296875,-1000.0,0.0,0,0
1772021570.9372869,1772021570.891004,-354.4921875,-529.78515625,942.3828125,-521.97265625,0.0,0,0
1772021570.937302,1772021570.8948967,922.36328125,819.3359375,-288.0859375,838.8671875,0.0,0,0
1772021570.9373178,1772021570.8987892,-914.0625,-867.67578125,-1000.0,-879.8828125,0.0,0,0
1772021570.937333,1772021570.9026816,-8.30078125,28.3203125,-420.8984375,-33.203125,0.0,0,0
1772021570.9373481,1772021570.9065742,-1000.0,-1000.0,923.828125,-1000.0,0.0,0,0
1772021570.937362,1772021570.9104667,-486.81640625,-777.83203125,-967.28515625,-800.78125,0.0,0,0
1772021570.982219,1772021570.9145222,861.81640625,557.12890625,-195.80078125,523.4375,0.0,0,0
1772021570.982264,1772021570.9184148,-870.60546875,-800.29296875,-1000.0,-797.36328125,0.0,0,0
1772021570.982282,1772021570.9223073,81.54296875,152.34375,-582.51953125,85.9375,0.0,0,0
1772021570.9822989,1772021570.9262,-1000.0,-1000.0,746.09375,-1000.0,0.0,0,0
1772021570.982315,1772021570.9300923,-931.640625,-1000.0,-852.05078125,-1000.0,0.0,0,0
1772021570.9823308,1772021570.9339848,361.81640625,170.8984375,111.328125,118.1640625,0.0,0,0
1772021570.982348,1772021570.9378774,-777.34375,-758.7890625,-1000.0,-758.7890625,0.0,0,0
1772021570.982365,1772021570.9417698,45.8984375,128.90625,-623.046875,133.7890625,0.0,0,0
1772021570.982381,1772021570.9456625,-1000.0,-1000.0,740.72265625,-1000.0,0.0,0,0
1772021570.9823968,1772021570.949555,-1000.0,-1000.0,-839.84375,-1000.0,0.0,0,0
1772021570.982412,1772021570.9534476,-129.39453125,-207.03125,176.7578125,-175.78125,0.0,0,0
1772021570.982429,1772021570.95734,-799.8046875,-812.5,-1000.0,-804.19921875,0.0,0,0
1772021571.027643,1772021570.9613802,53.7109375,166.50390625,-908.69140625,162.109375,0.0,0,0
1772021571.027692,1772021570.965273,-1000.0,-1000.0,394.04296875,-1000.0,0.0,0,0
1772021571.027717,1772021570.9691653,-1000.0,-1000.0,-785.15625,-1000.0,0.0,0,0
1772021571.0277388,1772021570.973058,-243.65234375,-235.83984375,160.15625,-235.83984375,0.0,0,0
1772021571.027763,1772021570.9769504,-879.39453125,-880.859375,-1000.0,-881.34765625,0.0,0,0
1772021571.027787,1772021570.980843,75.68359375,74.70703125,-1000.0,79.1015625,0.0,0,0
1772021571.02781,1772021570.9847357,-1000.0,-1000.0,136.71875,-1000.0,0.0,0,0
1772021571.027831,1772021570.9886281,-1000.0,-1000.0,-770.99609375,-1000.0,0.0,0,0
1772021571.027852,1772021570.9925208,-436.03515625,-474.12109375,248.046875,-369.140625,0.0,0,0
1772021571.0278761,1772021570.9964132,-893.5546875,-911.1328125,-995.1171875,-865.72265625,0.0,0,0
1772021571.027898,1772021571.000306,204.1015625,211.42578125,-1000.0,179.19921875,0.0,0,0
1772021571.0279198,1772021571.0041986,-1000.0,-1000.0,-25.87890625,-1000.0,0.0,0,0
1772021571.073292,1772021571.0082278,-972.16796875,-971.19140625,-831.0546875,-1000.0,0.0,0,0
1772021571.073361,1772021571.0121205,-973.14453125,-973.14453125,637.20703125,-537.59765625,0.0,0,0
1772021571.073396,1772021571.0160131,-1000.0,-1000.0,-757.8125,-941.89453125,0.0,0,0
1772021571.0734239,1772021571.0199056,-1000.0,-1000.0,-1000.0,380.37109375,0.0,0,0
1772021571.073452,1772021571.0237982,-1000.0,-1000.0,171.875,-980.95703125,0.0,0,0
1772021571.073479,1772021571.027691,-1000.0,-1000.0,-985.83984375,-1000.0,0.0,0,0
1772021571.073505,1772021571.0315835,-1000.0,-1000.0,-898.92578125,-605.95703125,0.0,0,0
1772021571.0735319,1772021571.035476,-1000.0,-1000.0,94.7265625,961.42578125,0.0,0,0
1772021571.073558,1772021571.0393686,-1000.0,-1000.0,-971.6796875,691.40625,0.0,0,0
1772021571.0735848,1772021571.0432613,-1000.0,-1000.0,506.8359375,-781.73828125,0.0,0,0
1772021571.073611,1772021571.0471537,-1000.0,-1000.0,-894.04296875,-1000.0,0.0,0,0
1772021571.073636,1772021571.0510464,-1000.0,-1000.0,901.3671875,-654.78515625,0.0,0,0
1772021571.121763,1772021571.0550642,-1000.0,-1000.0,981.4453125,723.6328125,0.0,0,0
1772021571.121809,1772021571.0589569,-1000.0,-1000.0,971.6796875,-890.13671875,0.0,0,0
1772021571.1218472,1772021571.0628495,-1000.0,-1000.0,972.16796875,-197.75390625,0.0,0,0
1772021571.1218822,1772021571.0667422,-1000.0,-1000.0,972.16796875,-1000.0,0.0,0,0
1772021571.121964,1772021571.0706348,-1000.0,-1000.0,972.16796875,-782.71484375,0.0,0,0
1772021571.1220229,1772021571.0745275,-1000.0,-1000.0,972.16796875,530.76171875,0.0,0,0
1772021571.122061,1772021571.07842,-1000.0,-1000.0,972.16796875,-809.5703125,0.0,0,0
1772021571.122096,1772021571.0823126,-1000.0,-1000.0,972.16796875,24.90234375,0.0,0,0
1772021571.122135,1772021571.0862052,-1000.0,-1000.0,971.6796875,-1000.0,0.0,0,0
1772021571.122208,1772021571.090098,-1000.0,-1000.0,972.16796875,-946.2890625,0.0,0,0
1772021571.12225,1772021571.0939906,-1000.0,-1000.0,972.16796875,308.59375,0.0,0,0
1772021571.1222851,1772021571.0978832,-1000.0,-1000.0,972.16796875,-770.5078125,0.0,0,0
1772021571.177841,1772021571.1018891,-1000.0,-1000.0,972.16796875,145.99609375,0.0,0,0
1772021571.177972,1772021571.1057818,-1000.0,-1000.0,972.16796875,-1000.0,0.0,0,0
1772021571.1780171,1772021571.1096745,-1000.0,-1000.0,972.16796875,-1000.0,0.0,0,0
1772021571.178058,1772021571.113567,-1000.0,-1000.0,971.6796875,90.33203125,0.0,0,0
1772021571.178098,1772021571.1174598,-1000.0,-1000.0,972.16796875,-763.18359375,0.0,0,0
1772021571.17814,1772021571.1213524,-1000.0,-1000.0,971.6796875,141.11328125,0.0,0,0
1772021571.17818,1772021571.125245,-1000.0,-1000.0,972.16796875,-1000.0,0.0,0,0
1772021571.178218,1772021571.1291378,-1000.0,-1000.0,972.16796875,-1000.0,0.0,0,0
1772021571.1782558,1772021571.1330302,-1000.0,-1000.0,972.16796875,-111.328125,0.0,0,0
1772021571.178296,1772021571.1369228,-1000.0,-1000.0,971.6796875,-788.0859375,0.0,0,0
1772021571.178335,1772021571.1408155,-1000.0,-1000.0,971.6796875,220.703125,0.0,0,0
1772021571.1783738,1772021571.1447082,-1000.0,-1000.0,972.16796875,-1000.0,0.0,0,0
1772021571.238443,1772021571.148917,-1000.0,-1000.0,972.16796875,-1000.0,0.0,0,0
1772021571.238591,1772021571.1528099,-1000.0,-1000.0,972.16796875,-257.32421875,0.0,0,0
1772021571.238642,1772021571.1567025,-1000.0,-1000.0,972.16796875,-826.66015625,0.0,0,0
1772021571.238684,1772021571.1605952,-1000.0,-1000.0,972.16796875,325.1953125,0.0,0,0
1772021571.238728,1772021571.1644878,-1000.0,-1000.0,972.16796875,-976.5625,0.0,0,0
1772021571.238768,1772021571.1683805,-1000.0,-1000.0,972.16796875,-1000.0,0.0,0,0
1772021571.238807,1772021571.1722734,-1000.0,-1000.0,972.16796875,-288.0859375,0.0,0,0
1772021571.238847,1772021571.176166,-1000.0,-1000.0,971.6796875,-844.23828125,0.0,0,0
1772021571.2388859,1772021571.1800587,-1000.0,-1000.0,971.6796875,380.37109375,0.0,0,0
1772021571.238935,1772021571.1839514,-1000.0,-1000.0,972.16796875,-941.40625,0.0,0,0
1772021571.238976,1772021571.187844,-1000.0,-1000.0,972.16796875,-1000.0,0.0,0,0
1772021571.2390132,1772021571.191737,-1000.0,-1000.0,972.16796875,-555.17578125,0.0,0,0
1772021571.2672598,1772021571.1957207,-1000.0,-1000.0,971.6796875,-981.4453125,0.0,0,0
1772021571.267325,1772021571.1996133,-1000.0,-1000.0,971.6796875,552.734375,0.0,0,0
1772021571.267355,1772021571.203506,-1000.0,-1000.0,972.16796875,-895.99609375,0.0,0,0
1772021571.267382,1772021571.207399,-1000.0,-1000.0,972.16796875,-1000.0,0.0,0,0
1772021571.267408,1772021571.2112916,-1000.0,-1000.0,971.6796875,-627.9296875,0.0,0,0
1772021571.267435,1772021571.2151842,-1000.0,-1000.0,972.16796875,835.9375,0.0,0,0
1772021571.26754,1772021571.219077,-1000.0,-1000.0,971.6796875,942.87109375,0.0,0,0
1772021571.26757,1772021571.2229698,-1000.0,-1000.0,971.6796875,-466.796875,0.0,0,0
1772021571.267597,1772021571.2268624,-1000.0,-1000.0,972.16796875,-1000.0,0.0,0,0
1772021571.267622,1772021571.230755,-1000.0,-1000.0,972.16796875,-600.5859375,0.0,0,0
1772021571.267648,1772021571.234648,-1000.0,-1000.0,972.16796875,734.375,0.0,0,0
1772021571.2676742,1772021571.2385406,-1000.0,-1000.0,971.6796875,-851.07421875,0.0,0,0
1772021571.328306,1772021571.24272,-1000.0,-1000.0,972.16796875,57.12890625,0.0,0,0
1772021571.328418,1772021571.2466128,-1000.0,-1000.0,972.16796875,-1000.0,0.0,0,0
1772021571.328448,1772021571.2505054,-1000.0,-1000.0,972.16796875,-597.16796875,0.0,0,0
1772021571.328502,1772021571.2543983,-1000.0,-1000.0,972.16796875,773.4375,0.0,0,0
1772021571.3285508,1772021571.258291,-1000.0,-1000.0,971.6796875,-846.19140625,0.0,0,0
1772021571.328583,1772021571.262184,-1000.0,-1000.0,972.16796875,205.56640625,0.0,0,0
1772021571.328613,1772021571.2660766,-1000.0,-1000.0,972.16796875,-1000.0,0.0,0,0
1772021571.328639,1772021571.2699695,-1000.0,-1000.0,972.16796875,-549.8046875,0.0,0,0
1772021571.328685,1772021571.2738621,-1000.0,-1000.0,971.6796875,828.125,0.0,0,0
1772021571.328717,1772021571.277755,-1000.0,-1000.0,971.6796875,-865.72265625,0.0,0,0
1772021571.328748,1772021571.2816477,-1000.0,-1000.0,972.16796875,430.17578125,0.0,0,0
1772021571.328775,1772021571.2855406,-1000.0,-1000.0,972.16796875,-1000.0,0.0,0,0
1772021571.357931,1772021571.289596,-1000.0,-1000.0,971.6796875,-777.34375,0.0,0,0
1772021571.358022,1772021571.293489,-1000.0,-1000.0,972.16796875,642.578125,0.0,0,0
1772021571.3580532,1772021571.2973819,-1000.0,-1000.0,972.16796875,-825.68359375,0.0,0,0
1772021571.3580842,1772021571.3012745,-1000.0,-1000.0,974.609375,431.640625,0.0,0,0
1772021571.35811,1772021571.3051674,-1000.0,-1000.0,906.73828125,-890.13671875,0.0,0,0
1772021571.3581371,1772021571.3090603,-1000.0,-1000.0,-888.671875,-1000.0,0.0,0,0
1772021571.3582,1772021571.312953,-1000.0,-1000.0,229.4921875,1.46484375,0.0,0,0
1772021571.3582761,1772021571.316846,-1000.0,-1000.0,-1000.0,-780.76171875,0.0,0,0
1772021571.358308,1772021571.3207388,-1000.0,-949.70703125,-990.72265625,196.77734375,0.0,0,0
1772021571.358352,1772021571.3246315,-1000.0,-1000.0,-970.21484375,-998.046875,0.0,0,0
1772021571.358382,1772021571.3285244,-1000.0,-889.16015625,-1000.0,-1000.0,0.0,0,0
1772021571.358408,1772021571.3324172,-1000.0,501.46484375,-1000.0,-275.87890625,0.0,0,0
1772021571.4027479,1772021571.336457,-1000.0,-916.015625,-1000.0,-834.9609375,0.0,0,0
1772021571.4028559,1772021571.3403497,-1000.0,905.2734375,-1000.0,177.734375,0.0,0,0
1772021571.4028852,1772021571.3442426,-1000.0,982.91015625,-1000.0,-1000.0,0.0,0,0
1772021571.402912,1772021571.3481355,-1000.0,972.16796875,-1000.0,-913.57421875,0.0,0,0
1772021571.402941,1772021571.3520284,-1000.0,972.16796875,-1000.0,-1000.0,0.0,0,0
1772021571.402966,1772021571.3559213,-1000.0,972.16796875,-1000.0,-83.0078125,0.0,0,0
1772021571.402992,1772021571.359814,-1000.0,972.16796875,-1000.0,262.20703125,0.0,0,0
1772021571.403017,1772021571.3637068,-1000.0,972.16796875,-1000.0,-1000.0,0.0,0,0
1772021571.4030411,1772021571.3675997,-1000.0,972.16796875,-1000.0,-1000.0,0.0,0,0
1772021571.4030662,1772021571.3714926,-1000.0,972.16796875,-1000.0,-966.30859375,0.0,0,0
1772021571.403092,1772021571.3753855,-1000.0,972.16796875,-1000.0,-1000.0,0.0,0,0
1772021571.403117,1772021571.3792782,-1000.0,972.16796875,-1000.0,-1000.0,0.0,0,0
1772021571.447785,1772021571.3833036,-1000.0,972.16796875,-1000.0,-969.23828125,0.0,0,0
1772021571.447882,1772021571.3871965,-1000.0,972.16796875,-1000.0,-985.83984375,0.0,0,0
1772021571.447911,1772021571.3910894,-1000.0,972.16796875,-1000.0,-1000.0,0.0,0,0
1772021571.447938,1772021571.3949823,-1000.0,971.6796875,-938.96484375,236.81640625,0.0,0,0
1772021571.4479659,1772021571.3988752,-1000.0,972.16796875,-1000.0,-862.3046875,0.0,0,0
1772021571.447992,1772021571.402768,-1000.0,972.16796875,-204.1015625,-268.06640625,0.0,0,0
1772021571.448019,1772021571.4066608,-1000.0,972.16796875,-952.63671875,-1000.0,0.0,0,0
1772021571.448044,1772021571.4105537,-1000.0,972.16796875,953.61328125,-335.9375,0.0,0,0
1772021571.448071,1772021571.4144466,-1000.0,972.16796875,945.80078125,894.53125,0.0,0,0
1772021571.448098,1772021571.4183395,-1000.0,972.16796875,978.515625,-914.55078125,0.0,0,0
1772021571.448125,1772021571.4222324,-1000.0,972.16796875,971.6796875,680.6640625,0.0,0,0
1772021571.448153,1772021571.4261253,-1000.0,972.16796875,971.6796875,-912.109375,0.0,0,0
1772021571.493126,1772021571.4301438,-1000.0,985.83984375,972.16796875,-291.9921875,0.0,0,0
1772021571.493273,1772021571.4340367,-1000.0,896.97265625,971.6796875,-895.01953125,0.0,0,0
1772021571.493321,1772021571.4379296,-1000.0,-901.3671875,971.6796875,940.4296875,0.0,0,0
1772021571.493365,1772021571.4418225,-1000.0,563.4765625,971.6796875,944.3359375,0.0,0,0
1772021571.49341,1772021571.4457154,-1000.0,-1000.0,972.16796875,978.515625,0.0,0,0
1772021571.4934552,1772021571.4496083,-1000.0,-244.140625,972.16796875,971.6796875,0.0,0,0
1772021571.4934971,1772021571.4535012,-1000.0,-975.5859375,971.6796875,971.6796875,0.0,0,0
1772021571.4935381,1772021571.4573941,-1000.0,-941.89453125,971.6796875,971.6796875,0.0,0,0
1772021571.493578,1772021571.461287,-1000.0,714.35546875,971.6796875,971.6796875,0.0,0,0
1772021571.493618,1772021571.46518,-1000.0,-475.09765625,972.16796875,971.6796875,0.0,0,0
1772021571.493658,1772021571.4690728,-1000.0,446.77734375,972.16796875,972.16796875,0.0,0,0
1772021571.493703,1772021571.4729657,-1000.0,-855.46875,971.6796875,971.6796875,0.0,0,0
1772021571.538144,1772021571.4769697,-1000.0,892.08984375,971.6796875,971.6796875,0.0,0,0
1772021571.538244,1772021571.4808626,-1000.0,983.88671875,985.3515625,971.6796875,0.0,0,0
1772021571.5382762,1772021571.4847555,-1000.0,972.16796875,897.94921875,972.16796875,0.0,0,0
1772021571.538304,1772021571.4886484,-1000.0,972.16796875,-916.015625,971.6796875,0.0,0,0
1772021571.5383308,1772021571.4925413,-1000.0,971.6796875,558.10546875,971.6796875,0.0,0,0
1772021571.538357,1772021571.4964342,-1000.0,972.16796875,-979.00390625,971.6796875,0.0,0,0
1772021571.538384,1772021571.5003273,-1000.0,972.16796875,-892.08984375,971.6796875,0.0,0,0
1772021571.53841,1772021571.5042202,-1000.0,972.16796875,531.73828125,971.6796875,0.0,0,0
1772021571.5384362,1772021571.5081131,-1000.0,974.609375,-800.78125,971.6796875,0.0,0,0
1772021571.5384629,1772021571.512006,-1000.0,958.49609375,196.77734375,980.95703125,0.0,0,0
1772021571.53849,1772021571.515899,-1000.0,921.38671875,-1000.0,899.90234375,0.0,0,0
1772021571.538518,1772021571.5197918,-1000.0,-877.9296875,-1000.0,-890.625,0.0,0,0
1772021571.597447,1772021571.5237856,-1000.0,-37.59765625,-20.99609375,417.96875,0.0,0,0
1772021571.597624,1772021571.5276785,-1000.0,-1000.0,-780.2734375,-1000.0,0.0,0,0
1772021571.597687,1772021571.5315714,-1000.0,317.3828125,357.91015625,-302.24609375,0.0,0,0
1772021571.5977468,1772021571.5354643,-1000.0,-898.92578125,-938.96484375,-807.6171875,0.0,0,0
1772021571.597805,1772021571.5393572,-1000.0,969.7265625,-1000.0,587.890625,0.0,0,0
1772021571.59786,1772021571.5432503,-934.5703125,-172.36328125,-187.98828125,-866.69921875,0.0,0,0
1772021571.597918,1772021571.5471432,-1000.0,-1000.0,-826.66015625,-1000.0,0.0,0,0
1772021571.597971,1772021571.5510361,-805.6640625,-122.0703125,469.23828125,-940.4296875,0.0,0,0
1772021571.598024,1772021571.554929,850.5859375,-966.30859375,-895.5078125,-1000.0,0.0,0,0
1772021571.5981052,1772021571.558822,364.74609375,-969.23828125,-1000.0,-1000.0,0.0,0,0
1772021571.598175,1772021571.562715,-1000.0,-130.859375,-241.2109375,-1000.0,0.0,0,0
1772021571.59822,1772021571.566608,-1000.0,-1000.0,-850.09765625,-1000.0,0.0,0,0
1772021571.643782,1772021571.5705843,-747.0703125,-177.734375,523.92578125,-1000.0,0.0,0,0
1772021571.643923,1772021571.5744772,853.02734375,-988.28125,-859.86328125,-1000.0,0.0,0,0
1772021571.64397,1772021571.57837,607.91015625,-948.2421875,-1000.0,-1000.0,0.0,0,0
1772021571.64416,1772021571.5822632,-901.85546875,-53.22265625,-329.58984375,-1000.0,0.0,0,0
1772021571.644206,1772021571.5861561,-1000.0,-1000.0,-913.0859375,-1000.0,0.0,0,0
1772021571.6442492,1772021571.590049,-721.6796875,-273.92578125,657.71484375,-1000.0,0.0,0,0
1772021571.64429,1772021571.593942,711.9140625,964.84375,-736.328125,-1000.0,0.0,0,0
1772021571.64433,1772021571.597835,-985.3515625,-916.50390625,-1000.0,-1000.0,0.0,0,0
1772021571.644371,1772021571.601728,-411.62109375,96.19140625,-539.0625,-1000.0,0.0,0,0
1772021571.6444108,1772021571.6056209,-1000.0,-1000.0,932.6171875,-1000.0,0.0,0,0
1772021571.64445,1772021571.6095138,-806.640625,-500.9765625,855.46875,-1000.0,0.0,0,0
1772021571.64449,1772021571.613407,495.1171875,854.98046875,-582.03125,-1000.0,0.0,0,0
1772021571.688425,1772021571.6174765,-813.96484375,-867.1875,-1000.0,-1000.0,0.0,0,0
1772021571.688564,1772021571.6213694,-40.52734375,203.125,-844.7265625,-1000.0,0.0,0,0
1772021571.688612,1772021571.6252623,-1000.0,-1000.0,543.9453125,-1000.0,0.0,0,0
1772021571.688653,1772021571.6291554,-929.6875,-719.7265625,-973.14453125,-1000.0,0.0,0,0
1772021571.688698,1772021571.6330483,321.77734375,674.31640625,-478.02734375,-1000.0,0.0,0,0
1772021571.68874,1772021571.6369414,-771.484375,-824.21875,-1000.0,-1000.0,0.0,0,0
1772021571.68878,1772021571.6408343,149.90234375,169.921875,-1000.0,-1000.0,0.0,0,0
1772021571.68882,1772021571.6447272,-1000.0,-1000.0,74.70703125,-1000.0,0.0,0,0
1772021571.68886,1772021571.6486204,-1000.0,-923.33984375,-819.3359375,-1000.0,0.0,0,0
1772021571.6889,1772021571.6525133,154.296875,365.234375,-232.421875,-1000.0,0.0,0,0
1772021571.68894,1772021571.6564064,-761.71875,-780.2734375,-1000.0,-1000.0,0.0,0,0
1772021571.688979,1772021571.6602993,145.99609375,339.35546875,-1000.0,-1000.0,0.0,0,0
1772021571.733957,1772021571.664356,-1000.0,-966.796875,-182.6171875,-1000.0,0.0,0,0
1772021571.73412,1772021571.668249,-1000.0,-1000.0,-828.61328125,-1000.0,0.0,0,0
1772021571.734182,1772021571.672142,38.0859375,116.2109375,-80.56640625,-1000.0,0.0,0,0
1772021571.7342389,1772021571.6760352,-768.06640625,-790.0390625,-1000.0,-1000.0,0.0,0,0
1772021571.734296,1772021571.679928,337.40234375,534.66796875,-1000.0,-1000.0,0.0,0,0
1772021571.734336,1772021571.6838212,-947.265625,-831.0546875,-267.08984375,-1000.0,0.0,0,0
1772021571.7345269,1772021571.687714,-1000.0,-1000.0,-824.21875,-1000.0,0.0,0,0
1772021571.7345972,1772021571.6916072,-148.92578125,-25.390625,114.2578125,-1000.0,0.0,0,0
1772021571.734644,1772021571.6955001,-823.2421875,-887.20703125,-1000.0,-1000.0,0.0,0,0
1772021571.734686,1772021571.6993933,536.1328125,822.75390625,-1000.0,-1000.0,0.0,0,0
1772021571.734727,1772021571.7032862,-847.65625,-477.05078125,-258.7890625,-1000.0,0.0,0,0
1772021571.7347682,1772021571.7071793,-1000.0,-1000.0,-823.2421875,-1000.0,0.0,0,0
1772021571.7784588,1772021571.7112234,-215.33203125,-176.7578125,172.8515625,-1000.0,0.0,0,0
1772021571.7786372,1772021571.7151163,-920.8984375,-987.3046875,-1000.0,-1000.0,0.0,0,0
1772021571.778697,1772021571.7190094,815.91796875,-967.7734375,-1000.0,-1000.0,0.0,0,0
1772021571.778739,1772021571.7229025,-539.55078125,-160.64453125,-257.32421875,-1000.0,0.0,0,0
1772021571.778782,1772021571.7267954,-1000.0,-1000.0,-826.171875,-1000.0,0.0,0,0
1772021571.77882,1772021571.7306886,-179.19921875,-169.43359375,178.22265625,-1000.0,0.0,0,0
1772021571.778862,1772021571.7345817,-985.83984375,999.51171875,-1000.0,-1000.0,0.0,0,0
1772021571.778902,1772021571.7384746,-975.5859375,-927.24609375,-1000.0,-1000.0,0.0,0,0
1772021571.778943,1772021571.7423677,-182.12890625,24.4140625,-181.15234375,-1000.0,0.0,0,0
1772021571.779019,1772021571.746261,-1000.0,-1000.0,-804.6875,-1000.0,0.0,0,0
1772021571.7790809,1772021571.7501538,-191.40625,-174.8046875,186.03515625,-1000.0,0.0,0,0
1772021571.779126,1772021571.754047,996.58203125,992.67578125,-1000.0,-1000.0,0.0,0,0
1772021571.852302,1772021571.7581804,-942.3828125,-916.9921875,-1000.0,-1000.0,0.0,0,0
1772021571.852484,1772021571.7620735,-14.16015625,235.3515625,-264.6484375,-1000.0,0.0,0,0
1772021571.8525429,1772021571.7659667,-1000.0,-1000.0,-836.9140625,-1000.0,0.0,0,0
1772021571.85259,1772021571.7698596,-366.69921875,-379.39453125,487.3046875,-1000.0,0.0,0,0
1772021571.852633,1772021571.7737527,913.0859375,939.94140625,-896.484375,-1000.0,0.0,0,0
1772021571.852674,1772021571.7776458,-890.13671875,-896.484375,-1000.0,-1000.0,0.0,0,0
1772021571.852714,1772021571.781539,221.6796875,223.6328125,-228.02734375,-1000.0,0.0,0,0
1772021571.8527548,1772021571.785432,-1000.0,-1000.0,-895.5078125,-1000.0,0.0,0,0
1772021571.852795,1772021571.7893252,-580.078125,-535.64453125,729.4921875,-945.80078125,0.0,0,0
1772021571.852837,1772021571.7932184,826.171875,854.98046875,-649.4140625,-1000.0,0.0,0,0
1772021571.8528771,1772021571.7971115,-856.4453125,-865.72265625,-1000.0,-353.02734375,0.0,0,0
1772021571.852918,1772021571.8010044,186.03515625,195.3125,-226.5625,-149.4140625,0.0,0,0
1772021571.8685188,1772021571.8050287,-1000.0,-1000.0,-954.1015625,-1000.0,0.0,0,0
1772021571.8686562,1772021571.8089218,-844.7265625,-781.25,898.92578125,-1000.0,0.0,0,0
1772021571.8686872,1772021571.812815,510.7421875,575.68359375,-402.34375,-667.48046875,0.0,0,0
1772021571.868717,1772021571.816708,-795.8984375,-809.5703125,-1000.0,968.75,0.0,0,0
1772021571.868744,1772021571.8206012,149.90234375,317.3828125,-309.5703125,249.0234375,0.0,0,0
1772021571.868771,1772021571.8244944,-1000.0,-1000.0,938.4765625,-1000.0,0.0,0,0
1772021571.8687959,1772021571.8283875,-1000.0,-967.7734375,-917.48046875,-1000.0,0.0,0,0
1772021571.868822,1772021571.8322806,144.04296875,337.890625,12.6953125,-261.71875,0.0,0,0
1772021571.86885,1772021571.8361738,-762.20703125,-796.38671875,-1000.0,-860.3515625,0.0,0,0
1772021571.868876,1772021571.840067,338.37890625,516.11328125,-476.07421875,619.140625,0.0,0,0
1772021571.8689039,1772021571.84396,-957.03125,-855.46875,859.375,-780.76171875,0.0,0,0
1772021571.86893,1772021571.8478532,-1000.0,-1000.0,-868.1640625,-1000.0,0.0,0,0
1772021571.927835,1772021571.8519583,-3.90625,87.890625,201.171875,-217.7734375,0.0,0,0
1772021571.9279869,1772021571.8558517,-798.828125,-850.09765625,-1000.0,-918.45703125,0.0,0,0
1772021571.928035,1772021571.8597448,524.90234375,746.09375,-750.9765625,795.8984375,0.0,0,0
1772021571.9280791,1772021571.863638,-846.19140625,-576.66015625,633.30078125,-544.921875,0.0,0,0
1772021571.928124,1772021571.867531,-1000.0,-1000.0,-814.94140625,-1000.0,0.0,0,0
1772021571.928162,1772021571.8714242,-113.76953125,-85.9375,158.69140625,-383.30078125,0.0,0,0
1772021571.928205,1772021571.8753173,-894.53125,-933.10546875,-1000.0,957.03125,0.0,0,0
1772021571.928246,1772021571.8792107,800.78125,937.98828125,-1000.0,993.65234375,0.0,0,0
1772021571.928298,1772021571.8831038,-531.73828125,-312.5,235.83984375,-284.66796875,0.0,0,0
1772021571.928341,1772021571.886997,-1000.0,-1000.0,-765.13671875,-1000.0,0.0,0,0
1772021571.9283788,1772021571.8908901,-178.7109375,-172.36328125,140.13671875,-496.58203125,0.0,0,0
1772021571.928423,1772021571.8947833,-985.83984375,-993.65234375,-1000.0,848.14453125,0.0,0,0
1772021571.972327,1772021571.898771,-974.609375,-946.77734375,-1000.0,-887.20703125,0.0,0,0
1772021571.9725099,1772021571.9026642,-183.59375,-81.54296875,-20.5078125,-15.13671875,0.0,0,0
1772021571.972577,1772021571.9065573,-1000.0,-1000.0,-773.92578125,-1000.0,0.0,0,0
1772021571.9726331,1772021571.9104507,-168.45703125,-169.43359375,313.96484375,-597.65625,0.0,0,0
1772021571.972694,1772021571.9143438,998.53515625,993.65234375,-963.37890625,773.92578125,0.0,0,0
1772021571.972754,1772021571.918237,-933.10546875,-919.43359375,-1000.0,-841.30859375,0.0,0,0
1772021571.9728022,1772021571.92213,27.34375,129.39453125,-159.1796875,188.96484375,0.0,0,0
1772021571.9728441,1772021571.9260235,-1000.0,-1000.0,-824.21875,-1000.0,0.0,0,0
1772021571.972883,1772021571.9299166,-275.390625,-273.92578125,537.59765625,-777.83203125,0.0,0,0
1772021571.972926,1772021571.9338098,959.47265625,970.21484375,-848.14453125,598.14453125,0.0,0,0
1772021571.9729679,1772021571.937703,-907.2265625,-909.1796875,-1000.0,-813.4765625,0.0,0,0
1772021571.973133,1772021571.9415963,211.42578125,230.95703125,-212.40234375,171.38671875,0.0,0,0
1772021572.018691,1772021571.9455712,-1000.0,-1000.0,-927.734375,-1000.0,0.0,0,0
1772021572.018841,1772021571.9494646,-488.76953125,-491.2109375,839.84375,-897.94921875,0.0,0,0
1772021572.01889,1772021571.9533577,881.34765625,883.30078125,-503.41796875,403.80859375,0.0,0,0
1772021572.018934,1772021571.9572508,-876.46484375,-875.9765625,-1000.0,-783.203125,0.0,0,0
1772021572.0189881,1772021571.9611442,206.54296875,205.078125,-168.9453125,338.8671875,0.0,0,0
1772021572.019031,1772021571.9650373,-1000.0,-1000.0,997.55859375,-955.56640625,0.0,0,0
1772021572.0190709,1772021571.9689305,-690.91796875,-719.23828125,-945.3125,-1000.0,0.0,0,0
1772021572.0191119,1772021571.9728236,705.56640625,675.29296875,-45.8984375,60.05859375,0.0,0,0
1772021572.019155,1772021571.976717,-833.0078125,-819.82421875,-1000.0,-770.5078125,0.0,0,0
1772021572.0191958,1772021571.9806101,181.15234375,154.78515625,-255.37109375,294.43359375,0.0,0,0
1772021572.019238,1772021571.9845033,-1000.0,-1000.0,969.7265625,-954.1015625,0.0,0,0
1772021572.019277,1772021571.9883966,-844.7265625,-1000.0,-916.9921875,-1000.0,0.0,0,0
1772021572.064042,1772021571.9924645,510.7421875,173.33984375,119.140625,-243.1640625,0.0,0,0
1772021572.064215,1772021571.9963577,-799.8046875,-763.671875,-1000.0,-832.51953125,0.0,0,0
1772021572.064287,1772021572.0002508,164.55078125,149.90234375,-532.71484375,201.66015625,0.0,0,0
1772021572.06435,1772021572.0041442,-1000.0,-1000.0,884.765625,-1000.0,0.0,0,0
1772021572.064407,1772021572.0080373,-940.91796875,-998.046875,-965.8203125,-1000.0,0.0,0,0
1772021572.0644648,1772021572.0119307,326.171875,69.82421875,1.46484375,-410.64453125,0.0,0,0
1772021572.064522,1772021572.0158238,-778.80859375,-805.17578125,-1000.0,-1000.0,0.0,0,0
1772021572.0645802,1772021572.0197172,314.453125,250.9765625,-907.71484375,234.375,0.0,0,0
1772021572.064637,1772021572.0236104,-954.1015625,-985.3515625,405.76171875,-1000.0,0.0,0,0
1772021572.064693,1772021572.0275037,-1000.0,-1000.0,-780.76171875,-968.75,0.0,0,0
1772021572.064747,1772021572.0313969,-47.8515625,-258.30078125,140.625,-973.14453125,0.0,0,0
1772021572.064804,1772021572.0352902,-792.48046875,-835.9375,-1000.0,-1000.0,0.0,0,0
1772021572.1533551,1772021572.0395532,435.05859375,462.890625,-1000.0,-1000.0,0.0,0,0
1772021572.153547,1772021572.0434465,-896.484375,-911.62109375,23.4375,-1000.0,0.0,0,0
1772021572.153599,1772021572.04734,-1000.0,-1000.0,-768.5546875,-1000.0,0.0,0,0
1772021572.153641,1772021572.0512333,-233.88671875,-240.72265625,141.11328125,-1000.0,0.0,0,0
1772021572.153684,1772021572.0551264,-884.765625,-858.3984375,-1000.0,-1000.0,0.0,0,0
1772021572.153725,1772021572.0590198,689.94140625,574.21875,-1000.0,-1000.0,0.0,0,0
1772021572.1537652,1772021572.0629132,-703.61328125,-818.359375,-210.44921875,-1000.0,0.0,0,0
1772021572.1538072,1772021572.0668066,-1000.0,-1000.0,-810.546875,-1000.0,0.0,0,0
1772021572.15385,1772021572.0706997,-195.80078125,-312.5,235.83984375,-1000.0,0.0,0,0
1772021572.153891,1772021572.074593,-956.0546875,-956.54296875,-1000.0,-1000.0,0.0,0,0
1772021572.15393,1772021572.0784864,932.12890625,830.078125,-1000.0,-1000.0,0.0,0,0
1772021572.15397,1772021572.0823798,-359.375,-521.97265625,-259.765625,-1000.0,0.0,0,0
1772021572.1553721,1772021572.0864413,-1000.0,-1000.0,-830.56640625,-1000.0,0.0,0,0
1772021572.155445,1772021572.0903347,-164.0625,-416.015625,404.296875,-1000.0,0.0,0,0
1772021572.1554801,1772021572.094228,991.69921875,899.4140625,-942.3828125,-1000.0,0.0,0,0
1772021572.155514,1772021572.0981214,-933.10546875,-918.9453125,-1000.0,-1000.0,0.0,0,0
1772021572.1555479,1772021572.1020148,27.34375,-89.35546875,-247.55859375,-1000.0,0.0,0,0
1772021572.1555798,1772021572.1059082,-1000.0,-1000.0,-848.14453125,-1000.0,0.0,0,0
1772021572.155613,1772021572.1098015,-274.4140625,-547.8515625,524.90234375,-1000.0,0.0,0,0
1772021572.1556458,1772021572.113695,958.0078125,813.4765625,-855.95703125,-1000.0,0.0,0,0
1772021572.155678,1772021572.117588,-905.76171875,-858.88671875,-1000.0,-1000.0,0.0,0,0
1772021572.15571,1772021572.1214814,229.4921875,96.6796875,-416.015625,-1000.0,0.0,0,0
1772021572.155741,1772021572.1253748,-1000.0,-1000.0,-985.83984375,-1000.0,0.0,0,0
1772021572.1557708,1772021572.1292682,-491.69921875,-704.58984375,800.29296875,-965.33203125,0.0,0,0
1772021572.198708,1772021572.1332943,882.8125,667.48046875,-591.796875,-1000.0,0.0,0,0
1772021572.198838,1772021572.1371877,-876.953125,-823.2421875,-1000.0,-420.41015625,0.0,0,0
1772021572.198876,1772021572.141081,208.0078125,177.734375,-604.98046875,-360.3515625,0.0,0,0
1772021572.198911,1772021572.1449745,-1000.0,-1000.0,781.25,-1000.0,0.0,0,0
1772021572.198943,1772021572.1488678,-673.828125,-866.69921875,-906.25,-926.7578125,0.0,0,0
1772021572.198976,1772021572.1527612,724.12109375,477.05078125,-226.07421875,-1000.0,0.0,0,0
1772021572.199009,1772021572.1566546,-836.42578125,-792.48046875,-1000.0,-56.640625,0.0,0,0
1772021572.1990411,1772021572.160548,182.12890625,154.78515625,-823.73046875,107.91015625,0.0,0,0
1772021572.199074,1772021572.1644413,-1000.0,-1000.0,479.00390625,-1000.0,0.0,0,0
1772021572.199104,1772021572.1683347,-844.7265625,-1000.0,-811.5234375,-1000.0,0.0,0,0
1772021572.1991339,1772021572.172228,510.7421875,208.49609375,-10.25390625,-940.91796875,0.0,0,0
1772021572.199167,1772021572.1761215,-795.8984375,-765.13671875,-1000.0,623.046875,0.0,0,0
1772021572.25722,1772021572.1801324,149.90234375,304.6875,-822.75390625,288.57421875,0.0,0,0
1772021572.257418,1772021572.1840258,-1000.0,-978.02734375,491.69921875,-1000.0,0.0,0,0
1772021572.257602,1772021572.1879191,-1000.0,-1000.0,-793.9453125,-1000.0,0.0,0,0
1772021572.257729,1772021572.1918128,144.04296875,53.7109375,164.55078125,-643.06640625,0.0,0,0
1772021572.257834,1772021572.1957061,-761.23046875,-780.2734375,-1000.0,991.2109375,0.0,0,0
1772021572.2579331,1772021572.1995995,335.44921875,449.70703125,-957.03125,452.1484375,0.0,0,0
1772021572.257985,1772021572.2034929,-951.66015625,-886.23046875,337.40234375,-969.23828125,0.0,0,0
1772021572.2580302,1772021572.2073863,-1000.0,-1000.0,-773.4375,-1000.0,0.0,0,0
1772021572.25807,1772021572.2112796,-46.38671875,-119.140625,144.53125,-669.43359375,0.0,0,0
1772021572.258112,1772021572.215173,-800.78125,-892.08984375,-1000.0,833.0078125,0.0,0,0
1772021572.258154,1772021572.2190664,499.0234375,801.26953125,-1000.0,884.765625,0.0,0,0
1772021572.258195,1772021572.2229598,-858.88671875,-531.73828125,67.87109375,-568.84765625,0.0,0,0
1772021572.288095,1772021572.2269554,-1000.0,-1000.0,-763.671875,-1000.0,0.0,0,0
1772021572.2881951,1772021572.230849,-201.171875,-178.7109375,257.8125,-670.41015625,0.0,0,0
1772021572.2882261,1772021572.2347424,-878.90625,-985.3515625,-994.62890625,687.01171875,0.0,0,0
1772021572.288255,1772021572.2386358,686.03515625,-973.6328125,-1000.0,-863.28125,0.0,0,0
1772021572.288286,1772021572.2425292,-701.66015625,-183.10546875,-42.48046875,-130.37109375,0.0,0,0
1772021572.288314,1772021572.2464225,-1000.0,-1000.0,-787.109375,-1000.0,0.0,0,0
1772021572.288338,1772021572.250316,-196.2890625,-167.96875,416.9921875,-851.07421875,0.0,0,0
1772021572.2883651,1772021572.2542095,-954.58984375,999.0234375,-904.78515625,439.453125,0.0,0,0
1772021572.2883918,1772021572.258103,928.22265625,-927.24609375,-1000.0,-789.0625,0.0,0,0
1772021572.288418,1772021572.2619963,-366.2109375,21.484375,-244.140625,35.64453125,0.0,0,0
1772021572.288448,1772021572.2658896,-1000.0,-1000.0,-848.14453125,-1000.0,0.0,0,0
1772021572.2884722,1772021572.269783,-171.38671875,-180.17578125,524.90234375,-1000.0,0.0,0,0
1772021572.3465998,1772021572.2737677,-995.60546875,-999.0234375,-872.0703125,64.94140625,0.0,0,0
1772021572.346723,1772021572.277661,-953.125,-925.29296875,-1000.0,-762.6953125,0.0,0,0
1772021572.346754,1772021572.2815547,-75.1953125,134.27734375,-228.515625,145.99609375,0.0,0,0
1772021572.346783,1772021572.285448,-1000.0,-1000.0,-885.25390625,-1000.0,0.0,0,0
1772021572.3468091,1772021572.2893414,-271.484375,-383.7890625,684.08203125,-1000.0,0.0,0,0
1772021572.346947,1772021572.2932348,962.890625,924.31640625,-695.80078125,-49.8046875,0.0,0,0
1772021572.346978,1772021572.2971284,-916.015625,-892.08984375,-1000.0,-778.80859375,0.0,0,0
1772021572.3470058,1772021572.3010218,96.19140625,222.16796875,-331.0546875,151.85546875,0.0,0,0
1772021572.3470342,1772021572.3049152,-1000.0,-1000.0,-999.0234375,-1000.0,0.0,0,0
1772021572.347059,1772021572.3088086,-473.14453125,-579.58984375,926.7578125,-1000.0,0.0,0,0
1772021572.3470862,1772021572.3127022,872.55859375,827.1484375,-382.32421875,-164.55078125,0.0,0,0
1772021572.347113,1772021572.3165956,-873.53515625,-855.46875,-1000.0,-817.87109375,0.0,0,0
1772021572.393745,1772021572.320676,204.58984375,187.01171875,-460.9375,538.0859375,0.0,0,0
1772021572.393878,1772021572.3245695,-1000.0,-1000.0,880.37109375,-850.09765625,0.0,0,0
1772021572.393926,1772021572.328463,-719.23828125,-840.33203125,-909.66796875,-1000.0,0.0,0,0
1772021572.3939688,1772021572.3323565,674.8046875,505.859375,-101.07421875,-161.1328125,0.0,0,0
1772021572.394012,1772021572.33625,-826.171875,-793.45703125,-1000.0,-982.421875,0.0,0,0
1772021572.3940532,1772021572.3401434,175.29296875,232.421875,-676.26953125,-977.5390625,0.0,0,0
1772021572.3940952,1772021572.344037,-1000.0,-1000.0,685.546875,-181.15234375,0.0,0,0
1772021572.394135,1772021572.3479304,-884.765625,-1000.0,-841.30859375,-1000.0,0.0,0,0
1772021572.394175,1772021572.3518238,448.73046875,150.390625,13.18359375,-167.96875,0.0,0,0
1772021572.3942158,1772021572.3557174,-789.0625,-765.13671875,-1000.0,998.53515625,0.0,0,0
1772021572.3942568,1772021572.3596108,149.90234375,362.79296875,-778.80859375,-927.24609375,0.0,0,0
1772021572.3942988,1772021572.3635044,-1000.0,-937.98828125,553.7109375,22.4609375,0.0,0,0
1772021572.4523,1772021572.367568,-1000.0,-1000.0,-803.22265625,-1000.0,0.0,0,0
1772021572.452418,1772021572.3714616,144.04296875,-43.45703125,165.52734375,-174.31640625,0.0,0,0
1772021572.452466,1772021572.375355,-761.71875,-803.7109375,-1000.0,992.1875,0.0,0,0
1772021572.452508,1772021572.3792486,335.44921875,523.92578125,-957.03125,-908.69140625,0.0,0,0
1772021572.452551,1772021572.383142,-951.66015625,-840.33203125,337.40234375,225.5859375,0.0,0,0
1772021572.4525928,1772021572.3870356,-1000.0,-1000.0,-774.90234375,-1000.0,0.0,0,0
1772021572.4526331,1772021572.390929,-46.38671875,-215.33203125,147.94921875,-201.66015625,0.0,0,0
1772021572.452682,1772021572.3948226,-794.43359375,-920.41015625,-1000.0,-992.1875,0.0,0,0
1772021572.452723,1772021572.398716,447.265625,816.40625,-1000.0,-918.45703125,0.0,0,0
1772021572.4527628,1772021572.4026096,-888.671875,-539.55078125,119.140625,231.93359375,0.0,0,0
1772021572.452812,1772021572.4065032,-1000.0,-1000.0,-759.765625,-1000.0,0.0,0,0
1772021572.452851,1772021572.4103966,-232.91015625,-178.7109375,227.05078125,-290.52734375,0.0,0,0
1772021572.483337,1772021572.414448,-885.25390625,-985.3515625,-1000.0,962.40234375,0.0,0,0
1772021572.483478,1772021572.4183416,690.4296875,-973.6328125,-1000.0,-914.55078125,0.0,0,0
1772021572.483527,1772021572.422235,-703.61328125,-183.10546875,-54.19921875,465.33203125,0.0,0,0
1772021572.483571,1772021572.4261286,-1000.0,-1000.0,-786.62109375,-1000.0,0.0,0,0
1772021572.4836118,1772021572.4300222,-196.2890625,-167.96875,404.78515625,-519.04296875,0.0,0,0
1772021572.4836538,1772021572.4339156,-954.58984375,999.0234375,-912.59765625,907.71484375,0.0,0,0
1772021572.483697,1772021572.4378092,928.22265625,-935.05859375,-1000.0,-959.9609375,0.0,0,0
1772021572.483737,1772021572.4417028,-366.2109375,29.78515625,-227.05078125,816.89453125,0.0,0,0
1772021572.483779,1772021572.4455962,-1000.0,-1000.0,-911.1328125,-688.4765625,0.0,0,0
1772021572.48382,1772021572.4494898,-171.38671875,-326.66015625,791.9921875,-833.49609375,0.0,0,0
1772021572.483864,1772021572.4533834,-995.60546875,936.03515625,-571.77734375,757.32421875,0.0,0,0
1772021572.483906,1772021572.4572768,-952.63671875,-896.484375,-1000.0,-999.51171875,0.0,0,0
1772021572.528149,1772021572.4613135,-75.68359375,225.09765625,-174.31640625,-951.66015625,0.0,0,0
1772021572.528275,1772021572.465207,-1000.0,-1000.0,-995.60546875,-123.046875,0.0,0,0
1772021572.52832,1772021572.4691005,-269.53125,-529.296875,-957.03125,-1000.0,0.0,0,0
1772021572.528362,1772021572.472994,959.47265625,858.88671875,-115.234375,444.3359375,0.0,0,0
1772021572.528406,1772021572.4768877,-912.109375,-867.67578125,-1000.0,-964.84375,0.0,0,0
1772021572.528447,1772021572.4807813,127.9296875,201.171875,-183.10546875,-937.98828125,0.0,0,0
1772021572.52849,1772021572.484675,-1000.0,-1000.0,987.79296875,229.00390625,0.0,0,0
1772021572.52853,1772021572.4885683,-477.05078125,-730.46875,-922.36328125,-1000.0,0.0,0,0
1772021572.5285718,1772021572.492462,874.51171875,660.15625,125.0,105.46875,0.0,0,0
1772021572.528613,1772021572.4963555,-874.0234375,-821.2890625,-1000.0,-932.12890625,0.0,0,0
1772021572.528655,1772021572.5002491,204.58984375,166.9921875,-384.765625,-951.171875,0.0,0,0
1772021572.528697,1772021572.5041428,-1000.0,-1000.0,922.36328125,247.55859375,0.0,0,0
1772021572.573646,1772021572.5081663,-719.23828125,-948.73046875,-890.625,-1000.0,0.0,0,0
1772021572.5738082,1772021572.51206,674.31640625,328.125,221.6796875,-192.87109375,0.0,0,0
1772021572.573857,1772021572.5159535,-824.21875,-773.92578125,-1000.0,998.046875,0.0,0,0
1772021572.5739,1772021572.5198472,166.9921875,315.91796875,-556.640625,-917.48046875,0.0,0,0
1772021572.5739431,1772021572.5237408,-1000.0,-967.7734375,841.796875,412.59765625,0.0,0,0
1772021572.573985,1772021572.5276344,-957.03125,-1000.0,-861.81640625,-1000.0,0.0,0,0
1772021572.574027,1772021572.531528,336.9140625,55.17578125,198.2421875,-286.62109375,0.0,0,0
1772021572.574069,1772021572.5354216,-773.92578125,-788.57421875,-1000.0,-981.4453125,0.0,0,0
1772021572.57411,1772021572.5393152,142.578125,511.71875,-739.74609375,966.796875,0.0,0,0
1772021572.5741508,1772021572.5432086,-1000.0,-846.6796875,645.5078125,959.9609375,0.0,0,0
1772021572.574193,1772021572.5471022,-1000.0,-1000.0,-820.80078125,-563.96484375,0.0,0,0
1772021572.574233,1772021572.5509958,42.48046875,-114.2578125,195.3125,-654.78515625,0.0,0,0
1772021572.617619,1772021572.5550065,-767.578125,-893.06640625,-1000.0,984.375,0.0,0,0
1772021572.617715,1772021572.5589,337.40234375,801.7578125,-884.27734375,915.0390625,0.0,0,0
1772021572.6177459,1772021572.5627937,-947.265625,-531.73828125,445.80078125,-898.4375,0.0,0,0
1772021572.6177752,1772021572.5666873,-1000.0,-1000.0,-788.57421875,462.40234375,0.0,0,0
1772021572.617801,1772021572.570581,-147.94921875,-178.7109375,229.00390625,-795.8984375,0.0,0,0
1772021572.617829,1772021572.5744746,-823.2421875,-985.3515625,-1000.0,506.8359375,0.0,0,0
1772021572.617855,1772021572.5783682,536.1328125,-973.6328125,-1000.0,-868.1640625,0.0,0,0
1772021572.617881,1772021572.5822616,-847.65625,-183.10546875,216.30859375,889.6484375,0.0,0,0
1772021572.617908,1772021572.5861552,-1000.0,-1000.0,-767.578125,983.88671875,0.0,0,0
1772021572.617933,1772021572.5900488,-215.33203125,-167.96875,336.42578125,972.16796875,0.0,0,0
1772021572.617964,1772021572.5939424,-920.8984375,999.0234375,-952.63671875,971.6796875,0.0,0,0
1772021572.617991,1772021572.597836,815.4296875,-927.24609375,-1000.0,971.6796875,0.0,0,0
1772021572.663427,1772021572.6018357,-539.55078125,21.484375,-17.08984375,972.16796875,0.0,0,0
1772021572.663517,1772021572.6057293,-1000.0,-1000.0,-793.9453125,971.6796875,0.0,0,0
1772021572.663551,1772021572.609623,-179.19921875,-174.31640625,477.5390625,971.6796875,0.0,0,0
1772021572.663579,1772021572.6135166,-985.83984375,992.67578125,-867.67578125,971.6796875,0.0,0,0
1772021572.6636958,1772021572.6174102,-974.609375,-917.96875,-1000.0,972.16796875,0.0,0,0
1772021572.663733,1772021572.6213038,-183.59375,235.83984375,-216.796875,971.6796875,0.0,0,0
1772021572.663775,1772021572.6251974,-1000.0,-1000.0,-886.71875,971.6796875,0.0,0,0
1772021572.663806,1772021572.629091,-168.45703125,-398.4375,704.58984375,971.6796875,0.0,0,0
1772021572.663837,1772021572.6329846,998.53515625,932.12890625,-682.12890625,972.16796875,0.0,0,0
1772021572.663871,1772021572.6368783,-937.5,-894.53125,-1000.0,972.16796875,0.0,0,0
1772021572.664006,1772021572.6407719,31.25,221.6796875,-195.3125,971.6796875,0.0,0,0
1772021572.6640372,1772021572.6446655,-1000.0,-1000.0,-953.61328125,971.6796875,0.0,0,0
1772021572.752705,1772021572.6488485,-371.09375,-579.58984375,928.7109375,971.6796875,0.0,0,0
1772021572.7528791,1772021572.6527421,916.015625,827.1484375,-366.2109375,971.6796875,0.0,0,0
1772021572.75299,1772021572.656636,-890.625,-855.46875,-1000.0,972.16796875,0.0,0,0
1772021572.7531168,1772021572.6605296,221.19140625,186.5234375,-171.38671875,971.6796875,0.0,0,0
1772021572.7532349,1772021572.6644232,-1000.0,-1000.0,-995.1171875,971.6796875,0.0,0,0
1772021572.753294,1772021572.6683168,-580.078125,-839.35546875,-952.1484375,971.6796875,0.0,0,0
1772021572.753382,1772021572.6722107,826.171875,504.8828125,-75.1953125,971.6796875,0.0,0,0
1772021572.753438,1772021572.6761043,-856.4453125,-792.96875,-1000.0,971.6796875,0.0,0,0
1772021572.753481,1772021572.679998,186.5234375,250.0,-269.53125,972.16796875,0.0,0,0
1772021572.753524,1772021572.6838918,-1000.0,-1000.0,959.9609375,971.6796875,0.0,0,0
1772021572.7535648,1772021572.6877854,-844.7265625,-1000.0,-911.1328125,971.6796875,0.0,0,0
1772021572.7536068,1772021572.691679,510.7421875,150.390625,128.41796875,971.6796875,0.0,0,0
1772021572.767596,1772021572.6956704,-795.41015625,-770.5078125,-1000.0,971.6796875,0.0,0,0
1772021572.767794,1772021572.699564,149.90234375,429.19921875,-476.5625,971.6796875,0.0,0,0
1772021572.7678459,1772021572.7034576,-1000.0,-902.83203125,875.48828125,971.6796875,0.0,0,0
1772021572.767891,1772021572.7073514,-1000.0,-1000.0,-873.53515625,972.16796875,0.0,0,0
1772021572.767935,1772021572.711245,147.94921875,-30.76171875,206.0546875,971.6796875,0.0,0,0
1772021572.767979,1772021572.7151387,-757.8125,-832.51953125,-1000.0,971.6796875,0.0,0,0
1772021572.76802,1772021572.7190325,239.2578125,640.625,-705.56640625,972.16796875,0.0,0,0
1772021572.7680619,1772021572.7229261,-993.1640625,-713.37890625,689.94140625,971.6796875,0.0,0,0
1772021572.768105,1772021572.72682,-1000.0,-1000.0,-827.1484375,971.6796875,0.0,0,0
1772021572.768149,1772021572.7307136,-54.19921875,-205.56640625,171.875,971.6796875,0.0,0,0
1772021572.768192,1772021572.7346072,-790.52734375,-931.15234375,-1000.0,971.6796875,0.0,0,0
1772021572.768235,1772021572.738501,435.05859375,854.00390625,-920.8984375,972.16796875,0.0,0,0
1772021572.813174,1772021572.7425628,-896.484375,-481.4453125,388.671875,972.16796875,0.0,0,0
1772021572.813339,1772021572.7464564,-1000.0,-1000.0,-780.2734375,971.6796875,0.0,0,0
1772021572.813385,1772021572.7503502,-233.88671875,-178.7109375,183.59375,971.6796875,0.0,0,0
1772021572.81343,1772021572.7542439,-884.765625,-983.3984375,-1000.0,971.6796875,0.0,0,0
1772021572.8134751,1772021572.7581377,690.4296875,-973.6328125,-1000.0,985.3515625,0.0,0,0
1772021572.813517,1772021572.7620316,-703.61328125,-183.10546875,118.65234375,912.109375,0.0,0,0
1772021572.81356,1772021572.7659252,-1000.0,-1000.0,-764.6484375,-875.0,0.0,0,0
1772021572.813601,1772021572.769819,-196.2890625,-167.96875,352.5390625,493.65234375,0.0,0,0
1772021572.813654,1772021572.7737126,-954.58984375,999.0234375,-945.80078125,142.578125,0.0,0,0
1772021572.813697,1772021572.7776065,928.22265625,-936.03515625,-1000.0,-960.44921875,0.0,0,0
1772021572.813739,1772021572.7815,-366.2109375,30.76171875,-44.921875,913.0859375,0.0,0,0
1772021572.813781,1772021572.785394,-1000.0,-1000.0,-803.7109375,-863.76953125,0.0,0,0
1772021572.8582778,1772021572.7894423,-171.38671875,-356.93359375,523.92578125,336.42578125,0.0,0,0
1772021572.858432,1772021572.7933362,-995.60546875,922.8515625,-840.33203125,-166.50390625,0.0,0,0
1772021572.8584828,1772021572.7972298,-952.63671875,-892.578125,-1000.0,-985.3515625,0.0,0,0
1772021572.8585222,1772021572.8011236,-75.68359375,223.14453125,-215.33203125,926.26953125,0.0,0,0
1772021572.858557,1772021572.8050175,-1000.0,-1000.0,-920.41015625,-855.46875,0.0,0,0
1772021572.858589,1772021572.808911,-270.01953125,-575.68359375,816.40625,159.66796875,0.0,0,0
1772021572.858623,1772021572.812805,959.47265625,829.58984375,-539.55078125,-458.0078125,0.0,0,0
1772021572.858656,1772021572.8166988,-912.109375,-856.93359375,-1000.0,970.703125,0.0,0,0
1772021572.858691,1772021572.8205924,127.9296875,188.96484375,-178.7109375,945.80078125,0.0,0,0
1772021572.858724,1772021572.8244863,-1000.0,-1000.0,-985.83984375,-898.92578125,0.0,0,0
1772021572.858764,1772021572.8283799,-477.05078125,-821.77734375,-973.6328125,284.1796875,0.0,0,0
1772021572.858797,1772021572.8322737,875.0,541.015625,-183.10546875,-1000.0,0.0,0,0
1772021572.9028008,1772021572.836308,-874.0234375,-800.78125,-1000.0,383.30078125,0.0,0,0
1772021572.902924,1772021572.8402019,204.58984375,155.2734375,-168.9453125,-939.94140625,0.0,0,0
1772021572.902962,1772021572.8440955,-1000.0,-1000.0,-999.51171875,-961.42578125,0.0,0,0
1772021572.902996,1772021572.8479893,-719.23828125,-1000.0,-938.4765625,447.75390625,0.0,0,0
1772021572.903032,1772021572.8518832,674.31640625,207.51953125,16.11328125,-1000.0,0.0,0,0
1772021572.903064,1772021572.855777,-824.21875,-761.71875,-1000.0,-108.88671875,0.0,0,0
1772021572.903096,1772021572.8596706,166.9921875,240.234375,-342.28515625,-959.9609375,0.0,0,0
1772021572.903129,1772021572.8635645,-1000.0,-995.60546875,931.15234375,-953.61328125,0.0,0,0
1772021572.903161,1772021572.8674583,-955.56640625,-1000.0,-896.97265625,612.3046875,0.0,0,0
1772021572.903193,1772021572.8713522,334.9609375,-19.53125,188.4765625,-1000.0,0.0,0,0
1772021572.9032252,1772021572.8752458,-773.4375,-785.15625,-1000.0,-258.30078125,0.0,0,0
1772021572.9032571,1772021572.8791397,176.7578125,434.5703125,-537.59765625,-958.984375,0.0,0,0
1772021572.948284,1772021572.883163,-1000.0,-897.94921875,847.65625,-996.09375,0.0,0,0
1772021572.9484448,1772021572.8870568,-1000.0,-1000.0,-863.76953125,813.4765625,0.0,0,0
1772021572.94849,1772021572.8909507,44.921875,-189.453125,197.265625,-786.62109375,0.0,0,0
1772021572.948535,1772021572.8948445,-768.5546875,-872.55859375,-1000.0,-377.9296875,0.0,0,0
1772021572.948579,1772021572.8987384,336.9140625,684.08203125,-758.7890625,-957.51953125,0.0,0,0
1772021572.948622,1772021572.902632,-946.77734375,-700.1953125,623.53515625,964.35546875,0.0,0,0
1772021572.948664,1772021572.9065259,-1000.0,-1000.0,-815.91796875,982.91015625,0.0,0,0
1772021572.948704,1772021572.9104197,-148.92578125,-195.80078125,165.52734375,-532.2265625,0.0,0,0
1772021572.948747,1772021572.9143136,-823.73046875,-954.1015625,-1000.0,-479.98046875,0.0,0,0
1772021572.948788,1772021572.9182074,536.1328125,928.7109375,-958.0078125,-961.42578125,0.0,0,0
1772021572.94883,1772021572.9221013,-847.65625,-366.2109375,319.82421875,927.734375,0.0,0,0
1772021572.948871,1772021572.925995,-1000.0,-1000.0,-770.5078125,-898.92578125,0.0,0,0
1772021572.9937322,1772021572.930005,-215.33203125,-172.36328125,242.67578125,-248.53515625,0.0,0,0
1772021572.993885,1772021572.933899,-920.8984375,-992.67578125,-1000.0,-715.33203125,0.0,0,0
1772021572.993932,1772021572.9377928,815.4296875,-958.49609375,-1000.0,915.0390625,0.0,0,0
1772021572.993985,1772021572.9416866,-539.55078125,-89.84375,48.828125,971.19140625,0.0,0,0
1772021572.99403,1772021572.9455805,-1000.0,-1000.0,-776.85546875,-920.41015625,0.0,0,0
1772021572.994071,1772021572.9494743,-179.19921875,-311.5234375,430.6640625,-21.97265625,0.0,0,0
1772021572.9941142,1772021572.9533682,-985.83984375,945.80078125,-898.4375,-1000.0,0.0,0,0
1772021572.9941561,1772021572.957262,-979.4921875,-910.15625,-1000.0,481.4453125,0.0,0,0
1772021572.994197,1772021572.961156,-177.24609375,84.47265625,-131.8359375,-962.40234375,0.0,0,0
1772021572.994239,1772021572.9650495,-1000.0,-1000.0,-857.421875,-941.40625,0.0,0,0
1772021572.994281,1772021572.9689434,-268.06640625,-507.8125,675.78125,233.88671875,0.0,0,0
1772021572.994323,1772021572.9728372,964.35546875,849.609375,-695.80078125,-1000.0,0.0,0,0
1772021573.0522182,1772021572.9768357,-924.8046875,-864.74609375,-1000.0,75.68359375,0.0,0,0
1772021573.0523908,1772021572.9807296,25.390625,202.1484375,-195.80078125,-936.5234375,0.0,0,0
1772021573.0524569,1772021572.9846234,-1000.0,-1000.0,-954.1015625,-945.80078125,0.0,0,0
1772021573.052597,1772021572.9885173,-464.35546875,-724.12109375,928.7109375,242.67578125,0.0,0,0
1772021573.0526621,1772021572.9924111,867.1875,668.9453125,-366.2109375,-1000.0,0.0,0,0
1772021573.052719,1772021572.996305,-872.0703125,-822.75390625,-1000.0,-165.52734375,0.0,0,0
1772021573.052777,1772021573.0001988,204.58984375,167.48046875,-173.828125,-982.91015625,0.0,0,0
1772021573.052834,1772021573.0040927,-1000.0,-1000.0,-990.234375,-918.45703125,0.0,0,0
1772021573.052889,1772021573.0079868,-719.23828125,-957.03125,-961.42578125,228.515625,0.0,0,0
1772021573.0529459,1772021573.0118806,674.8046875,337.40234375,-110.3515625,-1000.0,0.0,0,0
1772021573.053,1772021573.0157745,-824.21875,-772.94921875,-1000.0,-192.3828125,0.0,0,0
1772021573.05304,1772021573.0196683,166.9921875,142.578125,-271.484375,997.55859375,0.0,0,0
1772021573.08301,1772021573.0236528,-1000.0,-1000.0,965.8203125,-925.29296875,0.0,0,0
1772021573.083162,1772021573.0275466,-957.03125,-1000.0,-920.8984375,433.10546875,0.0,0,0
1772021573.083211,1772021573.0314405,336.9140625,42.96875,54.19921875,-1000.0,0.0,0,0
1772021573.083253,1772021573.0353343,-774.90234375,-766.6015625,-1000.0,-454.58984375,0.0,0,0
1772021573.083294,1772021573.0392284,145.5078125,337.890625,-472.16796875,916.015625,0.0,0,0
1772021573.083413,1772021573.0431223,-1000.0,-946.77734375,867.1875,-910.15625,0.0,0,0
1772021573.083463,1772021573.0470161,-1000.0,-1000.0,-870.60546875,578.125,0.0,0,0
1772021573.083508,1772021573.05091,82.51953125,-148.4375,202.63671875,-936.5234375,0.0,0,0
1772021573.083552,1772021573.0548038,-765.625,-820.3125,-1000.0,-879.8828125,0.0,0,0
1772021573.083592,1772021573.0586977,340.33203125,517.08984375,-741.69921875,578.61328125,0.0,0,0
1772021573.083634,1772021573.0625916,-954.58984375,-859.86328125,645.5078125,-889.6484375,0.0,0,0
1772021573.0836759,1772021573.0664854,-1000.0,-1000.0,-817.87109375,774.90234375,0.0,0,0
1772021573.1433961,1772021573.0704572,-53.7109375,-218.75,162.109375,-513.671875,0.0,0,0
1772021573.1435468,1772021573.074351,-805.17578125,-914.55078125,-1000.0,-1000.0,0.0,0,0
1772021573.143592,1772021573.078245,524.4140625,796.875,-989.2578125,-29.296875,0.0,0,0
1772021573.143635,1772021573.0821388,-840.8203125,-564.94140625,270.01953125,-935.05859375,0.0,0,0
1772021573.14368,1772021573.0860326,-1000.0,-1000.0,-767.578125,967.28515625,0.0,0,0
1772021573.143723,1772021573.0899267,-215.33203125,-179.19921875,188.4765625,-242.1875,0.0,0,0
1772021573.143765,1772021573.0938206,-920.8984375,-985.83984375,-1000.0,-1000.0,0.0,0,0
1772021573.143805,1772021573.0977144,815.4296875,-978.515625,-1000.0,-184.08203125,0.0,0,0
1772021573.1438458,1772021573.1016083,-539.55078125,-177.734375,19.04296875,-970.703125,0.0,0,0
1772021573.143887,1772021573.1055021,-1000.0,-1000.0,-776.3671875,996.58203125,0.0,0,0
1772021573.143927,1772021573.109396,-179.19921875,-254.39453125,402.34375,-202.63671875,0.0,0,0
1772021573.143969,1772021573.11329,-986.328125,969.23828125,-916.50390625,-1000.0,0.0,0,0
1772021573.20334,1772021573.1174521,-974.12109375,-922.8515625,-1000.0,-474.609375,0.0,0,0
1772021573.203496,1772021573.121346,-183.59375,24.90234375,-137.20703125,949.70703125,0.0,0,0
1772021573.2035358,1772021573.12524,-1000.0,-1000.0,-847.16796875,938.96484375,0.0,0,0
1772021573.203572,1772021573.129134,-168.45703125,-374.51171875,634.765625,-421.875,0.0,0,0
1772021573.2036061,1772021573.1330278,998.53515625,915.0390625,-740.72265625,-1000.0,0.0,0,0
1772021573.203639,1772021573.136922,-937.5,-889.16015625,-1000.0,-711.9140625,0.0,0,0
1772021573.203671,1772021573.1408157,31.25,221.6796875,-203.61328125,723.14453125,0.0,0,0
1772021573.203704,1772021573.1447096,-1000.0,-1000.0,-938.4765625,-992.1875,0.0,0,0
1772021573.203735,1772021573.1486037,-371.09375,-579.58984375,877.9296875,-440.4296875,0.0,0,0
1772021573.203768,1772021573.1524975,916.015625,826.66015625,-444.3359375,-1000.0,0.0,0,0
1772021573.2038,1772021573.1563916,-890.625,-855.46875,-1000.0,-923.828125,0.0,0,0
1772021573.203831,1772021573.1602855,221.6796875,187.01171875,-178.22265625,329.1015625,0.0,0,0
1772021573.233195,1772021573.1643293,-1000.0,-1000.0,-983.3984375,-799.8046875,0.0,0,0
1772021573.2333639,1772021573.1682231,-580.078125,-844.7265625,-978.515625,-124.51171875,0.0,0,0
1772021573.233451,1772021573.1721172,826.171875,511.23046875,-170.8984375,-1000.0,0.0,0,0
1772021573.233509,1772021573.176011,-856.4453125,-794.921875,-1000.0,-1000.0,0.0,0,0
1772021573.233552,1772021573.1799052,186.5234375,150.390625,-284.66796875,42.48046875,0.0,0,0
1772021573.2335958,1772021573.183799,-1000.0,-1000.0,958.0078125,-760.25390625,0.0,0,0
1772021573.233637,1772021573.187693,-844.7265625,-1000.0,-922.8515625,147.4609375,0.0,0,0
1772021573.233679,1772021573.191587,510.7421875,145.99609375,23.92578125,-1000.0,0.0,0,0
1772021573.23372,1772021573.195481,-795.41015625,-758.30078125,-1000.0,-1000.0,0.0,0,0
1772021573.233783,1772021573.199375,149.90234375,292.96875,-531.25,-61.5234375,0.0,0,0
1772021573.233828,1772021573.203269,-1000.0,-963.8671875,829.58984375,-785.64453125,0.0,0,0
1772021573.233869,1772021573.2071629,-1000.0,-1000.0,-858.88671875,420.41015625,0.0,0,0
1772021573.278317,1772021573.2111967,145.01953125,-96.6796875,154.296875,-904.296875,0.0,0,0
1772021573.278434,1772021573.2150908,-760.7421875,-800.78125,-1000.0,-1000.0,0.0,0,0
1772021573.2784698,1772021573.2189848,312.01171875,446.77734375,-823.73046875,-234.86328125,0.0,0,0
1772021573.278504,1772021573.2228787,-961.9140625,-896.484375,528.80859375,-883.7890625,0.0,0,0
1772021573.278538,1772021573.2267728,-1000.0,-1000.0,-798.33984375,690.91796875,0.0,0,0
1772021573.27857,1772021573.2306666,-48.33984375,-233.3984375,155.2734375,-703.61328125,0.0,0,0
1772021573.278602,1772021573.2345607,-796.38671875,-884.27734375,-1000.0,-1000.0,0.0,0,0
1772021573.278634,1772021573.2384548,470.21484375,690.91796875,-1000.0,-195.80078125,0.0,0,0
1772021573.278667,1772021573.2423487,-874.51171875,-703.61328125,214.35546875,-954.1015625,0.0,0,0
1772021573.278701,1772021573.2462428,-1000.0,-1000.0,-765.13671875,928.7109375,0.0,0,0
1772021573.278732,1772021573.2501366,-230.95703125,-195.80078125,145.01953125,-366.2109375,0.0,0,0
1772021573.278765,1772021573.2540307,-885.7421875,-954.1015625,-1000.0,-1000.0,0.0,0,0
1772021573.352386,1772021573.258149,689.94140625,928.7109375,-1000.0,-165.0390625,0.0,0,0
1772021573.3525498,1772021573.262043,-703.61328125,-365.72265625,40.0390625,994.140625,0.0,0,0
1772021573.3526,1772021573.2659369,-1000.0,-1000.0,-766.11328125,-930.6640625,0.0,0,0
1772021573.352642,1772021573.269831,-196.2890625,-170.8984375,300.29296875,4.8828125,0.0,0,0
1772021573.3526862,1772021573.273725,-954.58984375,-994.62890625,-963.37890625,-1000.0,0.0,0,0
1772021573.3527281,1772021573.2776191,928.22265625,-956.54296875,-1000.0,-172.36328125,0.0,0,0
1772021573.35277,1772021573.2815132,-366.2109375,-71.2890625,-151.85546875,991.2109375,0.0,0,0
1772021573.352811,1772021573.285407,-1000.0,-1000.0,-818.84765625,-908.69140625,0.0,0,0
1772021573.3528562,1772021573.2893012,-171.38671875,-366.2109375,511.23046875,225.5859375,0.0,0,0
1772021573.352899,1772021573.2931952,-995.60546875,918.45703125,-863.76953125,-1000.0,0.0,0,0
1772021573.35294,1772021573.2970893,-957.03125,-895.99609375,-1000.0,-201.66015625,0.0,0,0
1772021573.352981,1772021573.3009832,-71.2890625,120.1171875,-222.16796875,-992.67578125,0.0,0,0
1772021573.3693419,1772021573.305,-1000.0,-1000.0,-905.76171875,-913.0859375,0.0,0,0
1772021573.369508,1772021573.3088942,-366.2109375,-564.94140625,764.16015625,225.5859375,0.0,0,0
1772021573.369558,1772021573.3127882,917.96875,819.3359375,-607.421875,-1000.0,0.0,0,0
1772021573.369602,1772021573.3166823,-894.53125,-853.515625,-1000.0,-196.77734375,0.0,0,0
1772021573.369644,1772021573.3205764,120.1171875,188.96484375,-188.96484375,-999.0234375,0.0,0,0
1772021573.369689,1772021573.3244703,-1000.0,-1000.0,-964.35546875,-911.1328125,0.0,0,0
1772021573.369729,1772021573.3283644,-481.4453125,-819.3359375,959.9609375,325.68359375,0.0,0,0
1772021573.369771,1772021573.3322585,872.0703125,544.43359375,-293.9453125,-1000.0,0.0,0,0
1772021573.369925,1772021573.3361526,-873.046875,-803.7109375,-1000.0,-204.1015625,0.0,0,0
1772021573.3699698,1772021573.3400466,204.58984375,165.0390625,-248.53515625,-996.58203125,0.0,0,0
1772021573.370013,1772021573.3439407,-1000.0,-1000.0,978.02734375,-932.6171875,0.0,0,0
1772021573.370054,1772021573.3478348,-719.23828125,-952.1484375,-941.40625,546.875,0.0,0,0
1772021573.413742,1772021573.3518322,674.8046875,331.0546875,-54.19921875,-1000.0,0.0,0,0
1772021573.413915,1772021573.3557262,-824.21875,-771.484375,-1000.0,-336.42578125,0.0,0,0
1772021573.413963,1772021573.3596203,166.9921875,242.1875,-414.55078125,998.53515625,0.0,0,0
1772021573.4140081,1772021573.3635144,-1000.0,-999.51171875,888.18359375,-968.75,0.0,0,0
1772021573.41405,1772021573.3674085,-957.03125,-1000.0,-881.34765625,716.796875,0.0,0,0
1772021573.414092,1772021573.3713026,336.9140625,48.828125,185.546875,-753.41796875,0.0,0,0
1772021573.414176,1772021573.3751967,-773.92578125,-776.3671875,-1000.0,-1000.0,0.0,0,0
1772021573.414239,1772021573.3790908,142.08984375,427.734375,-575.1953125,415.52734375,0.0,0,0
1772021573.4142861,1772021573.3829849,-1000.0,-901.3671875,824.21875,-876.46484375,0.0,0,0
1772021573.414328,1772021573.386879,-1000.0,-1000.0,-855.46875,796.38671875,0.0,0,0
1772021573.414368,1772021573.390773,42.48046875,-123.53515625,190.91796875,-456.0546875,0.0,0,0
1772021573.4144099,1772021573.3946671,-767.08984375,-843.75,-1000.0,-1000.0,0.0,0,0
1772021573.472522,1772021573.398651,337.40234375,625.48828125,-793.9453125,-191.89453125,0.0,0,0
1772021573.472725,1772021573.402545,-946.77734375,-748.046875,566.40625,-952.1484375,0.0,0,0
1772021573.472791,1772021573.406439,-1000.0,-1000.0,-806.640625,935.05859375,0.0,0,0
1772021573.4728498,1772021573.4103332,-148.92578125,-203.61328125,249.0234375,-354.00390625,0.0,0,0
1772021573.4729128,1772021573.4142272,-823.73046875,-939.94140625,-1000.0,-1000.0,0.0,0,0
1772021573.472973,1772021573.4181213,536.1328125,882.8125,-961.42578125,-172.36328125,0.0,0,0
1772021573.4730308,1772021573.4220154,-847.65625,-437.01171875,325.68359375,-992.67578125,0.0,0,0
1772021573.473073,1772021573.4259095,-1000.0,-1000.0,-783.203125,-956.0546875,0.0,0,0
1772021573.473112,1772021573.4298036,-215.33203125,-173.828125,431.15234375,-89.35546875,0.0,0,0
1772021573.473155,1772021573.4336977,-920.8984375,-992.1875,-907.2265625,-1000.0,0.0,0,0
1772021573.473195,1772021573.4375918,815.4296875,-956.0546875,-1000.0,-268.06640625,0.0,0,0
1772021573.473236,1772021573.441486,-539.55078125,-116.2109375,45.8984375,958.984375,0.0,0,0
1772021573.5333529,1772021573.4454582,-1000.0,-1000.0,-794.43359375,-911.1328125,0.0,0,0
1772021573.53352,1772021573.4493523,-178.7109375,-171.875,515.13671875,127.9296875,0.0,0,0
1772021573.533568,1772021573.4532464,-985.83984375,-999.51171875,-834.47265625,-1000.0,0.0,0,0
1772021573.533769,1772021573.4571404,-974.609375,-935.05859375,-1000.0,-477.05078125,0.0,0,0
1772021573.533901,1772021573.4610348,-183.59375,56.640625,-223.6328125,875.48828125,0.0,0,0
1772021573.534079,1772021573.4649289,-1000.0,-1000.0,-894.53125,-873.53515625,0.0,0,0
1772021573.534129,1772021573.468823,-168.45703125,-395.5078125,722.16796875,205.078125,0.0,0,0
1772021573.534181,1772021573.472717,998.046875,907.2265625,-662.59765625,-1000.0,0.0,0,0
1772021573.534231,1772021573.4766111,-937.5,-885.7421875,-1000.0,-719.23828125,0.0,0,0
1772021573.5343502,1772021573.4805052,31.25,216.30859375,-195.80078125,674.8046875,0.0,0,0
1772021573.534406,1772021573.4843993,-1000.0,-1000.0,-951.66015625,-823.73046875,0.0,0,0
1772021573.5344791,1772021573.4882934,-371.09375,-642.578125,919.921875,167.48046875,0.0,0,0
1772021573.563617,1772021573.4923468,916.015625,758.30078125,-367.1875,-1000.0,0.0,0,0
1772021573.563812,1772021573.4962409,-890.625,-840.8203125,-1000.0,-957.03125,0.0,0,0
1772021573.563906,1772021573.5001352,221.6796875,177.24609375,-263.18359375,337.40234375,0.0,0,0
1772021573.5639522,1772021573.5040293,-1000.0,-1000.0,981.93359375,-773.4375,0.0,0,0
1772021573.563993,1772021573.5079234,-580.078125,-902.34375,-958.984375,142.578125,0.0,0,0
1772021573.5640361,1772021573.5118175,826.171875,421.875,-125.9765625,-1000.0,0.0,0,0
1772021573.5640771,1772021573.5157115,-856.4453125,-784.1796875,-1000.0,-1000.0,0.0,0,0
1772021573.564117,1772021573.5196059,186.5234375,148.4375,-461.9140625,43.45703125,0.0,0,0
1772021573.564159,1772021573.5235,-1000.0,-1000.0,877.44140625,-766.11328125,0.0,0,0
1772021573.5641978,1772021573.527394,-844.7265625,-1000.0,-891.11328125,325.1953125,0.0,0,0
1772021573.564239,1772021573.5312881,510.25390625,117.1875,2.44140625,-952.1484375,0.0,0,0
1772021573.564281,1772021573.5351822,-795.8984375,-762.20703125,-1000.0,-1000.0,0.0,0,0
1772021573.63829,1772021573.5394204,149.90234375,334.9609375,-663.57421875,-149.90234375,0.0,0,0
1772021573.6384482,1772021573.5433145,-1000.0,-951.171875,690.91796875,-815.91796875,0.0,0,0
1772021573.638478,1772021573.5472088,-1000.0,-1000.0,-825.68359375,479.98046875,0.0,0,0
1772021573.638508,1772021573.5511029,145.99609375,-72.265625,172.8515625,-883.7890625,0.0,0,0
1772021573.638535,1772021573.554997,-759.765625,-803.7109375,-1000.0,-1000.0,0.0,0,0
1772021573.638561,1772021573.5588913,291.9921875,493.1640625,-922.36328125,-230.95703125,0.0,0,0
1772021573.638589,1772021573.5627854,-970.21484375,-863.76953125,391.11328125,-884.765625,0.0,0,0
1772021573.6386151,1772021573.5666797,-1000.0,-1000.0,-780.2734375,690.4296875,0.0,0,0
1772021573.6386409,1772021573.5705738,-50.29296875,-226.07421875,146.97265625,-703.61328125,0.0,0,0
1772021573.638668,1772021573.5744681,-793.45703125,-895.01953125,-1000.0,-1000.0,0.0,0,0
1772021573.6386938,1772021573.5783622,449.70703125,726.07421875,-1000.0,-196.2890625,0.0,0,0
1772021573.63872,1772021573.5822566,-887.20703125,-657.71484375,108.3984375,-954.1015625,0.0,0,0
1772021573.654999,1772021573.5862958,-1000.0,-1000.0,-762.20703125,923.33984375,0.0,0,0
1772021573.655139,1772021573.59019,-232.91015625,-192.87109375,141.6015625,-359.86328125,0.0,0,0
1772021573.655201,1772021573.5940843,-885.25390625,-958.0078125,-1000.0,-1000.0,0.0,0,0
1772021573.6552489,1772021573.5979784,689.94140625,942.3828125,-1000.0,-270.99609375,0.0,0,0
1772021573.655373,1772021573.6018727,-703.61328125,-339.84375,-81.0546875,970.703125,0.0,0,0
1772021573.655425,1772021573.605767,-1000.0,-1000.0,-783.203125,-943.359375,0.0,0,0
1772021573.655467,1772021573.609661,-196.2890625,-171.875,316.89453125,-77.1484375,0.0,0,0
1772021573.65551,1772021573.6135554,-954.1015625,-994.140625,-958.984375,-1000.0,0.0,0,0
1772021573.655551,1772021573.6174495,917.48046875,-946.2890625,-1000.0,-453.125,0.0,0,0
1772021573.655592,1772021573.6213439,-366.2109375,-144.53125,-177.734375,861.328125,0.0,0,0
1772021573.655633,1772021573.625238,-1000.0,-1000.0,-968.26171875,-854.4921875,0.0,0,0
1772021573.655673,1772021573.6291323,-323.73046875,-946.2890625,955.56640625,131.8359375,0.0,0,0
1772021573.698903,1772021573.6331522,-75.1953125,-995.1171875,944.3359375,-986.81640625,0.0,0,0
1772021573.699072,1772021573.6370466,-1000.0,-1000.0,987.79296875,-1000.0,0.0,0,0
1772021573.6991181,1772021573.6409407,-992.67578125,-1000.0,937.5,-389.16015625,0.0,0,0
1772021573.699164,1772021573.644835,-1000.0,-1000.0,-949.70703125,-870.1171875,0.0,0,0
1772021573.699208,1772021573.6487293,-434.5703125,-1000.0,765.625,268.06640625,0.0,0,0
1772021573.69925,1772021573.6526234,-507.32421875,-1000.0,502.9296875,-1000.0,0.0,0,0
1772021573.69929,1772021573.6565177,-1000.0,-1000.0,966.796875,-1000.0,0.0,0,0
1772021573.6993291,1772021573.660412,-947.75390625,-1000.0,939.453125,-456.54296875,0.0,0,0
1772021573.69937,1772021573.6643062,-1000.0,-1000.0,-855.95703125,-911.1328125,0.0,0,0
1772021573.699409,1772021573.6682005,-245.1171875,-1000.0,-54.6875,482.421875,0.0,0,0
1772021573.69945,1772021573.6720948,-346.19140625,-1000.0,-322.265625,-915.52734375,0.0,0,0
1772021573.69949,1772021573.675989,-1000.0,-998.046875,993.65234375,-1000.0,0.0,0,0
1772021573.74372,1772021573.6799958,-1000.0,-947.75390625,-907.71484375,-572.265625,0.0,0,0
1772021573.7438731,1772021573.68389,-660.64453125,-1000.0,517.08984375,959.9609375,0.0,0,0
1772021573.744019,1772021573.6877844,-999.51171875,-65.4296875,-975.5859375,737.79296875,0.0,0,0
1772021573.7440581,1772021573.6916785,237.79296875,116.2109375,-906.73828125,-728.02734375,0.0,0,0
1772021573.744093,1772021573.6955729,-1000.0,-1000.0,507.8125,-1000.0,0.0,0,0
1772021573.744125,1772021573.6994672,-1000.0,-1000.0,-794.43359375,-704.58984375,0.0,0,0
1772021573.7441568,1772021573.7033615,-354.00390625,-909.66796875,220.21484375,691.89453125,0.0,0,0
1772021573.74419,1772021573.7072556,-859.375,669.921875,-966.796875,-921.38671875,0.0,0,0
1772021573.744222,1772021573.71115,175.78125,291.9921875,-1000.0,-311.03515625,0.0,0,0
1772021573.7442539,1772021573.7150443,-1000.0,-1000.0,-221.6796875,-1000.0,0.0,0,0
1772021573.744284,1772021573.7189386,-1000.0,-944.3359375,-840.8203125,-921.875,0.0,0,0
1772021573.7443159,1772021573.7228327,-533.203125,-1000.0,537.59765625,326.171875,0.0,0,0
1772021573.787879,1772021573.726826,958.0078125,260.25390625,-829.58984375,-787.59765625,0.0,0,0
1772021573.788053,1772021573.7307203,881.34765625,933.59375,-1000.0,-62.01171875,0.0,0,0
1772021573.7880971,1772021573.7346146,-568.359375,-687.5,-593.75,-1000.0,0.0,0,0
1772021573.788125,1772021573.7385087,-1000.0,-1000.0,769.04296875,-1000.0,0.0,0,0
1772021573.788151,1772021573.742403,-990.234375,-1000.0,-867.1875,37.59765625,0.0,0,0
1772021573.788178,1772021573.7462974,103.515625,-298.828125,-163.57421875,-760.25390625,0.0,0,0
1772021573.788206,1772021573.7501917,-762.20703125,-826.171875,-1000.0,134.765625,0.0,0,0
1772021573.788233,1772021573.754086,429.19921875,465.8203125,-1000.0,-1000.0,0.0,0,0
1772021573.788259,1772021573.7579803,-859.375,-923.828125,-243.65234375,-1000.0,0.0,0,0
1772021573.788285,1772021573.7618744,-1000.0,-1000.0,-964.35546875,-254.39453125,0.0,0,0
1772021573.788311,1772021573.7657688,-349.12109375,-910.15625,984.86328125,-824.70703125,0.0,0,0
1772021573.788339,1772021573.769663,876.953125,284.1796875,-237.79296875,172.8515625,0.0,0,0
1772021573.833323,1772021573.7736418,-882.32421875,-767.578125,-1000.0,-1000.0,0.0,0,0
1772021573.833444,1772021573.777536,441.89453125,368.65234375,-738.28125,-1000.0,0.0,0,0
1772021573.833482,1772021573.7814302,-880.859375,-899.90234375,557.6171875,-239.74609375,0.0,0,0
1772021573.833518,1772021573.7853246,-1000.0,-1000.0,-793.45703125,-855.46875,0.0,0,0
1772021573.83355,1772021573.789219,-78.61328125,-170.41015625,117.67578125,89.35546875,0.0,0,0
1772021573.833583,1772021573.7931132,-988.76953125,966.796875,-988.76953125,-1000.0,0.0,0,0
1772021573.833615,1772021573.7970076,-942.3828125,-906.25,-1000.0,-539.55078125,0.0,0,0
1772021573.833647,1772021573.800902,28.80859375,226.07421875,-368.1640625,822.265625,0.0,0,0
1772021573.8336792,1772021573.8047962,-1000.0,-1000.0,-860.3515625,-856.4453125,0.0,0,0
1772021573.8337102,1772021573.8086905,-174.8046875,-201.66015625,286.62109375,199.21875,0.0,0,0
1772021573.833743,1772021573.8125849,992.1875,-992.1875,-998.53515625,-1000.0,0.0,0,0
1772021573.833775,1772021573.816479,-914.55078125,-922.8515625,-1000.0,-719.23828125,0.0,0,0
1772021573.893941,1772021573.82045,231.4453125,236.328125,-439.453125,674.8046875,0.0,0,0
1772021573.894121,1772021573.8243444,-1000.0,-1000.0,-936.5234375,-823.73046875,0.0,0,0
1772021573.894166,1772021573.8282387,-301.7578125,-405.2734375,648.4375,167.96875,0.0,0,0
1772021573.894209,1772021573.832133,973.14453125,928.22265625,-775.390625,-1000.0,0.0,0,0
1772021573.894252,1772021573.8360274,-910.64453125,-893.06640625,-1000.0,-943.84765625,0.0,0,0
1772021573.894294,1772021573.8399217,229.4921875,215.8203125,-450.1953125,338.8671875,0.0,0,0
1772021573.8943439,1772021573.843816,-1000.0,-1000.0,937.01171875,-774.4140625,0.0,0,0
1772021573.894402,1772021573.8477104,-494.140625,-661.1328125,968.75,285.64453125,0.0,0,0
1772021573.894443,1772021573.8516047,880.859375,728.02734375,-355.95703125,-984.375,0.0,0,0
1772021573.8944929,1772021573.855499,-875.9765625,-833.49609375,-1000.0,-1000.0,0.0,0,0
1772021573.89454,1772021573.8593934,204.58984375,258.7890625,-515.625,75.1953125,0.0,0,0
1772021573.894582,1772021573.8632874,-1000.0,-1000.0,833.0078125,-776.3671875,0.0,0,0
1772021573.952265,1772021573.8673418,-720.703125,-949.70703125,-882.32421875,430.17578125,0.0,0,0
1772021573.9524648,1772021573.871236,672.36328125,352.5390625,-29.296875,-899.4140625,0.0,0,0
1772021573.9525352,1772021573.8751304,-824.21875,-778.80859375,-1000.0,-1000.0,0.0,0,0
1772021573.952586,1772021573.8790247,166.9921875,339.35546875,-689.453125,-111.81640625,0.0,0,0
1772021573.952631,1772021573.882919,-1000.0,-957.03125,658.203125,-846.19140625,0.0,0,0
1772021573.952675,1772021573.8868134,-949.21875,-1000.0,-820.3125,642.578125,0.0,0,0
1772021573.952715,1772021573.8907077,328.125,56.640625,175.29296875,-727.5390625,0.0,0,0
1772021573.95276,1772021573.894602,-773.92578125,-790.0390625,-1000.0,-1000.0,0.0,0,0
1772021573.952799,1772021573.8984964,308.59375,519.04296875,-887.6953125,-210.44921875,0.0,0,0
1772021573.952841,1772021573.9023907,-970.703125,-841.796875,444.3359375,-919.43359375,0.0,0,0
1772021573.952883,1772021573.906285,-1000.0,-1000.0,-787.59765625,815.91796875,0.0,0,0
1772021573.952922,1772021573.9101794,53.7109375,-113.28125,150.390625,-539.55078125,0.0,0,0
1772021573.9833221,1772021573.914223,-779.296875,-893.5546875,-1000.0,-1000.0,0.0,0,0
1772021573.983474,1772021573.9181175,430.6640625,801.7578125,-1000.0,-180.6640625,0.0,0,0
1772021573.9835148,1772021573.9220119,-898.4375,-531.73828125,154.78515625,-980.95703125,0.0,0,0
1772021573.9835498,1772021573.9259062,-1000.0,-1000.0,-759.765625,-992.1875,0.0,0,0
1772021573.9835808,1772021573.9298005,-132.32421875,-187.01171875,141.6015625,-201.171875,0.0,0,0
1772021573.983615,1772021573.9336948,-858.3984375,-964.35546875,-1000.0,-1000.0,0.0,0,0
1772021573.983646,1772021573.9375892,675.78125,967.28515625,-1000.0,-272.94921875,0.0,0,0
1772021573.983723,1772021573.9414837,-695.80078125,-293.45703125,-31.73828125,974.12109375,0.0,0,0
1772021573.983789,1772021573.945378,-1000.0,-1000.0,-776.3671875,-940.91796875,0.0,0,0
1772021573.983835,1772021573.9492724,-196.2890625,-172.8515625,342.28515625,-57.12890625,0.0,0,0
1772021573.983881,1772021573.9531667,-954.58984375,-992.1875,-947.265625,-1000.0,0.0,0,0
1772021573.983928,1772021573.957061,928.22265625,-952.63671875,-1000.0,-490.72265625,0.0,0,0
1772021574.02828,1772021573.9610922,-366.2109375,-75.1953125,-204.1015625,852.5390625,0.0,0,0
1772021574.028435,1772021573.9649866,-1000.0,-1000.0,-837.40234375,-871.09375,0.0,0,0
1772021574.0284648,1772021573.9688811,-171.38671875,-272.94921875,544.43359375,97.16796875,0.0,0,0
1772021574.028495,1772021573.9727755,-995.60546875,958.984375,-852.05078125,-1000.0,0.0,0,0
1772021574.028522,1772021573.9766698,-952.63671875,-910.64453125,-1000.0,-750.0,0.0,0,0
1772021574.0285492,1772021573.9805644,-75.68359375,127.9296875,-215.33203125,607.91015625,0.0,0,0
1772021574.028576,1772021573.9844587,-1000.0,-1000.0,-920.41015625,-811.03515625,0.0,0,0
1772021574.028605,1772021573.988353,-274.4140625,-476.5625,815.91796875,162.109375,0.0,0,0
1772021574.0286322,1772021573.9922473,967.28515625,875.48828125,-539.55078125,-1000.0,0.0,0,0
1772021574.0286589,1772021573.996142,-921.38671875,-873.53515625,-1000.0,-984.375,0.0,0,0
1772021574.028686,1772021574.0000362,54.19921875,205.078125,-180.6640625,286.1328125,0.0,0,0
1772021574.028713,1772021574.0039306,-1000.0,-1000.0,-980.46875,-770.01953125,0.0,0,0
1772021574.0734138,1772021574.0079496,-467.7734375,-719.23828125,-993.1640625,143.06640625,0.0,0,0
1772021574.073594,1772021574.011844,869.62890625,675.29296875,-203.125,-1000.0,0.0,0,0
1772021574.073642,1772021574.0157385,-872.55859375,-823.73046875,-1000.0,-1000.0,0.0,0,0
1772021574.073687,1772021574.0196328,204.58984375,167.48046875,-269.04296875,40.0390625,0.0,0,0
1772021574.07373,1772021574.0235271,-1000.0,-1000.0,967.28515625,-764.6484375,0.0,0,0
1772021574.07377,1772021574.0274217,-719.23828125,-955.56640625,-929.6875,227.05078125,0.0,0,0
1772021574.073812,1772021574.031316,674.31640625,335.9375,-3.41796875,-994.140625,0.0,0,0
1772021574.073854,1772021574.0352104,-825.1953125,-772.4609375,-1000.0,-1000.0,0.0,0,0
1772021574.074005,1772021574.039105,171.875,171.875,-463.37890625,-157.2265625,0.0,0,0
1772021574.07405,1772021574.0429993,-1000.0,-1000.0,869.62890625,-807.12890625,0.0,0,0
1772021574.074091,1772021574.0468938,-917.96875,-1000.0,-874.0234375,422.36328125,0.0,0,0
1772021574.074132,1772021574.0507882,397.94921875,44.921875,161.62109375,-917.48046875,0.0,0,0
1772021574.118604,1772021574.054795,-783.203125,-767.578125,-1000.0,-1000.0,0.0,0,0
1772021574.1187441,1772021574.0586896,149.90234375,337.890625,-712.890625,-239.74609375,0.0,0,0
1772021574.118783,1772021574.062584,-1000.0,-946.77734375,671.38671875,-869.62890625,0.0,0,0
1772021574.118817,1772021574.0664785,-1000.0,-1000.0,-822.75390625,628.41796875,0.0,0,0
1772021574.1188521,1772021574.0703728,144.04296875,-148.4375,168.45703125,-771.484375,0.0,0,0
1772021574.118887,1772021574.0742674,-761.23046875,-822.75390625,-1000.0,-1000.0,0.0,0,0
1772021574.118919,1772021574.0781617,335.9375,536.62109375,-948.2421875,-207.51953125,0.0,0,0
1772021574.118953,1772021574.0820563,-951.66015625,-847.65625,351.07421875,-931.15234375,0.0,0,0
1772021574.118986,1772021574.0859506,-1000.0,-1000.0,-775.390625,850.5859375,0.0,0,0
1772021574.119017,1772021574.0898452,-46.38671875,-215.33203125,144.04296875,-479.98046875,0.0,0,0
1772021574.119051,1772021574.0937395,-803.7109375,-920.41015625,-1000.0,-1000.0,0.0,0,0
1772021574.119082,1772021574.0976338,523.4375,815.91796875,-1000.0,-221.6796875,0.0,0,0
1772021574.163394,1772021574.1016283,-840.33203125,-539.55078125,65.4296875,999.0234375,0.0,0,0
1772021574.163581,1772021574.1055229,-1000.0,-1000.0,-762.6953125,-971.6796875,0.0,0,0
1772021574.1636841,1772021574.1094172,-218.75,-178.7109375,241.69921875,-160.15625,0.0,0,0
1772021574.163732,1772021574.1133118,-911.62109375,-985.3515625,-991.2109375,-1000.0,0.0,0,0
1772021574.163776,1772021574.117206,781.73828125,-978.02734375,-1000.0,-365.72265625,0.0,0,0
1772021574.1638222,1772021574.1211007,-583.984375,-178.22265625,-124.51171875,924.31640625,0.0,0,0
1772021574.163865,1772021574.124995,-1000.0,-1000.0,-803.22265625,-909.1796875,0.0,0,0
1772021574.163905,1772021574.1288896,-193.84765625,-247.55859375,444.3359375,17.08984375,0.0,0,0
1772021574.163947,1772021574.1327841,-952.63671875,971.6796875,-901.85546875,-1000.0,0.0,0,0
1772021574.163989,1772021574.1366785,928.22265625,-924.8046875,-1000.0,-552.24609375,0.0,0,0
1772021574.1640298,1772021574.140573,-366.2109375,25.390625,-233.3984375,812.01171875,0.0,0,0
1772021574.1640708,1772021574.1444674,-1000.0,-1000.0,-884.27734375,-851.5625,0.0,0,0
1772021574.253068,1772021574.1486368,-171.38671875,-396.97265625,690.4296875,187.98828125,0.0,0,0
1772021574.253236,1772021574.1525314,-996.09375,903.3203125,-703.61328125,-1000.0,0.0,0,0
1772021574.2532852,1772021574.156426,-957.03125,-884.765625,-1000.0,-831.54296875,0.0,0,0
1772021574.2533278,1772021574.1603203,-71.2890625,219.7265625,-196.2890625,528.3203125,0.0,0,0
1772021574.253372,1772021574.1642148,-1000.0,-1000.0,-952.63671875,-798.828125,0.0,0,0
1772021574.253414,1772021574.1681094,-366.2109375,-579.58984375,923.828125,155.2734375,0.0,0,0
1772021574.2534559,1772021574.172004,917.96875,826.66015625,-373.53515625,-1000.0,0.0,0,0
1772021574.253498,1772021574.1758983,-896.484375,-855.46875,-1000.0,-1000.0,0.0,0,0
1772021574.253537,1772021574.179793,119.62890625,187.01171875,-172.8515625,218.26171875,0.0,0,0
1772021574.253579,1772021574.1836874,-1000.0,-1000.0,-991.69921875,-765.13671875,0.0,0,0
1772021574.253619,1772021574.187582,-565.4296875,-844.7265625,-962.890625,143.5546875,0.0,0,0
1772021574.253661,1772021574.1914763,818.359375,511.23046875,-95.703125,-1000.0,0.0,0,0
1772021574.267483,1772021574.1954656,-854.98046875,-794.921875,-1000.0,-1000.0,0.0,0,0
1772021574.2676349,1772021574.19936,193.84765625,150.390625,-367.1875,17.08984375,0.0,0,0
1772021574.267715,1772021574.2032545,-1000.0,-1000.0,921.875,-770.01953125,0.0,0,0
1772021574.267819,1772021574.207149,-764.16015625,-1000.0,-902.34375,340.33203125,0.0,0,0
1772021574.2678862,1772021574.2110436,615.72265625,148.4375,73.2421875,-948.73046875,0.0,0,0
1772021574.267949,1772021574.2149382,-815.4296875,-757.8125,-1000.0,-1000.0,0.0,0,0
1772021574.268039,1772021574.2188327,166.015625,240.234375,-559.08203125,-148.92578125,0.0,0,0
1772021574.268121,1772021574.222727,-1000.0,-995.1171875,815.91796875,-822.75390625,0.0,0,0
1772021574.268161,1772021574.2266216,-952.1484375,-1000.0,-852.5390625,536.62109375,0.0,0,0
1772021574.268194,1772021574.2305162,331.0546875,-41.50390625,187.98828125,-847.65625,0.0,0,0
1772021574.2683039,1772021574.2344108,-771.97265625,-788.0859375,-1000.0,-1000.0,0.0,0,0
1772021574.268359,1772021574.2383053,241.69921875,436.03515625,-832.03125,-217.28515625,0.0,0,0
1772021574.31404,1772021574.2423553,-999.51171875,-898.4375,527.83203125,-915.0390625,0.0,0,0
1772021574.314153,1772021574.24625,-1000.0,-1000.0,-797.8515625,796.875,0.0,0,0
1772021574.3141818,1772021574.2501445,48.828125,-200.68359375,152.83203125,-564.453125,0.0,0,0
1772021574.3142111,1772021574.254039,-776.3671875,-875.48828125,-1000.0,-1000.0,0.0,0,0
1772021574.3142378,1772021574.2579336,419.43359375,686.03515625,-1000.0,-183.10546875,0.0,0,0
1772021574.314265,1772021574.2618282,-903.80859375,-701.171875,183.10546875,-977.05078125,0.0,0,0
1772021574.314293,1772021574.2657228,-1000.0,-1000.0,-761.71875,996.09375,0.0,0,0
1772021574.3143191,1772021574.2696173,-139.16015625,-195.80078125,140.625,-224.12109375,0.0,0,0
1772021574.314346,1772021574.273512,-835.9375,-953.61328125,-1000.0,-1000.0,0.0,0,0
1772021574.314372,1772021574.2774065,580.078125,928.7109375,-1000.0,-269.53125,0.0,0,0
1772021574.314434,1772021574.2813008,-799.31640625,-366.2109375,-31.73828125,968.26171875,0.0,0,0
1772021574.314483,1772021574.2851954,-1000.0,-1000.0,-776.3671875,-932.12890625,0.0,0,0
1772021574.3585448,1772021574.2892344,-213.37890625,-170.8984375,342.7734375,-18.5546875,0.0,0,0
1772021574.358716,1772021574.293129,-920.8984375,-995.1171875,-948.2421875,-1000.0,0.0,0,0
1772021574.358782,1772021574.2970238,815.91796875,-952.1484375,-1000.0,-437.5,0.0,0,0
1772021574.3588421,1772021574.3009183,-539.55078125,-75.1953125,-193.84765625,881.8359375,0.0,0,0
1772021574.358948,1772021574.304813,-1000.0,-1000.0,-834.9609375,-879.39453125,0.0,0,0
1772021574.359037,1772021574.3087075,-179.19921875,-269.53125,542.96875,166.9921875,0.0,0,0
1772021574.359102,1772021574.312602,-985.83984375,960.44921875,-851.07421875,-1000.0,0.0,0,0
1772021574.3591611,1772021574.3164966,-979.4921875,-911.1328125,-1000.0,-631.8359375,0.0,0,0
1772021574.3592188,1772021574.3203912,-177.24609375,128.41796875,-216.796875,759.765625,0.0,0,0
1772021574.359277,1772021574.3242857,-1000.0,-1000.0,-915.52734375,-841.796875,0.0,0,0
1772021574.359333,1772021574.3281803,-268.06640625,-477.05078125,798.33984375,180.6640625,0.0,0,0
1772021574.359391,1772021574.3320749,964.35546875,875.48828125,-562.98828125,-1000.0,0.0,0,0
1772021574.4036858,1772021574.3361049,-924.8046875,-873.53515625,-1000.0,-874.51171875,0.0,0,0
1772021574.403824,1772021574.3399994,24.90234375,205.078125,-183.59375,464.84375,0.0,0,0
1772021574.403872,1772021574.343894,-1000.0,-1000.0,-975.09765625,-789.0625,0.0,0,0
1772021574.403914,1772021574.3477888,-464.35546875,-719.23828125,991.69921875,147.94921875,0.0,0,0
1772021574.403958,1772021574.3516834,867.67578125,675.29296875,-231.93359375,-1000.0,0.0,0,0
1772021574.404,1772021574.355578,-872.0703125,-823.73046875,-1000.0,-1000.0,0.0,0,0
1772021574.404039,1772021574.3594725,205.078125,167.48046875,-270.01953125,119.62890625,0.0,0,0
1772021574.4040818,1772021574.363367,-1000.0,-1000.0,968.26171875,-759.27734375,0.0,0,0
1772021574.404122,1772021574.3672616,-718.26171875,-956.0546875,-932.12890625,240.72265625,0.0,0,0
1772021574.404164,1772021574.3711562,675.29296875,336.42578125,-19.53125,-993.65234375,0.0,0,0
1772021574.404213,1772021574.3750508,-826.66015625,-772.94921875,-1000.0,-1000.0,0.0,0,0
1772021574.404253,1772021574.3789456,176.26953125,163.57421875,-453.61328125,-68.84765625,0.0,0,0
1772021574.44826,1772021574.3829618,-1000.0,-1000.0,875.9765625,-792.48046875,0.0,0,0
1772021574.4485161,1772021574.3868566,-879.39453125,-1000.0,-877.9296875,437.01171875,0.0,0,0
1772021574.448568,1772021574.3907511,456.54296875,51.26953125,140.625,-897.4609375,0.0,0,0
1772021574.448616,1772021574.3946457,-790.0390625,-767.08984375,-1000.0,-1000.0,0.0,0,0
1772021574.4486568,1772021574.3985403,149.90234375,338.8671875,-673.33984375,-230.95703125,0.0,0,0
1772021574.4487,1772021574.4024348,-1000.0,-949.21875,709.47265625,-891.6015625,0.0,0,0
1772021574.4487412,1772021574.4063296,-1000.0,-1000.0,-830.56640625,621.58203125,0.0,0,0
1772021574.448781,1772021574.4102242,144.04296875,-124.0234375,172.8515625,-746.09375,0.0,0,0
1772021574.448822,1772021574.4141188,-761.23046875,-818.359375,-1000.0,-1000.0,0.0,0,0
1772021574.448858,1772021574.4180133,335.44921875,533.69140625,-921.875,-205.56640625,0.0,0,0
1772021574.448891,1772021574.4219081,-951.66015625,-845.703125,391.6015625,-936.5234375,0.0,0,0
1772021574.4489229,1772021574.4258027,-1000.0,-1000.0,-780.76171875,870.1171875,0.0,0,0
1772021574.4929888,1772021574.4298062,-45.8984375,-215.33203125,145.99609375,-456.0546875,0.0,0,0
1772021574.4931278,1772021574.4337008,-804.19921875,-920.41015625,-1000.0,-1000.0,0.0,0,0
1772021574.4931772,1772021574.4375956,523.4375,815.91796875,-1000.0,-176.26953125,0.0,0,0
1772021574.493232,1772021574.4414902,-840.33203125,-539.55078125,93.75,-987.79296875,0.0,0,0
1772021574.493276,1772021574.4453847,-1000.0,-1000.0,-761.23046875,-973.6328125,0.0,0,0
1772021574.4933171,1772021574.4492793,-222.65625,-178.7109375,241.69921875,-139.16015625,0.0,0,0
1772021574.493361,1772021574.453174,-898.92578125,-985.3515625,-993.1640625,-1000.0,0.0,0,0
1772021574.493402,1772021574.4570687,734.86328125,-973.6328125,-1000.0,-354.00390625,0.0,0,0
1772021574.4934442,1772021574.4609632,-645.01953125,-183.10546875,-84.9609375,925.78125,0.0,0,0
1772021574.4934862,1772021574.464858,-1000.0,-1000.0,-794.921875,-905.2734375,0.0,0,0
1772021574.493525,1772021574.4687526,-194.82421875,-167.96875,427.24609375,56.15234375,0.0,0,0
1772021574.493567,1772021574.4726472,-953.61328125,999.0234375,-905.2734375,-1000.0,0.0,0,0
1772021574.537769,1772021574.476636,927.734375,-937.01171875,-1000.0,-504.39453125,0.0,0,0
1772021574.537869,1772021574.4805305,-366.2109375,31.73828125,-238.28125,847.65625,0.0,0,0
1772021574.5379,1772021574.4844253,-1000.0,-1000.0,-872.0703125,-864.74609375,0.0,0,0
1772021574.537927,1772021574.4883199,-171.38671875,-371.58203125,637.6953125,202.1484375,0.0,0,0
1772021574.537956,1772021574.4922147,-995.60546875,918.45703125,-760.7421875,-1000.0,0.0,0,0
1772021574.537983,1772021574.4961092,-957.03125,-891.11328125,-1000.0,-719.23828125,0.0,0,0
1772021574.5380092,1772021574.5000038,-71.77734375,208.0078125,-208.49609375,674.8046875,0.0,0,0
1772021574.538037,1772021574.5038986,-1000.0,-1000.0,-927.734375,-823.73046875,0.0,0,0
1772021574.538063,1772021574.5077932,-366.2109375,-577.63671875,842.28515625,168.9453125,0.0,0,0
1772021574.53809,1772021574.5116878,917.96875,826.171875,-498.046875,-1000.0,0.0,0,0
1772021574.538116,1772021574.5155826,-896.484375,-855.46875,-1000.0,-938.4765625,0.0,0,0
1772021574.538143,1772021574.5194771,119.62890625,188.96484375,-190.4296875,352.5390625,0.0,0,0
1772021574.582895,1772021574.5234566,-1000.0,-1000.0,-982.91015625,-776.3671875,0.0,0,0
1772021574.583004,1772021574.5273514,-565.4296875,-817.87109375,-995.1171875,250.0,0.0,0,0
1772021574.583033,1772021574.531246,818.359375,545.8984375,-198.2421875,-1000.0,0.0,0,0
1772021574.583061,1772021574.5351405,-853.515625,-803.7109375,-1000.0,-1000.0,0.0,0,0
1772021574.5830872,1772021574.5390353,186.5234375,163.57421875,-364.74609375,150.390625,0.0,0,0
1772021574.583115,1772021574.54293,-1000.0,-1000.0,923.828125,-781.73828125,0.0,0,0
1772021574.5831418,1772021574.5468247,-841.30859375,-957.03125,-911.62109375,518.06640625,0.0,0,0
1772021574.583169,1772021574.5507193,514.6484375,309.5703125,3.90625,-847.65625,0.0,0,0
1772021574.583196,1772021574.554614,-799.31640625,-773.4375,-1000.0,-1000.0,0.0,0,0
1772021574.583221,1772021574.5585086,160.64453125,339.84375,-543.45703125,9.27734375,0.0,0,0
1772021574.583248,1772021574.5624034,-1000.0,-958.49609375,817.3828125,-901.85546875,0.0,0,0
1772021574.583274,1772021574.566298,-976.5625,-1000.0,-854.4921875,885.25390625,0.0,0,0
1772021574.644295,1772021574.5702689,284.66796875,56.640625,173.33984375,-391.11328125,0.0,0,0
1772021574.644493,1772021574.5741637,-769.04296875,-790.52734375,-1000.0,-1000.0,0.0,0,0
1772021574.644543,1772021574.5780582,243.1640625,521.97265625,-821.77734375,-69.3359375,0.0,0,0
1772021574.644589,1772021574.581953,-1000.0,-845.703125,536.62109375,-969.23828125,0.0,0,0
1772021574.644632,1772021574.5858476,-1000.0,-1000.0,-799.31640625,-961.42578125,0.0,0,0
1772021574.644673,1772021574.5897424,48.33984375,-75.68359375,153.3203125,-73.73046875,0.0,0,0
1772021574.644716,1772021574.593637,-777.34375,-886.23046875,-1000.0,-1000.0,0.0,0,0
1772021574.644756,1772021574.5975318,430.6640625,796.875,-1000.0,-163.57421875,0.0,0,0
1772021574.6447968,1772021574.6014264,-898.4375,-528.80859375,188.96484375,985.3515625,0.0,0,0
1772021574.6448388,1772021574.6053212,-1000.0,-1000.0,-761.71875,-907.71484375,0.0,0,0
1772021574.6448781,1772021574.6092157,-132.32421875,-178.7109375,139.6484375,223.14453125,0.0,0,0
1772021574.64492,1772021574.6131105,-858.3984375,-985.3515625,-1000.0,-1000.0,0.0,0,0
1772021574.688777,1772021574.6171613,675.29296875,-973.6328125,-1000.0,-201.171875,0.0,0,0
1772021574.688977,1772021574.6210558,-695.80078125,-183.10546875,-44.43359375,-992.67578125,0.0,0,0
1772021574.689043,1772021574.6249506,-1000.0,-1000.0,-774.90234375,-913.0859375,0.0,0,0
1772021574.6891,1772021574.6288452,-200.1953125,-170.41015625,245.1171875,225.5859375,0.0,0,0
1772021574.689159,1772021574.63274,-944.82421875,-997.55859375,-987.3046875,-1000.0,0.0,0,0
1772021574.689215,1772021574.6366348,895.99609375,-933.59375,-1000.0,-198.73046875,0.0,0,0
1772021574.689273,1772021574.6405294,-416.015625,-10.25390625,-247.0703125,-996.58203125,0.0,0,0
1772021574.689334,1772021574.6444242,-1000.0,-1000.0,-833.0078125,-912.109375,0.0,0,0
1772021574.689388,1772021574.6483188,-177.24609375,-175.78125,460.9375,287.109375,0.0,0,0
1772021574.689444,1772021574.6522136,-985.83984375,997.0703125,-911.1328125,-1000.0,0.0,0,0
1772021574.689499,1772021574.6561084,-973.6328125,-922.8515625,-1000.0,-199.70703125,0.0,0,0
1772021574.689555,1772021574.660003,-153.3203125,156.73828125,-234.375,-999.0234375,0.0,0,0
1772021574.747023,1772021574.6640413,-1000.0,-1000.0,-880.859375,-920.8984375,0.0,0,0
1772021574.747184,1772021574.667936,-270.01953125,-373.046875,676.26953125,487.3046875,0.0,0,0
1772021574.7472498,1772021574.6718307,965.33203125,931.640625,-719.23828125,-1000.0,0.0,0,0
1772021574.7473102,1772021574.6757255,-925.29296875,-895.01953125,-1000.0,-232.91015625,0.0,0,0
1772021574.747369,1772021574.6796203,25.390625,223.14453125,-199.21875,-977.5390625,0.0,0,0
1772021574.747427,1772021574.683515,-1000.0,-1000.0,-946.77734375,-965.8203125,0.0,0,0
1772021574.7474859,1772021574.6874096,-464.35546875,-563.96484375,899.4140625,697.75390625,0.0,0,0
1772021574.7475462,1772021574.6913044,867.67578125,837.40234375,-394.53125,-929.6875,0.0,0,0
1772021574.7476091,1772021574.6951993,-872.0703125,-859.375,-1000.0,-390.13671875,0.0,0,0
1772021574.7476668,1772021574.6990938,209.9609375,190.4296875,-287.59765625,-988.76953125,0.0,0,0
1772021574.747725,1772021574.7029886,-1000.0,-1000.0,968.26171875,995.60546875,0.0,0,0
1772021574.7477791,1772021574.7068834,-638.671875,-812.98828125,-949.21875,871.58203125,0.0,0,0
1772021574.778166,1772021574.7109094,762.6953125,539.0625,-109.375,-686.5234375,0.0,0,0
1772021574.7783208,1772021574.7148042,-844.23828125,-798.33984375,-1000.0,-677.734375,0.0,0,0
1772021574.7783868,1772021574.718699,183.59375,250.48828125,-458.984375,899.4140625,0.0,0,0
1772021574.778433,1772021574.7225938,-1000.0,-1000.0,871.58203125,-980.95703125,0.0,0,0
1772021574.778475,1772021574.7264886,-844.7265625,-1000.0,-882.32421875,924.31640625,0.0,0,0
1772021574.778518,1772021574.7303832,510.25390625,150.390625,68.84765625,-362.79296875,0.0,0,0
1772021574.7786639,1772021574.734278,-795.8984375,-770.5078125,-1000.0,-1000.0,0.0,0,0
1772021574.778708,1772021574.7381728,149.90234375,429.19921875,-685.05859375,261.71875,0.0,0,0
1772021574.778741,1772021574.7420676,-1000.0,-902.83203125,681.15234375,-924.8046875,0.0,0,0
1772021574.778774,1772021574.7459624,-1000.0,-1000.0,-824.70703125,999.51171875,0.0,0,0
1772021574.778806,1772021574.7498572,144.04296875,-34.1796875,173.33984375,-84.47265625,0.0,0,0
1772021574.778838,1772021574.7537518,-761.23046875,-820.3125,-1000.0,-1000.0,0.0,0,0
1772021574.838827,1772021574.7578583,335.44921875,586.9140625,-910.15625,-148.92578125,0.0,0,0
1772021574.8390179,1772021574.761753,-951.66015625,-771.97265625,410.15625,-990.72265625,0.0,0,0
1772021574.839082,1772021574.765648,-1000.0,-1000.0,-783.69140625,-931.640625,0.0,0,0
1772021574.839126,1772021574.7695425,-46.38671875,-212.40234375,149.90234375,23.4375,0.0,0,0
1772021574.839168,1772021574.7734373,-798.33984375,-919.921875,-1000.0,-1000.0,0.0,0,0
1772021574.839211,1772021574.777332,479.98046875,816.40625,-1000.0,-176.26953125,0.0,0,0
1772021574.839252,1772021574.7812269,-868.1640625,-539.55078125,143.5546875,994.62890625,0.0,0,0
1772021574.839295,1772021574.7851217,-1000.0,-1000.0,-758.7890625,-910.64453125,0.0,0,0
1772021574.839335,1772021574.7890165,-229.98046875,-178.7109375,203.61328125,196.77734375,0.0,0,0
1772021574.839377,1772021574.7929113,-885.7421875,-985.3515625,-1000.0,-1000.0,0.0,0,0
1772021574.839416,1772021574.796806,690.4296875,-973.6328125,-1000.0,-197.75390625,0.0,0,0
1772021574.839458,1772021574.800701,-703.61328125,-183.10546875,-56.15234375,-994.62890625,0.0,0,0
1772021574.868453,1772021574.8047059,-1000.0,-1000.0,-786.62109375,-921.875,0.0,0,0
1772021574.868629,1772021574.8086007,-196.2890625,-167.96875,405.76171875,235.83984375,0.0,0,0
1772021574.8686888,1772021574.8124955,-954.58984375,999.0234375,-915.0390625,-1000.0,0.0,0,0
1772021574.868733,1772021574.8163903,928.22265625,-937.01171875,-1000.0,-398.4375,0.0,0,0
1772021574.868779,1772021574.820285,-366.2109375,31.73828125,-213.8671875,931.640625,0.0,0,0
1772021574.868822,1772021574.82418,-1000.0,-1000.0,-865.72265625,-894.53125,0.0,0,0
1772021574.868862,1772021574.8280747,-171.38671875,-371.58203125,638.671875,221.6796875,0.0,0,0
1772021574.868906,1772021574.8319695,-995.60546875,917.96875,-754.39453125,-1000.0,0.0,0,0
1772021574.868948,1772021574.8358643,-954.58984375,-891.11328125,-1000.0,-568.84765625,0.0,0,0
1772021574.86899,1772021574.839759,-73.73046875,206.0546875,-203.61328125,826.171875,0.0,0,0
1772021574.869032,1772021574.843654,-1000.0,-1000.0,-940.4296875,-855.95703125,0.0,0,0
1772021574.869072,1772021574.8475487,-312.5,-577.63671875,881.8359375,271.484375,0.0,0,0
1772021574.913385,1772021574.8515425,940.91796875,825.68359375,-437.98828125,-1000.0,0.0,0,0
1772021574.913568,1772021574.8554373,-904.296875,-854.98046875,-1000.0,-812.5,0.0,0,0
1772021574.913621,1772021574.859332,124.51171875,186.5234375,-175.29296875,551.7578125,0.0,0,0
1772021574.913673,1772021574.863227,-1000.0,-1000.0,-989.2578125,-811.03515625,0.0,0,0
1772021574.9137201,1772021574.867122,-477.05078125,-844.7265625,-966.796875,393.5546875,0.0,0,0
1772021574.9137652,1772021574.8710167,875.0,511.23046875,-129.8828125,-967.7734375,0.0,0,0
1772021574.913811,1772021574.8749115,-874.0234375,-794.921875,-1000.0,-1000.0,0.0,0,0
1772021574.913856,1772021574.8788064,205.078125,150.390625,-269.53125,270.01953125,0.0,0,0
1772021574.913903,1772021574.8827012,-1000.0,-1000.0,963.8671875,-793.9453125,0.0,0,0
1772021574.9139469,1772021574.886596,-719.23828125,-1000.0,-919.921875,520.5078125,0.0,0,0
1772021574.913992,1772021574.8904908,674.31640625,148.4375,59.5703125,-852.5390625,0.0,0,0
1772021574.9140391,1772021574.8943856,-824.21875,-757.32421875,-1000.0,-1000.0,0.0,0,0
1772021574.9720871,1772021574.8983703,166.9921875,239.2578125,-468.26171875,68.84765625,0.0,0,0
1772021574.972299,1772021574.902265,-1000.0,-993.1640625,870.60546875,-863.76953125,0.0,0,0
1772021574.972364,1772021574.9061599,-957.03125,-1000.0,-872.0703125,785.64453125,0.0,0,0
1772021574.9724228,1772021574.910055,336.9140625,-54.19921875,207.03125,-526.3671875,0.0,0,0
1772021574.972482,1772021574.9139497,-773.92578125,-789.55078125,-1000.0,-1000.0,0.0,0,0
1772021574.972537,1772021574.9178445,142.08984375,436.5234375,-689.94140625,-102.05078125,0.0,0,0
1772021574.972596,1772021574.9217393,-1000.0,-897.94921875,706.54296875,-943.84765625,0.0,0,0
1772021574.9726532,1772021574.9256341,-1000.0,-1000.0,-831.0546875,959.9609375,0.0,0,0
1772021574.972708,1772021574.9295292,42.48046875,-216.796875,174.31640625,-277.83203125,0.0,0,0
1772021574.972766,1772021574.933424,-767.578125,-879.8828125,-1000.0,-1000.0,0.0,0,0
1772021574.97282,1772021574.9373188,337.40234375,687.98828125,-908.69140625,-173.33984375,0.0,0,0
1772021574.972882,1772021574.9412136,-946.77734375,-702.1484375,412.109375,-992.1875,0.0,0,0
1772021575.019072,1772021574.945183,-1000.0,-1000.0,-783.203125,-947.265625,0.0,0,0
1772021575.0192409,1772021574.9490778,-148.92578125,-196.77734375,147.94921875,-81.54296875,0.0,0,0
1772021575.0192902,1772021574.952973,-823.73046875,-951.66015625,-1000.0,-1000.0,0.0,0,0
1772021575.019331,1772021574.9568677,536.1328125,920.8984375,-1000.0,-171.38671875,0.0,0,0
1772021575.0193741,1772021574.9607625,-847.65625,-377.9296875,117.67578125,997.0703125,0.0,0,0
1772021575.019418,1772021574.9646573,-1000.0,-1000.0,-762.6953125,-925.29296875,0.0,0,0
1772021575.019458,1772021574.9685524,-215.8203125,-172.36328125,338.37890625,104.98046875,0.0,0,0
1772021575.0195131,1772021574.9724472,-920.8984375,-992.67578125,-953.125,-1000.0,0.0,0,0
1772021575.019555,1772021574.976342,815.91796875,-957.03125,-1000.0,-327.1484375,0.0,0,0
1772021575.019596,1772021574.9802368,-540.0390625,-93.26171875,-45.8984375,944.82421875,0.0,0,0
1772021575.019647,1772021574.9841318,-1000.0,-1000.0,-801.7578125,-899.90234375,0.0,0,0
1772021575.0196962,1772021574.9880266,-179.19921875,-270.5078125,512.20703125,226.07421875,0.0,0,0
1772021575.063273,1772021574.9920762,-985.83984375,962.890625,-847.65625,-1000.0,0.0,0,0
1772021575.0634508,1772021574.9959712,-974.609375,-915.52734375,-1000.0,-520.99609375,0.0,0,0
1772021575.063498,1772021574.999866,-183.59375,91.796875,-219.23828125,864.2578125,0.0,0,0
1772021575.063543,1772021575.0037608,-1000.0,-1000.0,-910.64453125,-869.62890625,0.0,0,0
1772021575.063584,1772021575.0076559,-168.45703125,-472.16796875,781.25,199.21875,0.0,0,0
1772021575.063627,1772021575.0115507,998.046875,873.046875,-584.9609375,-1000.0,0.0,0,0
1772021575.063668,1772021575.0154455,-937.5,-872.55859375,-1000.0,-756.8359375,0.0,0,0
1772021575.0637078,1772021575.0193405,31.25,205.078125,-186.5234375,625.48828125,0.0,0,0
1772021575.063751,1772021575.0232353,-1000.0,-1000.0,-969.23828125,-814.94140625,0.0,0,0
1772021575.063793,1772021575.0271301,-371.09375,-719.23828125,978.02734375,162.109375,0.0,0,0
1772021575.06384,1772021575.0310252,916.015625,675.29296875,-273.92578125,-1000.0,0.0,0,0
1772021575.063885,1772021575.03492,-890.625,-823.73046875,-1000.0,-980.46875,0.0,0,0
1772021575.138582,1772021575.039139,221.19140625,169.43359375,-172.36328125,272.94921875,0.0,0,0
1772021575.1387599,1772021575.043034,-1000.0,-1000.0,-993.65234375,-768.5546875,0.0,0,0
1772021575.1388102,1772021575.046929,-580.078125,-941.89453125,-953.61328125,284.1796875,0.0,0,0
1772021575.138858,1772021575.050824,826.171875,361.328125,-56.15234375,-981.4453125,0.0,0,0
1772021575.138901,1772021575.0547187,-855.95703125,-776.3671875,-1000.0,-1000.0,0.0,0,0
1772021575.1389408,1772021575.0586138,186.5234375,144.53125,-367.67578125,35.15625,0.0,0,0
1772021575.138984,1772021575.0625088,-1000.0,-1000.0,919.43359375,-781.25,0.0,0,0
1772021575.139035,1772021575.0664036,-844.7265625,-1000.0,-895.99609375,439.94140625,0.0,0,0
1772021575.139076,1772021575.0702987,510.7421875,64.453125,120.1171875,-894.53125,0.0,0,0
1772021575.139125,1772021575.0741935,-795.8984375,-765.625,-1000.0,-1000.0,0.0,0,0
1772021575.1391711,1772021575.0780885,149.90234375,338.37890625,-557.6171875,-131.34765625,0.0,0,0
1772021575.139491,1772021575.0819833,-1000.0,-949.21875,824.21875,-857.91015625,0.0,0,0
1772021575.153924,1772021575.0860143,-1000.0,-1000.0,-854.98046875,675.78125,0.0,0,0
1772021575.154062,1772021575.089909,147.94921875,-112.79296875,189.453125,-695.80078125,0.0,0,0
1772021575.154131,1772021575.0938041,-758.30078125,-815.91796875,-1000.0,-1000.0,0.0,0,0
1772021575.154198,1772021575.0976992,238.76953125,532.2265625,-820.80078125,-195.80078125,0.0,0,0
1772021575.154249,1772021575.101594,-993.1640625,-845.21484375,542.48046875,-954.1015625,0.0,0,0
1772021575.154293,1772021575.105489,-1000.0,-1000.0,-801.26953125,928.7109375,0.0,0,0
1772021575.154334,1772021575.109384,-54.19921875,-215.33203125,155.76171875,-366.2109375,0.0,0,0
1772021575.154377,1772021575.1132789,-790.52734375,-920.41015625,-1000.0,-1000.0,0.0,0,0
1772021575.154418,1772021575.117174,435.05859375,816.40625,-1000.0,-170.8984375,0.0,0,0
1772021575.1544588,1772021575.121069,-896.484375,-539.55078125,213.8671875,-995.1171875,0.0,0,0
1772021575.1545,1772021575.1249638,-1000.0,-1000.0,-763.18359375,-952.1484375,0.0,0,0
1772021575.15454,1772021575.1288588,-233.88671875,-183.59375,212.890625,-75.1953125,0.0,0,0
1772021575.198387,1772021575.1328716,-884.765625,-973.14453125,-1000.0,-1000.0,0.0,0,0
1772021575.1985831,1772021575.1367667,689.94140625,992.67578125,-1000.0,-269.53125,0.0,0,0
1772021575.198647,1772021575.1406615,-703.61328125,-246.58203125,7.32421875,959.9609375,0.0,0,0
1772021575.198694,1772021575.1445565,-1000.0,-1000.0,-778.3203125,-910.64453125,0.0,0,0
1772021575.198737,1772021575.1484516,-196.2890625,-171.875,400.390625,127.9296875,0.0,0,0
1772021575.1987789,1772021575.1523466,-954.58984375,-994.140625,-918.9453125,-1000.0,0.0,0,0
1772021575.1988218,1772021575.1562414,928.22265625,-951.171875,-1000.0,-467.28515625,0.0,0,0
1772021575.198864,1772021575.1601365,-366.2109375,-42.96875,-139.6484375,880.37109375,0.0,0,0
1772021575.1989062,1772021575.1640315,-1000.0,-1000.0,-842.28515625,-875.48828125,0.0,0,0
1772021575.198946,1772021575.1679265,-171.38671875,-369.140625,613.76953125,207.03125,0.0,0,0
1772021575.1989892,1772021575.1718214,-995.60546875,920.41015625,-763.671875,-1000.0,0.0,0,0
1772021575.19903,1772021575.1757164,-952.63671875,-896.484375,-1000.0,-705.078125,0.0,0,0
1772021575.243883,1772021575.1797192,-75.1953125,120.1171875,-205.56640625,690.4296875,0.0,0,0
1772021575.24402,1772021575.1836143,-1000.0,-1000.0,-937.01171875,-827.1484375,0.0,0,0
1772021575.244066,1772021575.1875093,-269.53125,-564.94140625,871.09375,169.43359375,0.0,0,0
1772021575.24411,1772021575.1914043,959.47265625,819.3359375,-454.58984375,-1000.0,0.0,0,0
1772021575.244156,1772021575.1952991,-912.109375,-853.02734375,-1000.0,-945.3125,0.0,0,0
1772021575.2441971,1772021575.1991942,127.9296875,187.01171875,-175.29296875,355.46875,0.0,0,0
1772021575.244239,1772021575.2030892,-1000.0,-1000.0,-989.2578125,-775.390625,0.0,0,0
1772021575.2442791,1772021575.2069843,-477.05078125,-844.7265625,-965.8203125,142.578125,0.0,0,0
1772021575.244322,1772021575.2108793,875.0,511.23046875,-133.7890625,-1000.0,0.0,0,0
1772021575.2443619,1772021575.2147744,-874.0234375,-794.921875,-1000.0,-1000.0,0.0,0,0
1772021575.244402,1772021575.2186692,204.58984375,150.390625,-240.72265625,42.48046875,0.0,0,0
1772021575.2444448,1772021575.2225642,-1000.0,-1000.0,974.609375,-767.08984375,0.0,0,0
1772021575.288539,1772021575.2265558,-719.23828125,-1000.0,-923.33984375,337.40234375,0.0,0,0
1772021575.2886982,1772021575.2304506,674.31640625,148.4375,55.17578125,-946.77734375,0.0,0,0
1772021575.288735,1772021575.2343457,-824.21875,-757.32421875,-1000.0,-1000.0,0.0,0,0
1772021575.2887712,1772021575.2382407,166.9921875,239.2578125,-416.9921875,-148.92578125,0.0,0,0
1772021575.288807,1772021575.2421358,-1000.0,-993.1640625,896.484375,-818.359375,0.0,0,0
1772021575.2888398,1772021575.2460308,-957.03125,-1000.0,-882.32421875,498.53515625,0.0,0,0
1772021575.288872,1772021575.2499259,336.9140625,-53.7109375,215.33203125,-872.0703125,0.0,0,0
1772021575.288906,1772021575.253821,-773.92578125,-789.0625,-1000.0,-1000.0,0.0,0,0
1772021575.288936,1772021575.257716,142.08984375,426.7578125,-626.46484375,-229.4921875,0.0,0,0
1772021575.2889678,1772021575.261611,-1000.0,-901.3671875,776.3671875,-885.25390625,0.0,0,0
1772021575.289,1772021575.265506,-1000.0,-1000.0,-845.21484375,690.91796875,0.0,0,0
1772021575.289031,1772021575.2694008,42.48046875,-237.3046875,181.15234375,-703.61328125,0.0,0,0
1772021575.3483489,1772021575.2734714,-767.578125,-874.0234375,-1000.0,-1000.0,0.0,0,0
1772021575.348525,1772021575.2773664,337.40234375,646.484375,-876.46484375,-195.80078125,0.0,0,0
1772021575.348574,1772021575.2812614,-946.77734375,-751.953125,462.40234375,-953.61328125,0.0,0,0
1772021575.348618,1772021575.2851565,-1000.0,-1000.0,-789.0625,923.33984375,0.0,0,0
1772021575.348663,1772021575.2890515,-148.92578125,-206.54296875,148.92578125,-359.86328125,0.0,0,0
1772021575.348707,1772021575.2929466,-823.2421875,-931.640625,-1000.0,-1000.0,0.0,0,0
1772021575.348747,1772021575.2968416,536.1328125,855.46875,-1000.0,-270.99609375,0.0,0,0
1772021575.348795,1772021575.3007367,-847.65625,-479.00390625,129.39453125,970.703125,0.0,0,0
1772021575.3488488,1772021575.3046317,-1000.0,-1000.0,-760.25390625,-943.84765625,0.0,0,0
1772021575.348889,1772021575.3085268,-215.33203125,-178.7109375,294.921875,-77.1484375,0.0,0,0
1772021575.3489401,1772021575.3124218,-921.38671875,-983.3984375,-970.703125,-1000.0,0.0,0,0
1772021575.348982,1772021575.3163168,815.91796875,-979.4921875,-1000.0,-459.47265625,0.0,0,0
1772021575.393315,1772021575.3202865,-539.55078125,-176.7578125,-53.22265625,869.62890625,0.0,0,0
1772021575.393527,1772021575.3241816,-1000.0,-1000.0,-794.43359375,-877.44140625,0.0,0,0
1772021575.393593,1772021575.3280766,-178.7109375,-277.83203125,458.984375,104.98046875,0.0,0,0
1772021575.393653,1772021575.3319716,-985.83984375,960.44921875,-882.32421875,-1000.0,0.0,0,0
1772021575.393714,1772021575.3358667,-975.5859375,-922.36328125,-1000.0,-682.12890625,0.0,0,0
1772021575.393771,1772021575.339762,-182.12890625,24.90234375,-231.4453125,691.89453125,0.0,0,0
1772021575.393829,1772021575.343657,-1000.0,-1000.0,-886.71875,-826.66015625,0.0,0,0
1772021575.393882,1772021575.347552,-189.94140625,-463.8671875,696.2890625,173.33984375,0.0,0,0
1772021575.39394,1772021575.351447,990.72265625,868.1640625,-696.2890625,-1000.0,0.0,0,0
1772021575.393995,1772021575.3553421,-934.08203125,-871.09375,-1000.0,-915.52734375,0.0,0,0
1772021575.394051,1772021575.3592372,29.78515625,205.078125,-195.80078125,401.85546875,0.0,0,0
1772021575.3941078,1772021575.3631322,-1000.0,-1000.0,-954.1015625,-782.2265625,0.0,0,0
1772021575.451929,1772021575.367179,-371.09375,-719.23828125,928.7109375,147.94921875,0.0,0,0
1772021575.4521432,1772021575.371074,916.015625,675.29296875,-366.2109375,-1000.0,0.0,0,0
1772021575.4522119,1772021575.374969,-890.625,-823.2421875,-1000.0,-1000.0,0.0,0,0
1772021575.4522712,1772021575.378864,221.19140625,167.48046875,-170.8984375,119.140625,0.0,0,0
1772021575.4523342,1772021575.382759,-1000.0,-1000.0,-995.1171875,-760.25390625,0.0,0,0
1772021575.452389,1772021575.3866544,-580.078125,-957.03125,-955.56640625,221.6796875,0.0,0,0
1772021575.452447,1772021575.3905494,826.66015625,337.40234375,-72.265625,-1000.0,0.0,0,0
1772021575.452502,1772021575.3944445,-855.95703125,-772.94921875,-1000.0,-1000.0,0.0,0,0
1772021575.452557,1772021575.3983395,186.5234375,142.578125,-348.14453125,-55.17578125,0.0,0,0
1772021575.452613,1772021575.4022346,-1000.0,-1000.0,926.7578125,-787.109375,0.0,0,0
1772021575.452666,1772021575.4061298,-844.7265625,-1000.0,-898.92578125,410.15625,0.0,0,0
1772021575.4527218,1772021575.410025,510.7421875,43.45703125,117.67578125,-909.66796875,0.0,0,0
1772021575.4834461,1772021575.4140608,-795.8984375,-766.11328125,-1000.0,-1000.0,0.0,0,0
1772021575.483632,1772021575.4179559,149.90234375,323.73046875,-532.2265625,-240.234375,0.0,0,0
1772021575.4836822,1772021575.4218512,-1000.0,-953.125,839.35546875,-868.65234375,0.0,0,0
1772021575.483726,1772021575.4257462,-1000.0,-1000.0,-860.83984375,625.0,0.0,0,0
1772021575.4839392,1772021575.4296412,147.4609375,-149.90234375,196.2890625,-775.390625,0.0,0,0
1772021575.483985,1772021575.4335363,-758.7890625,-818.359375,-1000.0,-1000.0,0.0,0,0
1772021575.4840362,1772021575.4374316,254.8828125,505.37109375,-770.5078125,-209.47265625,0.0,0,0
1772021575.4840782,1772021575.4413266,-986.328125,-867.67578125,607.91015625,-926.7578125,0.0,0,0
1772021575.484121,1772021575.4452217,-1000.0,-1000.0,-813.4765625,838.37890625,0.0,0,0
1772021575.48416,1772021575.449117,-52.734375,-225.09765625,166.015625,-505.37109375,0.0,0,0
1772021575.484203,1772021575.453012,-790.52734375,-897.94921875,-1000.0,-1000.0,0.0,0,0
1772021575.484242,1772021575.456907,435.05859375,735.83984375,-953.61328125,-178.7109375,0.0,0,0
1772021575.556185,1772021575.4610193,-896.484375,-644.53125,333.0078125,-984.375,0.0,0,0
1772021575.556226,1772021575.4649143,-1000.0,-1000.0,-771.97265625,-983.88671875,0.0,0,0
1772021575.5562391,1772021575.4688096,-230.46875,-194.82421875,210.44921875,-172.8515625,0.0,0,0
1772021575.556253,1772021575.4727046,-895.99609375,-952.63671875,-1000.0,-1000.0,0.0,0,0
1772021575.556266,1772021575.4766,731.4453125,923.33984375,-1000.0,-372.0703125,0.0,0,0
1772021575.556279,1772021575.480495,-650.390625,-359.86328125,46.875,918.9453125,0.0,0,0
1772021575.556293,1772021575.48439,-1000.0,-1000.0,-772.94921875,-907.71484375,0.0,0,0
1772021575.556305,1772021575.4882853,-191.89453125,-270.99609375,390.13671875,12.6953125,0.0,0,0
1772021575.556319,1772021575.4921803,-961.9140625,971.19140625,-919.43359375,-1000.0,0.0,0,0
1772021575.556333,1772021575.4960756,951.171875,-942.87109375,-1000.0,-616.69921875,0.0,0,0
1772021575.5563462,1772021575.4999707,-322.75390625,-77.63671875,-141.6015625,741.69921875,0.0,0,0
1772021575.5563588,1772021575.503866,-1000.0,-1000.0,-834.47265625,-835.9375,0.0,0,0
1772021575.572165,1772021575.507879,-170.8984375,-438.96484375,581.54296875,176.26953125,0.0,0,0
1772021575.572196,1772021575.5117743,-997.0703125,880.37109375,-798.828125,-1000.0,0.0,0,0
1772021575.572212,1772021575.5156696,-952.63671875,-881.8359375,-1000.0,-910.15625,0.0,0,0
1772021575.572226,1772021575.5195646,-47.8515625,110.3515625,-213.37890625,410.15625,0.0,0,0
1772021575.5722399,1772021575.52346,-1000.0,-1000.0,-920.41015625,-782.71484375,0.0,0,0
1772021575.572254,1772021575.527355,-368.1640625,-622.0703125,815.91796875,145.99609375,0.0,0,0
1772021575.572269,1772021575.5312502,918.45703125,757.32421875,-539.55078125,-1000.0,0.0,0,0
1772021575.572282,1772021575.5351453,-895.99609375,-841.30859375,-1000.0,-1000.0,0.0,0,0
1772021575.572295,1772021575.5390406,132.8125,184.08203125,-178.7109375,99.609375,0.0,0,0
1772021575.572309,1772021575.5429356,-1000.0,-1000.0,-985.3515625,-762.6953125,0.0,0,0
1772021575.572321,1772021575.546831,-566.89453125,-844.7265625,-978.02734375,141.6015625,0.0,0,0
1772021575.572335,1772021575.550726,819.3359375,510.7421875,-178.22265625,-1000.0,0.0,0,0
1772021575.646123,1772021575.5548131,-854.4921875,-794.921875,-1000.0,-1000.0,0.0,0,0
1772021575.646167,1772021575.5587084,186.5234375,150.390625,-245.60546875,-97.16796875,0.0,0,0
1772021575.6461911,1772021575.5626035,-1000.0,-1000.0,974.12109375,-785.64453125,0.0,0,0
1772021575.6462111,1772021575.5664988,-844.7265625,-1000.0,-929.6875,303.7109375,0.0,0,0
1772021575.646231,1772021575.570394,510.7421875,148.4375,12.6953125,-966.796875,0.0,0,0
1772021575.646251,1772021575.574289,-796.38671875,-757.32421875,-1000.0,-1000.0,0.0,0,0
1772021575.64627,1772021575.5781844,152.34375,239.2578125,-433.59375,-254.39453125,0.0,0,0
1772021575.6462898,1772021575.5820794,-1000.0,-993.1640625,885.7421875,-837.890625,0.0,0,0
1772021575.6463091,1772021575.5859747,-1000.0,-1000.0,-879.8828125,462.890625,0.0,0,0
1772021575.646328,1772021575.58987,178.22265625,-53.7109375,179.6875,-911.62109375,0.0,0,0
1772021575.646348,1772021575.593765,-760.25390625,-789.0625,-1000.0,-1000.0,0.0,0,0
1772021575.646366,1772021575.5976603,243.1640625,443.359375,-662.59765625,-233.3984375,0.0,0,0
1772021575.6775732,1772021575.6017327,-1000.0,-944.82421875,766.6015625,-884.27734375,0.0,0,0
1772021575.6776252,1772021575.6056278,-1000.0,-1000.0,-812.98828125,690.91796875,0.0,0,0
1772021575.677651,1772021575.609523,131.34765625,-234.375,70.80078125,-767.08984375,0.0,0,0
1772021575.677675,1772021575.6134183,-7.32421875,-406.73828125,160.15625,-1000.0,0.0,0,0
1772021575.677697,1772021575.6173136,-1000.0,-1000.0,-874.51171875,-1000.0,0.0,0,0
1772021575.677719,1772021575.621209,-957.51953125,-960.44921875,935.546875,-220.703125,0.0,0,0
1772021575.677742,1772021575.625104,-993.1640625,-1000.0,966.796875,-969.7265625,0.0,0,0
1772021575.6777642,1772021575.6289992,-1000.0,-1000.0,972.16796875,-398.4375,0.0,0,0
1772021575.677786,1772021575.6328945,-980.95703125,-1000.0,972.16796875,-1000.0,0.0,0,0
1772021575.677808,1772021575.6367898,-968.75,-1000.0,972.16796875,-1000.0,0.0,0,0
1772021575.67783,1772021575.6406848,-1000.0,-1000.0,971.6796875,-359.375,0.0,0,0
1772021575.677851,1772021575.6445801,227.05078125,-1000.0,971.6796875,-887.6953125,0.0,0,0
1772021575.768011,1772021575.6489084,307.12890625,-1000.0,972.16796875,-99.12109375,0.0,0,0
1772021575.7681339,1772021575.6528037,-1000.0,-1000.0,972.16796875,-1000.0,0.0,0,0
1772021575.768178,1772021575.656699,-1000.0,-1000.0,972.16796875,-1000.0,0.0,0,0
1772021575.768223,1772021575.6605942,-890.625,-1000.0,972.16796875,-427.734375,0.0,0,0
1772021575.768265,1772021575.6644895,682.12890625,-1000.0,971.6796875,-875.9765625,0.0,0,0
1772021575.768307,1772021575.6683848,658.203125,-1000.0,972.16796875,189.453125,0.0,0,0
1772021575.768348,1772021575.67228,-903.80859375,-1000.0,974.12109375,-1000.0,0.0,0,0
1772021575.768388,1772021575.6761754,-1000.0,-1000.0,960.44921875,-1000.0,0.0,0,0
1772021575.768426,1772021575.6800706,-804.19921875,-937.5,927.734375,-464.35546875,0.0,0,0
1772021575.768468,1772021575.683966,529.78515625,-1000.0,-910.15625,-900.87890625,0.0,0,0
1772021575.768508,1772021575.6878614,-920.41015625,-202.63671875,-5.37109375,546.875,0.0,0,0
1772021575.76855,1772021575.6917567,841.30859375,970.703125,-1000.0,-1000.0,0.0,0,0
1772021575.770154,1772021575.695827,-885.25390625,-933.59375,-958.49609375,-90.33203125,0.0,0,0
1772021575.770252,1772021575.6997223,260.25390625,639.6484375,-987.79296875,-898.92578125,0.0,0,0
1772021575.770293,1772021575.7036176,-1000.0,-984.375,-1000.0,960.9375,0.0,0,0
1772021575.770327,1772021575.7075129,-333.984375,-264.6484375,-1000.0,919.43359375,0.0,0,0
1772021575.7703612,1772021575.7114081,958.984375,-962.890625,-1000.0,487.3046875,0.0,0,0
1772021575.770394,1772021575.7153037,-906.73828125,-979.00390625,-923.33984375,840.33203125,0.0,0,0
1772021575.770429,1772021575.719199,226.5625,749.51171875,-1000.0,-981.4453125,0.0,0,0
1772021575.7704608,1772021575.7230942,-1000.0,-873.046875,-338.37890625,935.05859375,0.0,0,0
1772021575.77052,1772021575.7269895,-580.078125,-386.71875,187.98828125,-922.36328125,0.0,0,0
1772021575.770634,1772021575.7308848,826.171875,-988.76953125,-1000.0,29.296875,0.0,0,0
1772021575.770674,1772021575.7347803,-856.4453125,-982.91015625,-988.76953125,284.1796875,0.0,0,0
1772021575.770709,1772021575.7386756,186.03515625,787.59765625,-1000.0,-873.046875,0.0,0,0
1772021575.8268611,1772021575.7427173,-1000.0,-796.875,91.30859375,872.0703125,0.0,0,0
1772021575.827026,1772021575.7466125,-836.9140625,-673.828125,949.21875,-841.30859375,0.0,0,0
1772021575.8270888,1772021575.7505078,501.953125,873.53515625,-586.9140625,-153.3203125,0.0,0,0
1772021575.827192,1772021575.7544034,-797.8515625,-947.75390625,-1000.0,-333.984375,0.0,0,0
1772021575.8272781,1772021575.7582986,316.89453125,823.73046875,-945.3125,-925.78125,0.0,0,0
1772021575.827342,1772021575.762194,-1000.0,-595.21484375,292.48046875,929.19921875,0.0,0,0
1772021575.827401,1772021575.7660892,-1000.0,-1000.0,-843.75,-968.26171875,0.0,0,0
1772021575.827457,1772021575.7699847,243.65234375,487.3046875,-107.421875,46.38671875,0.0,0,0
1772021575.827517,1772021575.77388,-783.69140625,-908.69140625,-1000.0,-1000.0,0.0,0,0
1772021575.82758,1772021575.7777753,428.7109375,893.5546875,-954.1015625,49.31640625,0.0,0,0
1772021575.827793,1772021575.7816708,-900.87890625,-352.5390625,281.73828125,-952.1484375,0.0,0,0
1772021575.8278558,1772021575.785566,-1000.0,-1000.0,-769.04296875,-941.40625,0.0,0,0
1772021575.8590899,1772021575.7895951,-29.296875,62.01171875,151.3671875,242.67578125,0.0,0,0
1772021575.85922,1772021575.7934904,-838.37890625,-929.19921875,-1000.0,-1000.0,0.0,0,0
1772021575.859266,1772021575.7973857,663.0859375,995.1171875,-1000.0,-201.66015625,0.0,0,0
1772021575.859309,1772021575.8012812,-688.4765625,-165.52734375,156.25,-992.1875,0.0,0,0
1772021575.859352,1772021575.8051765,-1000.0,-1000.0,-761.71875,-913.0859375,0.0,0,0
1772021575.859392,1772021575.809072,-196.2890625,-175.29296875,146.97265625,225.5859375,0.0,0,0
1772021575.859435,1772021575.8129673,-954.58984375,-988.76953125,-1000.0,-1000.0,0.0,0,0
1772021575.859478,1772021575.8168626,927.734375,-946.77734375,-1000.0,-201.66015625,0.0,0,0
1772021575.859519,1772021575.820758,-366.2109375,-81.54296875,41.50390625,-992.67578125,0.0,0,0
1772021575.859561,1772021575.8246534,-1000.0,-1000.0,-772.4609375,-922.8515625,0.0,0,0
1772021575.8596008,1772021575.828549,-171.38671875,-176.26953125,404.296875,235.83984375,0.0,0,0
1772021575.859642,1772021575.8324442,-995.60546875,-995.1171875,-923.828125,-1000.0,0.0,0,0
1772021575.9030678,1772021575.836462,-951.171875,-936.03515625,-1000.0,-398.4375,0.0,0,0
1772021575.9032168,1772021575.8403573,-77.63671875,31.73828125,-49.31640625,931.640625,0.0,0,0
1772021575.9032671,1772021575.8442528,-1000.0,-1000.0,-840.8203125,-893.06640625,0.0,0,0
1772021575.903312,1772021575.848148,-234.86328125,-335.44921875,667.96875,205.56640625,0.0,0,0
1772021575.9033558,1772021575.8520436,971.6796875,932.6171875,-693.359375,-1000.0,0.0,0,0
1772021575.903399,1772021575.855939,-919.43359375,-896.484375,-1000.0,-796.38671875,0.0,0,0
1772021575.9034398,1772021575.8598344,130.859375,224.12109375,-143.5546875,574.21875,0.0,0,0
1772021575.9034822,1772021575.8637297,-1000.0,-1000.0,-967.28515625,-801.7578125,0.0,0,0
1772021575.903522,1772021575.8676252,-559.5703125,-581.54296875,991.69921875,143.5546875,0.0,0,0
1772021575.903567,1772021575.8715205,822.265625,824.70703125,-232.91015625,-1000.0,0.0,0,0
1772021575.903609,1772021575.875416,-854.98046875,-853.02734375,-1000.0,-1000.0,0.0,0,0
1772021575.90365,1772021575.8793113,187.01171875,177.24609375,-169.921875,65.4296875,0.0,0,0
1772021575.948611,1772021575.8833187,-1000.0,-1000.0,-997.55859375,-819.82421875,0.0,0,0
1772021575.948766,1772021575.8872142,-844.7265625,-927.734375,-937.01171875,150.390625,0.0,0,0
1772021575.948832,1772021575.8911095,510.7421875,383.30078125,-26.85546875,-974.609375,0.0,0,0
1772021575.948895,1772021575.895005,-795.41015625,-778.80859375,-1000.0,-1000.0,0.0,0,0
1772021575.9489532,1772021575.8989003,149.90234375,144.53125,-175.29296875,-195.3125,0.0,0,0
1772021575.949012,1772021575.9027958,-1000.0,-1000.0,998.046875,-817.87109375,0.0,0,0
1772021575.9490712,1772021575.906691,-1000.0,-1000.0,-920.41015625,436.5234375,0.0,0,0
1772021575.949128,1772021575.9105866,147.94921875,72.75390625,130.37109375,-915.52734375,0.0,0,0
1772021575.9491892,1772021575.914482,-757.8125,-762.20703125,-1000.0,-1000.0,0.0,0,0
1772021575.949249,1772021575.9183774,238.76953125,242.67578125,-286.62109375,-239.2578125,0.0,0,0
1772021575.949307,1772021575.922273,-993.65234375,-993.1640625,965.8203125,-868.65234375,0.0,0,0
1772021575.949375,1772021575.9261682,-1000.0,-1000.0,-907.2265625,623.53515625,0.0,0,0
1772021576.036455,1772021575.9301648,-54.19921875,-97.16796875,229.98046875,-776.3671875,0.0,0,0
1772021576.036628,1772021575.9340603,-790.52734375,-796.875,-1000.0,-1000.0,0.0,0,0
1772021576.036693,1772021575.9379559,437.98828125,428.22265625,-491.2109375,-206.54296875,0.0,0,0
1772021576.036758,1772021575.9418511,-900.390625,-906.25,883.30078125,-934.5703125,0.0,0,0
1772021576.036816,1772021575.9457467,-1000.0,-1000.0,-875.9765625,858.3984375,0.0,0,0
1772021576.03687,1772021575.9496422,-187.5,-237.79296875,205.078125,-458.0078125,0.0,0,0
1772021576.0369658,1772021575.9535375,-872.55859375,-872.0703125,-1000.0,-1000.0,0.0,0,0
1772021576.037108,1772021575.957433,683.59375,640.13671875,-721.6796875,-294.43359375,0.0,0,0
1772021576.037247,1772021575.9613285,-700.1953125,-758.7890625,671.38671875,972.16796875,0.0,0,0
1772021576.0373151,1772021575.9652238,-1000.0,-1000.0,-822.75390625,-961.42578125,0.0,0,0
1772021576.037405,1772021575.9691193,-196.2890625,-207.03125,165.52734375,-158.203125,0.0,0,0
1772021576.037499,1772021575.9730146,-954.58984375,-931.15234375,-1000.0,-1000.0,0.0,0,0
1772021576.0386539,1772021575.9770083,928.22265625,852.5390625,-962.40234375,-459.47265625,0.0,0,0
1772021576.038711,1772021575.9809039,-366.2109375,-483.3984375,310.05859375,875.48828125,0.0,0,0
1772021576.0387578,1772021575.9847991,-1000.0,-1000.0,-770.01953125,-890.625,0.0,0,0
1772021576.038801,1772021575.9886947,-173.828125,-178.7109375,250.9765625,0.48828125,0.0,0,0
1772021576.0388439,1772021575.9925902,-991.2109375,-983.3984375,-995.60546875,-1000.0,0.0,0,0
1772021576.038887,1772021575.9964857,-960.9375,-983.3984375,-1000.0,-691.89453125,0.0,0,0
1772021576.0389278,1772021576.000381,-107.421875,-172.8515625,42.48046875,660.15625,0.0,0,0
1772021576.03897,1772021576.0042765,-1000.0,-1000.0,-776.3671875,-818.84765625,0.0,0,0
1772021576.039017,1772021576.008172,-273.92578125,-364.2578125,411.62109375,167.48046875,0.0,0,0
1772021576.0390599,1772021576.0120673,968.26171875,923.33984375,-909.1796875,-1000.0,0.0,0,0
1772021576.039101,1772021576.0159628,-925.29296875,-907.71484375,-1000.0,-957.03125,0.0,0,0
1772021576.039142,1772021576.0198584,24.90234375,17.578125,-139.6484375,337.40234375,0.0,0,0
1772021576.0835578,1772021576.0238328,-1000.0,-1000.0,-835.44921875,-773.4375,0.0,0,0
1772021576.083719,1772021576.0277283,-469.23828125,-498.53515625,582.51953125,142.578125,0.0,0,0
1772021576.083789,1772021576.0316238,875.0,854.00390625,-797.36328125,-1000.0,0.0,0,0
1772021576.083848,1772021576.0355194,-878.90625,-868.1640625,-1000.0,-1000.0,0.0,0,0
1772021576.083905,1772021576.0394146,127.44140625,125.0,-188.96484375,52.734375,0.0,0,0
1772021576.083976,1772021576.0433102,-1000.0,-1000.0,-981.93359375,-765.625,0.0,0,0
1772021576.084028,1772021576.0472057,-567.3828125,-834.9609375,-995.1171875,141.11328125,0.0,0,0
1772021576.084071,1772021576.0511012,819.82421875,505.859375,-222.65625,-1000.0,0.0,0,0
1772021576.084113,1772021576.0549965,-854.00390625,-793.45703125,-1000.0,-1000.0,0.0,0,0
1772021576.0841532,1772021576.058892,186.5234375,150.390625,-173.33984375,-152.83203125,0.0,0,0
1772021576.0842,1772021576.0627875,-1000.0,-1000.0,-992.1875,-797.8515625,0.0,0,0
1772021576.084241,1772021576.066683,-844.7265625,-1000.0,-948.73046875,158.69140625,0.0,0,0
1772021576.144028,1772021576.0706453,510.7421875,154.78515625,-57.12890625,-1000.0,0.0,0,0
1772021576.144266,1772021576.0745409,-797.8515625,-761.23046875,-1000.0,-1000.0,0.0,0,0
1772021576.144364,1772021576.0784361,157.2265625,146.484375,-270.01953125,-264.16015625,0.0,0,0
1772021576.144434,1772021576.0823317,-1000.0,-1000.0,967.28515625,-825.68359375,0.0,0,0
1772021576.144491,1772021576.0862272,-993.1640625,-1000.0,-917.96875,355.95703125,0.0,0,0
1772021576.1445482,1772021576.0901227,241.69921875,38.57421875,83.984375,-966.30859375,0.0,0,0
1772021576.144609,1772021576.0940182,-767.578125,-764.6484375,-1000.0,-1000.0,0.0,0,0
1772021576.1446662,1772021576.0979135,344.23828125,261.23046875,-490.234375,-247.55859375,0.0,0,0
1772021576.144725,1772021576.101809,-1000.0,-1000.0,947.75390625,-863.76953125,0.0,0,0
1772021576.144779,1772021576.1057045,-999.51171875,-995.1171875,-967.7734375,613.76953125,0.0,0,0
1772021576.1448379,1772021576.1096,-535.15625,-666.015625,441.40625,-851.07421875,0.0,0,0
1772021576.144895,1772021576.1134956,-895.01953125,-907.71484375,735.3515625,-987.3046875,0.0,0,0
1772021576.202537,1772021576.1175373,-991.2109375,-1000.0,-939.453125,-1000.0,0.0,0,0
1772021576.202713,1772021576.1214328,-1000.0,-977.05078125,935.546875,-216.796875,0.0,0,0
1772021576.2027788,1772021576.1253283,-470.21484375,-1000.0,981.93359375,-983.3984375,0.0,0,0
1772021576.202969,1772021576.1292238,45.41015625,-1000.0,971.6796875,-418.45703125,0.0,0,0
1772021576.203032,1772021576.1331193,-952.63671875,-1000.0,972.16796875,-1000.0,0.0,0,0
1772021576.2030878,1772021576.1370149,-1000.0,-1000.0,972.16796875,-1000.0,0.0,0,0
1772021576.203146,1772021576.1409104,-691.40625,-1000.0,972.16796875,-257.32421875,0.0,0,0
1772021576.203203,1772021576.1448057,915.0390625,-1000.0,971.6796875,-858.88671875,0.0,0,0
1772021576.20326,1772021576.1487012,259.27734375,-1000.0,972.16796875,-134.27734375,0.0,0,0
1772021576.203316,1772021576.1525967,-1000.0,-1000.0,978.515625,-1000.0,0.0,0,0
1772021576.203368,1772021576.1564922,-1000.0,-1000.0,931.15234375,-1000.0,0.0,0,0
1772021576.2034209,1772021576.1603878,-460.44921875,-1000.0,-972.16796875,-275.390625,0.0,0,0
1772021576.23357,1772021576.1644163,-902.83203125,-1000.0,922.36328125,-819.82421875,0.0,0,0
1772021576.2337458,1772021576.1683118,393.06640625,-1000.0,246.58203125,163.0859375,0.0,0,0
1772021576.233823,1772021576.1722074,-966.30859375,-1000.0,749.51171875,-1000.0,0.0,0,0
1772021576.233896,1772021576.1761029,-1000.0,-988.28125,-979.98046875,-1000.0,0.0,0,0
1772021576.233951,1772021576.1799984,-443.84765625,-1000.0,-938.96484375,-254.8828125,0.0,0,0
1772021576.234009,1772021576.183894,-937.01171875,-980.46875,184.5703125,-824.21875,0.0,0,0
1772021576.234067,1772021576.1877894,623.046875,-804.19921875,-1000.0,173.33984375,0.0,0,0
1772021576.234123,1772021576.191685,-808.59375,-956.0546875,-85.44921875,-1000.0,0.0,0,0
1772021576.234178,1772021576.1955805,-1000.0,-958.0078125,-832.51953125,-1000.0,0.0,0,0
1772021576.234232,1772021576.199476,-409.66796875,-1000.0,750.9765625,-260.7421875,0.0,0,0
1772021576.2342882,1772021576.2033715,-996.09375,-82.51953125,-576.171875,-823.2421875,0.0,0,0
1772021576.234345,1772021576.207267,839.84375,356.93359375,-1000.0,267.578125,0.0,0,0
1772021576.277976,1772021576.211283,-545.41015625,-1000.0,-227.05078125,-996.09375,0.0,0,0
1772021576.2781062,1772021576.2151785,-1000.0,-981.93359375,-840.8203125,-1000.0,0.0,0,0
1772021576.278152,1772021576.219074,-375.48828125,-1000.0,455.56640625,-358.3984375,0.0,0,0
1772021576.278195,1772021576.2229695,938.4765625,206.54296875,-894.53125,-870.1171875,0.0,0,0
1772021576.278239,1772021576.226865,-954.58984375,694.82421875,-1000.0,469.23828125,0.0,0,0
1772021576.27828,1772021576.2307606,-187.5,-922.36328125,-582.51953125,-909.66796875,0.0,0,0
1772021576.278323,1772021576.234656,-1000.0,-1000.0,997.55859375,-1000.0,0.0,0,0
1772021576.278361,1772021576.2385516,-497.0703125,-1000.0,558.10546875,-430.17578125,0.0,0,0
1772021576.2784011,1772021576.2424471,840.33203125,110.83984375,-956.54296875,-959.9609375,0.0,0,0
1772021576.278444,1772021576.2463427,-873.046875,-824.21875,-986.328125,709.47265625,0.0,0,0
1772021576.278485,1772021576.2502382,44.43359375,-249.0234375,-1000.0,-707.51953125,0.0,0,0
1772021576.2785249,1772021576.254134,-1000.0,-1000.0,215.33203125,-1000.0,0.0,0,0
1772021576.338565,1772021576.2582257,-800.29296875,-1000.0,753.90625,-544.921875,0.0,0,0
1772021576.338748,1772021576.2621214,531.25,58.59375,-887.6953125,863.28125,0.0,0,0
1772021576.338814,1772021576.266017,-797.36328125,-765.625,-1000.0,-974.12109375,0.0,0,0
1772021576.3388731,1772021576.2699125,150.390625,44.43359375,-1000.0,-304.6875,0.0,0,0
1772021576.3389308,1772021576.273808,-1000.0,-1000.0,-140.625,-1000.0,0.0,0,0
1772021576.338984,1772021576.2777035,-1000.0,-1000.0,996.58203125,-686.03515625,0.0,0,0
1772021576.33904,1772021576.2815993,154.296875,-57.6171875,-482.421875,667.48046875,0.0,0,0
1772021576.3391092,1772021576.2854948,-762.20703125,-776.85546875,-1000.0,-845.703125,0.0,0,0
1772021576.339169,1772021576.2893903,146.484375,154.78515625,-1000.0,-77.63671875,0.0,0,0
1772021576.339233,1772021576.2932858,-1000.0,-1000.0,-222.65625,-1000.0,0.0,0,0
1772021576.339288,1772021576.2971814,-1000.0,-1000.0,-867.67578125,-925.78125,0.0,0,0
1772021576.339342,1772021576.3010771,52.734375,-107.91015625,-198.2421875,319.82421875,0.0,0,0
1772021576.368842,1772021576.3050766,-766.11328125,-789.55078125,-1000.0,-770.99609375,0.0,0,0
1772021576.369011,1772021576.3089721,140.625,152.83203125,-1000.0,145.5078125,0.0,0,0
1772021576.369075,1772021576.3128676,-1000.0,-1000.0,-270.01953125,-1000.0,0.0,0,0
1772021576.36913,1772021576.3167634,-1000.0,-1000.0,-822.265625,-1000.0,0.0,0,0
1772021576.369184,1772021576.320659,-162.109375,-263.18359375,105.95703125,154.296875,0.0,0,0
1772021576.369281,1772021576.3245544,-799.31640625,-825.1953125,-1000.0,-759.27734375,0.0,0,0
1772021576.369331,1772021576.3284502,329.1015625,338.8671875,-1000.0,139.16015625,0.0,0,0
1772021576.369374,1772021576.3323457,-963.37890625,-973.6328125,-259.27734375,-1000.0,0.0,0,0
1772021576.36942,1772021576.3362412,-1000.0,-1000.0,-823.2421875,-1000.0,0.0,0,0
1772021576.369459,1772021576.3401368,-252.44140625,-252.9296875,173.33984375,-49.8046875,0.0,0,0
1772021576.3695009,1772021576.3440325,-849.609375,-845.703125,-1000.0,-778.3203125,0.0,0,0
1772021576.369542,1772021576.347928,549.8046875,524.90234375,-1000.0,146.97265625,0.0,0,0
1772021576.413344,1772021576.3519132,-855.95703125,-868.1640625,-262.20703125,-1000.0,0.0,0,0
1772021576.413503,1772021576.3558087,-1000.0,-1000.0,-824.21875,-1000.0,0.0,0,0
1772021576.4135711,1772021576.3597045,-215.8203125,-263.18359375,311.5234375,-246.09375,0.0,0,0
1772021576.413642,1772021576.3636,-920.8984375,-922.36328125,-984.86328125,-821.2890625,0.0,0,0
1772021576.4136891,1772021576.3674955,810.546875,769.04296875,-1000.0,366.69921875,0.0,0,0
1772021576.413734,1772021576.3713913,-533.203125,-587.40234375,-265.13671875,-958.984375,0.0,0,0
1772021576.4137769,1772021576.3752868,-1000.0,-1000.0,-845.21484375,-1000.0,0.0,0,0
1772021576.4138198,1772021576.3791823,-270.99609375,-425.78125,490.234375,-242.1875,0.0,0,0
1772021576.413863,1772021576.383078,965.33203125,893.5546875,-879.39453125,-879.39453125,0.0,0,0
1772021576.413908,1772021576.3869736,-946.2890625,-913.0859375,-1000.0,677.24609375,0.0,0,0
1772021576.413949,1772021576.3908691,-86.9140625,-118.65234375,-640.625,-718.26171875,0.0,0,0
1772021576.413991,1772021576.394765,-1000.0,-1000.0,755.859375,-1000.0,0.0,0,0
1772021576.458231,1772021576.398739,-681.15234375,-877.9296875,-905.2734375,-196.2890625,0.0,0,0
1772021576.4583738,1772021576.4026346,652.34375,379.39453125,-266.6015625,-954.1015625,0.0,0,0
1772021576.458421,1772021576.4065301,-821.2890625,-780.76171875,-1000.0,923.33984375,0.0,0,0
1772021576.458465,1772021576.410426,179.6875,164.55078125,-1000.0,-359.86328125,0.0,0,0
1772021576.458561,1772021576.4143214,-1000.0,-1000.0,155.76171875,-1000.0,0.0,0,0
1772021576.4586391,1772021576.4182172,-844.7265625,-957.03125,-833.49609375,-271.484375,0.0,0,0
1772021576.4587038,1772021576.4221127,510.25390625,337.40234375,-252.44140625,971.6796875,0.0,0,0
1772021576.458752,1772021576.4260082,-799.8046875,-775.87890625,-1000.0,-944.3359375,0.0,0,0
1772021576.4587982,1772021576.429904,164.0625,150.390625,-1000.0,-83.49609375,0.0,0,0
1772021576.4588401,1772021576.4337995,-1000.0,-1000.0,119.140625,-1000.0,0.0,0,0
1772021576.458879,1772021576.437695,-957.03125,-1000.0,-803.7109375,-436.03515625,0.0,0,0
1772021576.45892,1772021576.4415908,336.9140625,154.78515625,-173.33984375,884.765625,0.0,0,0
1772021576.518616,1772021576.4455528,-774.90234375,-760.7421875,-1000.0,-886.23046875,0.0,0,0
1772021576.518783,1772021576.4494486,145.5078125,145.01953125,-1000.0,88.8671875,0.0,0,0
1772021576.5188491,1772021576.453344,-1000.0,-1000.0,10.25390625,-1000.0,0.0,0,0
1772021576.5189068,1772021576.4572396,-1000.0,-1000.0,-776.85546875,-562.01171875,0.0,0,0
1772021576.5189629,1772021576.4611354,93.26171875,26.85546875,-0.9765625,817.3828125,0.0,0,0
1772021576.519022,1772021576.465031,-763.18359375,-767.08984375,-1000.0,-852.5390625,0.0,0,0
1772021576.5190778,1772021576.4689267,137.20703125,183.10546875,-1000.0,186.5234375,0.0,0,0
1772021576.519134,1772021576.4728222,-1000.0,-1000.0,-213.37890625,-1000.0,0.0,0,0
1772021576.519187,1772021576.476718,-1000.0,-1000.0,-808.10546875,-844.7265625,0.0,0,0
1772021576.5192409,1772021576.4806135,-165.0390625,-262.6953125,166.015625,511.23046875,0.0,0,0
1772021576.519449,1772021576.484509,-807.12890625,-836.9140625,-1000.0,-794.921875,0.0,0,0
1772021576.5195122,1772021576.4884048,447.75390625,482.91015625,-1000.0,149.90234375,0.0,0,0
1772021576.564081,1772021576.4924414,-904.296875,-898.92578125,-257.8125,-1000.0,0.0,0,0
1772021576.5642529,1772021576.496337,-1000.0,-1000.0,-823.73046875,-1000.0,0.0,0,0
1772021576.5643141,1772021576.5002327,-235.83984375,-231.93359375,231.4453125,151.85546875,0.0,0,0
1772021576.564376,1772021576.5041285,-877.9296875,-884.765625,-1000.0,-758.30078125,0.0,0,0
1772021576.564435,1772021576.508024,660.64453125,690.4296875,-1000.0,184.5703125,0.0,0,0
1772021576.564492,1772021576.5119197,-736.328125,-703.61328125,-261.23046875,-1000.0,0.0,0,0
1772021576.5645492,1772021576.5158153,-1000.0,-1000.0,-832.51953125,-1000.0,0.0,0,0
1772021576.5646038,1772021576.519711,-200.1953125,-196.77734375,428.7109375,-57.12890625,0.0,0,0
1772021576.564662,1772021576.5236065,-947.265625,-951.66015625,-925.29296875,-783.203125,0.0,0,0
1772021576.5647209,1772021576.5275023,897.94921875,912.59765625,-1000.0,369.140625,0.0,0,0
1772021576.564778,1772021576.5313978,-397.94921875,-365.72265625,-282.71484375,-934.08203125,0.0,0,0
1772021576.564836,1772021576.5352936,-1000.0,-1000.0,-901.85546875,-1000.0,0.0,0,0
1772021576.638839,1772021576.5394893,-263.671875,-360.3515625,689.453125,-217.7734375,0.0,0,0
1772021576.639034,1772021576.5433848,956.54296875,916.50390625,-688.4765625,-868.1640625,0.0,0,0
1772021576.6390872,1772021576.5472806,-910.64453125,-893.06640625,-1000.0,650.87890625,0.0,0,0
1772021576.639133,1772021576.5511763,-49.8046875,-57.6171875,-623.53515625,-741.2109375,0.0,0,0
1772021576.6391768,1772021576.555072,-1000.0,-1000.0,751.46484375,-1000.0,0.0,0,0
1772021576.639219,1772021576.5589676,-894.04296875,-894.04296875,978.515625,-157.2265625,0.0,0,0
1772021576.639262,1772021576.5628633,-1000.0,-1000.0,-950.1953125,-970.703125,0.0,0,0
1772021576.639304,1772021576.566759,-215.8203125,-209.9609375,258.30078125,954.1015625,0.0,0,0
1772021576.639346,1772021576.5706546,974.609375,-998.046875,-1000.0,926.26953125,0.0,0,0
1772021576.639389,1772021576.5745504,-920.41015625,967.7734375,-921.875,973.6328125,0.0,0,0
1772021576.639431,1772021576.5784461,320.80078125,987.3046875,-1000.0,974.609375,0.0,0,0
1772021576.6394722,1772021576.582342,-1000.0,-535.64453125,-87.890625,970.21484375,0.0,0,0
1772021576.653835,1772021576.5863624,-585.44921875,-438.4765625,403.80859375,972.16796875,0.0,0,0
1772021576.6539772,1772021576.5902581,824.21875,-951.171875,-1000.0,971.6796875,0.0,0,0
1772021576.654027,1772021576.5941536,-858.88671875,933.10546875,-973.6328125,972.16796875,0.0,0,0
1772021576.654071,1772021576.5980494,345.21484375,-918.9453125,-1000.0,972.16796875,0.0,0,0
1772021576.654114,1772021576.6019452,-1000.0,-333.0078125,-16.11328125,971.6796875,0.0,0,0
1772021576.654156,1772021576.605841,-858.88671875,-720.703125,937.01171875,971.6796875,0.0,0,0
1772021576.6541991,1772021576.6097367,511.23046875,906.73828125,-589.84375,971.6796875,0.0,0,0
1772021576.6542459,1772021576.6136324,-807.12890625,989.2578125,-1000.0,972.16796875,0.0,0,0
1772021576.654287,1772021576.617528,435.05859375,-956.0546875,-1000.0,967.7734375,0.0,0,0
1772021576.654329,1772021576.6214237,-910.64453125,-205.078125,88.37890625,931.15234375,0.0,0,0
1772021576.654371,1772021576.6253195,-1000.0,-1000.0,-780.76171875,-863.28125,0.0,0,0
1772021576.654422,1772021576.6292152,116.69921875,513.18359375,-47.8515625,101.07421875,0.0,0,0
1772021576.6978219,1772021576.6332185,-822.265625,-950.68359375,-1000.0,51.26953125,0.0,0,0
1772021576.6979651,1772021576.637114,654.296875,-969.7265625,-1000.0,-876.953125,0.0,0,0
1772021576.6980119,1772021576.6410098,-687.5,-32.71484375,116.69921875,871.09375,0.0,0,0
1772021576.698088,1772021576.6449056,-1000.0,-1000.0,-758.7890625,-828.125,0.0,0,0
1772021576.698164,1772021576.6488013,-107.421875,129.8828125,149.90234375,51.7578125,0.0,0,0
1772021576.6982121,1772021576.652697,-893.06640625,-937.98828125,-1000.0,-435.546875,0.0,0,0
1772021576.698255,1772021576.6565928,800.78125,-957.03125,-1000.0,-993.1640625,0.0,0,0
1772021576.698299,1772021576.6604886,-531.73828125,95.703125,64.94140625,943.84765625,0.0,0,0
1772021576.6983411,1772021576.6643844,-1000.0,-1000.0,-766.11328125,-936.03515625,0.0,0,0
1772021576.6983821,1772021576.6682801,-178.7109375,-144.04296875,166.015625,263.671875,0.0,0,0
1772021576.698424,1772021576.6721756,-985.83984375,-993.65234375,-1000.0,-1000.0,0.0,0,0
1772021576.698464,1772021576.6760714,-974.609375,-915.0390625,-1000.0,-196.77734375,0.0,0,0
1772021576.742784,1772021576.6800644,-183.10546875,228.515625,-38.0859375,-998.53515625,0.0,0,0
1772021576.742945,1772021576.6839602,-1000.0,-1000.0,-784.1796875,-919.921875,0.0,0,0
1772021576.742999,1772021576.687856,-168.45703125,-201.66015625,426.7578125,334.9609375,0.0,0,0
1772021576.743049,1772021576.6917517,998.53515625,-992.1875,-910.15625,-1000.0,0.0,0,0
1772021576.743092,1772021576.6956475,-933.59375,-913.0859375,-1000.0,-390.625,0.0,0,0
1772021576.7431319,1772021576.6995432,27.34375,225.5859375,-132.8125,937.01171875,0.0,0,0
1772021576.743176,1772021576.703439,-1000.0,-1000.0,-857.421875,-900.87890625,0.0,0,0
1772021576.743217,1772021576.7073348,-274.4140625,-201.66015625,675.78125,396.484375,0.0,0,0
1772021576.743259,1772021576.7112303,958.0078125,-992.1875,-695.80078125,-1000.0,0.0,0,0
1772021576.7433112,1772021576.715126,-907.2265625,-923.828125,-1000.0,-599.609375,0.0,0,0
1772021576.7433522,1772021576.7190218,229.4921875,236.81640625,-192.87109375,830.56640625,0.0,0,0
1772021576.743395,1772021576.7229176,-1000.0,-1000.0,-961.42578125,-860.3515625,0.0,0,0
1772021576.788246,1772021576.7269013,-537.109375,-440.4296875,949.21875,375.9765625,0.0,0,0
1772021576.7883909,1772021576.730797,853.515625,910.15625,-328.125,-1000.0,0.0,0,0
1772021576.788437,1772021576.7346928,-865.234375,-885.7421875,-1000.0,-925.78125,0.0,0,0
1772021576.788484,1772021576.7385886,189.94140625,209.47265625,-169.921875,418.9453125,0.0,0,0
1772021576.788527,1772021576.7424843,-1000.0,-1000.0,-998.046875,-804.6875,0.0,0,0
1772021576.788567,1772021576.74638,-844.7265625,-710.9375,-941.40625,504.8828125,0.0,0,0
1772021576.788609,1772021576.7502759,510.7421875,666.015625,-51.26953125,-860.3515625,0.0,0,0
1772021576.788651,1772021576.7541716,-795.8984375,-821.77734375,-1000.0,-1000.0,0.0,0,0
1772021576.788691,1772021576.7580674,149.90234375,329.1015625,-171.875,79.1015625,0.0,0,0
1772021576.788733,1772021576.7619631,-1000.0,-993.65234375,995.1171875,-826.171875,0.0,0,0
1772021576.788773,1772021576.765859,-1000.0,-1000.0,-923.33984375,658.69140625,0.0,0,0
1772021576.788815,1772021576.7697546,145.01953125,246.58203125,148.4375,-689.94140625,0.0,0,0
1772021576.847042,1772021576.7737262,-760.7421875,-778.3203125,-1000.0,-1000.0,0.0,0,0
1772021576.847213,1772021576.7776222,312.01171875,427.24609375,-385.7421875,-94.23828125,0.0,0,0
1772021576.847283,1772021576.781518,-961.9140625,-899.90234375,925.29296875,-927.24609375,0.0,0,0
1772021576.847351,1772021576.7854137,-1000.0,-1000.0,-892.578125,914.0625,0.0,0,0
1772021576.847409,1772021576.7893095,-48.33984375,-29.78515625,221.6796875,-358.3984375,0.0,0,0
1772021576.84747,1772021576.7932053,-793.45703125,-835.9375,-1000.0,-1000.0,0.0,0,0
1772021576.8475258,1772021576.797101,446.2890625,655.76171875,-579.58984375,-173.33984375,0.0,0,0
1772021576.847585,1772021576.8009968,-889.6484375,-696.77734375,827.1484375,-991.2109375,0.0,0,0
1772021576.847636,1772021576.8048925,-1000.0,-1000.0,-856.4453125,-954.58984375,0.0,0,0
1772021576.847677,1772021576.8087883,-232.91015625,-208.984375,190.4296875,-110.3515625,0.0,0,0
1772021576.847719,1772021576.812684,-885.25390625,-919.43359375,-1000.0,-1000.0,0.0,0,0
1772021576.847759,1772021576.8165798,689.94140625,816.40625,-802.24609375,-172.36328125,0.0,0,0
1772021576.893257,1772021576.8205419,-703.61328125,-539.55078125,561.5234375,-999.51171875,0.0,0,0
1772021576.893409,1772021576.8244376,-1000.0,-1000.0,-804.19921875,-935.546875,0.0,0,0
1772021576.893458,1772021576.8283334,-196.2890625,-178.7109375,197.75390625,57.12890625,0.0,0,0
1772021576.89363,1772021576.8322291,-954.58984375,-985.3515625,-1000.0,-1000.0,0.0,0,0
1772021576.893674,1772021576.836125,928.22265625,-973.6328125,-999.0234375,-412.59765625,0.0,0,0
1772021576.893718,1772021576.8400207,-366.2109375,-183.10546875,246.09375,898.4375,0.0,0,0
1772021576.893764,1772021576.8439164,-1000.0,-1000.0,-769.53125,-882.8125,0.0,0,0
1772021576.893806,1772021576.8478122,-171.38671875,-174.31640625,338.37890625,210.44921875,0.0,0,0
1772021576.8938491,1772021576.851708,-995.60546875,-990.234375,-956.54296875,-1000.0,0.0,0,0
1772021576.893892,1772021576.855604,-957.03125,-953.61328125,-1000.0,-707.03125,0.0,0,0
1772021576.893932,1772021576.8594997,-71.77734375,-55.6640625,23.4375,687.98828125,0.0,0,0
1772021576.8939729,1772021576.8633955,-1000.0,-1000.0,-791.50390625,-826.171875,0.0,0,0
1772021576.952099,1772021576.8674304,-366.2109375,-367.67578125,496.58203125,167.96875,0.0,0,0
1772021576.952291,1772021576.8713262,917.96875,919.43359375,-857.91015625,-1000.0,0.0,0,0
1772021576.952359,1772021576.875222,-896.97265625,-895.99609375,-1000.0,-957.03125,0.0,0,0
1772021576.9524229,1772021576.8791177,119.62890625,120.1171875,-148.4375,337.40234375,0.0,0,0
1772021576.9524832,1772021576.8830137,-1000.0,-1000.0,-877.9296875,-773.4375,0.0,0,0
1772021576.952538,1772021576.8869095,-565.4296875,-564.94140625,724.12109375,142.578125,0.0,0,0
1772021576.952597,1772021576.8908052,818.359375,819.3359375,-639.6484375,-1000.0,0.0,0,0
1772021576.9526532,1772021576.894701,-854.00390625,-853.02734375,-1000.0,-1000.0,0.0,0,0
1772021576.95271,1772021576.8985968,187.98828125,186.5234375,-194.82421875,46.38671875,0.0,0,0
1772021576.952767,1772021576.9024928,-1000.0,-1000.0,-953.125,-763.671875,0.0,0,0
1772021576.952821,1772021576.9063885,-826.171875,-844.7265625,928.7109375,239.74609375,0.0,0,0
1772021576.9528892,1772021576.9102843,534.66796875,511.23046875,-366.2109375,-987.3046875,0.0,0,0
1772021576.982986,1772021576.914308,-801.7578125,-794.921875,-1000.0,-1000.0,0.0,0,0
1772021576.9831622,1772021576.9182038,159.66796875,149.90234375,-172.36328125,-171.38671875,0.0,0,0
1772021576.9832141,1772021576.9220998,-1000.0,-1000.0,-992.67578125,-813.4765625,0.0,0,0
1772021576.983259,1772021576.9259956,-991.2109375,-1000.0,-957.03125,450.1953125,0.0,0,0
1772021576.9833019,1772021576.9298913,273.4375,154.296875,-89.84375,-905.2734375,0.0,0,0
1772021576.983344,1772021576.933787,-769.53125,-759.27734375,-1000.0,-1000.0,0.0,0,0
1772021576.9833841,1772021576.937683,143.5546875,148.92578125,-284.1796875,-233.88671875,0.0,0,0
1772021576.9834292,1772021576.9415789,-1000.0,-1000.0,958.49609375,-884.765625,0.0,0,0
1772021576.983469,1772021576.9454746,-1000.0,-1000.0,-914.55078125,690.4296875,0.0,0,0
1772021576.9835079,1772021576.9493706,42.48046875,-38.0859375,82.03125,-703.61328125,0.0,0,0
1772021576.9835489,1772021576.9532664,-767.578125,-777.83203125,-1000.0,-1000.0,0.0,0,0
1772021576.9835892,1772021576.9571621,337.40234375,345.21484375,-471.19140625,-195.80078125,0.0,0,0
1772021577.0427709,1772021576.9612584,-946.77734375,-951.171875,872.0703125,-954.1015625,0.0,0,0
1772021577.0429099,1772021576.9651542,-1000.0,-1000.0,-872.55859375,923.33984375,0.0,0,0
1772021577.042958,1772021576.9690502,-148.92578125,-165.0390625,205.078125,-359.86328125,0.0,0,0
1772021577.0430021,1772021576.972946,-818.359375,-827.1484375,-1000.0,-1000.0,0.0,0,0
1772021577.043045,1772021576.976842,495.60546875,539.0625,-719.23828125,-274.90234375,0.0,0,0
1772021577.0430899,1772021576.9807377,-873.53515625,-848.6328125,675.29296875,978.515625,0.0,0,0
1772021577.043133,1772021576.9846337,-1000.0,-1000.0,-818.84765625,-950.1953125,0.0,0,0
1772021577.0431738,1772021576.9885294,-218.75,-202.1484375,150.390625,-136.23046875,0.0,0,0
1772021577.043216,1772021576.9924252,-919.921875,-955.078125,-1000.0,-1000.0,0.0,0,0
1772021577.043256,1772021576.9963212,815.91796875,928.7109375,-1000.0,-268.5546875,0.0,0,0
1772021577.043297,1772021577.000217,-539.55078125,-366.2109375,121.09375,962.40234375,0.0,0,0
1772021577.043339,1772021577.004113,-1000.0,-1000.0,-761.71875,-917.96875,0.0,0,0
1772021577.073318,1772021577.0081148,-178.7109375,-170.8984375,142.08984375,75.68359375,0.0,0,0
1772021577.0735009,1772021577.0120108,-985.83984375,-995.1171875,-1000.0,-1000.0,0.0,0,0
1772021577.073567,1772021577.0159066,-975.5859375,-952.1484375,-1000.0,-470.21484375,0.0,0,0
1772021577.073628,1772021577.0198026,-182.12890625,-75.1953125,-59.5703125,871.58203125,0.0,0,0
1772021577.073688,1772021577.0236983,-1000.0,-1000.0,-779.78515625,-872.55859375,0.0,0,0
1772021577.0737438,1772021577.0275943,-191.40625,-272.4609375,334.47265625,205.078125,0.0,0,0
1772021577.073803,1772021577.03149,990.234375,965.33203125,-953.125,-1000.0,0.0,0,0
1772021577.073859,1772021577.035386,-934.08203125,-917.48046875,-1000.0,-719.23828125,0.0,0,0
1772021577.0739148,1772021577.0392818,29.296875,82.03125,-211.9140625,674.8046875,0.0,0,0
1772021577.0739572,1772021577.0431778,-1000.0,-1000.0,-837.890625,-823.2421875,0.0,0,0
1772021577.073997,1772021577.0470736,-371.09375,-471.19140625,536.62109375,166.50390625,0.0,0,0
1772021577.074039,1772021577.0509696,916.015625,872.0703125,-858.3984375,-1000.0,0.0,0,0
1772021577.117748,1772021577.054961,-890.625,-872.55859375,-1000.0,-963.8671875,0.0,0,0
1772021577.117892,1772021577.0588567,221.19140625,205.078125,-217.28515625,324.70703125,0.0,0,0
1772021577.1179461,1772021577.0627527,-1000.0,-1000.0,-916.015625,-771.484375,0.0,0,0
1772021577.1179898,1772021577.0666485,-580.078125,-719.23828125,801.26953125,138.671875,0.0,0,0
1772021577.118033,1772021577.0705445,826.66015625,675.29296875,-559.08203125,-1000.0,0.0,0,0
1772021577.1180758,1772021577.0744402,-856.4453125,-823.73046875,-1000.0,-1000.0,0.0,0,0
1772021577.1181161,1772021577.0783362,186.03515625,167.48046875,-181.15234375,-8.7890625,0.0,0,0
1772021577.118158,1772021577.082232,-1000.0,-1000.0,-980.95703125,-770.01953125,0.0,0,0
1772021577.118199,1772021577.086128,-844.7265625,-957.03125,-989.2578125,240.72265625,0.0,0,0
1772021577.11824,1772021577.0900238,510.7421875,337.40234375,-207.03125,-983.88671875,0.0,0,0
1772021577.118282,1772021577.0939198,-795.41015625,-772.94921875,-1000.0,-1000.0,0.0,0,0
1772021577.118322,1772021577.0978158,149.90234375,142.578125,-198.2421875,-258.30078125,0.0,0,0
1772021577.163133,1772021577.1017964,-1000.0,-1000.0,989.2578125,-835.44921875,0.0,0,0
1772021577.163272,1772021577.1056924,-1000.0,-1000.0,-934.5703125,449.70703125,0.0,0,0
1772021577.163317,1772021577.1095884,147.94921875,46.875,17.08984375,-918.45703125,0.0,0,0
1772021577.1633642,1772021577.1134841,-757.8125,-763.671875,-1000.0,-1000.0,0.0,0,0
1772021577.163405,1772021577.1173801,238.76953125,240.72265625,-371.09375,-240.234375,0.0,0,0
1772021577.16345,1772021577.121276,-993.1640625,-988.76953125,918.45703125,-864.2578125,0.0,0,0
1772021577.1634932,1772021577.125172,-1000.0,-1000.0,-892.08984375,605.46875,0.0,0,0
1772021577.163532,1772021577.129068,-54.19921875,-156.73828125,193.359375,-796.38671875,0.0,0,0
1772021577.163577,1772021577.1329637,-790.0390625,-809.08203125,-1000.0,-1000.0,0.0,0,0
1772021577.1636171,1772021577.1368597,435.05859375,448.2421875,-575.68359375,-212.890625,0.0,0,0
1772021577.163659,1772021577.1407554,-896.484375,-904.296875,824.70703125,-919.921875,0.0,0,0
1772021577.1636999,1772021577.1446514,-1000.0,-1000.0,-854.98046875,806.640625,0.0,0,0
1772021577.238066,1772021577.1487892,-233.88671875,-233.88671875,186.5234375,-529.296875,0.0,0,0
1772021577.2382138,1772021577.1526852,-884.765625,-883.7890625,-1000.0,-1000.0,0.0,0,0
1772021577.23826,1772021577.1565812,690.4296875,688.96484375,-844.7265625,-375.48828125,0.0,0,0
1772021577.238304,1772021577.1604772,-703.61328125,-705.56640625,511.23046875,938.96484375,0.0,0,0
1772021577.238348,1772021577.1643732,-1000.0,-1000.0,-794.921875,-955.56640625,0.0,0,0
1772021577.238389,1772021577.168269,-196.2890625,-200.68359375,150.390625,-187.01171875,0.0,0,0
1772021577.238432,1772021577.172165,-954.58984375,-940.4296875,-1000.0,-1000.0,0.0,0,0
1772021577.238472,1772021577.176061,928.22265625,885.7421875,-1000.0,-545.8984375,0.0,0,0
1772021577.238633,1772021577.179957,-366.2109375,-432.12890625,148.92578125,817.87109375,0.0,0,0
1772021577.2386801,1772021577.1838527,-1000.0,-1000.0,-756.8359375,-872.0703125,0.0,0,0
1772021577.23873,1772021577.1877487,-171.38671875,-173.33984375,223.6328125,-6.34765625,0.0,0,0
1772021577.238773,1772021577.1916447,-996.09375,-997.55859375,-988.76953125,-1000.0,0.0,0,0
1772021577.26878,1772021577.19561,-953.61328125,-956.0546875,-1000.0,-691.89453125,0.0,0,0
1772021577.2689369,1772021577.199506,-74.70703125,-71.2890625,-134.765625,659.66796875,0.0,0,0
1772021577.268985,1772021577.2034018,-1000.0,-1000.0,-802.734375,-819.3359375,0.0,0,0
1772021577.2690299,1772021577.2072978,-285.15625,-366.2109375,419.43359375,169.43359375,0.0,0,0
1772021577.269077,1772021577.2111938,953.125,918.45703125,-916.015625,-1000.0,0.0,0,0
1772021577.269119,1772021577.2150898,-909.1796875,-895.99609375,-1000.0,-940.91796875,0.0,0,0
1772021577.269161,1772021577.2189858,126.46484375,120.1171875,-238.28125,362.3046875,0.0,0,0
1772021577.269203,1772021577.2228816,-1000.0,-1000.0,-875.0,-775.87890625,0.0,0,0
1772021577.269245,1772021577.2267776,-477.05078125,-564.94140625,652.83203125,143.06640625,0.0,0,0
1772021577.2692869,1772021577.2306736,875.0,819.3359375,-744.62890625,-1000.0,0.0,0,0
1772021577.2693272,1772021577.2345695,-874.0234375,-853.02734375,-1000.0,-1000.0,0.0,0,0
1772021577.269367,1772021577.2384655,204.58984375,187.01171875,-201.66015625,61.03515625,0.0,0,0
1772021577.326884,1772021577.2424977,-1000.0,-1000.0,-943.84765625,-765.13671875,0.0,0,0
1772021577.327028,1772021577.2463937,-719.23828125,-844.7265625,894.53125,140.13671875,0.0,0,0
1772021577.327092,1772021577.2502897,674.8046875,511.23046875,-418.9453125,-1000.0,0.0,0,0
1772021577.327151,1772021577.2541857,-824.21875,-794.921875,-1000.0,-1000.0,0.0,0,0
1772021577.3272052,1772021577.2580817,166.9921875,149.90234375,-173.828125,-160.64453125,0.0,0,0
1772021577.327265,1772021577.2619777,-1000.0,-1000.0,-991.2109375,-797.36328125,0.0,0,0
1772021577.32732,1772021577.2658737,-957.03125,-1000.0,-964.84375,296.875,0.0,0,0
1772021577.3273752,1772021577.2697697,336.9140625,152.34375,-106.93359375,-977.5390625,0.0,0,0
1772021577.327431,1772021577.2736654,-773.92578125,-758.30078125,-1000.0,-1000.0,0.0,0,0
1772021577.327487,1772021577.2775614,142.578125,174.8046875,-350.5859375,-255.37109375,0.0,0,0
1772021577.327544,1772021577.2814574,-1000.0,-1000.0,928.22265625,-837.40234375,0.0,0,0
1772021577.327598,1772021577.2853534,-1000.0,-1000.0,-904.296875,462.890625,0.0,0,0
1772021577.359766,1772021577.2893786,42.48046875,-57.12890625,74.21875,-911.62109375,0.0,0,0
1772021577.3598888,1772021577.2932746,-767.578125,-780.76171875,-1000.0,-1000.0,0.0,0,0
1772021577.359935,1772021577.2971706,337.40234375,342.28515625,-529.78515625,-233.88671875,0.0,0,0
1772021577.3599842,1772021577.3010664,-946.77734375,-945.3125,834.47265625,-884.27734375,0.0,0,0
1772021577.3600278,1772021577.3049624,-1000.0,-1000.0,-859.375,685.546875,0.0,0,0
1772021577.36007,1772021577.3088584,-148.92578125,-250.48828125,194.82421875,-697.75390625,0.0,0,0
1772021577.360113,1772021577.3127544,-823.73046875,-849.609375,-1000.0,-1000.0,0.0,0,0
1772021577.3601558,1772021577.3166504,536.1328125,551.26953125,-782.2265625,-291.50390625,0.0,0,0
1772021577.360199,1772021577.3205464,-847.65625,-855.46875,592.28515625,-986.328125,0.0,0,0
1772021577.360241,1772021577.3244424,-1000.0,-1000.0,-810.05859375,932.12890625,0.0,0,0
1772021577.360281,1772021577.3283384,-215.33203125,-215.33203125,161.62109375,-362.3046875,0.0,0,0
1772021577.3603232,1772021577.3322344,-920.8984375,-920.41015625,-1000.0,-1000.0,0.0,0,0
1772021577.403557,1772021577.3362465,815.91796875,816.40625,-986.328125,-432.12890625,0.0,0,0
1772021577.403716,1772021577.3401425,-539.55078125,-539.55078125,283.203125,897.94921875,0.0,0,0
1772021577.403768,1772021577.3440385,-1000.0,-1000.0,-769.53125,-919.921875,0.0,0,0
1772021577.40381,1772021577.3479345,-178.7109375,-178.7109375,143.5546875,-105.95703125,0.0,0,0
1772021577.4038541,1772021577.3518305,-985.83984375,-985.3515625,-1000.0,-1000.0,0.0,0,0
1772021577.403897,1772021577.3557265,-974.609375,-979.98046875,-1000.0,-576.66015625,0.0,0,0
1772021577.403939,1772021577.3596225,-183.10546875,-175.78125,37.59765625,783.69140625,0.0,0,0
1772021577.403981,1772021577.3635185,-1000.0,-1000.0,-767.08984375,-854.4921875,0.0,0,0
1772021577.404021,1772021577.3674145,-174.8046875,-291.50390625,338.37890625,59.5703125,0.0,0,0
1772021577.404063,1772021577.3713105,996.09375,956.54296875,-947.265625,-1000.0,0.0,0,0
1772021577.404107,1772021577.3752065,-936.5234375,-922.36328125,-1000.0,-827.1484375,0.0,0,0
1772021577.404149,1772021577.3791025,30.76171875,10.25390625,-148.92578125,501.46484375,0.0,0,0
1772021577.4482229,1772021577.3831038,-1000.0,-1000.0,-822.265625,-791.9921875,0.0,0,0
1772021577.4483619,1772021577.3869998,-374.0234375,-465.8203125,529.296875,149.90234375,0.0,0,0
1772021577.4484851,1772021577.390896,919.921875,871.58203125,-852.5390625,-1000.0,0.0,0,0
1772021577.448569,1772021577.394792,-894.04296875,-875.0,-1000.0,-1000.0,0.0,0,0
1772021577.448632,1772021577.398688,173.828125,155.2734375,-218.75,154.78515625,0.0,0,0
1772021577.4486778,1772021577.402584,-1000.0,-1000.0,-912.59765625,-759.27734375,0.0,0,0
1772021577.448719,1772021577.40648,-572.75390625,-711.9140625,787.109375,139.16015625,0.0,0,0
1772021577.448763,1772021577.410376,822.75390625,671.38671875,-577.1484375,-1000.0,0.0,0,0
1772021577.448805,1772021577.414272,-854.98046875,-822.265625,-1000.0,-1000.0,0.0,0,0
1772021577.4488451,1772021577.418168,186.5234375,167.48046875,-184.08203125,-50.29296875,0.0,0,0
1772021577.448887,1772021577.4220643,-1000.0,-1000.0,-974.12109375,-778.3203125,0.0,0,0
1772021577.448956,1772021577.4259603,-844.7265625,-957.03125,988.28125,154.296875,0.0,0,0
1772021577.493621,1772021577.4299529,510.7421875,337.40234375,-241.2109375,-1000.0,0.0,0,0
1772021577.493767,1772021577.433849,-795.8984375,-772.94921875,-1000.0,-1000.0,0.0,0,0
1772021577.493817,1772021577.437745,149.90234375,142.578125,-248.046875,-264.16015625,0.0,0,0
1772021577.493865,1772021577.441641,-1000.0,-1000.0,976.5625,-826.66015625,0.0,0,0
1772021577.493908,1772021577.445537,-1000.0,-1000.0,-936.5234375,369.62890625,0.0,0,0
1772021577.493949,1772021577.449433,147.94921875,46.875,-26.85546875,-960.44921875,0.0,0,0
1772021577.493991,1772021577.4533293,-757.8125,-763.18359375,-1000.0,-1000.0,0.0,0,0
1772021577.4940312,1772021577.4572253,238.76953125,241.2109375,-424.31640625,-250.48828125,0.0,0,0
1772021577.494077,1772021577.4611213,-993.1640625,-988.76953125,890.13671875,-850.09765625,0.0,0,0
1772021577.494119,1772021577.4650173,-1000.0,-1000.0,-883.30078125,551.26953125,0.0,0,0
1772021577.4941592,1772021577.4689133,-54.19921875,-156.73828125,144.04296875,-855.46875,0.0,0,0
1772021577.4942122,1772021577.4728096,-790.52734375,-809.08203125,-1000.0,-1000.0,0.0,0,0
1772021577.538151,1772021577.4767916,435.05859375,448.2421875,-627.44140625,-215.33203125,0.0,0,0
1772021577.538302,1772021577.4806876,-896.484375,-903.80859375,758.7890625,-920.41015625,0.0,0,0
1772021577.53835,1772021577.4845836,-1000.0,-1000.0,-841.796875,809.5703125,0.0,0,0
1772021577.538391,1772021577.4884799,-233.88671875,-233.88671875,183.59375,-532.2265625,0.0,0,0
1772021577.538434,1772021577.4923759,-884.765625,-884.27734375,-1000.0,-1000.0,0.0,0,0
1772021577.538475,1772021577.4962718,689.94140625,690.91796875,-849.609375,-295.8984375,0.0,0,0
1772021577.538517,1772021577.5001678,-703.61328125,-703.61328125,503.90625,955.56640625,0.0,0,0
1772021577.53856,1772021577.5040638,-1000.0,-1000.0,-795.8984375,-940.91796875,0.0,0,0
1772021577.538599,1772021577.50796,-220.703125,-220.21484375,155.2734375,-86.42578125,0.0,0,0
1772021577.538644,1772021577.511856,-885.25390625,-884.765625,-1000.0,-1000.0,0.0,0,0
1772021577.538684,1772021577.515752,689.94140625,685.546875,-1000.0,-656.25,0.0,0,0
1772021577.538723,1772021577.519648,-703.61328125,-697.265625,217.28515625,695.3125,0.0,0,0
1772021577.5832288,1772021577.5236201,-1000.0,-1000.0,-762.6953125,-833.49609375,0.0,0,0
1772021577.583466,1772021577.5275161,-196.2890625,-295.41015625,223.14453125,76.171875,0.0,0,0
1772021577.583518,1772021577.5314121,-954.1015625,-987.79296875,-999.51171875,-1000.0,0.0,0,0
1772021577.583562,1772021577.5353084,918.45703125,932.12890625,-1000.0,-865.234375,0.0,0,0
1772021577.583605,1772021577.5392044,-355.95703125,-361.81640625,-29.78515625,448.73046875,0.0,0,0
1772021577.58365,1772021577.5431004,-1000.0,-1000.0,-782.71484375,-786.62109375,0.0,0,0
1772021577.58369,1772021577.5469966,-368.1640625,-451.66015625,388.671875,149.90234375,0.0,0,0
1772021577.583732,1772021577.5508926,929.19921875,885.25390625,-921.875,-1000.0,0.0,0,0
1772021577.583773,1772021577.5547886,-929.6875,-912.109375,-1000.0,-1000.0,0.0,0,0
1772021577.5838091,1772021577.5586846,-87.890625,-94.23828125,-212.890625,154.78515625,0.0,0,0
1772021577.583842,1772021577.5625808,-1000.0,-1000.0,-847.16796875,-759.27734375,0.0,0,0
1772021577.583873,1772021577.5664768,-548.828125,-576.171875,567.3828125,139.16015625,0.0,0,0
1772021577.643774,1772021577.5704381,814.453125,782.2265625,-830.078125,-1000.0,0.0,0,0
1772021577.6439219,1772021577.5743341,-861.81640625,-853.02734375,-1000.0,-1000.0,0.0,0,0
1772021577.643976,1772021577.5782301,86.42578125,95.21484375,-224.12109375,-59.08203125,0.0,0,0
1772021577.644025,1772021577.5821264,-1000.0,-1000.0,-890.625,-783.203125,0.0,0,0
1772021577.644066,1772021577.5860224,-594.23828125,-704.58984375,702.63671875,341.796875,0.0,0,0
1772021577.6441112,1772021577.5899184,783.203125,667.48046875,-674.8046875,-985.83984375,0.0,0,0
1772021577.64416,1772021577.5938146,-846.6796875,-820.80078125,-1000.0,-1000.0,0.0,0,0
1772021577.644209,1772021577.5977106,185.05859375,167.48046875,-289.55078125,55.17578125,0.0,0,0
1772021577.644256,1772021577.6016066,-1000.0,-1000.0,998.53515625,-786.1328125,0.0,0,0
1772021577.644301,1772021577.6055028,-840.33203125,-952.1484375,973.6328125,488.76953125,0.0,0,0
1772021577.644347,1772021577.6093988,505.37109375,331.0546875,-287.59765625,-861.328125,0.0,0,0
1772021577.644394,1772021577.6132948,-794.43359375,-770.99609375,-1000.0,-1000.0,0.0,0,0
1772021577.701403,1772021577.617327,232.421875,242.67578125,-408.203125,-127.44140625,0.0,0,0
1772021577.701503,1772021577.621223,-1000.0,-999.51171875,898.92578125,-858.88671875,0.0,0,0
1772021577.70154,1772021577.6251192,-1000.0,-1000.0,-904.78515625,676.26953125,0.0,0,0
1772021577.7015731,1772021577.6290152,150.87890625,48.828125,-12.20703125,-695.80078125,0.0,0,0
1772021577.701608,1772021577.6329114,-763.18359375,-776.3671875,-1000.0,-1000.0,0.0,0,0
1772021577.701639,1772021577.6368074,333.0078125,431.15234375,-540.52734375,-195.80078125,0.0,0,0
1772021577.701673,1772021577.6407037,-946.2890625,-897.4609375,808.10546875,-953.61328125,0.0,0,0
1772021577.701706,1772021577.6445997,-1000.0,-1000.0,-768.06640625,913.57421875,0.0,0,0
1772021577.701737,1772021577.6484957,122.55859375,66.89453125,-9.765625,-363.28125,0.0,0,0
1772021577.70177,1772021577.652392,350.09765625,343.26171875,-422.36328125,-1000.0,0.0,0,0
1772021577.701802,1772021577.656288,-1000.0,-1000.0,933.59375,-668.9453125,0.0,0,0
1772021577.701833,1772021577.6601841,-280.76171875,-384.765625,-785.64453125,639.16015625,0.0,0,0
1772021577.732832,1772021577.6642036,-788.0859375,-820.3125,58.59375,-812.98828125,0.0,0,0
1772021577.73299,1772021577.6680999,161.62109375,168.45703125,-335.44921875,153.3203125,0.0,0,0
1772021577.733042,1772021577.6719959,-1000.0,-1000.0,-973.6328125,-1000.0,0.0,0,0
1772021577.733085,1772021577.675892,-1000.0,-1000.0,919.43359375,-1000.0,0.0,0,0
1772021577.733126,1772021577.679788,-339.35546875,-589.84375,-859.86328125,154.78515625,0.0,0,0
1772021577.7331688,1772021577.6836843,-854.00390625,-978.02734375,123.53515625,-760.7421875,0.0,0,0
1772021577.733215,1772021577.6875803,181.15234375,219.23828125,-723.6328125,144.53125,0.0,0,0
1772021577.733261,1772021577.6914766,-1000.0,-1000.0,800.29296875,-1000.0,0.0,0,0
1772021577.733301,1772021577.6953726,-1000.0,-1000.0,-994.140625,-1000.0,0.0,0,0
1772021577.7333388,1772021577.6992688,-366.2109375,-642.08984375,-942.87109375,23.4375,0.0,0,0
1772021577.733382,1772021577.7031648,-868.1640625,993.65234375,203.125,-769.53125,0.0,0,0
1772021577.733423,1772021577.707061,465.8203125,413.0859375,-1000.0,144.04296875,0.0,0,0
1772021577.778566,1772021577.7110724,-907.71484375,-1000.0,80.078125,-1000.0,0.0,0,0
1772021577.778764,1772021577.7149687,-1000.0,-1000.0,-938.4765625,-1000.0,0.0,0,0
1772021577.7788138,1772021577.718865,-458.0078125,-871.09375,-946.77734375,-89.84375,0.0,0,0
1772021577.7788951,1772021577.722761,903.80859375,455.56640625,173.828125,-936.5234375,0.0,0,0
1772021577.778965,1772021577.7266572,-992.1875,-911.62109375,-1000.0,940.91796875,0.0,0,0
1772021577.7790139,1772021577.7305532,857.421875,904.78515625,-982.91015625,952.1484375,0.0,0,0
1772021577.779062,1772021577.7344494,-881.34765625,981.93359375,-973.6328125,976.07421875,0.0,0,0
1772021577.7791061,1772021577.7383454,259.27734375,972.16796875,-1000.0,971.6796875,0.0,0,0
1772021577.779147,1772021577.7422416,-1000.0,972.16796875,-1000.0,971.6796875,0.0,0,0
1772021577.779187,1772021577.7461379,-301.7578125,972.16796875,-1000.0,972.16796875,0.0,0,0
1772021577.7792268,1772021577.7500339,973.14453125,972.65625,-1000.0,971.6796875,0.0,0,0
1772021577.7792692,1772021577.75393,-912.59765625,908.69140625,-935.05859375,971.6796875,0.0,0,0
1772021577.8374012,1772021577.7580104,229.4921875,-826.171875,-1000.0,971.6796875,0.0,0,1
1772021577.837528,1772021577.7619066,-1000.0,51.26953125,-109.86328125,971.6796875,0.0,0,0
1772021577.837559,1772021577.7658029,-579.58984375,-284.66796875,237.3046875,972.16796875,0.0,0,0
1772021577.837589,1772021577.7696989,826.66015625,-963.8671875,-1000.0,971.6796875,0.0,0,0
1772021577.8376162,1772021577.773595,-849.12109375,945.80078125,-1000.0,973.14453125,0.0,0,0
1772021577.837645,1772021577.7774913,159.1796875,-902.34375,-841.796875,963.37890625,0.0,0,0
1772021577.837674,1772021577.7813876,-1000.0,-292.48046875,539.0625,918.45703125,0.0,0,0
1772021577.8377001,1772021577.7852836,-1000.0,-628.90625,-860.83984375,-883.30078125,0.0,0,0
1772021577.8377259,1772021577.7891798,154.296875,916.50390625,-209.9609375,70.3125,0.0,0,0
1772021577.837754,1772021577.793076,-760.25390625,-929.6875,-1000.0,-1000.0,0.0,0,0
1772021577.837782,1772021577.796972,139.16015625,757.8125,-352.05078125,113.28125,0.0,0,0
1772021577.837814,1772021577.8008683,-1000.0,-693.84765625,889.6484375,-924.31640625,0.0,0,0
1772021577.8674428,1772021577.8048575,-1000.0,-1000.0,-814.94140625,-983.88671875,0.0,0,0
1772021577.867535,1772021577.8087537,150.390625,500.0,84.47265625,55.17578125,0.0,0,0
1772021577.867568,1772021577.81265,497.55859375,-808.59375,-885.25390625,-1000.0,0.0,0,0
1772021577.867599,1772021577.816546,-1000.0,-81.0546875,609.375,-572.75390625,0.0,0,0
1772021577.867628,1772021577.8204422,-1000.0,-1000.0,-899.90234375,843.75,0.0,0,0
1772021577.8676538,1772021577.8243384,-955.078125,-957.03125,898.92578125,-882.32421875,0.0,0,0
1772021577.867688,1772021577.8282347,-1000.0,-988.28125,984.86328125,-155.2734375,0.0,0,0
1772021577.867717,1772021577.8321307,-1000.0,-1000.0,972.16796875,-1000.0,0.0,0,0
1772021577.867743,1772021577.836027,-1000.0,-1000.0,972.16796875,-1000.0,0.0,0,0
1772021577.867769,1772021577.8399231,-1000.0,-1000.0,972.16796875,50.29296875,0.0,0,0
1772021577.867796,1772021577.8438194,-1000.0,-1000.0,971.6796875,-780.2734375,0.0,0,0
1772021577.8678222,1772021577.8477154,-1000.0,-1000.0,972.16796875,-63.4765625,0.0,0,0
1772021577.926633,1772021577.8516955,-1000.0,-1000.0,972.16796875,-1000.0,0.0,0,0
1772021577.9267662,1772021577.8555915,-999.0234375,-1000.0,972.16796875,-1000.0,0.0,0,0
1772021577.926816,1772021577.8594878,-949.70703125,-1000.0,972.16796875,-167.96875,0.0,0,0
1772021577.92686,1772021577.863384,-1000.0,-1000.0,971.6796875,-793.45703125,0.0,0,0
1772021577.926902,1772021577.8672802,-101.07421875,-1000.0,972.16796875,158.203125,0.0,0,0
1772021577.926945,1772021577.8711765,55.6640625,-1000.0,972.16796875,-1000.0,0.0,0,0
1772021577.926987,1772021577.8750725,-1000.0,-1000.0,979.98046875,-1000.0,0.0,0,0
1772021577.927534,1772021577.8789687,-928.7109375,-1000.0,939.453125,-254.39453125,0.0,0,0
1772021577.927619,1772021577.882865,-1000.0,-1000.0,-970.703125,-824.70703125,0.0,0,0
1772021577.927664,1772021577.8867612,16.11328125,-1000.0,872.0703125,173.33984375,0.0,0,0
1772021577.9277089,1772021577.8906574,286.62109375,-1000.0,504.8828125,-1000.0,0.0,0,0
1772021577.9277508,1772021577.8945534,-1000.0,-1000.0,921.875,-1000.0,0.0,0,0
1772021577.957885,1772021577.8985221,-946.77734375,-925.78125,944.82421875,-260.7421875,0.0,0,0
1772021577.9580212,1772021577.9024184,-1000.0,-1000.0,-930.6640625,-823.2421875,0.0,0,0
1772021577.958069,1772021577.9063146,-185.05859375,-628.41796875,499.0234375,272.94921875,0.0,0,0
1772021577.958116,1772021577.9102108,-955.56640625,935.546875,-905.2734375,-1000.0,0.0,0,0
1772021577.9581592,1772021577.9141068,-993.65234375,862.79296875,-1000.0,-1000.0,0.0,0,0
1772021577.9582,1772021577.918003,-167.96875,-641.11328125,43.45703125,-246.58203125,0.0,0,0
1772021577.958246,1772021577.9218993,-1000.0,-1000.0,-972.16796875,-827.63671875,0.0,0,0
1772021577.958287,1772021577.9257956,-351.5625,-1000.0,-949.21875,172.8515625,0.0,0,0
1772021577.9583302,1772021577.9296918,903.3203125,-70.3125,92.28515625,-1000.0,0.0,0,0
1772021577.9583712,1772021577.933588,-888.671875,-792.96875,-1000.0,-1000.0,0.0,0,0
1772021577.95841,1772021577.9374843,221.6796875,-52.734375,-189.94140625,-254.39453125,0.0,0,0
1772021577.958452,1772021577.9413803,-1000.0,-1000.0,-990.72265625,-824.70703125,0.0,0,0
1772021578.018524,1772021577.9453402,-574.70703125,-1000.0,-922.8515625,168.9453125,0.0,0,0
1772021578.018653,1772021577.9492364,819.82421875,-167.96875,79.1015625,-1000.0,0.0,0,0
1772021578.018704,1772021577.9531326,-858.3984375,-796.875,-1000.0,-1000.0,0.0,0,0
1772021578.01875,1772021577.9570289,304.19921875,178.22265625,-201.66015625,-339.35546875,0.0,0,0
1772021578.018794,1772021577.960925,-1000.0,-1000.0,-965.8203125,-851.07421875,0.0,0,0
1772021578.0188348,1772021577.964821,-666.50390625,-1000.0,998.046875,338.37890625,0.0,0,0
1772021578.018877,1772021577.9687173,758.30078125,32.2265625,-55.17578125,-985.3515625,0.0,0,0
1772021578.01892,1772021577.9726136,-842.28515625,-787.109375,-1000.0,-1000.0,0.0,0,0
1772021578.018961,1772021577.9765098,442.87109375,245.60546875,-556.640625,-253.90625,0.0,0,0
1772021578.0190022,1772021577.980406,-913.57421875,-984.86328125,814.94140625,-848.6328125,0.0,0,0
1772021578.019045,1772021577.9843023,-1000.0,-1000.0,-854.98046875,548.33984375,0.0,0,0
1772021578.019084,1772021577.9881985,173.828125,-258.30078125,119.62890625,-852.05078125,0.0,0,0
1772021578.063497,1772021577.9922314,-814.94140625,-840.33203125,-1000.0,-1000.0,0.0,0,0
1772021578.063652,1772021577.9961276,636.23046875,498.53515625,-855.46875,-263.671875,0.0,0,0
1772021578.0637171,1772021578.0000238,-716.796875,-889.16015625,475.09765625,-954.1015625,0.0,0,0
1772021578.063765,1772021578.00392,-1000.0,-1000.0,-790.0390625,864.2578125,0.0,0,0
1772021578.063811,1772021578.0078163,-5.37109375,-224.609375,150.390625,-458.0078125,0.0,0,0
1772021578.063854,1772021578.0117126,-873.53515625,-903.3203125,-1000.0,-1000.0,0.0,0,0
1772021578.063895,1772021578.0156088,788.0859375,757.8125,-1000.0,-368.65234375,0.0,0,0
1772021578.063935,1772021578.019505,-524.4140625,-616.2109375,154.78515625,928.7109375,0.0,0,0
1772021578.063977,1772021578.0234013,-1000.0,-1000.0,-759.765625,-932.6171875,0.0,0,0
1772021578.064018,1772021578.0272975,-179.19921875,-187.98828125,140.13671875,-101.07421875,0.0,0,0
1772021578.06406,1772021578.0311937,-987.79296875,-968.26171875,-1000.0,-1000.0,0.0,0,0
1772021578.0641,1772021578.03509,-967.28515625,971.6796875,-1000.0,-549.8046875,0.0,0,0
1772021578.137789,1772021578.039269,-202.1484375,-301.26953125,-26.3671875,833.0078125,0.0,0,0
1772021578.137974,1772021578.0431652,-1000.0,-1000.0,-831.54296875,-915.52734375,0.0,0,0
1772021578.138043,1772021578.0470614,-80.078125,-182.12890625,158.203125,2.44140625,0.0,0,0
1772021578.1381419,1772021578.050958,987.79296875,958.984375,-978.515625,-1000.0,0.0,0,0
1772021578.138193,1772021578.0548542,-933.59375,-937.01171875,-1000.0,-765.625,0.0,0,0
1772021578.13824,1772021578.0587504,26.85546875,-41.50390625,-225.09765625,584.9609375,0.0,0,0
1772021578.1382852,1772021578.0626466,-1000.0,-1000.0,-826.66015625,-809.08203125,0.0,0,0
1772021578.1383271,1772021578.0665429,-278.80859375,-462.40234375,457.51953125,166.015625,0.0,0,0
1772021578.138371,1772021578.070439,966.796875,871.58203125,-909.1796875,-1000.0,0.0,0,0
1772021578.138413,1772021578.0743356,-913.0859375,-877.44140625,-1000.0,-957.03125,0.0,0,0
1772021578.1384552,1772021578.0782318,127.9296875,112.79296875,-234.375,337.40234375,0.0,0,0
1772021578.138498,1772021578.082128,-1000.0,-1000.0,-881.34765625,-773.4375,0.0,0,0
1772021578.153374,1772021578.0861433,-477.05078125,-651.85546875,678.22265625,142.578125,0.0,0,0
1772021578.153506,1772021578.0900397,875.0,726.07421875,-716.796875,-1000.0,0.0,0,0
1772021578.153553,1772021578.093936,-874.51171875,-835.44921875,-1000.0,-1000.0,0.0,0,0
1772021578.153586,1772021578.0978322,204.58984375,182.6171875,-199.21875,64.94140625,0.0,0,0
1772021578.153622,1772021578.1017284,-1000.0,-1000.0,-946.2890625,-820.3125,0.0,0,0
1772021578.153654,1772021578.105625,-719.23828125,-844.7265625,898.92578125,152.83203125,0.0,0,0
1772021578.153687,1772021578.1095212,674.31640625,511.23046875,-397.4609375,-978.02734375,0.0,0,0
1772021578.1537201,1772021578.1134174,-824.21875,-794.921875,-1000.0,-1000.0,0.0,0,0
1772021578.1537511,1772021578.1173136,166.9921875,150.390625,-274.90234375,-155.76171875,0.0,0,0
1772021578.15379,1772021578.12121,-1000.0,-1000.0,974.12109375,-808.59375,0.0,0,0
1772021578.153825,1772021578.1251063,-952.1484375,-1000.0,-952.1484375,447.75390625,0.0,0,0
1772021578.153858,1772021578.1290026,331.0546875,148.4375,-110.83984375,-903.80859375,0.0,0,0
1772021578.198582,1772021578.1330032,-771.97265625,-757.32421875,-1000.0,-1000.0,0.0,0,0
1772021578.198752,1772021578.1368995,242.1875,239.2578125,-459.47265625,-233.88671875,0.0,0,0
1772021578.198823,1772021578.1407957,-999.51171875,-993.1640625,872.0703125,-884.27734375,0.0,0,0
1772021578.198882,1772021578.1446922,-1000.0,-1000.0,-883.30078125,690.4296875,0.0,0,0
1772021578.1989288,1772021578.1485884,48.828125,-53.7109375,61.5234375,-703.61328125,0.0,0,0
1772021578.198972,1772021578.1524847,-776.3671875,-789.55078125,-1000.0,-1000.0,0.0,0,0
1772021578.1990132,1772021578.1563811,418.45703125,435.546875,-676.7578125,-195.80078125,0.0,0,0
1772021578.199056,1772021578.1602774,-904.296875,-896.484375,688.4765625,-954.1015625,0.0,0,0
1772021578.199098,1772021578.1641736,-1000.0,-1000.0,-825.68359375,928.7109375,0.0,0,0
1772021578.199139,1772021578.1680698,-138.671875,-233.88671875,172.36328125,-366.2109375,0.0,0,0
1772021578.199182,1772021578.1719663,-838.37890625,-884.27734375,-1000.0,-1000.0,0.0,0,0
1772021578.199222,1772021578.1758626,591.796875,690.91796875,-921.875,-170.8984375,0.0,0,0
1772021578.243257,1772021578.1798508,-787.59765625,-703.61328125,392.08984375,-995.1171875,0.0,0,0
1772021578.2433548,1772021578.1837473,-1000.0,-1000.0,-780.76171875,-956.54296875,0.0,0,0
1772021578.243387,1772021578.1876435,-212.890625,-195.80078125,146.97265625,-71.2890625,0.0,0,0
1772021578.243415,1772021578.1915398,-920.41015625,-953.61328125,-1000.0,-1000.0,0.0,0,0
1772021578.2434418,1772021578.1954362,815.91796875,928.7109375,-1000.0,-366.69921875,0.0,0,0
1772021578.2434719,1772021578.1993325,-539.55078125,-365.72265625,110.83984375,919.43359375,0.0,0,0
1772021578.2435122,1772021578.2032287,-1000.0,-1000.0,-761.71875,-897.4609375,0.0,0,0
1772021578.243572,1772021578.2071252,-178.7109375,-170.8984375,170.41015625,111.328125,0.0,0,0
1772021578.243602,1772021578.2110214,-985.83984375,-995.1171875,-1000.0,-1000.0,0.0,0,0
1772021578.243628,1772021578.2149177,-979.4921875,-953.61328125,-1000.0,-563.96484375,0.0,0,0
1772021578.243655,1772021578.2188141,-177.24609375,-73.73046875,-65.91796875,818.359375,0.0,0,0
1772021578.243683,1772021578.2227104,-1000.0,-1000.0,-783.203125,-853.02734375,0.0,0,0
1772021578.288352,1772021578.2266905,-268.06640625,-301.26953125,357.421875,186.5234375,0.0,0,0
1772021578.288495,1772021578.230587,954.1015625,937.98828125,-935.05859375,-1000.0,0.0,0,0
1772021578.288544,1772021578.2344832,-824.21875,-809.08203125,-1000.0,-832.03125,0.0,0,0
1772021578.288589,1772021578.2383795,-241.69921875,-146.484375,-210.44921875,499.0234375,0.0,0,0
1772021578.288633,1772021578.242276,-471.19140625,-479.98046875,-801.7578125,-797.36328125,0.0,0,0
1772021578.288676,1772021578.2461722,856.4453125,918.9453125,-223.14453125,411.62109375,0.0,0,0
1772021578.2887192,1772021578.2500687,-479.98046875,-355.95703125,-356.4453125,-872.55859375,0.0,0,0
1772021578.2887628,1772021578.253965,-1000.0,-1000.0,-947.265625,-1000.0,0.0,0,0
1772021578.288804,1772021578.2578611,-676.26953125,-645.99609375,-917.48046875,-233.88671875,0.0,0,0
1772021578.288848,1772021578.2617576,666.9921875,689.453125,113.28125,-884.27734375,0.0,0,0
1772021578.2888918,1772021578.2656538,-858.3984375,-851.5625,-1000.0,690.4296875,0.0,0,0
1772021578.288933,1772021578.2695503,-140.13671875,-54.19921875,-318.359375,-703.61328125,0.0,0,0
1772021578.333875,1772021578.2735221,-1000.0,-1000.0,961.42578125,-1000.0,0.0,0,0
1772021578.334007,1772021578.2774184,-925.29296875,-815.4296875,-913.0859375,-195.80078125,0.0,0,0
1772021578.3340778,1772021578.2813148,323.73046875,495.60546875,117.67578125,-953.61328125,0.0,0,0
1772021578.334125,1772021578.285211,-777.83203125,-795.41015625,-1000.0,923.33984375,0.0,0,0
1772021578.3341792,1772021578.2891076,48.33984375,141.6015625,-605.46875,-359.86328125,0.0,0,0
1772021578.33422,1772021578.2930038,-1000.0,-1000.0,782.2265625,-1000.0,0.0,0,0
1772021578.334252,1772021578.2969003,-1000.0,-954.1015625,-854.98046875,-270.99609375,0.0,0,0
1772021578.334285,1772021578.3007965,151.85546875,335.9375,113.76953125,970.703125,0.0,0,0
1772021578.33432,1772021578.304693,-766.6015625,-776.85546875,-1000.0,-940.4296875,0.0,0,0
1772021578.334353,1772021578.3085892,90.33203125,157.2265625,-667.48046875,-79.1015625,0.0,0,0
1772021578.334385,1772021578.3124855,-1000.0,-1000.0,733.3984375,-1000.0,0.0,0,0
1772021578.3344278,1772021578.316382,-1000.0,-1000.0,-848.6328125,-373.046875,0.0,0,0
1772021578.3939,1772021578.320342,149.4140625,243.1640625,56.640625,914.55078125,0.0,0,0
1772021578.39403,1772021578.3242383,-758.30078125,-767.08984375,-1000.0,-894.53125,0.0,0,0
1772021578.394078,1772021578.3281348,139.16015625,144.53125,-653.3203125,119.62890625,0.0,0,0
1772021578.394125,1772021578.332031,-1000.0,-1000.0,715.33203125,-1000.0,0.0,0,0
1772021578.394166,1772021578.3359275,-1000.0,-1000.0,-833.49609375,-564.94140625,0.0,0,0
1772021578.394263,1772021578.3398237,-50.29296875,53.22265625,187.01171875,819.3359375,0.0,0,0
1772021578.394335,1772021578.3437202,-778.80859375,-765.13671875,-1000.0,-853.02734375,0.0,0,0
1772021578.394412,1772021578.3476164,145.5078125,141.11328125,-791.9921875,186.5234375,0.0,0,0
1772021578.394499,1772021578.351513,-1000.0,-1000.0,580.078125,-1000.0,0.0,0,0
1772021578.39455,1772021578.3554091,-1000.0,-1000.0,-807.12890625,-844.7265625,0.0,0,0
1772021578.394592,1772021578.3593056,-259.765625,-162.59765625,158.203125,510.7421875,0.0,0,0
1772021578.394635,1772021578.3632019,-824.21875,-799.31640625,-1000.0,-795.41015625,0.0,0,0
1772021578.438904,1772021578.3672316,257.32421875,354.98046875,-994.140625,149.90234375,0.0,0,0
1772021578.43905,1772021578.371128,-1000.0,-952.63671875,229.4921875,-1000.0,0.0,0,0
1772021578.439102,1772021578.3750243,-1000.0,-1000.0,-780.2734375,-1000.0,0.0,0,0
1772021578.439147,1772021578.3789208,-185.05859375,-175.78125,482.91015625,217.28515625,0.0,0,0
1772021578.439191,1772021578.382817,-965.33203125,-969.23828125,-896.97265625,-895.99609375,0.0,0,0
1772021578.4392362,1772021578.3867135,949.70703125,955.56640625,-1000.0,908.69140625,0.0,0,0
1772021578.439279,1772021578.39061,889.16015625,944.82421875,-944.3359375,972.65625,0.0,0,0
1772021578.439321,1772021578.3945062,-891.11328125,979.00390625,-1000.0,972.16796875,0.0,0,0
1772021578.439363,1772021578.3984027,150.87890625,972.16796875,-1000.0,971.6796875,0.0,0,0
1772021578.4394062,1772021578.402299,-1000.0,972.16796875,-1000.0,971.6796875,0.0,0,0
1772021578.439446,1772021578.4061954,-187.5,972.16796875,-1000.0,971.6796875,0.0,0,0
1772021578.439486,1772021578.4100916,999.0234375,972.16796875,-1000.0,971.6796875,0.0,0,0
1772021578.483577,1772021578.414111,-920.8984375,972.16796875,-937.01171875,971.6796875,0.0,0,0
1772021578.483746,1772021578.4180074,235.83984375,972.16796875,-1000.0,971.6796875,0.0,0,0
1772021578.4838111,1772021578.4219038,-1000.0,972.16796875,-80.078125,971.6796875,0.0,0,0
1772021578.4838731,1772021578.4258,-398.4375,974.609375,246.58203125,971.6796875,0.0,0,0
1772021578.483932,1772021578.4296966,931.15234375,957.51953125,-1000.0,971.6796875,0.0,0,0
1772021578.483992,1772021578.433593,-895.01953125,930.6640625,-1000.0,971.6796875,0.0,0,0
1772021578.4840488,1772021578.4374893,221.19140625,-852.5390625,-602.5390625,971.6796875,0.0,0,0
1772021578.484108,1772021578.4413857,-1000.0,-179.6875,988.76953125,971.6796875,0.0,0,0
1772021578.484164,1772021578.445282,-580.078125,-326.171875,638.18359375,971.6796875,0.0,0,0
1772021578.484225,1772021578.4491785,826.171875,-964.84375,-839.84375,971.6796875,0.0,0,0
1772021578.484282,1772021578.453075,-856.4453125,-994.140625,-1000.0,972.65625,0.0,0,0
1772021578.48434,1772021578.4569712,186.5234375,878.90625,-343.26171875,966.30859375,0.0,0,0
1772021578.528524,1772021578.4609783,-1000.0,-700.68359375,934.5703125,916.50390625,0.0,0,0
1772021578.528743,1772021578.4648747,-839.35546875,-576.66015625,-926.26953125,-833.984375,0.0,0,0
1772021578.528811,1772021578.4687712,504.39453125,935.546875,-86.9140625,-50.29296875,0.0,0,0
1772021578.5288582,1772021578.4726675,-793.45703125,-943.84765625,-1000.0,-314.94140625,0.0,0,0
1772021578.5289018,1772021578.476564,247.55859375,741.2109375,-298.828125,-936.5234375,0.0,0,0
1772021578.5289469,1772021578.4804604,-1000.0,-741.69921875,936.5234375,928.22265625,0.0,0,0
1772021578.528991,1772021578.4843569,-1000.0,-936.5234375,-894.53125,-932.6171875,0.0,0,0
1772021578.529033,1772021578.488253,125.48828125,557.6171875,225.09765625,66.40625,0.0,0,0
1772021578.5290759,1772021578.4921496,-771.97265625,-886.23046875,-1000.0,-1000.0,0.0,0,0
1772021578.529116,1772021578.496046,424.31640625,785.64453125,-398.4375,-70.80078125,0.0,0,0
1772021578.5291631,1772021578.4999425,-894.53125,-532.2265625,931.640625,-957.03125,0.0,0,0
1772021578.529206,1772021578.5038388,-1000.0,-1000.0,-892.08984375,-946.77734375,0.0,0,0
1772021578.573343,1772021578.507837,-128.90625,105.46875,221.6796875,30.2734375,0.0,0,0
1772021578.573517,1772021578.5117335,-848.14453125,-866.69921875,-1000.0,-1000.0,0.0,0,0
1772021578.573644,1772021578.5156298,637.6953125,814.453125,-485.83984375,-187.5,0.0,0,0
1772021578.57372,1772021578.5195262,-799.8046875,-525.390625,949.70703125,-988.28125,0.0,0,0
1772021578.573768,1772021578.5234227,-1000.0,-1000.0,999.0234375,-929.6875,0.0,0,0
1772021578.573816,1772021578.5273192,-948.2421875,-933.10546875,921.38671875,-36.1328125,0.0,0,0
1772021578.573927,1772021578.5312157,-942.3828125,-1000.0,986.328125,-1000.0,0.0,0,0
1772021578.5739741,1772021578.535112,-1000.0,-1000.0,972.16796875,-1000.0,0.0,0,0
1772021578.574045,1772021578.5390084,-478.515625,-1000.0,971.6796875,-167.96875,0.0,0,0
1772021578.5741088,1772021578.5429049,-894.53125,-1000.0,971.6796875,-793.45703125,0.0,0,0
1772021578.574155,1772021578.5468013,200.68359375,-1000.0,971.6796875,158.69140625,0.0,0,0
1772021578.574198,1772021578.5506976,-1000.0,-1000.0,972.16796875,-1000.0,0.0,0,0
1772021578.6489,1772021578.5548484,-1000.0,-1000.0,972.16796875,-1000.0,0.0,0,0
1772021578.648992,1772021578.558745,-363.76953125,-1000.0,972.16796875,-254.39453125,0.0,0,0
1772021578.649024,1772021578.5626414,-860.83984375,-1000.0,971.6796875,-825.1953125,0.0,0,0
1772021578.6490529,1772021578.5665379,371.58203125,-1000.0,972.16796875,172.8515625,0.0,0,0
1772021578.649081,1772021578.5704343,-959.9609375,-1000.0,972.16796875,-1000.0,0.0,0,0
1772021578.649108,1772021578.5743308,-1000.0,-994.140625,972.16796875,-1000.0,0.0,0,0
1772021578.649224,1772021578.5782273,-427.24609375,-1000.0,972.16796875,-257.8125,0.0,0,0
1772021578.6492531,1772021578.5821238,-992.67578125,-992.1875,971.6796875,-823.73046875,0.0,0,0
1772021578.649281,1772021578.5860202,849.609375,-892.08984375,971.6796875,232.421875,0.0,0,0
1772021578.649309,1772021578.5899165,-618.65234375,-972.16796875,972.16796875,-1000.0,0.0,0,0
1772021578.6493351,1772021578.593813,-1000.0,-1000.0,984.375,-1000.0,0.0,0,0
1772021578.649407,1772021578.5977094,-870.1171875,-917.96875,897.94921875,-259.765625,0.0,0,0
1772021578.66396,1772021578.601695,-1000.0,-1000.0,-895.01953125,-839.84375,0.0,0,0
1772021578.664083,1772021578.6055915,-218.26171875,-463.37890625,427.734375,417.48046875,0.0,0,0
1772021578.664194,1772021578.609488,979.98046875,870.60546875,-908.203125,-1000.0,0.0,0,0
1772021578.6642702,1772021578.6133845,-921.875,-875.48828125,-1000.0,-921.38671875,0.0,0,0
1772021578.664308,1772021578.617281,237.3046875,310.05859375,-838.37890625,436.5234375,0.0,0,0
1772021578.664356,1772021578.6211774,-1000.0,-1000.0,725.09765625,-872.55859375,0.0,0,0
1772021578.6643898,1772021578.625074,-574.70703125,-583.984375,595.21484375,780.76171875,0.0,0,0
1772021578.664424,1772021578.6289704,820.3125,823.73046875,-930.6640625,-565.4296875,0.0,0,0
1772021578.664456,1772021578.6328669,-854.4921875,-860.83984375,-1000.0,-1000.0,0.0,0,0
1772021578.6644878,1772021578.6367633,286.1328125,408.69140625,-764.16015625,211.9140625,0.0,0,0
1772021578.664522,1772021578.6406598,-1000.0,-1000.0,662.109375,-874.51171875,0.0,0,0
1772021578.6645539,1772021578.6445563,-851.5625,-895.99609375,-979.4921875,855.46875,0.0,0,0
1772021578.7095091,1772021578.6485338,508.30078125,476.5625,-403.80859375,-396.97265625,0.0,0,0
1772021578.709635,1772021578.6524303,-798.33984375,-810.546875,-1000.0,-1000.0,0.0,0,0
1772021578.709674,1772021578.6563268,341.796875,496.58203125,-692.87109375,-80.078125,0.0,0,0
1772021578.7097092,1772021578.6602232,-959.47265625,-864.2578125,627.9296875,-947.75390625,0.0,0,0
1772021578.7097442,1772021578.6641197,-1000.0,-1000.0,-826.66015625,989.74609375,0.0,0,0
1772021578.709784,1772021578.6680162,102.05078125,78.61328125,63.4765625,-215.8203125,0.0,0,0
1772021578.7098181,1772021578.6719127,-787.59765625,-825.1953125,-1000.0,-1000.0,0.0,0,0
1772021578.70985,1772021578.6758091,514.6484375,652.83203125,-798.828125,-174.8046875,0.0,0,0
1772021578.709883,1772021578.6797056,-839.35546875,-681.640625,540.52734375,-990.234375,0.0,0,0
1772021578.7099159,1772021578.683602,-1000.0,-1000.0,-802.24609375,-947.75390625,0.0,0,0
1772021578.7099469,1772021578.6874986,-113.76953125,-208.984375,166.9921875,-81.0546875,0.0,0,0
1772021578.70998,1772021578.691395,-894.04296875,-918.9453125,-1000.0,-1000.0,0.0,0,0
1772021578.7683148,1772021578.6953576,801.26953125,816.40625,-941.40625,-184.5703125,0.0,0,0
1772021578.7685618,1772021578.699254,-531.73828125,-539.55078125,361.81640625,-998.046875,0.0,0,0
1772021578.768636,1772021578.7031505,-1000.0,-1000.0,-778.3203125,-939.94140625,0.0,0,0
1772021578.7687,1772021578.707047,-189.94140625,-178.7109375,149.4140625,32.71484375,0.0,0,0
1772021578.76876,1772021578.7109437,-959.9609375,-985.3515625,-1000.0,-1000.0,0.0,0,0
1772021578.7688189,1772021578.7148402,950.68359375,-974.12109375,-1000.0,-469.7265625,0.0,0,0
1772021578.768862,1772021578.7187366,-323.73046875,-183.10546875,128.41796875,876.46484375,0.0,0,0
1772021578.768905,1772021578.7226331,-1000.0,-1000.0,-761.71875,-878.41796875,0.0,0,0
1772021578.769013,1772021578.7265296,-172.36328125,-176.7578125,337.40234375,106.93359375,0.0,0,0
1772021578.769065,1772021578.730426,-994.140625,-995.1171875,-952.63671875,-1000.0,0.0,0,0
1772021578.769109,1772021578.7343225,-952.63671875,-948.73046875,-1000.0,-705.078125,0.0,0,0
1772021578.769152,1772021578.738219,-75.1953125,-29.296875,-45.8984375,667.48046875,0.0,0,0
1772021578.828994,1772021578.7423239,-1000.0,-1000.0,-803.22265625,-820.80078125,0.0,0,0
1772021578.829174,1772021578.7462206,-269.53125,-397.4609375,525.390625,167.48046875,0.0,0,0
1772021578.8292391,1772021578.750117,959.47265625,907.2265625,-841.796875,-1000.0,0.0,0,0
1772021578.8292968,1772021578.7540135,-911.62109375,-891.11328125,-1000.0,-957.03125,0.0,0,0
1772021578.829355,1772021578.75791,127.9296875,115.72265625,-193.359375,337.40234375,0.0,0,0
1772021578.8294022,1772021578.7618067,-1000.0,-1000.0,-915.0390625,-772.94921875,0.0,0,0
1772021578.829501,1772021578.7657032,-477.05078125,-601.07421875,813.96484375,142.578125,0.0,0,0
1772021578.829555,1772021578.7695997,875.0,780.2734375,-536.62109375,-1000.0,0.0,0,0
1772021578.829602,1772021578.7734962,-874.0234375,-844.7265625,-1000.0,-1000.0,0.0,0,0
1772021578.829644,1772021578.7773926,204.58984375,181.640625,-178.7109375,52.734375,0.0,0,0
1772021578.829686,1772021578.7812893,-1000.0,-1000.0,-985.3515625,-765.13671875,0.0,0,0
1772021578.829728,1772021578.7851858,-719.23828125,-873.046875,-974.12109375,135.25390625,0.0,0,0
1772021578.8714418,1772021578.789206,674.31640625,467.28515625,-183.59375,-1000.0,0.0,0,0
1772021578.871509,1772021578.7931027,-820.3125,-787.109375,-1000.0,-1000.0,0.0,0,0
1772021578.87153,1772021578.7969992,152.83203125,141.6015625,-163.57421875,-264.6484375,0.0,0,0
1772021578.871552,1772021578.8008957,-1000.0,-1000.0,991.69921875,-826.171875,0.0,0,0
1772021578.8715708,1772021578.8047922,-1000.0,-1000.0,-919.921875,369.62890625,0.0,0,0
1772021578.87159,1772021578.8086889,154.296875,42.96875,88.37890625,-960.44921875,0.0,0,0
1772021578.8716102,1772021578.8125854,-759.765625,-766.11328125,-1000.0,-1000.0,0.0,0,0
1772021578.871629,1772021578.8164818,139.16015625,136.71875,-204.58984375,-250.48828125,0.0,0,0
1772021578.871648,1772021578.8203785,-1000.0,-1000.0,989.74609375,-849.609375,0.0,0,0
1772021578.871667,1772021578.824275,-1000.0,-1000.0,-918.45703125,544.921875,0.0,0,0
1772021578.871686,1772021578.8281715,-60.05859375,-245.60546875,235.83984375,-848.14453125,0.0,0,0
1772021578.871706,1772021578.8320682,-780.2734375,-820.3125,-1000.0,-1000.0,0.0,0,0
1772021578.903497,1772021578.8360715,338.8671875,236.328125,-475.5859375,-341.30859375,0.0,0,0
1772021578.903538,1772021578.839968,-946.77734375,-1000.0,891.6015625,-965.8203125,0.0,0,0
1772021578.903553,1772021578.8438644,-1000.0,-1000.0,-878.90625,824.21875,0.0,0,0
1772021578.9035661,1772021578.8477612,-250.9765625,-261.23046875,206.54296875,-538.0859375,0.0,0,0
1772021578.903579,1772021578.8516576,-850.09765625,-834.47265625,-1000.0,-1000.0,0.0,0,0
1772021578.903593,1772021578.855554,550.78125,454.58984375,-719.23828125,-457.51953125,0.0,0,0
1772021578.903606,1772021578.8594508,-855.46875,-916.015625,674.8046875,895.99609375,0.0,0,0
1772021578.903619,1772021578.8633473,-1000.0,-1000.0,-822.75390625,-939.453125,0.0,0,0
1772021578.903635,1772021578.867244,-215.33203125,-232.91015625,163.0859375,-194.3359375,0.0,0,0
1772021578.903648,1772021578.8711405,-920.8984375,-888.18359375,-1000.0,-1000.0,0.0,0,0
1772021578.903662,1772021578.875037,815.91796875,701.171875,-980.95703125,-555.6640625,0.0,0,0
1772021578.9036758,1772021578.8789337,-539.55078125,-676.7578125,283.203125,807.6171875,0.0,0,0
1772021578.9471161,1772021578.882928,-1000.0,-1000.0,-768.5546875,-868.1640625,0.0,0,1
1772021578.947177,1772021578.8868244,-192.87109375,-298.33984375,204.1015625,-19.04296875,0.0,0,0
1772021578.9471948,1772021578.890721,-955.56640625,-981.93359375,-1000.0,-1000.0,0.0,0,0
1772021578.947211,1772021578.8946176,948.2421875,934.08203125,-1000.0,-822.75390625,0.0,0,0
1772021578.9472268,1772021578.8985143,-397.4609375,-438.4765625,49.8046875,487.3046875,0.0,0,0
1772021578.947242,1772021578.9024107,-1000.0,-1000.0,-777.83203125,-783.203125,0.0,0,0
1772021578.947256,1772021578.9063075,283.203125,176.7578125,209.9609375,122.0703125,0.0,0,0
1772021578.9472709,1772021578.910204,357.421875,192.3828125,-1000.0,-997.0703125,0.0,0,0
1772021578.9472861,1772021578.9141004,-1000.0,-1000.0,-485.83984375,-1000.0,0.0,0,0
1772021578.9473002,1772021578.9179971,-931.640625,-1000.0,-881.34765625,-266.6015625,0.0,0,0
1772021578.947315,1772021578.9218936,350.5859375,34.1796875,445.3125,-833.49609375,0.0,0,0
1772021578.947362,1772021578.9257903,-791.9921875,-767.08984375,-955.078125,462.890625,0.0,0,0
1772021578.992536,1772021578.9297748,498.046875,385.25390625,-1000.0,-911.62109375,0.0,0,0
1772021578.9925802,1772021578.9336712,-821.2890625,-910.64453125,-842.28515625,-1000.0,0.0,0,0
1772021578.9926,1772021578.937568,-1000.0,-1000.0,432.12890625,-233.88671875,0.0,0,0
1772021578.992618,1772021578.9414644,-236.328125,-244.62890625,-792.48046875,-884.27734375,0.0,0,0
1772021578.992636,1772021578.9453611,-843.75,-834.47265625,117.67578125,690.4296875,0.0,0,0
1772021578.992654,1772021578.9492576,465.33203125,389.16015625,-1000.0,-703.61328125,0.0,0,0
1772021578.992673,1772021578.9531543,-916.015625,-950.1953125,-965.8203125,-1000.0,0.0,0,0
1772021578.992691,1772021578.9570508,-1000.0,-1000.0,398.92578125,-195.80078125,0.0,0,0
1772021578.9927082,1772021578.9609475,-175.78125,-229.4921875,-854.98046875,-954.1015625,0.0,0,0
1772021578.992725,1772021578.964844,-906.73828125,-913.0859375,-258.7890625,923.33984375,0.0,0,0
1772021578.992743,1772021578.9687407,808.59375,803.22265625,-1000.0,-359.86328125,0.0,0,0
1772021578.9927602,1772021578.9726372,-536.1328125,-556.640625,-1000.0,-1000.0,0.0,0,0
1772021579.037689,1772021578.9766133,-1000.0,-1000.0,12.20703125,-270.99609375,0.0,0,0
1772021579.037728,1772021578.98051,-182.6171875,-183.10546875,-765.13671875,970.703125,0.0,0,0
1772021579.037753,1772021578.9844065,-977.5390625,-976.07421875,114.2578125,-943.84765625,0.0,0,0
1772021579.0377758,1772021578.9883032,988.28125,985.3515625,-1000.0,-77.1484375,0.0,0,0
1772021579.037802,1772021578.9921997,-217.28515625,-221.6796875,-1000.0,-1000.0,0.0,0,0
1772021579.0378518,1772021578.9960964,-1000.0,-1000.0,-125.9765625,-459.47265625,0.0,0,0
1772021579.037884,1772021578.9999928,-451.171875,-499.51171875,-792.96875,869.62890625,0.0,0,0
1772021579.037907,1772021579.0038896,875.0,843.26171875,370.60546875,-875.9765625,0.0,0,0
1772021579.03793,1772021579.007786,-876.46484375,-864.2578125,-939.453125,92.7734375,0.0,0,0
1772021579.0379531,1772021579.0116827,-81.0546875,-73.2421875,-1000.0,-1000.0,0.0,0,0
1772021579.037975,1772021579.0155792,-1000.0,-1000.0,-233.88671875,-815.4296875,0.0,0,0
1772021579.037997,1772021579.019476,-1000.0,-1000.0,-899.4140625,505.37109375,0.0,0,0
1772021579.082731,1772021579.023442,-578.125,-583.984375,754.39453125,-724.12109375,0.0,0,0
1772021579.082777,1772021579.0273387,832.51953125,869.62890625,-684.08203125,123.53515625,0.0,0,0
1772021579.082808,1772021579.0312352,-993.1640625,975.5859375,-1000.0,-226.5625,0.0,0,0
1772021579.082842,1772021579.035132,997.0703125,976.07421875,-916.50390625,-963.8671875,0.0,0,0
1772021579.082871,1772021579.0390284,-158.69140625,939.94140625,-1000.0,994.140625,0.0,0,0
1772021579.0828989,1772021579.0429251,-1000.0,-205.078125,-274.4140625,934.08203125,0.0,0,0
1772021579.082927,1772021579.0468218,20.99609375,431.640625,-389.6484375,978.515625,0.0,0,0
1772021579.0829551,1772021579.0507183,-928.22265625,-925.78125,-1000.0,971.6796875,0.0,0,0
1772021579.082984,1772021579.054615,998.53515625,-990.234375,-1000.0,985.83984375,0.0,0,0
1772021579.0830112,1772021579.0585115,-166.50390625,743.1640625,-585.9375,914.0625,0.0,0,0
1772021579.08304,1772021579.0624082,-1000.0,-823.2421875,-960.44921875,-905.2734375,0.0,0,0
1772021579.083068,1772021579.0663047,-175.78125,58.10546875,157.71484375,666.9921875,0.0,0,0
1772021579.143677,1772021579.0702622,-989.2578125,-891.6015625,-1000.0,170.8984375,0.0,0,0
1772021579.143828,1772021579.074159,-947.75390625,-963.8671875,-1000.0,954.58984375,0.0,0,0
1772021579.143893,1772021579.0780556,-81.54296875,250.9765625,-270.01953125,947.265625,0.0,0,0
1772021579.1439528,1772021579.081952,-1000.0,-1000.0,-824.21875,-938.4765625,0.0,0,0
1772021579.14401,1772021579.0858488,-173.33984375,-201.66015625,369.62890625,549.31640625,0.0,0,0
1772021579.144219,1772021579.0897453,999.0234375,-992.1875,-960.44921875,-1000.0,0.0,0,0
1772021579.144309,1772021579.093642,-931.15234375,-917.96875,-1000.0,-238.28125,0.0,0,0
1772021579.1443799,1772021579.0975387,82.03125,231.4453125,-241.2109375,-980.95703125,0.0,0,0
1772021579.144682,1772021579.1014352,-1000.0,-1000.0,-882.32421875,-955.078125,0.0,0,0
1772021579.14485,1772021579.105332,-377.44140625,-295.8984375,690.4296875,606.93359375,0.0,0,0
1772021579.144908,1772021579.1092284,919.921875,975.5859375,-703.61328125,-971.19140625,0.0,0,0
1772021579.144952,1772021579.113125,-891.6015625,-912.109375,-1000.0,-775.87890625,0.0,0,0
1772021579.188895,1772021579.1171594,216.796875,230.46875,-181.640625,693.359375,0.0,0,0
1772021579.189017,1772021579.121056,-1000.0,-1000.0,-988.76953125,-841.30859375,0.0,0,0
1772021579.189048,1772021579.1249526,-651.3671875,-552.24609375,-973.6328125,469.23828125,0.0,0,0
1772021579.189078,1772021579.1288493,748.046875,844.23828125,-182.6171875,-899.4140625,0.0,0,0
1772021579.189108,1772021579.132746,-838.37890625,-858.3984375,-1000.0,-1000.0,0.0,0,0
1772021579.189138,1772021579.1366425,169.921875,176.26953125,-161.1328125,168.45703125,0.0,0,0
1772021579.189166,1772021579.1405392,-1000.0,-1000.0,987.3046875,-785.15625,0.0,0,0
1772021579.1891918,1772021579.144436,-955.078125,-951.171875,-913.0859375,506.34765625,0.0,0,0
1772021579.1892202,1772021579.1483324,334.47265625,330.56640625,130.859375,-830.078125,0.0,0,0
1772021579.189247,1772021579.152229,-775.87890625,-771.97265625,-1000.0,-1000.0,0.0,0,0
1772021579.189273,1772021579.1561258,192.87109375,259.27734375,-187.98828125,-184.08203125,0.0,0,0
1772021579.189303,1772021579.1600223,-1000.0,-994.140625,-999.51171875,-916.9921875,0.0,0,0
1772021579.2342489,1772021579.1640387,-1000.0,-1000.0,-920.8984375,825.1953125,0.0,0,0
1772021579.234443,1772021579.1679354,153.80859375,62.01171875,236.81640625,-516.6015625,0.0,0,0
1772021579.234483,1772021579.1718318,-781.25,-787.109375,-1000.0,-1000.0,0.0,0,0
1772021579.234516,1772021579.1757286,517.08984375,518.06640625,-421.38671875,-177.734375,0.0,0,0
1772021579.2345521,1772021579.1796253,-846.19140625,-841.30859375,919.921875,-986.328125,0.0,0,0
1772021579.234588,1772021579.183522,-1000.0,-1000.0,-890.13671875,-975.5859375,0.0,0,0
1772021579.2346199,1772021579.1874185,-22.4609375,-123.046875,219.7265625,-167.48046875,0.0,0,0
1772021579.234653,1772021579.1913152,-840.33203125,-863.76953125,-1000.0,-1000.0,0.0,0,0
1772021579.234685,1772021579.195212,662.59765625,692.3828125,-584.9609375,-251.953125,0.0,0,0
1772021579.234721,1772021579.1991086,-688.4765625,-674.31640625,814.453125,971.19140625,0.0,0,0
1772021579.2347531,1772021579.203005,-1000.0,-1000.0,-853.02734375,-927.734375,0.0,0,0
1772021579.234784,1772021579.2069018,-196.2890625,-195.3125,241.69921875,25.390625,0.0,0,0
1772021579.278083,1772021579.2109075,-954.58984375,-953.61328125,-1000.0,-1000.0,0.0,0,0
1772021579.278174,1772021579.2148042,928.22265625,928.7109375,-842.7734375,-469.7265625,0.0,0,0
1772021579.278205,1772021579.218701,-366.2109375,-366.2109375,504.39453125,876.46484375,0.0,0,0
1772021579.278234,1772021579.2225976,-1000.0,-1000.0,-801.7578125,-878.90625,0.0,0,0
1772021579.278262,1772021579.2264943,-179.19921875,-178.7109375,387.20703125,103.515625,0.0,0,0
1772021579.27829,1772021579.230391,-980.95703125,-980.46875,-950.1953125,-1000.0,0.0,0,0
1772021579.278316,1772021579.2342875,-980.46875,-983.3984375,-1000.0,-704.58984375,0.0,0,0
1772021579.278346,1772021579.2381842,-176.26953125,-172.8515625,180.6640625,666.9921875,0.0,0,0
1772021579.278373,1772021579.242081,-1000.0,-1000.0,-791.015625,-818.359375,0.0,0,0
1772021579.278422,1772021579.2459776,-287.109375,-365.72265625,537.59765625,157.2265625,0.0,0,0
1772021579.2784672,1772021579.2498744,956.0546875,924.8046875,-825.1953125,-1000.0,0.0,0,0
1772021579.2784991,1772021579.2537708,-923.828125,-911.62109375,-1000.0,-1000.0,0.0,0,0
1772021579.32401,1772021579.257767,23.4375,-2.44140625,-4.39453125,207.51953125,0.0,0,0
1772021579.324173,1772021579.2616637,-1000.0,-1000.0,-869.140625,-763.18359375,0.0,0,0
1772021579.3243039,1772021579.2655604,-552.734375,-645.01953125,774.90234375,138.18359375,0.0,0,0
1772021579.324417,1772021579.269457,823.2421875,723.6328125,-541.50390625,-1000.0,0.0,0,0
1772021579.32464,1772021579.2733538,-860.3515625,-836.9140625,-1000.0,-1000.0,0.0,0,0
1772021579.324688,1772021579.2772503,84.9609375,68.359375,-185.05859375,-48.828125,0.0,0,0
1772021579.3247318,1772021579.281147,-1000.0,-1000.0,-971.6796875,-778.3203125,0.0,0,0
1772021579.324777,1772021579.2850437,-830.078125,-942.3828125,985.3515625,145.5078125,0.0,0,0
1772021579.324822,1772021579.2889404,502.9296875,329.58984375,-259.27734375,-1000.0,0.0,0,0
1772021579.324864,1772021579.2928371,-794.921875,-770.5078125,-1000.0,-1000.0,0.0,0,0
1772021579.324904,1772021579.2967339,156.73828125,142.578125,-171.875,-261.23046875,0.0,0,0
1772021579.324945,1772021579.3006306,-1000.0,-1000.0,-994.62890625,-823.73046875,0.0,0,0
1772021579.369013,1772021579.3046174,-1000.0,-1000.0,-942.3828125,285.64453125,0.0,0,0
1772021579.369165,1772021579.308514,243.1640625,52.734375,-55.6640625,-996.58203125,0.0,0,0
1772021579.369212,1772021579.3124108,-767.578125,-765.13671875,-1000.0,-1000.0,0.0,0,0
1772021579.3692539,1772021579.3163075,144.53125,141.6015625,-172.36328125,-257.32421875,0.0,0,0
1772021579.3693,1772021579.3202043,-1000.0,-1000.0,995.60546875,-836.42578125,0.0,0,0
1772021579.36934,1772021579.3241007,-1000.0,-1000.0,-924.31640625,462.890625,0.0,0,0
1772021579.36938,1772021579.3279974,46.38671875,-146.484375,134.27734375,-912.109375,0.0,0,0
1772021579.3694222,1772021579.3318942,-764.16015625,-796.875,-1000.0,-1000.0,0.0,0,0
1772021579.369462,1772021579.3357909,240.72265625,157.71484375,-383.30078125,-233.88671875,0.0,0,0
1772021579.369505,1772021579.3396876,-988.76953125,-1000.0,924.31640625,-884.27734375,0.0,0,0
1772021579.369546,1772021579.3435843,-1000.0,-1000.0,-892.08984375,681.15234375,0.0,0,0
1772021579.369586,1772021579.347481,-157.2265625,-262.6953125,222.16796875,-693.359375,0.0,0,0
1772021579.413524,1772021579.3514588,-810.05859375,-824.70703125,-1000.0,-1000.0,0.0,0,0
1772021579.413644,1772021579.3553555,447.75390625,322.75390625,-579.58984375,-393.5546875,0.0,0,0
1772021579.413693,1772021579.3592522,-904.296875,-980.46875,826.66015625,973.14453125,0.0,0,0
1772021579.413738,1772021579.363149,-1000.0,-1000.0,-855.46875,938.4765625,0.0,0,0
1772021579.41378,1772021579.3670456,-233.88671875,-254.39453125,186.5234375,-382.8125,0.0,0,0
1772021579.4138298,1772021579.3709424,-884.765625,-838.8671875,-1000.0,-1000.0,0.0,0,0
1772021579.413871,1772021579.374839,689.94140625,472.16796875,-843.75,-554.6875,0.0,0,0
1772021579.4139142,1772021579.3787358,-703.61328125,-902.83203125,510.25390625,824.21875,0.0,0,0
1772021579.413957,1772021579.3826325,-1000.0,-1000.0,-794.921875,-896.484375,0.0,0,0
1772021579.4139972,1772021579.3865292,-196.2890625,-264.16015625,164.55078125,-149.4140625,0.0,0,0
1772021579.41404,1772021579.390426,-954.58984375,-895.01953125,-1000.0,-1000.0,0.0,0,0
1772021579.41408,1772021579.3943226,923.828125,686.03515625,-1000.0,-812.98828125,0.0,0,0
1772021579.4590862,1772021579.3982913,-361.328125,-695.80078125,145.5078125,500.0,0.0,0,0
1772021579.459261,1772021579.402188,-1000.0,-1000.0,-761.23046875,-802.24609375,0.0,0,0
1772021579.459324,1772021579.4060848,-250.0,-392.578125,333.984375,8.30078125,0.0,0,0
1772021579.459384,1772021579.4099815,977.5390625,970.703125,-952.1484375,-1000.0,0.0,0,0
1772021579.4594429,1772021579.4138782,-943.84765625,947.265625,-1000.0,-1000.0,0.0,0,0
1772021579.4594991,1772021579.417775,-77.63671875,-370.1171875,-45.8984375,161.1328125,0.0,0,0
1772021579.459559,1772021579.4216716,-1000.0,-1000.0,-800.29296875,-757.8125,0.0,0,0
1772021579.4596028,1772021579.4255683,-367.1875,-548.828125,500.9765625,141.6015625,0.0,0,0
1772021579.459645,1772021579.429465,919.921875,823.73046875,-854.98046875,-1000.0,0.0,0,0
1772021579.459708,1772021579.4333618,-898.92578125,-888.671875,-1000.0,-1000.0,0.0,0,0
1772021579.459747,1772021579.4372585,103.02734375,-115.72265625,-223.14453125,-12.20703125,0.0,0,0
1772021579.459792,1772021579.4411552,-1000.0,-1000.0,-906.73828125,-773.4375,0.0,0,0
1772021579.5189178,1772021579.4451163,-634.27734375,-874.0234375,771.97265625,142.08984375,0.0,0,0
1772021579.519093,1772021579.449013,988.28125,638.671875,-661.62109375,-1000.0,0.0,0,0
1772021579.5191581,1772021579.4529097,801.7578125,891.11328125,-1000.0,-1000.0,0.0,0,0
1772021579.519215,1772021579.4568064,-964.84375,-1000.0,175.29296875,-266.11328125,0.0,0,0
1772021579.5192719,1772021579.4607031,160.15625,-159.66796875,-837.40234375,-844.23828125,0.0,0,0
1772021579.519331,1772021579.4645998,763.18359375,615.72265625,329.1015625,541.50390625,0.0,0,0
1772021579.519383,1772021579.4684966,-953.61328125,-981.93359375,541.50390625,-845.21484375,0.0,0,0
1772021579.519426,1772021579.4723933,-1000.0,-1000.0,-914.55078125,-1000.0,0.0,0,0
1772021579.519465,1772021579.47629,-1000.0,-977.5390625,934.08203125,-414.55078125,0.0,0,0
1772021579.519506,1772021579.480187,-117.67578125,-1000.0,978.515625,-987.3046875,0.0,0,0
1772021579.519547,1772021579.4840837,-825.68359375,-333.0078125,971.6796875,801.26953125,0.0,0,0
1772021579.5195892,1772021579.4879804,-142.08984375,-740.72265625,972.16796875,-586.42578125,0.0,0,0
1772021579.562764,1772021579.4920027,-1000.0,-1000.0,974.12109375,-1000.0,0.0,0,0
1772021579.5628521,1772021579.4958997,-1000.0,-1000.0,906.73828125,-564.94140625,0.0,0,0
1772021579.562892,1772021579.4997964,-62.98828125,-756.8359375,-826.171875,851.07421875,0.0,0,0
1772021579.5629282,1772021579.503693,-785.64453125,494.62890625,82.03125,-968.75,0.0,0,0
1772021579.562963,1772021579.5075898,56.15234375,-486.328125,-257.8125,-305.17578125,0.0,0,0
1772021579.562998,1772021579.5114865,-1000.0,-1000.0,984.375,-1000.0,0.0,0,0
1772021579.56303,1772021579.5153832,-1000.0,-1000.0,-906.25,-684.5703125,0.0,0,0
1772021579.5630631,1772021579.51928,43.9453125,-354.4921875,613.28125,665.0390625,0.0,0,0
1772021579.5630982,1772021579.523177,-764.6484375,-906.25,-999.0234375,-844.23828125,0.0,0,0
1772021579.5631292,1772021579.5270736,147.4609375,-168.45703125,-348.14453125,-41.50390625,0.0,0,0
1772021579.563158,1772021579.5309703,-1000.0,-1000.0,-989.2578125,-1000.0,0.0,0,0
1772021579.563184,1772021579.534867,-1000.0,-1000.0,-923.828125,-815.4296875,0.0,0,0
1772021579.609285,1772021579.538885,-50.29296875,-270.99609375,248.046875,494.62890625,0.0,0,0
1772021579.609489,1772021579.542782,-779.78515625,-826.171875,-1000.0,-790.52734375,0.0,0,0
1772021579.609536,1772021579.5466788,151.3671875,71.2890625,-686.03515625,149.90234375,0.0,0,0
1772021579.60958,1772021579.5505755,-1000.0,-1000.0,715.33203125,-1000.0,0.0,0,0
1772021579.609673,1772021579.5544722,-1000.0,-1000.0,-829.58984375,-1000.0,0.0,0,0
1772021579.609729,1772021579.5583692,-152.83203125,-262.20703125,161.62109375,154.78515625,0.0,0,0
1772021579.609778,1772021579.5622659,-798.828125,-822.265625,-1000.0,-761.23046875,0.0,0,0
1772021579.609819,1772021579.5661626,158.203125,173.33984375,-1000.0,146.97265625,0.0,0,0
1772021579.6098611,1772021579.5700593,-1000.0,-1000.0,240.234375,-1000.0,0.0,0,0
1772021579.609904,1772021579.573956,-1000.0,-1000.0,-765.13671875,-1000.0,0.0,0,0
1772021579.609942,1772021579.577853,-264.6484375,-254.39453125,137.6953125,52.734375,0.0,0,0
1772021579.609984,1772021579.5817497,-826.66015625,-824.70703125,-1000.0,-765.625,0.0,0,0
1772021579.653621,1772021579.5857558,369.140625,173.33984375,-1000.0,141.11328125,0.0,0,0
1772021579.6538172,1772021579.5896525,-960.44921875,-1000.0,-54.19921875,-1000.0,0.0,0,0
1772021579.653885,1772021579.5935493,-1000.0,-1000.0,-780.76171875,-1000.0,0.0,0,0
1772021579.653931,1772021579.5974462,-250.48828125,-265.13671875,146.97265625,-163.0859375,0.0,0,0
1772021579.653976,1772021579.601343,-850.5859375,-828.125,-1000.0,-799.31640625,0.0,0,0
1772021579.6540182,1772021579.6052396,550.78125,390.625,-1000.0,354.98046875,0.0,0,0
1772021579.654052,1772021579.6091366,-855.46875,-937.5,-254.8828125,-952.63671875,0.0,0,0
1772021579.6540859,1772021579.6130333,-1000.0,-1000.0,-824.21875,-1000.0,0.0,0,0
1772021579.654117,1772021579.61693,-215.33203125,-391.11328125,177.734375,-247.55859375,0.0,0,0
1772021579.654151,1772021579.6208267,-920.8984375,-938.96484375,-1000.0,-860.3515625,0.0,0,0
1772021579.654314,1772021579.6247237,806.15234375,703.125,-1000.0,595.703125,0.0,0,0
1772021579.654351,1772021579.6286204,-529.296875,-703.61328125,-357.421875,-806.640625,0.0,0,0
1772021579.698001,1772021579.632617,-1000.0,-1000.0,-863.76953125,-1000.0,0.0,0,0
1772021579.698163,1772021579.636514,-361.81640625,-487.79296875,419.921875,-200.1953125,0.0,0,0
1772021579.6982028,1772021579.6404107,914.0625,859.86328125,-967.7734375,-954.58984375,0.0,0,0
1772021579.698239,1772021579.6443076,-897.94921875,-893.06640625,-1000.0,929.19921875,0.0,0,0
1772021579.698273,1772021579.6482043,-79.58984375,-183.10546875,-935.546875,-429.19921875,0.0,0,0
1772021579.698307,1772021579.652101,-1000.0,-1000.0,334.9609375,-1000.0,0.0,0,0
1772021579.698337,1772021579.655998,-899.90234375,-944.82421875,-901.3671875,-933.59375,0.0,0,0
1772021579.6983712,1772021579.6598947,-1000.0,-996.09375,913.0859375,-1000.0,0.0,0,0
1772021579.6984022,1772021579.6637914,-857.91015625,-1000.0,917.48046875,-1000.0,0.0,0,0
1772021579.698434,1772021579.6676884,477.05078125,-1000.0,-845.21484375,-1000.0,0.0,0,0
1772021579.698465,1772021579.671585,-787.109375,-1000.0,236.328125,-1000.0,0.0,0,0
1772021579.698496,1772021579.6754818,249.51171875,-1000.0,-32.71484375,-1000.0,0.0,0,0
1772021579.744822,1772021579.6794703,-1000.0,-1000.0,-996.09375,-1000.0,0.0,0,0
1772021579.745034,1772021579.683367,-1000.0,-1000.0,-894.04296875,-1000.0,0.0,0,0
1772021579.745096,1772021579.6872637,150.390625,-1000.0,353.515625,-1000.0,0.0,0,0
1772021579.745155,1772021579.6911607,-779.78515625,-1000.0,-1000.0,-1000.0,0.0,0,0
1772021579.745208,1772021579.6950574,496.09375,-1000.0,-320.80078125,-1000.0,0.0,0,0
1772021579.745248,1772021579.6989543,-859.86328125,-993.1640625,983.3984375,-1000.0,0.0,0,0
1772021579.745291,1772021579.702851,-1000.0,-948.2421875,-912.109375,-1000.0,0.0,0,0
1772021579.745331,1772021579.7067478,-23.92578125,-1000.0,206.0546875,-988.28125,0.0,0,0
1772021579.745373,1772021579.7106447,-839.84375,51.7578125,-1000.0,-942.87109375,0.0,0,0
1772021579.7454138,1772021579.7145414,662.59765625,278.3203125,-874.0234375,-1000.0,0.0,0,0
1772021579.7454562,1772021579.7184384,-688.4765625,-1000.0,465.33203125,38.57421875,0.0,0,0
1772021579.7454982,1772021579.722335,-1000.0,-1000.0,-785.64453125,946.77734375,0.0,0,0
1772021579.788395,1772021579.7263105,-196.2890625,-639.16015625,134.765625,-599.12109375,0.0,0,0
1772021579.788651,1772021579.7302072,-954.58984375,993.1640625,-1000.0,-1000.0,0.0,0,0
1772021579.7887201,1772021579.734104,928.22265625,424.8046875,-1000.0,-1000.0,0.0,0,0
1772021579.788779,1772021579.7380009,-366.2109375,-979.00390625,-49.8046875,45.41015625,0.0,0,0
1772021579.7888389,1772021579.7418976,-1000.0,-1000.0,-778.3203125,-802.734375,0.0,0,0
1772021579.788896,1772021579.7457945,-171.38671875,-610.83984375,145.99609375,-151.85546875,0.0,0,0
1772021579.788955,1772021579.7496912,-996.09375,912.109375,-1000.0,-1000.0,0.0,0,0
1772021579.789012,1772021579.7535882,-947.75390625,839.35546875,-1000.0,-1000.0,0.0,0,0
1772021579.789052,1772021579.757485,-82.03125,-600.09765625,-254.39453125,30.76171875,0.0,0,0
1772021579.789085,1772021579.7613819,-1000.0,-1000.0,-825.1953125,-762.6953125,0.0,0,0
1772021579.7891169,1772021579.7652786,-169.921875,-551.7578125,173.33984375,155.2734375,0.0,0,0
1772021579.78915,1772021579.7691753,993.65234375,822.75390625,-1000.0,-1000.0,0.0,0,0
1772021579.834514,1772021579.7731495,-924.8046875,-898.92578125,-1000.0,-1000.0,0.0,0,0
1772021579.834707,1772021579.7770464,134.27734375,-137.20703125,-262.6953125,52.734375,0.0,0,0
1772021579.834761,1772021579.7809432,-1000.0,-1000.0,-824.70703125,-766.6015625,0.0,0,0
1772021579.8348072,1772021579.78484,-383.7890625,-665.52734375,322.265625,147.94921875,0.0,0,0
1772021579.834851,1772021579.7887368,923.828125,665.52734375,-972.16796875,-1000.0,0.0,0,0
1772021579.8348942,1772021579.7926338,-892.578125,-823.2421875,-1000.0,-1000.0,0.0,0,0
1772021579.834934,1772021579.7965305,212.40234375,181.15234375,-353.515625,-60.05859375,0.0,0,0
1772021579.834977,1772021579.8004274,-1000.0,-1000.0,-876.953125,-781.25,0.0,0,0
1772021579.835017,1772021579.8043242,-719.23828125,-844.7265625,509.765625,357.421875,0.0,0,0
1772021579.835059,1772021579.808221,674.31640625,511.23046875,-880.859375,-949.21875,0.0,0,0
1772021579.835105,1772021579.8121178,-824.21875,-798.828125,-1000.0,-1000.0,0.0,0,0
1772021579.835144,1772021579.8160148,166.9921875,164.55078125,-490.72265625,-138.671875,0.0,0,0
1772021579.894248,1772021579.8199768,-1000.0,-1000.0,981.4453125,-855.46875,0.0,0,0
1772021579.894408,1772021579.8238735,-953.125,-952.1484375,799.31640625,675.78125,0.0,0,0
1772021579.894475,1772021579.8277705,332.03125,331.0546875,-615.72265625,-695.80078125,0.0,0,0
1772021579.894613,1772021579.8316672,-772.4609375,-771.484375,-1000.0,-1000.0,0.0,0,0
1772021579.894662,1772021579.8355641,219.7265625,242.67578125,-598.6328125,-195.80078125,0.0,0,0
1772021579.894711,1772021579.8394608,-1000.0,-999.51171875,800.78125,-954.1015625,0.0,0,0
1772021579.894762,1772021579.8433578,-1000.0,-1000.0,-933.10546875,928.22265625,0.0,0,0
1772021579.8948102,1772021579.8472548,47.8515625,49.8046875,-268.06640625,-366.2109375,0.0,0,0
1772021579.8948538,1772021579.8511515,-772.4609375,-780.76171875,-1000.0,-1000.0,0.0,0,0
1772021579.894895,1772021579.8550484,377.44140625,459.47265625,-798.33984375,-171.38671875,0.0,0,0
1772021579.8949382,1772021579.8589451,-926.26953125,-895.01953125,516.6015625,-995.60546875,0.0,0,0
1772021579.8949811,1772021579.862842,-1000.0,-1000.0,-813.4765625,-946.77734375,0.0,0,0
1772021579.9387882,1772021579.8668666,-144.53125,-17.578125,-51.7578125,-81.54296875,0.0,0,0
1772021579.9390469,1772021579.8707635,-828.61328125,-868.1640625,-1000.0,-1000.0,0.0,0,0
1772021579.939105,1772021579.8746603,554.19921875,773.92578125,-996.09375,-169.921875,0.0,0,0
1772021579.9391518,1772021579.8785572,-828.125,-543.9453125,197.75390625,994.140625,0.0,0,0
1772021579.9391959,1772021579.882454,-1000.0,-1000.0,-760.25390625,-919.921875,0.0,0,0
1772021579.939237,1772021579.8863509,-214.84375,-179.19921875,143.5546875,130.37109375,0.0,0,0
1772021579.939279,1772021579.8902478,-920.8984375,-985.83984375,-1000.0,-1000.0,0.0,0,0
1772021579.9393191,1772021579.8941445,815.91796875,-974.12109375,-1000.0,-286.62109375,0.0,0,0
1772021579.939361,1772021579.8980415,-539.55078125,-183.10546875,27.34375,965.8203125,0.0,0,0
1772021579.939403,1772021579.9019384,-1000.0,-1000.0,-769.04296875,-907.71484375,0.0,0,0
1772021579.9394429,1772021579.9058352,-179.19921875,-167.96875,144.53125,229.98046875,0.0,0,0
1772021579.9394848,1772021579.909732,-985.83984375,999.0234375,-1000.0,-1000.0,0.0,0,0
1772021579.997608,1772021579.913747,-979.4921875,-927.24609375,-1000.0,-491.2109375,0.0,0,0
1772021579.997818,1772021579.917644,-177.24609375,21.484375,-143.5546875,883.30078125,0.0,0,0
1772021579.9978712,1772021579.9215407,-1000.0,-1000.0,-793.45703125,-875.9765625,0.0,0,0
1772021579.997918,1772021579.9254377,-268.06640625,-175.29296875,246.09375,205.078125,0.0,0,0
1772021579.997961,1772021579.9293346,964.35546875,993.65234375,-997.0703125,-1000.0,0.0,0,0
1772021579.998003,1772021579.9332314,-924.8046875,-915.52734375,-1000.0,-713.8671875,0.0,0,0
1772021579.998045,1772021579.9371283,25.390625,218.75,-259.27734375,668.45703125,0.0,0,0
1772021579.998087,1772021579.9410253,-1000.0,-1000.0,-835.9375,-821.77734375,0.0,0,0
1772021579.998126,1772021579.944922,-464.35546875,-314.453125,462.890625,267.08984375,0.0,0,0
1772021579.998168,1772021579.948819,867.67578125,966.30859375,-911.62109375,-1000.0,0.0,0,0
1772021579.998209,1772021579.9527159,-872.0703125,-906.25,-1000.0,-960.44921875,0.0,0,0
1772021579.998249,1772021579.9566126,208.49609375,228.515625,-234.86328125,333.49609375,0.0,0,0
1772021580.044375,1772021579.9606972,-1000.0,-1000.0,-880.859375,-787.109375,0.0,0,0
1772021580.0445812,1772021579.9645941,-665.0390625,-479.98046875,675.29296875,439.453125,0.0,0,0
1772021580.044655,1772021579.968491,733.3984375,889.6484375,-720.703125,-922.8515625,0.0,0,0
1772021580.044728,1772021579.972388,-840.33203125,-876.46484375,-1000.0,-1000.0,0.0,0,0
1772021580.044857,1772021579.9762847,193.84765625,194.82421875,-182.6171875,159.1796875,0.0,0,0
1772021580.044905,1772021579.9801817,-1000.0,-1000.0,-988.28125,-776.85546875,0.0,0,0
1772021580.044947,1772021579.9840786,-719.23828125,-839.84375,-979.00390625,431.15234375,0.0,0,0
1772021580.044991,1772021579.9879756,674.8046875,505.37109375,-176.7578125,-905.76171875,0.0,0,0
1772021580.045034,1772021579.9918725,-824.21875,-792.96875,-1000.0,-1000.0,0.0,0,0
1772021580.0450728,1772021579.9957693,166.9921875,243.1640625,-268.06640625,-9.765625,0.0,0,0
1772021580.045115,1772021579.9996662,-1000.0,-1000.0,964.84375,-835.9375,0.0,0,0
1772021580.045155,1772021580.0035632,-951.66015625,-1000.0,-924.31640625,666.015625,0.0,0,0
1772021580.073257,1772021580.0075593,330.56640625,150.390625,25.390625,-693.84765625,0.0,0,0
1772021580.0734,1772021580.0114563,-772.4609375,-769.04296875,-1000.0,-1000.0,0.0,0,0
1772021580.0734458,1772021580.0153532,253.90625,411.1328125,-466.30859375,-112.3046875,0.0,0,0
1772021580.07349,1772021580.01925,-994.140625,-912.59765625,871.58203125,-931.640625,0.0,0,0
1772021580.073534,1772021580.0231469,-1000.0,-1000.0,-874.0234375,916.9921875,0.0,0,0
1772021580.0735738,1772021580.0270438,49.31640625,-33.69140625,166.015625,-359.375,0.0,0,0
1772021580.073617,1772021580.0309408,-777.83203125,-827.1484375,-1000.0,-1000.0,0.0,0,0
1772021580.073657,1772021580.0348377,430.6640625,620.1171875,-713.8671875,-170.8984375,0.0,0,0
1772021580.073699,1772021580.0387347,-898.4375,-735.3515625,671.875,-995.1171875,0.0,0,0
1772021580.073741,1772021580.0426314,-1000.0,-1000.0,-822.265625,-946.77734375,0.0,0,0
1772021580.073781,1772021580.0465283,-132.32421875,-204.58984375,167.48046875,-81.54296875,0.0,0,0
1772021580.073824,1772021580.0504253,-858.3984375,-935.546875,-1000.0,-1000.0,0.0,0,0
1772021580.1185348,1772021580.0544114,675.78125,867.67578125,-957.03125,-169.921875,0.0,0,0
1772021580.11867,1772021580.0583084,-695.80078125,-459.9609375,337.40234375,994.140625,0.0,0,0
1772021580.1187232,1772021580.0622053,-1000.0,-1000.0,-773.4375,-919.43359375,0.0,0,0
1772021580.118766,1772021580.066102,-196.2890625,-177.734375,142.578125,130.37109375,0.0,0,0
1772021580.118809,1772021580.069999,-954.58984375,-985.3515625,-1000.0,-1000.0,0.0,0,0
1772021580.11885,1772021580.073896,928.22265625,-969.23828125,-1000.0,-286.62109375,0.0,0,0
1772021580.118892,1772021580.077793,-366.2109375,-166.9921875,46.38671875,965.8203125,0.0,0,0
1772021580.118934,1772021580.0816898,-1000.0,-1000.0,-763.671875,-907.2265625,0.0,0,0
1772021580.118974,1772021580.0855868,-171.38671875,-168.9453125,241.69921875,229.4921875,0.0,0,0
1772021580.119018,1772021580.0894837,-996.09375,-1000.0,-989.74609375,-1000.0,0.0,0,0
1772021580.1190588,1772021580.0933807,-952.63671875,-935.05859375,-1000.0,-480.46875,0.0,0,0
1772021580.1190999,1772021580.0972776,-75.1953125,29.78515625,-145.5078125,889.16015625,0.0,0,0
1772021580.16514,1772021580.1012564,-1000.0,-1000.0,-807.12890625,-878.41796875,0.0,0,0
1772021580.165293,1772021580.1051533,-269.53125,-328.61328125,446.77734375,208.984375,0.0,0,0
1772021580.165344,1772021580.1090503,959.47265625,935.05859375,-903.3203125,-1000.0,0.0,0,0
1772021580.165387,1772021580.1129472,-911.62109375,-895.99609375,-1000.0,-669.921875,0.0,0,0
1772021580.16543,1772021580.1168442,127.9296875,225.5859375,-233.3984375,718.75,0.0,0,0
1772021580.165472,1772021580.1207411,-1000.0,-1000.0,-884.27734375,-833.0078125,0.0,0,0
1772021580.165513,1772021580.124638,-477.05078125,-517.578125,690.4296875,257.32421875,0.0,0,0
1772021580.1655538,1772021580.128535,875.0,866.69921875,-703.61328125,-1000.0,0.0,0,0
1772021580.165594,1772021580.1324317,-874.0234375,-870.1171875,-1000.0,-900.87890625,0.0,0,0
1772021580.165636,1772021580.1363287,205.078125,202.63671875,-195.80078125,422.36328125,0.0,0,0
1772021580.165681,1772021580.1402256,-1000.0,-1000.0,-953.61328125,-792.96875,0.0,0,0
1772021580.16572,1772021580.1441226,-719.23828125,-724.12109375,925.78125,399.4140625,0.0,0,0
1772021580.208003,1772021580.1480885,674.8046875,668.9453125,-362.79296875,-937.01171875,0.0,0,0
1772021580.20821,1772021580.1519854,-824.21875,-822.265625,-1000.0,-1000.0,0.0,0,0
1772021580.2082582,1772021580.1558824,167.48046875,167.48046875,-225.5859375,137.6953125,0.0,0,0
1772021580.208302,1772021580.1597793,-1000.0,-1000.0,985.3515625,-800.29296875,0.0,0,0
1772021580.208343,1772021580.1636763,-1000.0,-1000.0,-912.109375,568.84765625,0.0,0,0
1772021580.208385,1772021580.1675732,601.5625,602.05078125,-201.171875,-761.71875,0.0,0,0
1772021580.208427,1772021580.1714702,171.38671875,171.875,-1000.0,-1000.0,0.0,0,0
1772021580.208467,1772021580.175367,-341.796875,-345.703125,-417.48046875,-157.2265625,0.0,0,0
1772021580.208509,1772021580.179264,991.69921875,-978.02734375,-838.37890625,964.35546875,0.0,0,0
1772021580.208552,1772021580.183161,-902.34375,-990.72265625,-1000.0,-911.62109375,0.0,0,0
1772021580.2085938,1772021580.187058,588.8671875,946.2890625,-1000.0,231.93359375,0.0,0,0
1772021580.2086349,1772021580.190955,-1000.0,-577.1484375,-900.87890625,-1000.0,0.0,0,0
1772021580.2677839,1772021580.194915,-356.4453125,-327.1484375,-385.7421875,-301.26953125,0.0,0,0
1772021580.2679,1772021580.198812,990.234375,-943.84765625,-889.16015625,973.6328125,0.0,0,0
1772021580.267951,1772021580.202709,-928.22265625,989.74609375,-994.62890625,-910.15625,0.0,0,0
1772021580.267999,1772021580.206606,517.578125,878.90625,-1000.0,229.98046875,0.0,0,0
1772021580.268044,1772021580.2105029,-1000.0,-706.0546875,-184.08203125,-1000.0,0.0,0,0
1772021580.268088,1772021580.2143998,-530.2734375,-509.27734375,926.7578125,-491.2109375,0.0,0,0
1772021580.2681332,1772021580.2182968,894.04296875,980.46875,-540.52734375,883.30078125,0.0,0,0
1772021580.268178,1772021580.2221937,-891.11328125,-985.83984375,-1000.0,-875.9765625,0.0,0,0
1772021580.26822,1772021580.2260907,482.91015625,864.74609375,-1000.0,205.078125,0.0,0,0
1772021580.2682612,1772021580.2299876,-985.83984375,-682.12890625,-92.7734375,-1000.0,0.0,0,0
1772021580.2683032,1772021580.2338846,-881.8359375,-693.84765625,-800.29296875,-713.8671875,0.0,0,0
1772021580.268346,1772021580.2377815,529.296875,886.23046875,-10.7421875,668.45703125,0.0,0,0
1772021580.3158998,1772021580.241811,-845.21484375,-974.609375,-1000.0,-821.77734375,0.0,1,0
1772021580.316014,1772021580.245708,627.44140625,915.52734375,-1000.0,267.08984375,0.0,0,0
1772021580.3160782,1772021580.249605,-730.95703125,-424.8046875,60.05859375,-1000.0,0.0,0,0
1772021580.316109,1772021580.253502,-1000.0,-1000.0,-761.71875,-961.42578125,0.0,0,0
1772021580.316137,1772021580.2573988,109.375,418.45703125,145.99609375,333.984375,0.0,0,0
1772021580.316183,1772021580.2612958,-894.53125,-935.546875,-1000.0,-778.80859375,0.0,0,0
1772021580.316254,1772021580.2651927,890.625,995.1171875,-1000.0,390.625,0.0,0,0
1772021580.316276,1772021580.2690897,-407.2265625,-140.625,2.9296875,-951.66015625,0.0,0,0
1772021580.316289,1772021580.272987,-1000.0,-1000.0,-919.921875,-1000.0,0.0,0,0
1772021580.316299,1772021580.2768838,-858.3984375,-943.359375,930.17578125,-951.66015625,0.0,0,0
1772021580.3163252,1772021580.2807808,-1000.0,-997.0703125,958.984375,-1000.0,0.0,0,0
1772021580.316339,1772021580.2846777,-616.69921875,-1000.0,974.609375,-1000.0,0.0,0,0
1772021580.370738,1772021580.2886891,830.56640625,-1000.0,972.16796875,-1000.0,0.0,0,0
1772021580.370778,1772021580.2925863,-892.08984375,-1000.0,972.16796875,-1000.0,0.0,0,0
1772021580.370791,1772021580.2964833,-109.375,-1000.0,981.4453125,-1000.0,0.0,0,0
1772021580.3708029,1772021580.3003802,-1000.0,-986.81640625,895.99609375,-1000.0,0.0,0,0
1772021580.3708138,1772021580.3042772,-681.15234375,-992.67578125,-874.0234375,-1000.0,0.0,0,0
1772021580.370825,1772021580.3081741,652.34375,-1000.0,410.15625,-1000.0,0.0,0,0
1772021580.370838,1772021580.312071,-818.359375,-349.609375,-1000.0,-1000.0,0.0,0,0
1772021580.370848,1772021580.3159683,166.9921875,-511.71875,29.78515625,-1000.0,0.0,0,0
1772021580.370859,1772021580.3198652,-1000.0,-1000.0,-923.33984375,-1000.0,0.0,0,0
1772021580.37087,1772021580.3237622,-957.03125,-1000.0,-951.171875,-1000.0,0.0,0,0
1772021580.370924,1772021580.3276591,336.9140625,-439.94140625,245.1171875,-944.3359375,0.0,0,0
1772021580.370937,1772021580.331556,-776.3671875,-929.19921875,-1000.0,-1000.0,0.0,0,0
1772021580.402978,1772021580.3355582,149.90234375,-102.5390625,-203.125,-709.9609375,0.0,0,0
1772021580.40308,1772021580.3394551,-1000.0,-1000.0,-989.74609375,-217.7734375,0.0,0,0
1772021580.40312,1772021580.343352,-1000.0,-1000.0,-924.8046875,-982.421875,0.0,0,0
1772021580.403223,1772021580.347249,153.3203125,-276.3671875,207.51953125,-977.5390625,0.0,0,0
1772021580.403264,1772021580.3511462,-759.765625,-818.84765625,-1000.0,-1000.0,0.0,0,0
1772021580.4032981,1772021580.3550432,151.3671875,173.33984375,-406.73828125,-707.03125,0.0,0,0
1772021580.403332,1772021580.3589401,-1000.0,-1000.0,922.8515625,896.484375,0.0,0,0
1772021580.4033651,1772021580.362837,-1000.0,-1000.0,-891.11328125,-19.04296875,0.0,0,0
1772021580.403397,1772021580.366734,-60.05859375,-254.39453125,210.9375,-1000.0,0.0,0,0
1772021580.403429,1772021580.3706312,-782.71484375,-824.70703125,-1000.0,-1000.0,0.0,0,0
1772021580.403469,1772021580.3745282,367.1875,173.33984375,-728.515625,-719.7265625,0.0,0,0
1772021580.403502,1772021580.3784251,-932.12890625,-1000.0,663.0859375,918.9453125,0.0,0,0
1772021580.4480262,1772021580.382418,-1000.0,-1000.0,-817.87109375,618.65234375,0.0,0,0
1772021580.4481149,1772021580.3863149,-248.046875,-264.6484375,153.3203125,-885.7421875,0.0,0,0
1772021580.448147,1772021580.390212,-852.5390625,-826.171875,-1000.0,-1000.0,0.0,0,0
1772021580.4481752,1772021580.394109,557.6171875,362.79296875,-1000.0,-722.16796875,0.0,0,0
1772021580.448204,1772021580.398006,-848.14453125,-952.63671875,154.78515625,718.26171875,0.0,0,0
1772021580.448232,1772021580.401903,-1000.0,-1000.0,-758.7890625,994.140625,0.0,0,0
1772021580.448259,1772021580.4058,-206.0546875,-383.30078125,136.23046875,-429.6875,0.0,0,0
1772021580.448286,1772021580.409697,-945.3125,-926.26953125,-1000.0,-1000.0,0.0,0,0
1772021580.448312,1772021580.413594,895.01953125,671.875,-1000.0,-688.4765625,0.0,0,0
1772021580.448338,1772021580.417491,-416.9921875,-734.375,-98.14453125,671.38671875,0.0,0,0
1772021580.448365,1772021580.4213881,-1000.0,-1000.0,-787.109375,-860.3515625,0.0,0,0
1772021580.448391,1772021580.425285,-172.8515625,-486.81640625,169.921875,-126.953125,0.0,0,0
1772021580.494912,1772021580.429276,-994.140625,921.875,-1000.0,-1000.0,0.0,1,0
1772021580.495028,1772021580.4331732,-958.49609375,965.33203125,-1000.0,-806.640625,0.0,0,0
1772021580.4950662,1772021580.4370701,-96.6796875,-377.44140625,-263.18359375,489.2578125,0.0,0,0
1772021580.495101,1772021580.440967,-1000.0,-1000.0,-826.66015625,-792.96875,0.0,0,0
1772021580.495133,1772021580.4448643,-269.53125,-546.38671875,369.62890625,164.0625,0.0,0,0
1772021580.495166,1772021580.4487612,960.9375,817.87109375,-960.44921875,-1000.0,0.0,0,0
1772021580.495198,1772021580.4526582,-915.0390625,-880.859375,-1000.0,-957.03125,0.0,0,0
1772021580.49523,1772021580.4565554,102.05078125,-75.1953125,-250.48828125,337.40234375,0.0,0,0
1772021580.495264,1772021580.4604523,-1000.0,-1000.0,-849.609375,-773.92578125,0.0,0,0
1772021580.495295,1772021580.4643493,-473.6328125,-811.5234375,549.8046875,145.01953125,0.0,0,0
1772021580.49533,1772021580.4682465,873.53515625,492.1875,-854.00390625,-1000.0,0.0,0,0
1772021580.495361,1772021580.4721434,-873.53515625,-791.015625,-1000.0,-1000.0,0.0,0,0
1772021580.5384471,1772021580.47612,204.58984375,155.76171875,-241.69921875,77.1484375,0.0,0,0
1772021580.538562,1772021580.480017,-1000.0,-1000.0,-929.19921875,-762.6953125,0.0,0,0
1772021580.538641,1772021580.483914,-719.23828125,-1000.0,810.546875,245.1171875,0.0,0,0
1772021580.538686,1772021580.487811,674.8046875,225.09765625,-531.25,-997.55859375,0.0,0,0
1772021580.5387158,1772021580.491708,-823.73046875,-765.625,-1000.0,-1000.0,0.0,0,0
1772021580.538743,1772021580.4956052,166.9921875,145.01953125,-376.953125,-54.19921875,0.0,0,0
1772021580.538771,1772021580.4995022,-1000.0,-1000.0,942.87109375,-790.0390625,0.0,0,0
1772021580.5387971,1772021580.5033991,-958.0078125,-1000.0,-951.171875,437.5,0.0,0,0
1772021580.538823,1772021580.5072963,399.90234375,115.72265625,-283.69140625,-899.4140625,0.0,0,0
1772021580.538851,1772021580.5111933,-908.69140625,-903.3203125,-1000.0,-1000.0,0.0,0,0
1772021580.5388758,1772021580.5150905,917.48046875,917.48046875,-937.01171875,-133.7890625,0.0,0,0
1772021580.538904,1772021580.5189874,903.3203125,966.796875,-1000.0,974.12109375,0.0,0,0
1772021580.585438,1772021580.5229564,-898.92578125,972.65625,-1000.0,-911.1328125,0.0,0,0
1772021580.585557,1772021580.5268536,542.48046875,972.16796875,-1000.0,228.515625,0.0,0,0
1772021580.5855942,1772021580.5307505,-1000.0,972.16796875,-1000.0,-1000.0,0.0,0,0
1772021580.5856268,1772021580.5346475,-244.62890625,972.16796875,-1000.0,-201.66015625,0.0,0,0
1772021580.5857122,1772021580.5385447,-979.00390625,972.16796875,-1000.0,-992.67578125,0.0,0,0
1772021580.5857651,1772021580.5424416,-935.546875,972.16796875,-1000.0,-916.9921875,0.0,0,0
1772021580.585802,1772021580.5463388,426.26953125,972.16796875,-1000.0,230.46875,0.0,0,0
1772021580.585835,1772021580.5502357,-1000.0,972.16796875,-1000.0,-1000.0,0.0,0,0
1772021580.585866,1772021580.554133,-511.71875,972.16796875,-1000.0,-271.484375,0.0,0,0
1772021580.585898,1772021580.55803,886.23046875,972.16796875,-1000.0,976.07421875,0.0,0,0
1772021580.5859299,1772021580.5619268,-886.71875,972.16796875,-1000.0,-912.109375,0.0,0,0
1772021580.585963,1772021580.565824,459.9609375,972.16796875,-1000.0,331.54296875,0.0,0,0
1772021580.643672,1772021580.5697825,-995.60546875,972.16796875,-1000.0,-1000.0,0.0,0,0
1772021580.643853,1772021580.5736797,-882.8125,972.16796875,-1000.0,-494.62890625,0.0,0,0
1772021580.643902,1772021580.5775766,511.23046875,972.65625,-1000.0,878.90625,0.0,0,0
1772021580.643948,1772021580.5814738,-818.84765625,959.9609375,-969.7265625,-887.6953125,0.0,0,0
1772021580.6439931,1772021580.5853708,520.01953125,985.3515625,-1000.0,494.140625,0.0,0,0
1772021580.644035,1772021580.589268,-848.14453125,970.703125,-1000.0,-1000.0,0.0,0,0
1772021580.644075,1772021580.593165,-1000.0,735.3515625,289.0625,-761.71875,0.0,0,0
1772021580.644116,1772021580.597062,101.07421875,900.390625,39.0625,679.19921875,0.0,0,0
1772021580.644158,1772021580.600959,-886.23046875,922.36328125,-1000.0,-845.703125,0.0,0,0
1772021580.644199,1772021580.604856,859.86328125,-867.1875,-1000.0,531.25,0.0,0,0
1772021580.6442392,1772021580.6087532,-390.625,479.00390625,-293.9453125,-860.3515625,0.0,0,0
1772021580.6442811,1772021580.6126502,-1000.0,-766.6015625,-825.1953125,-1000.0,0.0,0,0
1772021580.688013,1772021580.616671,-193.359375,516.11328125,240.72265625,187.5,0.0,0,0
1772021580.688128,1772021580.6205683,-948.2421875,-935.546875,-1000.0,-827.1484375,0.0,0,0
1772021580.688166,1772021580.6244655,928.22265625,-949.21875,-1000.0,679.6875,0.0,0,0
1772021580.688205,1772021580.6283624,-366.2109375,228.515625,-86.42578125,-664.55078125,0.0,0,0
1772021580.68824,1772021580.6322596,-1000.0,-1000.0,-839.84375,-1000.0,0.0,0,0
1772021580.688271,1772021580.6361566,-175.29296875,143.06640625,670.41015625,9.27734375,0.0,0,0
1772021580.6883042,1772021580.6400537,-988.76953125,-930.17578125,-725.09765625,-906.73828125,0.0,0,0
1772021580.6883378,1772021580.6439507,-960.9375,-949.70703125,-1000.0,901.3671875,0.0,0,0
1772021580.68837,1772021580.647848,-132.8125,244.140625,75.1953125,-351.07421875,0.0,0,0
1772021580.688402,1772021580.6517448,-1000.0,-1000.0,-956.0546875,-1000.0,0.0,0,0
1772021580.688433,1772021580.655642,-172.8515625,-130.859375,-959.47265625,-177.734375,0.0,0,0
1772021580.6884649,1772021580.659539,-999.0234375,-973.6328125,-54.6875,-982.91015625,0.0,0,0
1772021580.733611,1772021580.6635525,-933.59375,-923.33984375,-1000.0,-969.7265625,0.0,0,0
1772021580.733794,1772021580.6674497,26.85546875,231.4453125,57.6171875,-167.96875,0.0,0,0
1772021580.733841,1772021580.6713467,-1000.0,-1000.0,-964.35546875,-1000.0,0.0,0,0
1772021580.7338839,1772021580.6752439,-274.4140625,-201.66015625,-932.12890625,-169.43359375,0.0,0,0
1772021580.733929,1772021580.6791408,957.51953125,-992.1875,235.3515625,999.51171875,0.0,0,0
1772021580.734118,1772021580.683038,-905.76171875,-917.48046875,-1000.0,-930.17578125,0.0,0,0
1772021580.7341702,1772021580.6869352,229.4921875,231.4453125,-119.62890625,23.4375,0.0,0,0
1772021580.734213,1772021580.6908321,-1000.0,-1000.0,-973.6328125,-1000.0,0.0,0,0
1772021580.734252,1772021580.6947293,-491.69921875,-286.1328125,-923.828125,-213.37890625,0.0,0,0
1772021580.7342951,1772021580.6986263,882.32421875,974.609375,262.6953125,979.00390625,0.0,0,0
1772021580.734337,1772021580.7025235,-876.953125,-910.64453125,-1000.0,-914.55078125,0.0,0,0
1772021580.734378,1772021580.7064207,204.58984375,285.64453125,-197.265625,234.375,0.0,0,0
1772021580.778311,1772021580.710422,-1000.0,-1000.0,-999.51171875,-1000.0,0.0,1,0
1772021580.77841,1772021580.7143192,-719.23828125,-491.2109375,-916.50390625,-477.5390625,0.0,0,0
1772021580.778444,1772021580.7182162,674.31640625,877.44140625,425.29296875,890.625,0.0,0,0
1772021580.778474,1772021580.7221134,-824.21875,-877.44140625,-1000.0,-878.90625,0.0,0,0
1772021580.778502,1772021580.7260106,166.9921875,383.30078125,-222.16796875,206.0546875,0.0,0,0
1772021580.778531,1772021580.7299075,-1000.0,-1000.0,-986.81640625,-1000.0,0.0,0,0
1772021580.7785568,1772021580.7338047,-948.73046875,-846.6796875,-940.4296875,-719.23828125,0.0,0,0
1772021580.7785861,1772021580.737702,328.125,536.1328125,578.125,674.8046875,0.0,0,0
1772021580.778613,1772021580.7415988,-774.4140625,-812.5,-1000.0,-823.73046875,0.0,0,0
1772021580.7786398,1772021580.745496,313.96484375,440.4296875,-325.68359375,167.48046875,0.0,0,0
1772021580.778668,1772021580.7493932,-968.26171875,-918.45703125,-992.67578125,-1000.0,0.0,0,0
1772021580.7786958,1772021580.7532902,-1000.0,-1000.0,-974.12109375,-952.1484375,0.0,0,0
1772021580.823374,1772021580.757285,54.19921875,173.828125,743.1640625,331.0546875,0.0,0,0
1772021580.823488,1772021580.7611823,-781.25,-813.4765625,-856.93359375,-771.484375,0.0,0,0
1772021580.823534,1772021580.7650795,446.2890625,634.27734375,-589.35546875,242.1875,0.0,0,0
1772021580.823572,1772021580.7689764,-888.18359375,-719.7265625,920.8984375,-999.51171875,0.0,0,0
1772021580.82361,1772021580.7728736,-1000.0,-1000.0,-958.49609375,-1000.0,0.0,0,0
1772021580.823644,1772021580.7767708,-65.4296875,48.828125,801.26953125,123.53515625,0.0,0,0
1772021580.823684,1772021580.7806678,-938.96484375,-925.29296875,-523.92578125,-906.25,0.0,0,0
1772021580.82372,1772021580.784565,912.59765625,928.7109375,-1000.0,917.48046875,0.0,0,0
1772021580.823755,1772021580.7884622,935.05859375,959.9609375,-934.08203125,966.30859375,0.0,0,0
1772021580.823791,1772021580.7923594,-969.23828125,974.12109375,-1000.0,972.65625,0.0,0,0
1772021580.823827,1772021580.7962563,-144.04296875,972.16796875,-1000.0,972.16796875,0.0,0,0
1772021580.823862,1772021580.8001535,-1000.0,972.16796875,-1000.0,971.6796875,0.0,0,0
1772021580.8841221,1772021580.80421,-543.9453125,972.16796875,-1000.0,971.6796875,0.0,0,0
1772021580.884235,1772021580.8081071,814.453125,981.93359375,-1000.0,972.16796875,0.0,0,0
1772021580.884276,1772021580.8120043,-866.69921875,932.6171875,-963.8671875,971.6796875,0.0,0,0
1772021580.884314,1772021580.8159015,13.18359375,-953.125,-1000.0,971.6796875,0.0,0,0
1772021580.884355,1772021580.8197985,-1000.0,823.2421875,-872.55859375,971.6796875,0.0,0,0
1772021580.8843882,1772021580.8236957,-821.2890625,414.55078125,-489.74609375,971.6796875,0.0,0,0
1772021580.8844218,1772021580.8275928,497.55859375,910.15625,-910.64453125,971.6796875,0.0,0,0
1772021580.884455,1772021580.83149,-791.9921875,964.35546875,-1000.0,972.16796875,0.0,0,0
1772021580.884495,1772021580.8353872,149.90234375,-864.74609375,-1000.0,971.6796875,0.0,0,0
1772021580.8845272,1772021580.8392842,-1000.0,-30.2734375,312.98828125,972.16796875,0.0,0,0
1772021580.8845599,1772021580.8431814,-1000.0,-324.70703125,800.78125,972.16796875,0.0,0,0
1772021580.884593,1772021580.8470786,154.296875,-952.1484375,-767.578125,971.6796875,0.0,0,0
1772021580.913141,1772021580.8510573,-760.7421875,933.10546875,-1000.0,971.6796875,0.0,0,0
1772021580.913273,1772021580.8549545,142.08984375,-888.18359375,-690.4296875,971.6796875,0.0,0,0
1772021580.913306,1772021580.8588514,-1000.0,-234.375,647.94921875,972.16796875,0.0,0,0
1772021580.9133341,1772021580.8627486,-1000.0,-682.12890625,-844.7265625,971.6796875,0.0,0,0
1772021580.9133608,1772021580.8666458,-20.01953125,924.31640625,-23.4375,971.6796875,0.0,0,0
1772021580.913389,1772021580.870543,-772.94921875,980.46875,-1000.0,972.16796875,0.0,0,0
1772021580.913415,1772021580.8744402,247.55859375,-941.89453125,-649.4140625,972.65625,0.0,0,0
1772021580.913443,1772021580.8783374,-993.1640625,-124.0234375,703.61328125,908.203125,0.0,0,0
1772021580.91347,1772021580.8822343,-1000.0,-1000.0,-832.03125,-826.66015625,0.0,0,0
1772021580.9135191,1772021580.8861315,-157.2265625,434.08203125,192.87109375,51.26953125,0.0,0,0
1772021580.9135811,1772021580.8900287,-810.05859375,-939.94140625,-1000.0,-290.0390625,0.0,0,0
1772021580.913617,1772021580.893926,447.75390625,-969.7265625,-728.515625,-939.94140625,0.0,0,0
1772021580.957938,1772021580.8978915,-904.296875,-19.53125,662.59765625,912.59765625,0.0,0,0
1772021580.958029,1772021580.9017885,-1000.0,-1000.0,-822.75390625,-893.06640625,0.0,0,0
1772021580.958059,1772021580.9056857,-233.88671875,102.05078125,171.875,205.56640625,0.0,0,0
1772021580.958087,1772021580.9095829,-884.765625,-940.91796875,-1000.0,-1000.0,0.0,0,0
1772021580.958116,1772021580.91348,690.4296875,-956.54296875,-904.78515625,246.58203125,0.0,0,0
1772021580.958143,1772021580.9173772,-703.61328125,98.6328125,388.18359375,-927.734375,0.0,0,0
1772021580.9581702,1772021580.9212744,-1000.0,-1000.0,-790.52734375,-960.44921875,0.0,0,0
1772021580.9581969,1772021580.9251716,-193.359375,-181.15234375,421.875,255.37109375,0.0,0,0
1772021580.9582238,1772021580.9290688,-961.42578125,996.58203125,-938.4765625,-1000.0,0.0,0,0
1772021580.95825,1772021580.932966,947.75390625,-908.69140625,-1000.0,-201.66015625,0.0,0,0
1772021580.958278,1772021580.936863,-393.5546875,162.59765625,270.99609375,-992.1875,0.0,0,0
1772021580.9583051,1772021580.9407601,-1000.0,-1000.0,-905.2734375,-912.59765625,0.0,0,0
1772021581.0174851,1772021580.944719,-949.70703125,-983.88671875,908.203125,162.109375,0.0,0,0
1772021581.01758,1772021580.9486163,-940.4296875,-973.14453125,974.12109375,-1000.0,0.0,0,0
1772021581.01761,1772021580.9525135,-1000.0,-1000.0,972.16796875,-1000.0,0.0,0,0
1772021581.017638,1772021580.9564106,-799.31640625,-1000.0,972.16796875,-254.39453125,0.0,0,0
1772021581.017666,1772021580.9603078,848.6328125,-1000.0,971.6796875,-824.70703125,0.0,0,0
1772021581.017693,1772021580.9642048,259.27734375,-1000.0,971.6796875,167.48046875,0.0,0,0
1772021581.01772,1772021580.968102,-1000.0,-1000.0,972.16796875,-1000.0,0.0,0,0
1772021581.0177448,1772021580.9719992,-1000.0,-1000.0,972.16796875,-1000.0,0.0,0,0
1772021581.01777,1772021580.9758964,-556.15234375,-1000.0,972.16796875,-358.3984375,0.0,0,0
1772021581.0177972,1772021580.9797935,-957.03125,-1000.0,971.6796875,-857.421875,0.0,0,0
1772021581.017826,1772021580.9836907,481.4453125,-1000.0,972.16796875,249.0234375,0.0,0,0
1772021581.017853,1772021580.987588,-933.59375,-1000.0,972.16796875,-1000.0,0.0,0,0
1772021581.063413,1772021580.9916105,-1000.0,-1000.0,971.6796875,-1000.0,0.0,0,0
1772021581.0635571,1772021580.9955077,-517.578125,-1000.0,972.16796875,-472.16796875,0.0,0,0
1772021581.063606,1772021580.999405,967.7734375,-1000.0,972.16796875,-918.9453125,0.0,0,0
1772021581.063649,1772021581.003302,812.01171875,-1000.0,971.6796875,484.86328125,0.0,0,0
1772021581.063691,1772021581.0071993,-604.00390625,-1000.0,972.16796875,-916.9921875,0.0,0,0
1772021581.063733,1772021581.0110965,-1000.0,-1000.0,972.16796875,-1000.0,0.0,0,0
1772021581.063772,1772021581.0149937,-558.10546875,-1000.0,972.16796875,-577.1484375,0.0,0,0
1772021581.0638158,1772021581.0188909,832.51953125,-1000.0,972.16796875,950.1953125,0.0,0,0
1772021581.063858,1772021581.022788,-918.9453125,-1000.0,972.16796875,760.25390625,0.0,0,0
1772021581.063898,1772021581.0266852,-211.9140625,-1000.0,972.16796875,-701.171875,0.0,0,0
1772021581.064149,1772021581.0305824,-1000.0,-972.16796875,972.16796875,-1000.0,0.0,0,0
1772021581.064197,1772021581.0344796,-685.546875,-1000.0,972.16796875,-698.73046875,0.0,0,0
1772021581.108414,1772021581.0384927,645.99609375,-992.67578125,972.16796875,679.6875,0.0,0,0
1772021581.108547,1772021581.0423899,-823.73046875,-432.6171875,972.16796875,-887.6953125,0.0,0,0
1772021581.108597,1772021581.046287,64.94140625,-796.38671875,987.3046875,-228.515625,0.0,0,0
1772021581.108641,1772021581.0501842,-1000.0,-1000.0,903.3203125,-1000.0,0.0,0,0
1772021581.108683,1772021581.0540814,-942.3828125,-1000.0,-929.19921875,-811.03515625,0.0,0,0
1772021581.1087239,1772021581.0579786,329.1015625,-342.7734375,708.0078125,501.953125,0.0,0,0
1772021581.108767,1772021581.0618758,-773.92578125,970.703125,-936.03515625,-812.5,0.0,0,0
1772021581.108811,1772021581.065773,149.4140625,-397.4609375,-287.59765625,-42.96875,0.0,0,0
1772021581.108853,1772021581.0696702,-1000.0,-1000.0,-958.984375,-1000.0,0.0,0,0
1772021581.108893,1772021581.0735674,-1000.0,-1000.0,-931.640625,-950.1953125,0.0,0,0
1772021581.1089358,1772021581.0774646,148.92578125,-273.4375,236.81640625,284.66796875,0.0,0,0
1772021581.108978,1772021581.0813618,-760.25390625,-834.47265625,-1000.0,-766.11328125,0.0,0,0
1772021581.153512,1772021581.085366,139.6484375,1.953125,-435.05859375,143.5546875,0.0,0,0
1772021581.1536598,1772021581.0892632,-1000.0,-1000.0,912.109375,-1000.0,0.0,0,0
1772021581.153703,1772021581.0931604,-1000.0,-1000.0,-883.30078125,-1000.0,0.0,0,0
1772021581.153746,1772021581.0970576,-56.640625,-267.08984375,192.3828125,52.734375,0.0,0,0
1772021581.15379,1772021581.1009548,-777.34375,-820.80078125,-1000.0,-766.11328125,0.0,0,0
1772021581.153833,1772021581.1048522,245.1171875,172.8515625,-895.01953125,144.53125,0.0,0,0
1772021581.153885,1772021581.1087494,-986.81640625,-1000.0,432.12890625,-1000.0,0.0,0,0
1772021581.153926,1772021581.1126466,-1000.0,-1000.0,-782.71484375,-1000.0,0.0,0,0
1772021581.153973,1772021581.1165438,-258.7890625,-254.39453125,136.71875,-102.5390625,0.0,0,0
1772021581.154015,1772021581.120441,-836.9140625,-824.70703125,-1000.0,-785.64453125,0.0,0,0
1772021581.154058,1772021581.1243382,462.40234375,167.96875,-1000.0,237.79296875,0.0,0,0
1772021581.154101,1772021581.1282353,-911.62109375,-1000.0,-30.2734375,-995.1171875,0.0,0,0
1772021581.2132459,1772021581.1322298,-1000.0,-1000.0,-776.3671875,-1000.0,0.0,0,0
1772021581.213463,1772021581.136127,-233.88671875,-365.72265625,145.01953125,-259.27734375,0.0,0,0
1772021581.213515,1772021581.1400242,-885.25390625,-864.2578125,-1000.0,-835.9375,0.0,0,0
1772021581.213561,1772021581.1439216,689.94140625,434.5703125,-1000.0,462.890625,0.0,0,0
1772021581.2136052,1772021581.1478188,-703.61328125,-927.734375,-237.3046875,-911.62109375,0.0,0,0
1772021581.2136488,1772021581.151716,-1000.0,-1000.0,-820.3125,-1000.0,0.0,0,0
1772021581.213689,1772021581.1556132,-196.2890625,-433.10546875,170.8984375,-233.3984375,0.0,0,0
1772021581.213734,1772021581.1595104,-954.58984375,-958.984375,-1000.0,-884.27734375,0.0,0,0
1772021581.2137768,1772021581.1634076,922.8515625,711.42578125,-1000.0,690.4296875,0.0,0,0
1772021581.2138188,1772021581.167305,-359.86328125,-707.51953125,-261.23046875,-703.61328125,0.0,0,0
1772021581.213865,1772021581.1712022,-1000.0,-1000.0,-824.21875,-1000.0,0.0,0,0
1772021581.213908,1772021581.1750994,-270.99609375,-483.88671875,289.0625,-195.80078125,0.0,0,0
1772021581.243673,1772021581.1790848,970.21484375,901.85546875,-986.81640625,-954.1015625,0.0,0,0
1772021581.243843,1772021581.182982,-944.3359375,-985.83984375,-1000.0,923.33984375,0.0,0,0
1772021581.24388,1772021581.1868792,-77.63671875,-297.36328125,-349.609375,-359.86328125,0.0,0,0
1772021581.243916,1772021581.1907763,-1000.0,-1000.0,-872.55859375,-1000.0,0.0,0,0
1772021581.243948,1772021581.1946738,-460.44921875,-668.9453125,479.98046875,-272.4609375,0.0,0,0
1772021581.2439811,1772021581.198571,870.60546875,681.640625,-898.4375,970.21484375,0.0,0,0
1772021581.244014,1772021581.2024682,-879.8828125,-846.6796875,-1000.0,-943.359375,0.0,0,0
1772021581.244046,1772021581.2063653,89.84375,-39.55078125,-481.4453125,-77.63671875,0.0,0,0
1772021581.2440782,1772021581.2102625,-1000.0,-1000.0,999.0234375,-1000.0,0.0,0,0
1772021581.2441092,1772021581.21416,-703.125,-823.2421875,753.90625,-459.47265625,0.0,0,0
1772021581.244141,1772021581.2180572,666.015625,483.3984375,-668.9453125,869.62890625,0.0,0,0
1772021581.244173,1772021581.2219543,-821.2890625,-789.0625,-1000.0,-877.44140625,0.0,0,0
1772021581.288309,1772021581.2259302,166.9921875,150.390625,-612.79296875,103.515625,0.0,0,0
1772021581.288403,1772021581.2298274,-1000.0,-1000.0,788.0859375,-1000.0,0.0,0,0
1772021581.288435,1772021581.2337248,-957.51953125,-1000.0,-947.265625,-704.58984375,0.0,0,0
1772021581.2884638,1772021581.237622,336.9140625,154.78515625,-297.36328125,666.9921875,0.0,0,0
1772021581.2884932,1772021581.2415192,-773.92578125,-760.25390625,-1000.0,-821.2890625,0.0,0,0
1772021581.2885199,1772021581.2454164,142.08984375,143.5546875,-774.4140625,167.48046875,0.0,0,0
1772021581.288548,1772021581.2493138,-1000.0,-1000.0,550.78125,-1000.0,0.0,0,0
1772021581.288573,1772021581.253211,-1000.0,-1000.0,-831.0546875,-957.03125,0.0,0,0
1772021581.2886028,1772021581.2571082,52.734375,2.9296875,-91.796875,337.40234375,0.0,0,0
1772021581.288631,1772021581.2610056,-766.6015625,-771.97265625,-1000.0,-773.4375,0.0,0,0
1772021581.288657,1772021581.2649028,144.53125,146.484375,-925.78125,142.578125,0.0,0,0
1772021581.288685,1772021581.2688,-1000.0,-1000.0,316.40625,-1000.0,0.0,0,0
1772021581.332852,1772021581.2727664,-1000.0,-1000.0,-774.90234375,-1000.0,0.0,0,0
1772021581.332989,1772021581.2766638,-109.86328125,-162.59765625,103.515625,46.38671875,0.0,0,0
1772021581.33306,1772021581.280561,-790.0390625,-799.31640625,-1000.0,-763.671875,0.0,0,0
1772021581.33313,1772021581.2844582,348.14453125,354.98046875,-1000.0,241.69921875,0.0,0,0
1772021581.333162,1772021581.2883556,-948.73046875,-952.63671875,129.8828125,-989.74609375,0.0,0,0
1772021581.333191,1772021581.2922528,-1000.0,-1000.0,-762.6953125,-1000.0,0.0,0,0
1772021581.333217,1772021581.29615,-250.48828125,-250.48828125,143.5546875,-147.94921875,0.0,0,0
1772021581.3332438,1772021581.3000474,-850.5859375,-848.6328125,-1000.0,-807.6171875,0.0,0,0
1772021581.3332741,1772021581.3039446,550.78125,543.9453125,-1000.0,446.77734375,0.0,0,0
1772021581.333301,1772021581.3078418,-855.46875,-860.3515625,-34.1796875,-903.3203125,0.0,0,0
1772021581.333329,1772021581.311739,-1000.0,-1000.0,-777.34375,-1000.0,0.0,0,0
1772021581.333353,1772021581.3156364,-215.8203125,-217.28515625,146.97265625,-233.88671875,0.0,0,0
1772021581.394013,1772021581.3195977,-921.38671875,-915.0390625,-1000.0,-884.765625,0.0,0,0
1772021581.394163,1772021581.323495,815.4296875,797.36328125,-1000.0,690.4296875,0.0,0,0
1772021581.394211,1772021581.327392,-539.55078125,-563.96484375,-220.703125,-703.61328125,0.0,0,0
1772021581.394259,1772021581.3312895,-1000.0,-1000.0,-813.4765625,-1000.0,0.0,0,0
1772021581.394303,1772021581.3351867,-179.19921875,-184.08203125,299.8046875,-195.80078125,0.0,0,0
1772021581.394346,1772021581.339084,-984.86328125,-974.12109375,-983.88671875,-954.1015625,0.0,0,0
1772021581.394389,1772021581.3429813,-986.81640625,984.375,-1000.0,928.7109375,0.0,0,0
1772021581.394433,1772021581.3468785,-178.7109375,-233.3984375,-255.37109375,-366.2109375,0.0,0,0
1772021581.394476,1772021581.350776,-1000.0,-1000.0,-839.84375,-1000.0,0.0,0,0
1772021581.394515,1772021581.3546731,-368.65234375,-367.1875,482.91015625,-172.8515625,0.0,0,0
1772021581.3945558,1772021581.3585703,929.19921875,927.24609375,-897.4609375,-992.67578125,0.0,0,0
1772021581.394599,1772021581.3624678,-920.41015625,-918.9453125,-1000.0,-961.42578125,0.0,0,0
1772021581.439064,1772021581.3664894,-39.55078125,-35.64453125,-228.02734375,-88.8671875,0.0,0,0
1772021581.439223,1772021581.3703866,-1000.0,-1000.0,-895.99609375,-1000.0,0.0,0,0
1772021581.439269,1772021581.3742838,-540.0390625,-544.43359375,726.5625,-367.67578125,0.0,0,0
1772021581.439316,1772021581.3781812,823.73046875,819.3359375,-644.04296875,921.875,0.0,0,0
1772021581.4394681,1772021581.3820784,-861.81640625,-857.91015625,-1000.0,-902.34375,0.0,0,0
1772021581.4395142,1772021581.3859758,90.33203125,115.72265625,-266.11328125,74.21875,0.0,0,0
1772021581.439557,1772021581.389873,-1000.0,-1000.0,-987.3046875,-1000.0,0.0,0,0
1772021581.439596,1772021581.3937705,-776.3671875,-791.015625,952.1484375,-559.5703125,0.0,0,0
1772021581.439639,1772021581.3976676,573.2421875,561.5234375,-312.98828125,815.91796875,0.0,0,0
1772021581.439681,1772021581.4015648,-807.12890625,-804.6875,-1000.0,-852.5390625,0.0,0,0
1772021581.4397209,1772021581.4054623,163.0859375,162.109375,-425.29296875,188.4765625,0.0,0,0
1772021581.439764,1772021581.4093595,-1000.0,-1000.0,895.99609375,-1000.0,0.0,0,0
1772021581.4831538,1772021581.4133706,-972.16796875,-979.00390625,-910.15625,-826.66015625,0.0,0,0
1772021581.4833028,1772021581.4172678,308.59375,296.38671875,-57.12890625,534.1796875,0.0,0,0
1772021581.4833531,1772021581.4211652,-771.97265625,-770.5078125,-1000.0,-800.29296875,0.0,0,0
1772021581.4833999,1772021581.4250624,143.06640625,143.5546875,-613.28125,156.73828125,0.0,0,0
1772021581.483444,1772021581.4289598,-1000.0,-1000.0,737.3046875,-1000.0,0.0,0,0
1772021581.4834838,1772021581.432857,-1000.0,-1000.0,-838.37890625,-1000.0,0.0,0,0
1772021581.483524,1772021581.4367545,46.38671875,45.8984375,142.08984375,232.421875,0.0,0,0
1772021581.483567,1772021581.4406517,-764.16015625,-763.671875,-1000.0,-766.6015625,0.0,0,0
1772021581.4836102,1772021581.444549,240.72265625,241.2109375,-872.0703125,145.01953125,0.0,0,0
1772021581.4836538,1772021581.4484463,-988.76953125,-988.76953125,454.1015625,-1000.0,0.0,0,0
1772021581.4836962,1772021581.4523437,-1000.0,-1000.0,-788.57421875,-1000.0,0.0,0,0
1772021581.483737,1772021581.456241,-157.2265625,-156.73828125,149.4140625,42.48046875,0.0,0,0
1772021581.528304,1772021581.4602435,-810.05859375,-809.08203125,-1000.0,-767.08984375,0.0,0,0
1772021581.528395,1772021581.464141,447.75390625,448.2421875,-1000.0,337.40234375,0.0,0,0
1772021581.528426,1772021581.468038,-904.296875,-903.80859375,141.11328125,-946.77734375,0.0,0,0
1772021581.528455,1772021581.4719355,-1000.0,-1000.0,-763.18359375,-1000.0,0.0,0,0
1772021581.52848,1772021581.475833,-233.88671875,-233.88671875,146.484375,-148.92578125,0.0,0,0
1772021581.528534,1772021581.4797301,-885.25390625,-884.27734375,-1000.0,-822.75390625,0.0,0,0
1772021581.5285802,1772021581.4836276,690.4296875,690.91796875,-1000.0,536.62109375,0.0,0,0
1772021581.5286121,1772021581.4875247,-703.61328125,-703.61328125,-77.1484375,-847.65625,0.0,0,0
1772021581.52864,1772021581.4914222,-1000.0,-1000.0,-784.66796875,-1000.0,0.0,0,0
1772021581.528702,1772021581.4953194,-196.2890625,-195.80078125,334.9609375,-215.33203125,0.0,0,0
1772021581.5287502,1772021581.4992168,-954.58984375,-953.61328125,-951.66015625,-920.41015625,0.0,0,0
1772021581.5287821,1772021581.503114,922.8515625,923.828125,-1000.0,815.91796875,0.0,0,0
1772021581.574068,1772021581.5071037,-359.86328125,-359.86328125,-229.98046875,-539.55078125,0.0,0,0
1772021581.574156,1772021581.511001,-1000.0,-1000.0,-857.421875,-1000.0,0.0,0,0
1772021581.5742981,1772021581.5148985,-270.99609375,-269.04296875,600.09765625,-178.7109375,0.0,0,0
1772021581.574344,1772021581.5187957,970.21484375,967.28515625,-793.9453125,-984.86328125,0.0,0,0
1772021581.574375,1772021581.5226932,-946.2890625,-938.96484375,-1000.0,-979.00390625,0.0,0,0
1772021581.5744598,1772021581.5265903,-77.63671875,-48.828125,-193.84765625,-176.7578125,0.0,0,0
1772021581.574493,1772021581.5304878,-1000.0,-1000.0,-969.7265625,-1000.0,0.0,0,0
1772021581.574563,1772021581.534385,-541.9921875,-490.234375,962.890625,-267.578125,0.0,0,0
1772021581.5746078,1772021581.5382824,804.19921875,841.796875,-271.484375,964.84375,0.0,0,0
1772021581.5746381,1772021581.5421798,-850.5859375,-861.328125,-1000.0,-924.31640625,0.0,0,0
1772021581.574666,1772021581.546077,186.5234375,190.91796875,-369.62890625,25.390625,0.0,0,0
1772021581.574694,1772021581.5499744,-1000.0,-1000.0,908.203125,-1000.0,0.0,0,0
1772021581.6178071,1772021581.5539553,-844.7265625,-844.7265625,-899.4140625,-464.35546875,0.0,0,0
1772021581.6178932,1772021581.5578527,510.25390625,511.23046875,45.41015625,868.1640625,0.0,0,0
1772021581.6179252,1772021581.56175,-789.0625,-788.57421875,-1000.0,-855.95703125,0.0,0,0
1772021581.617954,1772021581.5656474,122.55859375,122.55859375,-770.01953125,138.671875,0.0,0,0
1772021581.6179829,1772021581.5695448,-1000.0,-1000.0,630.37109375,-990.72265625,0.0,0,0
1772021581.61801,1772021581.573442,-929.6875,-984.86328125,-933.10546875,-1000.0,0.0,0,0
1772021581.618037,1772021581.5773394,-1000.0,-910.15625,843.26171875,-224.609375,0.0,0,0
1772021581.6180649,1772021581.5812366,-868.65234375,-1000.0,-885.7421875,-876.953125,0.0,0,0
1772021581.618092,1772021581.585134,546.38671875,-273.92578125,239.2578125,-41.9921875,0.0,0,0
1772021581.618121,1772021581.5890315,-920.8984375,-840.8203125,-1000.0,-1000.0,0.0,0,0
1772021581.618148,1772021581.5929286,905.2734375,689.94140625,-957.51953125,-489.74609375,0.0,0,0
1772021581.618175,1772021581.596826,975.5859375,132.32421875,300.78125,835.9375,0.0,0,0
1772021581.6628082,1772021581.6007988,913.57421875,972.16796875,-238.28125,-852.05078125,0.0,0,0
1772021581.662894,1772021581.6046963,-874.51171875,963.8671875,-1000.0,160.64453125,0.0,0,0
1772021581.6629262,1772021581.6085937,69.82421875,-466.796875,-330.078125,-1000.0,0.0,0,0
1772021581.662953,1772021581.612491,-1000.0,-1000.0,-871.09375,-1000.0,0.0,0,0
1772021581.6629791,1772021581.6163883,197.75390625,-1.46484375,193.359375,107.421875,0.0,0,0
1772021581.663006,1772021581.6202857,-891.6015625,-867.67578125,-1000.0,-763.18359375,0.0,0,0
1772021581.66306,1772021581.624183,988.28125,794.921875,-1000.0,338.8671875,0.0,0,0
1772021581.663092,1772021581.6280804,-174.8046875,-532.71484375,-254.39453125,-953.61328125,0.0,0,0
1772021581.663201,1772021581.6319778,-1000.0,-1000.0,-824.70703125,-1000.0,0.0,0,0
1772021581.6632462,1772021581.6358752,20.99609375,-93.26171875,173.33984375,-45.8984375,0.0,0,0
1772021581.6632771,1772021581.6397724,-927.734375,-917.96875,-1000.0,-797.36328125,0.0,0,0
1772021581.663332,1772021581.6436698,998.046875,894.53125,-1000.0,478.515625,0.0,0,0
1772021581.70829,1772021581.6476336,-168.45703125,-388.671875,-249.0234375,-869.140625,0.0,0,0
1772021581.708435,1772021581.651531,-1000.0,-1000.0,-822.75390625,-1000.0,0.0,0,0
1772021581.7084968,1772021581.6554282,-183.59375,-178.7109375,196.2890625,-230.46875,0.0,0,0
1772021581.708559,1772021581.6593256,-974.609375,-981.4453125,-1000.0,-885.25390625,0.0,0,0
1772021581.708619,1772021581.663223,-974.609375,-974.12109375,-1000.0,690.4296875,0.0,0,0
1772021581.708678,1772021581.6671205,-183.59375,-183.10546875,-262.6953125,-703.61328125,0.0,0,0
1772021581.709128,1772021581.6710176,-1000.0,-1000.0,-829.1015625,-1000.0,0.0,0,0
1772021581.709227,1772021581.674915,-173.33984375,-171.38671875,395.5078125,-195.80078125,0.0,0,0
1772021581.709414,1772021581.6788125,-993.1640625,-995.60546875,-945.80078125,-954.1015625,0.0,0,0
1772021581.709572,1772021581.6827097,-946.2890625,-941.40625,-1000.0,928.7109375,0.0,0,0
1772021581.709645,1772021581.6866071,-40.52734375,-19.04296875,-242.67578125,-366.2109375,0.0,0,0
1772021581.7097049,1772021581.6905046,-1000.0,-1000.0,-869.140625,-1000.0,0.0,0,0
1772021581.767937,1772021581.694466,-273.4375,-275.390625,633.7890625,-171.38671875,0.0,0,0
1772021581.768063,1772021581.6983633,961.9140625,963.8671875,-765.625,-995.1171875,0.0,0,0
1772021581.768146,1772021581.7022607,-912.109375,-911.62109375,-1000.0,-956.54296875,0.0,0,0
1772021581.768178,1772021581.7061582,127.9296875,128.41796875,-200.68359375,-71.2890625,0.0,0,0
1772021581.768209,1772021581.7100556,-1000.0,-1000.0,-948.2421875,-1000.0,0.0,0,0
1772021581.768236,1772021581.7139528,-477.05078125,-476.5625,904.78515625,-366.2109375,0.0,0,0
1772021581.7682638,1772021581.7178502,875.0,875.48828125,-391.6015625,918.45703125,0.0,0,0
1772021581.768291,1772021581.7217476,-874.0234375,-873.53515625,-1000.0,-895.99609375,0.0,0,0
1772021581.768318,1772021581.725645,204.58984375,205.078125,-222.16796875,120.1171875,0.0,0,0
1772021581.7684338,1772021581.7295423,-1000.0,-1000.0,991.69921875,-1000.0,0.0,0,0
1772021581.7684622,1772021581.7334397,-719.23828125,-719.23828125,-956.54296875,-564.94140625,0.0,0,0
1772021581.768491,1772021581.737337,674.31640625,675.29296875,-100.09765625,818.84765625,0.0,0,0
1772021581.812324,1772021581.7413545,-822.75390625,-823.2421875,-1000.0,-853.515625,0.0,0,0
1772021581.812387,1772021581.745252,162.59765625,167.48046875,-392.578125,189.453125,0.0,0,0
1772021581.812406,1772021581.7491493,-1000.0,-1000.0,906.25,-1000.0,0.0,0,0
1772021581.812425,1772021581.7530465,-987.79296875,-957.03125,-895.01953125,-816.89453125,0.0,0,0
1772021581.8124428,1772021581.756944,280.2734375,337.40234375,79.58984375,547.36328125,0.0,0,0
1772021581.8124611,1772021581.7608414,-769.04296875,-772.94921875,-1000.0,-802.734375,0.0,0,0
1772021581.812479,1772021581.7647388,140.13671875,142.578125,-591.796875,158.69140625,0.0,0,0
1772021581.812496,1772021581.7686362,-1000.0,-1000.0,776.3671875,-1000.0,0.0,0,0
1772021581.812512,1772021581.7725334,-1000.0,-1000.0,-845.703125,-1000.0,0.0,0,0
1772021581.8125281,1772021581.7764308,-2.9296875,42.96875,186.03515625,254.8828125,0.0,0,0
1772021581.812546,1772021581.7803283,-771.97265625,-766.6015625,-1000.0,-768.06640625,0.0,0,0
1772021581.812562,1772021581.7842257,288.0859375,337.890625,-836.42578125,144.04296875,0.0,0,0
1772021581.857741,1772021581.7882342,-967.7734375,-946.77734375,516.6015625,-1000.0,0.0,0,0
1772021581.857815,1772021581.7921317,-1000.0,-1000.0,-797.8515625,-1000.0,0.0,0,0
1772021581.857832,1772021581.796029,-204.58984375,-148.92578125,154.296875,39.0625,0.0,0,0
1772021581.8578482,1772021581.7999265,-824.70703125,-822.75390625,-1000.0,-767.08984375,0.0,0,0
1772021581.857863,1772021581.8038237,455.078125,536.62109375,-1000.0,337.890625,0.0,0,0
1772021581.857878,1772021581.8077211,-908.203125,-847.65625,195.3125,-947.265625,0.0,0,0
1772021581.8578932,1772021581.8116186,-1000.0,-1000.0,-763.671875,-1000.0,0.0,0,0
1772021581.857907,1772021581.815516,-233.88671875,-217.28515625,178.7109375,-148.92578125,0.0,0,0
1772021581.857922,1772021581.8194134,-884.765625,-915.52734375,-1000.0,-823.2421875,0.0,0,0
1772021581.857936,1772021581.8233109,690.4296875,796.875,-1000.0,536.62109375,0.0,0,0
1772021581.857951,1772021581.8272083,-703.61328125,-564.453125,-32.71484375,-847.65625,0.0,0,0
1772021581.8579662,1772021581.8311057,-1000.0,-1000.0,-779.78515625,-1000.0,0.0,0,0
1772021581.90269,1772021581.8351057,-196.2890625,-184.08203125,348.14453125,-215.33203125,0.0,0,0
1772021581.902726,1772021581.8390028,-954.58984375,-973.6328125,-941.89453125,-920.41015625,0.0,0,0
1772021581.9027479,1772021581.8429003,922.8515625,989.2578125,-1000.0,815.91796875,0.0,0,0
1772021581.9027681,1772021581.8467977,-359.86328125,-241.2109375,-210.9375,-539.55078125,0.0,0,0
1772021581.9027882,1772021581.8506951,-1000.0,-1000.0,-844.7265625,-1000.0,0.0,0,0
1772021581.902807,1772021581.8545926,-270.99609375,-241.2109375,556.15234375,-178.7109375,0.0,0,0
1772021581.9028301,1772021581.85849,970.21484375,978.515625,-831.54296875,-985.3515625,0.0,0,0
1772021581.9028502,1772021581.8623874,-944.3359375,-937.5,-1000.0,-979.00390625,0.0,0,0
1772021581.902869,1772021581.8662848,-77.63671875,-20.99609375,-211.42578125,-177.24609375,0.0,0,0
1772021581.902889,1772021581.8701823,-1000.0,-1000.0,-930.6640625,-1000.0,0.0,0,0
1772021581.902907,1772021581.8740797,-459.47265625,-442.87109375,849.12109375,-267.578125,0.0,0,0
1772021581.9029272,1772021581.8779771,869.140625,878.41796875,-482.421875,964.84375,0.0,0,0
1772021581.9473789,1772021581.8819678,-877.9296875,-877.44140625,-1000.0,-924.31640625,0.0,0,0
1772021581.9474308,1772021581.8858652,103.02734375,166.9921875,-198.73046875,25.390625,0.0,0,0
1772021581.9474602,1772021581.8897626,-1000.0,-1000.0,-988.28125,-1000.0,0.0,0,0
1772021581.947484,1772021581.89366,-704.58984375,-649.4140625,-987.3046875,-463.8671875,0.0,0,0
1772021581.94751,1772021581.8975575,666.9921875,740.72265625,-178.22265625,868.1640625,0.0,0,0
1772021581.947534,1772021581.901455,-821.2890625,-837.890625,-1000.0,-871.58203125,0.0,0,0
1772021581.9475572,1772021581.9053524,166.9921875,180.6640625,-306.640625,207.03125,0.0,0,0
1772021581.947583,1772021581.9092498,-1000.0,-1000.0,947.75390625,-1000.0,0.0,0,0
1772021581.947604,1772021581.9131472,-957.03125,-869.140625,-916.9921875,-687.98828125,0.0,0,0
1772021581.947627,1772021581.9170446,336.9140625,473.6328125,34.1796875,708.984375,0.0,0,0
1772021581.947649,1772021581.920942,-773.92578125,-790.52734375,-1000.0,-832.51953125,0.0,0,0
1772021581.947674,1772021581.9248395,142.08984375,150.390625,-472.16796875,178.7109375,0.0,0,0
1772021581.9929159,1772021581.9288216,-1000.0,-1000.0,865.72265625,-1000.0,0.0,0,0
1772021581.992967,1772021581.932719,-1000.0,-1000.0,-872.0703125,-871.58203125,0.0,0,0
1772021581.993003,1772021581.9366164,48.33984375,148.4375,187.01171875,469.23828125,0.0,0,0
1772021581.9930391,1772021581.9405138,-764.6484375,-757.32421875,-1000.0,-790.52734375,0.0,0,0
1772021581.993074,1772021581.9444113,212.890625,239.2578125,-666.015625,150.390625,0.0,0,0
1772021581.993134,1772021581.9483087,-998.046875,-993.1640625,727.5390625,-1000.0,0.0,0,0
1772021581.993221,1772021581.9522061,-1000.0,-1000.0,-835.9375,-1000.0,0.0,0,0
1772021581.993279,1772021581.9561036,-157.2265625,-54.19921875,181.15234375,146.484375,0.0,0,0
1772021581.9933171,1772021581.960001,-802.24609375,-789.55078125,-1000.0,-758.7890625,0.0,0,0
1772021581.993352,1772021581.9638984,354.4921875,435.546875,-850.5859375,278.80859375,0.0,0,0
1772021581.993388,1772021581.967796,-952.63671875,-896.484375,491.2109375,-976.5625,0.0,0,0
1772021581.993423,1772021581.9716935,-1000.0,-1000.0,-793.9453125,-1000.0,0.0,0,0
1772021582.053288,1772021581.975671,-250.9765625,-235.3515625,188.4765625,-50.78125,0.0,0,0
1772021582.0534341,1772021581.9795687,-850.5859375,-878.90625,-1000.0,-791.015625,0.0,0,0
1772021582.0535018,1772021581.9834661,550.78125,666.9921875,-1000.0,435.546875,0.0,0,0
1772021582.0535629,1772021581.9873636,-855.46875,-729.4921875,179.6875,-896.484375,0.0,0,0
1772021582.053622,1772021581.991261,-1000.0,-1000.0,-769.53125,-1000.0,0.0,0,0
1772021582.053678,1772021581.9951584,-215.8203125,-203.61328125,360.3515625,-233.88671875,0.0,0,0
1772021582.053729,1772021581.9990559,-920.8984375,-936.03515625,-945.80078125,-884.765625,0.0,0,0
1772021582.053771,1772021582.0029533,810.546875,869.140625,-1000.0,690.4296875,0.0,0,0
1772021582.0538108,1772021582.0068507,-533.69140625,-457.51953125,11.71875,-703.61328125,0.0,0,0
1772021582.053854,1772021582.0107481,-1000.0,-1000.0,-803.22265625,-1000.0,0.0,0,0
1772021582.053896,1772021582.0146456,-275.87890625,-178.22265625,538.57421875,-195.80078125,0.0,0,0
1772021582.053941,1772021582.018543,981.4453125,-983.88671875,-814.453125,-954.1015625,0.0,0,0
1772021582.083644,1772021582.02251,-970.21484375,-980.95703125,-1000.0,928.7109375,0.0,0,0
1772021582.083801,1772021582.0264075,-179.6875,-166.50390625,-155.76171875,-366.2109375,0.0,0,0
1772021582.083922,1772021582.0303051,-1000.0,-1000.0,-899.4140625,-1000.0,0.0,0,0
1772021582.0840309,1772021582.0342026,-416.50390625,-352.5390625,788.0859375,-171.38671875,0.0,0,0
1772021582.0840828,1772021582.0381,895.5078125,929.19921875,-555.6640625,-995.1171875,0.0,0,0
1772021582.08413,1772021582.0419974,-899.4140625,-910.64453125,-1000.0,-956.54296875,0.0,0,0
1772021582.0841742,1772021582.0458949,10.25390625,18.06640625,-186.03515625,-71.2890625,0.0,0,0
1772021582.084218,1772021582.0497923,-1000.0,-1000.0,-969.7265625,-1000.0,0.0,0,0
1772021582.0842571,1772021582.0536897,-589.84375,-531.25,980.46875,-366.2109375,0.0,0,0
1772021582.0843,1772021582.0575871,775.87890625,825.1953125,-264.6484375,917.96875,0.0,0,0
1772021582.084342,1772021582.0614846,-846.6796875,-855.95703125,-1000.0,-896.484375,0.0,0,0
1772021582.084384,1772021582.0653822,148.92578125,192.87109375,-171.875,120.1171875,0.0,0,0
1772021582.157949,1772021582.0693445,-1000.0,-1000.0,-994.140625,-1000.0,0.0,0,0
1772021582.158101,1772021582.073242,-839.84375,-797.8515625,-949.21875,-564.94140625,0.0,0,0
1772021582.1583009,1772021582.0771394,507.8125,572.75390625,-45.41015625,818.84765625,0.0,0,0
1772021582.158367,1772021582.0810368,-794.921875,-806.640625,-1000.0,-853.02734375,0.0,0,0
1772021582.158426,1772021582.0849342,149.90234375,159.1796875,-308.10546875,186.5234375,0.0,0,0
1772021582.158485,1772021582.088832,-1000.0,-1000.0,946.77734375,-1000.0,0.0,0,0
1772021582.158539,1772021582.0927293,-1000.0,-1000.0,-908.203125,-844.7265625,0.0,0,0
1772021582.158596,1772021582.0966268,154.296875,257.32421875,121.09375,510.7421875,0.0,0,0
1772021582.158654,1772021582.1005242,-760.25390625,-767.578125,-1000.0,-795.8984375,0.0,0,0
1772021582.15871,1772021582.1044216,139.16015625,143.06640625,-520.01953125,152.83203125,0.0,0,0
1772021582.158767,1772021582.108319,-1000.0,-1000.0,847.65625,-1000.0,0.0,0,0
1772021582.1588218,1772021582.1122167,-1000.0,-1000.0,-863.76953125,-1000.0,0.0,0,0
1772021582.188531,1772021582.1162355,-56.15234375,22.94921875,190.91796875,189.453125,0.0,0,0
1772021582.188695,1772021582.120133,-776.85546875,-768.5546875,-1000.0,-763.18359375,0.0,0,0
1772021582.1887622,1772021582.1240306,245.1171875,322.265625,-782.71484375,144.04296875,0.0,0,0
1772021582.1888251,1772021582.127928,-987.3046875,-956.0546875,589.84375,-1000.0,0.0,0,0
1772021582.1888871,1772021582.1318254,-1000.0,-1000.0,-809.08203125,-1000.0,0.0,0,0
1772021582.1889431,1772021582.1357229,-258.7890625,-150.390625,159.1796875,12.20703125,0.0,0,0
1772021582.189007,1772021582.1396203,-836.9140625,-817.3828125,-1000.0,-770.99609375,0.0,0,0
1772021582.189066,1772021582.143518,462.40234375,497.0703125,-1000.0,340.8203125,0.0,0,0
1772021582.1891232,1772021582.1474154,-911.62109375,-873.046875,245.60546875,-949.21875,0.0,0,0
1772021582.1891809,1772021582.1513128,-1000.0,-1000.0,-766.11328125,-1000.0,0.0,0,0
1772021582.1892328,1772021582.1552103,-233.88671875,-226.5625,186.5234375,-148.92578125,0.0,0,0
1772021582.189291,1772021582.1591077,-884.765625,-894.53125,-1000.0,-823.2421875,0.0,0,0
1772021582.246656,1772021582.1631176,689.94140625,724.609375,-1000.0,536.62109375,0.0,0,0
1772021582.246773,1772021582.1670153,-703.61328125,-659.1796875,5.859375,-847.65625,0.0,0,0
1772021582.2468212,1772021582.1709127,-1000.0,-1000.0,-776.3671875,-1000.0,0.0,0,0
1772021582.246868,1772021582.1748102,-196.2890625,-194.3359375,363.76953125,-215.33203125,0.0,0,0
1772021582.246927,1772021582.1787076,-954.1015625,-954.58984375,-933.59375,-920.41015625,0.0,0,0
1772021582.246974,1772021582.1826053,918.45703125,928.7109375,-1000.0,815.91796875,0.0,0,0
1772021582.247016,1772021582.1865027,-355.95703125,-350.09765625,-178.22265625,-539.55078125,0.0,0,0
1772021582.2470589,1772021582.1904001,-1000.0,-1000.0,-842.28515625,-1000.0,0.0,0,0
1772021582.247102,1772021582.1942978,-367.67578125,-270.99609375,571.77734375,-178.7109375,0.0,0,0
1772021582.247145,1772021582.1981952,928.7109375,971.19140625,-809.5703125,-985.3515625,0.0,0,0
1772021582.2471879,1772021582.2020926,-928.7109375,-943.359375,-1000.0,-979.00390625,0.0,0,0
1772021582.24723,1772021582.20599,-85.44921875,-77.63671875,-212.890625,-176.7578125,0.0,0,0
1772021582.278413,1772021582.2099895,-1000.0,-1000.0,-922.8515625,-1000.0,0.0,0,0
1772021582.278531,1772021582.2138872,-537.59765625,-445.80078125,823.2421875,-267.578125,0.0,0,0
1772021582.278589,1772021582.2177846,822.265625,876.953125,-522.4609375,964.84375,0.0,0,0
1772021582.2786229,1772021582.221682,-863.76953125,-880.37109375,-1000.0,-924.31640625,0.0,0,0
1772021582.278652,1772021582.2255797,72.75390625,107.91015625,-181.15234375,25.390625,0.0,0,0
1772021582.27868,1772021582.2294772,-1000.0,-1000.0,-979.4921875,-1000.0,0.0,0,0
1772021582.278733,1772021582.2333746,-751.953125,-651.3671875,-995.60546875,-463.8671875,0.0,0,0
1772021582.278823,1772021582.2372723,600.5859375,725.09765625,-198.2421875,868.1640625,0.0,0,0
1772021582.278856,1772021582.2411697,-811.5234375,-833.984375,-1000.0,-871.58203125,0.0,0,0
1772021582.2788842,1772021582.2450671,166.015625,178.7109375,-253.41796875,205.078125,0.0,0,0
1772021582.278913,1772021582.2489648,-1000.0,-1000.0,970.703125,-1000.0,0.0,0,0
1772021582.278938,1772021582.2528622,-957.03125,-879.8828125,-928.22265625,-719.23828125,0.0,0,0
1772021582.3233778,1772021582.2568545,336.9140625,456.54296875,16.11328125,674.8046875,0.0,0,0
1772021582.323554,1772021582.260752,-773.92578125,-789.0625,-1000.0,-824.21875,0.0,0,0
1772021582.323622,1772021582.2646494,142.08984375,150.390625,-432.6171875,169.921875,0.0,0,0
1772021582.323683,1772021582.268547,-1000.0,-1000.0,886.71875,-1000.0,0.0,0,0
1772021582.323742,1772021582.2724445,-1000.0,-1000.0,-879.8828125,-934.5703125,0.0,0,0
1772021582.3237991,1772021582.2763422,52.734375,147.94921875,182.12890625,372.55859375,0.0,0,0
1772021582.3238652,1772021582.2802396,-766.11328125,-757.8125,-1000.0,-778.80859375,0.0,0,0
1772021582.323924,1772021582.284137,140.625,235.3515625,-639.16015625,146.484375,0.0,0,0
1772021582.3239849,1772021582.2880347,-1000.0,-994.62890625,751.953125,-1000.0,0.0,0,0
1772021582.32404,1772021582.291932,-1000.0,-1000.0,-839.84375,-1000.0,0.0,0,0
1772021582.324092,1772021582.2958295,-163.0859375,-54.19921875,177.24609375,96.19140625,0.0,0,0
1772021582.32415,1772021582.2997272,-799.8046875,-788.0859375,-1000.0,-761.23046875,0.0,0,0
1772021582.3680482,1772021582.303711,354.4921875,420.8984375,-900.87890625,242.1875,0.0,0,0
1772021582.36819,1772021582.3076086,-952.63671875,-904.296875,422.36328125,-994.140625,0.0,0,0
1772021582.368236,1772021582.311506,-1000.0,-1000.0,-782.71484375,-1000.0,0.0,0,0
1772021582.368277,1772021582.3154037,-250.48828125,-236.328125,149.90234375,-74.21875,0.0,0,0
1772021582.368321,1772021582.3193011,-850.5859375,-878.90625,-1000.0,-793.9453125,0.0,0,0
1772021582.368416,1772021582.3231988,550.78125,668.9453125,-1000.0,437.98828125,0.0,0,0
1772021582.368465,1772021582.3270962,-855.46875,-727.05078125,45.41015625,-897.94921875,0.0,0,0
1772021582.368512,1772021582.330994,-1000.0,-1000.0,-766.6015625,-1000.0,0.0,0,0
1772021582.368552,1772021582.3348913,-215.33203125,-197.75390625,281.25,-233.88671875,0.0,0,0
1772021582.368596,1772021582.3387887,-920.8984375,-952.63671875,-967.28515625,-884.765625,0.0,0,0
1772021582.368639,1772021582.3426864,812.01171875,923.33984375,-1000.0,690.91796875,0.0,0,0
1772021582.368681,1772021582.3465838,-535.64453125,-374.51171875,-187.01171875,-703.61328125,0.0,0,0
1772021582.4140348,1772021582.3505595,-1000.0,-1000.0,-821.77734375,-1000.0,0.0,0,0
1772021582.414228,1772021582.3544571,-241.69921875,-173.33984375,456.54296875,-195.80078125,0.0,0,0
1772021582.4143202,1772021582.3583546,992.67578125,-991.2109375,-902.34375,-954.1015625,0.0,0,0
1772021582.414386,1772021582.3622522,-974.12109375,-962.40234375,-1000.0,928.7109375,0.0,0,0
1772021582.414446,1772021582.3661497,-178.22265625,-98.14453125,-235.83984375,-366.2109375,0.0,0,0
1772021582.414505,1772021582.3700473,-1000.0,-1000.0,-874.51171875,-1000.0,0.0,0,0
1772021582.414562,1772021582.3739448,-364.74609375,-345.21484375,648.4375,-171.38671875,0.0,0,0
1772021582.414624,1772021582.3778424,922.36328125,932.12890625,-747.55859375,-995.1171875,0.0,0,0
1772021582.4146829,1772021582.3817399,-909.66796875,-905.76171875,-1000.0,-956.54296875,0.0,0,0
1772021582.41474,1772021582.3856373,17.08984375,69.3359375,-201.171875,-71.2890625,0.0,0,0
1772021582.414797,1772021582.389535,-1000.0,-1000.0,-944.82421875,-1000.0,0.0,0,0
1772021582.4148421,1772021582.3934324,-552.734375,-512.6953125,895.01953125,-366.2109375,0.0,0,0
1772021582.472498,1772021582.3974667,811.03515625,844.7265625,-406.73828125,918.45703125,0.0,0,0
1772021582.472645,1772021582.401364,-851.5625,-862.79296875,-1000.0,-896.484375,0.0,0,0
1772021582.472692,1772021582.4052618,186.5234375,197.265625,-222.65625,120.1171875,0.0,0,0
1772021582.472736,1772021582.4091592,-1000.0,-1000.0,984.86328125,-1000.0,0.0,0,0
1772021582.472776,1772021582.4130569,-844.7265625,-771.484375,-949.70703125,-565.4296875,0.0,0,0
1772021582.4728189,1772021582.4169543,510.7421875,606.93359375,-58.10546875,818.84765625,0.0,0,0
1772021582.472862,1772021582.420852,-789.0625,-802.734375,-1000.0,-851.5625,0.0,0,0
1772021582.4730802,1772021582.4247494,121.58203125,124.0234375,-449.70703125,181.15234375,0.0,0,0
1772021582.473126,1772021582.428647,-997.0703125,-995.1171875,876.953125,-1000.0,0.0,0,0
1772021582.4731672,1772021582.4325447,-1000.0,-1000.0,-969.7265625,-893.06640625,0.0,0,0
1772021582.473217,1772021582.4364421,-226.07421875,-218.75,866.69921875,436.5234375,0.0,0,0
1772021582.473259,1772021582.4403398,-963.37890625,-979.98046875,-336.9140625,-784.66796875,0.0,0,0
1772021582.5182579,1772021582.4442966,970.703125,-982.91015625,-1000.0,142.08984375,0.0,0,0
1772021582.518421,1772021582.4481943,-268.5546875,-173.33984375,-341.796875,-1000.0,0.0,0,0
1772021582.5184839,1772021582.4520917,-1000.0,-1000.0,900.390625,-1000.0,0.0,0,0
1772021582.518544,1772021582.4559894,-273.92578125,-348.14453125,-890.13671875,42.48046875,0.0,0,0
1772021582.518604,1772021582.4598868,943.84765625,916.015625,194.82421875,-767.08984375,0.0,0,0
1772021582.518663,1772021582.4637845,-910.64453125,-894.53125,-1000.0,337.40234375,0.0,0,0
1772021582.518721,1772021582.4676821,121.58203125,107.421875,-632.32421875,-946.77734375,0.0,0,0
1772021582.518781,1772021582.4715796,-1000.0,-1000.0,816.40625,-1000.0,0.0,0,0
1772021582.518843,1772021582.4754772,-645.01953125,-797.36328125,977.05078125,-93.26171875,0.0,0,0
1772021582.5189,1772021582.4793746,727.5390625,517.08984375,-970.703125,-973.14453125,0.0,0,0
1772021582.518959,1772021582.4832723,-822.75390625,-801.7578125,179.6875,-965.8203125,0.0,0,0
1772021582.5190241,1772021582.4871697,161.1328125,439.453125,-1000.0,-68.359375,0.0,0,0
1772021582.56383,1772021582.491188,-1000.0,-918.45703125,-483.3984375,-1000.0,0.0,0,0
1772021582.563991,1772021582.4950855,-926.7578125,-978.515625,850.09765625,-320.3125,0.0,0,0
1772021582.5640588,1772021582.4989831,-1000.0,-1000.0,-885.7421875,-859.86328125,0.0,0,0
1772021582.564121,1772021582.5028808,-283.69140625,-296.875,559.5703125,558.10546875,0.0,0,0
1772021582.564181,1772021582.5067782,-913.0859375,-824.21875,-977.05078125,-855.46875,0.0,0,0
1772021582.564241,1772021582.510676,864.74609375,201.171875,-785.15625,-1000.0,0.0,0,0
1772021582.564298,1772021582.5145736,-752.44140625,-1000.0,703.61328125,-302.24609375,0.0,0,0
1772021582.564356,1772021582.518471,-712.40234375,-1000.0,-826.66015625,-989.2578125,0.0,0,0
1772021582.564424,1772021582.5223687,896.97265625,347.16796875,208.984375,944.82421875,0.0,0,0
1772021582.5644841,1772021582.526266,-826.171875,582.03125,-1000.0,-374.0234375,0.0,0,0
1772021582.564542,1772021582.5301638,-313.4765625,-1000.0,-179.19921875,-1000.0,0.0,0,0
1772021582.564597,1772021582.5340614,-333.49609375,-378.41796875,683.10546875,-176.7578125,0.0,0,0
1772021582.608055,1772021582.5380697,-966.30859375,969.23828125,-827.1484375,-984.375,0.0,0,0
1772021582.608198,1772021582.5419674,-901.3671875,-898.92578125,-1000.0,-971.19140625,0.0,0,0
1772021582.608264,1772021582.545865,224.609375,220.21484375,-1000.0,-150.87890625,0.0,0,0
1772021582.608324,1772021582.5497625,-1000.0,-1000.0,147.94921875,-1000.0,0.0,0,0
1772021582.608384,1772021582.5536602,-202.1484375,-301.26953125,410.64453125,-259.27734375,0.0,0,0
1772021582.6084428,1772021582.5575578,-993.1640625,973.6328125,-1000.0,970.21484375,0.0,0,0
1772021582.6085,1772021582.5614552,-918.9453125,-909.1796875,-1000.0,-922.8515625,0.0,0,0
1772021582.608557,1772021582.565353,231.93359375,229.4921875,-964.84375,24.4140625,0.0,0,0
1772021582.608614,1772021582.5692506,-1000.0,-1000.0,545.8984375,-1000.0,0.0,0,0
1772021582.6086662,1772021582.5731483,-301.7578125,-466.796875,639.16015625,-374.0234375,0.0,0,0
1772021582.608725,1772021582.5770457,973.14453125,896.484375,-909.1796875,915.0390625,0.0,0,0
1772021582.6087942,1772021582.5809433,-912.59765625,-880.859375,-1000.0,-889.16015625,0.0,0,0
1772021582.653093,1772021582.5849435,229.4921875,208.49609375,-677.24609375,221.6796875,0.0,0,0
1772021582.653248,1772021582.5888412,-1000.0,-1000.0,781.25,-1000.0,0.0,0,0
1772021582.653295,1772021582.5927389,-574.70703125,-694.3359375,934.08203125,-579.58984375,0.0,0,0
1772021582.653342,1772021582.5966363,819.82421875,694.3359375,-499.0234375,826.66015625,0.0,0,0
1772021582.653385,1772021582.600534,-852.05078125,-826.66015625,-1000.0,-855.95703125,0.0,0,0
1772021582.653428,1772021582.6044316,275.87890625,234.86328125,-651.3671875,186.5234375,0.0,0,0
1772021582.65347,1772021582.6083293,-1000.0,-1000.0,702.1484375,-1000.0,0.0,0,0
1772021582.653516,1772021582.6122267,-937.5,-958.49609375,-868.65234375,-844.7265625,0.0,0,0
1772021582.653558,1772021582.6161244,373.53515625,332.51953125,-113.28125,511.23046875,0.0,0,0
1772021582.653611,1772021582.620022,-784.1796875,-776.3671875,-1000.0,-794.921875,0.0,0,0
1772021582.653656,1772021582.6239197,364.74609375,339.35546875,-776.85546875,150.390625,0.0,0,0
1772021582.653698,1772021582.6278172,-942.87109375,-957.51953125,531.73828125,-1000.0,0.0,0,0
1772021582.698282,1772021582.631808,-1000.0,-1000.0,-800.29296875,-1000.0,0.0,0,0
1772021582.6983922,1772021582.6357057,58.59375,57.12890625,135.7421875,146.97265625,0.0,0,0
1772021582.69843,1772021582.6396034,-791.50390625,-790.0390625,-1000.0,-758.7890625,0.0,0,0
1772021582.698465,1772021582.643501,518.5546875,518.06640625,-979.98046875,273.92578125,0.0,0,0
1772021582.698501,1772021582.6473987,-841.796875,-840.33203125,280.76171875,-978.515625,0.0,0,0
1772021582.698535,1772021582.6512964,-1000.0,-1000.0,-769.53125,-1000.0,0.0,0,0
1772021582.698566,1772021582.6551938,-120.1171875,-134.27734375,143.06640625,-51.26953125,0.0,0,0
1772021582.6986,1772021582.6590915,-884.765625,-888.18359375,-1000.0,-791.015625,0.0,0,0
1772021582.698642,1772021582.6629891,763.671875,768.5546875,-1000.0,435.546875,0.0,0,0
1772021582.6986759,1772021582.6668868,-581.54296875,-579.58984375,24.90234375,-896.484375,0.0,0,0
1772021582.698709,1772021582.6707845,-1000.0,-1000.0,-769.04296875,-1000.0,0.0,0,0
1772021582.69874,1772021582.674682,-193.84765625,-193.84765625,242.1875,-233.88671875,0.0,0,0
1772021582.743156,1772021582.6786656,-952.63671875,-951.66015625,-995.60546875,-884.765625,0.0,0,0
1772021582.743281,1772021582.6825633,928.22265625,928.7109375,-1000.0,690.4296875,0.0,0,0
1772021582.743327,1772021582.686461,-366.2109375,-366.2109375,-105.46875,-703.61328125,0.0,0,0
1772021582.74337,1772021582.6903586,-1000.0,-1000.0,-802.24609375,-1000.0,0.0,0,0
1772021582.7434108,1772021582.694256,-172.8515625,-171.38671875,455.078125,-195.80078125,0.0,0,0
1772021582.743454,1772021582.6981537,-993.1640625,-995.1171875,-893.06640625,-954.1015625,0.0,0,0
1772021582.743497,1772021582.7020514,-962.40234375,-953.125,-1000.0,928.22265625,0.0,0,0
1772021582.7435362,1772021582.705949,-91.30859375,-74.21875,-203.125,-366.2109375,0.0,0,0
1772021582.743569,1772021582.7098467,-1000.0,-1000.0,-881.8359375,-1000.0,0.0,0,0
1772021582.743607,1772021582.7137444,-371.58203125,-299.31640625,699.21875,-171.38671875,0.0,0,0
1772021582.74364,1772021582.717642,927.24609375,953.61328125,-678.7109375,-995.1171875,0.0,0,0
1772021582.7436721,1772021582.7215395,-910.15625,-913.0859375,-1000.0,-956.54296875,0.0,0,0
1772021582.803133,1772021582.725513,17.08984375,80.56640625,-194.3359375,-71.2890625,0.0,0,0
1772021582.8032892,1772021582.7294106,-1000.0,-1000.0,-956.54296875,-1000.0,0.0,0,0
1772021582.803352,1772021582.7333083,-552.734375,-492.1875,936.03515625,-366.2109375,0.0,0,0
1772021582.803414,1772021582.737206,811.03515625,858.88671875,-344.23828125,918.45703125,0.0,0,0
1772021582.803477,1772021582.7411036,-851.5625,-867.67578125,-1000.0,-895.99609375,0.0,0,0
1772021582.8035378,1772021582.7450013,186.03515625,201.66015625,-172.36328125,120.1171875,0.0,0,0
1772021582.803597,1772021582.748899,-1000.0,-1000.0,-993.65234375,-1000.0,0.0,0,0
1772021582.803655,1772021582.7527966,-844.7265625,-736.81640625,-954.58984375,-564.94140625,0.0,0,0
1772021582.8037062,1772021582.7566943,510.7421875,651.85546875,-73.2421875,819.3359375,0.0,0,0
1772021582.8037481,1772021582.7605917,-795.8984375,-820.3125,-1000.0,-853.02734375,0.0,0,0
1772021582.8037891,1772021582.7644894,149.90234375,166.9921875,-293.9453125,186.5234375,0.0,0,0
1772021582.803831,1772021582.768387,-1000.0,-1000.0,952.1484375,-1000.0,0.0,0,0
1772021582.833297,1772021582.7723534,-1000.0,-957.03125,-911.1328125,-844.7265625,0.0,0,0
1772021582.833471,1772021582.776251,154.296875,337.40234375,103.02734375,510.7421875,0.0,0,0
1772021582.833588,1772021582.7801487,-759.765625,-772.94921875,-1000.0,-795.8984375,0.0,0,0
1772021582.8336499,1772021582.7840464,139.16015625,142.578125,-493.65234375,152.83203125,0.0,0,0
1772021582.8337102,1772021582.787944,-1000.0,-1000.0,860.3515625,-1000.0,0.0,0,0
1772021582.833764,1772021582.7918417,-1000.0,-1000.0,-868.65234375,-1000.0,0.0,0,0
1772021582.8338182,1772021582.7957394,-56.15234375,43.45703125,194.3359375,186.5234375,0.0,0,0
1772021582.833876,1772021582.799637,-777.34375,-766.11328125,-1000.0,-763.18359375,0.0,0,0
1772021582.833932,1772021582.8035347,245.1171875,326.66015625,-746.09375,144.53125,0.0,0,0
1772021582.8339899,1772021582.8074324,-986.81640625,-951.66015625,633.30078125,-1000.0,0.0,0,0
1772021582.834046,1772021582.81133,-1000.0,-1000.0,-816.89453125,-1000.0,0.0,0,0
1772021582.834099,1772021582.8152277,-258.7890625,-149.90234375,164.0625,20.01953125,0.0,0,0
1772021582.8924448,1772021582.819184,-836.9140625,-819.82421875,-1000.0,-770.01953125,0.0,0,0
1772021582.8925922,1772021582.8230817,462.40234375,513.18359375,-972.65625,339.84375,0.0,0,0
1772021582.892641,1772021582.8269794,-911.62109375,-862.79296875,296.38671875,-948.2421875,0.0,0,0
1772021582.892695,1772021582.830877,-1000.0,-1000.0,-770.99609375,-1000.0,0.0,0,0
1772021582.892736,1772021582.8347747,-233.88671875,-223.14453125,176.26953125,-148.92578125,0.0,0,0
1772021582.892782,1772021582.8386724,-884.765625,-902.34375,-1000.0,-823.2421875,0.0,0,0
1772021582.8928268,1772021582.84257,689.94140625,752.44140625,-1000.0,536.62109375,0.0,0,0
1772021582.8928692,1772021582.8464677,-703.61328125,-623.046875,26.85546875,-847.65625,0.0,0,0
1772021582.892921,1772021582.8503654,-1000.0,-1000.0,-771.484375,-1000.0,0.0,0,0
1772021582.89296,1772021582.854263,-196.2890625,-191.89453125,325.68359375,-215.33203125,0.0,0,0
1772021582.893003,1772021582.8581607,-954.1015625,-958.0078125,-955.56640625,-920.41015625,0.0,0,0
1772021582.893046,1772021582.8620584,922.8515625,940.91796875,-1000.0,815.91796875,0.0,0,0
1772021582.939003,1772021582.8660748,-359.86328125,-330.078125,-132.32421875,-539.55078125,0.0,0,0
1772021582.939154,1772021582.8699725,-1000.0,-1000.0,-818.359375,-1000.0,0.0,0,0
1772021582.939202,1772021582.8738701,-270.99609375,-249.0234375,507.8125,-178.7109375,0.0,0,0
1772021582.939248,1772021582.8777678,968.75,978.02734375,-857.421875,-989.2578125,0.0,0,0
1772021582.939292,1772021582.8816655,-937.01171875,-939.453125,-1000.0,-964.35546875,0.0,0,0
1772021582.9393349,1772021582.8855631,-96.19140625,-94.7265625,-220.703125,-213.8671875,0.0,0,0
1772021582.939379,1772021582.8894608,-1000.0,-1000.0,-910.64453125,-1000.0,0.0,0,0
1772021582.939418,1772021582.8933585,-371.09375,-346.19140625,781.25,-86.42578125,0.0,0,0
1772021582.93946,1772021582.8972561,857.91015625,872.0703125,-582.03125,946.77734375,0.0,0,0
1772021582.9395032,1772021582.9011538,-877.9296875,-882.32421875,-1000.0,-926.26953125,0.0,0,0
1772021582.9395452,1772021582.9050515,105.46875,109.86328125,-183.10546875,31.25,0.0,0,0
1772021582.9395862,1772021582.9089491,-1000.0,-1000.0,-977.05078125,-1000.0,0.0,0,0
1772021582.9842792,1772021582.9129562,-704.58984375,-670.8984375,994.140625,-464.35546875,0.0,0,0
1772021582.9844549,1772021582.916854,666.9921875,704.1015625,-218.26171875,868.1640625,0.0,0,0
1772021582.9845219,1772021582.9207516,-821.77734375,-829.58984375,-1000.0,-872.0703125,0.0,0,0
1772021582.984582,1772021582.9246492,166.9921875,175.29296875,-281.25,202.1484375,0.0,0,0
1772021582.9846559,1772021582.928547,-1000.0,-1000.0,966.796875,-1000.0,0.0,0,0
1772021582.984714,1772021582.9324446,-957.03125,-901.3671875,-935.546875,-718.75,0.0,0,0
1772021582.9847722,1772021582.9363422,336.9140625,423.33984375,-44.43359375,674.8046875,0.0,0,0
1772021582.9848268,1772021582.94024,-773.92578125,-785.15625,-1000.0,-823.73046875,0.0,0,0
1772021582.98487,1772021582.9441376,142.08984375,149.90234375,-457.03125,167.48046875,0.0,0,0
1772021582.9849129,1772021582.9480352,-1000.0,-1000.0,873.046875,-1000.0,0.0,0,0
1772021582.984952,1772021582.951933,-1000.0,-1000.0,-879.8828125,-957.03125,0.0,0,0
1772021582.9850051,1772021582.9558308,49.8046875,143.06640625,114.74609375,337.40234375,0.0,0,0
1772021583.028844,1772021582.9598305,-765.625,-757.8125,-1000.0,-773.92578125,0.0,0,0
1772021583.029002,1772021582.9637284,187.98828125,239.74609375,-641.11328125,144.04296875,0.0,0,0
1772021583.0290592,1772021582.967626,-1000.0,-993.65234375,735.3515625,-1000.0,0.0,0,0
1772021583.029102,1772021582.9715238,-1000.0,-1000.0,-836.42578125,-1000.0,0.0,0,0
1772021583.029144,1772021582.9754214,-145.5078125,-53.7109375,179.19921875,64.453125,0.0,0,0
1772021583.029288,1772021582.979319,-798.828125,-788.0859375,-1000.0,-762.6953125,0.0,0,0
1772021583.029391,1772021582.9832168,352.5390625,415.52734375,-877.9296875,242.1875,0.0,0,0
1772021583.0294778,1772021582.9871144,-951.66015625,-907.2265625,456.0546875,-992.67578125,0.0,0,0
1772021583.029532,1772021582.9910123,-1000.0,-1000.0,-789.55078125,-1000.0,0.0,0,0
1772021583.0295758,1772021582.99491,-250.48828125,-239.74609375,150.390625,-110.83984375,0.0,0,0
1772021583.02962,1772021582.9988077,-850.5859375,-869.140625,-1000.0,-800.78125,0.0,0,0
1772021583.029662,1772021583.0027053,550.78125,626.46484375,-1000.0,442.3828125,0.0,0,0
1772021583.073524,1772021583.006696,-855.46875,-773.4375,145.99609375,-900.87890625,0.0,0,0
1772021583.0736718,1772021583.010594,-1000.0,-1000.0,-763.18359375,-1000.0,0.0,0,0
1772021583.0737221,1772021583.0144916,-215.8203125,-208.0078125,220.21484375,-233.88671875,0.0,0,0
1772021583.073768,1772021583.0183892,-921.38671875,-930.17578125,-998.53515625,-884.765625,0.0,0,0
1772021583.073812,1772021583.022287,812.5,849.609375,-1000.0,690.4296875,0.0,0,0
1772021583.073854,1772021583.0261846,-536.1328125,-487.79296875,-73.73046875,-703.61328125,0.0,0,0
1772021583.073897,1772021583.0300825,-1000.0,-1000.0,-792.96875,-1000.0,0.0,0,0
1772021583.073935,1772021583.0339801,-233.3984375,-178.22265625,419.43359375,-195.80078125,0.0,0,0
1772021583.0739782,1772021583.0378778,995.60546875,-984.86328125,-907.71484375,-954.1015625,0.0,0,0
1772021583.074023,1772021583.0417755,-975.5859375,-981.4453125,-1000.0,928.7109375,0.0,0,0
1772021583.0740669,1772021583.0456731,-177.24609375,-165.52734375,-226.07421875,-366.2109375,0.0,0,0
1772021583.0741088,1772021583.0495708,-1000.0,-1000.0,-864.74609375,-1000.0,0.0,0,0
1772021583.1191292,1772021583.0535545,-370.60546875,-365.234375,617.67578125,-171.38671875,0.0,0,0
1772021583.1193018,1772021583.0574524,919.43359375,923.828125,-776.85546875,-995.1171875,0.0,0,0
1772021583.119501,1772021583.06135,-908.69140625,-908.69140625,-1000.0,-956.54296875,0.0,0,0
1772021583.119552,1772021583.0652478,16.6015625,17.578125,-211.9140625,-71.2890625,0.0,0,0
1772021583.119596,1772021583.0691454,-1000.0,-1000.0,-919.921875,-1000.0,0.0,0,0
1772021583.11964,1772021583.0730433,-552.734375,-532.2265625,812.01171875,-366.2109375,0.0,0,0
1772021583.119684,1772021583.076941,811.03515625,824.21875,-532.2265625,918.45703125,0.0,0,0
1772021583.1197271,1772021583.0808387,-852.05078125,-856.4453125,-1000.0,-895.99609375,0.0,0,0
1772021583.1197681,1772021583.0847363,186.03515625,194.3359375,-224.12109375,120.1171875,0.0,0,0
1772021583.119811,1772021583.0886343,-1000.0,-1000.0,-991.69921875,-1000.0,0.0,0,0
1772021583.11985,1772021583.092532,-844.7265625,-780.76171875,-1000.0,-564.94140625,0.0,0,0
1772021583.119891,1772021583.0964296,510.7421875,594.7265625,-209.47265625,818.84765625,0.0,0,0
1772021583.164615,1772021583.1004086,-795.8984375,-811.03515625,-1000.0,-853.515625,0.0,0,0
1772021583.164843,1772021583.1043062,149.90234375,164.55078125,-377.9296875,186.5234375,0.0,0,0
1772021583.164895,1772021583.108204,-1000.0,-1000.0,916.50390625,-1000.0,0.0,0,0
1772021583.1649358,1772021583.1121016,-1000.0,-967.28515625,-909.1796875,-844.7265625,0.0,0,0
1772021583.164978,1772021583.1159995,154.296875,318.84765625,1.46484375,511.23046875,0.0,0,0
1772021583.1653671,1772021583.1198971,-759.765625,-771.97265625,-1000.0,-794.921875,0.0,0,0
1772021583.1654358,1772021583.1237948,139.16015625,143.06640625,-574.70703125,150.390625,0.0,0,0
1772021583.165484,1772021583.1276927,-1000.0,-1000.0,779.78515625,-1000.0,0.0,0,0
1772021583.165525,1772021583.1315904,-1000.0,-1000.0,-845.703125,-1000.0,0.0,0,0
1772021583.165565,1772021583.135488,-60.546875,39.0625,157.2265625,152.34375,0.0,0,0
1772021583.1656508,1772021583.1393857,-780.2734375,-766.6015625,-1000.0,-758.7890625,0.0,0,0
1772021583.165696,1772021583.1432836,341.796875,333.0078125,-910.15625,178.22265625,0.0,0,0
1772021583.2078369,1772021583.147248,-945.3125,-940.4296875,400.390625,-1000.0,0.0,0,0
1772021583.207983,1772021583.151146,-1000.0,-1000.0,-779.296875,-1000.0,0.0,0,0
1772021583.208029,1772021583.1550436,-250.48828125,-226.5625,139.16015625,-48.33984375,0.0,0,0
1772021583.208074,1772021583.1589413,-850.5859375,-867.1875,-1000.0,-781.25,0.0,0,0
1772021583.2081149,1772021583.1628392,550.29296875,645.01953125,-1000.0,359.375,0.0,0,0
1772021583.2081568,1772021583.1667368,-855.46875,-749.51171875,-6.34765625,-938.96484375,0.0,0,0
1772021583.208199,1772021583.1706345,-1000.0,-1000.0,-772.4609375,-1000.0,0.0,0,0
1772021583.2082381,1772021583.1745324,-215.33203125,-204.58984375,295.8984375,-219.23828125,0.0,0,0
1772021583.208283,1772021583.17843,-921.38671875,-936.03515625,-966.30859375,-842.28515625,0.0,0,0
1772021583.2083251,1772021583.1823277,815.4296875,869.140625,-1000.0,546.875,0.0,0,0
1772021583.2083662,1772021583.1862257,-539.55078125,-457.51953125,-190.91796875,-853.02734375,0.0,0,0
1772021583.208409,1772021583.1901233,-1000.0,-1000.0,-826.66015625,-1000.0,0.0,0,0
1772021583.268553,1772021583.1940799,-178.7109375,-174.31640625,494.62890625,-215.33203125,0.0,0,0
1772021583.2687309,1772021583.1979775,-986.328125,-991.2109375,-880.37109375,-920.41015625,0.0,0,0
1772021583.2688,1772021583.2018754,-982.91015625,-967.28515625,-1000.0,815.91796875,0.0,0,0
1772021583.268876,1772021583.205773,-169.921875,-117.1875,-219.7265625,-539.55078125,0.0,0,0
1772021583.2689369,1772021583.209671,-1000.0,-1000.0,-916.015625,-1000.0,0.0,0,0
1772021583.2689862,1772021583.2135687,-364.74609375,-342.28515625,800.78125,-178.7109375,0.0,0,0
1772021583.2690911,1772021583.2174664,922.8515625,930.6640625,-554.19921875,-985.3515625,0.0,0,0
1772021583.269137,1772021583.2213643,-909.66796875,-906.25,-1000.0,-979.00390625,0.0,0,0
1772021583.2691789,1772021583.225262,17.08984375,74.70703125,-177.24609375,-177.24609375,0.0,0,0
1772021583.269221,1772021583.2291596,-1000.0,-1000.0,-992.1875,-1000.0,0.0,0,0
1772021583.26926,1772021583.2330575,-553.22265625,-560.05859375,-962.890625,-261.23046875,0.0,0,0
1772021583.2693021,1772021583.2369552,874.0234375,878.90625,-196.77734375,954.1015625,0.0,0,0
1772021583.31308,1772021583.2409701,-976.07421875,-976.5625,-1000.0,-910.64453125,0.0,0,0
1772021583.31323,1772021583.2448678,850.5859375,851.07421875,-875.9765625,128.41796875,0.0,0,0
1772021583.313279,1772021583.2487657,-873.53515625,-873.046875,-1000.0,-1000.0,0.0,0,0
1772021583.3133252,1772021583.2526634,188.96484375,189.453125,-267.08984375,-548.33984375,0.0,0,0
1772021583.313369,1772021583.2565613,-1000.0,-1000.0,951.171875,-957.03125,0.0,0,0
1772021583.3134122,1772021583.260459,-1000.0,-1000.0,-906.73828125,649.4140625,0.0,0,0
1772021583.313453,1772021583.2643566,-266.6015625,-260.7421875,417.48046875,-815.4296875,0.0,0,0
1772021583.3134952,1772021583.2682545,-845.21484375,-822.75390625,-1000.0,-1000.0,0.0,0,0
1772021583.313535,1772021583.2721522,550.78125,264.16015625,-403.80859375,-829.58984375,0.0,0,0
1772021583.313577,1772021583.27605,-855.46875,-992.67578125,942.87109375,617.67578125,0.0,0,0
1772021583.313621,1772021583.2799478,-1000.0,-1000.0,-904.78515625,924.8046875,0.0,0,0
1772021583.3136609,1772021583.2838457,-215.33203125,-444.3359375,426.26953125,-600.5859375,0.0,0,0
1772021583.358345,1772021583.2878528,-920.8984375,-907.2265625,-1000.0,-1000.0,0.0,0,0
1772021583.358546,1772021583.2917504,815.4296875,481.93359375,-782.2265625,-932.12890625,0.0,0,0
1772021583.358647,1772021583.2956483,-539.55078125,-914.55078125,632.8125,340.8203125,0.0,0,0
1772021583.358714,1772021583.299546,-1000.0,-1000.0,-821.77734375,-826.66015625,0.0,0,0
1772021583.358776,1772021583.303444,-179.19921875,-515.13671875,395.01953125,-238.28125,0.0,0,0
1772021583.358836,1772021583.3073416,-985.83984375,966.30859375,-927.24609375,-1000.0,0.0,0,0
1772021583.358894,1772021583.3112395,-979.4921875,820.3125,-1000.0,-1000.0,0.0,0,0
1772021583.358952,1772021583.3151371,-177.24609375,-593.75,85.9375,35.64453125,0.0,0,0
1772021583.359009,1772021583.3190348,-1000.0,-1000.0,-779.296875,-767.578125,0.0,0,0
1772021583.359065,1772021583.3229327,-268.06640625,-557.6171875,434.08203125,37.109375,0.0,0,0
1772021583.359128,1772021583.3268304,964.35546875,833.49609375,-893.5546875,-1000.0,0.0,0,0
1772021583.359185,1772021583.3307283,-917.48046875,-918.9453125,-1000.0,-1000.0,0.0,0,0
1772021583.4038012,1772021583.3347268,19.04296875,-202.1484375,-140.625,-130.37109375,0.0,0,0
1772021583.403987,1772021583.3386247,-1000.0,-1000.0,-825.1953125,-793.45703125,0.0,0,0
1772021583.4040372,1772021583.3425224,-274.4140625,-533.203125,536.62109375,174.8046875,0.0,0,0
1772021583.404083,1772021583.3464203,958.0078125,798.828125,-847.65625,-1000.0,0.0,0,0
1772021583.404125,1772021583.350318,-905.76171875,-849.12109375,-1000.0,-1000.0,0.0,0,0
1772021583.404166,1772021583.3542159,229.4921875,186.5234375,-215.33203125,52.734375,0.0,0,0
1772021583.404209,1772021583.3581135,-1000.0,-1000.0,-920.41015625,-765.625,0.0,0,0
1772021583.4042492,1772021583.3620114,-491.69921875,-844.7265625,815.91796875,142.08984375,0.0,0,0
1772021583.404292,1772021583.365909,882.8125,511.23046875,-539.55078125,-1000.0,0.0,0,0
1772021583.404333,1772021583.369807,-876.46484375,-795.8984375,-1000.0,-1000.0,0.0,0,0
1772021583.4043741,1772021583.3737047,205.078125,153.80859375,-181.640625,-145.01953125,0.0,0,0
1772021583.4044192,1772021583.3776026,-1000.0,-1000.0,-978.02734375,-794.43359375,0.0,0,0
1772021583.448768,1772021583.3815918,-719.23828125,-1000.0,996.09375,227.5390625,0.0,0,0
1772021583.4489448,1772021583.3854897,674.31640625,199.70703125,-210.9375,-1000.0,0.0,0,0
1772021583.4490108,1772021583.3893876,-824.21875,-764.16015625,-1000.0,-1000.0,0.0,0,0
1772021583.449069,1772021583.3932853,166.9921875,145.99609375,-366.69921875,-260.7421875,0.0,0,0
1772021583.4491289,1772021583.3971832,-1000.0,-1000.0,926.7578125,-834.47265625,0.0,0,0
1772021583.449184,1772021583.4010808,-947.75390625,-1000.0,-916.9921875,450.1953125,0.0,0,0
1772021583.449242,1772021583.4049788,326.66015625,42.96875,-23.4375,-918.45703125,0.0,0,0
1772021583.4492989,1772021583.4088764,-774.90234375,-766.6015625,-1000.0,-1000.0,0.0,0,0
1772021583.4493551,1772021583.4127743,338.8671875,337.890625,-546.38671875,-234.86328125,0.0,0,0
1772021583.4494138,1772021583.416672,-958.0078125,-946.77734375,817.87109375,-884.27734375,0.0,0,0
1772021583.4494789,1772021583.42057,-1000.0,-1000.0,-856.4453125,690.4296875,0.0,0,0
1772021583.449533,1772021583.4244678,56.640625,-148.4375,127.9296875,-703.61328125,0.0,0,0
1772021583.492595,1772021583.4284503,-791.015625,-822.75390625,-1000.0,-1000.0,0.0,0,0
1772021583.492745,1772021583.4323483,518.06640625,536.62109375,-813.4765625,-195.80078125,0.0,0,0
1772021583.492776,1772021583.436246,-842.28515625,-847.65625,536.1328125,-953.61328125,0.0,0,0
1772021583.492804,1772021583.4401438,-1000.0,-1000.0,-799.31640625,923.33984375,0.0,0,0
1772021583.492831,1772021583.4440417,-125.0,-215.33203125,155.2734375,-359.86328125,0.0,0,0
1772021583.492876,1772021583.4479394,-859.86328125,-920.41015625,-1000.0,-1000.0,0.0,0,0
1772021583.492903,1772021583.4518373,675.29296875,816.40625,-1000.0,-271.97265625,0.0,0,0
1772021583.49293,1772021583.455735,-695.80078125,-539.55078125,212.890625,973.14453125,0.0,0,0
1772021583.492958,1772021583.4596329,-1000.0,-1000.0,-764.16015625,-947.75390625,0.0,0,0
1772021583.492984,1772021583.4635308,-196.2890625,-178.7109375,142.08984375,-92.7734375,0.0,0,0
1772021583.493191,1772021583.4674284,-954.58984375,-985.3515625,-1000.0,-1000.0,0.0,0,0
1772021583.4932191,1772021583.4713264,928.22265625,-974.609375,-1000.0,-460.44921875,0.0,0,0
1772021583.553453,1772021583.4753654,-366.2109375,-182.12890625,2.44140625,872.0703125,0.0,0,0
1772021583.5536199,1772021583.479263,-1000.0,-1000.0,-769.53125,-881.8359375,0.0,0,0
1772021583.553666,1772021583.483161,-171.38671875,-183.59375,244.140625,69.3359375,0.0,0,0
1772021583.553709,1772021583.4870589,-995.60546875,993.65234375,-990.234375,-1000.0,0.0,0,0
1772021583.553752,1772021583.4909568,-952.1484375,-934.5703125,-1000.0,-688.96484375,0.0,0,0
1772021583.553793,1772021583.4948545,-76.66015625,30.2734375,-174.8046875,677.24609375,0.0,0,0
1772021583.553836,1772021583.4987524,-1000.0,-1000.0,-813.96484375,-823.73046875,0.0,0,0
1772021583.5538812,1772021583.5026503,-255.859375,-370.60546875,450.68359375,173.828125,0.0,0,0
1772021583.553924,1772021583.506548,964.35546875,916.9921875,-905.2734375,-1000.0,0.0,0,0
1772021583.553965,1772021583.5104458,-912.109375,-890.13671875,-1000.0,-906.25,0.0,0,0
1772021583.554006,1772021583.5143437,127.9296875,222.16796875,-233.88671875,415.52734375,0.0,0,0
1772021583.554048,1772021583.5182414,-1000.0,-1000.0,-883.30078125,-784.66796875,0.0,0,0
1772021583.583404,1772021583.522207,-419.43359375,-579.58984375,685.05859375,149.90234375,0.0,0,0
1772021583.5836039,1772021583.5261047,904.78515625,827.1484375,-709.47265625,-1000.0,0.0,0,0
1772021583.5836558,1772021583.5300026,-885.7421875,-855.46875,-1000.0,-1000.0,0.0,0,0
1772021583.5837,1772021583.5339005,218.75,187.01171875,-199.21875,151.3671875,0.0,0,0
1772021583.5837429,1772021583.5377984,-1000.0,-1000.0,-946.2890625,-758.30078125,0.0,0,0
1772021583.583785,1772021583.541696,-580.078125,-844.7265625,898.4375,193.84765625,0.0,0,0
1772021583.583827,1772021583.545594,826.171875,511.23046875,-398.4375,-1000.0,0.0,0,0
1772021583.5838678,1772021583.549492,-856.4453125,-795.41015625,-1000.0,-1000.0,0.0,0,0
1772021583.583908,1772021583.5533895,186.5234375,150.87890625,-273.92578125,-56.640625,0.0,0,0
1772021583.58395,1772021583.5572875,-1000.0,-1000.0,975.09765625,-784.66796875,0.0,0,0
1772021583.58399,1772021583.5611854,-844.7265625,-1000.0,-953.125,387.20703125,0.0,0,0
1772021583.5840378,1772021583.5650833,510.25390625,157.71484375,-115.234375,-923.33984375,0.0,0,0
1772021583.644609,1772021583.5690389,-795.8984375,-761.23046875,-1000.0,-1000.0,0.0,0,0
1772021583.64474,1772021583.5729368,149.90234375,322.265625,-445.3125,-227.05078125,0.0,0,0
1772021583.644788,1772021583.5768347,-1000.0,-960.9375,879.8828125,-860.3515625,0.0,0,0
1772021583.644831,1772021583.5807323,-1000.0,-1000.0,-886.71875,608.3984375,0.0,0,0
1772021583.644872,1772021583.5846303,144.04296875,-23.4375,59.08203125,-789.55078125,0.0,0,0
1772021583.6449149,1772021583.5885282,-766.11328125,-798.828125,-1000.0,-1000.0,0.0,0,0
1772021583.6449559,1772021583.592426,350.5859375,505.37109375,-658.69140625,-177.734375,0.0,0,0
1772021583.644999,1772021583.5963237,-978.515625,-893.5546875,712.40234375,996.58203125,0.0,0,0
1772021583.645042,1772021583.6002216,-1000.0,-1000.0,-833.984375,-961.9140625,0.0,0,0
1772021583.645082,1772021583.6041195,169.43359375,80.078125,165.52734375,-78.61328125,0.0,0,0
1772021583.6451242,1772021583.6080174,-700.1953125,-709.9609375,-1000.0,-1000.0,0.0,0,0
1772021583.645164,1772021583.611915,-11.71875,-2.9296875,-545.8984375,-681.15234375,0.0,0,0
1772021583.688846,1772021583.615929,-290.0390625,-295.41015625,-917.96875,652.83203125,0.0,0,0
1772021583.6889532,1772021583.6198266,-940.91796875,-939.453125,212.890625,-821.2890625,0.0,0,0
1772021583.688983,1772021583.6237245,982.421875,982.91015625,-1000.0,184.5703125,0.0,0,0
1772021583.689012,1772021583.6276224,937.5,937.98828125,-968.26171875,-1000.0,0.0,0,0
1772021583.689039,1772021583.6315203,978.02734375,979.00390625,-1000.0,-788.0859375,0.0,0,0
1772021583.689066,1772021583.6354182,971.19140625,972.16796875,277.34375,563.96484375,0.0,0,0
1772021583.6890938,1772021583.639316,971.19140625,972.16796875,69.3359375,-809.08203125,0.0,0,0
1772021583.689121,1772021583.6432137,971.19140625,971.6796875,-1000.0,341.796875,0.0,0,0
1772021583.689147,1772021583.6471117,971.19140625,971.6796875,-930.17578125,-1000.0,0.0,0,0
1772021583.689174,1772021583.6510096,971.19140625,972.16796875,-1000.0,-974.12109375,0.0,0,0
1772021583.6892002,1772021583.6549075,972.16796875,974.12109375,203.61328125,339.35546875,0.0,0,0
1772021583.689228,1772021583.6588054,958.984375,955.56640625,160.15625,-787.109375,0.0,0,0
1772021583.733601,1772021583.662812,944.3359375,948.73046875,-1000.0,432.12890625,0.0,0,0
1772021583.733771,1772021583.66671,-880.859375,-880.37109375,-1000.0,-909.1796875,0.0,0,0
1772021583.73382,1772021583.6706078,17.08984375,-106.93359375,-867.1875,-1000.0,0.0,0,0
1772021583.733865,1772021583.6745057,97.65625,-4.8828125,62.01171875,73.73046875,0.0,0,0
1772021583.733908,1772021583.6784036,-928.22265625,-928.22265625,-650.87890625,-824.70703125,0.0,0,0
1772021583.733952,1772021583.6823015,-931.640625,-939.94140625,-1000.0,658.203125,0.0,0,0
1772021583.733993,1772021583.6861992,349.12109375,534.1796875,-1000.0,-689.453125,0.0,0,0
1772021583.7340338,1772021583.690097,-1000.0,-1000.0,-591.30859375,-1000.0,0.0,0,0
1772021583.7340732,1772021583.693995,-218.26171875,-229.4921875,689.94140625,-113.28125,0.0,0,0
1772021583.7341151,1772021583.697893,-985.3515625,-963.8671875,-492.67578125,-894.04296875,0.0,0,0
1772021583.734157,1772021583.7017908,-916.50390625,-923.828125,-1000.0,802.24609375,0.0,0,0
1772021583.734198,1772021583.7056887,225.5859375,243.65234375,-1000.0,-532.2265625,0.0,0,0
1772021583.778482,1772021583.7096872,-1000.0,-1000.0,-276.3671875,-1000.0,0.0,0,0
1772021583.778589,1772021583.7135851,-202.1484375,-199.21875,-849.609375,-178.7109375,0.0,0,0
1772021583.7786272,1772021583.717483,-993.1640625,-997.55859375,-56.640625,-985.3515625,0.0,0,0
1772021583.778663,1772021583.721381,-926.7578125,-920.8984375,-1000.0,-973.6328125,0.0,0,0
1772021583.7786958,1772021583.7252789,237.3046875,335.9375,-1000.0,-183.10546875,0.0,0,0
1772021583.778728,1772021583.7291768,-1000.0,-1000.0,-220.703125,-1000.0,0.0,0,0
1772021583.778759,1772021583.7330747,-491.69921875,-406.25,-810.05859375,-167.96875,0.0,0,0
1772021583.778792,1772021583.7369726,882.8125,931.15234375,195.80078125,998.53515625,0.0,0,0
1772021583.7788239,1772021583.7408705,-876.46484375,-897.94921875,-1000.0,-936.03515625,0.0,0,0
1772021583.778857,1772021583.7447684,205.078125,386.23046875,-1000.0,30.76171875,0.0,0,0
1772021583.7789178,1772021583.7486663,-1000.0,-1000.0,4.39453125,-1000.0,0.0,0,0
1772021583.778986,1772021583.7525642,-718.26171875,-601.5625,-785.64453125,-354.4921875,0.0,0,0
1772021583.824081,1772021583.7565584,672.8515625,833.49609375,335.44921875,923.828125,0.0,0,0
1772021583.8243682,1772021583.7604563,-823.73046875,-858.88671875,-1000.0,-892.578125,0.0,0,0
1772021583.8244312,1772021583.7643542,189.94140625,302.734375,-885.25390625,223.14453125,0.0,0,0
1772021583.8244832,1772021583.768252,-1000.0,-1000.0,460.9375,-1000.0,0.0,0,0
1772021583.824524,1772021583.7721498,-951.171875,-852.05078125,-807.12890625,-560.05859375,0.0,0,0
1772021583.824578,1772021583.7760477,328.125,508.7890625,441.40625,839.35546875,0.0,0,0
1772021583.8246222,1772021583.7799456,-776.3671875,-802.734375,-957.03125,-859.86328125,0.0,0,0
1772021583.824665,1772021583.7838435,338.8671875,401.85546875,-994.140625,189.94140625,0.0,0,0
1772021583.824737,1772021583.7877414,-957.51953125,-925.29296875,369.62890625,-1000.0,0.0,0,0
1772021583.8247948,1772021583.7916393,-1000.0,-1000.0,-891.6015625,-828.125,0.0,0,0
1772021583.8248289,1772021583.7955372,56.640625,90.8203125,857.91015625,532.2265625,0.0,0,0
1772021583.824862,1772021583.7994351,-791.015625,-789.55078125,-452.1484375,-799.31640625,0.0,0,0
1772021583.868352,1772021583.8034165,518.5546875,518.06640625,-1000.0,153.80859375,0.0,0,0
1772021583.868535,1772021583.8073144,-841.796875,-842.28515625,255.859375,-1000.0,0.0,0,0
1772021583.868583,1772021583.8112123,-1000.0,-1000.0,-932.12890625,-1000.0,0.0,0,0
1772021583.868845,1772021583.8151102,-125.48828125,-104.98046875,-985.83984375,187.5,0.0,0,0
1772021583.8688939,1772021583.819008,-859.86328125,-855.46875,-158.69140625,-760.7421875,0.0,0,0
1772021583.868938,1772021583.822906,675.29296875,673.33984375,-1000.0,240.72265625,0.0,0,0
1772021583.86898,1772021583.826804,-695.80078125,-694.3359375,249.0234375,-996.58203125,0.0,0,0
1772021583.869023,1772021583.8307018,-1000.0,-1000.0,-930.17578125,-1000.0,0.0,0,0
1772021583.869062,1772021583.8345997,-209.47265625,-207.03125,-965.8203125,-16.6015625,0.0,0,0
1772021583.8691041,1772021583.8384976,-919.921875,-923.828125,-71.2890625,-785.15625,0.0,0,0
1772021583.8691452,1772021583.8423955,815.4296875,830.56640625,-1000.0,435.05859375,0.0,0,0
1772021583.8691862,1772021583.8462934,-539.55078125,-517.578125,188.4765625,-898.92578125,0.0,0,0
1772021583.913283,1772021583.8502665,-1000.0,-1000.0,-933.10546875,-1000.0,0.0,0,0
1772021583.9134731,1772021583.8541644,-179.19921875,-180.6640625,-958.49609375,-179.19921875,0.0,0,0
1772021583.913525,1772021583.8580623,-985.83984375,-980.46875,20.5078125,-863.28125,0.0,0,0
1772021583.913569,1772021583.8619602,-974.12109375,-987.3046875,-1000.0,654.78515625,0.0,0,0
1772021583.9136121,1772021583.865858,-183.59375,-203.61328125,55.17578125,-729.00390625,0.0,0,0
1772021583.913656,1772021583.8697562,-1000.0,-1000.0,-947.75390625,-1000.0,0.0,0,0
1772021583.9136949,1772021583.8736541,-169.43359375,-202.63671875,-948.2421875,-205.56640625,0.0,0,0
1772021583.913738,1772021583.877552,-1000.0,993.1640625,132.8125,-932.12890625,0.0,0,0
1772021583.913781,1772021583.88145,-944.3359375,-944.3359375,-1000.0,856.93359375,0.0,0,0
1772021583.9138298,1772021583.8853478,-1.953125,-37.109375,-161.1328125,-476.5625,0.0,0,0
1772021583.9138718,1772021583.8892457,-1000.0,-1000.0,-936.5234375,-1000.0,0.0,0,0
1772021583.913911,1772021583.8931437,-797.36328125,-812.98828125,894.53125,-151.3671875,0.0,0,0
1772021583.959161,1772021583.897108,582.51953125,555.6640625,-925.78125,-967.28515625,0.0,0,0
1772021583.959352,1772021583.901006,-926.26953125,-921.875,92.28515625,955.56640625,0.0,0,0
1772021583.9594162,1772021583.904904,841.796875,905.2734375,-1000.0,944.82421875,0.0,0,0
1772021583.959476,1772021583.908802,-881.34765625,979.00390625,-970.21484375,978.515625,0.0,0,0
1772021583.959536,1772021583.9127,209.47265625,978.515625,-980.95703125,971.6796875,0.0,0,0
1772021583.959594,1772021583.9165978,-1000.0,970.21484375,-1000.0,972.16796875,0.0,0,0
1772021583.95965,1772021583.9204957,-1000.0,872.55859375,-1000.0,972.16796875,0.0,0,0
1772021583.959705,1772021583.9243937,52.734375,938.96484375,-1000.0,971.6796875,0.0,0,0
1772021583.959761,1772021583.9282916,-766.11328125,909.1796875,-921.38671875,971.6796875,0.0,0,0
1772021583.959819,1772021583.9321895,140.625,-821.77734375,-1000.0,971.6796875,0.0,0,0
1772021583.9598742,1772021583.9360874,-1000.0,73.73046875,-235.83984375,971.6796875,0.0,0,0
1772021583.959931,1772021583.9399853,-1000.0,-667.96875,919.921875,972.16796875,0.0,0,0
1772021584.017405,1772021583.9439433,-163.0859375,879.8828125,-519.53125,972.16796875,0.0,0,0
1772021584.01751,1772021583.9478412,-799.8046875,979.98046875,-1000.0,971.6796875,0.0,0,0
1772021584.01754,1772021583.951739,354.4921875,-912.109375,-1000.0,971.6796875,0.0,0,0
1772021584.017568,1772021583.9556372,-952.63671875,188.4765625,-165.52734375,972.16796875,0.0,0,0
1772021584.017597,1772021583.9595351,-1000.0,-1000.0,-793.45703125,971.6796875,0.0,0,0
1772021584.017623,1772021583.963433,-250.48828125,390.13671875,116.2109375,971.6796875,0.0,0,0
1772021584.0176508,1772021583.967331,-850.5859375,-938.96484375,-1000.0,971.6796875,0.0,0,0
1772021584.017678,1772021583.9712288,550.78125,-951.171875,-1000.0,971.6796875,0.0,0,0
1772021584.017706,1772021583.9751267,-855.46875,241.69921875,-40.0390625,972.16796875,0.0,0,0
1772021584.017733,1772021583.9790246,-1000.0,-1000.0,-777.34375,972.16796875,0.0,0,0
1772021584.017759,1772021583.9829226,-215.33203125,2.9296875,157.2265625,971.6796875,0.0,0,0
1772021584.017786,1772021583.9868207,-920.8984375,-945.80078125,-1000.0,971.6796875,0.0,0,0
1772021584.06409,1772021583.9907687,815.4296875,-940.4296875,-1000.0,987.3046875,0.0,0,0
1772021584.0642729,1772021583.9946666,-539.55078125,241.2109375,-61.5234375,904.296875,0.0,0,0
1772021584.064322,1772021583.9985645,-1000.0,-1000.0,-786.1328125,-876.953125,0.0,0,0
1772021584.0643651,1772021584.0024624,-178.7109375,-201.66015625,426.26953125,568.359375,0.0,0,0
1772021584.064409,1772021584.0063603,-985.83984375,-992.1875,-913.0859375,27.34375,0.0,0,0
1772021584.064451,1772021584.0102582,-979.4921875,-913.0859375,-1000.0,970.703125,0.0,0,0
1772021584.0644941,1772021584.014156,-177.24609375,226.07421875,-127.9296875,950.68359375,0.0,0,0
1772021584.064537,1772021584.0180542,-1000.0,-1000.0,-873.046875,-959.47265625,0.0,0,0
1772021584.0645802,1772021584.0219522,-268.06640625,-201.66015625,734.375,708.0078125,0.0,0,0
1772021584.064634,1772021584.02585,964.35546875,-992.1875,-619.140625,-902.34375,0.0,0,0
1772021584.064675,1772021584.029748,-924.8046875,-922.36328125,-1000.0,-44.43359375,0.0,0,0
1772021584.064717,1772021584.0336459,25.390625,236.328125,-182.12890625,-903.3203125,0.0,0,0
1772021584.109947,1772021584.037656,-1000.0,-1000.0,-982.91015625,962.40234375,0.0,0,0
1772021584.1101172,1772021584.041554,-464.35546875,-395.5078125,-985.83984375,843.75,0.0,0,0
1772021584.110167,1772021584.0454519,867.67578125,928.7109375,-205.56640625,-768.5546875,0.0,0,0
1772021584.110212,1772021584.0493498,-872.0703125,-893.5546875,-1000.0,-636.71875,0.0,0,0
1772021584.1102562,1772021584.0532477,205.078125,269.53125,-167.48046875,903.3203125,0.0,0,0
1772021584.1102989,1772021584.0571458,-1000.0,-1000.0,997.55859375,-955.078125,0.0,0,0
1772021584.11034,1772021584.0610437,-719.23828125,-628.41796875,-927.24609375,820.3125,0.0,0,0
1772021584.110382,1772021584.0649416,674.8046875,766.6015625,21.484375,-521.484375,0.0,0,0
1772021584.110425,1772021584.0688396,-824.21875,-845.21484375,-1000.0,-1000.0,0.0,0,0
1772021584.110465,1772021584.0727375,166.9921875,368.1640625,-174.31640625,212.40234375,0.0,0,0
1772021584.110508,1772021584.0766356,-1000.0,-999.0234375,992.67578125,-874.51171875,0.0,0,0
1772021584.110549,1772021584.0805335,-957.03125,-975.09765625,-916.50390625,862.3046875,0.0,0,0
1772021584.154033,1772021584.0845351,336.9140625,344.7265625,234.375,-407.71484375,0.0,0,0
1772021584.1542132,1772021584.088433,-773.92578125,-790.0390625,-1000.0,-1000.0,0.0,0,0
1772021584.154264,1772021584.0923312,142.578125,453.125,-362.79296875,25.87890625,0.0,0,0
1772021584.154309,1772021584.096229,-1000.0,-895.99609375,947.265625,-935.546875,0.0,0,0
1772021584.1543522,1772021584.100127,-1000.0,-1000.0,-899.90234375,999.0234375,0.0,0,0
1772021584.1543949,1772021584.104025,43.45703125,75.1953125,224.609375,-167.96875,0.0,0,0
1772021584.1544461,1772021584.107923,-767.578125,-824.70703125,-1000.0,-1000.0,0.0,0,0
1772021584.154488,1772021584.111821,338.37890625,656.73828125,-540.0390625,-170.8984375,0.0,0,0
1772021584.154536,1772021584.1157188,-948.73046875,-687.01171875,852.05078125,-996.58203125,0.0,0,0
1772021584.1545799,1772021584.1196167,-1000.0,-1000.0,-865.72265625,-935.05859375,0.0,0,0
1772021584.15462,1772021584.123515,-131.8359375,-129.8828125,200.1953125,-16.6015625,0.0,0,0
1772021584.1546628,1772021584.1274128,-828.125,-936.03515625,-1000.0,-1000.0,0.0,0,0
1772021584.199189,1772021584.1314013,566.40625,917.96875,-722.65625,-176.26953125,0.0,0,0
1772021584.199355,1772021584.1352994,-812.01171875,-362.79296875,650.390625,998.53515625,0.0,0,0
1772021584.19942,1772021584.1391973,-1000.0,-1000.0,-821.2890625,-920.41015625,0.0,0,0
1772021584.199478,1772021584.1430953,-208.0078125,-177.24609375,332.03125,130.37109375,0.0,0,0
1772021584.1995368,1772021584.1469934,-937.01171875,-983.3984375,-1000.0,-1000.0,0.0,0,0
1772021584.199593,1772021584.1508913,867.67578125,-968.75,-985.3515625,-287.109375,0.0,0,0
1772021584.199651,1772021584.1547892,-458.984375,-163.57421875,313.4765625,965.8203125,0.0,0,0
1772021584.199708,1772021584.1586874,-1000.0,-1000.0,-787.109375,-907.2265625,0.0,0,0
1772021584.199893,1772021584.1625853,-176.7578125,-169.43359375,456.54296875,229.98046875,0.0,0,0
1772021584.199958,1772021584.1664832,-987.79296875,-1000.0,-890.13671875,-1000.0,0.0,0,0
1772021584.200015,1772021584.170381,-972.16796875,-937.01171875,-1000.0,-491.2109375,0.0,0,0
1772021584.200072,1772021584.1742792,-148.4375,31.73828125,47.8515625,883.30078125,0.0,0,0
1772021584.2438169,1772021584.1782608,-1000.0,-1000.0,-828.61328125,-875.9765625,0.0,0,0
1772021584.244009,1772021584.1821587,-270.5078125,-370.60546875,660.15625,205.078125,0.0,0,0
1772021584.2440598,1772021584.1860566,965.8203125,916.9921875,-689.453125,-1000.0,0.0,0,0
1772021584.244104,1772021584.1899548,-923.828125,-890.13671875,-1000.0,-719.23828125,0.0,0,0
1772021584.2441459,1772021584.1938527,24.4140625,221.6796875,-124.51171875,674.8046875,0.0,0,0
1772021584.244189,1772021584.1977506,-1000.0,-1000.0,-927.24609375,-823.73046875,0.0,0,0
1772021584.244273,1772021584.2016487,-436.5234375,-579.58984375,895.01953125,167.48046875,0.0,0,0
1772021584.2443368,1772021584.2055466,882.32421875,826.66015625,-395.5078125,-1000.0,0.0,0,0
1772021584.244384,1772021584.2094445,-877.9296875,-855.46875,-1000.0,-947.75390625,0.0,0,0
1772021584.244426,1772021584.2133427,212.40234375,187.01171875,-175.78125,327.1484375,0.0,0,0
1772021584.244469,1772021584.2172406,-1000.0,-1000.0,-987.79296875,-774.90234375,0.0,0,0
1772021584.24451,1772021584.2211387,-637.6953125,-844.7265625,-962.40234375,338.8671875,0.0,0,0
1772021584.2882571,1772021584.22511,763.671875,511.23046875,-139.6484375,-957.51953125,0.0,0,0
1772021584.288397,1772021584.229008,-844.23828125,-794.921875,-1000.0,-1000.0,0.0,0,0
1772021584.28846,1772021584.232906,183.59375,150.390625,-171.38671875,56.640625,0.0,0,0
1772021584.288501,1772021584.236804,-1000.0,-1000.0,-998.53515625,-783.69140625,0.0,0,0
1772021584.288535,1772021584.240702,-844.7265625,-1000.0,-934.08203125,464.35546875,0.0,0,0
1772021584.288568,1772021584.2446,510.25390625,148.4375,28.80859375,-875.9765625,0.0,0,0
1772021584.288602,1772021584.248498,-795.8984375,-757.32421875,-1000.0,-1000.0,0.0,0,0
1772021584.288633,1772021584.252396,149.90234375,241.2109375,-306.15234375,-136.71875,0.0,0,0
1772021584.288667,1772021584.256294,-1000.0,-992.67578125,945.3125,-860.3515625,0.0,0,0
1772021584.288699,1772021584.260192,-1000.0,-1000.0,-900.390625,677.24609375,0.0,0,0
1772021584.2887301,1772021584.26409,144.04296875,-53.7109375,221.6796875,-696.2890625,0.0,0,0
1772021584.2887628,1772021584.267988,-761.23046875,-789.55078125,-1000.0,-1000.0,0.0,0,0
1772021584.33313,1772021584.2719522,335.44921875,435.546875,-508.30078125,-195.80078125,0.0,0,0
1772021584.333299,1772021584.27585,-951.66015625,-896.484375,871.09375,-954.1015625,0.0,0,0
1772021584.333348,1772021584.2797482,-1000.0,-1000.0,-872.0703125,928.22265625,0.0,0,0
1772021584.3333912,1772021584.283646,-45.8984375,-233.88671875,203.61328125,-366.2109375,0.0,0,0
1772021584.3334348,1772021584.2875443,-803.7109375,-884.27734375,-1000.0,-1000.0,0.0,0,0
1772021584.333479,1772021584.2914422,523.4375,690.91796875,-721.19140625,-175.29296875,0.0,0,0
1772021584.3335218,1772021584.29534,-840.33203125,-703.61328125,672.36328125,-987.79296875,0.0,0,0
1772021584.333565,1772021584.2992382,-1000.0,-1000.0,-823.2421875,-969.23828125,0.0,0,0
1772021584.333606,1772021584.303136,-215.33203125,-195.80078125,167.48046875,-122.55859375,0.0,0,0
1772021584.333649,1772021584.3070343,-920.8984375,-953.61328125,-1000.0,-1000.0,0.0,0,0
1772021584.333689,1772021584.3109322,815.91796875,928.7109375,-950.1953125,-354.00390625,0.0,0,0
1772021584.3337321,1772021584.3148303,-539.55078125,-366.2109375,329.58984375,932.12890625,0.0,0,0
1772021584.393319,1772021584.3187888,-1000.0,-1000.0,-772.4609375,-912.109375,0.0,0,0
1772021584.393514,1772021584.322687,-178.7109375,-171.38671875,277.34375,18.5546875,0.0,0,0
1772021584.3935812,1772021584.3265848,-985.83984375,-994.140625,-984.375,-1000.0,0.0,0,0
1772021584.393731,1772021584.3304827,-974.12109375,-957.51953125,-1000.0,-552.24609375,0.0,0,0
1772021584.3937979,1772021584.3343809,-183.59375,-75.68359375,51.7578125,811.5234375,0.0,0,0
1772021584.393846,1772021584.3382788,-1000.0,-1000.0,-777.83203125,-851.07421875,0.0,0,0
1772021584.393888,1772021584.342177,-168.45703125,-369.140625,433.10546875,186.5234375,0.0,0,0
1772021584.393932,1772021584.3460748,998.53515625,923.33984375,-896.97265625,-1000.0,0.0,0,0
1772021584.393974,1772021584.349973,-937.5,-902.34375,-1000.0,-844.7265625,0.0,0,0
1772021584.394016,1772021584.3538709,31.25,73.2421875,-131.8359375,510.7421875,0.0,0,0
1772021584.394058,1772021584.357769,-1000.0,-1000.0,-857.421875,-795.41015625,0.0,0,0
1772021584.3940978,1772021584.361667,-371.09375,-559.08203125,676.26953125,149.90234375,0.0,0,0
1772021584.439129,1772021584.365618,916.50390625,815.91796875,-695.80078125,-1000.0,0.0,0,0
1772021584.439321,1772021584.3695161,-890.625,-852.05078125,-1000.0,-1000.0,0.0,0,0
1772021584.4393659,1772021584.373414,221.19140625,187.01171875,-197.265625,154.78515625,0.0,0,0
1772021584.43941,1772021584.3773122,-1000.0,-1000.0,-950.68359375,-759.27734375,0.0,0,0
1772021584.439452,1772021584.38121,-580.078125,-844.7265625,917.96875,139.16015625,0.0,0,0
1772021584.439494,1772021584.3851082,826.171875,511.23046875,-382.32421875,-1000.0,0.0,0,0
1772021584.4395351,1772021584.3890061,-853.02734375,-788.0859375,-1000.0,-1000.0,0.0,0,0
1772021584.4395761,1772021584.3929043,173.33984375,123.046875,-151.3671875,-56.15234375,0.0,0,0
1772021584.439618,1772021584.3968022,-1000.0,-1000.0,-964.35546875,-776.3671875,0.0,0,0
1772021584.439658,1772021584.4007003,-824.70703125,-984.375,955.56640625,244.140625,0.0,0,0
1772021584.439701,1772021584.4045982,-391.6015625,-973.14453125,944.82421875,-1000.0,0.0,0,0
1772021584.439743,1772021584.4084964,-946.2890625,-1000.0,979.00390625,-940.4296875,0.0,0,0
1772021584.4838872,1772021584.4125013,-1000.0,-1000.0,972.16796875,-1000.0,0.0,0,0
1772021584.48408,1772021584.4163995,-1000.0,-1000.0,971.6796875,104.4921875,0.0,0,0
1772021584.484143,1772021584.4202974,-351.5625,-1000.0,972.16796875,611.81640625,0.0,0,0
1772021584.484194,1772021584.4241955,-370.60546875,-1000.0,972.16796875,-964.35546875,0.0,0,0
1772021584.484237,1772021584.4280934,-1000.0,-1000.0,972.16796875,-1000.0,0.0,0,0
1772021584.484277,1772021584.4319916,-1000.0,-1000.0,971.6796875,-1000.0,0.0,0,0
1772021584.4843168,1772021584.4358895,-347.65625,-1000.0,972.16796875,71.2890625,0.0,0,0
1772021584.4843578,1772021584.4397876,-893.5546875,-1000.0,972.16796875,955.078125,0.0,0,0
1772021584.484401,1772021584.4436855,-118.1640625,-1000.0,972.16796875,-611.81640625,0.0,0,0
1772021584.4845,1772021584.4475837,-1000.0,-1000.0,972.16796875,-1000.0,0.0,0,0
1772021584.4845471,1772021584.4514816,-1000.0,-1000.0,972.16796875,-1000.0,0.0,0,0
1772021584.484589,1772021584.4553797,-268.06640625,-1000.0,972.16796875,-42.96875,0.0,0,0
1772021584.529251,1772021584.459377,-829.1015625,-1000.0,971.6796875,-841.30859375,0.0,0,0
1772021584.5294669,1772021584.4632752,83.984375,-1000.0,971.6796875,-250.48828125,0.0,0,0
1772021584.529525,1772021584.467173,-1000.0,-1000.0,972.16796875,-1000.0,0.0,0,0
1772021584.529567,1772021584.4710712,-1000.0,-1000.0,972.16796875,-1000.0,0.0,0,0
1772021584.5296068,1772021584.4749691,-58.10546875,-1000.0,971.6796875,-69.3359375,0.0,0,0
1772021584.5296488,1772021584.4788673,-777.34375,-1000.0,971.6796875,-779.78515625,0.0,0,0
1772021584.529691,1772021584.4827654,151.3671875,-1000.0,980.46875,50.29296875,0.0,0,0
1772021584.529732,1772021584.4866633,-1000.0,-1000.0,937.98828125,-1000.0,0.0,0,0
1772021584.529771,1772021584.4905615,-1000.0,-1000.0,964.35546875,-1000.0,0.0,0,0
1772021584.52981,1772021584.4944594,-152.83203125,-1000.0,-943.359375,-162.59765625,0.0,0,0
1772021584.529852,1772021584.4983575,-798.828125,-1000.0,-448.2421875,-795.8984375,0.0,0,0
1772021584.5298932,1772021584.5022554,158.203125,-1000.0,-552.734375,158.69140625,0.0,0,0
1772021584.573556,1772021584.5062454,-1000.0,-1000.0,960.9375,-1000.0,0.0,0,0
1772021584.573728,1772021584.5101435,-1000.0,-974.12109375,-878.90625,-1000.0,0.0,0,0
1772021584.573925,1772021584.5140417,-264.6484375,-1000.0,172.36328125,-254.39453125,0.0,0,0
1772021584.573972,1772021584.5179396,-826.66015625,-902.34375,-1000.0,-825.1953125,0.0,0,0
1772021584.574016,1772021584.5218377,369.140625,-642.578125,-1000.0,172.8515625,0.0,0,0
1772021584.574058,1772021584.5257359,-960.44921875,-959.47265625,138.18359375,-1000.0,0.0,0,0
1772021584.5740988,1772021584.5296338,-1000.0,-982.91015625,-762.6953125,-1000.0,0.0,0,0
1772021584.5741389,1772021584.533532,-250.48828125,-1000.0,128.41796875,-262.6953125,0.0,0,0
1772021584.5741801,1772021584.5374298,-850.5859375,83.49609375,-1000.0,-824.70703125,0.0,0,0
1772021584.5742211,1772021584.541328,550.78125,293.45703125,-1000.0,320.80078125,0.0,0,0
1772021584.574262,1772021584.545226,-855.46875,-1000.0,-276.85546875,-981.4453125,0.0,0,0
1772021584.5743082,1772021584.549124,-1000.0,-978.515625,-834.9609375,-1000.0,0.0,0,0
1772021584.618465,1772021584.5531058,-207.51953125,-1000.0,139.6484375,-254.39453125,0.0,0,0
1772021584.618655,1772021584.5570037,-942.87109375,350.09765625,-1000.0,-848.14453125,0.0,0,0
1772021584.618707,1772021584.5609019,876.953125,497.0703125,-996.09375,545.8984375,0.0,0,0
1772021584.618753,1772021584.5648,-420.41015625,-1000.0,-980.46875,-849.12109375,0.0,0,0
1772021584.618796,1772021584.568698,-1000.0,-980.46875,528.80859375,-1000.0,0.0,0,0
1772021584.6188512,1772021584.572596,-367.67578125,-1000.0,308.10546875,-314.94140625,0.0,0,0
1772021584.618894,1772021584.5764942,926.7578125,265.625,-1000.0,-954.1015625,0.0,0,0
1772021584.618943,1772021584.5803921,-929.19921875,842.28515625,-914.0625,819.3359375,0.0,0,0
1772021584.618986,1772021584.5842903,-85.9375,-782.71484375,-1000.0,-535.64453125,0.0,0,0
1772021584.619037,1772021584.5881884,-1000.0,-1000.0,-71.77734375,-1000.0,0.0,0,0
1772021584.619076,1772021584.5920863,-541.9921875,-1000.0,283.69140625,-466.796875,0.0,0,0
1772021584.619117,1772021584.5959845,804.19921875,51.7578125,-1000.0,887.6953125,0.0,0,0
1772021584.66383,1772021584.5999565,-843.75,-815.4296875,-929.6875,-932.12890625,0.0,0,0
1772021584.66402,1772021584.6038544,159.1796875,-235.83984375,-1000.0,-185.546875,0.0,0,0
1772021584.664086,1772021584.6077526,-1000.0,-1000.0,-549.31640625,-1000.0,0.0,0,0
1772021584.664132,1772021584.6116507,-1000.0,-1000.0,695.3125,-674.31640625,0.0,0,0
1772021584.664175,1772021584.6155486,143.5546875,-281.73828125,-512.6953125,647.94921875,0.0,0,0
1772021584.6642199,1772021584.6194468,-761.23046875,-817.87109375,-1000.0,-806.640625,0.0,0,0
1772021584.664263,1772021584.623345,349.12109375,203.125,-856.93359375,125.9765625,0.0,0,0
1772021584.664306,1772021584.6272428,-983.3984375,-1000.0,-1000.0,-1000.0,0.0,0,0
1772021584.6643462,1772021584.631141,-1000.0,-981.93359375,-218.26171875,-984.375,0.0,0,0
1772021584.6643882,1772021584.635039,-905.76171875,-970.703125,-957.51953125,-973.14453125,0.0,0,0
1772021584.664432,1772021584.6389372,-1000.0,-1000.0,890.625,-1000.0,0.0,0,0
1772021584.664473,1772021584.6428351,-135.7421875,-1000.0,-851.07421875,-1000.0,0.0,0,0
1772021584.721628,1772021584.6468003,-834.47265625,-1000.0,26.3671875,-1000.0,0.0,0,0
1772021584.721725,1772021584.6506984,669.921875,-1000.0,-357.421875,-1000.0,0.0,0,0
1772021584.7217689,1772021584.6545966,-692.3828125,-1000.0,980.95703125,-1000.0,0.0,0,0
1772021584.721806,1772021584.6584947,-1000.0,-1000.0,-957.51953125,-1000.0,0.0,0,0
1772021584.7218409,1772021584.6623926,-182.12890625,-1000.0,809.5703125,-1000.0,0.0,0,0
1772021584.721876,1772021584.6662908,-988.76953125,-1000.0,-669.921875,-1000.0,0.0,0,0
1772021584.721911,1772021584.670189,-974.12109375,-1000.0,-946.2890625,-1000.0,0.0,0,0
1772021584.721945,1772021584.674087,-183.59375,-1000.0,545.41015625,-1000.0,0.0,0,0
1772021584.721979,1772021584.677985,-1000.0,-1000.0,-838.8671875,-1000.0,0.0,0,0
1772021584.7220118,1772021584.681883,-168.45703125,-1000.0,612.3046875,-1000.0,0.0,0,0
1772021584.722046,1772021584.6857812,998.046875,-1000.0,-713.37890625,-1000.0,0.0,0,0
1772021584.722097,1772021584.6896791,-933.10546875,-1000.0,-1000.0,-1000.0,0.0,0,0
