{
  "final_metrics": {
    "loss": 0.9081396394305759,
    "accuracy": 0.5271317829457365,
    "precision": 0.3684210526315789,
    "recall": 0.27450980392156865,
    "f1": 0.3146067415730337,
    "auc": 0.5130718954248366
  },
  "feature_importance": {
    "TP9_delta": 16.58876609802246,
    "TP9_theta": 30.008892059326172,
    "TP9_alpha": 21.6106014251709,
    "TP9_beta": 42.279258728027344,
    "TP9_low_gamma": 10.88741683959961,
    "TP9_high_gamma": 30.72416114807129,
    "TP9_very_high": 5.216473579406738,
    "AF7_delta": 90.1170883178711,
    "AF7_theta": 12.544817924499512,
    "AF7_alpha": 51.910430908203125,
    "AF7_beta": 8.024120330810547,
    "AF7_low_gamma": 29.337078094482422,
    "AF7_high_gamma": 70.7619400024414,
    "AF7_very_high": 55.595802307128906,
    "AF8_delta": 64.17945861816406,
    "AF8_theta": 100.0,
    "AF8_alpha": 12.600144386291504,
    "AF8_beta": 59.87289047241211,
    "AF8_low_gamma": 10.433757781982422,
    "AF8_high_gamma": 22.98908042907715,
    "AF8_very_high": 2.0910651683807373,
    "TP10_delta": 30.87833595275879,
    "TP10_theta": 19.685731887817383,
    "TP10_alpha": 10.885170936584473,
    "TP10_beta": 22.582971572875977,
    "TP10_low_gamma": 44.37922286987305,
    "TP10_high_gamma": 15.222122192382812,
    "TP10_very_high": 15.261539459228516
  },
  "electrode_band_importance": {
    "TP9": {
      "delta": 16.58876609802246,
      "theta": 30.008892059326172,
      "alpha": 21.6106014251709,
      "beta": 42.279258728027344,
      "low_gamma": 10.88741683959961,
      "high_gamma": 30.72416114807129,
      "very_high": 5.216473579406738
    },
    "AF7": {
      "delta": 90.1170883178711,
      "theta": 12.544817924499512,
      "alpha": 51.910430908203125,
      "beta": 8.024120330810547,
      "low_gamma": 29.337078094482422,
      "high_gamma": 70.7619400024414,
      "very_high": 55.595802307128906
    },
    "AF8": {
      "delta": 64.17945861816406,
      "theta": 100.0,
      "alpha": 12.600144386291504,
      "beta": 59.87289047241211,
      "low_gamma": 10.433757781982422,
      "high_gamma": 22.98908042907715,
      "very_high": 2.0910651683807373
    },
    "TP10": {
      "delta": 30.87833595275879,
      "theta": 19.685731887817383,
      "alpha": 10.885170936584473,
      "beta": 22.582971572875977,
      "low_gamma": 44.37922286987305,
      "high_gamma": 15.222122192382812,
      "very_high": 15.261539459228516
    }
  },
  "training_config": {
    "epochs": 100,
    "batch_size": 16,
    "learning_rate": 0.002,
    "balanced": true,
    "train_samples": 192,
    "val_samples": 129
  },
  "timestamp": "2025-12-11T19:54:36.347900"
}