timestamp,lsl_timestamp,TP9,AF7,AF8,TP10,Right AUX,keypress_A,keypress_B
1772214069.431366,1772214069.3681474,985.3515625,76.171875,124.0234375,93.26171875,0.0,0,0
1772214069.431495,1772214069.3720417,790.0390625,20.5078125,0.9765625,96.6796875,0.0,0,0
1772214069.431529,1772214069.375936,-430.17578125,-51.7578125,-261.71875,-9.27734375,0.0,0,0
1772214069.4315572,1772214069.3798304,-1000.0,-45.41015625,-289.55078125,-64.453125,0.0,0,0
1772214069.4315782,1772214069.3837245,-435.546875,40.0390625,-49.31640625,-19.04296875,0.0,0,0
1772214069.4315991,1772214069.3876188,872.55859375,92.28515625,159.66796875,80.078125,0.0,0,0
1772214069.4316192,1772214069.391513,921.38671875,37.59765625,72.75390625,96.19140625,0.0,0,0
1772214069.431638,1772214069.3954074,-279.78515625,-42.96875,-186.5234375,-4.8828125,0.0,0,0
1772214069.431658,1772214069.3993018,-1000.0,-57.6171875,-301.7578125,-84.47265625,0.0,0,0
1772214069.431678,1772214069.403196,-594.23828125,2.44140625,-140.625,-37.59765625,0.0,0,0
1772214069.4316978,1772214069.4070904,660.64453125,58.59375,70.80078125,72.75390625,0.0,0,0
1772214069.4317179,1772214069.4109845,-959.9609375,33.203125,44.43359375,91.796875,0.0,0,0
1772214069.4893818,1772214069.414976,-106.4453125,-28.80859375,-178.22265625,8.7890625,0.0,0,0
1772214069.489481,1772214069.4188702,-1000.0,-50.29296875,-286.62109375,-64.94140625,0.0,0,0
1772214069.489522,1772214069.4227645,-723.14453125,-4.39453125,-91.30859375,-41.015625,0.0,0,0
1772214069.489554,1772214069.4266589,481.4453125,53.22265625,161.62109375,73.2421875,0.0,0,0
1772214069.4895859,1772214069.4305532,-897.94921875,39.55078125,162.59765625,126.953125,0.0,0,0
1772214069.4896169,1772214069.4344475,34.66796875,-27.83203125,-123.53515625,33.203125,0.0,0,0
1772214069.489648,1772214069.4383419,-1000.0,-58.59375,-303.22265625,-80.56640625,0.0,0,0
1772214069.489677,1772214069.4422362,-827.63671875,-18.06640625,-138.671875,-57.6171875,0.0,0,0
1772214069.4897768,1772214069.4461305,350.09765625,43.9453125,153.80859375,51.7578125,0.0,0,0
1772214069.4898372,1772214069.4500248,-851.5625,36.1328125,166.9921875,112.79296875,0.0,0,0
1772214069.48987,1772214069.4539192,171.38671875,-48.33984375,-129.39453125,50.29296875,0.0,0,0
1772214069.48995,1772214069.4578135,-1000.0,-95.21484375,-333.984375,-65.91796875,0.0,0,0
1772214069.535912,1772214069.4618833,-963.8671875,-63.4765625,-217.7734375,-71.2890625,0.0,0,0
1772214069.535993,1772214069.4657776,147.4609375,-29.78515625,34.66796875,26.85546875,0.0,0,0
1772214069.536022,1772214069.469672,-842.7734375,-55.6640625,48.33984375,84.47265625,0.0,0,0
1772214069.5360498,1772214069.4735663,322.75390625,-131.34765625,-166.9921875,19.53125,0.0,0,0
1772214069.536074,1772214069.4774606,-932.12890625,-193.359375,-304.6875,-96.6796875,0.0,0,0
1772214069.536099,1772214069.481355,-1000.0,-157.71484375,-198.2421875,-107.91015625,0.0,0,0
1772214069.5361228,1772214069.4852493,9.27734375,-88.8671875,88.8671875,0.48828125,0.0,0,0
1772214069.53615,1772214069.4891436,-859.375,-80.078125,244.62890625,101.5625,0.0,0,0
1772214069.536174,1772214069.493038,449.70703125,-125.9765625,73.2421875,71.2890625,0.0,0,0
1772214069.536198,1772214069.4969323,-818.359375,-166.015625,-161.62109375,-39.0625,0.0,0,0
1772214069.536222,1772214069.5008268,-1000.0,-109.86328125,-108.88671875,-62.98828125,0.0,0,0
1772214069.536245,1772214069.5047212,-107.91015625,1.953125,148.4375,12.6953125,0.0,0,0
1772214069.580916,1772214069.508779,-893.06640625,30.76171875,250.9765625,104.4921875,0.0,0,0
1772214069.580971,1772214069.5126734,591.796875,-32.71484375,83.984375,89.35546875,0.0,0,0
1772214069.580996,1772214069.5165677,-660.15625,-64.453125,-154.78515625,-25.390625,0.0,0,0
1772214069.5810208,1772214069.520462,-1000.0,-28.80859375,-161.1328125,-71.77734375,0.0,0,0
1772214069.5810618,1772214069.5243566,-195.80078125,41.015625,125.48828125,0.9765625,0.0,0,0
1772214069.581088,1772214069.528251,-941.89453125,78.125,352.05078125,89.35546875,0.0,0,0
1772214069.581121,1772214069.5321453,739.2578125,8.7890625,224.609375,67.87109375,0.0,0,0
1772214069.581144,1772214069.5360396,-470.21484375,-62.5,4.8828125,-51.26953125,0.0,0,0
1772214069.5811682,1772214069.539934,-1000.0,-38.0859375,42.96875,-121.09375,0.0,0,0
1772214069.581215,1772214069.5438282,-281.25,69.3359375,319.3359375,-49.31640625,0.0,0,0
1772214069.58127,1772214069.5477228,996.58203125,115.72265625,493.1640625,69.82421875,0.0,0,0
1772214069.581318,1772214069.5516171,876.46484375,44.921875,289.55078125,80.56640625,0.0,0,0
1772214069.626119,1772214069.5556617,-295.41015625,-35.64453125,-36.62109375,-59.08203125,0.0,0,0
1772214069.6261709,1772214069.559556,-1000.0,-35.64453125,-131.8359375,-146.97265625,0.0,0,0
1772214069.626196,1772214069.5634506,-328.125,31.73828125,131.34765625,-43.45703125,0.0,0,0
1772214069.62622,1772214069.567345,935.546875,80.56640625,393.5546875,91.30859375,0.0,0,0
1772214069.626247,1772214069.5712392,-989.2578125,59.08203125,255.37109375,89.35546875,0.0,0,0
1772214069.626271,1772214069.5751336,-67.3828125,-6.34765625,-76.171875,-29.296875,0.0,0,0
1772214069.626294,1772214069.5790281,-1000.0,-39.55078125,-199.21875,-105.95703125,0.0,0,0
1772214069.626316,1772214069.5829225,-457.51953125,11.71875,-1.953125,-70.80078125,0.0,0,0
1772214069.626341,1772214069.5868168,821.77734375,72.265625,246.09375,39.55078125,0.0,0,0
1772214069.626364,1772214069.5907114,-912.109375,47.8515625,235.83984375,88.37890625,0.0,0,0
1772214069.626389,1772214069.5946057,60.546875,-22.4609375,-1.46484375,-13.18359375,0.0,0,0
1772214069.626413,1772214069.5985,-1000.0,-57.12890625,-138.18359375,-131.8359375,0.0,0,0
1772214069.670874,1772214069.6025343,-613.28125,-2.9296875,23.92578125,-84.47265625,0.0,0,0
1772214069.670961,1772214069.6064286,664.55078125,50.29296875,291.9921875,52.24609375,0.0,0,0
1772214069.670989,1772214069.6103232,-869.62890625,32.2265625,339.35546875,93.26171875,0.0,0,0
1772214069.671017,1772214069.6142175,131.34765625,-17.578125,99.609375,16.11328125,0.0,0,0
1772214069.671045,1772214069.618112,-1000.0,-40.0390625,-73.2421875,-110.3515625,0.0,0,0
1772214069.671071,1772214069.6220064,-741.69921875,14.6484375,127.44140625,-105.95703125,0.0,0,0
1772214069.6710951,1772214069.6259007,506.8359375,61.03515625,388.671875,38.57421875,0.0,0,0
1772214069.6711192,1772214069.6297953,-845.703125,28.80859375,373.53515625,101.07421875,0.0,0,0
1772214069.6711428,1772214069.6336896,182.12890625,-29.296875,119.62890625,10.25390625,0.0,0,0
1772214069.671167,1772214069.6375842,-1000.0,-60.05859375,-76.66015625,-125.48828125,0.0,0,0
1772214069.671191,1772214069.6414785,-926.26953125,-13.671875,66.40625,-131.8359375,0.0,0,0
1772214069.671214,1772214069.6453729,241.69921875,47.8515625,367.1875,7.8125,0.0,0,0
1772214069.7159739,1772214069.649394,-827.1484375,35.15625,397.94921875,101.5625,0.0,0,0
1772214069.716056,1772214069.6532884,322.75390625,-33.69140625,119.140625,22.4609375,0.0,0,0
1772214069.716083,1772214069.657183,-963.8671875,-69.3359375,-112.3046875,-104.98046875,0.0,0,0
1772214069.716108,1772214069.6610773,-1000.0,-24.90234375,8.7890625,-108.88671875,0.0,0,0
1772214069.7161338,1772214069.6649718,101.07421875,42.96875,341.796875,4.8828125,0.0,0,0
1772214069.716157,1772214069.6688662,-840.8203125,69.82421875,453.125,99.609375,0.0,0,0
1772214069.716181,1772214069.6727607,414.0625,2.9296875,204.1015625,47.8515625,0.0,0,0
1772214069.7162051,1772214069.676655,-860.83984375,-54.19921875,-87.890625,-98.14453125,0.0,0,0
1772214069.7162292,1772214069.6805496,-1000.0,-11.71875,-110.3515625,-134.765625,0.0,0,0
1772214069.7162519,1772214069.684444,-61.5234375,41.015625,118.65234375,-9.765625,0.0,0,0
1772214069.716278,1772214069.6883385,-873.53515625,49.31640625,240.234375,109.86328125,0.0,0,0
1772214069.7163022,1772214069.6922328,583.49609375,-4.8828125,50.29296875,71.77734375,0.0,0,0
1772214069.7620978,1772214069.6962466,-689.94140625,-72.265625,-150.390625,-47.36328125,0.0,0,0
1772214069.762218,1772214069.700141,-1000.0,-63.96484375,-101.5625,-86.42578125,0.0,0,0
1772214069.76226,1772214069.7040355,-127.44140625,6.34765625,199.21875,25.390625,0.0,0,0
1772214069.762298,1772214069.7079298,-909.66796875,32.2265625,368.1640625,157.71484375,0.0,0,0
1772214069.7630541,1772214069.7118244,700.1953125,-34.66796875,183.59375,121.09375,0.0,0,0
1772214069.7631009,1772214069.715719,-530.76171875,-96.19140625,-56.640625,-42.48046875,0.0,0,0
1772214069.7631402,1772214069.7196133,-1000.0,-86.9140625,-69.82421875,-122.55859375,0.0,0,0
1772214069.7631779,1772214069.723508,-274.4140625,-41.015625,179.19921875,-32.2265625,0.0,0,0
1772214069.7632158,1772214069.7274022,-985.3515625,-9.27734375,344.23828125,104.00390625,0.0,0,0
1772214069.763253,1772214069.7312968,843.75,-38.0859375,179.6875,109.375,0.0,0,0
1772214069.763289,1772214069.735191,-344.23828125,-102.5390625,-110.3515625,-25.390625,0.0,0,0
1772214069.763326,1772214069.7390857,-1000.0,-96.6796875,-185.546875,-125.0,0.0,0,0
1772214069.835711,1772214069.7432656,-408.203125,-15.625,84.47265625,-41.015625,0.0,0,0
1772214069.835822,1772214069.74716,903.3203125,27.34375,335.44921875,113.28125,0.0,0,0
1772214069.835855,1772214069.7510545,974.609375,-8.7890625,227.05078125,132.8125,0.0,0,0
1772214069.835885,1772214069.754949,-169.921875,-92.7734375,-56.640625,15.13671875,0.0,0,0
1772214069.8359098,1772214069.7588437,-1000.0,-124.0234375,-130.37109375,-120.1171875,0.0,0,0
1772214069.8359349,1772214069.762738,-542.96875,-42.96875,101.5625,-86.9140625,0.0,0,0
1772214069.8359601,1772214069.7666326,772.4609375,20.01953125,294.921875,69.82421875,0.0,0,0
1772214069.8359838,1772214069.7705271,-960.44921875,-20.01953125,226.5625,126.953125,0.0,0,0
1772214069.8360078,1772214069.7744217,-90.33203125,-108.88671875,-38.57421875,23.92578125,0.0,0,0
1772214069.836034,1772214069.778316,-1000.0,-127.9296875,-135.25390625,-105.46875,0.0,0,0
1772214069.8360581,1772214069.7822106,-688.4765625,-55.6640625,117.1875,-76.171875,0.0,0,0
1772214069.836084,1772214069.7861052,582.03125,6.34765625,347.16796875,61.03515625,0.0,0,0
1772214069.864264,1772214069.7900987,-878.41796875,-20.99609375,315.91796875,117.1875,0.0,0,0
1772214069.864326,1772214069.7939932,55.17578125,-102.5390625,61.5234375,23.4375,0.0,0,0
1772214069.864353,1772214069.7978878,-1000.0,-136.71875,-132.8125,-108.3984375,0.0,0,0
1772214069.864376,1772214069.8017824,-811.5234375,-87.40234375,23.4375,-85.9375,0.0,0,0
1772214069.864404,1772214069.8056767,408.69140625,-16.11328125,300.78125,58.59375,0.0,0,0
1772214069.864429,1772214069.8095713,-832.51953125,-17.578125,327.1484375,136.71875,0.0,0,0
1772214069.864453,1772214069.8134658,199.70703125,-98.6328125,20.01953125,49.8046875,0.0,0,0
1772214069.864477,1772214069.8173604,-1000.0,-132.8125,-207.51953125,-99.609375,0.0,0,0
1772214069.8645,1772214069.821255,-923.33984375,-86.9140625,-62.01171875,-113.28125,0.0,0,0
1772214069.8645241,1772214069.8251495,239.2578125,-0.9765625,196.2890625,27.34375,0.0,0,0
1772214069.8645482,1772214069.829044,-834.47265625,3.41796875,218.75,135.7421875,0.0,0,0
1772214069.8645718,1772214069.8329384,336.9140625,-80.078125,-72.265625,71.2890625,0.0,0,0
1772214069.910609,1772214069.8369136,-940.91796875,-112.79296875,-296.875,-63.96484375,0.0,0,0
1772214069.910709,1772214069.8408082,-1000.0,-81.54296875,-226.5625,-91.796875,0.0,0,0
1772214069.910738,1772214069.8447027,70.3125,-25.390625,30.2734375,19.53125,0.0,0,0
1772214069.910764,1772214069.8485973,-855.46875,-16.11328125,117.1875,140.625,0.0,0,0
1772214069.91079,1772214069.8524919,495.1171875,-79.1015625,-111.328125,98.6328125,0.0,0,0
1772214069.910815,1772214069.8563864,-789.55078125,-125.48828125,-321.2890625,-61.5234375,0.0,0,0
1772214069.910839,1772214069.860281,-1000.0,-108.3984375,-262.20703125,-115.72265625,0.0,0,0
1772214069.9108632,1772214069.8641756,-58.59375,-43.9453125,-0.9765625,5.37109375,0.0,0,0
1772214069.910887,1772214069.8680701,-885.25390625,-19.04296875,156.73828125,144.53125,0.0,0,0
1772214069.910913,1772214069.8719645,622.55859375,-61.5234375,8.7890625,111.328125,0.0,0,0
1772214069.910936,1772214069.875859,-637.6953125,-101.5625,-213.37890625,-44.921875,0.0,0,0
1772214069.910959,1772214069.8797536,-1000.0,-90.33203125,-159.66796875,-120.1171875,0.0,0,0
1772214069.956044,1772214069.883811,-178.7109375,-18.5546875,137.20703125,-21.97265625,0.0,0,0
1772214069.956653,1772214069.8877056,-937.5,13.18359375,307.12890625,128.41796875,0.0,0,0
1772214069.9571562,1772214069.8916001,754.8828125,-51.26953125,171.38671875,116.2109375,0.0,0,0
1772214069.9574752,1772214069.8954947,-449.21875,-104.4921875,-84.47265625,-39.55078125,0.0,0,0
1772214069.9583402,1772214069.8993893,-1000.0,-93.75,-140.13671875,-129.39453125,0.0,0,0
1772214069.958542,1772214069.9032838,-285.64453125,-23.92578125,119.140625,-46.875,0.0,0,0
1772214069.959008,1772214069.9071784,990.72265625,-1.46484375,328.125,101.5625,0.0,0,0
1772214069.9592252,1772214069.911073,890.13671875,-52.24609375,203.61328125,120.60546875,0.0,0,0
1772214069.959403,1772214069.9149675,-253.90625,-97.65625,-52.24609375,-1.953125,0.0,0,0
1772214069.9595048,1772214069.918862,-1000.0,-92.7734375,-147.4609375,-111.81640625,0.0,0,0
1772214069.959549,1772214069.9227567,-447.75390625,-28.80859375,20.5078125,-64.94140625,0.0,0,0
1772214069.959575,1772214069.9266512,865.234375,8.7890625,192.3828125,95.21484375,0.0,0,0
1772214070.0012648,1772214069.9306972,991.2109375,-24.90234375,93.75,140.13671875,0.0,0,0
1772214070.001377,1772214069.9345918,-130.859375,-88.8671875,-187.5,7.32421875,0.0,0,0
1772214070.0014029,1772214069.9384863,-1000.0,-104.00390625,-306.640625,-101.5625,0.0,0,0
1772214070.001429,1772214069.942381,-604.4921875,-37.109375,-112.79296875,-67.87109375,0.0,0,0
1772214070.0014532,1772214069.9462755,687.5,6.8359375,84.9609375,66.40625,0.0,0,0
1772214070.001477,1772214069.95017,-932.12890625,-10.25390625,53.7109375,150.390625,0.0,0,0
1772214070.001534,1772214069.9540648,-20.01953125,-74.21875,-134.27734375,49.8046875,0.0,0,0
1772214070.0015638,1772214069.9579594,-1000.0,-109.86328125,-247.55859375,-90.33203125,0.0,0,0
1772214070.001589,1772214069.961854,-745.60546875,-38.0859375,-66.40625,-68.359375,0.0,0,0
1772214070.001615,1772214069.9657485,494.62890625,9.765625,206.54296875,71.2890625,0.0,0,0
1772214070.001639,1772214069.969643,-877.44140625,-24.4140625,199.70703125,160.15625,0.0,0,0
1772214070.001663,1772214069.9735377,96.19140625,-61.5234375,-73.73046875,74.70703125,0.0,0,0
1772214070.046884,1772214069.9775732,-1000.0,-72.265625,-248.53515625,-72.265625,0.0,0,0
1772214070.047044,1772214069.9814677,-845.703125,-43.45703125,-129.39453125,-59.08203125,0.0,0,0
1772214070.0470881,1772214069.9853623,331.54296875,-5.37109375,124.51171875,66.89453125,0.0,0,0
1772214070.047128,1772214069.989257,-853.02734375,-12.6953125,217.28515625,137.6953125,0.0,0,0
1772214070.047167,1772214069.9931517,268.5546875,-62.5,-1.953125,73.2421875,0.0,0,0
1772214070.047206,1772214069.9970462,-977.05078125,-88.37890625,-182.6171875,-57.6171875,0.0,0,0
1772214070.047244,1772214070.0009408,-972.65625,-72.265625,-37.109375,-59.08203125,0.0,0,0
1772214070.047282,1772214070.0048356,151.85546875,-23.4375,203.125,77.1484375,0.0,0,0
1772214070.047318,1772214070.0087302,-860.83984375,-0.48828125,239.74609375,144.53125,0.0,0,0
1772214070.047362,1772214070.0126247,414.0625,-48.828125,33.69140625,76.171875,0.0,0,0
1772214070.0473979,1772214070.0165193,-850.5859375,-87.40234375,-176.7578125,-44.43359375,0.0,0,0
1772214070.0474398,1772214070.0204139,-1000.0,-60.546875,-128.41796875,-93.26171875,0.0,0,0
1772214070.135453,1772214070.024702,36.1328125,-3.90625,162.109375,24.4140625,0.0,0,0
1772214070.1354911,1772214070.0285969,-885.7421875,3.90625,333.0078125,164.0625,0.0,0,0
1772214070.135503,1772214070.0324914,585.44921875,-53.22265625,194.82421875,133.30078125,0.0,0,0
1772214070.135517,1772214070.0363863,-671.875,-95.21484375,-11.23046875,-34.66796875,0.0,0,0
1772214070.135558,1772214070.0402808,-1000.0,-77.63671875,23.4375,-99.12109375,0.0,0,0
1772214070.135571,1772214070.0441756,-68.84765625,-2.9296875,301.7578125,23.4375,0.0,0,0
1772214070.135582,1772214070.0480702,-916.50390625,47.36328125,447.75390625,169.921875,0.0,0,0
1772214070.1356668,1772214070.051965,683.10546875,-13.18359375,277.83203125,162.109375,0.0,0,0
1772214070.13568,1772214070.0558596,-534.1796875,-88.37890625,34.66796875,9.27734375,0.0,0,0
1772214070.135757,1772214070.0597544,-1000.0,-63.96484375,25.390625,-81.0546875,0.0,0,0
1772214070.135767,1772214070.063649,-226.07421875,7.8125,240.72265625,-2.44140625,0.0,0,0
1772214070.135777,1772214070.0675437,-981.93359375,27.34375,396.97265625,154.296875,0.0,0,0
1772214070.164178,1772214070.0715702,795.8984375,-41.015625,248.53515625,167.48046875,0.0,0,0
1772214070.164216,1772214070.075465,-379.39453125,-110.83984375,-47.8515625,8.30078125,0.0,0,0
1772214070.1642299,1772214070.0793595,-1000.0,-105.95703125,-113.28125,-114.2578125,0.0,0,0
1772214070.1642408,1772214070.0832543,-348.6328125,-40.0390625,145.5078125,-56.15234375,0.0,0,0
1772214070.1642518,1772214070.087149,927.24609375,-7.32421875,342.28515625,98.14453125,0.0,0,0
1772214070.164263,1772214070.0910437,898.92578125,-36.1328125,222.65625,128.90625,0.0,0,0
1772214070.164274,1772214070.0949385,-230.46875,-90.8203125,-57.6171875,-11.23046875,0.0,0,0
1772214070.164284,1772214070.098833,-1000.0,-105.46875,-152.83203125,-134.765625,0.0,0,0
1772214070.164295,1772214070.102728,-516.6015625,-40.52734375,109.375,-78.61328125,0.0,0,0
1772214070.164305,1772214070.1066225,776.85546875,-2.9296875,373.53515625,69.82421875,0.0,0,0
1772214070.164316,1772214070.1105173,999.51171875,-17.578125,312.5,119.62890625,0.0,0,0
1772214070.164326,1772214070.114412,-102.05078125,-71.2890625,14.6484375,-0.9765625,0.0,0,0
1772214070.1805,1772214070.1184123,-1000.0,-130.859375,-99.609375,-153.80859375,0.0,0,0
1772214070.180521,1772214070.122307,-650.87890625,-91.30859375,85.44921875,-125.0,0.0,0,0
1772214070.180532,1772214070.1262016,621.09375,-31.73828125,304.6875,33.203125,0.0,0,0
1772214070.180543,1772214070.1300964,-936.03515625,-53.22265625,230.46875,85.9375,0.0,0,0
1772214070.180568,1772214070.1339912,-1.46484375,-121.58203125,-98.6328125,-15.625,0.0,0,0
1772214070.180591,1772214070.1378858,-1000.0,-108.88671875,-265.13671875,-127.9296875,0.0,0,0
1772214070.180604,1772214070.1417806,-778.3203125,-25.87890625,-119.62890625,-118.65234375,0.0,0,0
1772214070.1806169,1772214070.1456754,429.6875,-4.39453125,125.9765625,27.83203125,0.0,0,0
1772214070.180634,1772214070.14957,-880.37109375,-34.66796875,112.79296875,125.48828125,0.0,0,0
1772214070.180646,1772214070.1534648,181.640625,-77.63671875,-131.8359375,25.87890625,0.0,0,0
1772214070.180657,1772214070.1573596,-1000.0,-107.91015625,-269.04296875,-112.79296875,0.0,0,0
1772214070.180684,1772214070.1612542,-854.00390625,-54.6875,-129.39453125,-104.98046875,0.0,0,0
1772214070.2255769,1772214070.1652381,312.5,6.8359375,122.0703125,28.3203125,0.0,0,0
1772214070.225621,1772214070.1691327,-865.72265625,-9.765625,156.73828125,133.7890625,0.0,0,0
1772214070.2256372,1772214070.1730275,355.46875,-81.0546875,-55.6640625,56.15234375,0.0,0,0
1772214070.225651,1772214070.1769223,-910.64453125,-110.3515625,-229.00390625,-112.3046875,0.0,0,0
1772214070.225664,1772214070.180817,-973.14453125,-65.4296875,-165.52734375,-156.25,0.0,0,0
1772214070.225695,1772214070.1847117,156.25,-3.41796875,122.0703125,-22.4609375,0.0,0,0
1772214070.225718,1772214070.1886065,-880.37109375,2.9296875,238.28125,115.72265625,0.0,0,0
1772214070.225733,1772214070.1925013,472.16796875,-66.89453125,12.6953125,58.59375,0.0,0,0
1772214070.2257469,1772214070.1963959,-781.73828125,-127.44140625,-163.0859375,-95.21484375,0.0,0,0
1772214070.22576,1772214070.2002907,-1000.0,-96.6796875,-81.0546875,-148.4375,0.0,0,0
1772214070.2257721,1772214070.2041855,32.2265625,-7.8125,179.6875,-26.85546875,0.0,0,0
1772214070.2258,1772214070.2080803,-909.66796875,9.765625,277.83203125,118.1640625,0.0,0,0
1772214070.2845562,1772214070.2120528,645.01953125,-61.5234375,53.22265625,102.5390625,0.0,0,0
1772214070.284599,1772214070.2159474,-584.9609375,-114.2578125,-235.83984375,-41.9921875,0.0,0,0
1772214070.284616,1772214070.2198422,-1000.0,-81.54296875,-289.55078125,-134.765625,0.0,0,0
1772214070.284631,1772214070.223737,-99.12109375,-0.48828125,-61.5234375,-53.7109375,0.0,0,0
1772214070.284684,1772214070.2276318,-952.63671875,12.6953125,118.65234375,101.07421875,0.0,0,0
1772214070.284704,1772214070.2315266,777.83203125,-47.36328125,-1.46484375,120.60546875,0.0,0,0
1772214070.284719,1772214070.2354212,-403.80859375,-115.234375,-250.9765625,-29.296875,0.0,0,0
1772214070.284734,1772214070.239316,-1000.0,-107.91015625,-292.48046875,-129.39453125,0.0,0,0
1772214070.284748,1772214070.2432108,-265.625,-35.15625,-80.56640625,-42.48046875,0.0,0,0
1772214070.2847629,1772214070.2471056,966.796875,-7.8125,94.23828125,101.07421875,0.0,0,0
1772214070.284777,1772214070.2510004,864.2578125,-43.9453125,15.13671875,129.39453125,0.0,0,0
1772214070.284791,1772214070.254895,-279.78515625,-107.91015625,-271.484375,-8.7890625,0.0,0,0
1772214070.3307729,1772214070.2589447,-1000.0,-115.72265625,-374.0234375,-140.625,0.0,0,0
1772214070.330818,1772214070.2628396,-444.3359375,-44.43359375,-125.48828125,-84.9609375,0.0,0,0
1772214070.330842,1772214070.2667344,842.7734375,-6.34765625,84.9609375,63.96484375,0.0,0,0
1772214070.330863,1772214070.270629,941.89453125,-36.62109375,31.25,104.00390625,0.0,0,0
1772214070.330883,1772214070.2745237,-190.4296875,-108.88671875,-196.77734375,-21.97265625,0.0,0,0
1772214070.3309052,1772214070.2784185,-1000.0,-125.0,-288.0859375,-129.39453125,0.0,0,0
1772214070.330924,1772214070.2823133,-621.58203125,-51.26953125,-86.9140625,-90.8203125,0.0,0,0
1772214070.3309429,1772214070.2862082,648.4375,2.44140625,142.08984375,54.19921875,0.0,0,0
1772214070.330963,1772214070.290103,-970.703125,-18.5546875,116.2109375,118.1640625,0.0,0,0
1772214070.330982,1772214070.2939978,-56.15234375,-80.56640625,-139.16015625,3.90625,0.0,0,0
1772214070.3310342,1772214070.2978926,-1000.0,-105.95703125,-275.87890625,-125.0,0.0,0,0
1772214070.3310652,1772214070.3017874,-726.5625,-52.734375,-105.95703125,-107.91015625,0.0,0,0
1772214070.376587,1772214070.3058274,502.44140625,-9.27734375,146.97265625,41.9921875,0.0,0,0
1772214070.37664,1772214070.3097222,-905.2734375,-29.78515625,160.64453125,129.8828125,0.0,0,0
1772214070.376673,1772214070.313617,100.5859375,-89.35546875,-52.24609375,31.25,0.0,0,0
1772214070.376704,1772214070.3175118,-1000.0,-115.234375,-204.58984375,-121.58203125,0.0,0,0
1772214070.376735,1772214070.3214066,-850.09765625,-49.31640625,-99.609375,-126.953125,0.0,0,0
1772214070.376765,1772214070.3253014,323.73046875,24.90234375,144.04296875,18.5546875,0.0,0,0
1772214070.376838,1772214070.3291962,-884.27734375,15.625,191.89453125,130.859375,0.0,0,0
1772214070.376894,1772214070.333091,221.19140625,-73.2421875,-53.7109375,53.22265625,0.0,0,0
1772214070.376927,1772214070.3369858,-976.07421875,-131.34765625,-249.51171875,-110.3515625,0.0,0,0
1772214070.376958,1772214070.3408806,-940.91796875,-87.40234375,-174.8046875,-140.13671875,0.0,0,0
1772214070.3769898,1772214070.3447754,176.26953125,-14.16015625,81.0546875,-1.46484375,0.0,0,0
1772214070.37702,1772214070.3486702,-871.58203125,-6.8359375,206.0546875,134.765625,0.0,0,0
1772214070.4497752,1772214070.3527925,445.3125,-82.51953125,17.08984375,86.9140625,0.0,0,0
1772214070.449835,1772214070.3566873,-820.80078125,-133.7890625,-237.79296875,-77.63671875,0.0,0,0
1772214070.4498508,1772214070.360582,-1000.0,-105.46875,-229.98046875,-126.953125,0.0,0,0
1772214070.4498649,1772214070.364477,43.45703125,-47.8515625,63.4765625,-26.3671875,0.0,0,0
1772214070.449878,1772214070.3683717,-893.5546875,-36.62109375,211.42578125,103.02734375,0.0,0,0
1772214070.449939,1772214070.3722665,575.68359375,-95.703125,7.8125,99.609375,0.0,0,0
1772214070.4499671,1772214070.3761616,-678.22265625,-140.625,-207.51953125,-56.15234375,0.0,0,0
1772214070.449982,1772214070.3800564,-1000.0,-119.140625,-173.33984375,-141.11328125,0.0,0,0
1772214070.450023,1772214070.3839512,-52.734375,-54.19921875,115.234375,-42.96875,0.0,0,0
1772214070.45004,1772214070.387846,-937.01171875,-24.90234375,303.22265625,104.4921875,0.0,0,0
1772214070.4500842,1772214070.3917408,719.7265625,-65.91796875,158.69140625,102.5390625,0.0,0,0
1772214070.450125,1772214070.3956356,-477.05078125,-109.375,-62.01171875,-44.921875,0.0,0,0
1772214070.465513,1772214070.3996577,-1000.0,-102.5390625,-69.3359375,-141.6015625,0.0,0,0
1772214070.4656231,1772214070.4035525,-193.359375,-41.9921875,211.42578125,-64.453125,0.0,0,0
1772214070.465641,1772214070.4074473,-999.51171875,-5.859375,391.11328125,92.28515625,0.0,0,0
1772214070.465655,1772214070.4113424,840.8203125,-51.7578125,256.8359375,121.09375,0.0,0,0
1772214070.4656682,1772214070.4152372,-306.15234375,-124.51171875,-6.34765625,-26.3671875,0.0,0,0
1772214070.4656808,1772214070.419132,-1000.0,-116.2109375,-89.35546875,-140.625,0.0,0,0
1772214070.465694,1772214070.4230268,-372.55859375,-27.83203125,159.66796875,-69.82421875,0.0,0,0
1772214070.465707,1772214070.4269218,894.04296875,0.48828125,357.421875,73.2421875,0.0,0,0
1772214070.4657202,1772214070.4308167,913.0859375,-49.31640625,255.37109375,109.86328125,0.0,0,0
1772214070.465733,1772214070.4347115,-206.54296875,-96.6796875,0.9765625,-8.7890625,0.0,0,0
1772214070.465745,1772214070.4386063,-1000.0,-95.703125,-89.35546875,-132.8125,0.0,0,0
1772214070.4657578,1772214070.4425013,-504.39453125,-27.34375,111.81640625,-103.02734375,0.0,0,0
1772214070.510574,1772214070.446506,757.32421875,12.20703125,309.5703125,46.875,0.0,0,0
1772214070.5106099,1772214070.4504008,-969.7265625,-14.16015625,259.765625,110.3515625,0.0,0,0
1772214070.510626,1772214070.4542959,-24.90234375,-74.21875,-11.71875,-2.44140625,0.0,0,0
1772214070.5106409,1772214070.4581907,-1000.0,-112.79296875,-141.6015625,-134.765625,0.0,0,0
1772214070.510656,1772214070.4620855,-658.203125,-55.17578125,113.28125,-109.375,0.0,0,0
1772214070.5106702,1772214070.4659805,588.8671875,13.671875,402.34375,33.203125,0.0,0,0
1772214070.510685,1772214070.4698753,-906.73828125,-6.8359375,416.015625,114.74609375,0.0,0,0
1772214070.510699,1772214070.4737701,112.3046875,-93.75,168.45703125,42.96875,0.0,0,0
1772214070.510713,1772214070.4776652,-1000.0,-112.3046875,-19.04296875,-109.86328125,0.0,0,0
1772214070.510727,1772214070.48156,-817.87109375,-44.921875,67.3828125,-125.0,0.0,0,0
1772214070.510741,1772214070.4854548,372.55859375,4.39453125,261.23046875,20.99609375,0.0,0,0
1772214070.510755,1772214070.4893498,-888.18359375,-16.6015625,284.66796875,103.515625,0.0,0,0
1772214070.5554938,1772214070.493343,215.33203125,-79.1015625,37.59765625,29.296875,0.0,0,0
1772214070.55552,1772214070.497238,-984.375,-113.28125,-162.59765625,-96.6796875,0.0,0,0
1772214070.555539,1772214070.501133,-915.0390625,-85.44921875,-53.22265625,-108.3984375,0.0,0,0
1772214070.555555,1772214070.5050278,226.5625,-33.203125,207.51953125,24.4140625,0.0,0,0
1772214070.555572,1772214070.5089226,-884.765625,-15.13671875,269.04296875,123.046875,0.0,0,0
1772214070.555588,1772214070.5128176,364.2578125,-41.015625,57.6171875,66.40625,0.0,0,0
1772214070.555628,1772214070.5167124,-855.46875,-79.58984375,-165.52734375,-75.1953125,0.0,0,0
1772214070.555661,1772214070.5206075,-1000.0,-67.3828125,-121.09375,-121.09375,0.0,0,0
1772214070.555679,1772214070.5245023,63.96484375,10.25390625,156.73828125,1.953125,0.0,0,0
1772214070.555696,1772214070.528397,-899.90234375,22.4609375,310.546875,144.04296875,0.0,0,0
1772214070.555713,1772214070.5322921,513.671875,-61.5234375,147.4609375,141.11328125,0.0,0,0
1772214070.5557299,1772214070.536187,-704.58984375,-103.515625,-108.3984375,-0.9765625,0.0,0,0
1772214070.614049,1772214070.540169,-1000.0,-56.640625,-117.67578125,-111.328125,0.0,0,0
1772214070.614086,1772214070.5440638,-47.8515625,10.25390625,133.7890625,-30.76171875,0.0,0,0
1772214070.6140978,1772214070.5479586,-930.17578125,25.87890625,282.2265625,117.67578125,0.0,0,0
1772214070.6141078,1772214070.5518537,657.71484375,-28.80859375,162.109375,77.63671875,0.0,0,0
1772214070.6141179,1772214070.5557485,-549.31640625,-64.94140625,-24.4140625,-105.46875,0.0,0,0
1772214070.6141272,1772214070.5596435,-1000.0,-25.87890625,-20.01953125,-183.59375,0.0,0,0
1772214070.6141372,1772214070.5635383,-189.453125,25.87890625,203.125,-91.30859375,0.0,0,0
1772214070.614146,1772214070.5674334,973.6328125,56.640625,346.19140625,36.62109375,0.0,0,0
1772214070.614157,1772214070.5713282,775.390625,36.1328125,198.2421875,29.296875,0.0,0,0
1772214070.614166,1772214070.5752232,-398.4375,-18.06640625,-68.84765625,-86.42578125,0.0,0,0
1772214070.614175,1772214070.579118,-1000.0,-22.4609375,-114.2578125,-154.78515625,0.0,0,0
1772214070.6141849,1772214070.583013,-413.0859375,41.9921875,85.9375,-90.33203125,0.0,0,0
1772214070.6606112,1772214070.586985,850.09765625,67.87109375,241.69921875,56.15234375,0.0,0,0
1772214070.660646,1772214070.59088,822.75390625,16.11328125,117.1875,89.35546875,0.0,0,0
1772214070.660657,1772214070.594775,-348.14453125,-56.15234375,-162.109375,-28.3203125,0.0,0,0
1772214070.6606662,1772214070.5986698,-1000.0,-89.84375,-296.38671875,-121.58203125,0.0,0,0
1772214070.660674,1772214070.6025648,-609.375,-40.0390625,-176.26953125,-72.75390625,0.0,0,0
1772214070.660683,1772214070.6064596,666.015625,27.83203125,4.39453125,60.546875,0.0,0,0
1772214070.660691,1772214070.6103547,916.9921875,-9.765625,-33.203125,97.65625,0.0,0,0
1772214070.6606998,1772214070.6142495,-226.07421875,-82.03125,-250.9765625,0.0,0.0,0,0
1772214070.6607082,1772214070.6181445,-1000.0,-79.58984375,-331.0546875,-105.95703125,0.0,0,0
1772214070.660716,1772214070.6220393,-691.40625,-34.66796875,-136.23046875,-85.44921875,0.0,0,0
1772214070.660724,1772214070.6259344,517.578125,-3.41796875,100.5859375,58.59375,0.0,0,0
1772214070.660733,1772214070.6298292,-986.328125,-24.4140625,149.90234375,141.11328125,0.0,0,0
1772214070.73549,1772214070.6340523,-19.04296875,-82.03125,-20.99609375,52.24609375,0.0,0,0
1772214070.7355242,1772214070.637947,-1000.0,-105.95703125,-206.54296875,-98.6328125,0.0,0,0
1772214070.7355342,1772214070.6418421,-790.52734375,-59.5703125,-105.95703125,-104.98046875,0.0,0,0
1772214070.735543,1772214070.6457372,399.4140625,-9.27734375,112.3046875,41.50390625,0.0,0,0
1772214070.735552,1772214070.6496322,-933.10546875,-21.97265625,134.765625,136.71875,0.0,0,0
1772214070.73556,1772214070.653527,180.17578125,-71.77734375,-45.41015625,70.3125,0.0,0,0
1772214070.735569,1772214070.657422,-953.125,-114.2578125,-214.84375,-58.10546875,0.0,0,0
1772214070.735577,1772214070.661317,-886.23046875,-77.63671875,-104.98046875,-78.61328125,0.0,0,0
1772214070.735585,1772214070.665212,258.7890625,-3.41796875,189.94140625,23.92578125,0.0,0,0
1772214070.735594,1772214070.669107,-916.015625,-4.39453125,291.015625,114.2578125,0.0,0,0
1772214070.735602,1772214070.673002,313.96484375,-70.80078125,66.89453125,73.73046875,0.0,0,0
1772214070.73561,1772214070.676897,-853.02734375,-101.07421875,-135.25390625,-60.05859375,0.0,0,0
1772214070.764307,1772214070.680938,-972.16796875,-68.84765625,-47.8515625,-104.98046875,0.0,0,0
1772214070.764343,1772214070.684833,95.21484375,-14.16015625,206.54296875,4.8828125,0.0,0,0
1772214070.764353,1772214070.688728,-921.38671875,4.39453125,315.4296875,119.62890625,0.0,0,0
1772214070.764362,1772214070.6926231,441.89453125,-55.17578125,155.76171875,83.984375,0.0,0,0
1772214070.764371,1772214070.6965182,-742.1875,-94.7265625,-20.01953125,-53.7109375,0.0,0,0
1772214070.764381,1772214070.7004132,-1000.0,-78.125,-14.16015625,-117.67578125,0.0,0,0
1772214070.76439,1772214070.7043083,-176.26953125,-29.78515625,182.12890625,-31.25,0.0,0,0
1772214070.764398,1772214070.708203,964.35546875,0.9765625,289.55078125,95.21484375,0.0,0,0
1772214070.764406,1772214070.7120981,522.4609375,-45.8984375,66.40625,82.51953125,0.0,0,0
1772214070.764415,1772214070.7159932,-672.8515625,-87.40234375,-170.8984375,-44.43359375,0.0,0,0
1772214070.764423,1772214070.7198882,-1000.0,-71.2890625,-165.52734375,-113.76953125,0.0,0,0
1772214070.764431,1772214070.7237833,-297.36328125,-10.7421875,106.93359375,-24.90234375,0.0,0,0
1772214070.795421,1772214070.727808,906.73828125,17.08984375,313.4765625,112.79296875,0.0,0,0
1772214070.795451,1772214070.731703,697.75390625,-33.69140625,165.52734375,114.74609375,0.0,0,0
1772214070.79546,1772214070.735598,-496.09375,-98.14453125,-28.3203125,3.41796875,0.0,0,0
1772214070.795469,1772214070.7394931,-1000.0,-109.86328125,11.71875,-79.58984375,0.0,0,0
1772214070.795477,1772214070.7433882,-420.41015625,-51.7578125,278.80859375,-33.69140625,0.0,0,0
1772214070.795533,1772214070.7472832,803.7109375,-4.39453125,447.75390625,91.30859375,0.0,0,0
1772214070.795542,1772214070.7511783,839.35546875,-41.50390625,275.87890625,112.79296875,0.0,0,0
1772214070.795551,1772214070.7550733,-294.43359375,-97.65625,-12.6953125,-0.48828125,0.0,0,0
1772214070.79556,1772214070.7589684,-1000.0,-98.14453125,-102.5390625,-102.05078125,0.0,0,0
1772214070.7955682,1772214070.7628634,-437.01171875,-44.921875,94.23828125,-57.12890625,0.0,0,0
1772214070.795577,1772214070.7667584,747.0703125,-8.7890625,295.8984375,79.58984375,0.0,0,0
1772214070.795585,1772214070.7706535,952.1484375,-34.1796875,233.88671875,122.55859375,0.0,0,0
1772214070.8404741,1772214070.7746673,7.32421875,-83.984375,0.0,21.97265625,0.0,0,0
1772214070.840498,1772214070.7785623,-1000.0,-96.6796875,-91.30859375,-104.98046875,0.0,0,0
1772214070.8405068,1772214070.7824574,-602.05078125,-47.36328125,91.796875,-92.7734375,0.0,0,0
1772214070.840516,1772214070.7863524,608.88671875,-0.9765625,319.3359375,27.34375,0.0,0,0
1772214070.840524,1772214070.7902474,-985.83984375,-8.30078125,330.078125,90.8203125,0.0,0,0
1772214070.840533,1772214070.7941425,167.48046875,-47.8515625,113.76953125,16.6015625,0.0,0,0
1772214070.840541,1772214070.7980375,-930.17578125,-79.1015625,-35.15625,-113.28125,0.0,0,0
1772214070.8405492,1772214070.8019326,-748.53515625,-47.36328125,78.125,-112.3046875,0.0,0,0
1772214070.840558,1772214070.8058276,441.89453125,5.859375,310.05859375,10.7421875,0.0,0,0
1772214070.840566,1772214070.8097227,-937.01171875,10.7421875,418.9453125,87.890625,0.0,0,0
1772214070.840575,1772214070.8136177,397.94921875,-39.0625,349.12109375,22.4609375,0.0,0,0
1772214070.8405828,1772214070.8175128,-766.6015625,-75.1953125,239.2578125,-92.7734375,0.0,0,0
1772214070.8854568,1772214070.8215156,-815.4296875,-33.203125,315.4296875,-107.421875,0.0,0,0
1772214070.885488,1772214070.8254106,346.19140625,20.01953125,573.2421875,8.7890625,0.0,0,0
1772214070.8855,1772214070.8293056,-939.453125,24.4140625,675.78125,110.83984375,0.0,0,0
1772214070.885509,1772214070.8332007,264.16015625,-36.62109375,483.3984375,50.29296875,0.0,0,0
1772214070.8855171,1772214070.8370957,-867.67578125,-78.61328125,276.85546875,-89.84375,0.0,0,0
1772214070.885526,1772214070.840991,-963.37890625,-35.64453125,308.59375,-107.91015625,0.0,0,0
1772214070.885534,1772214070.844886,-104.98046875,8.7890625,483.88671875,1.46484375,0.0,0,0
1772214070.8855429,1772214070.848781,879.39453125,11.71875,576.171875,94.23828125,0.0,0,0
1772214070.8855512,1772214070.8526762,414.0625,-36.1328125,441.40625,57.12890625,0.0,0,0
1772214070.885559,1772214070.8565712,-771.484375,-73.73046875,220.703125,-76.66015625,0.0,0,0
1772214070.885567,1772214070.8604662,-1000.0,-32.71484375,223.14453125,-121.09375,0.0,0,0
1772214070.885576,1772214070.8643613,-172.8515625,28.80859375,448.2421875,-26.85546875,0.0,0,0
1772214070.930465,1772214070.8683534,881.8359375,41.9921875,565.91796875,90.33203125,0.0,0,0
1772214070.930497,1772214070.8722484,566.89453125,-12.20703125,414.0625,83.984375,0.0,0,0
1772214070.930507,1772214070.8761435,-626.953125,-56.640625,196.77734375,-42.96875,0.0,0,0
1772214070.930515,1772214070.8800387,-1000.0,-38.0859375,197.265625,-118.1640625,0.0,0,0
1772214070.9305239,1772214070.8839338,-285.64453125,20.5078125,429.6875,-41.50390625,0.0,0,0
1772214070.9305332,1772214070.8878288,844.23828125,48.828125,567.87109375,93.75,0.0,0,0
1772214070.930541,1772214070.8917239,677.24609375,1.46484375,390.13671875,90.33203125,0.0,0,0
1772214070.930549,1772214070.895619,-517.08984375,-44.921875,110.3515625,-44.921875,0.0,0,0
1772214070.930573,1772214070.899514,-1000.0,-48.828125,87.890625,-125.0,0.0,0,0
1772214070.93059,1772214070.903409,-505.37109375,3.90625,315.91796875,-54.19921875,0.0,0,0
1772214070.930599,1772214070.9073043,667.48046875,56.15234375,519.04296875,86.9140625,0.0,0,0
1772214070.930608,1772214070.9111993,782.2265625,29.296875,465.8203125,114.2578125,0.0,0,0
1772214070.9754748,1772214070.9151804,-359.375,-41.015625,276.3671875,5.37109375,0.0,0,0
1772214070.975511,1772214070.9190757,-1000.0,-51.7578125,239.2578125,-93.26171875,0.0,0,0
1772214070.975522,1772214070.9229708,-587.890625,9.27734375,452.1484375,-51.7578125,0.0,0,0
1772214070.975531,1772214070.9268658,544.921875,53.22265625,657.2265625,70.3125,0.0,0,0
1772214070.975539,1772214070.9307609,792.48046875,22.4609375,612.79296875,88.8671875,0.0,0,0
1772214070.9755478,1772214070.934656,-252.9296875,-44.921875,395.99609375,-22.4609375,0.0,0,0
1772214070.9755561,1772214070.9385512,-1000.0,-62.98828125,223.6328125,-110.3515625,0.0,0,0
1772214070.975565,1772214070.9424462,-719.7265625,-33.69140625,335.9375,-64.453125,0.0,0,0
1772214070.975573,1772214070.9463413,355.46875,13.671875,556.15234375,60.05859375,0.0,0,0
1772214070.975581,1772214070.9502363,832.51953125,33.203125,502.9296875,106.4453125,0.0,0,0
1772214070.97559,1772214070.9541316,-71.2890625,-19.04296875,240.72265625,18.5546875,0.0,0,0
1772214070.975598,1772214070.9580266,-968.75,-48.33984375,65.4296875,-96.6796875,0.0,0,0
1772214071.036743,1772214070.9620879,-806.640625,-4.8828125,161.62109375,-72.265625,0.0,0,0
1772214071.03677,1772214070.965983,147.4609375,39.0625,296.875,54.6875,0.0,0,0
1772214071.036779,1772214070.9698782,793.45703125,22.4609375,277.83203125,120.1171875,0.0,0,0
1772214071.036787,1772214070.9737732,70.3125,-24.4140625,78.61328125,39.0625,0.0,0,0
1772214071.0367959,1772214070.9776683,-903.80859375,-56.15234375,-84.9609375,-94.7265625,0.0,0,0
1772214071.0368042,1772214070.9815636,-854.4921875,-11.71875,-7.32421875,-85.9375,0.0,0,0
1772214071.036813,1772214070.9854586,21.484375,44.921875,185.546875,40.0390625,0.0,0,0
1772214071.036821,1772214070.9893537,758.30078125,15.13671875,301.26953125,116.2109375,0.0,0,0
1772214071.03683,1772214070.993249,231.93359375,-32.71484375,207.51953125,56.15234375,0.0,0,0
1772214071.0368378,1772214070.997144,-780.76171875,-58.10546875,88.37890625,-78.61328125,0.0,0,0
1772214071.036847,1772214071.001039,-891.11328125,-41.015625,176.7578125,-83.0078125,0.0,0,0
1772214071.036855,1772214071.0049343,-70.80078125,7.8125,446.77734375,28.3203125,0.0,0,0
1772214071.081716,1772214071.0089843,788.0859375,21.97265625,535.15625,103.515625,0.0,0,0
1772214071.0817459,1772214071.0128794,461.42578125,-20.99609375,309.5703125,72.265625,0.0,0,0
1772214071.0817559,1772214071.0167747,-626.46484375,-58.10546875,98.14453125,-46.875,0.0,0,0
1772214071.0817652,1772214071.0206697,-903.80859375,-50.29296875,151.85546875,-86.42578125,0.0,0,0
1772214071.081774,1772214071.024565,-194.3359375,-6.34765625,354.98046875,19.53125,0.0,0,0
1772214071.081783,1772214071.02846,712.890625,9.765625,433.59375,123.046875,0.0,0,0
1772214071.081791,1772214071.032355,561.03515625,-40.52734375,240.234375,85.44921875,0.0,0,0
1772214071.0818,1772214071.0362504,-518.06640625,-102.5390625,-1.46484375,-28.3203125,0.0,0,0
1772214071.0818079,1772214071.0401454,-925.78125,-86.9140625,-60.05859375,-78.125,0.0,0,0
1772214071.081816,1772214071.0440407,-326.66015625,18.5546875,89.84375,-15.625,0.0,0,0
1772214071.081826,1772214071.0479357,588.37890625,52.24609375,220.21484375,79.1015625,0.0,0,0
1772214071.081834,1772214071.051831,574.70703125,5.859375,81.0546875,74.70703125,0.0,0,0
1772214071.125511,1772214071.0558658,-370.60546875,-27.34375,-143.5546875,-55.17578125,0.0,0,0
1772214071.125545,1772214071.0597608,-910.64453125,-6.34765625,-190.4296875,-148.4375,0.0,0,0
1772214071.125556,1772214071.063656,-506.34765625,55.6640625,15.13671875,-101.5625,0.0,0,0
1772214071.1255648,1772214071.0675511,456.0546875,83.984375,208.49609375,22.94921875,0.0,0,0
1772214071.1255732,1772214071.0714464,621.58203125,66.40625,120.1171875,32.2265625,0.0,0,0
1772214071.125582,1772214071.0753415,-145.5078125,34.66796875,-101.07421875,-106.93359375,0.0,0,0
1772214071.125591,1772214071.0792367,-745.1171875,33.203125,-140.625,-210.9375,0.0,0,0
1772214071.125599,1772214071.083132,-537.59765625,73.2421875,40.52734375,-163.57421875,0.0,0,0
1772214071.125607,1772214071.087027,344.23828125,117.67578125,181.640625,-39.0625,0.0,0,0
1772214071.125616,1772214071.0909224,631.34765625,125.48828125,90.8203125,-20.5078125,0.0,0,0
1772214071.1282182,1772214071.0948174,30.2734375,79.58984375,-162.59765625,-132.8125,0.0,0,0
1772214071.1282291,1772214071.0987127,-608.88671875,54.19921875,-286.62109375,-220.703125,0.0,0,0
1772214071.170479,1772214071.102736,-527.83203125,81.0546875,-93.26171875,-173.33984375,0.0,0,0
1772214071.170511,1772214071.1066313,295.41015625,117.1875,182.12890625,-33.69140625,0.0,0,0
1772214071.1705222,1772214071.1105263,694.82421875,114.2578125,187.98828125,24.4140625,0.0,0,0
1772214071.17053,1772214071.1144216,261.71875,67.3828125,-26.3671875,-81.54296875,0.0,0,0
1772214071.170539,1772214071.118317,-442.3828125,36.62109375,-94.23828125,-205.078125,0.0,0,0
1772214071.170547,1772214071.122212,-544.43359375,77.1484375,43.45703125,-175.78125,0.0,0,0
1772214071.1705558,1772214071.1261072,32.71484375,110.83984375,208.984375,-21.97265625,0.0,0,0
1772214071.1705642,1772214071.1300023,467.7734375,90.8203125,258.30078125,57.12890625,0.0,0,0
1772214071.170572,1772214071.1338975,335.9375,29.78515625,193.359375,-30.76171875,0.0,0,0
1772214071.17058,1772214071.1377928,-332.03125,-4.39453125,155.76171875,-169.921875,0.0,0,0
1772214071.170589,1772214071.1416879,-520.01953125,27.83203125,237.3046875,-165.52734375,0.0,0,0
1772214071.170611,1772214071.1455832,-55.6640625,57.6171875,349.609375,-41.9921875,0.0,0,0
1772214071.215461,1772214071.1495957,382.8125,41.015625,364.2578125,18.5546875,0.0,0,0
1772214071.215494,1772214071.1534908,367.1875,-3.90625,174.31640625,-36.1328125,0.0,0,0
1772214071.215504,1772214071.157386,-229.4921875,-23.4375,-5.859375,-161.1328125,0.0,0,0
1772214071.215513,1772214071.1612813,-481.93359375,-15.13671875,90.33203125,-182.6171875,0.0,0,0
1772214071.215522,1772214071.1651764,-206.54296875,17.578125,306.15234375,-51.7578125,0.0,0,0
1772214071.215599,1772214071.1690717,229.4921875,31.25,358.3984375,57.12890625,0.0,0,0
1772214071.215619,1772214071.172967,395.5078125,-2.44140625,202.63671875,11.23046875,0.0,0,0
1772214071.21563,1772214071.1768622,-110.3515625,-39.0625,20.01953125,-123.046875,0.0,0,0
1772214071.215659,1772214071.1807573,-450.68359375,-34.1796875,31.73828125,-148.4375,0.0,0,0
1772214071.215677,1772214071.1846526,-289.55078125,26.3671875,225.5859375,-17.578125,0.0,0,0
1772214071.215688,1772214071.1885478,141.6015625,36.1328125,277.34375,102.5390625,0.0,0,0
1772214071.215706,1772214071.192443,359.86328125,-9.765625,121.09375,73.73046875,0.0,0,0
1772214071.2604249,1772214071.1964443,-48.828125,-62.5,-48.828125,-77.63671875,0.0,0,0
1772214071.2604532,1772214071.2003396,-416.9921875,-68.84765625,-69.82421875,-149.4140625,0.0,0,0
1772214071.2604642,1772214071.2042348,-470.703125,-21.97265625,89.84375,-44.921875,0.0,0,0
1772214071.260473,1772214071.2081301,-71.77734375,-2.9296875,212.890625,83.49609375,0.0,0,0
1772214071.260481,1772214071.2120252,262.6953125,-23.92578125,101.5625,71.2890625,0.0,0,0
1772214071.26049,1772214071.2159204,74.21875,-37.109375,-69.3359375,-47.36328125,0.0,0,0
1772214071.2604978,1772214071.2198157,-242.67578125,-56.15234375,-74.70703125,-112.79296875,0.0,0,0
1772214071.2605062,1772214071.223711,-501.953125,-44.43359375,90.8203125,-35.64453125,0.0,0,0
1772214071.260515,1772214071.227606,-177.734375,-8.30078125,205.078125,110.83984375,0.0,0,0
1772214071.260535,1772214071.2315013,175.78125,-22.4609375,93.26171875,116.69921875,0.0,0,0
1772214071.260556,1772214071.2353966,125.48828125,-71.77734375,-88.8671875,-32.71484375,0.0,0,0
1772214071.260566,1772214071.239292,-211.42578125,-87.890625,-67.3828125,-122.55859375,0.0,0,0
1772214071.335511,1772214071.2434547,-660.64453125,-44.43359375,153.80859375,-42.48046875,0.0,0,0
1772214071.33555,1772214071.24735,-189.453125,-1.46484375,350.5859375,114.74609375,0.0,0,0
1772214071.3355641,1772214071.2512453,350.5859375,-17.08984375,287.59765625,139.16015625,0.0,0,0
1772214071.335579,1772214071.2551405,197.265625,-63.96484375,3.90625,-7.8125,0.0,0,0
1772214071.3355908,1772214071.2590358,-313.4765625,-90.8203125,-155.76171875,-114.2578125,0.0,0,0
1772214071.335603,1772214071.262931,-735.3515625,-55.6640625,-49.8046875,-34.1796875,0.0,0,0
1772214071.335615,1772214071.2668262,-320.80078125,15.13671875,93.26171875,128.90625,0.0,0,0
1772214071.335627,1772214071.2707214,249.51171875,8.30078125,118.65234375,176.7578125,0.0,0,0
1772214071.335638,1772214071.2746167,313.96484375,-58.10546875,-35.15625,48.828125,0.0,0,0
1772214071.335649,1772214071.278512,-180.6640625,-77.63671875,-192.87109375,-99.609375,0.0,0,0
1772214071.3356612,1772214071.2824073,-693.84765625,-32.71484375,-133.7890625,-76.171875,0.0,0,0
1772214071.3356721,1772214071.2863026,-363.76953125,15.13671875,63.96484375,95.703125,0.0,0,0
1772214071.363884,1772214071.2902858,272.4609375,-0.9765625,127.9296875,180.17578125,0.0,0,0
1772214071.3639019,1772214071.294181,212.40234375,-58.10546875,-45.8984375,48.828125,0.0,0,0
1772214071.363915,1772214071.2980764,-479.00390625,-55.17578125,-212.890625,-120.60546875,0.0,0,0
1772214071.363928,1772214071.3019717,-602.5390625,-6.8359375,-86.42578125,-111.81640625,0.0,0,0
1772214071.3639412,1772214071.305867,-54.6875,17.578125,161.1328125,52.734375,0.0,0,0
1772214071.3639538,1772214071.3097622,321.2890625,16.11328125,187.98828125,151.85546875,0.0,0,0
1772214071.3639839,1772214071.3136575,97.16796875,-49.8046875,3.41796875,48.33984375,0.0,0,0
1772214071.364029,1772214071.3175528,-526.3671875,-112.3046875,-155.2734375,-119.62890625,0.0,0,0
1772214071.364062,1772214071.321448,-600.09765625,-64.453125,-15.13671875,-121.58203125,0.0,0,0
1772214071.364081,1772214071.3253434,-125.9765625,6.34765625,298.33984375,29.78515625,0.0,0,0
1772214071.364096,1772214071.3292387,241.2109375,-5.859375,384.27734375,150.390625,0.0,0,0
1772214071.3641112,1772214071.333134,115.72265625,-67.87109375,150.87890625,66.89453125,0.0,0,0
1772214071.4096792,1772214071.337103,-424.31640625,-102.5390625,-85.44921875,-109.86328125,0.0,0,0
1772214071.409717,1772214071.3409982,-548.33984375,-63.96484375,-45.41015625,-111.328125,0.0,0,0
1772214071.40973,1772214071.3448935,-166.9921875,9.27734375,201.66015625,38.57421875,0.0,0,0
1772214071.409742,1772214071.348789,191.89453125,-1.46484375,218.75,163.57421875,0.0,0,0
1772214071.409754,1772214071.3526843,145.01953125,-59.08203125,-68.359375,103.02734375,0.0,0,0
1772214071.409765,1772214071.3565795,-304.19921875,-76.171875,-272.4609375,-73.2421875,0.0,0,0
1772214071.409775,1772214071.3604748,-509.27734375,-64.94140625,-292.96875,-132.8125,0.0,0,0
1772214071.4097862,1772214071.36437,-200.68359375,-24.4140625,-91.30859375,4.8828125,0.0,0,0
1772214071.4097972,1772214071.3682654,279.296875,6.34765625,59.08203125,158.203125,0.0,0,0
1772214071.4098072,1772214071.3721607,307.6171875,-26.3671875,-106.4453125,108.88671875,0.0,0,0
1772214071.4098182,1772214071.376056,-184.08203125,-67.87109375,-312.01171875,-79.58984375,0.0,0,0
1772214071.4098282,1772214071.3799512,-464.35546875,-54.19921875,-294.43359375,-156.73828125,0.0,0,0
1772214071.45557,1772214071.3839948,-218.75,5.37109375,-25.390625,-11.23046875,0.0,0,0
1772214071.455601,1772214071.3878903,271.484375,28.80859375,166.9921875,167.48046875,0.0,0,0
1772214071.455617,1772214071.3917856,360.3515625,-15.13671875,62.01171875,142.578125,0.0,0,0
1772214071.455631,1772214071.395681,64.94140625,-68.84765625,-149.4140625,-45.41015625,0.0,0,0
1772214071.455644,1772214071.3995762,-279.78515625,-65.91796875,-218.26171875,-146.484375,0.0,0,0
1772214071.455657,1772214071.4034715,-506.34765625,-16.6015625,-16.11328125,-25.390625,0.0,0,0
1772214071.45567,1772214071.4073668,-317.87109375,3.41796875,112.79296875,142.578125,0.0,0,0
1772214071.4556842,1772214071.4112623,45.41015625,-32.71484375,9.765625,142.08984375,0.0,0,0
1772214071.4556968,1772214071.4151576,261.23046875,-72.265625,-96.19140625,-22.94921875,0.0,0,0
1772214071.455709,1772214071.4190528,98.14453125,-58.59375,-106.4453125,-159.66796875,0.0,0,0
1772214071.455738,1772214071.4229481,-385.7421875,-16.11328125,54.6875,-74.21875,0.0,0,0
1772214071.4557571,1772214071.4268434,-303.7109375,-4.39453125,252.9296875,128.90625,0.0,0,0
1772214071.501444,1772214071.430876,-2.44140625,-31.73828125,216.796875,148.4375,0.0,0,0
1772214071.501539,1772214071.4347713,206.54296875,-32.71484375,37.109375,-36.62109375,0.0,0,0
1772214071.501559,1772214071.4386668,78.61328125,-23.92578125,-44.43359375,-177.24609375,0.0,0,0
1772214071.501577,1772214071.442562,-364.74609375,-4.39453125,56.15234375,-93.75,0.0,0,0
1772214071.501594,1772214071.4464574,-340.8203125,35.15625,194.82421875,104.98046875,0.0,0,0
1772214071.501611,1772214071.4503527,-28.80859375,29.296875,228.515625,163.57421875,0.0,0,0
1772214071.501628,1772214071.4542482,254.8828125,-35.15625,108.88671875,29.296875,0.0,0,0
1772214071.501645,1772214071.4581435,131.8359375,-65.4296875,26.3671875,-116.69921875,0.0,0,0
1772214071.501662,1772214071.4620388,-252.44140625,-5.37109375,194.82421875,-89.84375,0.0,0,0
1772214071.501678,1772214071.465934,-371.09375,52.24609375,429.19921875,60.546875,0.0,0,0
1772214071.501694,1772214071.4698296,-159.1796875,43.9453125,455.078125,128.90625,0.0,0,0
1772214071.5017111,1772214071.4737248,248.53515625,18.06640625,241.69921875,-4.8828125,0.0,0,0
1772214071.545606,1772214071.4777472,150.87890625,-11.23046875,106.4453125,-189.453125,0.0,0,0
1772214071.545633,1772214071.4816425,-202.1484375,4.8828125,208.984375,-164.55078125,0.0,0,0
1772214071.545652,1772214071.4855378,-351.5625,47.36328125,428.22265625,33.69140625,0.0,0,0
1772214071.545671,1772214071.4894333,-181.15234375,48.33984375,484.375,143.5546875,0.0,0,0
1772214071.545704,1772214071.4933286,241.2109375,18.5546875,216.796875,28.3203125,0.0,0,0
1772214071.545753,1772214071.4972239,195.80078125,14.6484375,40.52734375,-160.15625,0.0,0,0
1772214071.545789,1772214071.5011194,-97.16796875,18.5546875,200.1953125,-172.36328125,0.0,0,0
1772214071.545815,1772214071.5050147,-359.375,20.99609375,491.69921875,19.53125,0.0,0,0
1772214071.545835,1772214071.50891,-211.9140625,67.3828125,570.3125,152.34375,0.0,0,0
1772214071.545855,1772214071.5128055,248.53515625,73.2421875,375.48828125,43.45703125,0.0,0,0
1772214071.5458739,1772214071.5167007,207.51953125,19.04296875,197.75390625,-155.2734375,0.0,0,0
1772214071.5458949,1772214071.520596,-46.38671875,16.11328125,216.796875,-186.03515625,0.0,0,0
1772214071.591018,1772214071.5246089,-354.4921875,49.8046875,394.04296875,-15.13671875,0.0,0,0
1772214071.591088,1772214071.5285041,-262.6953125,55.6640625,401.3671875,137.20703125,0.0,0,0
1772214071.591116,1772214071.5323997,193.84765625,32.2265625,86.9140625,50.29296875,0.0,0,0
1772214071.5911412,1772214071.536295,283.69140625,4.39453125,-10.7421875,-151.3671875,0.0,0,0
1772214071.591171,1772214071.5401902,96.6796875,12.20703125,257.32421875,-197.265625,0.0,0,0
1772214071.591197,1772214071.5440857,-293.9453125,56.15234375,533.69140625,-29.78515625,0.0,0,0
1772214071.591221,1772214071.547981,-211.9140625,74.21875,606.4453125,144.04296875,0.0,0,0
1772214071.5912452,1772214071.5518765,156.73828125,41.015625,387.6953125,90.33203125,0.0,0,0
1772214071.591269,1772214071.5557718,256.34765625,-5.37109375,203.125,-112.3046875,0.0,0,0
1772214071.5912929,1772214071.559667,119.62890625,-6.8359375,263.671875,-208.984375,0.0,0,0
1772214071.5913181,1772214071.5635626,-305.6640625,33.203125,438.4765625,-86.42578125,0.0,0,0
1772214071.591341,1772214071.567458,-254.39453125,52.734375,531.25,100.09765625,0.0,0,0
1772214071.635823,1772214071.5714629,125.48828125,39.55078125,461.42578125,86.42578125,0.0,0,0
1772214071.635935,1772214071.5753582,317.87109375,10.25390625,291.50390625,-113.28125,0.0,0,0
1772214071.635963,1772214071.5792537,183.59375,1.46484375,220.21484375,-240.72265625,0.0,0,0
1772214071.635988,1772214071.583149,-301.7578125,17.08984375,319.82421875,-121.09375,0.0,0,0
1772214071.636012,1772214071.5870445,-292.96875,31.25,384.27734375,93.26171875,0.0,0,0
1772214071.636037,1772214071.5909398,33.69140625,20.99609375,225.09765625,114.2578125,0.0,0,0
1772214071.636065,1772214071.5948353,236.81640625,-20.5078125,-42.48046875,-72.75390625,0.0,0,0
1772214071.636089,1772214071.5987306,93.26171875,-36.1328125,-176.26953125,-226.07421875,0.0,0,0
1772214071.636113,1772214071.602626,-339.84375,-6.34765625,-17.578125,-134.765625,0.0,0,0
1772214071.636137,1772214071.6065214,-321.2890625,23.4375,183.59375,84.9609375,0.0,0,0
1772214071.63617,1772214071.610417,-37.109375,8.7890625,144.04296875,129.8828125,0.0,0,0
1772214071.636208,1772214071.6143122,260.7421875,-36.62109375,-65.91796875,-41.50390625,0.0,0,0
1772214071.681833,1772214071.618306,153.80859375,-49.8046875,-155.76171875,-208.0078125,0.0,0,0
1772214071.681973,1772214071.6222014,-263.18359375,-33.203125,51.26953125,-130.859375,0.0,0,0
1772214071.682016,1772214071.6260967,-325.1953125,-4.8828125,265.13671875,88.37890625,0.0,0,0
1772214071.682057,1772214071.6299922,-107.91015625,0.0,234.86328125,147.4609375,0.0,0,0
1772214071.682095,1772214071.6338878,241.69921875,-27.34375,15.13671875,-26.3671875,0.0,0,0
1772214071.682133,1772214071.637783,169.921875,-42.96875,-142.578125,-216.30859375,0.0,0,0
1772214071.6821718,1772214071.6416786,-158.203125,-28.3203125,-37.59765625,-168.9453125,0.0,0,0
1772214071.682209,1772214071.6455739,-286.1328125,7.8125,157.2265625,40.52734375,0.0,0,0
1772214071.682245,1772214071.6494694,-105.95703125,-1.46484375,184.08203125,128.90625,0.0,0,0
1772214071.682282,1772214071.6533647,334.9609375,-38.0859375,11.71875,-15.625,0.0,0,0
1772214071.682318,1772214071.6572602,272.94921875,-50.78125,-112.3046875,-193.84765625,0.0,0,0
1772214071.682355,1772214071.6611555,-75.1953125,-42.96875,-11.71875,-182.12890625,0.0,0,0
1772214071.7417119,1772214071.665142,-265.13671875,-16.6015625,188.4765625,-6.8359375,0.0,0,0
1772214071.741835,1772214071.6690376,-82.51953125,11.71875,260.7421875,107.421875,0.0,0,0
1772214071.741975,1772214071.672933,364.74609375,-4.8828125,99.12109375,12.20703125,0.0,0,0
1772214071.7420402,1772214071.6768284,331.0546875,-48.828125,-65.91796875,-177.734375,0.0,0,0
1772214071.742282,1772214071.680724,-212.40234375,-62.98828125,4.39453125,-200.1953125,0.0,0,0
1772214071.742356,1772214071.6846192,-277.34375,-5.859375,253.90625,9.27734375,0.0,0,0
1772214071.7424,1772214071.6885147,236.328125,25.390625,333.0078125,160.15625,0.0,0,0
1772214071.742492,1772214071.6924102,264.6484375,-22.4609375,109.86328125,56.640625,0.0,0,0
1772214071.742583,1772214071.6963055,-152.83203125,-60.546875,-106.93359375,-148.4375,0.0,0,0
1772214071.742636,1772214071.700201,-288.0859375,-46.875,-63.96484375,-189.94140625,0.0,0,0
1772214071.7426748,1772214071.7040963,-19.53125,1.953125,174.8046875,-9.765625,0.0,0,0
1772214071.742713,1772214071.7079918,334.9609375,6.8359375,249.0234375,140.13671875,0.0,0,0
1772214071.7865138,1772214071.711962,315.4296875,-40.52734375,85.9375,49.31640625,0.0,0,0
1772214071.786635,1772214071.7158573,-83.0078125,-73.2421875,-78.61328125,-166.9921875,0.0,0,0
1772214071.7866628,1772214071.7197528,-302.24609375,-60.546875,-63.96484375,-234.375,0.0,0,0
1772214071.786688,1772214071.723648,-83.49609375,-5.37109375,158.69140625,-64.453125,0.0,0,0
1772214071.7867122,1772214071.7275436,363.76953125,0.9765625,354.4921875,120.1171875,0.0,0,0
1772214071.786738,1772214071.731439,385.7421875,-43.45703125,287.109375,81.54296875,0.0,0,0
1772214071.786788,1772214071.7353344,-33.203125,-74.21875,52.734375,-127.44140625,0.0,0,0
1772214071.78685,1772214071.73923,-312.98828125,-55.17578125,5.37109375,-234.375,0.0,0,0
1772214071.786879,1772214071.7431254,-164.55078125,5.37109375,207.51953125,-84.47265625,0.0,0,0
1772214071.786929,1772214071.7470207,307.12890625,31.73828125,326.66015625,106.93359375,0.0,0,0
1772214071.7869802,1772214071.7509162,379.39453125,-0.9765625,215.33203125,88.8671875,0.0,0,0
1772214071.787022,1772214071.7548118,0.9765625,-49.8046875,5.859375,-95.21484375,0.0,0,0
1772214071.831338,1772214071.7588582,-330.078125,-63.96484375,-58.59375,-206.0546875,0.0,0,0
1772214071.8314931,1772214071.7627537,-270.5078125,-11.23046875,133.30078125,-86.42578125,0.0,0,0
1772214071.831535,1772214071.7666492,210.44921875,43.9453125,274.4140625,119.62890625,0.0,0,0
1772214071.831574,1772214071.7705448,361.81640625,9.27734375,162.59765625,144.53125,0.0,0,0
1772214071.8316119,1772214071.77444,19.53125,-35.15625,-72.75390625,-46.875,0.0,0,0
1772214071.831836,1772214071.7783356,-325.1953125,-19.53125,-160.64453125,-201.66015625,0.0,0,0
1772214071.831878,1772214071.782231,-289.0625,10.7421875,13.671875,-113.28125,0.0,0,0
1772214071.831915,1772214071.7861266,175.78125,36.1328125,191.40625,97.16796875,0.0,0,0
1772214071.8319519,1772214071.7900221,389.16015625,17.08984375,146.97265625,150.87890625,0.0,0,0
1772214071.831989,1772214071.7939174,67.87109375,-47.8515625,-129.39453125,-17.08984375,0.0,0,0
1772214071.832025,1772214071.797813,-332.51953125,-67.3828125,-301.26953125,-192.87109375,0.0,0,0
1772214071.8320608,1772214071.8017085,-274.4140625,0.9765625,-138.671875,-166.50390625,0.0,0,0
1772214071.8767831,1772214071.8057456,185.546875,55.6640625,83.984375,24.90234375,0.0,0,0
1772214071.876918,1772214071.8096411,459.47265625,38.57421875,128.90625,112.79296875,0.0,0,0
1772214071.876961,1772214071.8135366,253.90625,-16.11328125,-48.828125,-22.94921875,0.0,0,0
1772214071.8769999,1772214071.8174322,-264.6484375,-50.29296875,-173.33984375,-208.984375,0.0,0,0
1772214071.877038,1772214071.8213274,-365.234375,-16.11328125,-61.03515625,-180.6640625,0.0,0,0
1772214071.877076,1772214071.825223,74.70703125,51.26953125,110.83984375,49.31640625,0.0,0,0
1772214071.877114,1772214071.8291185,376.953125,44.43359375,92.7734375,156.25,0.0,0,0
1772214071.877152,1772214071.833014,199.21875,-14.16015625,-113.76953125,17.08984375,0.0,0,0
1772214071.8771882,1772214071.8369095,-302.734375,-41.50390625,-284.66796875,-177.24609375,0.0,0,0
1772214071.8772259,1772214071.840805,-411.62109375,-23.4375,-206.0546875,-194.82421875,0.0,0,0
1772214071.877275,1772214071.8447006,-38.0859375,18.5546875,22.94921875,-3.90625,0.0,0,0
1772214071.877311,1772214071.8485959,318.84765625,27.83203125,83.49609375,137.6953125,0.0,0,0
1772214071.936755,1772214071.8527045,245.60546875,-13.18359375,-65.4296875,29.78515625,0.0,0,0
1772214071.9368992,1772214071.8566,-224.609375,-43.9453125,-208.49609375,-170.8984375,0.0,0,0
1772214071.936943,1772214071.8604956,-409.1796875,-33.203125,-150.390625,-210.9375,0.0,0,0
1772214071.936982,1772214071.864391,-61.5234375,16.11328125,93.26171875,-27.34375,0.0,0,0
1772214071.937021,1772214071.8682866,374.0234375,21.484375,204.58984375,128.90625,0.0,0,0
1772214071.937067,1772214071.8721821,312.01171875,-34.1796875,86.9140625,42.96875,0.0,0,0
1772214071.937105,1772214071.8760777,-145.01953125,-65.91796875,-47.36328125,-139.6484375,0.0,0,0
1772214071.937143,1772214071.8799732,-413.0859375,-61.5234375,-36.62109375,-192.87109375,0.0,0,0
1772214071.937181,1772214071.8838687,-172.36328125,-3.90625,166.50390625,-16.11328125,0.0,0,0
1772214071.9372191,1772214071.8877642,313.96484375,45.8984375,255.37109375,164.55078125,0.0,0,0
1772214071.937257,1772214071.8916597,327.1484375,10.25390625,50.78125,112.79296875,0.0,0,0
1772214071.937293,1772214071.8955553,-136.23046875,-46.38671875,-140.625,-95.21484375,0.0,0,0
1772214071.96655,1772214071.89957,-414.0625,-38.57421875,-107.91015625,-197.265625,0.0,0,0
1772214071.9666991,1772214071.9034655,-208.984375,15.625,120.1171875,-50.78125,0.0,0,0
1772214071.966746,1772214071.907361,313.96484375,37.109375,266.6015625,126.953125,0.0,0,0
1772214071.9667861,1772214071.9112566,390.13671875,0.9765625,161.1328125,93.75,0.0,0,0
1772214071.966825,1772214071.915152,-78.61328125,-62.5,-51.7578125,-108.88671875,0.0,0,0
1772214071.966862,1772214071.9190476,-417.48046875,-65.91796875,-101.5625,-230.95703125,0.0,0,0
1772214071.966911,1772214071.922943,-227.5390625,-9.27734375,167.48046875,-94.7265625,0.0,0,0
1772214071.966957,1772214071.9268386,295.41015625,16.11328125,367.67578125,106.4453125,0.0,0,0
1772214071.9670029,1772214071.9307342,395.5078125,7.8125,290.0390625,112.3046875,0.0,0,0
1772214071.967049,1772214071.9346297,-7.32421875,-28.80859375,82.51953125,-74.70703125,0.0,0,0
1772214071.967124,1772214071.9385252,-414.0625,-54.6875,-11.71875,-230.46875,0.0,0,0
1772214071.967181,1772214071.9424207,-299.31640625,-6.8359375,191.40625,-124.0234375,0.0,0,0
1772214072.011752,1772214071.9464226,253.41796875,26.85546875,405.2734375,93.26171875,0.0,0,0
1772214072.0119512,1772214071.950318,414.0625,-5.37109375,390.625,127.44140625,0.0,0,0
1772214072.012058,1772214071.9542136,19.04296875,-65.4296875,165.52734375,-62.01171875,0.0,0,0
1772214072.0121138,1772214071.9581091,-445.3125,-74.70703125,-1.953125,-231.93359375,0.0,0,0
1772214072.0121658,1772214071.9620047,-373.53515625,-11.71875,176.26953125,-150.390625,0.0,0,0
1772214072.012245,1772214071.9659002,177.734375,36.62109375,387.6953125,62.5,0.0,0,0
1772214072.0123,1772214071.9697957,442.3828125,13.18359375,334.9609375,128.90625,0.0,0,0
1772214072.012397,1772214071.9736915,123.53515625,-31.25,120.60546875,-35.15625,0.0,0,0
1772214072.0124831,1772214071.977587,-427.734375,-44.921875,-41.015625,-211.42578125,0.0,0,0
1772214072.0125399,1772214071.9814825,-449.70703125,-9.765625,66.89453125,-162.59765625,0.0,0,0
1772214072.012594,1772214071.985378,63.96484375,34.66796875,267.08984375,50.78125,0.0,0,0
1772214072.012646,1772214071.9892735,392.578125,21.97265625,215.8203125,151.85546875,0.0,0,0
1772214072.0564768,1772214071.9932673,166.9921875,-28.3203125,-55.17578125,0.0,0.0,0,0
1772214072.056621,1772214071.9971628,-403.3203125,-70.3125,-248.046875,-202.1484375,0.0,0,0
1772214072.056664,1772214072.0010583,-439.94140625,-44.43359375,-148.4375,-187.5,0.0,0,0
1772214072.056703,1772214072.0049539,77.1484375,17.08984375,119.140625,28.80859375,0.0,0,0
1772214072.0567412,1772214072.0088494,408.203125,29.296875,183.59375,155.76171875,0.0,0,0
1772214072.056779,1772214072.0127451,213.8671875,-15.625,-9.27734375,28.3203125,0.0,0,0
1772214072.0568168,1772214072.0166407,-333.984375,-55.17578125,-128.41796875,-166.50390625,0.0,0,0
1772214072.0568562,1772214072.0205362,-511.23046875,-53.7109375,-30.2734375,-190.91796875,0.0,0,0
1772214072.056907,1772214072.0244317,-53.22265625,0.0,250.9765625,9.765625,0.0,0,0
1772214072.0569541,1772214072.0283272,423.33984375,34.66796875,382.8125,166.015625,0.0,0,0
1772214072.05701,1772214072.032223,301.7578125,-8.7890625,192.3828125,68.84765625,0.0,0,0
1772214072.0570471,1772214072.0361185,-251.953125,-58.59375,17.08984375,-129.8828125,0.0,0,0
1772214072.101154,1772214072.0401006,-461.9140625,-37.109375,72.265625,-187.98828125,0.0,0,0
1772214072.101269,1772214072.043996,-118.1640625,21.97265625,307.6171875,-12.6953125,0.0,0,0
1772214072.101311,1772214072.0478919,364.2578125,47.36328125,430.17578125,151.3671875,0.0,0,0
1772214072.101349,1772214072.0517874,301.26953125,-0.9765625,295.41015625,86.9140625,0.0,0,0
1772214072.101388,1772214072.055683,-284.1796875,-60.546875,125.9765625,-118.1640625,0.0,0,0
1772214072.101425,1772214072.0595784,-557.12890625,-50.78125,111.81640625,-209.47265625,0.0,0,0
1772214072.1014621,1772214072.0634742,-230.95703125,8.30078125,354.4921875,-35.64453125,0.0,0,0
1772214072.1014998,1772214072.0673697,322.75390625,33.203125,473.6328125,155.2734375,0.0,0,0
1772214072.101542,1772214072.0712652,333.0078125,-6.34765625,284.1796875,100.09765625,0.0,0,0
1772214072.101578,1772214072.075161,-170.41015625,-50.78125,108.3984375,-111.81640625,0.0,0,0
1772214072.101629,1772214072.0790565,-489.2578125,-43.45703125,105.95703125,-219.23828125,0.0,0,0
1772214072.101666,1772214072.082952,-260.7421875,13.671875,333.0078125,-83.0078125,0.0,0,0
1772214072.177719,1772214072.0870965,306.15234375,39.0625,497.0703125,122.0703125,0.0,0,0
1772214072.17786,1772214072.0909922,394.04296875,4.39453125,381.8359375,113.28125,0.0,0,0
1772214072.177902,1772214072.0948877,-79.58984375,-45.8984375,162.109375,-90.8203125,0.0,0,0
1772214072.177944,1772214072.0987833,-463.37890625,-44.921875,87.40234375,-208.0078125,0.0,0,0
1772214072.177983,1772214072.102679,-322.265625,4.39453125,280.2734375,-78.125,0.0,0,0
1772214072.1780212,1772214072.1065745,248.53515625,36.62109375,449.70703125,119.140625,0.0,0,0
1772214072.178058,1772214072.1104703,401.3671875,-5.37109375,346.6796875,136.23046875,0.0,0,0
1772214072.178096,1772214072.1143658,-55.6640625,-79.58984375,113.28125,-62.01171875,0.0,0,0
1772214072.178133,1772214072.1182616,-520.99609375,-93.75,28.3203125,-238.76953125,0.0,0,0
1772214072.178417,1772214072.122157,-426.26953125,-41.50390625,213.37890625,-145.5078125,0.0,0,0
1772214072.178459,1772214072.1260526,140.13671875,3.41796875,399.4140625,72.265625,0.0,0,0
1772214072.178496,1772214072.1299484,388.18359375,-4.39453125,339.35546875,128.90625,0.0,0,0
1772214072.236824,1772214072.134158,44.921875,-60.05859375,93.26171875,-32.2265625,0.0,0,0
1772214072.236969,1772214072.1380534,-491.2109375,-97.16796875,-47.8515625,-209.9609375,0.0,0,0
1772214072.2370188,1772214072.1419492,-468.26171875,-54.6875,77.1484375,-161.62109375,0.0,0,0
1772214072.237065,1772214072.145845,93.75,-4.8828125,260.7421875,52.734375,0.0,0,0
1772214072.237105,1772214072.1497405,374.0234375,-20.99609375,234.86328125,135.7421875,0.0,0,0
1772214072.23718,1772214072.1536362,113.28125,-77.63671875,17.08984375,-14.16015625,0.0,0,0
1772214072.2372758,1772214072.157532,-433.10546875,-113.28125,-97.65625,-207.03125,0.0,0,0
1772214072.237317,1772214072.1614275,-497.55859375,-78.61328125,23.92578125,-190.4296875,0.0,0,0
1772214072.237356,1772214072.1653233,45.8984375,-2.44140625,244.140625,28.80859375,0.0,0,0
1772214072.237393,1772214072.1692188,409.66796875,11.71875,299.31640625,154.296875,0.0,0,0
1772214072.23743,1772214072.1731145,191.40625,-44.43359375,111.81640625,28.3203125,0.0,0,0
1772214072.2374778,1772214072.1770103,-406.73828125,-80.56640625,-20.01953125,-166.9921875,0.0,0,0
1772214072.251083,1772214072.1810462,-520.5078125,-44.921875,112.79296875,-168.9453125,0.0,0,0
1772214072.251157,1772214072.184942,-52.24609375,25.87890625,348.6328125,29.78515625,0.0,0,0
1772214072.251185,1772214072.1888378,346.6796875,34.1796875,359.86328125,158.69140625,0.0,0,0
1772214072.25121,1772214072.1927333,231.93359375,-18.06640625,123.53515625,40.52734375,0.0,0,0
1772214072.251311,1772214072.196629,-337.890625,-53.22265625,-62.5,-167.96875,0.0,0,0
1772214072.2513542,1772214072.2005248,-520.01953125,-29.78515625,-13.671875,-200.68359375,0.0,0,0
1772214072.251382,1772214072.2044206,-105.95703125,27.34375,218.75,-8.30078125,0.0,0,0
1772214072.251426,1772214072.208316,367.67578125,39.0625,308.59375,151.85546875,0.0,0,0
1772214072.25147,1772214072.2122118,320.80078125,-9.765625,106.4453125,66.40625,0.0,0,0
1772214072.2515268,1772214072.2161076,-233.88671875,-63.96484375,-109.375,-141.11328125,0.0,0,0
1772214072.251578,1772214072.2200031,-492.67578125,-60.546875,-85.44921875,-215.33203125,0.0,0,0
1772214072.2516081,1772214072.223899,-273.92578125,7.32421875,167.48046875,-50.29296875,0.0,0,0
1772214072.296365,1772214072.22792,57.12890625,20.99609375,270.99609375,129.8828125,0.0,0,0
1772214072.2964869,1772214072.2318158,239.2578125,2.44140625,72.265625,88.8671875,0.0,0,0
1772214072.296522,1772214072.2357113,181.640625,-12.6953125,-166.015625,-116.2109375,0.0,0,0
1772214072.296553,1772214072.239607,-91.30859375,-34.66796875,-223.6328125,-219.23828125,0.0,0,0
1772214072.296583,1772214072.2435029,-372.55859375,5.37109375,-21.97265625,-53.22265625,0.0,0,0
1772214072.296617,1772214072.2473986,-144.04296875,40.0390625,143.5546875,136.23046875,0.0,0,0
1772214072.296648,1772214072.2512944,182.6171875,5.37109375,57.6171875,114.2578125,0.0,0,0
1772214072.296677,1772214072.25519,196.77734375,-28.3203125,-105.95703125,-78.125,0.0,0,0
1772214072.2967072,1772214072.2590857,-65.91796875,-29.78515625,-141.11328125,-200.68359375,0.0,0,0
1772214072.296737,1772214072.2629814,-416.9921875,-7.32421875,29.78515625,-67.3828125,0.0,0,0
1772214072.2967649,1772214072.2668772,-218.26171875,31.73828125,176.7578125,137.20703125,0.0,0,0
1772214072.2967942,1772214072.270773,138.18359375,24.4140625,158.203125,141.11328125,0.0,0,0
1772214072.3410401,1772214072.274783,255.859375,-28.80859375,-23.92578125,-54.19921875,0.0,0,0
1772214072.341163,1772214072.2786787,31.73828125,-32.2265625,-57.6171875,-178.7109375,0.0,0,0
1772214072.341193,1772214072.2825744,-317.87109375,8.7890625,204.58984375,-66.40625,0.0,0,0
1772214072.341218,1772214072.28647,-221.6796875,14.6484375,362.79296875,127.44140625,0.0,0,0
1772214072.341244,1772214072.2903657,56.15234375,-3.90625,313.4765625,151.85546875,0.0,0,0
1772214072.341269,1772214072.2942615,253.90625,-25.390625,176.26953125,-48.33984375,0.0,0,0
1772214072.341293,1772214072.2981572,42.96875,-36.62109375,93.26171875,-209.47265625,0.0,0,0
1772214072.3413172,1772214072.302053,-309.08203125,-17.08984375,228.02734375,-118.65234375,0.0,0,0
1772214072.341342,1772214072.3059487,-326.66015625,6.34765625,426.7578125,91.796875,0.0,0,0
1772214072.341365,1772214072.3098445,-102.5390625,13.18359375,410.15625,162.109375,0.0,0,0
1772214072.341389,1772214072.3137403,238.28125,3.90625,199.21875,7.32421875,0.0,0,0
1772214072.341413,1772214072.317636,4.8828125,-31.25,34.66796875,-170.41015625,0.0,0,0
1772214072.3862789,1772214072.3216345,-360.83984375,-31.73828125,100.5859375,-134.27734375,0.0,0,0
1772214072.386477,1772214072.3255303,-365.72265625,4.39453125,235.83984375,71.2890625,0.0,0,0
1772214072.3865118,1772214072.329426,-53.7109375,6.34765625,247.55859375,188.4765625,0.0,0,0
1772214072.3865888,1772214072.3333218,301.7578125,-23.4375,94.7265625,43.9453125,0.0,0,0
1772214072.386633,1772214072.3372176,68.359375,-38.0859375,-28.3203125,-170.41015625,0.0,0,0
1772214072.386662,1772214072.3411133,-232.91015625,-15.625,95.21484375,-172.8515625,0.0,0,0
1772214072.386713,1772214072.345009,-301.7578125,5.37109375,289.55078125,34.1796875,0.0,0,0
1772214072.386752,1772214072.3489048,-51.26953125,5.37109375,322.75390625,178.7109375,0.0,0,0
1772214072.3867788,1772214072.3528006,282.71484375,-13.671875,158.203125,64.94140625,0.0,0,0
1772214072.386828,1772214072.3566964,67.87109375,-48.828125,-11.23046875,-142.578125,0.0,0,0
1772214072.386862,1772214072.360592,-225.09765625,-33.69140625,42.48046875,-190.91796875,0.0,0,0
1772214072.386925,1772214072.3644876,-369.62890625,10.7421875,230.95703125,-9.765625,0.0,0,0
1772214072.432271,1772214072.3684762,-111.328125,14.6484375,283.203125,157.71484375,0.0,0,0
1772214072.4323788,1772214072.372372,250.48828125,-20.01953125,107.421875,69.82421875,0.0,0,0
1772214072.432408,1772214072.3762677,92.28515625,-77.1484375,-67.3828125,-138.671875,0.0,0,0
1772214072.432435,1772214072.3801634,-165.0390625,-76.66015625,-20.99609375,-201.66015625,0.0,0,0
1772214072.432462,1772214072.3840592,-348.14453125,-19.04296875,227.05078125,-20.5078125,0.0,0,0
1772214072.432488,1772214072.387955,-87.890625,18.06640625,343.26171875,152.34375,0.0,0,0
1772214072.4325492,1772214072.3918507,234.375,-5.37109375,205.078125,86.42578125,0.0,0,0
1772214072.432589,1772214072.3957465,130.859375,-52.734375,-7.32421875,-112.79296875,0.0,0,0
1772214072.432636,1772214072.3996422,-109.375,-47.36328125,-36.62109375,-202.1484375,0.0,0,0
1772214072.4326808,1772214072.403538,-385.25390625,-6.34765625,151.3671875,-56.15234375,0.0,0,0
1772214072.43278,1772214072.4074337,-128.41796875,20.01953125,258.30078125,133.7890625,0.0,0,0
1772214072.4328399,1772214072.4113295,237.3046875,2.9296875,155.2734375,109.86328125,0.0,0,0
1772214072.477194,1772214072.4153132,192.87109375,-41.015625,-24.4140625,-109.375,0.0,0,0
1772214072.4773152,1772214072.419209,-59.5703125,-42.96875,-61.03515625,-226.5625,0.0,0,0
1772214072.477348,1772214072.4231048,-374.51171875,-6.8359375,74.70703125,-75.1953125,0.0,0,0
1772214072.4773738,1772214072.4270005,-162.59765625,23.4375,199.21875,134.27734375,0.0,0,0
1772214072.477399,1772214072.4308963,135.7421875,3.90625,100.5859375,118.1640625,0.0,0,0
1772214072.4774241,1772214072.434792,189.94140625,-29.78515625,-129.39453125,-90.33203125,0.0,0,0
1772214072.477449,1772214072.4386878,-26.85546875,-35.64453125,-172.8515625,-222.65625,0.0,0,0
1772214072.477473,1772214072.4425836,-371.09375,4.39453125,37.109375,-109.375,0.0,0,0
1772214072.4774961,1772214072.4464793,-203.61328125,41.015625,239.74609375,93.75,0.0,0,0
1772214072.477521,1772214072.450375,111.81640625,32.2265625,245.1171875,127.44140625,0.0,0,0
1772214072.477545,1772214072.4542708,226.07421875,9.765625,50.78125,-70.3125,0.0,0,0
1772214072.477568,1772214072.4581666,23.4375,10.7421875,-63.4765625,-231.4453125,0.0,0,0
1772214072.536866,1772214072.4622178,-336.42578125,33.69140625,112.3046875,-146.97265625,0.0,0,0
1772214072.537131,1772214072.4661136,-292.96875,59.08203125,296.875,54.19921875,0.0,0,0
1772214072.537163,1772214072.4700093,37.59765625,53.7109375,308.59375,120.60546875,0.0,0,0
1772214072.537189,1772214072.473905,273.92578125,6.8359375,145.5078125,-48.33984375,0.0,0,0
1772214072.537214,1772214072.4778008,15.625,-14.16015625,24.90234375,-224.12109375,0.0,0,0
1772214072.5372381,1772214072.4816968,-303.7109375,25.87890625,154.78515625,-176.7578125,0.0,0,0
1772214072.537261,1772214072.4855926,-288.0859375,52.734375,333.984375,31.25,0.0,0,0
1772214072.5372841,1772214072.4894884,-75.68359375,28.3203125,293.45703125,124.0234375,0.0,0,0
1772214072.537308,1772214072.4933841,250.0,2.9296875,63.4765625,-30.2734375,0.0,0,0
1772214072.53733,1772214072.49728,67.3828125,-11.23046875,-85.44921875,-228.02734375,0.0,0,0
1772214072.537353,1772214072.5011756,-247.0703125,0.0,-24.4140625,-204.58984375,0.0,0,0
1772214072.537376,1772214072.5050716,-299.8046875,37.109375,176.7578125,10.7421875,0.0,0,0
1772214072.582013,1772214072.5091143,-50.78125,42.96875,259.765625,137.20703125,0.0,0,0
1772214072.5821729,1772214072.51301,293.9453125,7.32421875,75.1953125,0.9765625,0.0,0,0
1772214072.582218,1772214072.5169058,125.9765625,-18.06640625,-91.796875,-207.51953125,0.0,0,0
1772214072.582258,1772214072.5208018,-167.96875,-20.99609375,-22.4609375,-223.14453125,0.0,0,0
1772214072.582297,1772214072.5246975,-337.40234375,-5.859375,182.12890625,-22.4609375,0.0,0,0
1772214072.582335,1772214072.5285933,-88.37890625,20.5078125,220.21484375,138.671875,0.0,0,0
1772214072.5823739,1772214072.532489,295.41015625,4.39453125,18.06640625,37.109375,0.0,0,0
1772214072.582411,1772214072.536385,131.8359375,-36.62109375,-154.296875,-177.734375,0.0,0,0
1772214072.58245,1772214072.5402808,-129.8828125,-31.25,-87.40234375,-221.6796875,0.0,0,0
1772214072.582486,1772214072.5441766,-340.33203125,3.41796875,125.48828125,-19.53125,0.0,0,0
1772214072.5825229,1772214072.5480723,-164.55078125,20.01953125,180.6640625,151.85546875,0.0,0,0
1772214072.58256,1772214072.5519683,208.0078125,2.9296875,10.25390625,60.546875,0.0,0,0
1772214072.626443,1772214072.5559995,163.0859375,-38.57421875,-139.6484375,-165.0390625,0.0,0,0
1772214072.626559,1772214072.5598955,-99.609375,-32.71484375,-148.92578125,-247.0703125,0.0,0,0
1772214072.6265988,1772214072.5637913,-408.69140625,13.18359375,37.109375,-69.82421875,0.0,0,0
1772214072.626637,1772214072.567687,-199.70703125,32.2265625,160.64453125,125.0,0.0,0,0
1772214072.626674,1772214072.571583,179.6875,11.71875,4.39453125,87.40234375,0.0,0,0
1772214072.626712,1772214072.5754788,230.95703125,-21.97265625,-209.47265625,-120.1171875,0.0,0,0
1772214072.62675,1772214072.5793746,-7.32421875,-25.87890625,-267.08984375,-218.75,0.0,0,0
1772214072.6267872,1772214072.5832705,-406.25,-1.953125,-80.078125,-41.50390625,0.0,0,0
1772214072.626823,1772214072.5871663,-250.0,-3.41796875,62.5,175.29296875,0.0,0,0
1772214072.626868,1772214072.591062,99.609375,-13.671875,-50.78125,152.34375,0.0,0,0
1772214072.626923,1772214072.594958,256.8359375,-14.16015625,-218.75,-61.5234375,0.0,0,0
1772214072.626959,1772214072.5988538,80.078125,-17.08984375,-223.6328125,-189.453125,0.0,0,0
1772214072.685639,1772214072.6028767,-409.1796875,-15.13671875,-61.03515625,-67.3828125,0.0,0,0
1772214072.685782,1772214072.6067724,-312.5,6.34765625,86.42578125,129.8828125,0.0,0,0
1772214072.685836,1772214072.6106682,77.1484375,16.11328125,61.03515625,146.97265625,0.0,0,0
1772214072.685888,1772214072.6145642,270.01953125,-24.90234375,-133.7890625,-45.8984375,0.0,0,0
1772214072.685941,1772214072.61846,92.7734375,-49.31640625,-174.8046875,-204.1015625,0.0,0,0
1772214072.685992,1772214072.622356,-322.75390625,-31.73828125,23.4375,-128.90625,0.0,0,0
1772214072.6860778,1772214072.6262517,-318.84765625,-7.8125,146.97265625,76.66015625,0.0,0,0
1772214072.6861298,1772214072.6301477,-45.8984375,-11.23046875,116.2109375,145.5078125,0.0,0,0
1772214072.686181,1772214072.6340435,255.859375,-41.015625,-29.296875,-23.4375,0.0,0,0
1772214072.68624,1772214072.6379392,98.14453125,-62.5,-105.46875,-183.10546875,0.0,0,0
1772214072.6862988,1772214072.6418352,-326.66015625,-42.48046875,67.3828125,-135.7421875,0.0,0,0
1772214072.686371,1772214072.645731,-407.71484375,2.9296875,277.83203125,49.31640625,0.0,0,0
1772214072.716901,1772214072.6497393,-127.44140625,2.44140625,321.77734375,145.5078125,0.0,0,0
1772214072.7169962,1772214072.653635,253.90625,-33.203125,194.3359375,3.41796875,0.0,0,0
1772214072.717039,1772214072.657531,96.6796875,-51.26953125,64.94140625,-181.15234375,0.0,0,0
1772214072.7171378,1772214072.6614268,-254.39453125,-42.96875,161.1328125,-146.484375,0.0,0,0
1772214072.7172532,1772214072.6653228,-373.53515625,-10.7421875,357.91015625,69.3359375,0.0,0,0
1772214072.717372,1772214072.6692185,-134.27734375,6.8359375,402.83203125,170.41015625,0.0,0,0
1772214072.717419,1772214072.6731145,270.99609375,-20.99609375,229.98046875,20.99609375,0.0,0,0
1772214072.7174988,1772214072.6770103,129.8828125,-55.6640625,70.3125,-180.17578125,0.0,0,0
1772214072.7176,1772214072.6809063,-178.7109375,-49.8046875,144.53125,-171.875,0.0,0,0
1772214072.7176561,1772214072.684802,-334.47265625,-6.8359375,325.68359375,39.0625,0.0,0,0
1772214072.717688,1772214072.688698,-119.62890625,20.99609375,383.30078125,169.921875,0.0,0,0
1772214072.7177181,1772214072.6925938,296.38671875,-2.9296875,225.09765625,51.26953125,0.0,0,0
1772214072.761885,1772214072.6965954,125.9765625,-55.6640625,51.7578125,-152.83203125,0.0,0,0
1772214072.7620292,1772214072.7004912,-154.296875,-59.5703125,103.515625,-184.5703125,0.0,0,0
1772214072.762073,1772214072.7043872,-309.5703125,-12.6953125,285.15625,-4.8828125,0.0,0,0
1772214072.762112,1772214072.708283,-126.953125,-1.46484375,367.1875,151.3671875,0.0,0,0
1772214072.7621498,1772214072.712179,257.8125,-23.4375,242.67578125,74.70703125,0.0,0,0
1772214072.762188,1772214072.7160747,205.56640625,-52.24609375,59.5703125,-143.5546875,0.0,0,0
1772214072.762243,1772214072.7199707,-73.2421875,-56.640625,38.0859375,-208.984375,0.0,0,0
1772214072.762282,1772214072.7238667,-312.01171875,0.0,230.95703125,-10.7421875,0.0,0,0
1772214072.7623181,1772214072.7277625,-108.88671875,29.296875,344.7265625,158.69140625,0.0,0,0
1772214072.7623549,1772214072.7316585,216.30859375,8.30078125,209.47265625,102.5390625,0.0,0,0
1772214072.762392,1772214072.7355542,220.21484375,-8.7890625,56.640625,-99.609375,0.0,0,0
1772214072.7624269,1772214072.7394502,-42.48046875,-21.484375,56.640625,-210.44921875,0.0,0,0
1772214072.836471,1772214072.743601,-411.1328125,-8.7890625,224.609375,-72.75390625,0.0,0,0
1772214072.836596,1772214072.7474968,-252.9296875,27.83203125,255.859375,113.76953125,0.0,0,0
1772214072.83664,1772214072.7513928,53.7109375,29.296875,81.54296875,82.03125,0.0,0,0
1772214072.836679,1772214072.7552888,61.03515625,-2.44140625,-109.375,-148.4375,0.0,0,0
1772214072.836716,1772214072.7591848,-166.015625,-17.578125,-125.0,-276.85546875,0.0,0,0
1772214072.836753,1772214072.7630806,-460.9375,30.76171875,85.9375,-148.92578125,0.0,0,0
1772214072.8368042,1772214072.7669766,-238.28125,83.49609375,273.4375,47.8515625,0.0,0,0
1772214072.83684,1772214072.7708726,1.953125,62.98828125,256.34765625,42.48046875,0.0,0,0
1772214072.836877,1772214072.7747686,56.15234375,16.6015625,179.19921875,-146.97265625,0.0,0,0
1772214072.836916,1772214072.7786644,-135.7421875,7.8125,176.26953125,-287.109375,0.0,0,0
1772214072.836951,1772214072.7825603,-422.8515625,54.19921875,332.51953125,-197.75390625,0.0,0,0
1772214072.836988,1772214072.7864563,-288.57421875,102.05078125,446.2890625,4.39453125,0.0,0,0
1772214072.851601,1772214072.7904387,-77.1484375,82.51953125,277.34375,48.828125,0.0,0,0
1772214072.851707,1772214072.7943344,121.09375,27.34375,44.43359375,-109.375,0.0,0,0
1772214072.851764,1772214072.7982304,-94.7265625,-9.765625,-70.3125,-291.9921875,0.0,0,0
1772214072.851817,1772214072.8021264,-372.0703125,9.765625,106.4453125,-223.14453125,0.0,0,0
1772214072.8518689,1772214072.8060224,-175.29296875,62.98828125,269.04296875,30.76171875,0.0,0,0
1772214072.8519208,1772214072.8099182,90.8203125,70.3125,175.29296875,125.48828125,0.0,0,0
1772214072.8521988,1772214072.8138142,203.61328125,12.20703125,36.62109375,-24.90234375,0.0,0,0
1772214072.852256,1772214072.8177102,-171.38671875,-33.69140625,-151.85546875,-209.9609375,0.0,0,0
1772214072.8523269,1772214072.8216062,-409.66796875,-7.8125,-121.09375,-168.9453125,0.0,0,0
1772214072.8523772,1772214072.8255022,-213.37890625,27.83203125,60.546875,42.48046875,0.0,0,0
1772214072.852427,1772214072.829398,105.95703125,13.671875,78.125,157.71484375,0.0,0,0
1772214072.8524811,1772214072.833294,300.78125,-26.3671875,-41.015625,22.4609375,0.0,0,0
1772214072.912684,1772214072.837267,-32.71484375,-62.98828125,-212.890625,-179.19921875,0.0,0,0
1772214072.91286,1772214072.841163,-219.7265625,-66.89453125,-90.8203125,-160.64453125,0.0,0,0
1772214072.912918,1772214072.8450587,-113.28125,-23.4375,129.39453125,58.10546875,0.0,0,0
1772214072.912972,1772214072.8489547,128.41796875,-7.8125,184.5703125,193.84765625,0.0,0,0
1772214072.9130602,1772214072.8528507,292.48046875,-76.171875,37.59765625,61.5234375,0.0,0,0
1772214072.913116,1772214072.8567467,14.16015625,-104.4921875,-179.6875,-131.8359375,0.0,0,0
1772214072.913156,1772214072.8606427,-209.9609375,-57.12890625,-185.05859375,-145.99609375,0.0,0,0
1772214072.913218,1772214072.8645387,-154.296875,-15.13671875,22.94921875,50.78125,0.0,0,0
1772214072.913256,1772214072.8684344,163.57421875,-20.5078125,74.70703125,236.328125,0.0,0,0
1772214072.913294,1772214072.8723304,284.66796875,-68.84765625,-207.03125,120.1171875,0.0,0,0
1772214072.913332,1772214072.8762264,-80.078125,-84.9609375,-455.56640625,-129.39453125,0.0,0,0
1772214072.9133701,1772214072.8801224,-298.828125,-68.84765625,-452.1484375,-191.40625,0.0,0,0
1772214072.9573429,1772214072.884168,-256.8359375,-44.43359375,-244.140625,4.8828125,0.0,0,0
1772214072.9574451,1772214072.888064,45.8984375,-30.76171875,-169.921875,193.359375,0.0,0,0
1772214072.957503,1772214072.89196,271.484375,-46.38671875,-431.15234375,115.234375,0.0,0,0
1772214072.957557,1772214072.895856,63.96484375,-100.09765625,-678.7109375,-93.26171875,0.0,0,0
1772214072.957609,1772214072.899752,-168.45703125,-113.76953125,-662.59765625,-157.71484375,0.0,0,0
1772214072.9576619,1772214072.903648,-198.2421875,-56.640625,-436.5234375,5.859375,0.0,0,0
1772214072.9577029,1772214072.907544,143.06640625,-31.25,-188.96484375,182.12890625,0.0,0,0
1772214072.9577432,1772214072.91144,294.43359375,-74.70703125,-305.17578125,140.13671875,0.0,0,0
1772214072.957781,1772214072.9153357,70.3125,-132.32421875,-578.125,-60.05859375,0.0,0,0
1772214072.957819,1772214072.9192317,-176.26953125,-136.71875,-563.4765625,-179.19921875,0.0,0,0
1772214072.9578571,1772214072.9231277,-241.2109375,-91.796875,-295.8984375,-40.52734375,0.0,0,0
1772214072.957912,1772214072.9270236,119.62890625,-61.5234375,-156.25,141.11328125,0.0,0,0
1772214073.002246,1772214072.931058,307.6171875,-80.56640625,-323.73046875,118.65234375,0.0,0,0
1772214073.0024,1772214072.934954,169.43359375,-122.0703125,-577.1484375,-64.94140625,0.0,0,0
1772214073.002444,1772214072.93885,-51.26953125,-130.859375,-583.984375,-184.08203125,0.0,0,0
1772214073.002485,1772214072.942746,-199.70703125,-99.609375,-350.09765625,-70.80078125,0.0,0,0
1772214073.002523,1772214072.946642,115.72265625,-76.66015625,-199.70703125,127.9296875,0.0,0,0
1772214073.0025659,1772214072.950538,370.1171875,-93.26171875,-290.52734375,166.50390625,0.0,0,0
1772214073.002603,1772214072.954434,266.11328125,-127.44140625,-516.6015625,-22.94921875,0.0,0,0
1772214073.002651,1772214072.95833,-43.45703125,-131.8359375,-574.70703125,-202.63671875,0.0,0,0
1772214073.0027032,1772214072.962226,-192.3828125,-69.82421875,-376.953125,-112.3046875,0.0,0,0
1772214073.0027468,1772214072.966122,123.046875,-23.92578125,-178.7109375,115.234375,0.0,0,0
1772214073.00279,1772214072.970018,389.6484375,-63.4765625,-145.99609375,180.6640625,0.0,0,0
1772214073.0028439,1772214072.973914,312.01171875,-125.9765625,-316.40625,17.08984375,0.0,0,0
1772214073.046148,1772214072.97793,-48.828125,-124.0234375,-410.64453125,-172.36328125,0.0,0,0
1772214073.046221,1772214072.981826,-217.28515625,-72.75390625,-254.8828125,-125.9765625,0.0,0,0
1772214073.046249,1772214072.985722,42.48046875,-25.87890625,-55.17578125,89.35546875,0.0,0,0
1772214073.0462751,1772214072.989618,292.48046875,-41.50390625,-67.3828125,170.41015625,0.0,0,0
1772214073.0463,1772214072.993514,323.2421875,-83.984375,-255.37109375,20.5078125,0.0,0,0
1772214073.046325,1772214072.99741,-23.4375,-87.890625,-372.0703125,-163.0859375,0.0,0,0
1772214073.046348,1772214073.001306,-229.4921875,-60.546875,-249.0234375,-149.90234375,0.0,0,0
1772214073.0463722,1772214073.005202,-21.97265625,-4.39453125,-69.82421875,54.6875,0.0,0,0
1772214073.0463989,1772214073.009098,263.18359375,0.9765625,-92.7734375,166.015625,0.0,0,0
1772214073.0464242,1772214073.0129943,348.6328125,-33.203125,-178.22265625,36.1328125,0.0,0,0
1772214073.0464482,1772214073.0168903,-25.87890625,-71.2890625,-196.77734375,-147.4609375,0.0,0,0
1772214073.046479,1772214073.0207863,-260.7421875,-73.73046875,-161.62109375,-172.36328125,0.0,0,0
1772214073.090949,1772214073.024793,-107.421875,-17.578125,-22.4609375,-1.46484375,0.0,0,0
1772214073.091031,1772214073.028689,215.8203125,16.6015625,-16.6015625,142.578125,0.0,0,0
1772214073.091059,1772214073.032585,355.46875,-11.23046875,-207.51953125,46.38671875,0.0,0,0
1772214073.091104,1772214073.036481,4.39453125,-73.73046875,-387.20703125,-147.4609375,0.0,0,0
1772214073.0912042,1772214073.040377,-210.9375,-53.7109375,-381.34765625,-202.63671875,0.0,0,0
1772214073.091233,1772214073.0442731,-82.03125,25.87890625,-100.5859375,-42.48046875,0.0,0,0
1772214073.09126,1772214073.0481691,251.46484375,40.52734375,83.0078125,124.0234375,0.0,0,0
1772214073.091285,1772214073.0520651,396.97265625,-7.8125,24.90234375,54.6875,0.0,0,0
1772214073.09131,1772214073.0559611,52.734375,-61.03515625,-58.10546875,-149.90234375,0.0,0,0
1772214073.0913332,1772214073.0598571,-214.35546875,-46.38671875,-7.8125,-223.14453125,0.0,0,0
1772214073.091357,1772214073.0637531,-134.765625,9.27734375,236.81640625,-49.31640625,0.0,0,0
1772214073.0913868,1772214073.0676494,244.62890625,16.6015625,366.2109375,141.11328125,0.0,0,0
1772214073.1363919,1772214073.0716453,384.27734375,-26.85546875,278.80859375,98.14453125,0.0,0,0
1772214073.13648,1772214073.0755413,74.70703125,-71.77734375,123.046875,-106.4453125,0.0,0,0
1772214073.136508,1772214073.0794373,-210.9375,-60.05859375,83.984375,-224.609375,0.0,0,0
1772214073.136533,1772214073.0833335,-213.37890625,-5.37109375,264.6484375,-84.47265625,0.0,0,0
1772214073.136598,1772214073.0872295,211.42578125,25.87890625,370.60546875,107.91015625,0.0,0,0
1772214073.1366348,1772214073.0911255,376.46484375,9.765625,212.40234375,78.61328125,0.0,0,0
1772214073.136662,1772214073.0950215,134.765625,-22.4609375,43.45703125,-117.67578125,0.0,0,0
1772214073.136687,1772214073.0989177,-180.6640625,-33.69140625,58.10546875,-237.3046875,0.0,0,0
1772214073.136711,1772214073.1028137,-285.15625,2.9296875,265.13671875,-114.74609375,0.0,0,0
1772214073.136735,1772214073.1067097,107.91015625,20.5078125,439.94140625,86.9140625,0.0,0,0
1772214073.136759,1772214073.1106057,302.734375,-5.37109375,369.62890625,106.4453125,0.0,0,0
1772214073.136786,1772214073.1145017,99.12109375,-23.4375,160.15625,-70.80078125,0.0,0,0
1772214073.1811259,1772214073.1184883,-230.46875,-30.2734375,93.26171875,-214.84375,0.0,0,0
1772214073.181217,1772214073.1223843,-375.0,-9.27734375,238.76953125,-130.37109375,0.0,0,0
1772214073.181252,1772214073.1262803,-15.625,22.94921875,378.41796875,69.82421875,0.0,0,0
1772214073.181278,1772214073.1301765,269.53125,-2.9296875,309.5703125,122.0703125,0.0,0,0
1772214073.181302,1772214073.1340725,182.6171875,-58.59375,99.609375,-39.0625,0.0,0,0
1772214073.1813262,1772214073.1379685,-184.08203125,-58.59375,-3.41796875,-198.73046875,0.0,0,0
1772214073.18135,1772214073.1418645,-324.21875,-20.99609375,111.328125,-130.859375,0.0,0,0
1772214073.1813738,1772214073.1457608,13.18359375,6.34765625,269.53125,80.56640625,0.0,0,0
1772214073.181399,1772214073.1496568,269.04296875,-0.9765625,224.609375,150.87890625,0.0,0,0
1772214073.181487,1772214073.1535528,203.125,-45.8984375,-3.41796875,-19.04296875,0.0,0,0
1772214073.181513,1772214073.157449,-184.08203125,-59.08203125,-117.1875,-199.21875,0.0,0,0
1772214073.181537,1772214073.161345,-321.77734375,-15.625,30.2734375,-157.71484375,0.0,0,0
1772214073.2260008,1772214073.1653228,-89.35546875,20.99609375,181.15234375,43.9453125,0.0,0,0
1772214073.2261262,1772214073.1692188,189.453125,8.30078125,199.70703125,145.99609375,0.0,0,0
1772214073.226169,1772214073.173115,267.08984375,-45.8984375,78.125,24.4140625,0.0,0,0
1772214073.226212,1772214073.177011,-132.8125,-65.91796875,-44.43359375,-159.66796875,0.0,0,0
1772214073.2262511,1772214073.180907,-362.79296875,-27.34375,40.0390625,-170.8984375,0.0,0,0
1772214073.22629,1772214073.1848032,-158.69140625,19.53125,234.86328125,4.8828125,0.0,0,0
1772214073.226329,1772214073.1886992,162.109375,21.484375,282.2265625,125.48828125,0.0,0,0
1772214073.226367,1772214073.1925952,221.19140625,-27.83203125,113.76953125,24.90234375,0.0,0,0
1772214073.2264042,1772214073.1964915,-184.08203125,-84.9609375,-59.5703125,-173.33984375,0.0,0,0
1772214073.226444,1772214073.2003875,-395.01953125,-65.91796875,-5.859375,-199.70703125,0.0,0,0
1772214073.226481,1772214073.2042835,-203.61328125,-6.34765625,220.703125,-1.46484375,0.0,0,0
1772214073.226517,1772214073.2081797,150.87890625,13.18359375,293.45703125,155.76171875,0.0,0,0
1772214073.286067,1772214073.2121465,280.76171875,-20.01953125,128.41796875,81.54296875,0.0,0,0
1772214073.2861922,1772214073.2160425,-95.703125,-52.734375,-72.265625,-122.55859375,0.0,0,0
1772214073.2862458,1772214073.2199385,-377.44140625,-37.109375,-79.58984375,-195.80078125,0.0,0,0
1772214073.286298,1772214073.2238348,-302.24609375,-6.8359375,119.62890625,-36.62109375,0.0,0,0
1772214073.286339,1772214073.2277308,118.65234375,8.30078125,229.00390625,123.53515625,0.0,0,0
1772214073.286377,1772214073.2316267,318.359375,-7.8125,81.54296875,69.3359375,0.0,0,0
1772214073.286415,1772214073.235523,-21.97265625,-49.8046875,-144.04296875,-125.0,0.0,0,0
1772214073.286457,1772214073.239419,-345.703125,-71.77734375,-208.49609375,-229.98046875,0.0,0,0
1772214073.286495,1772214073.2433152,-325.68359375,-29.296875,-17.578125,-77.63671875,0.0,0,0
1772214073.286531,1772214073.2472112,162.59765625,-0.48828125,122.55859375,131.34765625,0.0,0,0
1772214073.2865732,1772214073.2511072,362.3046875,-27.34375,-2.44140625,88.37890625,0.0,0,0
1772214073.28661,1772214073.2550035,65.91796875,-47.36328125,-199.70703125,-128.41796875,0.0,0,0
1772214073.3309429,1772214073.2590404,-242.1875,-50.78125,-240.234375,-239.74609375,0.0,0,0
1772214073.3310359,1772214073.2629366,-296.875,-19.04296875,-46.875,-103.02734375,0.0,0,0
1772214073.3310661,1772214073.2668326,138.18359375,15.13671875,121.58203125,84.9609375,0.0,0,0
1772214073.331092,1772214073.2707288,325.1953125,-16.11328125,13.18359375,73.73046875,0.0,0,0
1772214073.3311172,1772214073.2746248,115.234375,-62.98828125,-185.05859375,-108.3984375,0.0,0,0
1772214073.331142,1772214073.278521,-153.80859375,-56.640625,-217.7734375,-239.2578125,0.0,0,0
1772214073.331168,1772214073.282417,-268.5546875,-0.9765625,-74.21875,-122.55859375,0.0,0,0
1772214073.331192,1772214073.2863133,77.1484375,24.90234375,36.1328125,91.30859375,0.0,0,0
1772214073.331223,1772214073.2902093,310.05859375,-5.37109375,-55.6640625,120.1171875,0.0,0,0
1772214073.331247,1772214073.2941055,169.921875,-34.1796875,-249.0234375,-59.5703125,0.0,0,0
1772214073.331271,1772214073.2980015,-189.94140625,-50.78125,-275.87890625,-215.8203125,0.0,0,0
1772214073.331295,1772214073.3018975,-326.171875,-34.1796875,-34.1796875,-133.30078125,0.0,0,0
1772214073.376259,1772214073.3059247,21.484375,0.0,155.2734375,84.9609375,0.0,0,0
1772214073.3763561,1772214073.3098207,262.20703125,-15.13671875,60.05859375,155.2734375,0.0,0,0
1772214073.3763862,1772214073.313717,161.1328125,-62.5,-160.64453125,-13.18359375,0.0,0,0
1772214073.376415,1772214073.317613,-225.09765625,-83.49609375,-273.4375,-188.4765625,0.0,0,0
1772214073.376441,1772214073.3215091,-358.3984375,-42.96875,-142.08984375,-135.7421875,0.0,0,0
1772214073.376466,1772214073.3254051,-80.078125,6.8359375,5.37109375,69.3359375,0.0,0,0
1772214073.3764899,1772214073.3293014,198.73046875,5.859375,-63.4765625,160.15625,0.0,0,0
1772214073.376513,1772214073.3331974,246.09375,-37.109375,-253.41796875,13.671875,0.0,0,0
1772214073.376537,1772214073.3370936,-169.921875,-79.58984375,-361.81640625,-170.41015625,0.0,0,0
1772214073.376561,1772214073.3409896,-363.28125,-56.640625,-251.953125,-154.78515625,0.0,0,0
1772214073.376585,1772214073.3448858,-120.60546875,-8.30078125,-72.75390625,37.59765625,0.0,0,0
1772214073.376611,1772214073.348782,204.1015625,-1.953125,-46.38671875,158.203125,0.0,0,0
1772214073.436908,1772214073.3528776,260.7421875,-34.66796875,-260.25390625,48.33984375,0.0,0,0
1772214073.437045,1772214073.3567736,-212.40234375,-77.63671875,-485.3515625,-166.50390625,0.0,0,0
1772214073.437106,1772214073.3606699,-421.38671875,-59.08203125,-445.3125,-201.66015625,0.0,0,0
1772214073.43716,1772214073.364566,-177.734375,-17.578125,-259.27734375,9.765625,0.0,0,0
1772214073.4372108,1772214073.368462,178.7109375,-20.01953125,-184.5703125,164.55078125,0.0,0,0
1772214073.437263,1772214073.3723583,312.5,-37.109375,-287.109375,72.75390625,0.0,0,0
1772214073.437314,1772214073.3762546,-78.61328125,-55.6640625,-413.0859375,-135.25390625,0.0,0,0
1772214073.437366,1772214073.3801506,-343.26171875,-53.7109375,-382.32421875,-188.4765625,0.0,0,0
1772214073.4374158,1772214073.3840468,-195.3125,-21.484375,-171.38671875,-7.32421875,0.0,0,0
1772214073.4374678,1772214073.387943,158.203125,-11.23046875,-58.10546875,150.87890625,0.0,0,0
1772214073.437525,1772214073.391839,287.59765625,-38.57421875,-216.30859375,74.70703125,0.0,0,0
1772214073.437595,1772214073.3957353,-34.66796875,-83.0078125,-380.859375,-124.0234375,0.0,0,0
1772214073.4660811,1772214073.3997407,-326.171875,-80.56640625,-362.3046875,-205.56640625,0.0,0,0
1772214073.46619,1772214073.4036367,-321.77734375,-27.83203125,-144.53125,-43.45703125,0.0,0,0
1772214073.466244,1772214073.407533,94.7265625,-6.8359375,29.296875,148.4375,0.0,0,0
1772214073.4662971,1772214073.4114292,306.640625,-23.92578125,-41.015625,110.3515625,0.0,0,0
1772214073.4663491,1772214073.4153254,25.87890625,-57.12890625,-180.6640625,-95.21484375,0.0,0,0
1772214073.466401,1772214073.4192214,-277.34375,-56.640625,-162.109375,-194.3359375,0.0,0,0
1772214073.466452,1772214073.4231176,-326.171875,-17.08984375,48.33984375,-50.29296875,0.0,0,0
1772214073.466503,1772214073.4270139,66.40625,7.8125,139.16015625,144.53125,0.0,0,0
1772214073.4665542,1772214073.43091,256.8359375,-8.7890625,10.25390625,133.7890625,0.0,0,0
1772214073.466604,1772214073.434806,51.26953125,-58.10546875,-185.546875,-80.078125,0.0,0,0
1772214073.466656,1772214073.4387023,-246.58203125,-72.75390625,-241.2109375,-211.42578125,0.0,0,0
1772214073.466706,1772214073.4425986,-340.33203125,-38.0859375,-90.8203125,-99.12109375,0.0,0,0
1772214073.5112581,1772214073.446595,67.87109375,-0.48828125,31.25,89.84375,0.0,0,0
1772214073.511369,1772214073.4504912,321.2890625,-3.41796875,-57.6171875,116.2109375,0.0,0,0
1772214073.511418,1772214073.4543874,175.78125,-55.17578125,-262.20703125,-70.3125,0.0,0,0
1772214073.5114582,1772214073.4582834,-169.43359375,-85.44921875,-341.796875,-217.28515625,0.0,0,0
1772214073.5115001,1772214073.4621797,-299.8046875,-49.8046875,-180.6640625,-129.39453125,0.0,0,0
1772214073.511538,1772214073.466076,68.359375,-7.8125,-8.7890625,62.01171875,0.0,0,0
1772214073.511575,1772214073.4699721,288.57421875,-48.33984375,-13.18359375,119.62890625,0.0,0,0
1772214073.5116181,1772214073.4738684,193.84765625,-78.61328125,-170.41015625,-45.8984375,0.0,0,0
1772214073.511656,1772214073.4777644,-156.25,-58.59375,-295.8984375,-218.26171875,0.0,0,0
1772214073.511693,1772214073.4816606,-336.9140625,-26.85546875,-183.59375,-168.45703125,0.0,0,0
1772214073.51173,1772214073.4855568,-30.2734375,16.11328125,-3.41796875,28.3203125,0.0,0,0
1772214073.511768,1772214073.489453,255.37109375,1.46484375,7.8125,99.12109375,0.0,0,0
1772214073.557204,1772214073.4934392,256.34765625,-48.33984375,-126.46484375,-32.2265625,0.0,0,0
1772214073.5573928,1772214073.4973354,-180.6640625,-67.3828125,-234.86328125,-207.51953125,0.0,0,0
1772214073.557455,1772214073.5012317,-374.51171875,-57.6171875,-169.43359375,-182.6171875,0.0,0,0
1772214073.5575109,1772214073.505128,-91.30859375,-31.25,-0.9765625,20.01953125,0.0,0,0
1772214073.557566,1772214073.5090241,205.56640625,-8.7890625,-14.16015625,118.65234375,0.0,0,0
1772214073.5576189,1772214073.5129201,266.6015625,-35.15625,-216.796875,-10.7421875,0.0,0,0
1772214073.557674,1772214073.5168164,-119.62890625,-76.171875,-335.9375,-197.265625,0.0,0,0
1772214073.5577269,1772214073.5207126,-329.1015625,-67.87109375,-269.53125,-195.3125,0.0,0,0
1772214073.557778,1772214073.5246089,-142.08984375,-24.4140625,-101.07421875,8.30078125,0.0,0,0
1772214073.5578299,1772214073.528505,186.03515625,-7.8125,-21.484375,139.6484375,0.0,0,0
1772214073.557881,1772214073.5324013,297.36328125,-48.33984375,-139.6484375,29.296875,0.0,0,0
1772214073.5579321,1772214073.5362976,-57.12890625,-75.68359375,-255.859375,-153.3203125,0.0,0,0
1772214073.615956,1772214073.5402746,-308.59375,-36.62109375,-186.5234375,-194.82421875,0.0,0,0
1772214073.616162,1772214073.5441709,-210.9375,19.53125,26.3671875,-39.0625,0.0,0,0
1772214073.6162271,1772214073.548067,193.359375,27.83203125,114.2578125,123.53515625,0.0,0,0
1772214073.616281,1772214073.5519633,342.7734375,-3.41796875,-18.5546875,49.8046875,0.0,0,0
1772214073.616333,1772214073.5558596,-42.96875,-29.78515625,-205.078125,-155.76171875,0.0,0,0
1772214073.616385,1772214073.5597558,-313.4765625,-17.08984375,-226.07421875,-229.98046875,0.0,0,0
1772214073.616438,1772214073.563652,-272.94921875,-26.3671875,0.0,-69.3359375,0.0,0,0
1772214073.616488,1772214073.5675483,139.6484375,-24.4140625,139.16015625,118.1640625,0.0,0,0
1772214073.616538,1772214073.5714443,307.6171875,-20.99609375,-9.27734375,62.98828125,0.0,0,0
1772214073.616588,1772214073.5753405,-9.27734375,-55.17578125,-209.9609375,-134.765625,0.0,0,0
1772214073.616638,1772214073.5792367,-269.53125,-46.38671875,-226.07421875,-216.30859375,0.0,0,0
1772214073.616687,1772214073.583133,-314.94140625,-8.30078125,-63.4765625,-88.37890625,0.0,0,0
1772214073.661021,1772214073.5870996,94.7265625,15.625,60.546875,98.14453125,0.0,0,0
1772214073.661124,1772214073.5909958,317.87109375,-2.44140625,2.9296875,102.05078125,0.0,0,0
1772214073.661153,1772214073.594892,52.734375,-40.0390625,-166.015625,-96.19140625,0.0,0,0
1772214073.661178,1772214073.5987883,-282.71484375,-73.73046875,-246.09375,-225.5859375,0.0,0,0
1772214073.6612039,1772214073.6026845,-367.67578125,-47.36328125,-91.30859375,-101.5625,0.0,0,0
1772214073.661228,1772214073.6065805,123.046875,15.625,85.44921875,102.05078125,0.0,0,0
1772214073.661255,1772214073.6104767,376.953125,0.9765625,41.50390625,121.09375,0.0,0,0
1772214073.661279,1772214073.614373,130.37109375,-52.24609375,-127.9296875,-61.5234375,0.0,0,0
1772214073.661304,1772214073.6182692,-239.2578125,-63.96484375,-204.1015625,-208.0078125,0.0,0,0
1772214073.6613278,1772214073.6221654,-328.61328125,-31.73828125,-39.55078125,-112.79296875,0.0,0,0
1772214073.661355,1772214073.6260617,129.8828125,0.48828125,179.19921875,93.75,0.0,0,0
1772214073.661379,1772214073.629958,362.79296875,-14.6484375,119.140625,125.0,0.0,0,0
1772214073.737612,1772214073.6341496,172.8515625,-56.640625,-110.83984375,-63.96484375,0.0,0,0
1772214073.737716,1772214073.6380458,-210.9375,-66.40625,-167.48046875,-221.19140625,0.0,0,0
1772214073.737758,1772214073.641942,-365.234375,-25.87890625,18.5546875,-138.671875,0.0,0,0
1772214073.737786,1772214073.6458383,-30.76171875,13.671875,186.5234375,57.6171875,0.0,0,0
1772214073.7378109,1772214073.6497347,295.41015625,7.8125,187.5,140.13671875,0.0,0,0
1772214073.737837,1772214073.653631,277.34375,-29.78515625,34.66796875,-2.44140625,0.0,0,0
1772214073.7378612,1772214073.6575272,-189.453125,-71.77734375,-96.19140625,-183.59375,0.0,0,0
1772214073.737885,1772214073.6614234,-392.578125,-53.7109375,8.30078125,-136.71875,0.0,0,0
1772214073.73791,1772214073.6653197,-98.14453125,4.8828125,180.17578125,57.6171875,0.0,0,0
1772214073.737934,1772214073.669216,229.00390625,-6.8359375,176.7578125,145.5078125,0.0,0,0
1772214073.737959,1772214073.6731122,287.59765625,-43.9453125,4.8828125,21.484375,0.0,0,0
1772214073.737986,1772214073.6770084,-161.62109375,-34.1796875,-178.22265625,-175.78125,0.0,0,0
1772214073.75194,1772214073.6810403,-394.04296875,-18.06640625,-138.671875,-190.4296875,0.0,0,0
1772214073.752063,1772214073.6849368,-143.06640625,1.46484375,65.91796875,8.7890625,0.0,0,0
1772214073.752108,1772214073.688833,222.16796875,6.34765625,92.7734375,138.671875,0.0,0,0
1772214073.752148,1772214073.6927292,309.5703125,-29.78515625,-95.703125,35.64453125,0.0,0,0
1772214073.7521868,1772214073.6966255,-123.53515625,-73.73046875,-259.765625,-151.85546875,0.0,0,0
1772214073.752227,1772214073.700522,-356.93359375,-65.4296875,-249.51171875,-188.96484375,0.0,0,0
1772214073.752265,1772214073.7044182,-180.17578125,-7.32421875,-111.328125,-11.71875,0.0,0,0
1772214073.7523031,1772214073.7083144,163.0859375,5.37109375,-89.35546875,137.20703125,0.0,0,0
1772214073.75234,1772214073.7122107,318.359375,-30.76171875,-203.125,42.96875,0.0,0,0
1772214073.752377,1772214073.716107,-55.6640625,-70.3125,-269.53125,-162.109375,0.0,0,0
1772214073.752414,1772214073.7200034,-362.79296875,-66.40625,-241.2109375,-220.21484375,0.0,0,0
1772214073.7524521,1772214073.7238996,-244.62890625,-12.20703125,-76.66015625,-41.9921875,0.0,0,0
1772214073.795787,1772214073.7279158,181.15234375,13.671875,47.36328125,133.7890625,0.0,0,0
1772214073.79587,1772214073.731812,329.1015625,-28.3203125,-97.16796875,72.75390625,0.0,0,0
1772214073.7959082,1772214073.7357085,-35.64453125,-74.70703125,-306.640625,-135.25390625,0.0,0,0
1772214073.7959402,1772214073.7396047,-323.2421875,-61.5234375,-320.3125,-219.7265625,0.0,0,0
1772214073.795978,1772214073.743501,-293.9453125,-23.4375,-155.76171875,-74.70703125,0.0,0,0
1772214073.796017,1772214073.7473974,161.62109375,4.39453125,-20.99609375,111.328125,0.0,0,0
1772214073.7960541,1772214073.7512937,385.7421875,-9.27734375,-98.14453125,88.8671875,0.0,0,0
1772214073.7960908,1772214073.75519,73.73046875,-50.78125,-288.57421875,-111.81640625,0.0,0,0
1772214073.796128,1772214073.7590861,-255.37109375,-51.7578125,-335.9375,-220.21484375,0.0,0,0
1772214073.796164,1772214073.7629826,-289.55078125,-16.6015625,-134.27734375,-86.42578125,0.0,0,0
1772214073.796201,1772214073.7668788,177.734375,2.9296875,54.6875,119.62890625,0.0,0,0
1772214073.796237,1772214073.770775,373.046875,-32.71484375,-10.7421875,119.62890625,0.0,0,0
1772214073.841887,1772214073.7747798,78.125,-77.1484375,-181.640625,-91.30859375,0.0,0,0
1772214073.8419771,1772214073.7786763,-262.6953125,-79.1015625,-213.8671875,-235.83984375,0.0,0,0
1772214073.842011,1772214073.7825725,-339.35546875,-34.66796875,-52.24609375,-116.2109375,0.0,0,0
1772214073.8420422,1772214073.7864687,68.359375,1.46484375,69.82421875,95.21484375,0.0,0,0
1772214073.842071,1772214073.7903652,312.01171875,-12.20703125,-11.71875,123.046875,0.0,0,0
1772214073.842103,1772214073.7942615,137.6953125,-50.29296875,-186.5234375,-65.4296875,0.0,0,0
1772214073.8421319,1772214073.7981577,-246.58203125,-68.84765625,-261.71875,-229.00390625,0.0,0,0
1772214073.842162,1772214073.8020542,-386.23046875,-43.45703125,-134.27734375,-141.11328125,0.0,0,0
1772214073.842192,1772214073.8059504,3.41796875,-13.671875,33.69140625,65.91796875,0.0,0,0
1772214073.84222,1772214073.8098469,311.03515625,-28.3203125,6.34765625,119.140625,0.0,0,0
1772214073.842249,1772214073.813743,242.1875,-68.84765625,-162.59765625,-41.9921875,0.0,0,0
1772214073.842278,1772214073.8176394,-192.3828125,-90.33203125,-270.99609375,-217.28515625,0.0,0,0
1772214073.8861408,1772214073.8216338,-359.375,-46.875,-167.48046875,-166.50390625,0.0,0,0
1772214073.886231,1772214073.82553,-23.4375,-2.44140625,10.7421875,53.22265625,0.0,0,0
1772214073.8862588,1772214073.8294265,291.50390625,-14.6484375,31.25,141.6015625,0.0,0,0
1772214073.886305,1772214073.8333228,298.828125,-49.8046875,-150.390625,-22.4609375,0.0,0,0
1772214073.886393,1772214073.8372192,-147.94921875,-75.68359375,-301.26953125,-204.58984375,0.0,0,0
1772214073.886421,1772214073.8411155,-340.8203125,-56.640625,-187.01171875,-167.96875,0.0,0,0
1772214073.886446,1772214073.8450117,-115.234375,-23.4375,6.34765625,31.73828125,0.0,0,0
1772214073.8864698,1772214073.8489082,216.30859375,-27.83203125,44.921875,145.01953125,0.0,0,0
1772214073.886494,1772214073.8528044,277.34375,-57.12890625,-126.46484375,6.8359375,0.0,0,0
1772214073.886518,1772214073.856701,-199.70703125,-79.1015625,-294.43359375,-200.68359375,0.0,0,0
1772214073.886542,1772214073.8605971,-390.13671875,-57.12890625,-227.5390625,-207.51953125,0.0,0,0
1772214073.886566,1772214073.8644934,-141.6015625,-11.23046875,-3.41796875,-8.30078125,0.0,0,0
1772214073.96114,1772214073.868632,209.47265625,-18.06640625,73.73046875,130.859375,0.0,0,0
1772214073.9612641,1772214073.8725286,340.8203125,-41.50390625,-93.75,30.2734375,0.0,0,0
1772214073.961302,1772214073.8764248,-99.609375,-73.73046875,-297.8515625,-166.50390625,0.0,0,0
1772214073.961329,1772214073.8803213,-341.796875,-67.87109375,-252.9296875,-191.40625,0.0,0,0
1772214073.961354,1772214073.8842175,-214.84375,-19.04296875,-139.16015625,-9.765625,0.0,0,0
1772214073.961378,1772214073.888114,147.94921875,0.0,-167.96875,136.71875,0.0,0,0
1772214073.9614022,1772214073.8920102,332.51953125,-35.15625,-323.73046875,57.12890625,0.0,0,0
1772214073.961426,1772214073.8959067,-38.0859375,-82.51953125,-500.0,-143.06640625,0.0,0,0
1772214073.961449,1772214073.8998032,-312.98828125,-77.63671875,-521.97265625,-214.84375,0.0,0,0
1772214073.961474,1772214073.9036994,-228.02734375,-26.3671875,-354.4921875,-52.24609375,0.0,0,0
1772214073.961498,1772214073.9075959,225.09765625,2.44140625,-208.0078125,143.5546875,0.0,0,0
1772214073.9615219,1772214073.911492,411.62109375,-19.53125,-302.24609375,100.09765625,0.0,0,0
1772214073.9899468,1772214073.9154737,71.77734375,-45.8984375,-480.95703125,-105.95703125,0.0,0,0
1772214073.990032,1772214073.91937,-279.296875,-44.43359375,-510.7421875,-202.63671875,0.0,0,0
1772214073.990059,1772214073.9232664,-312.01171875,-19.53125,-316.40625,-58.10546875,0.0,0,0
1772214073.9900851,1772214073.927163,142.578125,-0.9765625,-140.625,145.01953125,0.0,0,0
1772214073.99011,1772214073.9310591,348.14453125,-15.625,-216.796875,135.25390625,0.0,0,0
1772214073.990135,1772214073.9349556,125.48828125,-41.50390625,-342.28515625,-59.08203125,0.0,0,0
1772214073.990159,1772214073.938852,-205.078125,-64.453125,-273.4375,-187.98828125,0.0,0,0
1772214073.9901829,1772214073.9427483,-335.9375,-36.62109375,-70.3125,-77.63671875,0.0,0,0
1772214073.990207,1772214073.9466448,90.33203125,17.08984375,67.3828125,114.74609375,0.0,0,0
1772214073.99023,1772214073.950541,328.61328125,1.953125,-5.859375,131.34765625,0.0,0,0
1772214073.9902542,1772214073.9544375,145.01953125,-42.48046875,-205.56640625,-49.8046875,0.0,0,0
1772214073.990278,1772214073.958334,-233.3984375,-58.59375,-284.66796875,-188.96484375,0.0,0,0
1772214074.037059,1772214073.9623752,-377.44140625,-31.73828125,-100.5859375,-85.44921875,0.0,0,0
1772214074.037142,1772214073.9662716,25.390625,16.6015625,51.26953125,109.375,0.0,0,0
1772214074.03717,1772214073.9701679,282.71484375,0.48828125,-1.46484375,140.625,0.0,0,0
1772214074.037196,1772214073.9740644,140.13671875,-56.15234375,-205.56640625,-41.50390625,0.0,0,0
1772214074.0372212,1772214073.9779608,-236.81640625,-63.4765625,-330.078125,-213.37890625,0.0,0,0
1772214074.0372539,1772214073.981857,-359.86328125,-29.78515625,-166.015625,-143.5546875,0.0,0,0
1772214074.0373151,1772214073.9857535,-28.80859375,-2.44140625,-17.578125,61.03515625,0.0,0,0
1772214074.037345,1772214073.98965,232.421875,-16.11328125,-62.98828125,126.46484375,0.0,0,0
1772214074.037371,1772214073.9935465,162.109375,-60.05859375,-222.16796875,-28.80859375,0.0,0,0
1772214074.037397,1772214073.9974427,-273.4375,-82.03125,-338.8671875,-207.51953125,0.0,0,0
1772214074.0374248,1772214074.0013392,-416.9921875,-40.0390625,-232.421875,-166.9921875,0.0,0,0
1772214074.0374541,1772214074.0052357,-100.09765625,12.20703125,-61.5234375,42.48046875,0.0,0,0
1772214074.081889,1772214074.0092762,196.2890625,-2.44140625,-93.75,135.25390625,0.0,0,0
1772214074.081995,1772214074.0131724,254.39453125,-47.36328125,-282.2265625,-15.625,0.0,0,0
1772214074.082022,1772214074.0170689,-177.734375,-65.4296875,-413.0859375,-197.75390625,0.0,0,0
1772214074.082078,1772214074.0209653,-401.85546875,-38.57421875,-353.02734375,-185.05859375,0.0,0,0
1772214074.0821152,1772214074.0248618,-138.671875,0.9765625,-148.4375,0.0,0.0,0,0
1772214074.0821419,1772214074.0287583,237.3046875,19.04296875,-86.9140625,130.859375,0.0,0,0
1772214074.0821671,1772214074.0326545,297.8515625,-23.92578125,-259.27734375,25.87890625,0.0,0,0
1772214074.082192,1772214074.036551,-161.1328125,-64.94140625,-387.6953125,-169.43359375,0.0,0,0
1772214074.082216,1772214074.0404475,-364.74609375,-46.38671875,-330.56640625,-188.96484375,0.0,0,0
1772214074.082243,1772214074.044344,-204.1015625,-20.5078125,-133.7890625,-3.41796875,0.0,0,0
1772214074.082272,1772214074.0482404,154.78515625,-6.8359375,-42.96875,128.90625,0.0,0,0
1772214074.0822961,1772214074.0521367,329.1015625,-18.06640625,-198.2421875,41.50390625,0.0,0,0
1772214074.140726,1772214074.0561612,-46.38671875,-53.7109375,-330.56640625,-157.2265625,0.0,0,0
1772214074.1408331,1772214074.0600574,-326.66015625,-56.640625,-298.828125,-217.28515625,0.0,0,0
1772214074.140862,1772214074.0639539,-231.4453125,-1.953125,-128.90625,-38.0859375,0.0,0,0
1772214074.140888,1772214074.0678504,166.50390625,15.625,30.2734375,125.9765625,0.0,0,0
1772214074.140913,1772214074.0717468,338.8671875,-21.484375,-85.44921875,55.17578125,0.0,0,0
1772214074.1409369,1772214074.0756433,-8.7890625,-59.08203125,-291.50390625,-138.671875,0.0,0,0
1772214074.1409621,1772214074.0795398,-278.80859375,-52.24609375,-256.8359375,-216.30859375,0.0,0,0
1772214074.1409862,1772214074.0834363,-226.5625,5.859375,-61.5234375,-66.40625,0.0,0,0
1772214074.1410098,1772214074.0873327,173.33984375,27.83203125,49.8046875,112.79296875,0.0,0,0
1772214074.141035,1772214074.091229,324.70703125,-10.25390625,-55.6640625,81.54296875,0.0,0,0
1772214074.141092,1772214074.0951254,55.17578125,-50.29296875,-260.7421875,-120.1171875,0.0,0,0
1772214074.141116,1772214074.099022,-235.83984375,-48.828125,-306.640625,-232.91015625,0.0,0,0
1772214074.1717608,1772214074.1030357,-324.70703125,-24.4140625,-131.34765625,-93.75,0.0,0,0
1772214074.171894,1772214074.1069322,104.4921875,-3.90625,40.52734375,103.515625,0.0,0,0
1772214074.171934,1772214074.1108286,354.98046875,-12.6953125,-6.34765625,104.00390625,0.0,0,0
1772214074.1719732,1772214074.114725,145.5078125,-38.57421875,-210.44921875,-83.984375,0.0,0,0
1772214074.172011,1772214074.1186216,-195.80078125,-43.45703125,-282.71484375,-218.26171875,0.0,0,0
1772214074.172052,1772214074.122518,-305.6640625,-16.11328125,-83.0078125,-118.1640625,0.0,0,0
1772214074.172089,1772214074.1264145,98.14453125,15.625,146.97265625,92.28515625,0.0,0,0
1772214074.172138,1772214074.130311,348.6328125,5.859375,162.59765625,133.30078125,0.0,0,0
1772214074.172174,1772214074.1342075,204.58984375,-40.0390625,36.62109375,-45.8984375,0.0,0,0
1772214074.172242,1772214074.138104,-181.15234375,-62.01171875,-9.765625,-198.2421875,0.0,0,0
1772214074.17228,1772214074.1420004,-344.23828125,-27.83203125,161.1328125,-107.421875,0.0,0,0
1772214074.172317,1772214074.145897,-6.8359375,5.37109375,355.46875,96.6796875,0.0,0,0
1772214074.216236,1772214074.1498985,229.00390625,0.0,298.828125,127.9296875,0.0,0,0
1772214074.216347,1772214074.153795,172.36328125,-29.296875,73.73046875,-43.9453125,0.0,0,0
1772214074.21639,1772214074.1576915,-210.44921875,-52.24609375,-47.36328125,-202.63671875,0.0,0,0
1772214074.2164302,1772214074.161588,-402.34375,-24.4140625,74.21875,-156.73828125,0.0,0,0
1772214074.216469,1772214074.1654844,-66.40625,11.23046875,286.62109375,43.45703125,0.0,0,0
1772214074.2165089,1772214074.169381,264.16015625,13.18359375,244.62890625,124.51171875,0.0,0,0
1772214074.216547,1772214074.1732774,243.1640625,-25.87890625,-55.17578125,-14.6484375,0.0,0,0
1772214074.217833,1772214074.1771739,-229.00390625,-77.63671875,-229.98046875,-192.87109375,0.0,0,0
1772214074.217878,1772214074.1810703,-382.32421875,-64.453125,-109.375,-172.8515625,0.0,0,0
1772214074.217906,1772214074.1849668,-104.00390625,-12.6953125,108.3984375,17.578125,0.0,0,0
1772214074.217932,1772214074.1888633,193.359375,0.9765625,124.0234375,121.09375,0.0,0,0
1772214074.217963,1772214074.1927598,260.25390625,-34.1796875,-58.10546875,1.953125,0.0,0,0
1772214074.262441,1772214074.196753,-171.875,-75.1953125,-170.41015625,-182.12890625,0.0,0,0
1772214074.262584,1772214074.2006495,-375.48828125,-58.10546875,-81.0546875,-202.63671875,0.0,0,0
1772214074.262628,1772214074.204546,-213.37890625,-13.18359375,56.640625,-24.4140625,0.0,0,0
1772214074.262666,1772214074.2084424,143.06640625,-5.859375,84.47265625,129.39453125,0.0,0,0
1772214074.2627041,1772214074.212339,288.0859375,-46.38671875,-43.45703125,44.43359375,0.0,0,0
1772214074.262741,1772214074.2162354,-133.7890625,-62.01171875,-259.765625,-173.33984375,0.0,0,0
1772214074.262778,1772214074.220132,-410.15625,-40.0390625,-288.0859375,-225.09765625,0.0,0,0
1772214074.262815,1772214074.2240286,-300.78125,-16.6015625,-109.86328125,-47.8515625,0.0,0,0
1772214074.2628522,1772214074.227925,123.53515625,-9.27734375,-14.16015625,108.88671875,0.0,0,0
1772214074.262888,1772214074.2318215,289.0625,-46.38671875,-148.4375,40.0390625,0.0,0,0
1772214074.262924,1772214074.235718,-63.96484375,-75.1953125,-297.36328125,-166.015625,0.0,0,0
1772214074.262961,1772214074.2396145,-347.65625,-68.359375,-293.9453125,-229.98046875,0.0,0,0
1772214074.352395,1772214074.2437499,-323.2421875,-41.9921875,-158.203125,-61.5234375,0.0,0,0
1772214074.35248,1772214074.2476463,145.99609375,-1.953125,-16.11328125,118.65234375,0.0,0,0
1772214074.3525078,1772214074.2515428,351.07421875,-20.5078125,-120.60546875,82.51953125,0.0,0,0
1772214074.352534,1772214074.2554393,29.296875,-72.265625,-335.44921875,-119.140625,0.0,0,0
1772214074.352604,1772214074.259336,-274.90234375,-78.125,-367.1875,-220.21484375,0.0,0,0
1772214074.3526511,1772214074.2632325,-274.90234375,-35.64453125,-171.875,-74.70703125,0.0,0,0
1772214074.3526988,1772214074.267129,174.8046875,-7.8125,-20.01953125,106.93359375,0.0,0,0
1772214074.3527281,1772214074.2710254,350.09765625,-29.296875,-129.39453125,95.703125,0.0,0,0
1772214074.352776,1772214074.274922,90.8203125,-79.1015625,-297.36328125,-85.9375,0.0,0,0
1772214074.352819,1772214074.2788186,-243.65234375,-80.078125,-330.078125,-217.28515625,0.0,0,0
1772214074.352847,1772214074.282715,-335.44921875,-19.04296875,-159.1796875,-104.4921875,0.0,0,0
1772214074.352872,1772214074.2866116,119.140625,16.11328125,31.73828125,107.421875,0.0,0,0
1772214074.353813,1772214074.290605,371.58203125,-20.01953125,0.9765625,132.8125,0.0,0,0
1772214074.353875,1772214074.2945018,153.3203125,-69.82421875,-180.17578125,-64.453125,0.0,0,0
1772214074.3539011,1772214074.2983983,-242.67578125,-84.9609375,-268.06640625,-234.86328125,0.0,0,0
1772214074.353927,1772214074.3022947,-360.3515625,-55.17578125,-119.140625,-147.4609375,0.0,0,0
1772214074.353952,1772214074.3061912,47.36328125,-9.765625,32.71484375,67.87109375,0.0,0,0
1772214074.353975,1772214074.310088,333.0078125,-1.953125,15.13671875,122.55859375,0.0,0,0
1772214074.3539999,1772214074.3139844,194.3359375,-59.08203125,-93.75,-36.62109375,0.0,0,0
1772214074.354023,1772214074.3178809,-228.515625,-98.14453125,-181.15234375,-204.1015625,0.0,0,0
1772214074.354048,1772214074.3217776,-372.55859375,-58.10546875,-118.1640625,-154.78515625,0.0,0,0
1772214074.354072,1772214074.325674,-22.4609375,-10.25390625,45.41015625,49.8046875,0.0,0,0
1772214074.3540952,1772214074.3295705,312.5,-8.30078125,36.1328125,145.5078125,0.0,0,0
1772214074.3541188,1772214074.333467,306.640625,-51.26953125,-137.6953125,21.97265625,0.0,0,0
1772214074.4111922,1772214074.3374326,-173.33984375,-59.5703125,-259.765625,-181.640625,0.0,0,0
1772214074.4113688,1772214074.341329,-414.55078125,-37.109375,-223.6328125,-196.77734375,0.0,0,0
1772214074.4114292,1772214074.3452256,-75.1953125,-10.25390625,-39.55078125,8.7890625,0.0,0,0
1772214074.411492,1772214074.3491223,289.0625,4.8828125,15.13671875,134.765625,0.0,0,0
1772214074.4115462,1772214074.3530188,266.11328125,-48.828125,-155.76171875,9.765625,0.0,0,0
1772214074.4115992,1772214074.3569152,-192.87109375,-79.1015625,-248.046875,-185.05859375,0.0,0,0
1772214074.411652,1772214074.360812,-384.27734375,-43.9453125,-175.29296875,-201.171875,0.0,0,0
1772214074.411703,1772214074.3647084,-143.06640625,-27.83203125,-22.94921875,-0.9765625,0.0,0,0
1772214074.411764,1772214074.368605,207.03125,-34.66796875,19.04296875,130.859375,0.0,0,0
1772214074.411815,1772214074.3725014,239.74609375,-54.19921875,-187.98828125,0.9765625,0.0,0,0
1772214074.411905,1772214074.376398,-242.1875,-78.125,-348.14453125,-208.984375,0.0,0,0
1772214074.411954,1772214074.3802946,-452.63671875,-65.4296875,-293.45703125,-229.4921875,0.0,0,0
1772214074.455987,1772214074.3843246,-195.80078125,-24.4140625,-67.87109375,-32.2265625,0.0,0,0
1772214074.456089,1772214074.3882213,199.70703125,-12.6953125,13.671875,122.55859375,0.0,0,0
1772214074.4561229,1772214074.3921177,264.16015625,-61.03515625,-116.69921875,33.69140625,0.0,0,0
1772214074.4561532,1772214074.3960145,-183.10546875,-112.79296875,-244.62890625,-173.828125,0.0,0,0
1772214074.4561841,1772214074.399911,-423.33984375,-86.9140625,-246.58203125,-236.328125,0.0,0,0
1772214074.456213,1772214074.4038074,-221.6796875,-20.5078125,-56.640625,-56.640625,0.0,0,0
1772214074.4562418,1772214074.407704,222.16796875,-9.27734375,100.09765625,124.51171875,0.0,0,0
1772214074.456272,1772214074.4116006,323.73046875,-38.57421875,38.0859375,62.5,0.0,0,0
1772214074.456301,1772214074.4154973,-78.125,-75.1953125,-103.515625,-137.6953125,0.0,0,0
1772214074.45633,1772214074.4193938,-365.234375,-84.9609375,-80.56640625,-221.19140625,0.0,0,0
1772214074.4563599,1772214074.4232903,-278.3203125,-51.26953125,96.19140625,-67.87109375,0.0,0,0
1772214074.4563892,1772214074.427187,209.47265625,-11.23046875,147.94921875,127.9296875,0.0,0,0
1772214074.502475,1772214074.4312127,367.67578125,-20.99609375,25.87890625,101.5625,0.0,0,0
1772214074.50262,1772214074.4351094,-19.04296875,-79.1015625,-149.90234375,-128.90625,0.0,0,0
1772214074.502663,1772214074.4390059,-321.77734375,-86.9140625,-165.0390625,-269.04296875,0.0,0,0
1772214074.5027032,1772214074.4429026,-253.41796875,-24.4140625,5.37109375,-117.67578125,0.0,0,0
1772214074.502741,1772214074.446799,210.9375,14.6484375,149.90234375,99.609375,0.0,0,0
1772214074.502778,1772214074.4506958,379.39453125,-9.27734375,148.4375,93.75,0.0,0,0
1772214074.502815,1772214074.4545922,28.80859375,-56.15234375,-59.08203125,-89.84375,0.0,0,0
1772214074.502856,1772214074.458489,-368.65234375,-74.21875,-103.02734375,-216.796875,0.0,0,0
1772214074.502893,1772214074.4623854,-341.796875,-42.48046875,178.22265625,-113.28125,0.0,0,0
1772214074.50293,1772214074.466282,169.43359375,-2.9296875,430.6640625,106.4453125,0.0,0,0
1772214074.503005,1772214074.4701786,384.765625,-9.765625,385.7421875,128.90625,0.0,0,0
1772214074.5030432,1772214074.474075,15.625,-62.98828125,187.01171875,-71.2890625,0.0,0,0
1772214074.547245,1772214074.4780855,-580.078125,-86.9140625,149.90234375,-226.5625,0.0,0,0
1772214074.5473752,1772214074.481982,-516.11328125,-43.9453125,348.6328125,-158.203125,0.0,0,0
1772214074.547433,1772214074.4858787,381.8359375,16.6015625,544.43359375,41.50390625,0.0,0,0
1772214074.547473,1772214074.4897752,765.625,7.32421875,515.625,122.55859375,0.0,0,0
1772214074.547511,1772214074.493672,69.3359375,-56.15234375,297.8515625,-40.0390625,0.0,0,0
1772214074.547549,1772214074.4975686,-777.83203125,-79.58984375,145.01953125,-221.6796875,0.0,0,0
1772214074.5475872,1772214074.501465,-653.80859375,-41.50390625,236.81640625,-165.52734375,0.0,0,0
1772214074.547626,1772214074.5053618,254.39453125,12.6953125,390.13671875,43.9453125,0.0,0,0
1772214074.547664,1772214074.5092583,720.21484375,6.8359375,346.6796875,130.859375,0.0,0,0
1772214074.547702,1772214074.513155,138.18359375,-60.05859375,130.37109375,-16.6015625,0.0,0,0
1772214074.547816,1772214074.5170515,-742.67578125,-82.03125,19.53125,-207.03125,0.0,0,0
1772214074.5478568,1772214074.5209482,-708.49609375,-36.1328125,155.2734375,-185.05859375,0.0,0,0
1772214074.59119,1772214074.5249498,275.390625,19.04296875,355.95703125,14.6484375,0.0,0,0
1772214074.5912929,1772214074.5288465,833.984375,15.625,369.62890625,128.41796875,0.0,0,0
1772214074.5913348,1772214074.532743,236.81640625,-46.38671875,235.83984375,22.94921875,0.0,0,0
1772214074.5913742,1772214074.5366397,-748.53515625,-88.37890625,148.92578125,-168.9453125,0.0,0,0
1772214074.591414,1772214074.5405364,-835.44921875,-44.43359375,169.43359375,-201.66015625,0.0,0,0
1772214074.591452,1772214074.5444329,183.10546875,37.59765625,284.1796875,-24.4140625,0.0,0,0
1772214074.591489,1772214074.5483296,893.06640625,36.62109375,363.28125,127.44140625,0.0,0,0
1772214074.5915258,1772214074.552226,318.359375,-57.6171875,227.05078125,42.96875,0.0,0,0
1772214074.591562,1772214074.5561228,-728.515625,-105.46875,24.4140625,-164.0625,0.0,0,0
1772214074.5916102,1772214074.5600195,-862.3046875,-56.640625,39.0625,-213.37890625,0.0,0,0
1772214074.591655,1772214074.563916,117.1875,15.13671875,295.41015625,-34.1796875,0.0,0,0
1772214074.591691,1772214074.5678127,879.39453125,23.4375,452.1484375,133.7890625,0.0,0,0
1772214074.636344,1772214074.571803,416.015625,-30.76171875,300.29296875,64.94140625,0.0,0,0
1772214074.636483,1772214074.5756998,-613.28125,-62.5,98.14453125,-134.27734375,0.0,0,0
1772214074.636526,1772214074.5795965,-922.36328125,-50.29296875,85.9375,-190.91796875,0.0,0,0
1772214074.636567,1772214074.583493,-13.671875,13.18359375,304.19921875,-31.25,0.0,0,0
1772214074.6366038,1772214074.5873897,913.0859375,42.48046875,437.98828125,157.71484375,0.0,0,0
1772214074.6366441,1772214074.5912864,563.96484375,-4.39453125,282.2265625,123.53515625,0.0,0,0
1772214074.6366808,1772214074.595183,-529.296875,-69.3359375,44.43359375,-90.8203125,0.0,0,0
1772214074.636719,1772214074.5990796,-982.421875,-86.9140625,-2.9296875,-211.42578125,0.0,0,0
1772214074.636757,1772214074.6029763,-170.41015625,-19.04296875,189.453125,-75.1953125,0.0,0,0
1772214074.636794,1772214074.6068728,817.3828125,26.3671875,276.85546875,121.09375,0.0,0,0
1772214074.636831,1772214074.6107695,636.23046875,-24.90234375,117.1875,104.98046875,0.0,0,0
1772214074.6368692,1772214074.6146662,-423.828125,-85.9375,-141.6015625,-90.33203125,0.0,0,0
1772214074.681152,1772214074.6186478,-1000.0,-77.63671875,-252.44140625,-213.37890625,0.0,0,0
1772214074.681257,1772214074.6225443,-260.7421875,-8.7890625,-42.96875,-95.703125,0.0,0,0
1772214074.6812851,1772214074.626441,817.3828125,12.20703125,153.80859375,112.79296875,0.0,0,0
1772214074.681311,1772214074.6303377,784.66796875,-41.015625,101.07421875,124.0234375,0.0,0,0
1772214074.6813362,1772214074.6342344,-293.9453125,-86.9140625,-146.97265625,-74.21875,0.0,0,0
1772214074.681362,1772214074.638131,-1000.0,-87.890625,-299.31640625,-227.5390625,0.0,0,0
1772214074.681386,1772214074.6420276,-451.171875,-23.4375,-159.66796875,-144.04296875,0.0,0,0
1772214074.681411,1772214074.6459243,651.85546875,16.6015625,-53.22265625,58.10546875,0.0,0,0
1772214074.6814358,1772214074.6498208,772.4609375,-21.97265625,-161.1328125,125.0,0.0,0,0
1772214074.681459,1772214074.6537175,-193.84765625,-85.44921875,-384.765625,-27.83203125,0.0,0,0
1772214074.681483,1772214074.6576142,-1000.0,-102.05078125,-483.3984375,-193.359375,0.0,0,0
1772214074.681507,1772214074.6615107,-608.3984375,-49.31640625,-327.1484375,-145.99609375,0.0,0,0
1772214074.725933,1772214074.6654813,556.640625,4.39453125,-112.3046875,47.36328125,0.0,0,0
1772214074.726015,1772214074.669378,905.2734375,-14.6484375,-118.65234375,129.8828125,0.0,0,0
1772214074.726042,1772214074.6732748,-31.73828125,-85.9375,-365.234375,-15.13671875,0.0,0,0
1772214074.726069,1772214074.6771715,-981.93359375,-110.3515625,-497.55859375,-206.0546875,0.0,0,0
1772214074.726094,1772214074.681068,-687.5,-47.8515625,-331.54296875,-191.89453125,0.0,0,0
1772214074.7261188,1772214074.6849647,496.09375,17.08984375,-77.63671875,13.671875,0.0,0,0
1772214074.726143,1772214074.6888614,974.12109375,-11.71875,-55.17578125,130.37109375,0.0,0,0
1772214074.726167,1772214074.692758,109.86328125,-91.796875,-256.34765625,9.27734375,0.0,0,0
1772214074.726191,1772214074.6966546,-907.71484375,-118.1640625,-388.18359375,-192.3828125,0.0,0,0
1772214074.726215,1772214074.7005513,-821.2890625,-70.3125,-336.9140625,-206.54296875,0.0,0,0
1772214074.726239,1772214074.704448,335.9375,0.0,-206.0546875,-11.23046875,0.0,0,0
1772214074.726262,1772214074.7083447,-990.234375,2.9296875,-196.2890625,132.8125,0.0,0,0
1772214074.7856362,1772214074.71231,256.34765625,-83.49609375,-377.44140625,49.31640625,0.0,0,0
1772214074.785721,1772214074.7162068,-816.40625,-140.13671875,-579.1015625,-157.71484375,0.0,0,0
1772214074.785751,1772214074.7201035,-886.71875,-80.56640625,-576.171875,-200.68359375,0.0,0,0
1772214074.7857761,1772214074.7240002,212.890625,-4.39453125,-333.0078125,-17.578125,0.0,0,0
1772214074.785801,1772214074.7278967,-976.07421875,7.32421875,-262.6953125,136.23046875,0.0,0,0
1772214074.785825,1772214074.7317934,393.5546875,-49.8046875,-506.8359375,57.12890625,0.0,0,0
1772214074.785849,1772214074.73569,-716.796875,-101.07421875,-630.859375,-145.5078125,0.0,0,0
1772214074.785873,1772214074.7395868,-947.75390625,-75.1953125,-511.23046875,-217.28515625,0.0,0,0
1772214074.785897,1772214074.7434835,52.24609375,-13.671875,-239.74609375,-56.15234375,0.0,0,0
1772214074.785921,1772214074.74738,-991.69921875,2.44140625,-68.84765625,125.48828125,0.0,0,0
1772214074.7859452,1772214074.7512767,593.75,-38.57421875,-175.29296875,74.70703125,0.0,0,0
1772214074.7859688,1772214074.7551734,-573.2421875,-87.890625,-311.03515625,-123.046875,0.0,0,0
1772214074.8313642,1772214074.7592013,-1000.0,-80.56640625,-338.8671875,-207.51953125,0.0,0,0
1772214074.8314471,1772214074.763098,-85.44921875,-8.30078125,-95.703125,-70.80078125,0.0,0,0
1772214074.831475,1772214074.7669947,970.703125,18.5546875,189.453125,113.76953125,0.0,0,0
1772214074.831501,1772214074.7708914,718.75,-42.48046875,104.4921875,90.8203125,0.0,0,0
1772214074.8315258,1772214074.7747881,-415.52734375,-97.65625,-148.4375,-103.515625,0.0,0,0
1772214074.83155,1772214074.7786846,-966.796875,-89.35546875,-229.4921875,-201.171875,0.0,0,0
1772214074.831574,1772214074.7825813,-122.0703125,-32.2265625,-29.296875,-80.56640625,0.0,0,0
1772214074.831598,1772214074.786478,897.4609375,7.32421875,146.97265625,106.4453125,0.0,0,0
1772214074.831622,1772214074.7903748,805.6640625,-23.92578125,79.1015625,121.09375,0.0,0,0
1772214074.831646,1772214074.7942715,-280.2734375,-90.8203125,-111.328125,-55.6640625,0.0,0,0
1772214074.83167,1772214074.7981682,-1000.0,-107.421875,-173.828125,-201.66015625,0.0,0,0
1772214074.8316932,1772214074.802065,-298.828125,-42.96875,68.84765625,-125.9765625,0.0,0,0
1772214074.8759181,1772214074.8060832,780.76171875,13.671875,225.5859375,65.4296875,0.0,0,0
1772214074.876024,1772214074.8099797,859.375,-10.7421875,108.3984375,112.3046875,0.0,0,0
1772214074.876053,1772214074.8138764,-129.8828125,-80.078125,-96.6796875,-47.8515625,0.0,0,0
1772214074.876081,1772214074.817773,-938.4765625,-104.98046875,-144.53125,-203.125,0.0,0,0
1772214074.876107,1772214074.8216698,-429.6875,-55.17578125,59.08203125,-136.71875,0.0,0,0
1772214074.876131,1772214074.8255665,665.0390625,-17.08984375,251.953125,64.453125,0.0,0,0
1772214074.876155,1772214074.8294632,900.87890625,-43.9453125,224.12109375,131.34765625,0.0,0,0
1772214074.87618,1772214074.83336,-22.4609375,-109.86328125,-67.3828125,-20.99609375,0.0,0,0
1772214074.876223,1772214074.8372567,-937.5,-131.34765625,-290.0390625,-194.3359375,0.0,0,0
1772214074.876265,1772214074.8411534,-594.23828125,-69.82421875,-159.1796875,-153.80859375,0.0,0,0
1772214074.8762932,1772214074.84505,509.765625,-8.7890625,109.375,47.8515625,0.0,0,0
1772214074.876318,1772214074.8489468,896.97265625,-26.85546875,147.94921875,140.13671875,0.0,0,0
1772214074.950644,1772214074.853035,124.0234375,-94.7265625,2.44140625,13.18359375,0.0,0,0
1772214074.950815,1772214074.8569317,-830.078125,-129.39453125,-77.1484375,-158.203125,0.0,0,0
1772214074.951047,1772214074.8608284,-690.4296875,-79.58984375,40.0390625,-145.01953125,0.0,0,0
1772214074.951108,1772214074.8647254,354.4921875,-13.18359375,274.90234375,38.57421875,0.0,0,0
1772214074.9511611,1772214074.868622,878.41796875,-14.6484375,351.07421875,142.578125,0.0,0,0
1772214074.9512162,1772214074.8725188,221.6796875,-73.2421875,151.3671875,29.78515625,0.0,0,0
1772214074.951267,1772214074.8764155,-771.484375,-123.046875,-73.73046875,-156.25,0.0,0,0
1772214074.951317,1772214074.8803122,-825.68359375,-99.12109375,-74.21875,-184.08203125,0.0,0,0
1772214074.951369,1772214074.884209,171.875,-41.50390625,124.0234375,-6.8359375,0.0,0,0
1772214074.9514182,1772214074.8881056,847.65625,-29.78515625,234.375,139.6484375,0.0,0,0
1772214074.951477,1772214074.8920023,341.30859375,-83.49609375,142.578125,63.4765625,0.0,0,0
1772214074.9515278,1772214074.895899,-606.93359375,-130.859375,17.578125,-119.140625,0.0,0,0
1772214074.966818,1772214074.8999035,-782.71484375,-111.328125,40.52734375,-178.22265625,0.0,0,0
1772214074.966927,1772214074.9038002,50.29296875,-46.38671875,190.4296875,-35.64453125,0.0,0,0
1772214074.966986,1772214074.907697,799.31640625,-21.484375,237.3046875,119.140625,0.0,0,0
1772214074.96704,1772214074.9115937,448.73046875,-82.51953125,55.6640625,78.125,0.0,0,0
1772214074.9670908,1772214074.9154906,-443.84765625,-119.62890625,-132.8125,-107.91015625,0.0,0,0
1772214074.9671428,1772214074.9193873,-731.93359375,-104.00390625,-93.26171875,-200.1953125,0.0,0,0
1772214074.967196,1772214074.923284,-48.828125,-38.0859375,130.37109375,-51.26953125,0.0,0,0
1772214074.967262,1772214074.9271808,729.00390625,-6.34765625,240.72265625,136.71875,0.0,0,0
1772214074.967315,1772214074.9310775,527.34375,-64.453125,107.91015625,108.88671875,0.0,0,0
1772214074.967365,1772214074.9349742,-325.68359375,-118.65234375,-121.58203125,-77.1484375,0.0,0,0
1772214074.967416,1772214074.938871,-736.81640625,-116.2109375,-186.5234375,-184.5703125,0.0,0,0
1772214074.967467,1772214074.9427676,-170.8984375,-58.10546875,7.8125,-80.078125,0.0,0,0
1772214075.011002,1772214074.946759,658.203125,-20.01953125,185.546875,94.7265625,0.0,0,0
1772214075.0110898,1772214074.9506557,597.16796875,-53.22265625,95.21484375,108.88671875,0.0,0,0
1772214075.01113,1772214074.9545524,-198.2421875,-104.98046875,-145.01953125,-48.33984375,0.0,0,0
1772214075.01118,1772214074.9584491,-713.37890625,-116.69921875,-187.98828125,-174.31640625,0.0,0,0
1772214075.0112178,1772214074.9623458,-285.64453125,-66.89453125,38.0859375,-88.37890625,0.0,0,0
1772214075.011262,1772214074.9662426,576.171875,-7.8125,233.88671875,102.5390625,0.0,0,0
1772214075.0113,1772214074.9701395,623.046875,-37.59765625,97.16796875,138.671875,0.0,0,0
1772214075.011337,1772214074.9740362,-86.9140625,-101.5625,-166.9921875,-21.484375,0.0,0,0
1772214075.011373,1772214074.977933,-643.06640625,-111.81640625,-190.4296875,-164.55078125,0.0,0,0
1772214075.01141,1772214074.9818296,-383.30078125,-60.05859375,5.859375,-107.91015625,0.0,0,0
1772214075.011447,1772214074.9857264,388.671875,-15.625,182.6171875,62.5,0.0,0,0
1772214075.011512,1772214074.989623,603.515625,-35.15625,152.34375,130.37109375,0.0,0,0
1772214075.056248,1772214074.9936044,54.19921875,-85.9375,-2.44140625,5.859375,0.0,0,0
1772214075.056344,1772214074.9975014,-612.3046875,-102.5390625,-89.84375,-155.2734375,0.0,0,0
1772214075.056384,1772214075.001398,-450.68359375,-49.8046875,-2.9296875,-117.67578125,0.0,0,0
1772214075.056423,1772214075.0052948,314.453125,-0.48828125,154.296875,73.2421875,0.0,0,0
1772214075.056462,1772214075.0091915,579.1015625,-12.6953125,74.21875,152.83203125,0.0,0,0
1772214075.0565,1772214075.0130882,127.44140625,-60.05859375,-245.1171875,18.5546875,0.0,0,0
1772214075.056536,1772214075.0169852,-536.62109375,-84.47265625,-438.96484375,-155.76171875,0.0,0,0
1772214075.056577,1772214075.020882,-543.45703125,-55.6640625,-402.34375,-148.92578125,0.0,0,0
1772214075.0566158,1772214075.0247786,132.32421875,-1.953125,-200.68359375,19.53125,0.0,0,0
1772214075.0566568,1772214075.0286753,568.84765625,2.44140625,-48.33984375,131.8359375,0.0,0,0
1772214075.0566962,1772214075.0325723,244.140625,-46.875,-164.55078125,39.55078125,0.0,0,0
1772214075.056742,1772214075.036469,-484.375,-80.078125,-339.84375,-138.671875,0.0,0,0
1772214075.101496,1772214075.040442,-570.3125,-51.26953125,-257.8125,-146.97265625,0.0,0,0
1772214075.101633,1772214075.0443387,54.6875,-2.9296875,-15.625,12.20703125,0.0,0,0
1772214075.101673,1772214075.0482354,516.6015625,-3.41796875,-3.90625,129.39453125,0.0,0,0
1772214075.101711,1772214075.0521324,292.48046875,-54.6875,-242.67578125,63.96484375,0.0,0,0
1772214075.101749,1772214075.056029,-367.67578125,-100.09765625,-394.04296875,-113.28125,0.0,0,0
1772214075.1017878,1772214075.0599258,-520.01953125,-76.66015625,-305.17578125,-164.55078125,0.0,0,0
1772214075.101835,1772214075.0638225,-39.55078125,-18.06640625,-57.12890625,-13.671875,0.0,0,0
1772214075.1018739,1772214075.0677195,459.9609375,-6.8359375,59.5703125,135.25390625,0.0,0,0
1772214075.101911,1772214075.0716162,341.796875,-57.12890625,-92.7734375,84.47265625,0.0,0,0
1772214075.101957,1772214075.075513,-277.83203125,-100.09765625,-277.34375,-97.16796875,0.0,0,0
1772214075.101994,1772214075.0794096,-554.19921875,-86.42578125,-291.50390625,-173.33984375,0.0,0,0
1772214075.10204,1772214075.0833066,-169.43359375,-25.87890625,-70.3125,-45.8984375,0.0,0,0
1772214075.161914,1772214075.0872703,428.7109375,-8.7890625,88.37890625,108.3984375,0.0,0,0
1772214075.1620522,1772214075.091167,428.7109375,-49.8046875,-12.20703125,87.890625,0.0,0,0
1772214075.162094,1772214075.0950637,-131.8359375,-90.33203125,-196.2890625,-65.91796875,0.0,0,0
1772214075.162134,1772214075.0989606,-505.859375,-85.44921875,-264.6484375,-159.66796875,0.0,0,0
1772214075.1621718,1772214075.1028574,-275.87890625,-23.92578125,-120.1171875,-65.4296875,0.0,0,0
1772214075.16221,1772214075.106754,371.09375,16.6015625,99.609375,91.796875,0.0,0,0
1772214075.162247,1772214075.1106508,482.91015625,-27.34375,188.96484375,95.21484375,0.0,0,0
1772214075.162285,1772214075.1145477,-60.05859375,-104.98046875,106.4453125,-59.5703125,0.0,0,0
1772214075.162323,1772214075.1184444,-489.74609375,-102.05078125,87.40234375,-175.78125,0.0,0,0
1772214075.16236,1772214075.1223412,-378.90625,-31.73828125,232.91015625,-97.65625,0.0,0,0
1772214075.162397,1772214075.126238,199.21875,2.44140625,314.94140625,75.68359375,0.0,0,0
1772214075.162433,1772214075.1301348,367.67578125,-29.78515625,223.14453125,100.09765625,0.0,0,0
1772214075.250543,1772214075.13431,-25.87890625,-97.16796875,38.0859375,-43.9453125,0.0,0,0
1772214075.250644,1772214075.138207,-459.47265625,-119.140625,-84.47265625,-163.57421875,0.0,0,0
1772214075.250684,1772214075.1421037,-427.24609375,-66.89453125,-13.18359375,-101.5625,0.0,0,0
1772214075.250716,1772214075.1460004,79.1015625,-29.78515625,100.09765625,58.59375,0.0,0,0
1772214075.250747,1772214075.1498973,343.26171875,-44.921875,127.9296875,111.328125,0.0,0,0
1772214075.250852,1772214075.153794,99.12109375,-97.16796875,10.25390625,-7.8125,0.0,0,0
1772214075.250923,1772214075.157691,-381.8359375,-133.30078125,-87.40234375,-150.87890625,0.0,0,0
1772214075.250957,1772214075.1615877,-434.08203125,-85.9375,-2.9296875,-121.09375,0.0,0,0
1772214075.250987,1772214075.1654847,-28.3203125,-41.50390625,89.35546875,37.109375,0.0,0,0
1772214075.2510169,1772214075.1693814,234.375,-53.22265625,36.62109375,115.234375,0.0,0,0
1772214075.251047,1772214075.1732783,123.53515625,-95.21484375,-126.46484375,22.4609375,0.0,0,0
1772214075.251113,1772214075.177175,-339.84375,-120.60546875,-180.17578125,-123.046875,0.0,0,0
1772214075.252384,1772214075.181203,-480.46875,-82.51953125,-60.05859375,-121.58203125,0.0,0,0
1772214075.252456,1772214075.1850998,-138.18359375,-29.78515625,172.36328125,34.1796875,0.0,0,0
1772214075.252494,1772214075.1889966,166.015625,-29.296875,283.69140625,136.71875,0.0,0,0
1772214075.252527,1772214075.1928935,128.41796875,-78.125,100.5859375,46.875,0.0,0,0
1772214075.25256,1772214075.1967902,-338.8671875,-116.2109375,-87.890625,-124.51171875,0.0,0,0
1772214075.252671,1772214075.2006872,-505.37109375,-80.56640625,-14.16015625,-145.01953125,0.0,0,0
1772214075.252707,1772214075.204584,-244.140625,-34.66796875,240.72265625,6.8359375,0.0,0,0
1772214075.2527401,1772214075.2084808,87.40234375,-40.52734375,330.56640625,116.69921875,0.0,0,0
1772214075.25277,1772214075.2123778,131.34765625,-82.03125,150.390625,45.41015625,0.0,0,0
1772214075.2528,1772214075.2162745,-329.1015625,-117.67578125,-107.421875,-113.76953125,0.0,0,0
1772214075.252831,1772214075.2201715,-561.5234375,-107.91015625,-124.51171875,-142.578125,0.0,0,0
1772214075.252861,1772214075.2240682,-405.2734375,-52.734375,104.00390625,1.953125,0.0,0,0
1772214075.296196,1772214075.2280753,-27.83203125,-27.83203125,152.34375,127.44140625,0.0,0,0
1772214075.296275,1772214075.2319722,153.3203125,-81.0546875,30.2734375,89.84375,0.0,0,0
1772214075.296305,1772214075.235869,-207.03125,-135.25390625,-88.8671875,-47.36328125,0.0,0,0
1772214075.29633,1772214075.239766,-470.21484375,-111.81640625,-107.91015625,-117.1875,0.0,0,0
1772214075.2963579,1772214075.2436628,-391.11328125,-46.38671875,63.4765625,-26.3671875,0.0,0,0
1772214075.296382,1772214075.2475595,12.20703125,-21.97265625,193.359375,107.91015625,0.0,0,0
1772214075.2964082,1772214075.2514565,231.93359375,-63.4765625,125.9765625,99.609375,0.0,0,0
1772214075.296431,1772214075.2553532,-74.70703125,-129.39453125,-53.7109375,-31.25,0.0,0,0
1772214075.296455,1772214075.2592502,-382.8125,-103.02734375,-113.76953125,-120.1171875,0.0,0,0
1772214075.296479,1772214075.263147,-450.68359375,-40.0390625,28.3203125,-41.50390625,0.0,0,0
1772214075.2965078,1772214075.2670438,-22.94921875,-26.85546875,155.2734375,116.2109375,0.0,0,0
1772214075.296531,1772214075.2709408,267.08984375,-46.38671875,136.71875,122.0703125,0.0,0,0
1772214075.3419468,1772214075.27494,46.875,-97.65625,-29.78515625,-23.4375,0.0,0,0
1772214075.342098,1772214075.2788367,-273.4375,-102.05078125,-160.15625,-114.74609375,0.0,0,0
1772214075.3421571,1772214075.2827337,-492.1875,-51.7578125,-92.7734375,-53.22265625,0.0,0,0
1772214075.342211,1772214075.2866306,-99.12109375,-10.7421875,-25.87890625,85.9375,0.0,0,0
1772214075.3422642,1772214075.2905273,276.85546875,-21.484375,-163.57421875,108.88671875,0.0,0,0
1772214075.342318,1772214075.2944243,224.609375,-58.10546875,-381.8359375,-17.578125,0.0,0,0
1772214075.34244,1772214075.2983212,-74.21875,-68.359375,-395.01953125,-118.1640625,0.0,0,0
1772214075.342508,1772214075.302218,-451.66015625,-47.36328125,-225.09765625,-66.89453125,0.0,0,0
1772214075.3425632,1772214075.306115,-185.546875,-1.46484375,-118.65234375,66.89453125,0.0,0,0
1772214075.3426182,1772214075.3100119,270.01953125,-2.9296875,-91.796875,114.74609375,0.0,0,0
1772214075.34267,1772214075.3139086,384.27734375,-49.31640625,-74.70703125,28.3203125,0.0,0,0
1772214075.342722,1772214075.3178055,11.23046875,-70.80078125,-66.89453125,-83.49609375,0.0,0,0
1772214075.386688,1772214075.321795,-441.40625,-44.921875,63.96484375,-60.546875,0.0,0,0
1772214075.386815,1772214075.325692,-204.58984375,7.8125,215.8203125,84.9609375,0.0,0,0
1772214075.3868759,1772214075.3295887,215.33203125,-4.39453125,250.48828125,144.53125,0.0,0,0
1772214075.386935,1772214075.3334856,341.796875,-56.640625,113.28125,57.6171875,0.0,0,0
1772214075.386998,1772214075.3373826,-16.11328125,-69.3359375,-14.16015625,-64.453125,0.0,0,0
1772214075.387054,1772214075.3412795,-435.05859375,-38.57421875,92.7734375,-68.359375,0.0,0,0
1772214075.387106,1772214075.3451762,-338.37890625,-7.8125,304.6875,48.828125,0.0,0,0
1772214075.387158,1772214075.3490732,59.08203125,-6.8359375,324.21875,129.8828125,0.0,0,0
1772214075.387209,1772214075.3529701,353.515625,-37.109375,176.7578125,72.75390625,0.0,0,0
1772214075.3872588,1772214075.3568668,7.32421875,-77.63671875,145.5078125,-55.17578125,0.0,0,0
1772214075.3873332,1772214075.3607638,-419.921875,-64.94140625,249.0234375,-71.77734375,0.0,0,0
1772214075.3873842,1772214075.3646607,-429.6875,-14.16015625,359.375,47.8515625,0.0,0,0
1772214075.4307032,1772214075.3686392,-54.6875,-0.48828125,373.046875,136.71875,0.0,0,0
1772214075.430763,1772214075.3725362,341.30859375,-28.80859375,288.57421875,90.8203125,0.0,0,0
1772214075.43079,1772214075.3764331,-28.80859375,-66.40625,121.09375,-31.25,0.0,0,0
1772214075.4308171,1772214075.38033,-467.7734375,-61.03515625,74.21875,-62.01171875,0.0,0,0
1772214075.430841,1772214075.3842268,-479.98046875,-7.8125,289.55078125,41.50390625,0.0,0,0
1772214075.4308648,1772214075.3881238,-82.51953125,10.7421875,406.73828125,130.859375,0.0,0,0
1772214075.4308858,1772214075.3920207,315.4296875,-31.73828125,268.06640625,95.21484375,0.0,0,0
1772214075.430965,1772214075.3959177,-8.30078125,-81.0546875,67.87109375,-39.0625,0.0,0,0
1772214075.431,1772214075.3998146,-436.03515625,-85.9375,23.92578125,-100.09765625,0.0,0,0
1772214075.43104,1772214075.4037113,-519.53125,-43.9453125,180.6640625,-12.6953125,0.0,0,0
1772214075.431079,1772214075.4076083,-92.7734375,-5.37109375,312.01171875,116.2109375,0.0,0,0
1772214075.431115,1772214075.4115052,324.21875,-16.6015625,237.3046875,103.515625,0.0,0,0
1772214075.475586,1772214075.4154751,75.68359375,-71.77734375,69.82421875,-38.0859375,0.0,0,0
1772214075.475625,1772214075.4193718,-327.63671875,-70.3125,7.8125,-100.09765625,0.0,0,0
1772214075.475637,1772214075.4232688,-552.24609375,-7.8125,132.8125,-16.6015625,0.0,0,0
1772214075.475648,1772214075.4271657,-175.78125,4.8828125,250.9765625,94.23828125,0.0,0,0
1772214075.47566,1772214075.4310627,260.25390625,-23.4375,173.33984375,102.05078125,0.0,0,0
1772214075.475682,1772214075.4349597,151.85546875,-52.24609375,9.27734375,4.8828125,0.0,0,0
1772214075.4756942,1772214075.4388564,-235.3515625,-56.15234375,-40.52734375,-89.35546875,0.0,0,0
1772214075.475706,1772214075.4427533,-607.91015625,-21.484375,113.76953125,-50.78125,0.0,0,0
1772214075.475717,1772214075.4466503,-271.484375,0.48828125,227.05078125,88.37890625,0.0,0,0
1772214075.475729,1772214075.4505472,190.91796875,-15.13671875,95.21484375,116.2109375,0.0,0,0
1772214075.4757419,1772214075.4544442,232.91015625,-44.921875,-88.37890625,8.7890625,0.0,0,0
1772214075.475754,1772214075.458341,-93.26171875,-50.78125,-189.453125,-82.03125,0.0,0,0
1772214075.551549,1772214075.4623802,-533.69140625,-15.625,-157.2265625,-45.8984375,0.0,0,0
1772214075.551587,1772214075.4662771,-256.8359375,24.4140625,-87.40234375,87.40234375,0.0,0,0
1772214075.551604,1772214075.470174,178.22265625,8.30078125,-172.36328125,127.9296875,0.0,0,0
1772214075.5516212,1772214075.474071,274.4140625,-37.109375,-335.9375,12.6953125,0.0,0,0
1772214075.5516381,1772214075.477968,-43.45703125,-57.12890625,-343.75,-93.75,0.0,0,0
1772214075.5516539,1772214075.481865,-522.4609375,-25.390625,-184.5703125,-58.10546875,0.0,0,0
1772214075.55167,1772214075.4857616,-325.68359375,17.578125,-44.921875,76.66015625,0.0,0,0
1772214075.551687,1772214075.4896586,78.125,-13.18359375,-41.50390625,120.60546875,0.0,0,0
1772214075.5517042,1772214075.4935555,265.13671875,-65.4296875,-130.859375,35.15625,0.0,0,0
1772214075.55172,1772214075.4974525,-9.765625,-88.8671875,-118.1640625,-74.70703125,0.0,0,0
1772214075.551737,1772214075.5013494,-440.91796875,-61.5234375,100.5859375,-67.87109375,0.0,0,0
1772214075.551755,1772214075.5052464,-378.41796875,-13.671875,286.62109375,52.24609375,0.0,0,0
1772214075.581866,1772214075.5092785,19.04296875,-13.18359375,256.8359375,111.81640625,0.0,0,0
1772214075.5819001,1772214075.5131755,330.56640625,-51.7578125,145.5078125,43.45703125,0.0,0,0
1772214075.581918,1772214075.5170724,-16.6015625,-81.54296875,10.7421875,-68.84765625,0.0,0,0
1772214075.5819368,1772214075.5209694,-493.65234375,-62.01171875,-31.73828125,-86.42578125,0.0,0,0
1772214075.581954,1772214075.5248663,-514.6484375,-17.578125,50.78125,7.32421875,0.0,0,0
1772214075.581971,1772214075.5287633,-73.73046875,-4.39453125,62.98828125,91.796875,0.0,0,0
1772214075.581988,1772214075.5326602,344.23828125,-48.828125,-35.15625,64.453125,0.0,0,0
1772214075.582005,1772214075.5365572,0.9765625,-90.8203125,-131.34765625,-47.36328125,0.0,0,0
1772214075.582022,1772214075.5404541,-441.40625,-66.89453125,-142.578125,-86.9140625,0.0,0,0
1772214075.582102,1772214075.544351,-545.8984375,-1.953125,-39.0625,-2.9296875,0.0,0,0
1772214075.582121,1772214075.548248,-186.03515625,19.53125,22.94921875,86.9140625,0.0,0,0
1772214075.5821388,1772214075.552145,310.546875,-19.04296875,-46.38671875,53.7109375,0.0,0,0
1772214075.625706,1772214075.5561588,57.6171875,-61.5234375,-177.24609375,-75.1953125,0.0,0,0
1772214075.625778,1772214075.5600557,-360.3515625,-50.29296875,-182.12890625,-122.0703125,0.0,0,0
1772214075.625802,1772214075.5639527,-550.78125,-15.13671875,59.08203125,-46.38671875,0.0,0,0
1772214075.625822,1772214075.5678496,-241.69921875,-4.39453125,153.3203125,52.24609375,0.0,0,0
1772214075.6258419,1772214075.5717466,276.3671875,-29.78515625,-3.41796875,53.22265625,0.0,0,0
1772214075.625862,1772214075.5756435,177.734375,-49.31640625,-125.9765625,-51.26953125,0.0,0,0
1772214075.6258812,1772214075.5795405,-209.9609375,-41.9921875,-159.66796875,-124.0234375,0.0,0,0
1772214075.625901,1772214075.5834374,-559.08203125,-24.4140625,-95.703125,-65.91796875,0.0,0,0
1772214075.62592,1772214075.5873344,-236.328125,6.8359375,-35.15625,64.94140625,0.0,0,0
1772214075.62594,1772214075.5912313,311.5234375,6.8359375,-131.34765625,83.984375,0.0,0,0
1772214075.625959,1772214075.5951283,284.66796875,-48.828125,-281.73828125,-11.71875,0.0,0,0
1772214075.625977,1772214075.5990252,-78.125,-55.17578125,-306.15234375,-84.9609375,0.0,0,0
1772214075.6715572,1772214075.6030328,-570.3125,-9.27734375,-210.44921875,-49.31640625,0.0,0,0
1772214075.6717,1772214075.6069298,-402.83203125,18.06640625,-106.4453125,61.5234375,0.0,0,0
1772214075.671746,1772214075.6108267,59.5703125,3.41796875,-111.81640625,84.9609375,0.0,0,0
1772214075.671786,1772214075.6147237,352.05078125,-28.3203125,-230.95703125,9.765625,0.0,0,0
1772214075.671824,1772214075.6186206,139.16015625,-38.57421875,-279.296875,-61.03515625,0.0,0,0
1772214075.671863,1772214075.6225176,-607.91015625,-20.01953125,-171.38671875,-50.78125,0.0,0,0
1772214075.671901,1772214075.6264148,-537.59765625,1.46484375,-43.9453125,47.36328125,0.0,0,0
1772214075.671938,1772214075.6303117,20.99609375,-1.953125,-52.24609375,90.33203125,0.0,0,0
1772214075.671975,1772214075.6342087,436.03515625,-21.484375,-124.51171875,18.5546875,0.0,0,0
1772214075.6720068,1772214075.6381056,280.76171875,-36.1328125,-99.609375,-53.7109375,0.0,0,0
1772214075.6720371,1772214075.6420026,-579.58984375,-26.3671875,3.41796875,-51.7578125,0.0,0,0
1772214075.672066,1772214075.6458995,-754.39453125,12.6953125,117.67578125,14.6484375,0.0,0,0
1772214075.716636,1772214075.649898,-283.203125,20.5078125,116.2109375,65.91796875,0.0,0,0
1772214075.7167768,1772214075.653795,467.7734375,-3.41796875,6.8359375,40.52734375,0.0,0,0
1772214075.716819,1772214075.6576922,497.55859375,-28.3203125,-88.37890625,-33.203125,0.0,0,0
1772214075.7168581,1772214075.6615891,-533.69140625,-44.43359375,-96.6796875,-68.359375,0.0,0,0
1772214075.7169468,1772214075.665486,-875.48828125,0.48828125,-0.48828125,-17.578125,0.0,0,0
1772214075.717001,1772214075.669383,-454.1015625,25.87890625,23.92578125,31.25,0.0,0,0
1772214075.7170439,1772214075.67328,419.921875,9.765625,-38.0859375,40.52734375,0.0,0,0
1772214075.717081,1772214075.677177,776.85546875,-1.46484375,-71.77734375,-13.671875,0.0,0,0
1772214075.717118,1772214075.681074,-69.82421875,-19.53125,-31.73828125,-61.5234375,0.0,0,0
1772214075.717155,1772214075.684971,-891.6015625,-10.7421875,46.875,-43.45703125,0.0,0,0
1772214075.717192,1772214075.688868,-846.6796875,6.8359375,91.796875,2.9296875,0.0,0,0
1772214075.717228,1772214075.692765,232.421875,28.3203125,135.7421875,63.96484375,0.0,0,0
1772214075.76145,1772214075.696755,860.3515625,5.37109375,104.4921875,22.4609375,0.0,0,0
1772214075.7615948,1772214075.700652,143.06640625,-34.66796875,36.1328125,-38.0859375,0.0,0,0
1772214075.761641,1772214075.7045488,-748.046875,-28.3203125,43.45703125,-48.33984375,0.0,0,0
1772214075.7616792,1772214075.7084458,-927.24609375,-13.671875,93.26171875,-11.23046875,0.0,0,0
1772214075.7617202,1772214075.7123427,111.81640625,10.25390625,94.23828125,54.6875,0.0,0,0
1772214075.761759,1772214075.71624,922.8515625,11.23046875,0.9765625,32.71484375,0.0,0,0
1772214075.761798,1772214075.720137,442.3828125,-27.34375,-9.27734375,-28.3203125,0.0,0,0
1772214075.761835,1772214075.7240338,-556.640625,-36.1328125,52.734375,-69.3359375,0.0,0,0
1772214075.761871,1772214075.7279308,-955.078125,-14.6484375,100.5859375,-31.25,0.0,0,0
1772214075.761919,1772214075.731828,12.20703125,-1.46484375,129.39453125,32.2265625,0.0,0,0
1772214075.761955,1772214075.735725,937.98828125,-4.8828125,52.24609375,26.3671875,0.0,0,0
1772214075.761991,1772214075.7396219,648.4375,-44.43359375,-34.1796875,-4.8828125,0.0,0,0
1772214075.851357,1772214075.743749,-410.15625,-76.171875,-112.3046875,-52.734375,0.0,0,0
1772214075.8515031,1772214075.747646,-955.078125,-46.38671875,-139.6484375,-30.2734375,0.0,0,0
1772214075.851715,1772214075.751543,-118.65234375,16.11328125,-127.9296875,38.0859375,0.0,0,0
1772214075.851819,1772214075.75544,869.62890625,4.8828125,-165.52734375,38.0859375,0.0,0,0
1772214075.851962,1772214075.7593372,795.41015625,-34.66796875,-189.94140625,13.18359375,0.0,0,0
1772214075.852061,1772214075.7632341,-276.85546875,-58.10546875,-201.171875,-47.36328125,0.0,0,0
1772214075.8521228,1772214075.767131,-980.95703125,-28.80859375,-144.04296875,-48.828125,0.0,0,0
1772214075.852211,1772214075.7710283,-304.6875,24.4140625,-83.49609375,20.5078125,0.0,0,0
1772214075.852256,1772214075.7749252,755.37109375,-3.90625,-117.67578125,46.38671875,0.0,0,0
1772214075.8523362,1772214075.7788222,855.95703125,-38.0859375,-163.0859375,15.13671875,0.0,0,0
1772214075.8524039,1772214075.7827194,-252.44140625,-67.87109375,-187.98828125,-67.87109375,0.0,0,0
1772214075.8524458,1772214075.7866163,-990.234375,-61.5234375,-151.3671875,-60.05859375,0.0,0,0
1772214075.853461,1772214075.7906,-458.984375,-20.01953125,-98.14453125,2.44140625,0.0,0,0
1772214075.853523,1772214075.7944973,594.23828125,1.46484375,-61.03515625,37.59765625,0.0,0,0
1772214075.853562,1772214075.7983942,923.33984375,-14.6484375,-76.171875,24.4140625,0.0,0,0
1772214075.853599,1772214075.8022914,-145.99609375,-63.4765625,-155.76171875,-64.94140625,0.0,0,0
1772214075.853636,1772214075.8061883,-1000.0,-58.59375,-112.3046875,-86.42578125,0.0,0,0
1772214075.853672,1772214075.8100853,-596.6796875,-12.20703125,-50.78125,-15.625,0.0,0,0
1772214075.853755,1772214075.8139825,448.73046875,-3.90625,-46.875,54.19921875,0.0,0,0
1772214075.853791,1772214075.8178794,936.03515625,-17.578125,-95.21484375,41.50390625,0.0,0,0
1772214075.8538282,1772214075.8217766,-31.73828125,-66.40625,-167.96875,-40.0390625,0.0,0,0
1772214075.853865,1772214075.8256736,-987.79296875,-68.359375,-136.71875,-67.3828125,0.0,0,0
1772214075.8539011,1772214075.8295705,-771.97265625,-26.3671875,-79.1015625,-29.296875,0.0,0,0
1772214075.8539379,1772214075.8334677,278.80859375,-7.8125,-52.24609375,46.38671875,0.0,0,0
1772214075.9114869,1772214075.8374298,962.40234375,-20.5078125,-76.66015625,48.828125,0.0,0,0
1772214075.911618,1772214075.841327,166.015625,-73.2421875,-95.703125,-33.69140625,0.0,0,0
1772214075.911654,1772214075.845224,-905.2734375,-62.98828125,-39.0625,-61.5234375,0.0,0,0
1772214075.911684,1772214075.8491209,-857.91015625,-10.25390625,29.296875,-26.85546875,0.0,0,0
1772214075.911714,1772214075.853018,230.95703125,17.08984375,75.68359375,35.64453125,0.0,0,0
1772214075.911743,1772214075.856915,957.03125,-1.46484375,63.96484375,39.0625,0.0,0,0
1772214075.911772,1772214075.8608122,354.00390625,-25.390625,13.18359375,-19.53125,0.0,0,0
1772214075.9118001,1772214075.8647091,-730.46875,-42.48046875,0.0,-56.15234375,0.0,0,0
1772214075.91183,1772214075.8686063,-965.8203125,-34.66796875,3.41796875,-22.94921875,0.0,0,0
1772214075.911859,1772214075.8725033,121.58203125,15.13671875,9.27734375,61.5234375,0.0,0,0
1772214075.9118872,1772214075.8764002,986.81640625,14.6484375,5.37109375,63.4765625,0.0,0,0
1772214075.911915,1772214075.8802974,548.828125,-35.15625,-8.7890625,5.37109375,0.0,0,0
1772214075.9567301,1772214075.8843222,-561.5234375,-65.4296875,-27.83203125,-66.40625,0.0,0,0
1772214075.956992,1772214075.888219,-1000.0,-42.48046875,-29.78515625,-44.43359375,0.0,0,0
1772214075.957029,1772214075.8921163,8.30078125,10.25390625,-14.6484375,53.22265625,0.0,0,0
1772214075.95706,1772214075.8960133,975.5859375,1.953125,-45.8984375,59.5703125,0.0,0,0
1772214075.957092,1772214075.8999104,739.2578125,-29.78515625,-70.80078125,5.859375,0.0,0,0
1772214075.9571211,1772214075.9038074,-355.95703125,-49.8046875,-96.19140625,-63.4765625,0.0,0,0
1772214075.957155,1772214075.9077046,-1000.0,-48.828125,-106.4453125,-44.921875,0.0,0,0
1772214075.957183,1772214075.9116015,-91.30859375,7.8125,-36.62109375,47.36328125,0.0,0,0
1772214075.957212,1772214075.9154987,938.4765625,6.8359375,-15.625,77.1484375,0.0,0,0
1772214075.95724,1772214075.9193957,875.48828125,-12.20703125,-90.8203125,45.8984375,0.0,0,0
1772214075.957269,1772214075.9232929,-192.3828125,-38.57421875,-185.546875,-53.22265625,0.0,0,0
1772214075.9572978,1772214075.9271898,-1000.0,-40.0390625,-146.484375,-54.6875,0.0,0,0
1772214076.000947,1772214075.931204,-310.546875,17.08984375,-36.1328125,21.484375,0.0,0,0
1772214076.001039,1772214075.9351013,796.38671875,34.66796875,23.4375,52.24609375,0.0,0,0
1772214076.001066,1772214075.9389982,963.8671875,15.625,-4.8828125,36.62109375,0.0,0,0
1772214076.001091,1772214075.9428954,-107.91015625,-39.0625,-122.0703125,-60.546875,0.0,0,0
1772214076.0011158,1772214075.9467926,-1000.0,-34.66796875,-123.046875,-79.1015625,0.0,0,0
1772214076.0011399,1772214075.9506896,-479.4921875,26.85546875,-48.33984375,-9.27734375,0.0,0,0
1772214076.0011678,1772214075.9545867,646.484375,41.9921875,-32.2265625,63.96484375,0.0,0,0
1772214076.001191,1772214075.9584837,998.53515625,8.30078125,-60.546875,52.24609375,0.0,0,0
1772214076.001216,1772214075.962381,-46.875,-40.0390625,-67.87109375,-64.453125,0.0,0,0
1772214076.001239,1772214075.9662778,-1000.0,-21.484375,-18.5546875,-73.2421875,0.0,0,0
1772214076.0012622,1772214075.970175,-651.3671875,21.484375,55.6640625,3.90625,0.0,0,0
1772214076.0012858,1772214075.974072,478.02734375,46.875,132.32421875,79.58984375,0.0,0,0
1772214076.046245,1772214075.9780777,-975.09765625,34.66796875,95.21484375,74.21875,0.0,0,0
1772214076.046365,1772214075.9819746,38.0859375,-26.3671875,-42.96875,-42.48046875,0.0,0,0
1772214076.0463948,1772214075.9858718,-1000.0,-38.57421875,-62.98828125,-96.19140625,0.0,0,0
1772214076.0464199,1772214075.989769,-856.93359375,-5.859375,-29.296875,-54.6875,0.0,0,0
1772214076.046447,1772214075.993666,242.67578125,31.73828125,65.91796875,57.12890625,0.0,0,0
1772214076.0464718,1772214075.9975631,-971.6796875,33.69140625,141.6015625,97.65625,0.0,0,0
1772214076.046496,1772214076.00146,134.27734375,-38.0859375,57.6171875,4.8828125,0.0,0,0
1772214076.04652,1772214076.0053573,-961.9140625,-55.17578125,6.34765625,-60.05859375,0.0,0,0
1772214076.0465732,1772214076.0092545,-944.82421875,-2.9296875,14.6484375,-30.76171875,0.0,0,0
1772214076.04663,1772214076.0131514,112.3046875,36.1328125,18.5546875,63.4765625,0.0,0,0
1772214076.0466728,1772214076.0170486,-959.47265625,30.76171875,-8.7890625,94.23828125,0.0,0,0
1772214076.046701,1772214076.0209458,392.08984375,-24.90234375,-58.10546875,19.04296875,0.0,0,0
1772214076.091525,1772214076.0249422,-798.828125,-48.828125,-82.51953125,-64.453125,0.0,0,0
1772214076.0916412,1772214076.028839,-1000.0,-18.5546875,-78.125,-48.33984375,0.0,0,0
1772214076.091668,1772214076.0327363,72.265625,30.76171875,-32.71484375,60.546875,0.0,0,0
1772214076.091694,1772214076.0366335,-988.76953125,38.57421875,-58.10546875,83.984375,0.0,0,0
1772214076.091719,1772214076.0405304,528.80859375,-9.27734375,-133.30078125,17.578125,0.0,0,0
1772214076.091744,1772214076.0444276,-625.0,-28.3203125,-175.29296875,-69.82421875,0.0,0,0
1772214076.0917702,1772214076.0483248,-1000.0,-2.44140625,-135.7421875,-65.4296875,0.0,0,0
1772214076.091794,1772214076.0522218,23.4375,44.43359375,-39.55078125,42.96875,0.0,0,0
1772214076.091818,1772214076.056119,997.0703125,35.15625,-39.55078125,74.70703125,0.0,0,0
1772214076.091842,1772214076.0600162,695.80078125,-13.671875,-60.546875,35.15625,0.0,0,0
1772214076.091867,1772214076.063913,-427.734375,-40.0390625,-42.96875,-44.921875,0.0,0,0
1772214076.091891,1772214076.0678103,-1000.0,-13.671875,28.3203125,-44.43359375,0.0,0,0
1772214076.15044,1772214076.071799,-83.984375,41.9921875,99.12109375,59.5703125,0.0,0,0
1772214076.1505148,1772214076.0756962,956.0546875,35.15625,90.8203125,94.23828125,0.0,0,0
1772214076.150542,1772214076.0795934,815.91796875,-2.9296875,57.6171875,51.7578125,0.0,0,0
1772214076.150568,1772214076.0834906,-262.20703125,-28.3203125,33.203125,-47.36328125,0.0,0,0
1772214076.150593,1772214076.0873876,-1000.0,-25.87890625,93.26171875,-60.05859375,0.0,0,0
1772214076.1506171,1772214076.0912848,-273.92578125,24.90234375,165.0390625,38.57421875,0.0,0,0
1772214076.1506429,1772214076.095182,871.58203125,24.4140625,149.90234375,99.609375,0.0,0,0
1772214076.150667,1772214076.0990791,897.4609375,-3.90625,81.0546875,69.3359375,0.0,0,0
1772214076.15069,1772214076.102976,-178.22265625,-36.62109375,-16.11328125,-58.59375,0.0,0,0
1772214076.1507142,1772214076.1068733,-1000.0,-45.8984375,-53.22265625,-76.66015625,0.0,0,0
1772214076.150738,1772214076.1107705,-423.33984375,18.5546875,21.484375,20.01953125,0.0,0,0
1772214076.150761,1772214076.1146677,714.35546875,37.59765625,68.359375,98.14453125,0.0,0,0
1772214076.181391,1772214076.1186457,922.36328125,4.39453125,4.8828125,78.61328125,0.0,0,0
1772214076.181553,1772214076.1225429,-166.015625,-39.0625,-67.3828125,-36.62109375,0.0,0,0
1772214076.181598,1772214076.12644,-1000.0,-20.99609375,-61.03515625,-54.19921875,0.0,0,0
1772214076.181639,1772214076.1303372,-577.1484375,34.66796875,10.7421875,18.06640625,0.0,0,0
1772214076.181677,1772214076.1342342,528.3203125,51.26953125,62.98828125,105.46875,0.0,0,0
1772214076.181715,1772214076.1381314,992.1875,31.73828125,46.875,102.5390625,0.0,0,0
1772214076.181762,1772214076.1420286,-29.78515625,-0.9765625,14.16015625,-12.20703125,0.0,0,0
1772214076.181817,1772214076.1459258,-1000.0,2.9296875,31.25,-50.29296875,0.0,0,0
1772214076.1818619,1772214076.149823,-759.27734375,20.99609375,50.29296875,-7.8125,0.0,0,0
1772214076.1818979,1772214076.15372,338.8671875,42.96875,70.3125,73.2421875,0.0,0,0
1772214076.181943,1772214076.157617,959.47265625,42.48046875,54.19921875,95.21484375,0.0,0,0
1772214076.181979,1772214076.1615143,2.9296875,-6.34765625,-21.97265625,2.9296875,0.0,0,0
1772214076.226442,1772214076.1654847,-980.95703125,-22.94921875,-56.640625,-43.9453125,0.0,0,0
1772214076.226572,1772214076.1693819,-859.375,7.8125,-39.55078125,-5.859375,0.0,0,0
1772214076.22661,1772214076.1732788,215.33203125,52.734375,-23.92578125,100.5859375,0.0,0,0
1772214076.226658,1772214076.177176,957.03125,38.57421875,-83.0078125,121.58203125,0.0,0,0
1772214076.226697,1772214076.1810732,147.4609375,-22.94921875,-181.15234375,19.04296875,0.0,0,0
1772214076.226735,1772214076.1849704,-883.30078125,-20.01953125,-180.17578125,-49.8046875,0.0,0,0
1772214076.226777,1772214076.1888676,-932.6171875,14.6484375,-125.48828125,-20.99609375,0.0,0,0
1772214076.226815,1772214076.1927645,142.08984375,42.48046875,-84.47265625,81.54296875,0.0,0,0
1772214076.2268648,1772214076.1966617,937.01171875,30.76171875,-58.59375,104.4921875,0.0,0,0
1772214076.226903,1772214076.200559,339.84375,-5.37109375,-37.109375,37.109375,0.0,0,0
1772214076.2269561,1772214076.204456,-694.3359375,-19.04296875,-33.69140625,-36.62109375,0.0,0,0
1772214076.227006,1772214076.2083533,-973.6328125,-19.04296875,-42.96875,-39.0625,0.0,0,0
1772214076.286664,1772214076.212315,107.91015625,18.06640625,8.7890625,72.265625,0.0,0,0
1772214076.286826,1772214076.2162123,957.51953125,19.04296875,-4.8828125,122.55859375,0.0,0,0
1772214076.2882738,1772214076.2201095,511.71875,-16.6015625,-28.80859375,66.40625,0.0,0,0
1772214076.288338,1772214076.2240067,-544.43359375,-32.2265625,-46.38671875,-46.875,0.0,0,0
1772214076.28839,1772214076.2279036,-996.09375,-21.484375,-66.89453125,-60.05859375,0.0,0,0
1772214076.2884412,1772214076.2318008,13.18359375,30.2734375,-55.17578125,69.3359375,0.0,0,0
1772214076.288706,1772214076.235698,953.125,42.96875,-85.44921875,122.0703125,0.0,0,0
1772214076.288762,1772214076.2395952,645.99609375,0.48828125,-107.421875,71.77734375,0.0,0,0
1772214076.2888231,1772214076.2434924,-402.34375,-25.390625,-125.48828125,-42.96875,0.0,0,0
1772214076.288874,1772214076.2473896,-987.79296875,-13.18359375,-104.4921875,-61.5234375,0.0,0,0
1772214076.288927,1772214076.2512867,-155.2734375,22.4609375,-36.62109375,40.52734375,0.0,0,0
1772214076.288977,1772214076.2551837,877.44140625,28.80859375,-3.41796875,104.98046875,0.0,0,0
1772214076.3311129,1772214076.2592075,787.59765625,7.32421875,9.27734375,75.68359375,0.0,0,0
1772214076.331233,1772214076.2631047,-289.55078125,-20.5078125,-19.53125,-55.17578125,0.0,0,0
1772214076.331275,1772214076.2670019,-968.75,-11.71875,-17.578125,-77.1484375,0.0,0,0
1772214076.331315,1772214076.270899,-306.15234375,38.0859375,-14.6484375,21.484375,0.0,0,0
1772214076.3313532,1772214076.2747962,742.67578125,56.15234375,-17.578125,99.12109375,0.0,0,0
1772214076.3313909,1772214076.2786932,861.81640625,36.62109375,1.46484375,104.00390625,0.0,0,0
1772214076.331429,1772214076.2825904,-244.62890625,-17.578125,-28.80859375,-20.99609375,0.0,0,0
1772214076.331467,1772214076.2864876,-973.14453125,-18.5546875,24.4140625,-66.40625,0.0,0,0
1772214076.331511,1772214076.2903848,-457.51953125,27.34375,46.875,8.30078125,0.0,0,0
1772214076.331549,1772214076.294282,582.03125,51.7578125,64.453125,107.421875,0.0,0,0
1772214076.331584,1772214076.2981791,890.13671875,34.1796875,107.421875,121.58203125,0.0,0,0
1772214076.331637,1772214076.3020763,-191.89453125,-27.34375,44.43359375,-26.3671875,0.0,0,0
1772214076.376957,1772214076.3060899,-989.74609375,-25.390625,70.3125,-79.1015625,0.0,0,0
1772214076.3771021,1772214076.309987,-631.34765625,18.5546875,125.48828125,-3.90625,0.0,0,0
1772214076.377147,1772214076.3138843,421.38671875,42.48046875,155.2734375,122.55859375,0.0,0,0
1772214076.377186,1772214076.3177814,896.484375,29.296875,151.3671875,144.04296875,0.0,0,0
1772214076.377224,1772214076.3216786,-112.3046875,-11.23046875,74.70703125,7.8125,0.0,0,0
1772214076.377311,1772214076.3255758,-977.05078125,-18.5546875,54.6875,-77.1484375,0.0,0,0
1772214076.377354,1772214076.329473,-718.26171875,2.9296875,48.33984375,-31.25,0.0,0,0
1772214076.377386,1772214076.3333702,312.5,21.97265625,60.05859375,115.72265625,0.0,0,0
1772214076.377415,1772214076.3372674,910.15625,23.4375,75.68359375,153.80859375,0.0,0,0
1772214076.3774452,1772214076.3411646,92.28515625,1.46484375,10.7421875,34.66796875,0.0,0,0
1772214076.377474,1772214076.3450618,-899.4140625,-5.37109375,-23.92578125,-75.68359375,0.0,0,0
1772214076.377503,1772214076.348959,-787.59765625,10.7421875,15.625,-59.08203125,0.0,0,0
1772214076.450374,1772214076.353034,290.52734375,28.3203125,92.7734375,85.44921875,0.0,0,0
1772214076.450496,1772214076.3569312,905.2734375,25.390625,100.5859375,128.90625,0.0,0,0
1772214076.450526,1772214076.3608284,232.421875,-19.53125,-0.48828125,21.484375,0.0,0,0
1772214076.4505541,1772214076.3647256,-775.87890625,-30.76171875,-10.7421875,-94.23828125,0.0,0,0
1772214076.450578,1772214076.368623,-863.76953125,2.44140625,6.8359375,-85.44921875,0.0,0,0
1772214076.450602,1772214076.3725202,226.5625,32.71484375,23.4375,55.17578125,0.0,0,0
1772214076.4506261,1772214076.3764174,927.734375,22.94921875,65.4296875,121.09375,0.0,0,0
1772214076.4506502,1772214076.3803146,413.57421875,-7.8125,-15.13671875,65.91796875,0.0,0,0
1772214076.4506729,1772214076.3842118,-617.1875,-17.578125,-23.4375,-69.82421875,0.0,0,0
1772214076.450696,1772214076.388109,-913.57421875,0.9765625,31.25,-89.35546875,0.0,0,0
1772214076.45072,1772214076.3920062,144.04296875,31.73828125,33.203125,68.359375,0.0,0,0
1772214076.4507442,1772214076.3959033,926.26953125,19.04296875,59.08203125,139.16015625,0.0,0,0
1772214076.467673,1772214076.3999064,576.66015625,-22.94921875,49.31640625,80.56640625,0.0,0,0
1772214076.467813,1772214076.4038036,-455.078125,-32.71484375,-20.5078125,-69.3359375,0.0,0,0
1772214076.467857,1772214076.4077008,-868.1640625,-25.390625,-21.97265625,-109.86328125,0.0,0,0
1772214076.4678981,1772214076.411598,135.7421875,12.6953125,60.546875,26.85546875,0.0,0,0
1772214076.467938,1772214076.4154952,919.43359375,19.53125,73.2421875,120.60546875,0.0,0,0
1772214076.4679759,1772214076.4193923,738.76953125,-5.37109375,7.8125,88.8671875,0.0,0,0
1772214076.468014,1772214076.4232895,-308.10546875,-34.1796875,-25.87890625,-76.66015625,0.0,0,0
1772214076.468052,1772214076.427187,-859.375,-42.96875,56.640625,-117.67578125,0.0,0,0
1772214076.4680882,1772214076.4310842,25.87890625,-4.8828125,149.90234375,17.08984375,0.0,0,0
1772214076.468126,1772214076.4349813,855.46875,20.01953125,133.7890625,129.8828125,0.0,0,0
1772214076.468163,1772214076.4388785,851.5625,0.9765625,113.28125,110.3515625,0.0,0,0
1772214076.4682019,1772214076.4427757,-228.02734375,-38.0859375,71.77734375,-58.59375,0.0,0,0
1772214076.511723,1772214076.4467626,-861.81640625,-26.3671875,70.80078125,-112.79296875,0.0,0,0
1772214076.5118341,1772214076.4506598,-87.890625,10.7421875,85.9375,-6.8359375,0.0,0,0
1772214076.511861,1772214076.454557,738.76953125,13.18359375,72.75390625,114.2578125,0.0,0,0
1772214076.511887,1772214076.4584541,896.97265625,-0.48828125,32.2265625,107.421875,0.0,0,0
1772214076.511914,1772214076.4623516,-145.01953125,-32.2265625,-24.4140625,-51.7578125,0.0,0,0
1772214076.511939,1772214076.4662488,-887.6953125,-30.2734375,99.609375,-103.515625,0.0,0,0
1772214076.5119622,1772214076.470146,-242.1875,3.41796875,273.4375,-26.85546875,0.0,0,0
1772214076.511986,1772214076.4740431,622.0703125,22.4609375,240.72265625,111.328125,0.0,0,0
1772214076.51201,1772214076.4779403,896.484375,16.6015625,59.5703125,140.625,0.0,0,0
1772214076.512033,1772214076.4818377,-74.70703125,-41.9921875,-44.43359375,-23.4375,0.0,0,0
1772214076.512057,1772214076.485735,-903.3203125,-51.26953125,8.30078125,-101.07421875,0.0,0,0
1772214076.512081,1772214076.4896321,-385.7421875,-3.41796875,164.0625,-51.7578125,0.0,0,0
1772214076.555997,1772214076.4936092,505.37109375,22.94921875,222.65625,85.9375,0.0,0,0
1772214076.556117,1772214076.4975064,904.78515625,5.37109375,98.6328125,129.8828125,0.0,0,0
1772214076.556146,1772214076.5014036,133.7890625,-34.66796875,-45.8984375,-14.6484375,0.0,0,0
1772214076.556171,1772214076.5053008,-865.234375,-24.90234375,-65.91796875,-133.30078125,0.0,0,0
1772214076.5561988,1772214076.5091982,-476.5625,12.6953125,-2.44140625,-78.125,0.0,0,0
1772214076.556223,1772214076.5130954,527.83203125,31.25,43.45703125,96.19140625,0.0,0,0
1772214076.556247,1772214076.5169926,879.39453125,30.76171875,-7.8125,153.3203125,0.0,0,0
1772214076.556271,1772214076.5208898,279.296875,-5.859375,-92.28515625,30.76171875,0.0,0,0
1772214076.5562959,1772214076.5247872,-755.859375,-30.76171875,-111.81640625,-107.91015625,0.0,0,0
1772214076.55632,1772214076.5286844,-637.6953125,-1.953125,-51.7578125,-90.33203125,0.0,0,0
1772214076.556345,1772214076.5325816,450.1953125,25.390625,36.1328125,71.77734375,0.0,0,0
1772214076.556373,1772214076.5364788,876.953125,11.71875,-19.04296875,125.0,0.0,0,0
1772214076.600937,1772214076.5404487,436.5234375,-16.11328125,-119.140625,24.90234375,0.0,0,0
1772214076.601084,1772214076.5443459,-600.09765625,-14.16015625,-140.13671875,-122.55859375,0.0,0,0
1772214076.601126,1772214076.548243,-676.26953125,12.20703125,-94.7265625,-120.1171875,0.0,0,0
1772214076.601154,1772214076.5521402,473.6328125,35.64453125,10.25390625,48.828125,0.0,0,0
1772214076.6012192,1772214076.5560377,878.41796875,17.578125,11.71875,101.5625,0.0,0,0
1772214076.60125,1772214076.5599349,546.875,-11.23046875,1.46484375,32.2265625,0.0,0,0
1772214076.601275,1772214076.563832,-435.05859375,-11.23046875,-19.53125,-125.9765625,0.0,0,0
1772214076.6013288,1772214076.5677295,-784.66796875,5.37109375,-67.3828125,-175.78125,0.0,0,0
1772214076.6013591,1772214076.5716267,288.0859375,20.01953125,-22.94921875,-16.11328125,0.0,0,0
1772214076.6013849,1772214076.5755239,905.2734375,10.25390625,-17.08984375,86.42578125,0.0,0,0
1772214076.601412,1772214076.579421,671.875,-10.25390625,-66.40625,60.546875,0.0,0,0
1772214076.601535,1772214076.5833185,-333.984375,-31.25,-91.30859375,-100.5859375,0.0,0,0
1772214076.660925,1772214076.587278,-783.69140625,-22.94921875,-49.8046875,-160.64453125,0.0,0,0
1772214076.6610188,1772214076.591175,181.640625,13.18359375,16.11328125,-14.16015625,0.0,0,0
1772214076.661047,1772214076.5950723,874.0234375,14.6484375,32.2265625,106.4453125,0.0,0,0
1772214076.6610718,1772214076.5989695,742.67578125,-3.90625,-18.06640625,96.19140625,0.0,0,0
1772214076.661097,1772214076.602867,-293.9453125,-28.80859375,-92.28515625,-77.1484375,0.0,0,0
1772214076.6611211,1772214076.606764,-794.921875,-15.13671875,-51.7578125,-136.71875,0.0,0,0
1772214076.661145,1772214076.6106613,13.18359375,24.4140625,-12.6953125,-18.06640625,0.0,0,0
1772214076.6611688,1772214076.6145587,770.01953125,12.6953125,13.18359375,103.515625,0.0,0,0
1772214076.661193,1772214076.618456,835.44921875,-18.5546875,41.015625,105.46875,0.0,0,0
1772214076.661217,1772214076.622353,-218.75,-34.66796875,-50.78125,-67.3828125,0.0,0,0
1772214076.66124,1772214076.6262505,-837.890625,-11.23046875,-72.265625,-147.94921875,0.0,0,0
1772214076.661264,1772214076.6301477,-151.3671875,19.53125,-23.4375,-56.15234375,0.0,0,0
1772214076.751082,1772214076.6343105,662.109375,18.5546875,-4.39453125,90.33203125,0.0,0,0
1772214076.751277,1772214076.638208,845.21484375,2.9296875,-18.06640625,117.67578125,0.0,0,0
1772214076.7514508,1772214076.642105,-163.57421875,-20.01953125,-46.38671875,-57.12890625,0.0,0,0
1772214076.751504,1772214076.6460025,-871.09375,-0.48828125,-25.390625,-161.1328125,0.0,0,0
1772214076.751534,1772214076.6498997,-309.5703125,32.71484375,51.7578125,-82.51953125,0.0,0,0
1772214076.751605,1772214076.653797,551.26953125,45.8984375,172.8515625,84.9609375,0.0,0,0
1772214076.751654,1772214076.6576943,833.984375,37.109375,189.453125,131.8359375,0.0,0,0
1772214076.7517,1772214076.6615915,-47.8515625,-3.90625,122.55859375,-20.5078125,0.0,0,0
1772214076.751766,1772214076.665489,-868.65234375,-5.859375,104.4921875,-143.06640625,0.0,0,0
1772214076.751796,1772214076.6693861,-496.58203125,29.296875,124.51171875,-108.88671875,0.0,0,0
1772214076.751842,1772214076.6732836,462.890625,43.9453125,148.4375,73.73046875,0.0,0,0
1772214076.7519,1772214076.6771808,805.6640625,18.5546875,78.61328125,134.27734375,0.0,0,0
1772214076.7526999,1772214076.681204,55.6640625,-8.7890625,-16.6015625,-5.859375,0.0,0,0
1772214076.7527602,1772214076.6851013,-816.89453125,-12.20703125,-27.83203125,-134.27734375,0.0,0,0
1772214076.752786,1772214076.6889987,-622.0703125,6.34765625,18.5546875,-120.1171875,0.0,0,0
1772214076.75281,1772214076.692896,426.7578125,30.76171875,65.4296875,53.7109375,0.0,0,0
1772214076.752835,1772214076.6967933,833.0078125,24.4140625,41.015625,132.8125,0.0,0,0
1772214076.7528589,1772214076.7006905,275.390625,0.9765625,-30.76171875,15.13671875,0.0,0,0
1772214076.752883,1772214076.704588,-666.015625,-17.08984375,-162.109375,-142.578125,0.0,0,0
1772214076.752909,1772214076.7084851,-723.6328125,-17.578125,-111.328125,-146.484375,0.0,0,0
1772214076.752959,1772214076.7123826,375.0,15.13671875,72.75390625,28.80859375,0.0,0,0
1772214076.7529862,1772214076.7162797,858.88671875,14.6484375,100.5859375,120.60546875,0.0,0,0
1772214076.753011,1772214076.7201772,443.359375,-14.16015625,76.171875,36.62109375,0.0,0,0
1772214076.753035,1772214076.7240744,-508.7890625,-29.296875,37.109375,-145.01953125,0.0,0,0
1772214076.7966132,1772214076.7280765,-790.52734375,-15.625,69.3359375,-161.1328125,0.0,0,0
1772214076.796701,1772214076.731974,278.3203125,7.8125,129.39453125,28.80859375,0.0,0,0
1772214076.7967281,1772214076.7358713,879.39453125,-3.41796875,153.3203125,113.28125,0.0,0,0
1772214076.796753,1772214076.7397685,520.99609375,-7.8125,70.80078125,57.6171875,0.0,0,0
1772214076.796779,1772214076.743666,-437.01171875,-10.7421875,-85.9375,-113.76953125,0.0,0,0
1772214076.7968042,1772214076.7475631,-794.43359375,-6.8359375,-66.89453125,-166.50390625,0.0,0,0
1772214076.7968278,1772214076.7514606,155.76171875,10.7421875,58.59375,-12.20703125,0.0,0,0
1772214076.7968519,1772214076.755358,856.4453125,3.90625,97.16796875,93.75,0.0,0,0
1772214076.796876,1772214076.7592552,648.4375,6.8359375,87.40234375,73.73046875,0.0,0,0
1772214076.7969,1772214076.7631526,-347.65625,-10.25390625,51.7578125,-102.05078125,0.0,0,0
1772214076.7969239,1772214076.7670498,-828.125,-17.578125,21.484375,-165.52734375,0.0,0,0
1772214076.796947,1772214076.7709472,-58.10546875,19.53125,65.91796875,-33.69140625,0.0,0,0
1772214076.842079,1772214076.7749414,767.578125,11.23046875,62.98828125,86.42578125,0.0,0,0
1772214076.8422139,1772214076.7788389,738.76953125,-6.34765625,5.37109375,91.30859375,0.0,0,0
1772214076.842248,1772214076.7827363,-332.51953125,-26.85546875,-41.9921875,-93.75,0.0,0,0
1772214076.842279,1772214076.7866335,-825.68359375,-8.30078125,-32.2265625,-165.52734375,0.0,0,0
1772214076.8423119,1772214076.790531,-174.8046875,15.625,10.25390625,-41.9921875,0.0,0,0
1772214076.84234,1772214076.7944283,647.4609375,5.859375,25.390625,98.14453125,0.0,0,0
1772214076.84237,1772214076.7983255,826.171875,-4.8828125,10.25390625,117.67578125,0.0,0,0
1772214076.842398,1772214076.802223,-236.328125,-32.71484375,-77.63671875,-68.84765625,0.0,0,0
1772214076.842428,1772214076.8061204,-875.48828125,-13.671875,-104.00390625,-163.0859375,0.0,0,0
1772214076.842457,1772214076.8100176,-341.30859375,14.16015625,9.765625,-70.3125,0.0,0,0
1772214076.842485,1772214076.813915,520.01953125,10.25390625,23.4375,84.47265625,0.0,0,0
1772214076.8425128,1772214076.8178122,836.42578125,4.8828125,-32.2265625,126.46484375,0.0,0,0
1772214076.8861492,1772214076.8217974,-156.25,-36.62109375,0.48828125,-38.57421875,0.0,0,0
1772214076.886271,1772214076.8256948,-912.59765625,-30.76171875,33.203125,-155.2734375,0.0,0,0
1772214076.886299,1772214076.8295922,-567.87109375,1.953125,14.6484375,-97.65625,0.0,0,0
1772214076.886325,1772214076.8334894,368.65234375,12.20703125,56.15234375,74.21875,0.0,0,0
1772214076.886351,1772214076.8373868,812.98828125,13.18359375,108.88671875,127.9296875,0.0,0,0
1772214076.8863769,1772214076.8412843,-53.22265625,-18.06640625,66.40625,-20.99609375,0.0,0,0
1772214076.886401,1772214076.8451815,-878.90625,-23.4375,69.3359375,-149.4140625,0.0,0,0
1772214076.886425,1772214076.849079,-670.41015625,10.7421875,104.4921875,-134.27734375,0.0,0,0
1772214076.8864489,1772214076.8529763,344.7265625,33.203125,181.15234375,32.71484375,0.0,0,0
1772214076.886473,1772214076.8568735,820.3125,19.04296875,189.94140625,121.58203125,0.0,0,0
1772214076.886497,1772214076.860771,130.859375,-15.13671875,89.84375,19.53125,0.0,0,0
1772214076.886521,1772214076.8646684,-769.04296875,-22.4609375,61.03515625,-133.30078125,0.0,0,0
1772214076.9316401,1772214076.868645,-774.4140625,-6.34765625,108.88671875,-145.99609375,0.0,0,0
1772214076.931757,1772214076.8725421,303.22265625,15.625,179.19921875,27.83203125,0.0,0,0
1772214076.931786,1772214076.8764396,864.74609375,8.7890625,179.19921875,118.65234375,0.0,0,0
1772214076.931812,1772214076.880337,349.609375,-22.94921875,121.09375,32.71484375,0.0,0,0
1772214076.931839,1772214076.8842344,-609.86328125,-32.2265625,87.40234375,-132.8125,0.0,0,0
1772214076.931863,1772214076.8881316,-808.10546875,-25.390625,99.12109375,-157.71484375,0.0,0,0
1772214076.9318871,1772214076.892029,274.4140625,2.44140625,179.19921875,11.71875,0.0,0,0
1772214076.931911,1772214076.8959265,878.41796875,4.39453125,162.59765625,100.09765625,0.0,0,0
1772214076.931935,1772214076.899824,485.3515625,-26.85546875,96.19140625,44.43359375,0.0,0,0
1772214076.9319592,1772214076.903721,-465.8203125,-41.9921875,28.80859375,-134.27734375,0.0,0,0
1772214076.931983,1772214076.9076185,-859.86328125,-33.69140625,15.13671875,-182.6171875,0.0,0,0
1772214076.932006,1772214076.911516,132.8125,-4.39453125,85.44921875,-15.625,0.0,0,0
1772214076.97615,1772214076.915483,882.32421875,1.46484375,63.96484375,84.9609375,0.0,0,0
1772214076.9762402,1772214076.9193804,646.97265625,-14.6484375,15.13671875,50.78125,0.0,0,0
1772214076.976268,1772214076.9232779,-333.0078125,-26.3671875,7.8125,-128.90625,0.0,0,0
1772214076.976293,1772214076.927175,-858.3984375,-19.53125,-15.625,-197.75390625,0.0,0,0
1772214076.9763992,1772214076.9310725,8.7890625,19.53125,41.015625,-53.7109375,0.0,0,0
1772214076.976426,1772214076.93497,845.703125,19.53125,55.6640625,73.73046875,0.0,0,0
1772214076.9764512,1772214076.9388673,757.32421875,-19.04296875,-4.39453125,69.3359375,0.0,0,0
1772214076.9764748,1772214076.9427648,-292.96875,-48.828125,-87.40234375,-117.1875,0.0,0,0
1772214076.976498,1772214076.946662,-854.98046875,-35.15625,-72.75390625,-210.44921875,0.0,0,0
1772214076.976522,1772214076.9505594,-150.87890625,12.20703125,16.11328125,-99.609375,0.0,0,0
1772214076.976546,1772214076.9544568,738.28125,28.3203125,43.9453125,57.6171875,0.0,0,0
1772214076.9765692,1772214076.9583542,771.97265625,6.34765625,46.875,74.70703125,0.0,0,0
1772214077.050914,1772214076.962388,-329.1015625,-24.90234375,-1.46484375,-108.88671875,0.0,0,0
1772214077.051101,1772214076.9662855,-895.99609375,-24.90234375,12.6953125,-189.453125,0.0,0,0
1772214077.05116,1772214076.970183,-399.90234375,0.9765625,39.0625,-103.02734375,0.0,0,0
1772214077.0512168,1772214076.9740803,533.69140625,12.20703125,55.6640625,62.98828125,0.0,0,0
1772214077.0512698,1772214076.9779778,820.3125,-0.9765625,67.3828125,113.76953125,0.0,0,0
1772214077.0513222,1772214076.9818752,-248.53515625,-21.97265625,10.7421875,-68.84765625,0.0,0,0
1772214077.051371,1772214076.9857724,-938.96484375,-5.37109375,21.97265625,-195.3125,0.0,0,0
1772214077.05141,1772214076.9896698,-578.61328125,3.90625,48.828125,-142.578125,0.0,0,0
1772214077.0514681,1772214076.9935672,388.671875,20.99609375,76.66015625,30.76171875,0.0,0,0
1772214077.051517,1772214076.9974647,835.9375,22.4609375,80.56640625,121.58203125,0.0,0,0
1772214077.051553,1772214077.001362,-156.25,-32.71484375,-10.25390625,-25.87890625,0.0,0,0
1772214077.051611,1772214077.0052595,-949.70703125,-30.76171875,-88.37890625,-159.66796875,0.0,0,0
1772214077.081695,1772214077.0092807,-714.84375,-11.23046875,-151.85546875,-115.72265625,0.0,0,0
1772214077.0818272,1772214077.013178,294.921875,-4.39453125,-120.60546875,69.82421875,0.0,0,0
1772214077.0818691,1772214077.0170755,831.0546875,-9.765625,-126.953125,150.87890625,0.0,0,0
1772214077.0819101,1772214077.020973,31.25,-38.0859375,-218.75,11.71875,0.0,0,0
1772214077.0819478,1772214077.0248704,-850.09765625,-33.69140625,-245.60546875,-146.97265625,0.0,0,0
1772214077.0819871,1772214077.0287678,-753.41796875,-9.765625,-223.6328125,-153.3203125,0.0,0,0
1772214077.082026,1772214077.0326653,302.734375,3.41796875,-113.28125,25.390625,0.0,0,0
1772214077.0820632,1772214077.0365627,868.65234375,-6.34765625,-62.98828125,119.140625,0.0,0,0
1772214077.082101,1772214077.04046,304.6875,-38.0859375,-113.28125,14.16015625,0.0,0,0
1772214077.082138,1772214077.0443575,-681.640625,-34.66796875,-177.24609375,-146.97265625,0.0,0,0
1772214077.082175,1772214077.048255,-779.296875,-7.32421875,-191.89453125,-171.875,0.0,0,0
1772214077.082221,1772214077.0521524,324.70703125,9.27734375,-86.42578125,-1.46484375,0.0,0,0
1772214077.126121,1772214077.0561614,898.92578125,4.8828125,-4.8828125,98.6328125,0.0,0,0
1772214077.1262121,1772214077.0600588,552.24609375,-18.5546875,8.30078125,35.64453125,0.0,0,0
1772214077.126254,1772214077.0639563,-467.7734375,-29.296875,-24.90234375,-135.7421875,0.0,0,0
1772214077.1262898,1772214077.0678537,-774.4140625,-16.6015625,-25.390625,-177.734375,0.0,0,0
1772214077.126315,1772214077.071751,334.47265625,23.92578125,27.34375,-10.25390625,0.0,0,0
1772214077.126338,1772214077.0756485,927.734375,24.4140625,28.80859375,102.5390625,0.0,0,0
1772214077.126362,1772214077.079546,750.48828125,-5.37109375,50.29296875,68.84765625,0.0,0,0
1772214077.126386,1772214077.0834434,-292.48046875,-33.69140625,65.4296875,-116.69921875,0.0,0,0
1772214077.12641,1772214077.0873408,-786.62109375,-20.5078125,39.0625,-188.4765625,0.0,0,0
1772214077.126434,1772214077.0912383,270.99609375,37.109375,5.859375,-34.1796875,0.0,0,0
1772214077.126457,1772214077.0951357,922.36328125,27.83203125,-44.921875,93.26171875,0.0,0,0
1772214077.1264808,1772214077.099033,854.00390625,-7.32421875,-84.9609375,72.265625,0.0,0,0
1772214077.171058,1772214077.103035,-195.80078125,-35.64453125,-119.140625,-129.8828125,0.0,0,0
1772214077.171175,1772214077.1069324,-818.84765625,-23.92578125,-137.20703125,-219.23828125,0.0,0,0
1772214077.1712031,1772214077.1108298,84.47265625,24.90234375,-124.0234375,-84.9609375,0.0,0,0
1772214077.171229,1772214077.1147273,838.37890625,21.97265625,-123.046875,70.80078125,0.0,0,0
1772214077.171255,1772214077.1186247,839.84375,-2.44140625,-129.39453125,80.078125,0.0,0,0
1772214077.1712792,1772214077.122522,-209.9609375,-21.484375,-156.73828125,-105.46875,0.0,0,0
1772214077.171304,1772214077.1264198,-896.484375,-24.90234375,-200.68359375,-189.453125,0.0,0,0
1772214077.171329,1772214077.1303172,-286.1328125,-0.48828125,-184.5703125,-89.84375,0.0,0,0
1772214077.171354,1772214077.1342146,633.7890625,37.59765625,-120.1171875,70.3125,0.0,0,0
1772214077.17138,1772214077.138112,821.2890625,38.0859375,-140.13671875,104.00390625,0.0,0,0
1772214077.171403,1772214077.1420095,-252.9296875,-19.04296875,-202.1484375,-81.0546875,0.0,0,0
1772214077.171427,1772214077.145907,-922.36328125,-24.4140625,-181.640625,-181.640625,0.0,0,0
1772214077.216492,1772214077.1498988,-452.63671875,3.41796875,-132.32421875,-110.3515625,0.0,0,0
1772214077.216589,1772214077.1537962,474.609375,23.92578125,-20.01953125,56.640625,0.0,0,0
1772214077.216616,1772214077.1576936,895.99609375,19.04296875,70.80078125,118.1640625,0.0,0,0
1772214077.216641,1772214077.161591,-71.77734375,-29.296875,41.9921875,-44.43359375,0.0,0,0
1772214077.2166662,1772214077.1654887,-937.98828125,-30.2734375,55.17578125,-164.55078125,0.0,0,0
1772214077.2166898,1772214077.1693861,-513.18359375,-6.34765625,83.0078125,-121.58203125,0.0,0,0
1772214077.216715,1772214077.1732836,456.54296875,4.39453125,110.3515625,66.40625,0.0,0,0
1772214077.2167392,1772214077.177181,886.71875,-0.9765625,110.83984375,139.6484375,0.0,0,0
1772214077.2167628,1772214077.1810784,67.3828125,-42.48046875,38.0859375,-33.69140625,0.0,0,0
1772214077.216788,1772214077.1849759,-896.97265625,-62.5,29.296875,-194.82421875,0.0,0,0
1772214077.2168121,1772214077.1888733,-682.12890625,-29.78515625,69.3359375,-164.0625,0.0,0,0
1772214077.216835,1772214077.1927707,358.3984375,2.9296875,117.67578125,38.57421875,0.0,0,0
1772214077.2622678,1772214077.1967554,871.58203125,4.8828125,122.55859375,133.7890625,0.0,0,0
1772214077.262391,1772214077.2006528,172.8515625,-33.69140625,50.78125,10.7421875,0.0,0,0
1772214077.262419,1772214077.2045503,-801.7578125,-51.26953125,-20.99609375,-162.59765625,0.0,0,0
1772214077.262445,1772214077.2084477,-823.73046875,-20.01953125,-27.83203125,-189.94140625,0.0,0,0
1772214077.26247,1772214077.2123451,262.20703125,16.6015625,43.9453125,-1.953125,0.0,0,0
1772214077.2624938,1772214077.2162426,905.76171875,22.94921875,50.29296875,118.1640625,0.0,0,0
1772214077.262518,1772214077.2201402,355.95703125,-22.4609375,-29.78515625,32.2265625,0.0,0,0
1772214077.262541,1772214077.2240376,-652.34375,-41.015625,-101.5625,-157.2265625,0.0,0,0
1772214077.2625651,1772214077.227935,-876.953125,-13.18359375,-105.95703125,-196.2890625,0.0,0,0
1772214077.262594,1772214077.2318325,193.359375,9.27734375,-63.4765625,-0.48828125,0.0,0,0
1772214077.262618,1772214077.23573,924.31640625,12.20703125,-84.9609375,106.4453125,0.0,0,0
1772214077.262642,1772214077.2396274,584.47265625,-17.08984375,-136.23046875,33.203125,0.0,0,0
1772214077.3508952,1772214077.2437437,-444.82421875,-45.41015625,-192.3828125,-151.3671875,0.0,0,0
1772214077.35115,1772214077.247641,-878.41796875,-26.3671875,-201.171875,-209.9609375,0.0,0,0
1772214077.351218,1772214077.2515388,139.16015625,19.53125,-115.72265625,-50.29296875,0.0,0,0
1772214077.351273,1772214077.2554362,919.43359375,17.08984375,-68.359375,74.70703125,0.0,0,0
1772214077.352851,1772214077.2593336,705.56640625,-21.484375,-77.63671875,48.33984375,0.0,0,0
1772214077.352968,1772214077.263231,-315.4296875,-49.8046875,-127.44140625,-149.4140625,0.0,0,0
1772214077.353054,1772214077.2671287,-886.23046875,-39.55078125,-107.421875,-233.3984375,0.0,0,0
1772214077.353291,1772214077.2710261,-41.50390625,13.18359375,-19.04296875,-72.265625,0.0,0,0
1772214077.3533409,1772214077.2749236,847.65625,15.625,17.578125,89.35546875,0.0,0,0
1772214077.3533819,1772214077.2788212,790.52734375,-10.25390625,5.859375,96.19140625,0.0,0,0
1772214077.353421,1772214077.2827187,-277.83203125,-37.59765625,-70.3125,-108.3984375,0.0,0,0
1772214077.353459,1772214077.286616,-904.78515625,-33.203125,-63.96484375,-219.7265625,0.0,0,0
1772214077.3540008,1772214077.2905939,-231.4453125,-2.44140625,43.45703125,-98.14453125,0.0,0,0
1772214077.354049,1772214077.2944913,704.1015625,0.9765625,111.328125,64.453125,0.0,0,0
1772214077.3540878,1772214077.2983887,857.91015625,-6.34765625,88.8671875,85.44921875,0.0,0,0
1772214077.3541272,1772214077.3022864,-217.28515625,-38.0859375,-12.6953125,-89.35546875,0.0,0,0
1772214077.354164,1772214077.3061838,-950.68359375,-42.96875,-76.171875,-198.73046875,0.0,0,0
1772214077.354203,1772214077.3100812,-402.83203125,-6.34765625,-22.94921875,-136.23046875,0.0,0,0
1772214077.35424,1772214077.313979,573.73046875,3.41796875,103.515625,30.2734375,0.0,0,0
1772214077.354281,1772214077.3178763,876.953125,-14.6484375,157.71484375,76.66015625,0.0,0,0
1772214077.354319,1772214077.3217738,-151.85546875,-47.36328125,103.02734375,-106.4453125,0.0,0,0
1772214077.354356,1772214077.3256714,-940.91796875,-41.9921875,101.5625,-210.44921875,0.0,0,0
1772214077.354393,1772214077.3295689,-554.19921875,-14.6484375,91.30859375,-146.484375,0.0,0,0
1772214077.354429,1772214077.3334663,409.66796875,-2.9296875,60.05859375,30.2734375,0.0,0,0
1772214077.4121401,1772214077.3374264,858.3984375,-8.7890625,44.43359375,101.5625,0.0,0,0
1772214077.412276,1772214077.3413239,-70.80078125,-44.921875,8.7890625,-57.12890625,0.0,0,0
1772214077.412431,1772214077.3452213,-937.5,-38.57421875,39.55078125,-194.82421875,0.0,0,0
1772214077.412477,1772214077.349119,-679.19921875,-15.625,62.98828125,-168.9453125,0.0,0,0
1772214077.412624,1772214077.3530164,345.703125,-7.32421875,63.4765625,-3.90625,0.0,0,0
1772214077.412839,1772214077.3569138,862.79296875,3.41796875,44.921875,71.2890625,0.0,0,0
1772214077.4129221,1772214077.3608115,113.76953125,0.48828125,-13.18359375,-50.78125,0.0,0,0
1772214077.413116,1772214077.364709,-834.47265625,-25.87890625,-101.07421875,-207.03125,0.0,0,0
1772214077.413341,1772214077.3686063,-774.90234375,-36.62109375,-147.94921875,-185.546875,0.0,0,0
1772214077.413472,1772214077.372504,314.453125,-0.9765625,-82.51953125,16.11328125,0.0,0,0
1772214077.413552,1772214077.3764014,853.515625,4.8828125,-81.0546875,69.82421875,0.0,0,0
1772214077.4136572,1772214077.3802989,252.44140625,-23.4375,-139.16015625,-69.3359375,0.0,0,0
1772214077.456674,1772214077.3843184,-684.5703125,-27.34375,-117.67578125,-217.28515625,0.0,0,0
1772214077.4568162,1772214077.388216,-829.58984375,-14.16015625,-96.19140625,-218.26171875,0.0,0,0
1772214077.4568582,1772214077.3921134,252.44140625,19.04296875,-52.734375,-43.45703125,0.0,0,0
1772214077.456898,1772214077.396011,880.859375,20.01953125,-18.5546875,57.6171875,0.0,0,0
1772214077.456936,1772214077.3999085,419.43359375,-14.16015625,-50.29296875,-15.625,0.0,0,0
1772214077.456974,1772214077.403806,-538.57421875,-15.625,-67.3828125,-192.3828125,0.0,0,0
1772214077.457062,1772214077.4077036,-867.67578125,-13.671875,-30.76171875,-204.58984375,0.0,0,0
1772214077.4571269,1772214077.411601,159.1796875,-6.8359375,13.18359375,-29.296875,0.0,0,0
1772214077.45717,1772214077.4154987,900.87890625,-7.8125,7.8125,64.94140625,0.0,0,0
1772214077.457209,1772214077.4193962,545.8984375,-37.109375,-24.90234375,17.578125,0.0,0,0
1772214077.457246,1772214077.4232936,-435.05859375,-50.29296875,-68.359375,-163.0859375,0.0,0,0
1772214077.457283,1772214077.4271913,-843.26171875,-39.0625,-68.84765625,-213.8671875,0.0,0,0
1772214077.501338,1772214077.4312,60.05859375,-0.9765625,19.04296875,-48.828125,0.0,0,0
1772214077.501438,1772214077.4350977,855.95703125,6.34765625,39.0625,82.03125,0.0,0,0
1772214077.501467,1772214077.4389951,681.640625,-13.18359375,-3.41796875,60.546875,0.0,0,0
1772214077.501492,1772214077.4428926,-341.30859375,-51.26953125,-25.87890625,-130.37109375,0.0,0,0
1772214077.501517,1772214077.4467902,-854.00390625,-47.8515625,-3.90625,-198.2421875,0.0,0,0
1772214077.502653,1772214077.4506876,-144.04296875,7.32421875,20.5078125,-74.21875,0.0,0,0
1772214077.5027509,1772214077.4545853,734.86328125,14.16015625,49.31640625,53.7109375,0.0,0,0
1772214077.502809,1772214077.4584827,752.9296875,-20.99609375,35.64453125,55.17578125,0.0,0,0
1772214077.5028632,1772214077.4623804,-335.44921875,-52.734375,-51.7578125,-132.8125,0.0,0,0
1772214077.502916,1772214077.4662778,-882.8125,-38.57421875,-40.52734375,-207.03125,0.0,0,0
1772214077.502969,1772214077.4701755,-313.96484375,-21.484375,7.32421875,-92.28515625,0.0,0,0
1772214077.503021,1772214077.474073,594.7265625,-17.578125,21.97265625,42.48046875,0.0,0,0
1772214077.546228,1772214077.4780724,799.31640625,-21.484375,16.6015625,64.94140625,0.0,0,0
1772214077.5463538,1772214077.4819698,-272.4609375,-46.875,-66.89453125,-95.21484375,0.0,0,0
1772214077.546388,1772214077.4858675,-925.78125,-40.52734375,-106.4453125,-188.4765625,0.0,0,0
1772214077.5464199,1772214077.489765,-511.23046875,-9.765625,-127.9296875,-135.25390625,0.0,0,0
1772214077.54645,1772214077.4936626,426.26953125,2.9296875,-198.73046875,19.04296875,0.0,0,0
1772214077.5464802,1772214077.49756,850.09765625,-6.34765625,-240.234375,85.44921875,0.0,0,0
1772214077.54651,1772214077.5014577,-103.515625,-48.33984375,-321.77734375,-75.1953125,0.0,0,0
1772214077.546539,1772214077.5053551,-925.29296875,-50.78125,-342.28515625,-194.3359375,0.0,0,0
1772214077.5465689,1772214077.5092528,-626.953125,-8.7890625,-306.640625,-147.94921875,0.0,0,0
1772214077.546598,1772214077.5131502,356.93359375,11.23046875,-238.76953125,35.15625,0.0,0,0
1772214077.546626,1772214077.517048,853.515625,-8.30078125,-192.87109375,106.93359375,0.0,0,0
1772214077.546655,1772214077.5209453,65.4296875,-38.0859375,-253.41796875,-41.50390625,0.0,0,0
1772214077.591373,1772214077.5249379,-861.328125,-42.48046875,-280.76171875,-176.7578125,0.0,0,0
1772214077.5915022,1772214077.5288355,-804.19921875,-34.66796875,-240.234375,-165.0390625,0.0,0,0
1772214077.591535,1772214077.532733,254.39453125,-13.671875,-153.3203125,17.08984375,0.0,0,0
1772214077.591566,1772214077.5366306,893.06640625,-9.765625,-133.30078125,112.3046875,0.0,0,0
1772214077.5915961,1772214077.540528,245.1171875,-27.34375,-226.5625,12.20703125,0.0,0,0
1772214077.591626,1772214077.5444257,-744.140625,-28.80859375,-218.75,-146.97265625,0.0,0,0
1772214077.5916538,1772214077.5483232,-890.13671875,-21.97265625,-205.56640625,-156.73828125,0.0,0,0
1772214077.591684,1772214077.5522208,187.01171875,4.8828125,-275.390625,22.4609375,0.0,0,0
1772214077.591712,1772214077.5561185,886.71875,0.9765625,-270.01953125,98.14453125,0.0,0,0
1772214077.5917408,1772214077.560016,384.765625,-23.92578125,-262.20703125,28.80859375,0.0,0,0
1772214077.5917702,1772214077.5639136,-586.42578125,-38.0859375,-257.32421875,-142.08984375,0.0,0,0
1772214077.591799,1772214077.567811,-905.2734375,-30.76171875,-171.38671875,-176.7578125,0.0,0,0
1772214077.651047,1772214077.571795,133.7890625,3.41796875,-97.16796875,15.625,0.0,0,0
1772214077.651168,1772214077.5756924,903.3203125,-8.7890625,-164.55078125,96.6796875,0.0,0,0
1772214077.65121,1772214077.57959,534.66796875,-31.25,-172.8515625,38.0859375,0.0,0,0
1772214077.651249,1772214077.5834877,-437.5,-38.0859375,-74.21875,-110.83984375,0.0,0,0
1772214077.651287,1772214077.5873852,-930.6640625,-40.52734375,-43.9453125,-165.0390625,0.0,0,0
1772214077.651325,1772214077.5912828,-62.98828125,-7.8125,-136.71875,-21.97265625,0.0,0,0
1772214077.651362,1772214077.5951805,858.3984375,-19.53125,-248.046875,92.28515625,0.0,0,0
1772214077.651399,1772214077.599078,660.64453125,-48.33984375,-287.59765625,72.265625,0.0,0,0
1772214077.651437,1772214077.6029756,-375.9765625,-64.94140625,-333.49609375,-115.234375,0.0,0,0
1772214077.651474,1772214077.606873,-880.859375,-52.24609375,-309.5703125,-186.5234375,0.0,0,0
1772214077.651511,1772214077.6107707,-114.74609375,-6.8359375,-200.68359375,-41.015625,0.0,0,0
1772214077.6516778,1772214077.6146684,794.921875,-3.90625,-147.94921875,92.7734375,0.0,0,0
1772214077.685417,1772214077.6186676,774.90234375,-19.04296875,-174.31640625,92.7734375,0.0,0,0
1772214077.685533,1772214077.6225653,-298.33984375,-53.7109375,-168.9453125,-89.84375,0.0,0,0
1772214077.685652,1772214077.626463,-916.50390625,-47.36328125,-113.76953125,-167.96875,0.0,0,0
1772214077.686102,1772214077.6303604,-300.29296875,-9.765625,9.27734375,-59.08203125,0.0,0,0
1772214077.6863182,1772214077.634258,654.296875,-2.9296875,191.40625,93.26171875,0.0,0,0
1772214077.6863801,1772214077.6381557,877.44140625,-14.6484375,257.32421875,128.90625,0.0,0,0
1772214077.686671,1772214077.6420531,-181.640625,-41.50390625,191.89453125,-62.98828125,0.0,0,0
1772214077.686707,1772214077.6459508,-931.15234375,-33.203125,171.38671875,-173.33984375,0.0,0,0
1772214077.686816,1772214077.6498485,-466.30859375,-19.04296875,189.453125,-87.890625,0.0,0,0
1772214077.686861,1772214077.653746,484.86328125,-11.71875,202.1484375,79.58984375,0.0,0,0
1772214077.686931,1772214077.6576436,895.99609375,4.39453125,185.546875,106.93359375,0.0,0,0
1772214077.686962,1772214077.6615412,-101.5625,-37.59765625,83.0078125,-65.4296875,0.0,0,0
1772214077.726659,1772214077.6655095,-936.5234375,-62.5,38.0859375,-161.1328125,0.0,0,0
1772214077.7267861,1772214077.6694071,-522.4609375,-41.015625,81.54296875,-103.02734375,0.0,0,0
1772214077.726828,1772214077.6733046,424.31640625,-25.87890625,105.46875,73.73046875,0.0,0,0
1772214077.726867,1772214077.6772022,898.4375,-19.53125,38.0859375,133.7890625,0.0,0,0
1772214077.726906,1772214077.6811,68.84765625,-56.640625,-70.3125,-29.78515625,0.0,0,0
1772214077.726943,1772214077.6849973,-907.2265625,-59.08203125,-114.2578125,-150.87890625,0.0,0,0
1772214077.7269812,1772214077.688895,-678.7109375,-11.71875,-98.14453125,-114.74609375,0.0,0,0
1772214077.7270179,1772214077.6927927,367.1875,13.671875,-11.23046875,53.7109375,0.0,0,0
1772214077.727059,1772214077.6966903,853.515625,-13.18359375,-1.46484375,131.34765625,0.0,0,0
1772214077.727103,1772214077.7005877,177.734375,-44.921875,-138.18359375,-1.953125,0.0,0,0
1772214077.727144,1772214077.7044854,-792.48046875,-46.38671875,-184.08203125,-164.0625,0.0,0,0
1772214077.7271879,1772214077.708383,-763.671875,-27.34375,-165.52734375,-172.36328125,0.0,0,0
1772214077.801569,1772214077.7124777,337.40234375,-0.48828125,-119.62890625,9.765625,0.0,0,0
1772214077.8017101,1772214077.7163754,909.1796875,-4.8828125,-97.16796875,102.5390625,0.0,0,0
1772214077.801754,1772214077.7202728,429.6875,-48.33984375,-112.3046875,6.34765625,0.0,0,0
1772214077.801793,1772214077.7241704,-613.76953125,-68.84765625,-95.21484375,-171.875,0.0,0,0
1772214077.801832,1772214077.728068,-870.1171875,-44.43359375,-12.6953125,-189.94140625,0.0,0,0
1772214077.80187,1772214077.7319658,243.1640625,2.44140625,130.37109375,-9.765625,0.0,0,0
1772214077.80192,1772214077.7358634,920.8984375,-14.16015625,148.92578125,89.84375,0.0,0,0
1772214077.8019571,1772214077.7397609,494.140625,-66.40625,92.28515625,40.52734375,0.0,0,0
1772214077.801996,1772214077.7436585,-500.0,-83.49609375,34.1796875,-151.85546875,0.0,0,0
1772214077.8020322,1772214077.7475562,-958.49609375,-69.82421875,-5.859375,-215.33203125,0.0,0,0
1772214077.802078,1772214077.7514539,18.5546875,-17.08984375,44.921875,-38.0859375,0.0,0,0
1772214077.8021162,1772214077.7553515,921.875,-4.8828125,58.59375,85.9375,0.0,0,0
1772214077.830992,1772214077.7593677,624.51171875,-32.2265625,11.23046875,55.6640625,0.0,0,0
1772214077.8310778,1772214077.7632654,-397.94921875,-50.78125,-67.87109375,-126.953125,0.0,0,0
1772214077.831119,1772214077.767163,-945.3125,-37.109375,-66.40625,-201.66015625,0.0,0,0
1772214077.831158,1772214077.7710607,-158.69140625,3.41796875,-11.23046875,-52.24609375,0.0,0,0
1772214077.831197,1772214077.7749584,831.54296875,3.90625,-13.18359375,78.125,0.0,0,0
1772214077.831237,1772214077.778856,765.13671875,-12.6953125,-30.76171875,66.40625,0.0,0,0
1772214077.831274,1772214077.7827537,-302.24609375,-41.50390625,-92.28515625,-138.671875,0.0,0,0
1772214077.831311,1772214077.7866511,-950.1953125,-55.17578125,-58.59375,-233.3984375,0.0,0,0
1772214077.831348,1772214077.7905488,-311.03515625,-7.8125,36.62109375,-103.515625,0.0,0,0
1772214077.8313842,1772214077.7944465,711.42578125,9.765625,65.91796875,61.5234375,0.0,0,0
1772214077.8314261,1772214077.7983441,872.0703125,-4.8828125,67.3828125,83.49609375,0.0,0,0
1772214077.831468,1772214077.8022418,-219.23828125,-40.0390625,-24.4140625,-118.1640625,0.0,0,0
1772214077.87634,1772214077.8062503,-961.9140625,-42.96875,-110.3515625,-220.703125,0.0,0,0
1772214077.8764591,1772214077.810148,-465.33203125,-2.44140625,-145.01953125,-126.46484375,0.0,0,0
1772214077.876503,1772214077.8140457,555.17578125,7.32421875,-167.96875,51.26953125,0.0,0,0
1772214077.876544,1772214077.817943,891.11328125,-16.11328125,-147.4609375,104.4921875,0.0,0,0
1772214077.876584,1772214077.8218408,-171.875,-61.5234375,-153.80859375,-80.078125,0.0,0,0
1772214077.8766232,1772214077.8257384,-968.26171875,-58.59375,-131.34765625,-192.3828125,0.0,0,0
1772214077.876661,1772214077.829636,-628.90625,-31.25,-96.6796875,-127.9296875,0.0,0,0
1772214077.876697,1772214077.8335338,310.546875,-16.6015625,-56.640625,51.26953125,0.0,0,0
1772214077.876734,1772214077.8374314,-880.37109375,8.7890625,-25.390625,161.1328125,0.0,0,0
1772214077.876771,1772214077.841329,296.875,-25.87890625,-126.46484375,-6.34765625,0.0,0,0
1772214077.876807,1772214077.8452268,-937.01171875,-91.30859375,-229.00390625,-237.3046875,0.0,0,0
1772214077.8768609,1772214077.8491244,-1000.0,-72.75390625,-222.65625,-243.65234375,0.0,0,0
1772214077.979446,1772214077.8531911,-143.06640625,5.37109375,-89.84375,26.3671875,0.0,0,0
1772214077.979497,1772214077.8570888,-858.3984375,31.25,-48.33984375,200.1953125,0.0,0,0
1772214077.9795158,1772214077.8609865,585.44921875,-27.83203125,-142.578125,51.7578125,0.0,0,0
1772214077.979532,1772214077.8648841,-745.1171875,-63.4765625,-177.24609375,-216.30859375,0.0,0,0
1772214077.979548,1772214077.8687818,-1000.0,-41.015625,-137.6953125,-271.97265625,0.0,0,0
1772214077.979563,1772214077.8726795,-187.01171875,34.1796875,1.46484375,-1.953125,0.0,0,0
1772214077.979577,1772214077.8765771,-922.36328125,61.5234375,81.0546875,187.98828125,0.0,0,0
1772214077.9795918,1772214077.8804748,797.8515625,-6.8359375,15.13671875,91.30859375,0.0,0,0
1772214077.979606,1772214077.8843725,-492.1875,-36.62109375,-95.21484375,-178.22265625,0.0,0,0
1772214077.9796212,1772214077.8882701,-1000.0,-8.7890625,-106.4453125,-270.5078125,0.0,0,0
1772214077.9796622,1772214077.8921678,-245.1171875,36.62109375,16.6015625,-27.83203125,0.0,0,0
1772214077.979697,1772214077.8960655,-989.74609375,52.734375,72.75390625,166.9921875,0.0,0,0
1772214077.9818392,1772214077.9001272,953.125,8.30078125,-3.90625,116.2109375,0.0,0,0
1772214077.981863,1772214077.9040248,-244.140625,-56.640625,-154.296875,-164.0625,0.0,0,0
1772214077.981878,1772214077.9079227,-1000.0,-50.29296875,-159.66796875,-293.45703125,0.0,0,0
1772214077.981892,1772214077.9118204,-341.30859375,30.76171875,-0.48828125,-63.4765625,0.0,0,0
1772214077.98191,1772214077.915718,936.5234375,42.48046875,66.40625,146.97265625,0.0,0,0
1772214077.981925,1772214077.9196157,-946.77734375,3.41796875,56.15234375,138.18359375,0.0,0,0
1772214077.9819388,1772214077.9235134,-36.1328125,-41.50390625,-95.21484375,-147.94921875,0.0,0,0
1772214077.981953,1772214077.927411,-1000.0,-72.265625,-181.15234375,-313.4765625,0.0,0,0
1772214077.9819672,1772214077.9313087,-511.23046875,-13.671875,-50.78125,-106.93359375,0.0,0,0
1772214077.981982,1772214077.9352064,807.6171875,36.62109375,14.6484375,137.20703125,0.0,0,0
1772214077.981996,1772214077.939104,-880.859375,-0.48828125,8.7890625,173.33984375,0.0,0,0
1772214077.9820108,1772214077.943002,81.0546875,-60.546875,-72.75390625,-107.91015625,0.0,0,0
1772214078.0104792,1772214077.9469862,-1000.0,-73.2421875,-89.84375,-298.828125,0.0,0,0
1772214078.010509,1772214077.9508839,-732.91015625,-14.16015625,46.875,-134.765625,0.0,0,0
1772214078.010528,1772214077.9547815,583.49609375,33.69140625,151.85546875,134.765625,0.0,0,0
1772214078.01063,1772214077.9586792,-826.171875,9.27734375,134.765625,212.890625,0.0,0,0
1772214078.0106502,1772214077.962577,133.7890625,-67.3828125,-41.50390625,-53.7109375,0.0,0,0
1772214078.010667,1772214077.9664748,-1000.0,-79.1015625,-110.83984375,-261.71875,0.0,0,0
1772214078.010684,1772214077.9703724,-917.48046875,-13.18359375,11.71875,-159.1796875,0.0,0,0
1772214078.010701,1772214077.97427,322.75390625,35.15625,136.23046875,104.4921875,0.0,0,0
1772214078.0107179,1772214077.9781678,-794.43359375,29.78515625,130.859375,215.8203125,0.0,0,0
1772214078.010735,1772214077.9820654,187.98828125,-61.5234375,-56.15234375,-36.62109375,0.0,0,0
1772214078.010751,1772214077.985963,-1000.0,-88.37890625,-154.296875,-261.23046875,0.0,0,0
1772214078.0107672,1772214077.989861,-1000.0,-8.30078125,-104.4921875,-208.49609375,0.0,0,0
1772214078.05614,1772214077.9938319,91.796875,51.26953125,23.92578125,72.265625,0.0,0,0
1772214078.05618,1772214077.9977295,-793.9453125,37.109375,82.03125,232.421875,0.0,0,0
1772214078.056205,1772214078.0016274,301.26953125,-41.015625,-90.33203125,5.859375,0.0,0,0
1772214078.056229,1772214078.005525,-967.28515625,-77.63671875,-184.5703125,-245.60546875,0.0,0,0
1772214078.056253,1772214078.0094228,-1000.0,-46.875,-118.1640625,-261.71875,0.0,0,0
1772214078.0562801,1772214078.0133204,-87.40234375,13.671875,-15.13671875,22.94921875,0.0,0,0
1772214078.0563042,1772214078.017218,-827.1484375,31.73828125,-1.953125,225.09765625,0.0,0,0
1772214078.0563269,1772214078.021116,457.51953125,-51.7578125,-104.98046875,43.45703125,0.0,0,0
1772214078.056351,1772214078.0250137,-861.81640625,-113.28125,-173.828125,-229.98046875,0.0,0,0
1772214078.056374,1772214078.0289114,-1000.0,-76.66015625,-182.6171875,-273.92578125,0.0,0,0
1772214078.056397,1772214078.032809,-175.78125,18.5546875,-83.0078125,-3.41796875,0.0,0,0
1772214078.05642,1772214078.0367067,-886.23046875,40.52734375,-9.27734375,199.21875,0.0,0,0
1772214078.1009989,1772214078.0406704,681.15234375,-46.38671875,-89.35546875,78.61328125,0.0,0,0
1772214078.1010828,1772214078.044568,-649.4140625,-89.84375,-230.46875,-213.8671875,0.0,0,0
1772214078.101114,1772214078.048466,-1000.0,-50.78125,-240.234375,-300.78125,0.0,0,0
1772214078.1011698,1772214078.0523636,-204.1015625,26.85546875,-52.24609375,-31.73828125,0.0,0,0
1772214078.101207,1772214078.0562613,-950.1953125,37.59765625,36.62109375,179.19921875,0.0,0,0
1772214078.101233,1772214078.060159,874.0234375,-37.109375,-35.15625,106.93359375,0.0,0,0
1772214078.101258,1772214078.0640569,-381.34765625,-89.84375,-145.99609375,-181.15234375,0.0,0,0
1772214078.1012821,1772214078.0679545,-1000.0,-81.0546875,-136.23046875,-304.6875,0.0,0,0
1772214078.1013062,1772214078.0718522,-274.4140625,-3.90625,36.62109375,-64.453125,0.0,0,0
1772214078.101331,1772214078.0757499,977.5390625,31.25,119.140625,159.66796875,0.0,0,0
1772214078.1013849,1772214078.0796478,-986.81640625,-24.4140625,54.19921875,148.92578125,0.0,0,0
1772214078.1014469,1772214078.0835454,-121.58203125,-92.7734375,-114.2578125,-145.5078125,0.0,0,0
1772214078.1609821,1772214078.0874994,-1000.0,-96.6796875,-193.359375,-308.10546875,0.0,0,0
1772214078.16106,1772214078.091397,-395.99609375,-14.6484375,-64.94140625,-86.9140625,0.0,0,0
1772214078.161088,1772214078.095295,890.625,17.08984375,0.9765625,164.0625,0.0,0,0
1772214078.161113,1772214078.0991926,-905.2734375,-17.578125,-61.5234375,202.1484375,0.0,0,0
1772214078.1611369,1772214078.1030903,70.80078125,-101.07421875,-226.07421875,-104.98046875,0.0,0,0
1772214078.161162,1772214078.106988,-1000.0,-97.16796875,-260.7421875,-305.6640625,0.0,0,0
1772214078.161186,1772214078.1108859,-581.54296875,5.859375,-89.84375,-127.9296875,0.0,0,0
1772214078.16121,1772214078.1147835,744.140625,27.83203125,19.04296875,124.51171875,0.0,0,0
1772214078.1612349,1772214078.1186812,-856.4453125,-4.39453125,28.3203125,193.84765625,0.0,0,0
1772214078.161259,1772214078.1225789,151.3671875,-76.171875,-126.953125,-91.796875,0.0,0,0
1772214078.161283,1772214078.1264768,-1000.0,-93.75,-222.16796875,-303.22265625,0.0,0,0
1772214078.1613061,1772214078.1303744,-761.23046875,-9.27734375,-160.64453125,-164.55078125,0.0,0,0
1772214078.21985,1772214078.1343918,549.31640625,44.43359375,-33.203125,116.2109375,0.0,0,0
1772214078.2199838,1772214078.1382897,-819.3359375,16.11328125,0.9765625,218.75,0.0,0,0
1772214078.220027,1772214078.1421874,209.47265625,-60.546875,-188.96484375,-42.48046875,0.0,0,0
1772214078.220067,1772214078.146085,-1000.0,-78.125,-278.3203125,-264.6484375,0.0,0,0
1772214078.220106,1772214078.149983,-814.94140625,-15.625,-204.1015625,-186.5234375,0.0,0,0
1772214078.220143,1772214078.1538806,437.98828125,51.7578125,-28.80859375,114.2578125,0.0,0,0
1772214078.220181,1772214078.1577783,-817.3828125,39.0625,50.29296875,256.8359375,0.0,0,0
1772214078.2202182,1772214078.161676,312.98828125,-54.6875,-140.625,-3.41796875,0.0,0,0
1772214078.2202759,1772214078.1655738,-994.62890625,-81.54296875,-255.859375,-259.27734375,0.0,0,0
1772214078.220315,1772214078.1694715,-996.58203125,-11.71875,-142.578125,-228.515625,0.0,0,0
1772214078.2203531,1772214078.1733692,163.0859375,52.734375,72.265625,73.2421875,0.0,0,0
1772214078.22041,1772214078.177267,-816.89453125,37.59765625,124.51171875,247.55859375,0.0,0,0
1772214078.281594,1772214078.1814082,402.83203125,-48.828125,-98.14453125,34.1796875,0.0,0,0
1772214078.281738,1772214078.1853058,-897.4609375,-86.42578125,-231.93359375,-236.328125,0.0,0,0
1772214078.281785,1772214078.1892037,-1000.0,-48.828125,-171.38671875,-265.625,0.0,0,0
1772214078.281824,1772214078.1931014,-116.69921875,19.53125,-11.71875,18.06640625,0.0,0,0
1772214078.281864,1772214078.1969993,-860.3515625,33.69140625,105.46875,223.6328125,0.0,0,0
1772214078.2819042,1772214078.200897,609.375,-54.6875,-14.6484375,66.89453125,0.0,0,0
1772214078.281943,1772214078.204795,-727.05078125,-107.421875,-202.1484375,-223.14453125,0.0,0,0
1772214078.281981,1772214078.2086926,-1000.0,-84.47265625,-207.51953125,-279.78515625,0.0,0,0
1772214078.28202,1772214078.2125905,-177.24609375,3.41796875,-65.4296875,10.25390625,0.0,0,0
1772214078.2820659,1772214078.2164881,-922.36328125,61.03515625,-0.9765625,225.09765625,0.0,0,0
1772214078.282104,1772214078.220386,804.6875,-19.04296875,-120.60546875,113.28125,0.0,0,0
1772214078.282142,1772214078.2242837,-484.375,-81.54296875,-278.3203125,-196.77734375,0.0,0,0
1772214078.296305,1772214078.2282846,-1000.0,-54.19921875,-284.1796875,-298.33984375,0.0,0,0
1772214078.296365,1772214078.2321825,-239.74609375,18.5546875,-148.92578125,-22.4609375,0.0,0,0
1772214078.296403,1772214078.2360802,-989.74609375,43.9453125,-72.75390625,206.0546875,0.0,0,0
1772214078.296441,1772214078.239978,959.9609375,-22.94921875,-103.02734375,151.85546875,0.0,0,0
1772214078.296479,1772214078.2438757,-232.421875,-103.515625,-157.2265625,-161.1328125,0.0,0,0
1772214078.2965162,1772214078.2477736,-1000.0,-86.42578125,-151.85546875,-308.59375,0.0,0,0
1772214078.296553,1772214078.2516713,-332.03125,9.27734375,-14.16015625,-73.2421875,0.0,0,0
1772214078.29659,1772214078.2555692,939.94140625,47.8515625,56.15234375,174.31640625,0.0,0,0
1772214078.29663,1772214078.259467,-944.3359375,-10.7421875,31.73828125,210.44921875,0.0,0,0
1772214078.2966669,1772214078.2633648,-23.92578125,-94.23828125,-128.90625,-97.16796875,0.0,0,0
1772214078.296706,1772214078.2672625,-1000.0,-94.7265625,-230.46875,-298.828125,0.0,0,0
1772214078.296745,1772214078.2711604,-500.48828125,-15.625,-55.6640625,-88.37890625,0.0,0,0
1772214078.341025,1772214078.2751477,814.453125,12.6953125,111.81640625,192.87109375,0.0,0,0
1772214078.341104,1772214078.2790453,-877.44140625,-23.4375,111.328125,241.2109375,0.0,0,0
1772214078.341137,1772214078.2829432,109.86328125,-108.3984375,-88.8671875,-80.56640625,0.0,0,0
1772214078.3411689,1772214078.286841,-1000.0,-114.2578125,-179.19921875,-291.015625,0.0,0,0
1772214078.341198,1772214078.2907388,-708.0078125,-7.8125,-66.40625,-137.20703125,0.0,0,0
1772214078.341227,1772214078.2946365,617.67578125,41.015625,73.2421875,152.83203125,0.0,0,0
1772214078.341256,1772214078.2985344,-830.56640625,7.32421875,84.9609375,244.62890625,0.0,0,0
1772214078.3413708,1772214078.302432,152.83203125,-86.42578125,-125.48828125,-44.921875,0.0,0,0
1772214078.3414028,1772214078.30633,-1000.0,-91.796875,-236.328125,-265.13671875,0.0,0,0
1772214078.341433,1772214078.3102276,-887.6953125,-9.765625,-149.4140625,-156.25,0.0,0,0
1772214078.341461,1772214078.3141255,372.55859375,27.83203125,-61.03515625,138.671875,0.0,0,0
1772214078.34149,1772214078.3180234,-798.33984375,13.671875,-91.796875,268.5546875,0.0,0,0
1772214078.3860722,1772214078.3220043,214.84375,-82.03125,-296.38671875,5.859375,0.0,0,0
1772214078.3861902,1772214078.325902,-1000.0,-110.83984375,-397.4609375,-247.55859375,0.0,0,0
1772214078.386224,1772214078.3298,-1000.0,-47.8515625,-277.34375,-209.9609375,0.0,0,0
1772214078.386253,1772214078.3336976,141.6015625,20.01953125,-111.81640625,100.09765625,0.0,0,0
1772214078.386284,1772214078.3375955,-796.38671875,31.25,-46.875,274.90234375,0.0,0,0
1772214078.386312,1772214078.3414934,336.42578125,-54.6875,-158.203125,37.109375,0.0,0,0
1772214078.386341,1772214078.345391,-953.125,-99.609375,-230.95703125,-242.67578125,0.0,0,0
1772214078.386369,1772214078.349289,-1000.0,-41.9921875,-145.5078125,-251.46484375,0.0,0,0
1772214078.386397,1772214078.3531866,-40.52734375,41.9921875,41.9921875,57.12890625,0.0,0,0
1772214078.386425,1772214078.3570845,-831.0546875,42.48046875,65.4296875,238.76953125,0.0,0,0
1772214078.386454,1772214078.3609824,532.71484375,-49.31640625,-152.34375,20.5078125,0.0,0,0
1772214078.386482,1772214078.36488,-847.65625,-71.77734375,-274.90234375,-229.00390625,0.0,0,0
1772214078.4311879,1772214078.3688514,-842.28515625,-21.484375,-179.19921875,-196.2890625,0.0,0,0
1772214078.431298,1772214078.3727493,276.3671875,11.23046875,1.46484375,42.96875,0.0,0,0
1772214078.431345,1772214078.3766472,889.6484375,16.6015625,22.94921875,145.5078125,0.0,0,0
1772214078.431398,1772214078.380545,111.81640625,-33.69140625,-96.6796875,11.71875,0.0,0,0
1772214078.4314282,1772214078.3844428,-845.703125,-58.59375,-147.4609375,-181.15234375,0.0,0,0
1772214078.4314592,1772214078.3883405,-935.05859375,-24.4140625,-98.14453125,-181.15234375,0.0,0,0
1772214078.431488,1772214078.3922384,122.0703125,18.06640625,25.390625,47.8515625,0.0,0,0
1772214078.431512,1772214078.3961363,906.25,-1.46484375,43.9453125,154.296875,0.0,0,0
1772214078.4315379,1772214078.400034,249.0234375,-54.6875,-43.9453125,43.9453125,0.0,0,0
1772214078.431561,1772214078.4039319,-708.0078125,-70.3125,-70.80078125,-158.203125,0.0,0,0
1772214078.431586,1772214078.4078298,-992.1875,-42.48046875,14.16015625,-211.9140625,0.0,0,0
1772214078.4316092,1772214078.4117274,5.37109375,5.37109375,179.19921875,-15.625,0.0,0,0
1772214078.476737,1772214078.4156926,931.640625,0.9765625,267.08984375,105.46875,0.0,0,0
1772214078.4768262,1772214078.4195902,542.48046875,-32.2265625,239.74609375,51.26953125,0.0,0,0
1772214078.4768598,1772214078.4234881,-489.2578125,-50.78125,131.34765625,-143.5546875,0.0,0,0
1772214078.47689,1772214078.427386,-976.5625,-44.43359375,67.87109375,-208.49609375,0.0,0,0
1772214078.4769201,1772214078.4312837,-50.78125,-12.6953125,103.02734375,-4.39453125,0.0,0,0
1772214078.476949,1772214078.4351816,912.59765625,-5.859375,117.67578125,133.7890625,0.0,0,0
1772214078.4769778,1772214078.4390795,681.15234375,-41.015625,134.27734375,81.54296875,0.0,0,0
1772214078.4770072,1772214078.4429772,-365.72265625,-94.7265625,130.37109375,-105.46875,0.0,0,0
1772214078.477035,1772214078.446875,-954.58984375,-78.125,70.80078125,-165.0390625,0.0,0,0
1772214078.477063,1772214078.450773,-180.17578125,-14.16015625,133.7890625,-44.921875,0.0,0,0
1772214078.477091,1772214078.4546707,833.49609375,-7.8125,222.16796875,76.171875,0.0,0,0
1772214078.477119,1772214078.4585686,836.42578125,-29.296875,120.60546875,67.3828125,0.0,0,0
1772214078.536352,1772214078.4625251,-261.23046875,-58.59375,-48.33984375,-156.73828125,0.0,0,0
1772214078.53649,1772214078.466423,-952.1484375,-37.59765625,-59.08203125,-246.09375,0.0,0,0
1772214078.5365329,1772214078.4703207,-336.9140625,13.671875,64.453125,-136.23046875,0.0,0,0
1772214078.536575,1772214078.4742186,672.36328125,30.2734375,119.140625,-20.01953125,0.0,0,0
1772214078.5366132,1772214078.4781165,870.60546875,13.18359375,86.9140625,13.18359375,0.0,0,0
1772214078.536651,1772214078.4820142,-221.6796875,-29.78515625,35.15625,-134.27734375,0.0,0,0
1772214078.536688,1772214078.485912,-984.375,-17.08984375,2.9296875,-233.3984375,0.0,0,0
1772214078.536727,1772214078.48981,-552.734375,15.625,30.2734375,-179.19921875,0.0,0,0
1772214078.536763,1772214078.493708,487.3046875,34.1796875,102.05078125,-51.26953125,0.0,0,0
1772214078.5368,1772214078.4976056,944.3359375,47.36328125,76.171875,-11.71875,0.0,0,0
1772214078.5368488,1772214078.5015035,-88.37890625,3.90625,-27.34375,-178.22265625,0.0,0,0
1772214078.536886,1772214078.5054014,-989.74609375,7.8125,33.69140625,-296.875,0.0,0,0
1772214078.5816388,1772214078.509416,-639.16015625,53.22265625,152.34375,-244.140625,0.0,0,0
1772214078.581782,1772214078.513314,393.06640625,86.9140625,181.640625,-73.73046875,0.0,0,0
1772214078.581824,1772214078.517212,958.49609375,78.125,147.94921875,-34.66796875,0.0,0,0
1772214078.581863,1772214078.5211096,85.44921875,10.7421875,70.3125,-191.89453125,0.0,0,0
1772214078.581901,1772214078.5250075,-936.5234375,19.04296875,43.9453125,-290.0390625,0.0,0,0
1772214078.581938,1772214078.5289054,-779.296875,72.265625,47.8515625,-240.72265625,0.0,0,0
1772214078.581975,1772214078.5328033,264.16015625,90.8203125,17.578125,-81.54296875,0.0,0,0
1772214078.582012,1772214078.536701,942.87109375,69.82421875,-84.9609375,-48.828125,0.0,0,0
1772214078.5820491,1772214078.5405989,230.46875,26.85546875,-160.15625,-167.96875,0.0,0,0
1772214078.5820851,1772214078.5444968,-833.0078125,31.25,-128.90625,-290.0390625,0.0,0,0
1772214078.582122,1772214078.5483947,-934.5703125,58.10546875,-80.078125,-288.0859375,0.0,0,0
1772214078.582158,1772214078.5522923,145.5078125,106.93359375,16.11328125,-136.23046875,0.0,0,0
1772214078.6268249,1772214078.5562987,962.40234375,104.98046875,37.109375,-74.21875,0.0,0,0
1772214078.6269639,1772214078.5601966,435.546875,57.6171875,24.90234375,-151.3671875,0.0,0,0
1772214078.627008,1772214078.5640945,-660.64453125,57.12890625,56.15234375,-286.62109375,0.0,0,0
1772214078.627048,1772214078.5679924,-984.375,69.82421875,83.0078125,-321.2890625,0.0,0,0
1772214078.6270862,1772214078.5718904,96.6796875,114.74609375,161.1328125,-185.546875,0.0,0,0
1772214078.6271229,1772214078.575788,-992.1875,127.9296875,98.14453125,-110.83984375,0.0,0,0
1772214078.62716,1772214078.579686,734.86328125,75.68359375,-95.21484375,-177.24609375,0.0,0,0
1772214078.627198,1772214078.5835838,-439.453125,32.71484375,-235.3515625,-317.87109375,0.0,0,0
1772214078.6272352,1772214078.5874817,-1000.0,58.10546875,-202.63671875,-344.23828125,0.0,0,0
1772214078.627272,1772214078.5913796,34.66796875,141.6015625,27.83203125,-212.890625,0.0,0,0
1772214078.627316,1772214078.5952773,975.5859375,136.23046875,208.0078125,-136.71875,0.0,0,0
1772214078.627362,1772214078.5991752,957.51953125,96.19140625,256.34765625,-167.96875,0.0,0,0
1772214078.6717162,1772214078.6031737,-138.671875,66.89453125,246.09375,-302.24609375,0.0,0,0
1772214078.6718478,1772214078.6070716,-1000.0,62.98828125,175.78125,-349.609375,0.0,0,0
1772214078.67189,1772214078.6109695,-208.984375,132.8125,168.45703125,-234.86328125,0.0,0,0
1772214078.6719282,1772214078.6148674,903.80859375,143.5546875,164.0625,-145.99609375,0.0,0,0
1772214078.6719658,1772214078.6187654,-931.640625,101.5625,104.4921875,-165.0390625,0.0,0,0
1772214078.672003,1772214078.622663,20.01953125,57.12890625,36.62109375,-299.8046875,0.0,0,0
1772214078.672041,1772214078.626561,-1000.0,50.78125,2.9296875,-322.75390625,0.0,0,0
1772214078.672077,1772214078.6304588,-354.4921875,99.12109375,-6.34765625,-192.87109375,0.0,0,0
1772214078.672114,1772214078.6343567,791.015625,136.71875,-93.75,-101.07421875,0.0,0,0
1772214078.672151,1772214078.6382546,-873.046875,134.765625,-193.84765625,-111.81640625,0.0,0,0
1772214078.6721878,1772214078.6421525,139.16015625,68.84765625,-314.453125,-228.515625,0.0,0,0
1772214078.672367,1772214078.6460505,-1000.0,52.734375,-358.88671875,-258.7890625,0.0,0,0
1772214078.71668,1772214078.6500394,-626.953125,103.515625,-273.4375,-193.84765625,0.0,0,0
1772214078.7168,1772214078.6539373,591.30859375,133.30078125,-212.890625,-94.23828125,0.0,0,0
1772214078.716835,1772214078.6578352,-832.51953125,114.2578125,-199.70703125,-69.82421875,0.0,0,0
1772214078.7168682,1772214078.6617332,202.63671875,21.97265625,-193.359375,-184.08203125,0.0,0,0
1772214078.716898,1772214078.665631,-1000.0,2.44140625,-137.6953125,-219.23828125,0.0,0,0
1772214078.716928,1772214078.669529,-810.05859375,78.61328125,-90.33203125,-172.8515625,0.0,0,0
1772214078.716958,1772214078.6734269,380.37109375,108.88671875,-0.48828125,-94.23828125,0.0,0,0
1772214078.716989,1772214078.6773245,-816.89453125,82.03125,77.63671875,-70.80078125,0.0,0,0
1772214078.7170172,1772214078.6812224,280.2734375,-3.41796875,-26.85546875,-164.55078125,0.0,0,0
1772214078.717047,1772214078.6851203,-1000.0,-50.29296875,-71.77734375,-210.44921875,0.0,0,0
1772214078.7170749,1772214078.6890182,-991.2109375,-14.16015625,20.5078125,-159.1796875,0.0,0,0
1772214078.7171042,1772214078.6929162,129.8828125,66.40625,128.41796875,-34.1796875,0.0,0,0
1772214078.774755,1772214078.696896,-822.265625,72.75390625,89.84375,-13.18359375,0.0,0,0
1772214078.77484,1772214078.700794,423.33984375,-38.57421875,-100.09765625,-107.91015625,0.0,0,0
1772214078.774868,1772214078.704692,-905.2734375,-62.01171875,-162.59765625,-166.015625,0.0,0,0
1772214078.774893,1772214078.7085898,-1000.0,-10.7421875,-78.61328125,-161.62109375,0.0,0,0
1772214078.7749178,1772214078.7124877,-41.9921875,51.7578125,-6.8359375,-68.84765625,0.0,0,0
1772214078.774949,1772214078.7163856,-872.55859375,52.734375,-42.96875,-4.39453125,0.0,0,0
1772214078.775014,1772214078.7202835,651.85546875,-41.015625,-128.90625,-40.52734375,0.0,0,0
1772214078.7750452,1772214078.7241814,-700.1953125,-92.28515625,-300.78125,-123.53515625,0.0,0,0
1772214078.775071,1772214078.7280793,-1000.0,-37.59765625,-416.015625,-125.0,0.0,0,0
1772214078.775095,1772214078.7319772,-89.35546875,46.38671875,-257.8125,-26.3671875,0.0,0,0
1772214078.775119,1772214078.7358751,-930.17578125,22.4609375,-176.26953125,-1.953125,0.0,0,0
1772214078.775143,1772214078.739773,846.6796875,-54.19921875,-247.0703125,-46.875,0.0,0,0
1772214078.807183,1772214078.7437463,-436.5234375,-98.14453125,-264.16015625,-106.93359375,0.0,0,0
1772214078.8073049,1772214078.7476442,-1000.0,-66.89453125,-263.671875,-141.6015625,0.0,0,0
1772214078.807401,1772214078.751542,-150.390625,55.6640625,-115.72265625,-46.875,0.0,0,0
1772214078.807467,1772214078.75544,-979.00390625,72.75390625,-51.7578125,22.94921875,0.0,0,0
1772214078.80751,1772214078.759338,983.3984375,-12.6953125,-47.8515625,0.0,0.0,0,0
1772214078.8075478,1772214078.7632358,-171.38671875,-94.23828125,-142.578125,-83.0078125,0.0,0,0
1772214078.8075871,1772214078.7671337,-1000.0,-83.49609375,-218.75,-137.6953125,0.0,0,0
1772214078.8076239,1772214078.7710316,-287.59765625,17.578125,-124.0234375,-40.52734375,0.0,0,0
1772214078.8076632,1772214078.7749295,955.078125,35.64453125,-97.65625,26.85546875,0.0,0,0
1772214078.8077,1772214078.7788274,-933.59375,-12.6953125,-163.57421875,-1.953125,0.0,0,0
1772214078.807737,1772214078.7827253,26.3671875,-107.421875,-285.15625,-100.09765625,0.0,0,0
1772214078.807774,1772214078.7866232,-1000.0,-129.8828125,-264.16015625,-127.9296875,0.0,0,0
1772214078.8967779,1772214078.7907217,-424.8046875,-23.92578125,-130.37109375,-30.2734375,0.0,0,0
1772214078.897043,1772214078.7946198,878.90625,12.20703125,-1.953125,49.8046875,0.0,0,0
1772214078.897226,1772214078.7985177,-891.11328125,-46.875,20.01953125,55.6640625,0.0,0,0
1772214078.897344,1772214078.8024156,128.41796875,-122.0703125,-188.96484375,-62.5,0.0,0,0
1772214078.8974879,1772214078.8063135,-1000.0,-109.86328125,-287.59765625,-114.2578125,0.0,0,0
1772214078.89771,1772214078.8102114,-644.04296875,-2.44140625,-109.86328125,-37.59765625,0.0,0,0
1772214078.897846,1772214078.8141093,690.91796875,34.66796875,21.97265625,42.48046875,0.0,0,0
1772214078.897983,1772214078.8180072,-842.7734375,-16.11328125,-63.4765625,51.7578125,0.0,0,0
1772214078.8982038,1772214078.8219051,159.66796875,-120.60546875,-200.68359375,-54.6875,0.0,0,0
1772214078.899204,1772214078.825803,-1000.0,-139.16015625,-260.7421875,-73.2421875,0.0,0,0
1772214078.89955,1772214078.829701,-874.0234375,-51.26953125,-155.2734375,-17.08984375,0.0,0,0
1772214078.899601,1772214078.833599,405.2734375,27.34375,-3.41796875,40.52734375,0.0,0,0
1772214078.8996649,1772214078.837569,-798.33984375,8.7890625,-17.08984375,49.31640625,0.0,0,0
1772214078.899704,1772214078.841467,198.2421875,-120.1171875,-130.37109375,-28.80859375,0.0,0,0
1772214078.899735,1772214078.8453648,-1000.0,-145.5078125,-170.41015625,-97.16796875,0.0,0,0
1772214078.899764,1772214078.8492627,-1000.0,-57.12890625,-68.359375,-90.33203125,0.0,0,0
1772214078.8997939,1772214078.8531606,129.8828125,45.41015625,49.8046875,43.45703125,0.0,0,0
1772214078.8998241,1772214078.8570588,-787.59765625,25.390625,103.515625,107.91015625,0.0,0,0
1772214078.899901,1772214078.8609567,297.8515625,-127.44140625,-12.20703125,22.94921875,0.0,0,0
1772214078.899937,1772214078.8648546,-966.796875,-163.0859375,-89.84375,-62.98828125,0.0,0,0
1772214078.899966,1772214078.8687525,-1000.0,-86.42578125,-5.37109375,-55.17578125,0.0,0,0
1772214078.9000168,1772214078.8726504,-84.47265625,9.765625,165.52734375,43.9453125,0.0,0,0
1772214078.900067,1772214078.8765483,-823.73046875,4.8828125,281.25,88.37890625,0.0,0,0
1772214078.9001,1772214078.8804462,473.14453125,-125.0,230.46875,20.99609375,0.0,0,0
1772214078.95766,1772214078.884395,-861.328125,-158.69140625,89.84375,-68.359375,0.0,0,0
1772214078.957841,1772214078.8882928,-1000.0,-97.65625,2.44140625,-64.453125,0.0,0,0
1772214078.9578922,1772214078.8921907,-171.38671875,-24.4140625,27.34375,67.3828125,0.0,0,0
1772214078.957931,1772214078.8960886,-887.6953125,-14.6484375,-94.7265625,119.140625,0.0,0,0
1772214078.95797,1772214078.8999867,699.70703125,-103.515625,-273.4375,35.15625,0.0,0,0
1772214078.958008,1772214078.9038846,-643.5546875,-144.53125,-323.73046875,-59.5703125,0.0,0,0
1772214078.958076,1772214078.9077826,-1000.0,-107.421875,-272.94921875,-58.10546875,0.0,0,0
1772214078.9581609,1772214078.9116805,-187.5,-20.5078125,-31.73828125,49.31640625,0.0,0,0
1772214078.9582,1772214078.9155784,-953.125,6.8359375,54.6875,72.75390625,0.0,0,0
1772214078.958273,1772214078.9194763,902.83203125,-90.8203125,-26.3671875,5.37109375,0.0,0,0
1772214078.958338,1772214078.9233744,-350.5859375,-173.33984375,-127.44140625,-111.81640625,0.0,0,0
1772214078.958381,1772214078.9272723,-1000.0,-153.3203125,-87.890625,-122.0703125,0.0,0,0
1772214079.00172,1772214078.9312773,-241.2109375,-34.66796875,156.25,41.015625,0.0,0,0
1772214079.001836,1772214078.9351754,985.83984375,4.39453125,274.4140625,103.515625,0.0,0,0
1772214079.0018702,1772214078.9390733,-974.12109375,-69.3359375,198.2421875,43.45703125,0.0,0,0
1772214079.0019011,1772214078.9429712,-94.7265625,-177.734375,36.62109375,-63.96484375,0.0,0,0
1772214079.001935,1772214078.9468691,-1000.0,-176.7578125,18.5546875,-92.7734375,0.0,0,0
1772214079.001964,1772214078.950767,-378.90625,-37.109375,204.58984375,23.4375,0.0,0,0
1772214079.001994,1772214078.9546652,908.203125,9.765625,286.1328125,70.3125,0.0,0,0
1772214079.0020359,1772214078.958563,-905.76171875,-61.5234375,120.1171875,30.76171875,0.0,0,0
1772214079.002066,1772214078.962461,79.1015625,-180.17578125,-145.01953125,-65.4296875,0.0,0,0
1772214079.002094,1772214078.966359,-1000.0,-198.73046875,-286.1328125,-120.1171875,0.0,0,0
1772214079.0021272,1772214078.970257,-606.4453125,-82.03125,-276.85546875,-41.9921875,0.0,0,0
1772214079.002156,1772214078.974155,738.76953125,-23.92578125,-224.609375,44.43359375,0.0,0,0
1772214079.074399,1772214078.9781492,-851.5625,-63.4765625,-250.9765625,64.453125,0.0,0,0
1772214079.0745401,1772214078.982047,152.83203125,-148.92578125,-410.64453125,-19.53125,0.0,0,0
1772214079.0745752,1772214078.9859452,-1000.0,-175.29296875,-500.48828125,-64.94140625,0.0,0,0
1772214079.074719,1772214078.9898431,-788.57421875,-58.59375,-388.671875,3.41796875,0.0,0,0
1772214079.0748,1772214078.993741,536.62109375,28.80859375,-314.453125,101.07421875,0.0,0,0
1772214079.074938,1772214078.997639,-813.4765625,-34.66796875,-446.77734375,126.46484375,0.0,0,0
1772214079.074974,1772214079.001537,170.41015625,-160.15625,-666.50390625,17.578125,0.0,0,0
1772214079.075006,1772214079.005435,-1000.0,-145.5078125,-727.5390625,-60.546875,0.0,0,0
1772214079.0750349,1772214079.009333,-964.84375,-17.578125,-602.05078125,-27.34375,0.0,0,0
1772214079.0750642,1772214079.013231,261.23046875,70.80078125,-435.546875,89.84375,0.0,0,0
1772214079.075093,1772214079.017129,-786.1328125,54.6875,-398.92578125,112.79296875,0.0,0,0
1772214079.0751219,1772214079.0210268,247.0703125,-90.8203125,-483.3984375,-0.48828125,0.0,0,0
1772214079.0923562,1772214079.02502,-996.58203125,-152.83203125,-413.57421875,-67.87109375,0.0,0,0
1772214079.092438,1772214079.0289178,-1000.0,-66.89453125,-192.3828125,-53.7109375,0.0,0,0
1772214079.092475,1772214079.032816,8.7890625,51.7578125,134.27734375,59.5703125,0.0,0,0
1772214079.092513,1772214079.0367138,-799.8046875,62.98828125,313.96484375,124.0234375,0.0,0,0
1772214079.092552,1772214079.0406117,388.671875,-62.98828125,169.43359375,37.59765625,0.0,0,0
1772214079.09259,1772214079.04451,-917.48046875,-110.83984375,-74.70703125,-49.8046875,0.0,0,0
1772214079.092628,1772214079.0484078,-1000.0,-59.5703125,-128.41796875,-25.390625,0.0,0,0
1772214079.092664,1772214079.0523057,-147.4609375,36.1328125,-14.16015625,99.12109375,0.0,0,0
1772214079.092702,1772214079.0562038,-860.3515625,53.7109375,-5.37109375,150.87890625,0.0,0,0
1772214079.092739,1772214079.0601017,611.81640625,-78.125,-182.12890625,70.3125,0.0,0,0
1772214079.0927749,1772214079.0639997,-740.72265625,-151.3671875,-325.1953125,-32.71484375,0.0,0,0
1772214079.092812,1772214079.0678978,-1000.0,-78.125,-311.03515625,-23.4375,0.0,0,0
1772214079.13623,1772214079.0718768,-187.01171875,49.8046875,-54.6875,93.75,0.0,0,0
1772214079.1363509,1772214079.075775,-927.734375,57.12890625,38.57421875,133.30078125,0.0,0,0
1772214079.136385,1772214079.0796728,825.68359375,-56.15234375,-102.5390625,71.2890625,0.0,0,0
1772214079.136417,1772214079.083571,-479.00390625,-149.90234375,-183.59375,-42.96875,0.0,0,0
1772214079.136449,1772214079.0874689,-1000.0,-116.69921875,-153.3203125,-83.984375,0.0,0,0
1772214079.136478,1772214079.0913668,-208.0078125,43.9453125,49.8046875,34.1796875,0.0,0,0
1772214079.136508,1772214079.095265,-987.3046875,64.453125,155.76171875,91.796875,0.0,0,0
1772214079.136537,1772214079.0991628,982.421875,-31.25,148.4375,49.8046875,0.0,0,0
1772214079.136566,1772214079.1030607,-198.73046875,-121.09375,63.96484375,-48.33984375,0.0,0,0
1772214079.136595,1772214079.1069589,-1000.0,-134.27734375,39.0625,-87.40234375,0.0,0,0
1772214079.136624,1772214079.1108568,-310.05859375,6.34765625,191.40625,23.92578125,0.0,0,0
1772214079.136653,1772214079.1147547,945.3125,53.7109375,289.0625,109.375,0.0,0,0
1772214079.1814342,1772214079.118725,-932.12890625,-28.80859375,180.17578125,77.1484375,0.0,0,0
1772214079.181515,1772214079.1226232,12.6953125,-148.4375,-113.76953125,-61.5234375,0.0,0,0
1772214079.181542,1772214079.126521,-1000.0,-151.85546875,-282.71484375,-82.03125,0.0,0,0
1772214079.181567,1772214079.130419,-456.54296875,0.9765625,-201.66015625,7.32421875,0.0,0,0
1772214079.181592,1772214079.1343172,855.46875,58.10546875,-83.49609375,63.4765625,0.0,0,0
1772214079.181616,1772214079.138215,-881.34765625,-10.7421875,-80.078125,73.73046875,0.0,0,0
1772214079.18164,1772214079.1421132,148.92578125,-130.859375,-193.84765625,-28.80859375,0.0,0,0
1772214079.181664,1772214079.146011,-1000.0,-145.01953125,-239.74609375,-95.703125,0.0,0,0
1772214079.181688,1772214079.149909,-668.45703125,-28.80859375,-127.9296875,-41.9921875,0.0,0,0
1772214079.181712,1772214079.1538072,674.8046875,42.48046875,57.12890625,47.36328125,0.0,0,0
1772214079.181736,1772214079.157705,-838.37890625,2.9296875,112.3046875,65.4296875,0.0,0,0
1772214079.1817589,1772214079.1616032,168.9453125,-126.953125,-60.05859375,-56.15234375,0.0,0,0
1772214079.226717,1772214079.1655676,-1000.0,-154.296875,-144.04296875,-120.1171875,0.0,0,0
1772214079.226837,1772214079.1694658,-860.3515625,-37.109375,-52.24609375,-60.546875,0.0,0,0
1772214079.226871,1772214079.1733637,425.29296875,58.10546875,82.03125,38.57421875,0.0,0,0
1772214079.226902,1772214079.1772616,-801.26953125,33.203125,176.26953125,73.2421875,0.0,0,0
1772214079.226932,1772214079.1811597,216.30859375,-108.88671875,122.0703125,-26.85546875,0.0,0,0
1772214079.226963,1772214079.1850576,-1000.0,-147.4609375,147.94921875,-83.49609375,0.0,0,0
1772214079.2269928,1772214079.1889558,-1000.0,-45.8984375,245.60546875,-45.41015625,0.0,0,0
1772214079.227021,1772214079.1928537,157.71484375,43.45703125,334.47265625,40.0390625,0.0,0,0
1772214079.2270641,1772214079.1967518,-792.96875,28.3203125,383.30078125,71.77734375,0.0,0,0
1772214079.227094,1772214079.2006497,338.8671875,-102.5390625,205.078125,-1.953125,0.0,0,0
1772214079.227127,1772214079.2045476,-954.58984375,-150.390625,83.0078125,-53.22265625,0.0,0,0
1772214079.227155,1772214079.2084458,-1000.0,-79.1015625,111.328125,26.3671875,0.0,0,0
1772214079.286967,1772214079.212403,-29.296875,17.08984375,171.875,188.96484375,0.0,0,0
1772214079.287143,1772214079.216301,-835.9375,21.97265625,158.69140625,239.74609375,0.0,0,0
1772214079.2872021,1772214079.220199,545.8984375,-88.8671875,61.5234375,185.546875,0.0,0,0
1772214079.287256,1772214079.224097,-795.8984375,-147.4609375,-4.8828125,136.71875,0.0,0,0
1772214079.2873092,1772214079.2279952,-1000.0,-103.515625,36.1328125,148.4375,0.0,0,0
1772214079.287361,1772214079.231893,-150.87890625,6.34765625,174.8046875,262.6953125,0.0,0,0
1772214079.287413,1772214079.2357912,-899.90234375,24.90234375,173.33984375,307.12890625,0.0,0,0
1772214079.287467,1772214079.239689,750.9765625,-107.421875,57.6171875,245.60546875,0.0,0,0
1772214079.2875378,1772214079.2435873,-573.2421875,-179.6875,-23.92578125,159.1796875,0.0,0,0
1772214079.287589,1772214079.2474852,-1000.0,-130.859375,7.32421875,145.5078125,0.0,0,0
1772214079.28764,1772214079.251383,-193.84765625,-11.23046875,124.0234375,228.515625,0.0,0,0
1772214079.2877078,1772214079.2552812,-960.9375,40.0390625,158.69140625,269.53125,0.0,0,0
1772214079.332164,1772214079.2592938,919.921875,-44.921875,91.796875,184.5703125,0.0,0,0
1772214079.332323,1772214079.2631917,-316.40625,-137.6953125,-16.6015625,-9.27734375,0.0,0,0
1772214079.332381,1772214079.2670898,-1000.0,-104.98046875,-85.44921875,-77.1484375,0.0,0,0
1772214079.332437,1772214079.2709877,-270.99609375,14.6484375,-14.6484375,15.13671875,0.0,0,0
1772214079.33249,1772214079.274886,968.75,32.2265625,16.11328125,59.5703125,0.0,0,0
1772214079.332542,1772214079.2787838,-958.984375,-30.76171875,-20.99609375,23.92578125,0.0,0,0
1772214079.332594,1772214079.282682,-60.05859375,-140.625,-158.69140625,-92.7734375,0.0,0,0
1772214079.332635,1772214079.2865798,-1000.0,-157.2265625,-268.06640625,-129.8828125,0.0,0,0
1772214079.332675,1772214079.290478,-421.875,-31.73828125,-211.9140625,-29.78515625,0.0,0,0
1772214079.332712,1772214079.2943761,878.90625,10.7421875,-155.76171875,23.92578125,0.0,0,0
1772214079.3327491,1772214079.298274,-893.06640625,-52.24609375,-153.80859375,11.71875,0.0,0,0
1772214079.3327858,1772214079.3021722,106.93359375,-147.94921875,-271.484375,-88.8671875,0.0,0,0
1772214079.3765628,1772214079.3061767,-1000.0,-154.78515625,-280.2734375,-129.8828125,0.0,0,0
1772214079.376697,1772214079.3100746,-626.953125,-46.38671875,-112.3046875,-47.8515625,0.0,0,0
1772214079.3767412,1772214079.3139727,713.37890625,18.06640625,23.4375,21.484375,0.0,0,0
1772214079.3767822,1772214079.3178706,-846.6796875,-32.2265625,13.671875,12.6953125,0.0,0,0
1772214079.3768198,1772214079.3217688,150.87890625,-140.625,-174.8046875,-76.171875,0.0,0,0
1772214079.376858,1772214079.325667,-1000.0,-142.578125,-229.98046875,-104.4921875,0.0,0,0
1772214079.376895,1772214079.3295648,-857.421875,-40.52734375,-101.07421875,-67.3828125,0.0,0,0
1772214079.3769321,1772214079.333463,429.6875,10.7421875,-13.18359375,-15.13671875,0.0,0,0
1772214079.3770869,1772214079.3373609,-801.26953125,-25.390625,-54.19921875,-4.39453125,0.0,0,0
1772214079.377129,1772214079.341259,184.5703125,-120.60546875,-232.91015625,-81.54296875,0.0,0,0
1772214079.377166,1772214079.345157,-1000.0,-134.765625,-298.33984375,-134.27734375,0.0,0,0
1772214079.377203,1772214079.349055,-1000.0,-51.7578125,-223.6328125,-107.91015625,0.0,0,0
1772214079.42101,1772214079.3530493,182.6171875,18.5546875,-132.8125,-41.50390625,0.0,0,0
1772214079.421213,1772214079.3569474,-844.7265625,5.37109375,-88.37890625,-22.4609375,0.0,0,0
1772214079.4212701,1772214079.3608453,195.3125,-100.09765625,-159.66796875,-85.44921875,0.0,0,0
1772214079.421298,1772214079.3647435,-967.28515625,-155.76171875,-166.50390625,-134.27734375,0.0,0,0
1772214079.421324,1772214079.3686416,-1000.0,-119.140625,-112.79296875,-117.67578125,0.0,0,0
1772214079.4214242,1772214079.3725395,-48.828125,10.7421875,4.8828125,-71.77734375,0.0,0,0
1772214079.42147,1772214079.3764377,-817.3828125,29.78515625,74.21875,-61.03515625,0.0,0,0
1772214079.421498,1772214079.3803358,440.4296875,-105.95703125,-27.83203125,-96.19140625,0.0,0,0
1772214079.421524,1772214079.3842337,-881.8359375,-152.34375,-129.39453125,-137.6953125,0.0,0,0
1772214079.4215481,1772214079.3881319,-1000.0,-89.84375,-122.55859375,-138.18359375,0.0,0,0
1772214079.4215722,1772214079.3920298,-151.3671875,3.41796875,11.23046875,-78.61328125,0.0,0,0
1772214079.4215958,1772214079.395928,-877.9296875,13.18359375,83.49609375,-66.89453125,0.0,0,0
1772214079.4952362,1772214079.3999796,667.48046875,-97.65625,23.4375,-102.05078125,0.0,0,0
1772214079.495316,1772214079.4038777,-668.9453125,-174.31640625,-55.17578125,-134.27734375,0.0,0,0
1772214079.4953442,1772214079.4077756,-1000.0,-138.18359375,-43.9453125,-141.11328125,0.0,0,0
1772214079.49537,1772214079.4116738,-190.91796875,-10.7421875,10.25390625,-89.84375,0.0,0,0
1772214079.4953952,1772214079.415572,-965.33203125,24.4140625,12.6953125,-67.3828125,0.0,0,0
1772214079.49542,1772214079.4194698,842.28515625,-63.96484375,-10.25390625,-100.09765625,0.0,0,0
1772214079.495445,1772214079.423368,-387.20703125,-138.18359375,-94.7265625,-158.69140625,0.0,0,0
1772214079.495469,1772214079.4272661,-1000.0,-110.3515625,-94.23828125,-164.55078125,0.0,0,0
1772214079.4954932,1772214079.431164,-258.7890625,-19.53125,50.29296875,-109.86328125,0.0,0,0
1772214079.495517,1772214079.4350622,988.28125,-7.8125,152.83203125,-79.1015625,0.0,0,0
1772214079.495541,1772214079.4389603,-996.58203125,-51.7578125,94.23828125,-76.66015625,0.0,0,0
1772214079.495565,1772214079.4428585,-146.97265625,-143.5546875,-97.65625,-136.71875,0.0,0,0
1772214079.5112078,1772214079.4468417,-1000.0,-168.9453125,-167.48046875,-156.73828125,0.0,0,0
1772214079.511285,1772214079.4507396,-373.53515625,-40.52734375,-51.26953125,-104.00390625,0.0,0,0
1772214079.511313,1772214079.4546378,912.59765625,18.06640625,46.875,-62.5,0.0,0,0
1772214079.511339,1772214079.458536,-917.48046875,-48.828125,-9.27734375,-50.29296875,0.0,0,0
1772214079.511364,1772214079.462434,40.0390625,-162.109375,-155.2734375,-106.93359375,0.0,0,0
1772214079.51139,1772214079.466332,-1000.0,-183.10546875,-179.6875,-133.7890625,0.0,0,0
1772214079.511413,1772214079.47023,-595.703125,-56.15234375,-67.87109375,-94.7265625,0.0,0,0
1772214079.511437,1772214079.4741282,733.88671875,13.671875,62.98828125,-56.15234375,0.0,0,0
1772214079.511461,1772214079.4780264,-854.00390625,-9.765625,84.9609375,-70.80078125,0.0,0,0
1772214079.511486,1772214079.4819243,135.25390625,-90.33203125,-37.59765625,-125.48828125,0.0,0,0
1772214079.511512,1772214079.4858224,-1000.0,-129.8828125,-105.46875,-140.625,0.0,0,0
1772214079.5115361,1772214079.4897206,-819.82421875,-37.59765625,-10.7421875,-108.3984375,0.0,0,0
1772214079.5563872,1772214079.4936912,483.88671875,30.76171875,148.92578125,-48.33984375,0.0,0,0
1772214079.556532,1772214079.497589,-808.10546875,-6.8359375,176.7578125,-25.87890625,0.0,0,0
1772214079.556561,1772214079.5014873,166.50390625,-118.1640625,46.38671875,-70.3125,0.0,0,0
1772214079.556632,1772214079.5053854,-1000.0,-152.34375,-0.9765625,-94.23828125,0.0,0,0
1772214079.556662,1772214079.5092835,-973.14453125,-69.3359375,29.296875,-84.47265625,0.0,0,0
1772214079.5566878,1772214079.5131814,233.3984375,29.296875,92.7734375,-58.10546875,0.0,0,0
1772214079.556712,1772214079.5170796,-788.0859375,18.06640625,89.35546875,-45.41015625,0.0,0,0
1772214079.556737,1772214079.5209777,240.72265625,-102.05078125,-42.48046875,-82.03125,0.0,0,0
1772214079.556761,1772214079.5248759,-997.0703125,-139.16015625,-124.0234375,-107.421875,0.0,0,0
1772214079.5567849,1772214079.528774,-1000.0,-82.03125,-94.23828125,-99.609375,0.0,0,0
1772214079.556808,1772214079.532672,-20.5078125,-2.44140625,52.734375,-28.80859375,0.0,0,0
1772214079.556855,1772214079.53657,-807.6171875,21.484375,162.109375,4.39453125,0.0,0,0
1772214079.60147,1772214079.5405316,395.01953125,-93.26171875,80.078125,-66.89453125,0.0,0,0
1772214079.601559,1772214079.5444298,-910.15625,-147.4609375,-40.0390625,-117.67578125,0.0,0,0
1772214079.601587,1772214079.5483277,-1000.0,-75.68359375,-40.52734375,-96.6796875,0.0,0,0
1772214079.601612,1772214079.5522258,-151.3671875,21.484375,51.7578125,-23.92578125,0.0,0,0
1772214079.6016371,1772214079.556124,-860.83984375,60.05859375,67.87109375,-3.90625,0.0,0,0
1772214079.60171,1772214079.560022,598.14453125,-32.2265625,-66.40625,-34.1796875,0.0,0,0
1772214079.60177,1772214079.5639203,-744.62890625,-119.62890625,-338.37890625,-97.65625,0.0,0,0
1772214079.601844,1772214079.5678182,-1000.0,-85.9375,-444.3359375,-116.69921875,0.0,0,0
1772214079.601881,1772214079.5717163,-192.3828125,11.23046875,-237.79296875,-39.55078125,0.0,0,0
1772214079.601908,1772214079.5756145,-921.875,36.62109375,-146.97265625,1.953125,0.0,0,0
1772214079.601933,1772214079.5795126,798.33984375,-54.19921875,-282.71484375,-30.76171875,0.0,0,0
1772214079.601973,1772214079.5834107,-505.859375,-145.5078125,-461.42578125,-68.84765625,0.0,0,0
1772214079.661848,1772214079.587364,-1000.0,-142.08984375,-508.30078125,-67.3828125,0.0,0,0
1772214079.661963,1772214079.5912619,-225.09765625,-19.53125,-400.87890625,2.44140625,0.0,0,0
1772214079.661997,1772214079.59516,-985.83984375,43.45703125,-326.66015625,38.0859375,0.0,0,0
1772214079.6620228,1772214079.5990582,961.9140625,-44.43359375,-323.73046875,18.5546875,0.0,0,0
1772214079.662049,1772214079.6029563,-231.4453125,-147.94921875,-395.99609375,-37.59765625,0.0,0,0
1772214079.662074,1772214079.6068544,-1000.0,-115.234375,-367.67578125,-70.3125,0.0,0,0
1772214079.662098,1772214079.6107526,-327.1484375,12.6953125,-211.9140625,-9.27734375,0.0,0,0
1772214079.662122,1772214079.6146505,937.01171875,20.5078125,-104.98046875,29.78515625,0.0,0,0
1772214079.662146,1772214079.6185486,-934.5703125,-50.78125,-119.62890625,13.671875,0.0,0,0
1772214079.662171,1772214079.6224468,5.37109375,-124.0234375,-145.5078125,-56.15234375,0.0,0,0
1772214079.662194,1772214079.626345,-1000.0,-134.27734375,-48.33984375,-81.54296875,0.0,0,0
1772214079.662218,1772214079.630243,-496.58203125,-24.90234375,86.42578125,-13.671875,0.0,0,0
1772214079.7062201,1772214079.6342537,822.75390625,23.4375,102.5390625,30.2734375,0.0,0,0
1772214079.706333,1772214079.638152,-877.44140625,-10.25390625,-16.11328125,18.06640625,0.0,0,0
1772214079.706361,1772214079.64205,127.9296875,-95.21484375,-168.9453125,-33.69140625,0.0,0,0
1772214079.7063859,1772214079.6459482,-1000.0,-138.18359375,-192.3828125,-47.8515625,0.0,0,0
1772214079.7064111,1772214079.6498463,-704.1015625,-46.875,-73.73046875,-23.4375,0.0,0,0
1772214079.706435,1772214079.6537445,642.578125,38.57421875,-3.41796875,28.80859375,0.0,0,0
1772214079.70646,1772214079.6576426,-831.0546875,26.85546875,-28.80859375,30.76171875,0.0,0,0
1772214079.706484,1772214079.6615407,147.94921875,-92.28515625,-151.3671875,-43.9453125,0.0,0,0
1772214079.706507,1772214079.665439,-1000.0,-138.18359375,-229.98046875,-48.33984375,0.0,0,0
1772214079.70653,1772214079.6693368,-928.7109375,-50.78125,-196.2890625,-12.6953125,0.0,0,0
1772214079.7065542,1772214079.673235,312.5,35.15625,-110.3515625,27.34375,0.0,0,0
1772214079.7067,1772214079.677133,-791.015625,30.2734375,-94.7265625,27.34375,0.0,0,0
1772214079.781941,1772214079.6812644,208.0078125,-83.49609375,-231.93359375,-26.85546875,0.0,0,0
1772214079.7820768,1772214079.6851625,-1000.0,-112.3046875,-290.52734375,-55.17578125,0.0,0,0
1772214079.782122,1772214079.6890607,-1000.0,-46.875,-207.03125,-29.78515625,0.0,0,0
1772214079.782162,1772214079.6929588,61.03515625,39.55078125,-82.03125,20.01953125,0.0,0,0
1772214079.7822,1772214079.696857,-794.921875,52.24609375,-28.80859375,44.921875,0.0,0,0
1772214079.782239,1772214079.7007551,326.66015625,-64.453125,-114.2578125,-18.5546875,0.0,0,0
1772214079.782277,1772214079.7046533,-954.58984375,-123.53515625,-210.44921875,-82.03125,0.0,0,0
1772214079.782314,1772214079.7085514,-1000.0,-72.75390625,-205.078125,-68.359375,0.0,0,0
1772214079.7823622,1772214079.7124496,-103.02734375,33.203125,-96.6796875,2.9296875,0.0,0,0
1772214079.782411,1772214079.7163477,-839.35546875,58.59375,-73.2421875,35.15625,0.0,0,0
1772214079.782447,1772214079.7202458,527.83203125,-54.6875,-157.2265625,-10.7421875,0.0,0,0
1772214079.7824829,1772214079.724144,-807.12890625,-122.55859375,-190.91796875,-66.89453125,0.0,0,0
1772214079.796582,1772214079.7281427,-1000.0,-73.73046875,-134.27734375,-51.26953125,0.0,0,0
1772214079.7966468,1772214079.732041,-179.6875,32.71484375,-8.30078125,-5.859375,0.0,0,0
1772214079.7966871,1772214079.735939,-895.99609375,54.19921875,50.29296875,-22.94921875,0.0,0,0
1772214079.796725,1772214079.7398372,710.44921875,-50.29296875,-20.01953125,-43.45703125,0.0,0,0
1772214079.796764,1772214079.7437353,-613.76953125,-132.8125,-167.96875,-83.49609375,0.0,0,0
1772214079.7968,1772214079.7476335,-1000.0,-105.46875,-171.38671875,-119.140625,0.0,0,0
1772214079.796837,1772214079.7515316,-222.65625,-1.46484375,-20.01953125,-13.671875,0.0,0,0
1772214079.796874,1772214079.7554297,-960.9375,22.4609375,48.828125,52.734375,0.0,0,0
1772214079.796919,1772214079.759328,890.625,-60.546875,-35.64453125,19.53125,0.0,0,0
1772214079.7969549,1772214079.763226,-356.93359375,-147.4609375,-176.26953125,-33.69140625,0.0,0,0
1772214079.796992,1772214079.7671242,-1000.0,-126.953125,-124.0234375,-82.03125,0.0,0,0
1772214079.797028,1772214079.7710223,-300.29296875,41.50390625,84.9609375,-65.4296875,0.0,0,0
1772214079.841519,1772214079.7750092,957.51953125,66.89453125,175.29296875,40.52734375,0.0,0,0
1772214079.841648,1772214079.7789073,-962.40234375,-78.125,116.69921875,79.58984375,0.0,0,0
1772214079.84169,1772214079.7828054,-71.77734375,-161.1328125,-12.20703125,-17.578125,0.0,0,0
1772214079.841729,1772214079.7867036,-1000.0,-145.01953125,-24.4140625,-42.96875,0.0,0,0
1772214079.8417659,1772214079.7906017,-437.5,-11.23046875,102.5390625,23.4375,0.0,0,0
1772214079.841805,1772214079.7944999,868.1640625,89.84375,189.453125,21.97265625,0.0,0,0
1772214079.841842,1772214079.798398,-897.94921875,7.8125,192.3828125,-42.96875,0.0,0,0
1772214079.8418791,1772214079.8022964,74.70703125,-90.8203125,18.06640625,-46.875,0.0,0,0
1772214079.8419259,1772214079.8061945,-1000.0,-76.66015625,-107.91015625,-4.39453125,0.0,0,0
1772214079.841964,1772214079.8100927,-667.96875,-5.859375,13.18359375,36.62109375,0.0,0,0
1772214079.84203,1772214079.8139908,667.96875,35.15625,236.328125,37.59765625,0.0,0,0
1772214079.8420658,1772214079.817889,-841.30859375,3.41796875,249.0234375,26.85546875,0.0,0,0
1772214079.886695,1772214079.8218672,125.0,-98.6328125,80.56640625,-55.6640625,0.0,0,0
1772214079.886802,1772214079.8257654,-1000.0,-76.66015625,125.9765625,-98.14453125,0.0,0,0
1772214079.8868558,1772214079.8296635,-870.60546875,-5.37109375,263.18359375,-30.2734375,0.0,0,0
1772214079.886909,1772214079.8335617,405.76171875,25.390625,371.58203125,69.3359375,0.0,0,0
1772214079.886964,1772214079.8374598,-798.33984375,-8.30078125,466.30859375,41.50390625,0.0,0,0
1772214079.8870149,1772214079.8413582,185.05859375,-119.62890625,377.9296875,-32.2265625,0.0,0,0
1772214079.8870661,1772214079.8452563,-1000.0,-177.24609375,176.7578125,-19.04296875,0.0,0,0
1772214079.8871171,1772214079.8491545,-1000.0,-132.32421875,121.58203125,-82.51953125,0.0,0,0
1772214079.887168,1772214079.8530526,150.87890625,-50.29296875,95.703125,-47.8515625,0.0,0,0
1772214079.887219,1772214079.8569508,-789.55078125,-16.6015625,-96.6796875,49.31640625,0.0,0,0
1772214079.8872828,1772214079.860849,280.2734375,-123.53515625,-291.015625,35.15625,0.0,0,0
1772214079.887341,1772214079.8647473,-993.1640625,-190.91796875,-335.44921875,61.03515625,0.0,0,0
1772214079.931123,1772214079.8687181,-1000.0,-67.3828125,-232.91015625,208.984375,0.0,0,0
1772214079.931239,1772214079.8726163,21.97265625,-35.15625,-9.765625,380.859375,0.0,0,0
1772214079.931272,1772214079.8765144,-823.2421875,-28.3203125,129.39453125,484.375,0.0,0,0
1772214079.931304,1772214079.8804126,479.00390625,-83.49609375,-169.43359375,560.05859375,0.0,0,0
1772214079.931336,1772214079.8843107,-866.69921875,-186.03515625,-505.37109375,681.640625,0.0,0,0
1772214079.931367,1772214079.888209,-1000.0,-165.52734375,-553.7109375,748.046875,0.0,0,0
1772214079.931396,1772214079.8921072,-30.76171875,-64.453125,-469.23828125,870.60546875,0.0,0,0
1772214079.931426,1772214079.8960054,-866.2109375,-47.8515625,-323.73046875,980.95703125,0.0,0,0
1772214079.931461,1772214079.8999035,639.6484375,-201.171875,-365.234375,937.98828125,0.0,0,0
1772214079.931499,1772214079.9038017,-697.75390625,-317.87109375,-516.11328125,857.421875,0.0,0,0
1772214079.931536,1772214079.9077,-1000.0,-235.83984375,-335.9375,895.5078125,0.0,0,0
1772214079.931575,1772214079.9115982,-126.953125,-126.46484375,-161.62109375,940.4296875,0.0,0,0
1772214079.976379,1772214079.91556,-943.359375,-130.37109375,-112.79296875,963.8671875,0.0,0,0
1772214079.9764779,1772214079.9194582,899.90234375,-176.26953125,-198.2421875,956.0546875,0.0,0,0
1772214079.9765198,1772214079.9233563,-373.53515625,-236.81640625,-375.0,747.0703125,0.0,0,0
1772214079.97656,1772214079.9272544,-1000.0,-228.515625,-395.01953125,604.4921875,0.0,0,0
1772214079.9766002,1772214079.9311528,-68.84765625,-106.93359375,-183.59375,675.78125,0.0,0,0
1772214079.976639,1772214079.935051,-986.328125,-80.56640625,-37.109375,696.77734375,0.0,0,0
1772214079.9766772,1772214079.938949,-973.14453125,-239.2578125,-93.75,526.85546875,0.0,0,0
1772214079.976715,1772214079.9428473,-115.234375,-410.64453125,-268.5546875,321.2890625,0.0,0,0
1772214079.976753,1772214079.9467454,-1000.0,-375.9765625,-337.40234375,317.87109375,0.0,0,0
1772214079.976794,1772214079.9506438,-29.296875,-286.62109375,-251.46484375,272.94921875,0.0,0,0
1772214079.976832,1772214079.954542,979.00390625,-328.61328125,-148.92578125,208.49609375,0.0,0,0
1772214079.9768891,1772214079.95844,-928.22265625,-328.125,-111.81640625,184.08203125,0.0,0,0
1772214080.037945,1772214079.9623954,104.00390625,-397.94921875,-179.19921875,-2.44140625,0.0,0,0
1772214080.03811,1772214079.9662936,-1000.0,-424.31640625,-174.31640625,-227.05078125,0.0,0,0
1772214080.038168,1772214079.9701917,-234.375,-298.33984375,-50.29296875,-371.09375,0.0,0,0
1772214080.038223,1772214079.9740899,926.7578125,-245.1171875,42.96875,-531.73828125,0.0,0,0
1772214080.03828,1772214079.9779882,-903.3203125,-282.2265625,31.25,-629.39453125,0.0,0,0
1772214080.0383208,1772214079.9818864,185.05859375,-321.77734375,-102.05078125,-766.11328125,0.0,0,0
1772214080.03836,1772214079.9857845,-1000.0,-315.4296875,-233.3984375,-958.49609375,0.0,0,0
1772214080.0383968,1772214079.9896827,-478.515625,-259.27734375,-192.3828125,-1000.0,0.0,0,0
1772214080.038435,1772214079.993581,822.75390625,-174.8046875,-111.328125,-965.33203125,0.0,0,0
1772214080.038482,1772214079.9974792,-873.046875,-154.296875,-86.42578125,-961.9140625,0.0,0,0
1772214080.038527,1772214080.0013773,200.1953125,-242.67578125,-202.63671875,-998.53515625,0.0,0,0
1772214080.0385711,1772214080.0052755,-1000.0,-303.7109375,-308.59375,-999.51171875,0.0,0,0
1772214080.08224,1772214080.009287,-771.97265625,-253.41796875,-237.79296875,-1000.0,0.0,0,0
1772214080.082331,1772214080.0131853,524.90234375,-185.546875,-189.453125,-1000.0,0.0,0,0
1772214080.082412,1772214080.0170834,-818.359375,-167.48046875,-209.47265625,-1000.0,0.0,0,0
1772214080.082614,1772214080.0209818,236.81640625,-265.13671875,-275.87890625,-998.046875,0.0,0,0
1772214080.0826612,1772214080.02488,-1000.0,-296.38671875,-299.31640625,-999.51171875,0.0,0,0
1772214080.0827,1772214080.028778,-826.171875,-164.0625,-309.5703125,-992.67578125,0.0,0,0
1772214080.0827389,1772214080.0326765,405.76171875,-41.50390625,-191.40625,-855.46875,0.0,0,0
1772214080.082776,1772214080.0365746,-824.21875,-117.67578125,-97.16796875,-777.83203125,0.0,0,0
1772214080.082814,1772214080.0404727,416.50390625,-246.58203125,-230.95703125,-837.40234375,0.0,0,0
1772214080.0828512,1772214080.044371,-993.1640625,-206.0546875,-308.10546875,-834.9609375,0.0,0,0
1772214080.082888,1772214080.0482693,-791.50390625,-151.85546875,-233.3984375,-744.62890625,0.0,0,0
1772214080.0829241,1772214080.0521674,440.4296875,-64.453125,-138.18359375,-629.8828125,0.0,0,0
1772214080.127761,1772214080.0561738,-889.16015625,-66.40625,-81.0546875,-592.7734375,0.0,0,0
1772214080.127906,1772214080.060072,669.43359375,-176.7578125,-140.625,-605.95703125,0.0,0,0
1772214080.127948,1772214080.0639703,-741.69921875,-152.34375,-240.72265625,-681.640625,0.0,0,0
1772214080.1279879,1772214080.0678685,-922.8515625,-90.33203125,-207.03125,-666.9921875,0.0,0,0
1772214080.128026,1772214080.0717669,293.45703125,50.78125,-95.703125,-508.7890625,0.0,0,0
1772214080.128064,1772214080.075665,-932.6171875,38.57421875,-74.70703125,-330.56640625,0.0,0,0
1772214080.1281018,1772214080.0795631,803.7109375,-115.72265625,-125.0,-243.1640625,0.0,0,0
1772214080.128139,1772214080.0834615,-493.65234375,-152.34375,-231.4453125,-297.36328125,0.0,0,0
1772214080.128188,1772214080.0873597,-1000.0,-105.95703125,-283.203125,-283.203125,0.0,0,0
1772214080.128225,1772214080.0912578,-126.46484375,21.484375,-57.6171875,-26.85546875,0.0,0,0
1772214080.1282718,1772214080.0951562,-895.01953125,21.484375,21.97265625,69.82421875,0.0,0,0
1772214080.128309,1772214080.0990543,689.94140625,-38.57421875,-92.7734375,50.29296875,0.0,0,0
1772214080.172199,1772214080.103048,-580.078125,-68.84765625,-187.98828125,104.4921875,0.0,0,0
1772214080.172319,1772214080.1069465,-1000.0,-126.46484375,-290.52734375,-2.9296875,0.0,0,0
1772214080.1723762,1772214080.1108446,-312.5,5.859375,-142.08984375,70.80078125,0.0,0,0
1772214080.172429,1772214080.1147428,880.859375,187.01171875,-18.5546875,136.71875,0.0,0,0
1772214080.172483,1772214080.1186411,-369.140625,37.59765625,-98.6328125,54.19921875,0.0,0,0
1772214080.172535,1772214080.1225393,-1000.0,-168.45703125,-178.22265625,18.5546875,0.0,0,0
1772214080.172585,1772214080.1264377,-1000.0,-134.765625,-227.05078125,-57.12890625,0.0,0,0
1772214080.1726348,1772214080.1303358,-579.58984375,-39.55078125,-148.92578125,91.796875,0.0,0,0
1772214080.172687,1772214080.134234,923.33984375,24.4140625,-28.80859375,195.3125,0.0,0,0
1772214080.172738,1772214080.1381323,704.1015625,34.66796875,-41.50390625,76.66015625,0.0,0,0
1772214080.172798,1772214080.1420305,-537.109375,-53.7109375,-133.7890625,-58.10546875,0.0,0,0
1772214080.17286,1772214080.1459289,-1000.0,41.015625,-155.76171875,-25.390625,0.0,0,0
1772214080.217534,1772214080.1499205,-547.8515625,283.69140625,-100.5859375,71.77734375,0.0,0,0
1772214080.2176561,1772214080.1538186,791.50390625,299.31640625,-10.25390625,213.37890625,0.0,0,0
1772214080.217688,1772214080.157717,-866.2109375,406.25,67.87109375,344.7265625,0.0,0,0
1772214080.217717,1772214080.1616151,100.09765625,447.75390625,5.37109375,258.30078125,0.0,0,0
1772214080.217748,1772214080.1655135,-1000.0,317.3828125,-145.5078125,145.99609375,0.0,0,0
1772214080.217778,1772214080.1694117,-749.0234375,300.78125,-156.25,214.35546875,0.0,0,0
1772214080.217807,1772214080.17331,604.4921875,293.45703125,-36.62109375,323.73046875,0.0,0,0
1772214080.217837,1772214080.1772082,-820.80078125,171.875,39.0625,456.54296875,0.0,0,0
1772214080.21787,1772214080.1811063,159.1796875,-72.75390625,-113.76953125,348.6328125,0.0,0,0
1772214080.2179,1772214080.1850047,-1000.0,-352.5390625,-224.609375,181.640625,0.0,0,0
1772214080.217929,1772214080.1889029,-903.80859375,-296.875,-156.73828125,275.390625,0.0,0,0
1772214080.217957,1772214080.1928012,403.3203125,-54.19921875,-3.90625,424.31640625,0.0,0,0
1772214080.261742,1772214080.1967795,-790.0390625,-92.28515625,85.44921875,502.44140625,0.0,0,0
1772214080.2618828,1772214080.2006779,145.99609375,-329.1015625,-98.14453125,316.40625,0.0,0,0
1772214080.2619252,1772214080.204576,-1000.0,-402.34375,-267.08984375,220.21484375,0.0,0,0
1772214080.261964,1772214080.2084744,-1000.0,-430.17578125,-160.64453125,294.43359375,0.0,0,0
1772214080.2620008,1772214080.2123725,104.98046875,-388.18359375,47.8515625,304.6875,0.0,0,0
1772214080.262038,1772214080.216271,-772.4609375,-229.98046875,55.17578125,364.74609375,0.0,0,0
1772214080.262083,1772214080.220169,260.7421875,-411.62109375,-123.53515625,341.796875,0.0,0,0
1772214080.26212,1772214080.2240674,-986.328125,-582.51953125,-316.40625,230.95703125,0.0,0,0
1772214080.26217,1772214080.2279656,-1000.0,-407.71484375,-366.69921875,284.66796875,0.0,0,0
1772214080.262207,1772214080.231864,-61.03515625,-254.39453125,-175.29296875,419.43359375,0.0,0,0
1772214080.262246,1772214080.2357621,-802.24609375,-243.65234375,-146.484375,495.60546875,0.0,0,0
1772214080.262301,1772214080.2396605,445.3125,-309.08203125,-295.8984375,432.6171875,0.0,0,0
1772214080.306514,1772214080.2436297,-892.08984375,-441.89453125,-316.40625,368.1640625,0.0,0,0
1772214080.3066182,1772214080.2475278,-1000.0,-484.86328125,-324.70703125,437.01171875,0.0,0,0
1772214080.306647,1772214080.2514262,-190.91796875,-298.828125,-231.4453125,556.15234375,0.0,0,0
1772214080.3066728,1772214080.2553246,-882.8125,-227.5390625,-79.58984375,632.8125,0.0,0,0
1772214080.306697,1772214080.2592227,687.5,-325.1953125,-165.52734375,614.2578125,0.0,0,0
1772214080.3067222,1772214080.2631211,-682.12890625,-404.78515625,-301.26953125,502.9296875,0.0,0,0
1772214080.306747,1772214080.2670193,-1000.0,-347.65625,-271.97265625,500.48828125,0.0,0,0
1772214080.306773,1772214080.2709177,-200.1953125,-290.0390625,-80.56640625,563.96484375,0.0,0,0
1772214080.306798,1772214080.2748158,-952.1484375,-312.98828125,20.01953125,569.3359375,0.0,0,0
1772214080.3068218,1772214080.2787142,899.90234375,-312.01171875,25.87890625,592.28515625,0.0,0,0
1772214080.306846,1772214080.2826123,-390.13671875,-386.71875,-97.16796875,455.56640625,0.0,0,0
1772214080.30687,1772214080.2865107,-1000.0,-405.76171875,-126.46484375,385.7421875,0.0,0,0
1772214080.381122,1772214080.290595,-205.078125,-290.52734375,105.95703125,478.02734375,0.0,0,0
1772214080.381224,1772214080.2944932,-998.53515625,-267.578125,264.16015625,516.11328125,0.0,0,0
1772214080.3812668,1772214080.2983916,-979.4921875,-345.21484375,225.09765625,483.88671875,0.0,0,0
1772214080.3813062,1772214080.3022897,-140.13671875,-523.4375,10.25390625,313.96484375,0.0,0,0
1772214080.381344,1772214080.306188,-1000.0,-572.265625,-10.25390625,179.19921875,0.0,0,0
1772214080.381381,1772214080.3100865,-330.56640625,-355.95703125,58.59375,313.4765625,0.0,0,0
1772214080.381418,1772214080.3139846,931.15234375,-293.45703125,24.4140625,377.9296875,0.0,0,0
1772214080.3814552,1772214080.317883,-915.0390625,-389.6484375,5.859375,354.4921875,0.0,0,0
1772214080.381498,1772214080.3217812,59.5703125,-465.8203125,-239.74609375,283.203125,0.0,0,0
1772214080.381536,1772214080.3256795,-1000.0,-470.21484375,-375.0,206.54296875,0.0,0,0
1772214080.381572,1772214080.329578,-518.06640625,-409.1796875,-131.34765625,322.75390625,0.0,0,0
1772214080.381609,1772214080.333476,830.56640625,-339.84375,107.421875,469.7265625,0.0,0,0
1772214080.410667,1772214080.3374367,-867.1875,-336.42578125,41.015625,471.6796875,0.0,0,0
1772214080.410783,1772214080.341335,177.734375,-412.59765625,-166.9921875,403.3203125,0.0,0,0
1772214080.410811,1772214080.3452334,-1000.0,-462.40234375,-183.59375,341.30859375,0.0,0,0
1772214080.410836,1772214080.3491316,-791.015625,-347.65625,-149.4140625,337.40234375,0.0,0,0
1772214080.410877,1772214080.35303,565.4296875,-232.91015625,-40.52734375,462.890625,0.0,0,0
1772214080.410923,1772214080.3569283,-812.98828125,-250.48828125,105.95703125,542.48046875,0.0,0,0
1772214080.411066,1772214080.3608265,159.1796875,-363.28125,-15.13671875,448.73046875,0.0,0,0
1772214080.4110951,1772214080.3647249,-1000.0,-392.08984375,-144.53125,373.53515625,0.0,0,0
1772214080.4111202,1772214080.368623,-979.98046875,-304.6875,-66.89453125,384.27734375,0.0,0,0
1772214080.411145,1772214080.3725214,271.484375,-180.17578125,170.41015625,452.63671875,0.0,0,0
1772214080.411169,1772214080.3764198,-776.3671875,-122.0703125,265.625,572.75390625,0.0,0,0
1772214080.411194,1772214080.380318,187.98828125,-271.484375,152.83203125,514.6484375,0.0,0,0
1772214080.4559722,1772214080.3842623,-1000.0,-349.609375,58.59375,360.83984375,0.0,0,0
1772214080.4560902,1772214080.3881607,-1000.0,-261.71875,71.2890625,391.6015625,0.0,0,0
1772214080.4561238,1772214080.392059,12.6953125,-146.97265625,216.30859375,493.65234375,0.0,0,0
1772214080.456151,1772214080.3959572,-782.2265625,-93.75,281.25,570.80078125,0.0,0,0
1772214080.456177,1772214080.3998556,352.05078125,-162.109375,134.765625,543.9453125,0.0,0,0
1772214080.456202,1772214080.403754,-937.5,-180.6640625,-92.7734375,390.13671875,0.0,0,0
1772214080.456226,1772214080.4076521,-1000.0,-8.7890625,-70.3125,364.74609375,0.0,0,0
1772214080.4562502,1772214080.4115505,-169.921875,293.9453125,212.40234375,513.18359375,0.0,0,0
1772214080.456275,1772214080.415449,-846.6796875,485.83984375,289.0625,603.515625,0.0,0,0
1772214080.456299,1772214080.419347,566.40625,399.90234375,118.65234375,548.33984375,0.0,0,0
1772214080.456353,1772214080.4232454,-805.17578125,268.5546875,-72.265625,416.015625,0.0,0,0
1772214080.456406,1772214080.4271438,-1000.0,293.9453125,-139.16015625,367.67578125,0.0,0,0
1772214080.500603,1772214080.4311407,-215.33203125,327.63671875,-53.22265625,437.5,0.0,0,0
1772214080.500661,1772214080.435039,-926.26953125,211.42578125,6.8359375,552.24609375,0.0,0,0
1772214080.500685,1772214080.4389374,812.01171875,-1.953125,-75.1953125,570.3125,0.0,0,0
1772214080.500706,1772214080.4428356,-529.296875,-191.40625,-317.87109375,409.66796875,0.0,0,0
1772214080.500729,1772214080.446734,-1000.0,-192.3828125,-381.8359375,328.61328125,0.0,0,0
1772214080.500811,1772214080.4506323,-183.59375,-70.80078125,-149.4140625,429.6875,0.0,0,0
1772214080.5008588,1772214080.4545307,-983.3984375,-61.5234375,-11.71875,531.25,0.0,0,0
1772214080.500884,1772214080.4584289,993.1640625,-141.11328125,-128.41796875,503.41796875,0.0,0,0
1772214080.500906,1772214080.4623272,-201.171875,-213.37890625,-299.31640625,397.94921875,0.0,0,0
1772214080.500926,1772214080.4662256,-1000.0,-197.265625,-248.53515625,374.0234375,0.0,0,0
1772214080.500983,1772214080.470124,-268.5546875,-71.77734375,-7.8125,449.21875,0.0,0,0
1772214080.501031,1772214080.4740222,958.49609375,1.953125,153.80859375,523.4375,0.0,0,0
1772214080.545608,1772214080.478013,-929.6875,-74.70703125,181.15234375,548.828125,0.0,0,0
1772214080.545656,1772214080.4819112,30.76171875,-192.3828125,46.38671875,434.08203125,0.0,0,0
1772214080.545672,1772214080.4858096,-1000.0,-214.84375,-74.70703125,356.4453125,0.0,0,0
1772214080.545685,1772214080.489708,-461.9140625,-96.19140625,-11.23046875,400.390625,0.0,0,0
1772214080.5456982,1772214080.4936063,868.65234375,14.6484375,64.94140625,483.3984375,0.0,0,0
1772214080.545714,1772214080.4975045,-880.859375,12.20703125,64.453125,521.97265625,0.0,0,0
1772214080.545727,1772214080.5014029,159.66796875,-118.1640625,-114.2578125,402.83203125,0.0,0,0
1772214080.5457401,1772214080.5053012,-1000.0,-152.34375,-273.92578125,321.77734375,0.0,0,0
1772214080.545753,1772214080.5091996,-687.5,-36.62109375,-173.828125,363.28125,0.0,0,0
1772214080.5457659,1772214080.5130978,684.08203125,57.6171875,-22.4609375,462.890625,0.0,0,0
1772214080.545779,1772214080.5169961,-833.984375,9.27734375,-61.5234375,498.046875,0.0,0,0
1772214080.545791,1772214080.5208945,169.921875,-143.06640625,-273.92578125,389.6484375,0.0,0,0
1772214080.5908108,1772214080.5248768,-1000.0,-175.78125,-329.1015625,298.33984375,0.0,0,0
1772214080.5908601,1772214080.5287752,-923.828125,-83.0078125,-244.62890625,300.78125,0.0,0,0
1772214080.59088,1772214080.5326736,372.55859375,14.6484375,-88.37890625,437.98828125,0.0,0,0
1772214080.590898,1772214080.536572,-786.1328125,8.30078125,-37.109375,517.08984375,0.0,0,0
1772214080.590915,1772214080.5404701,163.57421875,-126.953125,-276.3671875,395.99609375,0.0,0,0
1772214080.590932,1772214080.5443685,-1000.0,-138.671875,-419.43359375,268.5546875,0.0,0,0
1772214080.590948,1772214080.548267,-1000.0,-58.59375,-377.9296875,267.578125,0.0,0,0
1772214080.590964,1772214080.5521653,89.35546875,41.015625,-209.9609375,359.375,0.0,0,0
1772214080.59098,1772214080.5560637,-775.390625,111.81640625,-88.37890625,400.87890625,0.0,0,0
1772214080.590997,1772214080.5599618,302.24609375,-23.4375,-158.69140625,349.609375,0.0,0,0
1772214080.5910132,1772214080.5638602,-961.9140625,-112.3046875,-256.8359375,250.9765625,0.0,0,0
1772214080.5910301,1772214080.5677586,-1000.0,-56.15234375,-248.046875,225.09765625,0.0,0,0
1772214080.6355891,1772214080.5717335,-109.375,65.91796875,-58.59375,357.91015625,0.0,0,0
1772214080.635632,1772214080.5756319,-819.82421875,103.02734375,6.34765625,453.61328125,0.0,0,0
1772214080.6356502,1772214080.5795302,495.1171875,-29.296875,-70.80078125,389.16015625,0.0,0,0
1772214080.635669,1772214080.5834284,-859.86328125,-115.234375,-180.17578125,263.18359375,0.0,0,0
1772214080.635686,1772214080.5873268,-1000.0,-78.125,-262.6953125,233.3984375,0.0,0,0
1772214080.635703,1772214080.5912251,-200.68359375,93.26171875,-42.48046875,398.4375,0.0,0,0
1772214080.63572,1772214080.5951235,-892.578125,134.765625,128.41796875,478.02734375,0.0,0,0
1772214080.635736,1772214080.599022,711.9140625,-29.78515625,40.52734375,375.9765625,0.0,0,0
1772214080.6357539,1772214080.6029203,-655.2734375,-138.18359375,-85.9375,254.39453125,0.0,0,0
1772214080.63577,1772214080.6068184,-1000.0,-73.2421875,-122.55859375,238.76953125,0.0,0,0
1772214080.635786,1772214080.6107168,-193.359375,107.421875,35.64453125,357.421875,0.0,0,0
1772214080.635804,1772214080.6146152,-967.28515625,129.39453125,180.17578125,425.78125,0.0,0,0
1772214080.695588,1772214080.6185844,944.82421875,12.20703125,172.36328125,403.3203125,0.0,0,0
1772214080.69569,1772214080.6224828,-310.05859375,-94.23828125,33.69140625,292.96875,0.0,0,0
1772214080.695728,1772214080.626381,-1000.0,-84.9609375,-75.68359375,244.140625,0.0,0,0
1772214080.695758,1772214080.6302793,-214.84375,70.3125,9.765625,319.82421875,0.0,0,0
1772214080.69579,1772214080.6341777,979.4921875,163.0859375,54.6875,423.33984375,0.0,0,0
1772214080.695822,1772214080.638076,-940.91796875,89.35546875,-67.3828125,456.54296875,0.0,0,0
1772214080.695851,1772214080.6419744,-8.7890625,-0.48828125,-281.73828125,318.84765625,0.0,0,0
1772214080.695882,1772214080.6458728,-1000.0,146.484375,-327.1484375,225.5859375,0.0,0,0
1772214080.695911,1772214080.6497712,-328.61328125,376.46484375,-135.7421875,301.26953125,0.0,0,0
1772214080.695951,1772214080.6536696,927.24609375,437.98828125,-14.6484375,408.69140625,0.0,0,0
1772214080.69598,1772214080.6575677,-898.4375,367.1875,-13.18359375,414.0625,0.0,0,0
1772214080.696013,1772214080.6614661,189.94140625,192.3828125,-57.12890625,293.45703125,0.0,0,0
1772214080.7268832,1772214080.6654274,-1000.0,111.81640625,-66.89453125,230.95703125,0.0,0,0
1772214080.727029,1772214080.6693258,-413.57421875,226.5625,50.29296875,316.40625,0.0,0,0
1772214080.7270882,1772214080.6732242,905.76171875,303.22265625,154.296875,419.921875,0.0,0,0
1772214080.727146,1772214080.6771226,-891.11328125,270.99609375,155.76171875,436.5234375,0.0,0,0
1772214080.727201,1772214080.681021,206.54296875,107.91015625,62.01171875,315.4296875,0.0,0,0
1772214080.727253,1772214080.6849194,-1000.0,95.703125,-15.625,214.84375,0.0,0,0
1772214080.727304,1772214080.6888175,-669.43359375,209.47265625,17.578125,212.40234375,0.0,0,0
1772214080.727357,1772214080.692716,685.05859375,265.13671875,196.2890625,380.37109375,0.0,0,0
1772214080.7274082,1772214080.6966143,-835.9375,283.69140625,318.359375,495.1171875,0.0,0,0
1772214080.727459,1772214080.7005126,196.2890625,166.015625,179.19921875,385.25390625,0.0,0,0
1772214080.7277539,1772214080.704411,-1000.0,61.03515625,-0.48828125,246.58203125,0.0,0,0
1772214080.727812,1772214080.7083094,-996.58203125,94.7265625,-38.0859375,219.23828125,0.0,0,0
1772214080.785414,1772214080.7122655,227.5390625,227.05078125,92.28515625,352.5390625,0.0,0,0
1772214080.785577,1772214080.7161639,-779.296875,225.09765625,106.93359375,410.64453125,0.0,0,0
1772214080.785641,1772214080.7200623,298.33984375,26.85546875,-95.703125,304.19921875,0.0,0,0
1772214080.785694,1772214080.7239606,-966.796875,-53.22265625,-188.4765625,195.80078125,0.0,0,0
1772214080.7857459,1772214080.727859,-1000.0,19.53125,-101.5625,175.29296875,0.0,0,0
1772214080.785799,1772214080.7317574,-27.83203125,122.0703125,115.234375,305.17578125,0.0,0,0
1772214080.7858508,1772214080.7356558,-805.17578125,118.65234375,246.58203125,410.15625,0.0,0,0
1772214080.785911,1772214080.7395542,474.12109375,-3.41796875,80.078125,319.82421875,0.0,0,0
1772214080.785964,1772214080.7434525,-866.2109375,-89.35546875,-93.26171875,171.38671875,0.0,0,0
1772214080.786033,1772214080.747351,-1000.0,-44.921875,-76.171875,164.55078125,0.0,0,0
1772214080.786099,1772214080.7512493,-160.15625,104.4921875,85.9375,299.8046875,0.0,0,0
1772214080.786154,1772214080.7551477,-898.92578125,168.45703125,125.48828125,358.3984375,0.0,0,0
1772214080.8311439,1772214080.7590926,760.7421875,44.43359375,76.66015625,297.8515625,0.0,0,0
1772214080.831268,1772214080.762991,-583.984375,-85.44921875,-7.32421875,163.57421875,0.0,0,0
1772214080.831346,1772214080.7668893,-1000.0,-32.2265625,-28.80859375,97.65625,0.0,0,0
1772214080.831419,1772214080.7707877,-167.96875,97.16796875,133.30078125,184.08203125,0.0,0,0
1772214080.831487,1772214080.774686,-983.88671875,46.875,264.6484375,256.34765625,0.0,0,0
1772214080.8315809,1772214080.7785845,-987.3046875,-106.93359375,268.5546875,220.21484375,0.0,0,0
1772214080.831629,1772214080.7824829,-239.2578125,-252.9296875,181.640625,69.82421875,0.0,0,0
1772214080.831666,1772214080.7863812,-1000.0,-245.1171875,84.47265625,33.203125,0.0,0,0
1772214080.831703,1772214080.7902796,66.40625,-41.015625,176.7578125,158.203125,0.0,0,0
1772214080.83174,1772214080.794178,-996.58203125,36.1328125,268.06640625,231.93359375,0.0,0,0
1772214080.831777,1772214080.7980764,-935.05859375,-51.7578125,208.984375,215.8203125,0.0,0,0
1772214080.831815,1772214080.8019745,-0.9765625,-175.78125,24.4140625,102.05078125,0.0,0,0
1772214080.876427,1772214080.8059738,-1000.0,-167.96875,-54.19921875,66.40625,0.0,0,0
1772214080.876533,1772214080.8098722,41.015625,-9.27734375,83.0078125,138.18359375,0.0,0,0
1772214080.8765671,1772214080.8137705,990.234375,61.5234375,187.5,221.6796875,0.0,0,0
1772214080.8765981,1772214080.817669,-909.66796875,10.25390625,162.109375,222.16796875,0.0,0,0
1772214080.876628,1772214080.8215673,157.71484375,-139.16015625,-32.2265625,83.984375,0.0,0,0
1772214080.876657,1772214080.8254657,-1000.0,-127.9296875,-136.23046875,36.1328125,0.0,0,0
1772214080.876687,1772214080.829364,52.24609375,24.90234375,-23.4375,96.6796875,0.0,0,0
1772214080.876717,1772214080.8332624,982.91015625,112.79296875,157.2265625,180.17578125,0.0,0,0
1772214080.876747,1772214080.8371608,-925.29296875,62.01171875,266.11328125,212.890625,0.0,0,0
1772214080.876776,1772214080.8410592,227.5390625,-42.48046875,92.7734375,101.07421875,0.0,0,0
1772214080.876804,1772214080.8449576,-1000.0,19.04296875,-148.4375,0.0,0.0,0,0
1772214080.876847,1772214080.848856,-311.5234375,67.3828125,-102.5390625,30.2734375,0.0,0,0
1772214080.9209118,1772214080.8528469,915.0390625,129.8828125,113.28125,128.90625,0.0,0,0
1772214080.921016,1772214080.8567452,-899.90234375,148.92578125,97.65625,103.02734375,0.0,0,0
1772214080.9210439,1772214080.8606436,226.07421875,-25.87890625,-103.02734375,-5.859375,0.0,0,0
1772214080.921073,1772214080.864542,-1000.0,-145.01953125,-261.71875,-91.796875,0.0,0,0
1772214080.921098,1772214080.8684404,-675.29296875,-6.8359375,-233.3984375,-94.7265625,0.0,0,0
1772214080.921123,1772214080.8723388,624.51171875,148.4375,-68.359375,6.8359375,0.0,0,0
1772214080.9211469,1772214080.8762372,-834.9609375,145.01953125,1.953125,30.76171875,0.0,0,0
1772214080.921172,1772214080.8801355,279.78515625,-20.99609375,-85.44921875,-59.5703125,0.0,0,0
1772214080.921197,1772214080.8840342,-1000.0,-72.265625,-165.52734375,-125.48828125,0.0,0,0
1772214080.921221,1772214080.8879325,-1000.0,-16.6015625,-102.5390625,-96.19140625,0.0,0,0
1772214080.921244,1772214080.891831,186.03515625,91.796875,35.64453125,12.20703125,0.0,0,0
1772214080.921268,1772214080.8957293,-795.8984375,120.60546875,116.69921875,77.63671875,0.0,0,0
1772214080.995677,1772214080.8997765,413.57421875,-89.35546875,1.953125,37.59765625,0.0,0,0
1772214080.995782,1772214080.9036748,-903.80859375,-191.40625,-93.75,-31.25,0.0,0,0
1772214080.99581,1772214080.9075732,-1000.0,-120.1171875,-3.90625,2.44140625,0.0,0,0
1772214080.995837,1772214080.9114716,-95.703125,12.20703125,100.5859375,128.41796875,0.0,0,0
1772214080.995861,1772214080.91537,-849.609375,37.59765625,133.7890625,188.4765625,0.0,0,0
1772214080.9958851,1772214080.9192684,606.4453125,-96.6796875,41.9921875,151.3671875,0.0,0,0
1772214080.9959092,1772214080.9231668,-747.55859375,-196.77734375,-125.0,78.125,0.0,0,0
1772214080.9959328,1772214080.9270651,-1000.0,-167.96875,-126.953125,71.77734375,0.0,0,0
1772214080.995956,1772214080.9309638,-192.87109375,-32.71484375,-6.34765625,132.8125,0.0,0,0
1772214080.9959822,1772214080.9348621,-932.12890625,26.85546875,19.04296875,133.30078125,0.0,0,0
1772214080.996008,1772214080.9387605,842.28515625,-41.50390625,-103.515625,129.39453125,0.0,0,0
1772214080.996039,1772214080.942659,-470.21484375,-147.94921875,-218.75,98.6328125,0.0,0,0
1772214081.010732,1772214080.9466379,-1000.0,-170.41015625,-333.49609375,90.8203125,0.0,0,0
1772214081.0108428,1772214080.9505363,-194.3359375,-45.8984375,-221.6796875,197.265625,0.0,0,0
1772214081.010873,1772214080.9544346,-984.375,13.18359375,-9.27734375,249.0234375,0.0,0,0
1772214081.0109,1772214080.958333,987.79296875,-41.015625,-99.12109375,212.890625,0.0,0,0
1772214081.010924,1772214080.9622314,-197.75390625,-179.6875,-331.54296875,155.76171875,0.0,0,0
1772214081.0109491,1772214080.9661298,-1000.0,-181.640625,-319.82421875,176.7578125,0.0,0,0
1772214081.010972,1772214080.9700284,-329.1015625,-24.4140625,-187.98828125,257.32421875,0.0,0,0
1772214081.010997,1772214080.9739268,939.453125,-1.953125,-195.3125,338.8671875,0.0,0,0
1772214081.01102,1772214080.9778252,-931.15234375,-81.54296875,-283.69140625,334.47265625,0.0,0,0
1772214081.011044,1772214080.9817235,-14.16015625,-210.44921875,-408.203125,231.4453125,0.0,0,0
1772214081.0110679,1772214080.985622,-1000.0,-212.890625,-435.05859375,191.89453125,0.0,0,0
1772214081.011091,1772214080.9895203,-499.0234375,-46.875,-308.59375,236.328125,0.0,0,0
1772214081.056319,1772214080.9934886,828.61328125,33.69140625,-182.12890625,258.7890625,0.0,0,0
1772214081.0564291,1772214080.997387,-871.58203125,-28.80859375,-136.23046875,256.34765625,0.0,0,0
1772214081.056457,1772214081.0012853,152.34375,-152.34375,-180.6640625,185.05859375,0.0,0,0
1772214081.056488,1772214081.0051837,-1000.0,-185.05859375,-171.875,129.8828125,0.0,0,0
1772214081.0565171,1772214081.009082,-739.2578125,-30.76171875,-77.1484375,139.16015625,0.0,0,0
1772214081.056569,1772214081.0129807,615.234375,92.28515625,-10.25390625,189.94140625,0.0,0,0
1772214081.056611,1772214081.016879,-824.21875,37.59765625,-17.08984375,191.40625,0.0,0,0
1772214081.056635,1772214081.0207775,165.52734375,-147.4609375,-82.03125,109.86328125,0.0,0,0
1772214081.056659,1772214081.0246758,-1000.0,-149.4140625,-82.51953125,95.21484375,0.0,0,0
1772214081.056683,1772214081.0285742,-909.66796875,-10.25390625,0.0,138.671875,0.0,0,0
1772214081.0567071,1772214081.0324728,377.44140625,105.95703125,233.88671875,137.6953125,0.0,0,0
1772214081.056731,1772214081.0363712,-789.55078125,96.19140625,476.07421875,133.30078125,0.0,0,0
1772214081.100682,1772214081.0403306,194.3359375,-90.33203125,420.8984375,125.0,0.0,0,0
1772214081.10077,1772214081.044229,-1000.0,-136.71875,270.5078125,91.30859375,0.0,0,0
1772214081.100896,1772214081.0481277,-1000.0,-21.484375,256.34765625,88.37890625,0.0,0,0
1772214081.1009228,1772214081.052026,100.5859375,99.609375,328.61328125,120.1171875,0.0,0,0
1772214081.1009521,1772214081.0559244,-782.71484375,97.65625,375.48828125,114.74609375,0.0,0,0
1772214081.100977,1772214081.0598228,318.84765625,-24.4140625,299.31640625,44.43359375,0.0,0,0
1772214081.101036,1772214081.0637214,-950.1953125,-123.046875,212.890625,1.953125,0.0,0,0
1772214081.101074,1772214081.0676198,-1000.0,-105.95703125,172.8515625,33.203125,0.0,0,0
1772214081.1011,1772214081.0715182,-133.7890625,50.29296875,254.8828125,103.515625,0.0,0,0
1772214081.101124,1772214081.0754166,-835.9375,84.47265625,337.890625,123.53515625,0.0,0,0
1772214081.101148,1772214081.079315,528.80859375,-62.5,281.25,106.93359375,0.0,0,0
1772214081.101172,1772214081.0832136,-824.70703125,-148.4375,270.99609375,77.63671875,0.0,0,0
1772214081.1606789,1772214081.0871656,-1000.0,-102.5390625,330.078125,70.80078125,0.0,0,0
1772214081.160792,1772214081.091064,-208.0078125,17.578125,420.8984375,126.46484375,0.0,0,0
1772214081.160866,1772214081.0949626,-915.0390625,46.875,445.3125,136.23046875,0.0,0,0
1772214081.160901,1772214081.098861,777.83203125,-63.96484375,324.21875,100.09765625,0.0,0,0
1772214081.160932,1772214081.1027594,-565.91796875,-128.90625,188.4765625,62.01171875,0.0,0,0
1772214081.160973,1772214081.1066577,-1000.0,-76.66015625,123.53515625,61.5234375,0.0,0,0
1772214081.161003,1772214081.1105564,-159.1796875,0.48828125,204.1015625,84.47265625,0.0,0,0
1772214081.161035,1772214081.1144547,-972.16796875,11.71875,253.90625,27.83203125,0.0,0,0
1772214081.1610649,1772214081.1183531,975.09765625,-34.1796875,199.21875,-19.53125,0.0,0,0
1772214081.161095,1772214081.1222515,-269.04296875,-119.62890625,140.13671875,-45.8984375,0.0,0,0
1772214081.161124,1772214081.1261501,-1000.0,-82.03125,36.62109375,-30.76171875,0.0,0,0
1772214081.161152,1772214081.1300485,-48.828125,71.77734375,42.96875,10.7421875,0.0,0,0
1772214081.206123,1772214081.1340544,961.9140625,106.93359375,83.49609375,2.9296875,0.0,0,0
1772214081.206211,1772214081.1379528,-900.390625,35.15625,33.69140625,-6.8359375,0.0,0,0
1772214081.206239,1772214081.1418514,-39.55078125,-58.10546875,-9.27734375,-41.50390625,0.0,0,0
1772214081.2062662,1772214081.1457498,-898.92578125,-41.9921875,23.92578125,-52.24609375,0.0,0,0
1772214081.206291,1772214081.1496482,290.52734375,87.40234375,82.03125,-15.625,0.0,0,0
1772214081.206314,1772214081.1535466,938.4765625,113.76953125,122.0703125,-2.44140625,0.0,0,0
1772214081.2063382,1772214081.1574452,-880.859375,56.640625,109.375,-22.94921875,0.0,0,0
1772214081.206362,1772214081.1613436,108.88671875,-40.0390625,-58.10546875,-75.1953125,0.0,0,0
1772214081.2063859,1772214081.165242,-808.10546875,-36.62109375,-151.85546875,-67.3828125,0.0,0,0
1772214081.20641,1772214081.1691406,355.95703125,71.77734375,-82.51953125,-36.62109375,0.0,0,0
1772214081.206434,1772214081.173039,921.875,131.8359375,-26.85546875,-45.41015625,0.0,0,0
1772214081.206458,1772214081.1769373,-884.765625,113.76953125,53.7109375,-41.015625,0.0,0,0
1772214081.2959309,1772214081.1810591,148.92578125,-47.36328125,41.50390625,-55.6640625,0.0,0,0
1772214081.2960908,1772214081.1849577,-905.2734375,-72.75390625,-40.0390625,-73.73046875,0.0,0,0
1772214081.296187,1772214081.1888561,128.90625,47.36328125,6.8359375,-51.7578125,0.0,0,0
1772214081.2962308,1772214081.1927545,847.16796875,126.953125,30.76171875,-27.83203125,0.0,0,0
1772214081.296292,1772214081.1966531,-881.34765625,132.8125,13.671875,-80.078125,0.0,0,0
1772214081.2963378,1772214081.2005515,226.5625,12.6953125,27.34375,-145.99609375,0.0,0,0
1772214081.29637,1772214081.2044501,-980.95703125,-21.97265625,-29.78515625,-124.0234375,0.0,0,0
1772214081.296406,1772214081.2083485,-347.65625,70.80078125,-112.3046875,-99.609375,0.0,0,0
1772214081.296439,1772214081.212247,577.1484375,137.20703125,-87.890625,-77.63671875,0.0,0,0
1772214081.296469,1772214081.2161455,-845.21484375,124.0234375,-108.3984375,-90.8203125,0.0,0,0
1772214081.296545,1772214081.220044,358.3984375,33.203125,-242.1875,-125.9765625,0.0,0,0
1772214081.296588,1772214081.2239425,-957.51953125,-4.8828125,-287.59765625,-93.75,0.0,0,0
1772214081.297405,1772214081.2279432,-484.375,41.9921875,-334.9609375,-79.1015625,0.0,0,0
1772214081.297463,1772214081.2318416,478.02734375,114.2578125,-366.69921875,-72.75390625,0.0,0,0
1772214081.297488,1772214081.2357402,-886.71875,125.9765625,-294.921875,-89.35546875,0.0,0,0
1772214081.297513,1772214081.2396386,591.30859375,-7.8125,-269.04296875,-118.1640625,0.0,0,0
1772214081.297538,1772214081.2435372,-848.14453125,-64.453125,-244.62890625,-129.8828125,0.0,0,0
1772214081.2975628,1772214081.2474356,-502.9296875,13.671875,-208.0078125,-105.46875,0.0,0,0
1772214081.297586,1772214081.2513342,545.8984375,73.73046875,-215.33203125,-95.703125,0.0,0,0
1772214081.297611,1772214081.2552326,-981.4453125,90.33203125,-241.2109375,-169.43359375,0.0,0,0
1772214081.297635,1772214081.2591312,848.14453125,31.25,-221.6796875,-162.59765625,0.0,0,0
1772214081.297659,1772214081.2630296,-589.84375,-33.203125,-194.3359375,-109.86328125,0.0,0,0
1772214081.297683,1772214081.2669282,-586.9140625,9.27734375,-183.10546875,-79.58984375,0.0,0,0
1772214081.297706,1772214081.2708266,586.9140625,75.68359375,-190.91796875,-64.94140625,0.0,0,0
1772214081.3421938,1772214081.2748094,951.66015625,79.58984375,-196.77734375,-105.95703125,0.0,0,0
1772214081.342286,1772214081.278708,-955.56640625,38.57421875,-154.296875,-128.90625,0.0,0,0
1772214081.342336,1772214081.2826064,-302.734375,-27.83203125,-128.90625,-125.9765625,0.0,0,0
1772214081.342388,1772214081.286505,-549.8046875,-38.0859375,-145.99609375,-106.93359375,0.0,0,0
1772214081.342413,1772214081.2904034,740.72265625,2.9296875,-197.265625,-110.83984375,0.0,0,0
1772214081.342437,1772214081.294302,916.015625,30.2734375,-234.375,-165.52734375,0.0,0,0
1772214081.342463,1772214081.2982004,-878.41796875,13.671875,-198.73046875,-183.59375,0.0,0,0
1772214081.342488,1772214081.302099,-72.265625,-75.1953125,-187.98828125,-165.0390625,0.0,0,0
1772214081.3425121,1772214081.3059974,-495.60546875,-116.69921875,-168.9453125,-126.953125,0.0,0,0
1772214081.342536,1772214081.309896,848.14453125,1.46484375,-161.62109375,-113.76953125,0.0,0,0
1772214081.34256,1772214081.3137944,919.921875,57.6171875,-156.73828125,-146.484375,0.0,0,0
1772214081.3425841,1772214081.317693,-874.0234375,5.37109375,-101.5625,-155.76171875,0.0,0,0
1772214081.386367,1772214081.3216689,37.59765625,-62.01171875,-133.7890625,-147.4609375,0.0,0,0
1772214081.386527,1772214081.3255675,-504.39453125,-36.62109375,-139.16015625,-98.6328125,0.0,0,0
1772214081.386585,1772214081.3294659,783.69140625,41.50390625,-77.63671875,-94.7265625,0.0,0,0
1772214081.3866382,1772214081.3333645,897.4609375,27.83203125,-77.63671875,-168.9453125,0.0,0,0
1772214081.386691,1772214081.3372629,-924.8046875,2.44140625,-65.91796875,-200.68359375,0.0,0,0
1772214081.386743,1772214081.3411615,122.55859375,-46.875,-66.40625,-156.73828125,0.0,0,0
1772214081.386794,1772214081.3450599,-780.76171875,-54.19921875,-70.80078125,-104.98046875,0.0,0,0
1772214081.386848,1772214081.3489585,223.6328125,-17.08984375,-104.00390625,-115.72265625,0.0,0,0
1772214081.386888,1772214081.3528569,804.19921875,6.34765625,-99.609375,-136.71875,0.0,0,0
1772214081.3869262,1772214081.3567555,-878.41796875,23.92578125,-96.19140625,-145.99609375,0.0,0,0
1772214081.386964,1772214081.3606539,173.33984375,-53.7109375,-175.78125,-143.5546875,0.0,0,0
1772214081.387,1772214081.3645525,-939.453125,-72.75390625,-228.515625,-102.5390625,0.0,0,0
1772214081.432003,1772214081.3685193,-257.8125,-10.25390625,-254.8828125,-82.03125,0.0,0,0
1772214081.4321642,1772214081.372418,587.890625,36.1328125,-184.5703125,-114.74609375,0.0,0,0
1772214081.432224,1772214081.3763163,-921.875,23.92578125,-129.8828125,-156.25,0.0,0,0
1772214081.432277,1772214081.380215,222.65625,-71.77734375,-152.34375,-152.83203125,0.0,0,0
1772214081.43233,1772214081.3841136,-927.24609375,-81.0546875,-147.94921875,-108.88671875,0.0,0,0
1772214081.432384,1772214081.388012,-361.328125,-11.71875,-94.23828125,-96.6796875,0.0,0,0
1772214081.4327412,1772214081.3919106,527.34375,26.85546875,-6.34765625,-121.09375,0.0,0,0
1772214081.432798,1772214081.395809,999.51171875,-11.71875,47.8515625,-143.06640625,0.0,0,0
1772214081.4328508,1772214081.3997076,348.6328125,-60.546875,80.078125,-129.8828125,0.0,0,0
1772214081.4329028,1772214081.403606,-874.51171875,-57.6171875,83.49609375,-83.984375,0.0,0,0
1772214081.432954,1772214081.4075046,-610.3515625,-19.53125,121.58203125,-63.96484375,0.0,0,0
1772214081.433006,1772214081.4114032,388.671875,23.4375,169.921875,-100.5859375,0.0,0,0
1772214081.476913,1772214081.4153636,946.77734375,20.01953125,181.640625,-154.78515625,0.0,0,0
1772214081.477031,1772214081.4192622,517.578125,-37.59765625,242.1875,-147.4609375,0.0,0,0
1772214081.477076,1772214081.4231606,-710.44921875,-84.47265625,270.5078125,-118.1640625,0.0,0,0
1772214081.4771142,1772214081.4270592,-809.08203125,-51.7578125,248.046875,-103.02734375,0.0,0,0
1772214081.477152,1772214081.4309578,389.6484375,9.765625,250.9765625,-115.234375,0.0,0,0
1772214081.477192,1772214081.4348562,725.09765625,34.66796875,212.40234375,-174.31640625,0.0,0,0
1772214081.47723,1772214081.4387548,47.36328125,-60.546875,164.0625,-198.73046875,0.0,0,0
1772214081.477267,1772214081.4426532,-718.75,-111.81640625,148.92578125,-110.3515625,0.0,0,0
1772214081.477304,1772214081.4465518,-622.55859375,-34.1796875,122.0703125,2.9296875,0.0,0,0
1772214081.477346,1772214081.4504504,518.06640625,23.92578125,48.828125,-1.46484375,0.0,0,0
1772214081.477382,1772214081.4543488,775.87890625,24.90234375,-20.99609375,-74.21875,0.0,0,0
1772214081.47742,1772214081.4582474,223.14453125,-7.8125,6.34765625,-89.35546875,0.0,0,0
1772214081.536284,1772214081.462261,-602.05078125,-36.62109375,-2.9296875,-2.9296875,0.0,0,0
1772214081.536387,1772214081.4661596,-607.421875,-8.7890625,32.2265625,83.0078125,0.0,0,0
1772214081.5364249,1772214081.470058,509.27734375,32.2265625,56.640625,48.828125,0.0,0,0
1772214081.536462,1772214081.4739566,796.875,4.8828125,-40.0390625,-56.640625,0.0,0,0
1772214081.5365,1772214081.4778552,256.8359375,-3.41796875,-1.953125,-87.40234375,0.0,0,0
1772214081.5365372,1772214081.4817536,-521.97265625,-13.18359375,87.40234375,15.13671875,0.0,0,0
1772214081.536575,1772214081.4856522,-626.953125,-24.90234375,54.6875,110.83984375,0.0,0,0
1772214081.5366132,1772214081.4895508,243.65234375,2.44140625,-40.0390625,78.61328125,0.0,0,0
1772214081.53665,1772214081.4934492,783.203125,7.32421875,-86.9140625,-28.3203125,0.0,0,0
1772214081.536715,1772214081.4973478,354.00390625,5.859375,-130.859375,-72.75390625,0.0,0,0
1772214081.536751,1772214081.5012465,-606.4453125,-5.37109375,-154.78515625,33.203125,0.0,0,0
1772214081.5368068,1772214081.5051448,-537.109375,11.71875,-120.60546875,165.52734375,0.0,0,0
1772214081.595718,1772214081.5091515,279.78515625,46.38671875,-181.15234375,162.59765625,0.0,0,0
1772214081.5958211,1772214081.51305,747.55859375,47.36328125,-242.1875,28.3203125,0.0,0,0
1772214081.595859,1772214081.5169487,467.28515625,21.97265625,-136.23046875,-47.36328125,0.0,0,0
1772214081.5958989,1772214081.520847,-624.0234375,-5.37109375,-9.27734375,54.19921875,0.0,0,0
1772214081.595936,1772214081.5247457,-571.77734375,31.25,-17.08984375,191.40625,0.0,0,0
1772214081.595986,1772214081.5286443,230.95703125,60.546875,-144.04296875,184.5703125,0.0,0,0
1772214081.59603,1772214081.5325427,694.82421875,30.76171875,-277.83203125,36.1328125,0.0,0,0
1772214081.5960681,1772214081.5364413,437.98828125,-3.41796875,-316.40625,-66.89453125,0.0,0,0
1772214081.5961049,1772214081.54034,-679.19921875,-4.8828125,-230.95703125,20.99609375,0.0,0,0
1772214081.596143,1772214081.5442383,-622.0703125,10.25390625,-135.25390625,159.1796875,0.0,0,0
1772214081.59618,1772214081.548137,235.3515625,20.99609375,-104.98046875,172.8515625,0.0,0,0
1772214081.596222,1772214081.5520356,705.56640625,21.97265625,-207.51953125,35.15625,0.0,0,0
1772214081.643007,1772214081.556097,406.25,-4.8828125,-291.9921875,-95.703125,0.0,0,0
1772214081.6431518,1772214081.5599957,-606.93359375,-21.97265625,-201.66015625,-14.16015625,0.0,0,0
1772214081.6432111,1772214081.563894,-743.65234375,4.39453125,-92.28515625,153.3203125,0.0,0,0
1772214081.643265,1772214081.5677927,-0.9765625,21.97265625,-128.41796875,189.94140625,0.0,0,0
1772214081.643318,1772214081.5716913,701.171875,19.53125,-232.91015625,41.9921875,0.0,0,0
1772214081.643373,1772214081.57559,403.80859375,13.671875,-191.89453125,-98.6328125,0.0,0,0
1772214081.643426,1772214081.5794885,-504.8828125,-17.578125,-75.68359375,-42.48046875,0.0,0,0
1772214081.643477,1772214081.583387,-782.2265625,-5.859375,29.296875,113.76953125,0.0,0,0
1772214081.643527,1772214081.5872855,-215.8203125,18.06640625,-35.15625,171.875,0.0,0,0
1772214081.643577,1772214081.5911841,708.0078125,14.16015625,-160.15625,40.0390625,0.0,0,0
1772214081.643627,1772214081.5950828,371.09375,8.7890625,-114.2578125,-106.4453125,0.0,0,0
1772214081.643679,1772214081.5989811,-461.9140625,4.39453125,-12.20703125,-77.1484375,0.0,0,0
1772214081.673001,1772214081.6029792,-759.27734375,21.484375,124.0234375,94.7265625,0.0,0,0
1772214081.673122,1772214081.6068778,-315.91796875,37.59765625,180.17578125,183.10546875,0.0,0,0
1772214081.673175,1772214081.6107762,770.99609375,46.38671875,82.51953125,49.8046875,0.0,0,0
1772214081.6732259,1772214081.6146748,461.42578125,10.25390625,-31.25,-110.3515625,0.0,0,0
1772214081.673277,1772214081.6185734,-312.98828125,-15.13671875,-25.390625,-87.890625,0.0,0,0
1772214081.673407,1772214081.622472,-698.2421875,-11.23046875,7.8125,85.44921875,0.0,0,0
1772214081.6734872,1772214081.6263707,-346.6796875,-16.11328125,41.9921875,176.26953125,0.0,0,0
1772214081.67353,1772214081.6302693,779.78515625,-4.8828125,-17.08984375,62.5,0.0,0,0
1772214081.673568,1772214081.6341677,620.1171875,-11.23046875,-169.921875,-110.83984375,0.0,0,0
1772214081.673609,1772214081.6380663,-117.67578125,-22.4609375,-123.046875,-111.328125,0.0,0,0
1772214081.6736472,1772214081.641965,-675.29296875,1.46484375,40.52734375,59.5703125,0.0,0,0
1772214081.673685,1772214081.6458635,-341.30859375,14.16015625,47.8515625,160.15625,0.0,0,0
1772214081.7168589,1772214081.6498454,696.2890625,-9.765625,-26.85546875,76.171875,0.0,0,0
1772214081.71697,1772214081.653744,750.9765625,-37.59765625,-56.15234375,-84.47265625,0.0,0,0
1772214081.717013,1772214081.6576426,183.59375,-45.41015625,-30.76171875,-113.28125,0.0,0,0
1772214081.717052,1772214081.661541,-625.0,-61.5234375,34.1796875,19.53125,0.0,0,0
1772214081.7170901,1772214081.6654396,-396.484375,-40.52734375,78.125,149.4140625,0.0,0,0
1772214081.717129,1772214081.6693382,519.04296875,-4.8828125,49.31640625,101.5625,0.0,0,0
1772214081.717168,1772214081.6732368,779.296875,-27.34375,2.9296875,-53.22265625,0.0,0,0
1772214081.717205,1772214081.6771355,230.46875,-77.1484375,-42.96875,-108.88671875,0.0,0,0
1772214081.717243,1772214081.681034,-775.87890625,-123.53515625,53.22265625,13.671875,0.0,0,0
1772214081.71728,1772214081.6849327,-531.73828125,-73.2421875,129.39453125,121.09375,0.0,0,0
1772214081.7173178,1772214081.688831,106.4453125,-43.9453125,68.359375,79.1015625,0.0,0,0
1772214081.717358,1772214081.6927297,613.76953125,-56.640625,70.80078125,-70.3125,0.0,0,0
1772214081.761228,1772214081.6967049,364.2578125,-62.01171875,146.97265625,-161.62109375,0.0,0,0
1772214081.761334,1772214081.7006035,-788.0859375,-82.51953125,294.921875,-57.12890625,0.0,0,0
1772214081.761376,1772214081.704502,-633.7890625,-40.0390625,311.03515625,86.9140625,0.0,0,0
1772214081.7614138,1772214081.7084007,-14.6484375,-26.85546875,230.95703125,82.03125,0.0,0,0
1772214081.761452,1772214081.7122993,536.62109375,-37.59765625,133.30078125,-62.5,0.0,0,0
1772214081.761492,1772214081.716198,391.6015625,-35.64453125,104.4921875,-152.34375,0.0,0,0
1772214081.761529,1772214081.7200963,-760.7421875,-68.84765625,133.7890625,-60.05859375,0.0,0,0
1772214081.7615669,1772214081.723995,-745.60546875,-24.4140625,101.07421875,76.171875,0.0,0,0
1772214081.761604,1772214081.7278936,-57.6171875,9.27734375,55.17578125,74.70703125,0.0,0,0
1772214081.761641,1772214081.7317922,594.23828125,-4.39453125,-34.1796875,-68.359375,0.0,0,0
1772214081.761861,1772214081.7356908,365.234375,-16.6015625,-101.07421875,-171.875,0.0,0,0
1772214081.7619011,1772214081.7395895,-606.4453125,-35.15625,-3.90625,-88.8671875,0.0,0,0
1772214081.806356,1772214081.743557,-793.9453125,-19.04296875,84.47265625,61.5234375,0.0,0,0
1772214081.806515,1772214081.7474556,-245.1171875,3.41796875,4.8828125,82.51953125,0.0,0,0
1772214081.8065732,1772214081.751354,628.41796875,8.30078125,-98.6328125,-54.6875,0.0,0,0
1772214081.80663,1772214081.7552526,388.671875,-13.671875,-189.94140625,-169.43359375,0.0,0,0
1772214081.8066828,1772214081.7591512,-360.83984375,-15.625,-109.86328125,-98.6328125,0.0,0,0
1772214081.806737,1772214081.7630498,-716.30859375,1.953125,74.70703125,51.7578125,0.0,0,0
1772214081.8067882,1772214081.7669485,-358.3984375,22.94921875,78.61328125,103.515625,0.0,0,0
1772214081.806838,1772214081.770847,725.09765625,32.71484375,-24.4140625,-33.203125,0.0,0,0
1772214081.806876,1772214081.7747457,477.5390625,-13.18359375,-58.10546875,-160.64453125,0.0,0,0
1772214081.8069172,1772214081.7786443,-216.796875,-18.5546875,34.66796875,-110.3515625,0.0,0,0
1772214081.806955,1772214081.782543,-654.78515625,-2.44140625,125.9765625,53.22265625,0.0,0,0
1772214081.806997,1772214081.7864416,-376.46484375,7.32421875,143.5546875,134.27734375,0.0,0,0
1772214081.895661,1772214081.7905233,752.9296875,25.87890625,69.82421875,0.0,0.0,0,0
1772214081.895787,1772214081.794422,630.859375,4.8828125,32.2265625,-140.625,0.0,0,0
1772214081.895828,1772214081.7983205,17.08984375,-10.25390625,74.70703125,-118.65234375,0.0,0,0
1772214081.895869,1772214081.8022192,-595.21484375,-12.6953125,130.37109375,25.87890625,0.0,0,0
1772214081.8959072,1772214081.8061178,-401.85546875,8.30078125,152.83203125,104.4921875,0.0,0,0
1772214081.895945,1772214081.8100164,746.58203125,67.3828125,135.25390625,22.4609375,0.0,0,0
1772214081.8959832,1772214081.813915,770.01953125,41.015625,125.48828125,-112.79296875,0.0,0,0
1772214081.896021,1772214081.8178136,222.65625,11.71875,170.41015625,-136.71875,0.0,0,0
1772214081.896061,1772214081.8217123,-520.99609375,30.76171875,309.5703125,-0.9765625,0.0,0,0
1772214081.8961449,1772214081.8256109,-438.96484375,56.640625,355.46875,84.9609375,0.0,0,0
1772214081.896218,1772214081.8295097,533.203125,85.9375,218.26171875,-6.34765625,0.0,0,0
1772214081.896262,1772214081.8334084,812.5,62.5,46.875,-150.390625,0.0,0,0
1772214081.8973792,1772214081.837369,304.19921875,37.109375,24.90234375,-184.08203125,0.0,0,0
1772214081.8974369,1772214081.8412676,-653.80859375,24.4140625,138.18359375,-55.6640625,0.0,0,0
1772214081.89748,1772214081.8451662,-518.06640625,39.55078125,179.6875,42.96875,0.0,0,0
1772214081.8976169,1772214081.8490648,274.90234375,55.17578125,92.28515625,-9.765625,0.0,0,0
1772214081.8976588,1772214081.8529634,728.515625,45.41015625,-18.06640625,-144.53125,0.0,0,0
1772214081.897693,1772214081.856862,454.1015625,42.96875,-43.45703125,-206.54296875,0.0,0,0
1772214081.897724,1772214081.8607607,-645.5078125,19.53125,30.76171875,-101.5625,0.0,0,0
1772214081.89779,1772214081.8646593,-627.9296875,17.08984375,45.8984375,30.2734375,0.0,0,0
1772214081.897831,1772214081.868558,63.96484375,33.203125,-45.41015625,5.37109375,0.0,0,0
1772214081.897863,1772214081.8724566,619.62890625,42.48046875,-156.25,-168.45703125,0.0,0,0
1772214081.897894,1772214081.8763552,492.1875,49.31640625,-173.828125,-241.69921875,0.0,0,0
1772214081.8979242,1772214081.8802538,-625.48828125,8.30078125,-71.77734375,-114.74609375,0.0,0,0
1772214081.9563289,1772214081.8841987,-763.671875,4.39453125,-66.40625,27.83203125,0.0,0,0
1772214081.956461,1772214081.8880973,-114.74609375,23.4375,-131.8359375,24.90234375,0.0,0,0
1772214081.9565032,1772214081.891996,561.03515625,8.7890625,-183.10546875,-124.51171875,0.0,0,0
1772214081.956544,1772214081.8958945,504.39453125,3.90625,-197.75390625,-216.30859375,0.0,0,0
1772214081.9565818,1772214081.8997931,-490.72265625,-9.27734375,-135.7421875,-120.1171875,0.0,0,0
1772214081.95662,1772214081.9036918,-819.82421875,-9.27734375,-106.93359375,26.3671875,0.0,0,0
1772214081.956661,1772214081.9075904,-168.9453125,-27.83203125,-106.93359375,56.15234375,0.0,0,0
1772214081.956699,1772214081.911489,635.7421875,-6.8359375,-138.18359375,-86.9140625,0.0,0,0
1772214081.956736,1772214081.9153876,546.875,-3.90625,-135.25390625,-189.94140625,0.0,0,0
1772214081.956775,1772214081.9192863,-194.82421875,-35.15625,-36.62109375,-111.81640625,0.0,0,0
1772214081.956819,1772214081.9231849,-785.15625,-17.578125,18.5546875,28.3203125,0.0,0,0
1772214081.956856,1772214081.9270835,-295.41015625,14.6484375,-74.21875,68.359375,0.0,0,0
1772214082.002163,1772214081.9310796,729.98046875,32.2265625,-189.453125,-58.10546875,0.0,0,0
1772214082.002252,1772214081.9349782,667.96875,18.5546875,-170.41015625,-167.96875,0.0,0,0
1772214082.002304,1772214081.938877,175.29296875,-1.953125,-56.640625,-109.375,0.0,0,0
1772214082.00236,1772214081.9427757,-649.90234375,-10.7421875,27.83203125,31.73828125,0.0,0,0
1772214082.002412,1772214081.9466743,-364.2578125,22.4609375,7.32421875,102.5390625,0.0,0,0
1772214082.0025222,1772214081.950573,834.47265625,56.15234375,-101.5625,7.32421875,0.0,0,0
1772214082.0026119,1772214081.9544716,729.4921875,44.43359375,-92.7734375,-116.2109375,0.0,0,0
1772214082.0026722,1772214081.9583702,369.140625,28.3203125,-35.64453125,-94.23828125,0.0,0,0
1772214082.0027342,1772214081.9622688,-462.40234375,1.46484375,8.7890625,56.640625,0.0,0,0
1772214082.002787,1772214081.9661674,-389.16015625,-6.8359375,100.09765625,144.53125,0.0,0,0
1772214082.00284,1772214081.9700663,833.984375,47.8515625,56.640625,53.22265625,0.0,0,0
1772214082.002955,1772214081.973965,823.73046875,41.50390625,-30.76171875,-72.265625,0.0,0,0
1772214082.048012,1772214081.9779572,606.4453125,11.23046875,-14.6484375,-63.96484375,0.0,0,0
1772214082.0481422,1772214081.9818559,-253.41796875,18.06640625,69.3359375,95.703125,0.0,0,0
1772214082.048202,1772214081.9857547,-556.15234375,30.2734375,61.5234375,199.21875,0.0,0,0
1772214082.048259,1772214081.9896533,476.5625,47.36328125,-18.06640625,107.421875,0.0,0,0
1772214082.048312,1772214081.993552,843.26171875,56.15234375,-46.875,-30.76171875,0.0,0,0
1772214082.048365,1772214081.9974506,422.8515625,37.109375,-43.45703125,-40.0390625,0.0,0,0
1772214082.048416,1772214082.0013492,-531.73828125,6.34765625,-8.7890625,105.95703125,0.0,0,0
1772214082.048467,1772214082.0052478,-573.2421875,27.34375,30.76171875,225.5859375,0.0,0,0
1772214082.048519,1772214082.0091467,247.55859375,37.59765625,11.71875,170.8984375,0.0,0,0
1772214082.0485692,1772214082.0130453,759.27734375,40.52734375,9.765625,42.96875,0.0,0,0
1772214082.048619,1772214082.016944,625.0,64.453125,32.71484375,26.3671875,0.0,0,0
1772214082.0486689,1772214082.0208426,-478.515625,20.99609375,48.33984375,157.2265625,0.0,0,0
1772214082.092066,1772214082.0248277,-663.0859375,-3.41796875,57.12890625,261.23046875,0.0,0,0
1772214082.092179,1772214082.0287263,246.09375,10.7421875,1.953125,226.5625,0.0,0,0
1772214082.0922198,1772214082.032625,750.48828125,24.4140625,-20.5078125,91.796875,0.0,0,0
1772214082.092264,1772214082.0365236,782.71484375,20.5078125,42.48046875,41.015625,0.0,0,0
1772214082.0923011,1772214082.0404222,-213.8671875,0.9765625,114.2578125,168.9453125,0.0,0,0
1772214082.09234,1772214082.044321,-718.26171875,22.4609375,64.453125,297.8515625,0.0,0,0
1772214082.092381,1772214082.0482197,216.30859375,31.73828125,-23.4375,294.921875,0.0,0,0
1772214082.092424,1772214082.0521183,800.78125,11.23046875,-33.203125,177.734375,0.0,0,0
1772214082.09247,1772214082.056017,700.68359375,-26.3671875,-70.80078125,93.75,0.0,0,0
1772214082.0925062,1772214082.0599155,-210.44921875,-65.91796875,-104.4921875,165.0390625,0.0,0,0
1772214082.0925639,1772214082.0638144,-827.1484375,-54.6875,-72.75390625,287.109375,0.0,0,0
1772214082.092604,1772214082.067713,-209.47265625,-30.2734375,-37.59765625,317.87109375,0.0,0,0
1772214082.137033,1772214082.0716906,595.703125,-19.53125,-98.14453125,202.1484375,0.0,0,0
1772214082.137171,1772214082.0755892,640.625,-20.99609375,-198.2421875,87.40234375,0.0,0,0
1772214082.137213,1772214082.0794878,-123.53515625,-41.9921875,-102.5390625,158.69140625,0.0,0,0
1772214082.137408,1772214082.0833867,-827.63671875,-46.875,87.890625,303.7109375,0.0,0,0
1772214082.137453,1772214082.0872853,-431.640625,-24.4140625,117.1875,330.078125,0.0,0,0
1772214082.137491,1772214082.091184,603.515625,5.37109375,49.8046875,219.23828125,0.0,0,0
1772214082.1375282,1772214082.0950825,630.37109375,2.44140625,32.71484375,108.3984375,0.0,0,0
1772214082.1375659,1772214082.0989811,-72.265625,-33.203125,75.68359375,147.94921875,0.0,0,0
1772214082.137603,1772214082.10288,-765.625,-40.52734375,119.62890625,275.87890625,0.0,0,0
1772214082.13764,1772214082.1067786,-597.65625,-9.27734375,53.7109375,321.2890625,0.0,0,0
1772214082.137677,1772214082.1106772,533.203125,30.76171875,-79.1015625,225.5859375,0.0,0,0
1772214082.137713,1772214082.1145759,732.421875,27.83203125,-98.6328125,121.58203125,0.0,0,0
1772214082.197218,1772214082.1185472,181.640625,4.39453125,-1.953125,160.15625,0.0,0,0
1772214082.197336,1772214082.1224458,-598.14453125,6.8359375,16.6015625,298.33984375,0.0,0,0
1772214082.197393,1772214082.1263444,-622.0703125,33.69140625,-20.01953125,373.53515625,0.0,0,0
1772214082.1974468,1772214082.130243,495.60546875,74.21875,-61.5234375,291.50390625,0.0,0,0
1772214082.1975,1772214082.134142,804.6875,70.3125,-70.3125,160.64453125,0.0,0,0
1772214082.19755,1772214082.1380405,361.328125,62.5,40.0390625,157.71484375,0.0,0,0
1772214082.197601,1772214082.1419392,-496.58203125,44.921875,129.39453125,303.7109375,0.0,0,0
1772214082.197653,1772214082.1458378,-628.41796875,6.8359375,136.71875,396.484375,0.0,0,0
1772214082.197705,1772214082.1497366,407.71484375,55.17578125,103.515625,306.15234375,0.0,0,0
1772214082.1977558,1772214082.1536353,852.05078125,101.5625,87.890625,176.26953125,0.0,0,0
1772214082.1978061,1772214082.157534,531.25,79.58984375,79.58984375,145.5078125,0.0,0,0
1772214082.197855,1772214082.1614327,-410.15625,40.52734375,79.58984375,235.83984375,0.0,0,0
1772214082.240145,1772214082.1653957,-635.25390625,28.80859375,64.453125,325.68359375,0.0,0,0
1772214082.240273,1772214082.1692946,282.2265625,66.40625,-16.11328125,270.01953125,0.0,0,0
1772214082.240316,1772214082.1731932,831.0546875,83.984375,-75.68359375,127.9296875,0.0,0,0
1772214082.240355,1772214082.1770918,681.15234375,56.15234375,-64.453125,73.2421875,0.0,0,0
1772214082.2403939,1772214082.1809907,-366.69921875,30.2734375,12.20703125,175.29296875,0.0,0,0
1772214082.240434,1772214082.1848893,-686.03515625,49.8046875,41.50390625,284.1796875,0.0,0,0
1772214082.240472,1772214082.188788,32.71484375,25.87890625,1.953125,255.37109375,0.0,0,0
1772214082.2405078,1772214082.1926868,663.57421875,17.578125,-16.11328125,116.69921875,0.0,0,0
1772214082.240545,1772214082.1965854,698.73046875,51.26953125,-8.7890625,28.80859375,0.0,0,0
1772214082.240581,1772214082.200484,-379.39453125,11.71875,61.5234375,108.88671875,0.0,0,0
1772214082.240627,1772214082.204383,-752.9296875,9.765625,111.81640625,223.6328125,0.0,0,0
1772214082.240683,1772214082.2082815,-87.890625,44.921875,49.8046875,208.49609375,0.0,0,0
1772214082.285203,1772214082.2122326,616.2109375,62.98828125,-3.41796875,69.3359375,0.0,0,0
1772214082.285314,1772214082.2161312,614.74609375,49.8046875,-49.31640625,-31.25,0.0,0,0
1772214082.285342,1772214082.22003,-438.96484375,20.99609375,-55.17578125,35.15625,0.0,0,0
1772214082.285367,1772214082.2239287,-841.30859375,53.22265625,-25.87890625,160.64453125,0.0,0,0
1772214082.285402,1772214082.2278273,-264.6484375,83.984375,-5.859375,187.98828125,0.0,0,0
1772214082.285426,1772214082.2317262,569.3359375,85.44921875,100.09765625,71.77734375,0.0,0,0
1772214082.285451,1772214082.2356248,565.4296875,55.17578125,45.8984375,-54.6875,0.0,0,0
1772214082.285475,1772214082.2395234,-352.05078125,28.80859375,101.07421875,-5.859375,0.0,0,0
1772214082.285501,1772214082.2434223,-836.42578125,40.0390625,249.0234375,124.0234375,0.0,0,0
1772214082.285525,1772214082.247321,-450.68359375,69.3359375,147.94921875,153.3203125,0.0,0,0
1772214082.285553,1772214082.2512195,485.83984375,102.5390625,71.77734375,45.8984375,0.0,0,0
1772214082.285577,1772214082.2551184,649.90234375,116.69921875,28.3203125,-83.0078125,0.0,0,0
1772214082.33122,1772214082.259062,-147.4609375,76.66015625,22.94921875,-63.4765625,0.0,0,0
1772214082.33133,1772214082.262961,-831.0546875,32.71484375,-16.6015625,76.66015625,0.0,0,0
1772214082.331358,1772214082.2668595,-663.57421875,35.64453125,-44.921875,147.94921875,0.0,0,0
1772214082.331383,1772214082.2707582,422.8515625,60.546875,-62.01171875,36.1328125,0.0,0,0
1772214082.331407,1772214082.274657,677.734375,60.546875,-98.6328125,-83.49609375,0.0,0,0
1772214082.331433,1772214082.2785556,-8.7890625,34.66796875,-90.8203125,-54.6875,0.0,0,0
1772214082.3314612,1772214082.2824543,-687.5,29.296875,-89.84375,61.03515625,0.0,0,0
1772214082.331488,1772214082.286353,-742.67578125,60.546875,-117.67578125,136.71875,0.0,0,0
1772214082.3315158,1772214082.2902517,324.21875,70.3125,-67.3828125,43.9453125,0.0,0,0
1772214082.331543,1772214082.2941506,751.46484375,64.453125,42.48046875,-112.3046875,0.0,0,0
1772214082.33157,1772214082.2980492,153.3203125,93.75,80.078125,-135.7421875,0.0,0,0
1772214082.3315961,1772214082.3019478,-576.171875,94.23828125,140.13671875,-5.859375,0.0,0,0
1772214082.3769128,1772214082.3059487,-782.2265625,79.58984375,229.00390625,78.125,0.0,0,0
1772214082.3769999,1772214082.3098474,111.328125,127.44140625,161.62109375,-7.32421875,0.0,0,0
1772214082.377033,1772214082.3137462,769.53125,126.46484375,83.0078125,-123.53515625,0.0,0,0
1772214082.377082,1772214082.3176448,284.66796875,107.91015625,91.30859375,-141.6015625,0.0,0,0
1772214082.37712,1772214082.3215437,-578.125,123.53515625,166.015625,-29.296875,0.0,0,0
1772214082.377146,1772214082.3254423,-694.3359375,137.20703125,152.83203125,71.2890625,0.0,0,0
1772214082.377171,1772214082.329341,46.38671875,144.53125,12.6953125,-10.25390625,0.0,0,0
1772214082.3771951,1772214082.3332398,735.83984375,104.98046875,-91.796875,-136.71875,0.0,0,0
1772214082.3772202,1772214082.3371384,548.33984375,77.63671875,-124.0234375,-157.2265625,0.0,0,0
1772214082.377244,1772214082.3410373,-486.328125,100.5859375,-13.671875,-69.3359375,0.0,0,0
1772214082.377268,1772214082.344936,-720.21484375,158.69140625,65.4296875,51.26953125,0.0,0,0
1772214082.377292,1772214082.3488345,-153.3203125,184.08203125,20.99609375,1.46484375,0.0,0,0
1772214082.4210181,1772214082.3528259,587.40234375,163.57421875,-131.34765625,-165.0390625,0.0,0,0
1772214082.421105,1772214082.3567247,547.8515625,161.1328125,-233.3984375,-240.234375,0.0,0,0
1772214082.421133,1772214082.3606234,-542.48046875,145.99609375,-194.82421875,-136.23046875,0.0,0,0
1772214082.4211578,1772214082.3645222,-809.5703125,173.33984375,-179.6875,-16.6015625,0.0,0,0
1772214082.421182,1772214082.3684208,-500.48828125,184.08203125,-251.46484375,-22.94921875,0.0,0,0
1772214082.421206,1772214082.3723197,359.86328125,166.9921875,-385.7421875,-155.76171875,0.0,0,0
1772214082.421233,1772214082.3762183,508.7890625,183.10546875,-481.93359375,-282.2265625,0.0,0,0
1772214082.421257,1772214082.380117,-612.79296875,187.5,-436.5234375,-214.84375,0.0,0,0
1772214082.421283,1772214082.3840158,-838.8671875,196.77734375,-270.99609375,-55.17578125,0.0,0,0
1772214082.4213061,1772214082.3879144,-399.4140625,219.7265625,-203.61328125,-35.64453125,0.0,0,0
1772214082.42133,1772214082.3918133,453.125,255.37109375,-123.046875,-180.6640625,0.0,0,0
1772214082.4213529,1772214082.395712,602.5390625,256.34765625,-137.6953125,-282.71484375,0.0,0,0
1772214082.4985979,1772214082.399757,-412.109375,218.26171875,-223.14453125,-191.40625,0.0,0,0
1772214082.498726,1772214082.4036558,-853.02734375,214.84375,-157.71484375,-23.92578125,0.0,0,0
1772214082.498754,1772214082.4075544,-392.08984375,241.2109375,-146.484375,20.5078125,0.0,0,0
1772214082.4987788,1772214082.4114532,472.16796875,246.58203125,-216.30859375,-90.33203125,0.0,0,0
1772214082.498805,1772214082.4153519,685.546875,230.46875,-220.703125,-211.42578125,0.0,0,0
1772214082.4988291,1772214082.4192507,42.96875,217.28515625,-202.63671875,-187.01171875,0.0,0,0
1772214082.4988532,1772214082.4231493,-710.9375,208.984375,-181.15234375,-62.98828125,0.0,0,0
1772214082.4992352,1772214082.4270482,-474.12109375,228.515625,-227.05078125,-4.39453125,0.0,0,0
1772214082.4992871,1772214082.4309468,549.8046875,233.88671875,-269.04296875,-100.09765625,0.0,0,0
1772214082.4993122,1772214082.4348457,758.30078125,218.26171875,-262.6953125,-229.4921875,0.0,0,0
1772214082.499336,1772214082.4387443,313.96484375,213.8671875,-169.921875,-212.40234375,0.0,0,0
1772214082.499361,1772214082.4426432,-579.58984375,188.4765625,-136.71875,-89.84375,0.0,0,0
1772214082.512198,1772214082.4466243,-563.96484375,175.29296875,-111.81640625,-20.01953125,0.0,0,0
1772214082.512314,1772214082.4505231,558.10546875,198.73046875,21.484375,-80.56640625,0.0,0,0
1772214082.512342,1772214082.4544218,837.40234375,204.58984375,104.4921875,-195.3125,0.0,0,0
1772214082.5123682,1772214082.4583206,579.1015625,192.3828125,181.15234375,-187.5,0.0,0,0
1772214082.512395,1772214082.4622195,-392.578125,188.96484375,237.3046875,-66.89453125,0.0,0,0
1772214082.5124218,1772214082.466118,-582.51953125,187.98828125,248.046875,13.18359375,0.0,0,0
1772214082.512448,1772214082.470017,555.6640625,193.359375,220.703125,-23.92578125,0.0,0,0
1772214082.5124722,1772214082.4739156,872.0703125,202.63671875,156.25,-134.765625,0.0,0,0
1772214082.5124962,1772214082.4778144,789.55078125,188.96484375,121.58203125,-166.9921875,0.0,0,0
1772214082.5125198,1772214082.481713,-226.07421875,152.83203125,111.81640625,-50.78125,0.0,0,0
1772214082.512544,1772214082.485612,-572.75390625,150.390625,124.0234375,62.98828125,0.0,0,0
1772214082.512568,1772214082.4895105,589.35546875,158.69140625,123.046875,41.015625,0.0,0,0
1772214082.555983,1772214082.49348,908.203125,150.87890625,56.15234375,-64.453125,0.0,0,0
1772214082.556098,1772214082.4973786,975.5859375,141.11328125,-51.7578125,-83.984375,0.0,0,0
1772214082.556125,1772214082.5012774,-87.890625,118.65234375,-142.578125,-31.25,0.0,0,0
1772214082.55615,1772214082.505176,-621.58203125,125.9765625,-123.53515625,51.26953125,0.0,0,0
1772214082.556175,1772214082.509075,537.59765625,156.25,-36.1328125,116.2109375,0.0,0,0
1772214082.5561988,1772214082.5129735,880.859375,175.29296875,-27.83203125,72.265625,0.0,0,0
1772214082.556223,1772214082.5168724,-943.359375,177.734375,-84.9609375,16.6015625,0.0,0,0
1772214082.556247,1772214082.5207713,72.265625,125.0,-104.98046875,37.59765625,0.0,0,0
1772214082.556274,1772214082.52467,-755.37109375,85.9375,-98.14453125,109.86328125,0.0,0,0
1772214082.556298,1772214082.5285687,183.10546875,100.5859375,-158.203125,131.8359375,0.0,0,0
1772214082.556323,1772214082.5324674,773.4375,133.7890625,-130.859375,45.41015625,0.0,0,0
1772214082.556347,1772214082.5363662,953.61328125,121.09375,-17.08984375,-15.625,0.0,0,0
1772214082.60115,1772214082.540325,-21.97265625,95.703125,-70.3125,-13.18359375,0.0,0,0
1772214082.601265,1772214082.5442235,-802.24609375,124.0234375,-112.3046875,56.15234375,0.0,0,0
1772214082.601293,1772214082.5481224,88.8671875,174.8046875,-38.0859375,97.65625,0.0,0,0
1772214082.601318,1772214082.5520213,729.98046875,210.44921875,54.19921875,38.57421875,0.0,0,0
1772214082.601368,1772214082.55592,980.46875,213.8671875,89.35546875,-30.2734375,0.0,0,0
1772214082.601409,1772214082.5598187,217.28515625,186.03515625,32.2265625,-31.25,0.0,0,0
1772214082.601436,1772214082.5637174,-842.7734375,143.5546875,-27.83203125,29.78515625,0.0,0,0
1772214082.601461,1772214082.5676162,-39.0625,147.4609375,-59.5703125,58.59375,0.0,0,0
1772214082.601485,1772214082.571515,760.25390625,218.75,-30.2734375,15.625,0.0,0,0
1772214082.601509,1772214082.5754137,983.3984375,250.48828125,-7.32421875,-67.87109375,0.0,0,0
1772214082.601534,1772214082.5793126,619.140625,225.5859375,-25.87890625,-63.96484375,0.0,0,0
1772214082.601558,1772214082.5832112,-697.265625,194.3359375,-30.76171875,0.48828125,0.0,0,0
1772214082.6598039,1772214082.5871623,-129.39453125,228.02734375,-0.48828125,44.43359375,0.0,0,0
1772214082.659911,1772214082.591061,873.53515625,261.71875,1.46484375,35.15625,0.0,0,0
1772214082.6599429,1772214082.5949597,944.3359375,237.3046875,-11.23046875,-41.015625,0.0,0,0
1772214082.659969,1772214082.5988586,857.91015625,198.73046875,83.0078125,-54.19921875,0.0,0,0
1772214082.6599941,1772214082.6027572,-484.86328125,195.80078125,125.9765625,-5.859375,0.0,0,0
1772214082.660019,1772214082.606656,-283.203125,229.98046875,96.19140625,44.921875,0.0,0,0
1772214082.660044,1772214082.610555,845.21484375,261.71875,82.51953125,47.36328125,0.0,0,0
1772214082.660068,1772214082.6144536,934.5703125,270.99609375,129.8828125,-34.66796875,0.0,0,0
1772214082.6600928,1772214082.6183524,-972.65625,220.703125,191.89453125,-47.36328125,0.0,0,0
1772214082.660118,1772214082.6222513,-334.9609375,182.12890625,145.99609375,-24.90234375,0.0,0,0
1772214082.6601422,1772214082.62615,-399.90234375,223.14453125,103.02734375,-1.953125,0.0,0,0
1772214082.660167,1772214082.6300488,916.9921875,270.01953125,128.41796875,20.01953125,0.0,0,0
1772214082.706269,1772214082.6340506,909.1796875,272.94921875,120.60546875,-31.73828125,0.0,0,0
1772214082.706361,1772214082.6379495,-874.51171875,254.39453125,104.00390625,-71.2890625,0.0,0,0
1772214082.706389,1772214082.641848,-70.3125,197.265625,60.546875,-78.125,0.0,0,0
1772214082.7064152,1772214082.645747,-361.81640625,173.828125,62.01171875,-53.22265625,0.0,0,0
1772214082.706478,1772214082.6496458,-985.3515625,179.19921875,184.5703125,-32.2265625,0.0,0,0
1772214082.706513,1772214082.6535444,916.015625,154.296875,291.015625,-70.80078125,0.0,0,0
1772214082.7065442,1772214082.6574433,-868.1640625,124.0234375,288.57421875,-112.79296875,0.0,0,0
1772214082.706569,1772214082.6613421,29.78515625,82.51953125,205.078125,-144.04296875,0.0,0,0
1772214082.706593,1772214082.6652408,-285.15625,93.75,199.21875,-113.28125,0.0,0,0
1772214082.7066162,1772214082.6691396,-938.4765625,149.4140625,315.4296875,-72.265625,0.0,0,0
1772214082.7066398,1772214082.6730385,904.78515625,171.38671875,382.8125,-107.91015625,0.0,0,0
1772214082.7066638,1772214082.676937,-872.55859375,124.0234375,312.01171875,-187.5,0.0,0,0
1772214082.795039,1772214082.6810496,119.62890625,36.1328125,183.10546875,-252.9296875,0.0,0,0
1772214082.795159,1772214082.6849484,-596.19140625,43.45703125,52.24609375,-230.95703125,0.0,0,0
1772214082.795273,1772214082.688847,729.00390625,147.4609375,-79.1015625,-194.3359375,0.0,0,0
1772214082.7953222,1772214082.692746,935.546875,166.50390625,-101.5625,-212.40234375,0.0,0,0
1772214082.795375,1772214082.6966448,-892.08984375,85.44921875,32.2265625,-270.5078125,0.0,0,0
1772214082.795404,1772214082.7005436,202.1484375,23.4375,153.3203125,-313.4765625,0.0,0,0
1772214082.79546,1772214082.7044423,-765.625,46.38671875,165.52734375,-265.625,0.0,0,0
1772214082.795507,1772214082.7083411,266.6015625,99.12109375,232.421875,-199.70703125,0.0,0,0
1772214082.795582,1772214082.71224,850.09765625,87.40234375,319.82421875,-202.63671875,0.0,0,0
1772214082.795625,1772214082.7161388,874.0234375,42.48046875,315.91796875,-235.3515625,0.0,0,0
1772214082.7956538,1772214082.7200377,-52.24609375,40.0390625,292.48046875,-306.15234375,0.0,0,0
1772214082.795698,1772214082.7239363,-951.66015625,59.5703125,240.234375,-307.12890625,0.0,0,0
1772214082.796382,1772214082.7279294,-356.4453125,70.3125,167.48046875,-202.1484375,0.0,0,0
1772214082.7964659,1772214082.7318282,577.63671875,149.4140625,43.9453125,-187.98828125,0.0,0,0
1772214082.796501,1772214082.735727,957.03125,203.61328125,1.953125,-273.92578125,0.0,0,0
1772214082.7965262,1772214082.739626,193.84765625,174.31640625,146.484375,-279.78515625,0.0,0,0
1772214082.796553,1772214082.7435246,-920.41015625,157.2265625,245.60546875,-238.28125,0.0,0,0
1772214082.7965991,1772214082.7474234,-353.02734375,195.3125,363.76953125,-194.3359375,0.0,0,0
1772214082.7966452,1772214082.7513223,666.015625,214.35546875,511.71875,-152.83203125,0.0,0,0
1772214082.7966762,1772214082.7552211,993.65234375,188.4765625,556.640625,-184.08203125,0.0,0,0
1772214082.796705,1772214082.75912,391.6015625,140.625,500.0,-206.54296875,0.0,0,0
1772214082.796743,1772214082.7630188,-852.5390625,104.98046875,474.12109375,-199.70703125,0.0,0,0
1772214082.796768,1772214082.7669175,-684.5703125,88.37890625,482.91015625,-168.9453125,0.0,0,0
1772214082.796889,1772214082.7708163,464.35546875,166.9921875,533.203125,-104.4921875,0.0,0,0
1772214082.84165,1772214082.7747977,926.26953125,221.6796875,531.73828125,-118.65234375,0.0,0,0
1772214082.8418,1772214082.7786965,292.96875,165.0390625,446.77734375,-178.22265625,0.0,0,0
1772214082.84185,1772214082.7825952,-744.140625,104.98046875,398.4375,-189.94140625,0.0,0,0
1772214082.8418891,1772214082.786494,-989.74609375,110.83984375,375.0,-151.85546875,0.0,0,0
1772214082.841929,1772214082.7903929,63.96484375,147.4609375,405.76171875,-98.6328125,0.0,0,0
1772214082.841967,1772214082.7942917,-992.1875,190.4296875,431.15234375,-86.42578125,0.0,0,0
1772214082.84201,1772214082.7981906,515.13671875,168.45703125,387.20703125,-107.91015625,0.0,0,0
1772214082.842054,1772214082.8020895,-599.12109375,79.1015625,215.33203125,-166.9921875,0.0,0,0
1772214082.842092,1772214082.8059883,-1000.0,27.83203125,96.6796875,-180.6640625,0.0,0,0
1772214082.8421319,1772214082.809887,-72.75390625,85.9375,169.921875,-111.328125,0.0,0,0
1772214082.842169,1772214082.8137858,939.453125,150.87890625,125.0,-108.88671875,0.0,0,0
1772214082.842207,1772214082.8176847,451.66015625,124.51171875,-66.89453125,-165.0390625,0.0,0,0
1772214082.8866508,1772214082.8216574,-524.4140625,63.96484375,-96.6796875,-162.109375,0.0,0,0
1772214082.88677,1772214082.825556,-1000.0,79.1015625,64.94140625,-133.30078125,0.0,0,0
1772214082.886833,1772214082.829455,-357.421875,172.36328125,216.796875,-91.30859375,0.0,0,0
1772214082.88689,1772214082.8333538,889.6484375,191.89453125,252.44140625,-71.77734375,0.0,0,0
1772214082.886945,1772214082.8372526,583.49609375,160.64453125,160.15625,-110.3515625,0.0,0,0
1772214082.886996,1772214082.8411515,-500.9765625,121.09375,-16.6015625,-166.50390625,0.0,0,0
1772214082.887058,1772214082.8450503,-1000.0,86.9140625,-54.6875,-157.2265625,0.0,0,0
1772214082.887112,1772214082.8489492,-620.1171875,98.6328125,134.765625,-97.16796875,0.0,0,0
1772214082.887163,1772214082.852848,666.015625,134.765625,309.08203125,-48.33984375,0.0,0,0
1772214082.8872142,1772214082.856747,718.75,158.69140625,254.39453125,-45.8984375,0.0,0,0
1772214082.887275,1772214082.8606458,-433.59375,130.859375,67.87109375,-105.46875,0.0,0,0
1772214082.887327,1772214082.8645444,-1000.0,123.046875,-88.37890625,-102.05078125,0.0,0,0
1772214082.931659,1772214082.868511,-739.2578125,131.8359375,-167.48046875,-40.0390625,0.0,0,0
1772214082.931797,1772214082.8724096,480.95703125,158.69140625,14.16015625,5.859375,0.0,0,0
1772214082.9318411,1772214082.8763084,862.79296875,122.55859375,137.20703125,-6.8359375,0.0,0,0
1772214082.931881,1772214082.8802073,-260.7421875,28.3203125,29.296875,-58.59375,0.0,0,0
1772214082.931919,1772214082.8841062,-1000.0,20.5078125,-30.76171875,-55.17578125,0.0,0,0
1772214082.931957,1772214082.888005,-727.5390625,100.5859375,4.8828125,-29.296875,0.0,0,0
1772214082.9319942,1772214082.8919039,399.90234375,145.5078125,105.95703125,8.30078125,0.0,0,0
1772214082.932032,1772214082.8958027,871.09375,85.9375,201.66015625,1.953125,0.0,0,0
1772214082.932089,1772214082.8997016,-169.921875,31.73828125,243.1640625,-43.9453125,0.0,0,0
1772214082.932137,1772214082.9036005,-990.72265625,25.87890625,287.109375,-49.8046875,0.0,0,0
1772214082.932193,1772214082.9074993,-978.02734375,50.29296875,250.48828125,-22.94921875,0.0,0,0
1772214082.93223,1772214082.9113982,109.86328125,84.9609375,162.109375,22.4609375,0.0,0,0
1772214082.976189,1772214082.9153562,914.0625,73.2421875,93.75,39.0625,0.0,0,0
1772214082.976298,1772214082.919255,-19.04296875,-6.34765625,-143.5546875,7.8125,0.0,0,0
1772214082.976344,1772214082.9231539,-937.01171875,-6.34765625,-328.125,-23.4375,0.0,0,0
1772214082.976398,1772214082.9270527,-893.06640625,74.21875,-275.87890625,22.94921875,0.0,0,0
1772214082.976425,1772214082.9309516,177.734375,124.51171875,-206.0546875,65.4296875,0.0,0,0
1772214082.97645,1772214082.9348505,925.78125,116.2109375,-211.9140625,35.64453125,0.0,0,0
1772214082.9764748,1772214082.9387493,111.328125,30.2734375,-270.99609375,5.37109375,0.0,0,0
1772214082.9764988,1772214082.9426482,-815.4296875,-2.44140625,-291.50390625,-37.109375,0.0,0,0
1772214082.976524,1772214082.946547,-1000.0,63.4765625,-128.41796875,-15.625,0.0,0,0
1772214082.9765482,1772214082.950446,-109.375,122.55859375,9.765625,95.21484375,0.0,0,0
1772214082.9765718,1772214082.9543447,908.69140625,126.46484375,43.9453125,153.80859375,0.0,0,0
1772214082.9765959,1772214082.9582434,191.40625,94.23828125,70.3125,138.18359375,0.0,0,0
1772214083.03632,1772214082.9621947,-674.31640625,61.5234375,49.31640625,96.19140625,0.0,0,0
1772214083.036436,1772214082.9660935,-1000.0,55.6640625,53.22265625,118.65234375,0.0,0,0
1772214083.036465,1772214082.9699924,-403.3203125,112.79296875,21.97265625,184.08203125,0.0,0,0
1772214083.036492,1772214082.9738913,872.0703125,148.4375,-25.390625,216.796875,0.0,0,0
1772214083.0365188,1772214082.97779,241.2109375,129.8828125,-116.69921875,205.078125,0.0,0,0
1772214083.036544,1772214082.981689,-711.42578125,107.91015625,-163.0859375,107.421875,0.0,0,0
1772214083.0365682,1772214082.9855878,-1000.0,136.23046875,-67.3828125,59.5703125,0.0,0,0
1772214083.0365922,1772214082.9894867,-707.51953125,163.0859375,51.26953125,105.95703125,0.0,0,0
1772214083.0366158,1772214082.9933856,554.19921875,161.62109375,9.27734375,123.53515625,0.0,0,0
1772214083.03664,1772214082.9972844,150.390625,158.203125,-26.3671875,104.4921875,0.0,0,0
1772214083.036663,1772214083.0011833,-808.10546875,130.859375,-25.390625,38.57421875,0.0,0,0
1772214083.0366871,1772214083.0050821,-1000.0,148.4375,62.01171875,-0.9765625,0.0,0,0
1772214083.09584,1772214083.0090854,-970.21484375,209.47265625,236.81640625,26.3671875,0.0,0,0
1772214083.095959,1772214083.0129843,280.2734375,237.79296875,376.46484375,64.94140625,0.0,0,0
1772214083.09599,1772214083.0168831,205.56640625,234.86328125,504.8828125,63.4765625,0.0,0,0
1772214083.096017,1772214083.020782,-873.53515625,234.375,495.60546875,12.20703125,0.0,0,0
1772214083.096043,1772214083.0246809,-966.30859375,226.07421875,470.21484375,-11.23046875,0.0,0,0
1772214083.0960698,1772214083.0285797,-1000.0,248.53515625,450.1953125,43.9453125,0.0,0,0
1772214083.096095,1772214083.0324786,108.3984375,255.859375,408.203125,109.375,0.0,0,0
1772214083.096119,1772214083.0363774,364.74609375,210.44921875,398.4375,101.07421875,0.0,0,0
1772214083.096143,1772214083.0402763,-854.00390625,168.45703125,378.41796875,51.7578125,0.0,0,0
1772214083.0961668,1772214083.0441751,-955.56640625,170.41015625,390.13671875,-10.25390625,0.0,0,0
1772214083.096192,1772214083.048074,-1000.0,204.58984375,392.08984375,-27.34375,0.0,0,0
1772214083.096215,1772214083.0519729,-42.96875,281.73828125,271.484375,42.96875,0.0,0,0
1772214083.126736,1772214083.0559669,422.8515625,262.20703125,226.07421875,69.82421875,0.0,0,0
1772214083.126828,1772214083.0598657,-844.7265625,209.9609375,382.8125,27.34375,0.0,0,0
1772214083.1268559,1772214083.0637646,-959.47265625,245.60546875,520.01953125,-6.34765625,0.0,0,0
1772214083.126882,1772214083.0676634,-1000.0,247.0703125,584.9609375,21.484375,0.0,0,0
1772214083.126909,1772214083.0715623,-124.51171875,257.32421875,676.26953125,77.63671875,0.0,0,0
1772214083.126935,1772214083.0754611,660.15625,250.48828125,725.09765625,66.89453125,0.0,0,0
1772214083.126959,1772214083.07936,-553.22265625,182.12890625,619.140625,19.04296875,0.0,0,0
1772214083.126983,1772214083.0832589,-966.30859375,126.953125,522.94921875,-15.625,0.0,0,0
1772214083.1270568,1772214083.087158,-1000.0,130.859375,522.94921875,28.80859375,0.0,0,0
1772214083.127112,1772214083.0910568,-190.4296875,192.3828125,560.546875,84.47265625,0.0,0,0
1772214083.127161,1772214083.0949557,716.30859375,181.15234375,555.17578125,89.35546875,0.0,0,0
1772214083.1272051,1772214083.0988545,-376.953125,126.953125,472.16796875,52.734375,0.0,0,0
1772214083.171155,1772214083.1028402,-933.10546875,104.4921875,386.23046875,-24.90234375,0.0,0,0
1772214083.171247,1772214083.106739,-1000.0,119.62890625,308.59375,-17.08984375,0.0,0,0
1772214083.171275,1772214083.110638,-201.171875,169.43359375,328.61328125,27.83203125,0.0,0,0
1772214083.171369,1772214083.114537,792.48046875,178.22265625,304.6875,47.8515625,0.0,0,0
1772214083.1713972,1772214083.1184359,-99.609375,138.671875,265.625,35.64453125,0.0,0,0
1772214083.171422,1772214083.1223347,-817.87109375,107.91015625,273.4375,-27.83203125,0.0,0,0
1772214083.171447,1772214083.1262336,-1000.0,94.23828125,316.89453125,-18.06640625,0.0,0,0
1772214083.171471,1772214083.1301324,-222.16796875,122.0703125,449.21875,41.015625,0.0,0,0
1772214083.171495,1772214083.1340313,884.27734375,142.578125,587.40234375,80.56640625,0.0,0,0
1772214083.171555,1772214083.1379302,386.71875,117.1875,544.921875,80.56640625,0.0,0,0
1772214083.1715982,1772214083.141829,-578.125,89.84375,421.875,11.71875,0.0,0,0
1772214083.171624,1772214083.1457279,-1000.0,90.33203125,404.78515625,9.765625,0.0,0,0
1772214083.2162051,1772214083.1497066,-156.25,128.90625,519.53125,82.03125,0.0,0,0
1772214083.21629,1772214083.1536055,866.69921875,126.46484375,565.91796875,117.67578125,0.0,0,0
1772214083.216318,1772214083.1575043,550.29296875,84.47265625,414.55078125,100.5859375,0.0,0,0
1772214083.216342,1772214083.1614034,-423.828125,52.24609375,305.6640625,51.26953125,0.0,0,0
1772214083.216367,1772214083.1653023,-1000.0,51.7578125,255.37109375,42.48046875,0.0,0,0
1772214083.2163908,1772214083.1692011,-288.0859375,75.68359375,250.9765625,77.1484375,0.0,0,0
1772214083.216415,1772214083.1731,801.26953125,80.56640625,279.78515625,124.0234375,0.0,0,0
1772214083.216439,1772214083.1769989,949.21875,73.2421875,218.75,140.625,0.0,0,0
1772214083.216463,1772214083.1808977,-141.11328125,53.22265625,93.75,79.58984375,0.0,0,0
1772214083.216486,1772214083.1847966,-867.67578125,31.73828125,61.5234375,75.1953125,0.0,0,0
1772214083.21651,1772214083.1886957,-21.484375,52.734375,138.671875,140.13671875,0.0,0,0
1772214083.216534,1772214083.1925945,782.71484375,60.546875,252.9296875,164.55078125,0.0,0,0
1772214083.2614589,1772214083.196565,998.53515625,48.33984375,296.38671875,133.30078125,0.0,0,0
1772214083.261583,1772214083.2004638,34.66796875,42.96875,209.47265625,78.125,0.0,0,0
1772214083.261638,1772214083.2043626,-896.484375,37.59765625,187.98828125,55.17578125,0.0,0,0
1772214083.261665,1772214083.2082615,-224.12109375,41.50390625,263.18359375,55.6640625,0.0,0,0
1772214083.2616909,1772214083.2121606,641.6015625,31.25,282.2265625,108.88671875,0.0,0,0
1772214083.261715,1772214083.2160594,-899.4140625,44.921875,308.10546875,87.890625,0.0,0,0
1772214083.261739,1772214083.2199583,239.2578125,31.25,282.2265625,-92.7734375,0.0,0,0
1772214083.261763,1772214083.2238572,-867.67578125,25.87890625,172.8515625,-166.50390625,0.0,0,0
1772214083.261787,1772214083.227756,-447.75390625,61.5234375,142.578125,-118.1640625,0.0,0,0
1772214083.261811,1772214083.231655,403.80859375,80.078125,217.7734375,-68.359375,0.0,0,0
1772214083.261835,1772214083.235554,-908.69140625,72.265625,262.6953125,-48.33984375,0.0,0,0
1772214083.261858,1772214083.2394528,652.83203125,39.55078125,219.23828125,-113.28125,0.0,0,0
1772214083.306099,1772214083.2434173,-630.859375,23.4375,160.15625,-172.36328125,0.0,0,0
1772214083.306224,1772214083.2473161,-311.03515625,19.04296875,168.45703125,-153.80859375,0.0,0,0
1772214083.306252,1772214083.2512152,668.45703125,9.765625,243.1640625,-87.40234375,0.0,0,0
1772214083.306313,1772214083.255114,-998.046875,23.4375,239.2578125,-97.16796875,0.0,0,0
1772214083.306348,1772214083.259013,877.44140625,14.16015625,171.38671875,-147.94921875,0.0,0,0
1772214083.306381,1772214083.2629118,-380.37109375,-33.69140625,200.1953125,-170.41015625,0.0,0,0
1772214083.306411,1772214083.2668107,-500.9765625,-53.7109375,187.01171875,-172.36328125,0.0,0,0
1772214083.306435,1772214083.2707098,581.54296875,-40.0390625,94.7265625,-129.8828125,0.0,0,0
1772214083.306465,1772214083.2746086,971.19140625,-20.99609375,65.4296875,-110.3515625,0.0,0,0
1772214083.3064902,1772214083.2785075,-994.140625,-43.45703125,64.94140625,-133.30078125,0.0,0,0
1772214083.306519,1772214083.2824063,-212.890625,-74.70703125,43.9453125,-168.9453125,0.0,0,0
1772214083.306543,1772214083.2863052,-482.421875,-31.25,71.2890625,-166.50390625,0.0,0,0
1772214083.385144,1772214083.2903788,693.84765625,20.99609375,130.37109375,-105.95703125,0.0,0,0
1772214083.385655,1772214083.2942777,936.03515625,12.20703125,126.953125,-56.640625,0.0,0,0
1772214083.386073,1772214083.2981768,-912.59765625,-17.08984375,149.90234375,-57.6171875,0.0,0,0
1772214083.386167,1772214083.3020756,-52.734375,-88.8671875,186.5234375,-99.609375,0.0,0,0
1772214083.3863318,1772214083.3059745,-598.14453125,-109.375,132.8125,-122.0703125,0.0,0,0
1772214083.386463,1772214083.3098733,666.015625,-47.8515625,133.7890625,-85.9375,0.0,0,0
1772214083.3866901,1772214083.3137724,935.546875,-59.5703125,187.01171875,-94.7265625,0.0,0,0
1772214083.38675,1772214083.3176713,-883.30078125,-99.609375,170.8984375,-150.87890625,0.0,0,0
1772214083.38683,1772214083.3215702,137.20703125,-95.703125,123.53515625,-179.6875,0.0,0,0
1772214083.386949,1772214083.3254693,-518.5546875,-56.640625,144.04296875,-171.875,0.0,0,0
1772214083.3870301,1772214083.329368,721.19140625,-20.99609375,208.0078125,-147.94921875,0.0,0,0
1772214083.3870761,1772214083.333267,939.94140625,-21.484375,247.0703125,-147.4609375,0.0,0,0
1772214083.4409149,1772214083.3372219,-899.4140625,6.34765625,245.1171875,-164.0625,0.0,0,0
1772214083.44101,1772214083.3411207,255.859375,-8.7890625,156.73828125,-204.1015625,0.0,0,0
1772214083.4410381,1772214083.3450196,-609.86328125,-12.20703125,96.6796875,-191.40625,0.0,0,0
1772214083.4410932,1772214083.3489187,433.59375,24.90234375,95.21484375,-142.578125,0.0,0,0
1772214083.4411352,1772214083.3528175,902.83203125,27.34375,123.046875,-122.0703125,0.0,0,0
1772214083.4411619,1772214083.3567164,-924.8046875,39.0625,135.25390625,-133.7890625,0.0,0,0
1772214083.4411871,1772214083.3606155,176.7578125,-6.8359375,28.80859375,-192.87109375,0.0,0,0
1772214083.441211,1772214083.3645144,-766.6015625,-41.015625,-85.9375,-245.60546875,0.0,0,0
1772214083.44125,1772214083.3684132,122.0703125,28.3203125,-142.08984375,-211.42578125,0.0,0,0
1772214083.4412758,1772214083.372312,784.66796875,67.3828125,-200.1953125,-129.8828125,0.0,0,0
1772214083.441301,1772214083.3762112,-925.29296875,76.171875,-181.640625,-131.8359375,0.0,0,0
1772214083.441325,1772214083.38011,402.34375,74.70703125,-127.9296875,-217.7734375,0.0,0,0
1772214083.456641,1772214083.384063,-671.38671875,58.59375,-155.2734375,-255.859375,0.0,0,0
1772214083.456788,1772214083.387962,-174.8046875,80.078125,-160.15625,-207.51953125,0.0,0,0
1772214083.4568179,1772214083.391861,641.11328125,99.609375,-101.07421875,-163.0859375,0.0,0,0
1772214083.456979,1772214083.3957598,955.56640625,110.3515625,-55.17578125,-165.0390625,0.0,0,0
1772214083.457011,1772214083.399659,332.51953125,101.07421875,-114.2578125,-173.828125,0.0,0,0
1772214083.457037,1772214083.4035578,-690.4296875,48.828125,-193.359375,-194.3359375,0.0,0,0
1772214083.457062,1772214083.4074566,-500.48828125,17.578125,-204.1015625,-196.2890625,0.0,0,0
1772214083.457088,1772214083.4113557,441.89453125,45.41015625,-155.2734375,-176.7578125,0.0,0,0
1772214083.4571478,1772214083.4152546,939.453125,55.6640625,-76.66015625,-176.26953125,0.0,0,0
1772214083.4571898,1772214083.4191535,539.55078125,55.6640625,-100.09765625,-164.0625,0.0,0,0
1772214083.457218,1772214083.4230525,-470.703125,69.82421875,-136.71875,-176.26953125,0.0,0,0
1772214083.457243,1772214083.4269514,-363.76953125,114.74609375,-120.1171875,-179.19921875,0.0,0,0
1772214083.5460238,1772214083.4311159,620.60546875,141.11328125,26.85546875,-137.20703125,0.0,0,0
1772214083.546131,1772214083.4350147,969.23828125,140.13671875,178.7109375,-100.5859375,0.0,0,0
1772214083.5461602,1772214083.4389138,684.08203125,117.1875,159.66796875,-137.6953125,0.0,0,0
1772214083.546185,1772214083.4428127,-406.25,82.51953125,94.7265625,-198.2421875,0.0,0,0
1772214083.5462122,1772214083.4467118,-520.99609375,99.12109375,88.8671875,-191.40625,0.0,0,0
1772214083.546247,1772214083.4506106,515.13671875,136.71875,93.26171875,-148.4375,0.0,0,0
1772214083.546273,1772214083.4545097,972.65625,138.18359375,86.9140625,-115.72265625,0.0,0,0
1772214083.546423,1772214083.4584086,903.80859375,139.6484375,67.87109375,-138.671875,0.0,0,0
1772214083.54645,1772214083.4623077,-94.23828125,103.02734375,40.52734375,-175.29296875,0.0,0,0
1772214083.546474,1772214083.4662066,-381.34765625,67.3828125,72.75390625,-161.62109375,0.0,0,0
1772214083.546499,1772214083.4701056,577.63671875,79.1015625,149.4140625,-120.60546875,0.0,0,0
1772214083.5465229,1772214083.4740045,938.4765625,50.29296875,98.6328125,-119.140625,0.0,0,0
1772214083.548436,1772214083.4779997,957.51953125,-17.578125,18.5546875,-140.13671875,0.0,0,0
1772214083.548501,1772214083.4818988,142.578125,-64.453125,14.6484375,-166.50390625,0.0,0,0
1772214083.548527,1772214083.4857976,-128.41796875,-56.15234375,22.4609375,-167.48046875,0.0,0,0
1772214083.548553,1772214083.4896967,780.2734375,-41.50390625,-0.48828125,-116.69921875,0.0,0,0
1772214083.548579,1772214083.4935956,936.5234375,-55.6640625,-25.390625,-100.09765625,0.0,0,0
1772214083.5486028,1772214083.4974947,-951.66015625,-52.734375,13.18359375,-98.14453125,0.0,0,0
1772214083.548627,1772214083.5013936,544.43359375,-90.8203125,22.94921875,-123.53515625,0.0,0,0
1772214083.548652,1772214083.5052927,46.38671875,-122.0703125,55.17578125,-136.23046875,0.0,0,0
1772214083.548676,1772214083.5091915,650.87890625,-97.65625,81.54296875,-104.4921875,0.0,0,0
1772214083.5486999,1772214083.5130906,917.96875,-68.359375,40.0390625,-84.9609375,0.0,0,0
1772214083.548723,1772214083.5169895,-945.3125,-57.6171875,7.32421875,-82.03125,0.0,0,0
1772214083.5487459,1772214083.5208886,475.5859375,-129.39453125,-90.33203125,-101.5625,0.0,0,0
1772214083.591237,1772214083.5248668,-32.71484375,-155.2734375,-152.83203125,-76.171875,0.0,0,0
1772214083.591351,1772214083.5287657,545.41015625,-116.2109375,-64.94140625,-44.921875,0.0,0,0
1772214083.591379,1772214083.5326648,865.234375,-59.08203125,-25.87890625,-83.49609375,0.0,0,0
1772214083.591404,1772214083.5365636,943.359375,-31.25,-38.0859375,-124.0234375,0.0,0,0
1772214083.591431,1772214083.5404627,502.44140625,-63.4765625,-31.73828125,-121.09375,0.0,0,0
1772214083.591456,1772214083.5443616,-7.32421875,-64.94140625,-13.18359375,-96.6796875,0.0,0,0
1772214083.59148,1772214083.5482607,211.9140625,-53.22265625,28.3203125,-84.9609375,0.0,0,0
1772214083.5915039,1772214083.5521595,707.03125,-41.50390625,83.0078125,-69.82421875,0.0,0,0
1772214083.591529,1772214083.5560586,881.34765625,-67.87109375,21.484375,-62.5,0.0,0,0
1772214083.591552,1772214083.5599575,374.51171875,-78.125,-48.828125,-79.1015625,0.0,0,0
1772214083.591576,1772214083.5638566,-96.6796875,-16.6015625,-26.85546875,-50.29296875,0.0,0,0
1772214083.5916002,1772214083.5677555,205.56640625,26.85546875,5.37109375,0.48828125,0.0,0,0
1772214083.6363819,1772214083.5717268,706.54296875,131.8359375,68.84765625,35.64453125,0.0,0,0
1772214083.636529,1772214083.575626,-992.1875,212.890625,187.5,37.59765625,0.0,0,0
1772214083.636572,1772214083.5795248,698.73046875,170.41015625,183.10546875,-12.6953125,0.0,0,0
1772214083.6366122,1772214083.5834239,-55.17578125,159.1796875,69.3359375,-47.36328125,0.0,0,0
1772214083.63665,1772214083.587323,83.49609375,170.8984375,12.20703125,-41.015625,0.0,0,0
1772214083.636687,1772214083.5912218,707.51953125,183.10546875,-13.18359375,2.9296875,0.0,0,0
1772214083.636726,1772214083.595121,970.21484375,114.74609375,-67.87109375,27.34375,0.0,0,0
1772214083.6367629,1772214083.5990198,990.234375,29.296875,-154.296875,2.9296875,0.0,0,0
1772214083.6368,1772214083.6029189,560.05859375,19.53125,-219.23828125,-20.5078125,0.0,0,0
1772214083.636836,1772214083.6068177,571.77734375,7.32421875,-185.05859375,3.41796875,0.0,0,0
1772214083.636873,1772214083.6107168,968.26171875,34.1796875,-88.8671875,41.015625,0.0,0,0
1772214083.63691,1772214083.6146157,950.1953125,-8.7890625,-26.85546875,11.71875,0.0,0,0
1772214083.681283,1772214083.6185787,850.09765625,-106.4453125,-68.84765625,-38.0859375,0.0,0,0
1772214083.6814048,1772214083.6224778,81.54296875,-153.80859375,-102.05078125,-54.6875,0.0,0,0
1772214083.6814332,1772214083.6263769,-258.30078125,-151.3671875,-145.01953125,-73.2421875,0.0,0,0
1772214083.681459,1772214083.6302757,357.421875,-167.96875,-137.20703125,-35.15625,0.0,0,0
1772214083.681483,1772214083.6341748,676.7578125,-161.62109375,-151.85546875,25.87890625,0.0,0,0
1772214083.681508,1772214083.6380737,310.05859375,-91.796875,-143.06640625,2.9296875,0.0,0,0
1772214083.681532,1772214083.6419728,-490.72265625,-109.86328125,-119.62890625,-45.41015625,0.0,0,0
1772214083.681556,1772214083.6458719,-938.4765625,-144.04296875,-180.6640625,-52.24609375,0.0,0,0
1772214083.681581,1772214083.6497707,-642.08984375,-112.79296875,-165.0390625,-53.22265625,0.0,0,0
1772214083.681605,1772214083.6536698,-243.65234375,-70.3125,-87.890625,-69.82421875,0.0,0,0
1772214083.681629,1772214083.6575687,-427.24609375,-68.84765625,-77.63671875,-105.95703125,0.0,0,0
1772214083.681653,1772214083.6614678,-874.0234375,-98.14453125,-64.453125,-116.69921875,0.0,0,0
1772214083.726291,1772214083.6654248,-1000.0,-79.1015625,-4.39453125,-117.1875,0.0,0,0
1772214083.7264051,1772214083.669324,-987.79296875,-10.25390625,115.72265625,-105.95703125,0.0,0,0
1772214083.726433,1772214083.6732228,-707.03125,62.98828125,190.4296875,-91.30859375,0.0,0,0
1772214083.726461,1772214083.6771219,-814.453125,82.03125,200.1953125,-89.84375,0.0,0,0
1772214083.726486,1772214083.6810207,-1000.0,81.54296875,226.5625,-76.66015625,0.0,0,0
1772214083.72651,1772214083.6849198,-981.4453125,77.1484375,245.60546875,-77.63671875,0.0,0,0
1772214083.7265348,1772214083.688819,-1000.0,40.52734375,254.8828125,-78.125,0.0,0,0
1772214083.726559,1772214083.6927178,-758.30078125,45.8984375,174.8046875,-52.734375,0.0,0,0
1772214083.726584,1772214083.696617,-768.06640625,45.8984375,102.05078125,-33.203125,0.0,0,0
1772214083.7266078,1772214083.7005157,-1000.0,33.69140625,-107.421875,-42.48046875,0.0,0,0
1772214083.726631,1772214083.7044148,-980.95703125,56.15234375,-237.79296875,-28.80859375,0.0,0,0
1772214083.726656,1772214083.708314,-1000.0,70.3125,-186.03515625,11.23046875,0.0,0,0
1772214083.785123,1772214083.712265,-636.23046875,66.40625,-234.375,42.48046875,0.0,0,0
1772214083.78528,1772214083.7161639,-417.48046875,66.40625,-290.0390625,39.0625,0.0,0,0
1772214083.785336,1772214083.720063,-834.47265625,55.17578125,-305.17578125,26.85546875,0.0,0,0
1772214083.785391,1772214083.723962,-996.58203125,31.25,-327.1484375,38.57421875,0.0,0,0
1772214083.785443,1772214083.727861,-809.5703125,22.4609375,-223.14453125,78.61328125,0.0,0,0
1772214083.7854972,1772214083.73176,-273.92578125,28.3203125,-88.37890625,118.65234375,0.0,0,0
1772214083.78555,1772214083.735659,-124.0234375,2.44140625,-108.88671875,119.140625,0.0,0,0
1772214083.7856011,1772214083.739558,-583.984375,-30.2734375,-213.8671875,84.47265625,0.0,0,0
1772214083.785652,1772214083.743457,-876.46484375,-43.9453125,-236.81640625,63.96484375,0.0,0,0
1772214083.785704,1772214083.747356,-656.25,-26.3671875,-178.7109375,89.35546875,0.0,0,0
1772214083.785769,1772214083.751255,-80.56640625,-5.37109375,-117.1875,125.9765625,0.0,0,0
1772214083.7858188,1772214083.7551541,126.46484375,-23.4375,-21.484375,99.609375,0.0,0,0
1772214083.8469162,1772214083.7592115,-137.20703125,-11.71875,51.26953125,87.890625,0.0,0,0
1772214083.8470669,1772214083.7631106,-433.59375,-5.859375,51.7578125,117.1875,0.0,0,0
1772214083.8471098,1772214083.7670095,-400.87890625,-18.5546875,58.59375,134.27734375,0.0,0,0
1772214083.8471491,1772214083.7709086,124.51171875,-30.76171875,118.65234375,143.5546875,0.0,0,0
1772214083.847189,1772214083.7748077,329.1015625,-32.71484375,92.7734375,132.32421875,0.0,0,0
1772214083.8472269,1772214083.7787066,117.67578125,-25.87890625,43.45703125,114.74609375,0.0,0,0
1772214083.847274,1772214083.7826056,-355.95703125,-44.43359375,-47.36328125,95.703125,0.0,0,0
1772214083.847312,1772214083.7865047,-478.02734375,-47.8515625,-292.96875,87.40234375,0.0,0,0
1772214083.8473668,1772214083.7904036,81.0546875,-41.015625,-450.68359375,108.88671875,0.0,0,0
1772214083.847411,1772214083.7943027,367.67578125,-47.8515625,-511.71875,124.51171875,0.0,0,0
1772214083.847457,1772214083.7982018,244.62890625,-56.15234375,-502.44140625,107.91015625,0.0,0,0
1772214083.847669,1772214083.802101,-145.01953125,-68.84765625,-410.15625,82.51953125,0.0,0,0
1772214083.8764532,1772214083.8060937,-318.84765625,-70.3125,-384.765625,88.37890625,0.0,0,0
1772214083.876596,1772214083.8099928,16.6015625,-86.9140625,-394.53125,123.046875,0.0,0,0
1772214083.876639,1772214083.813892,313.4765625,-101.07421875,-277.83203125,146.484375,0.0,0,0
1772214083.876678,1772214083.817791,215.33203125,-99.12109375,-168.9453125,140.625,0.0,0,0
1772214083.876717,1772214083.8216898,-288.57421875,-104.4921875,-153.80859375,92.28515625,0.0,0,0
1772214083.876755,1772214083.825589,-479.00390625,-106.4453125,-114.74609375,69.82421875,0.0,0,0
1772214083.8767931,1772214083.829488,-92.7734375,-96.6796875,-156.73828125,115.72265625,0.0,0,0
1772214083.876831,1772214083.8333871,269.53125,-74.21875,-147.94921875,131.34765625,0.0,0,0
1772214083.876877,1772214083.837286,208.0078125,-80.56640625,-148.92578125,114.74609375,0.0,0,0
1772214083.876918,1772214083.841185,-253.41796875,-104.00390625,-164.0625,94.23828125,0.0,0,0
1772214083.876956,1772214083.8450842,-461.9140625,-115.72265625,48.828125,88.8671875,0.0,0,0
1772214083.8769941,1772214083.8489833,-183.10546875,-65.91796875,74.70703125,119.140625,0.0,0,0
1772214083.920927,1772214083.8529677,139.6484375,-58.59375,-100.09765625,120.1171875,0.0,0,0
1772214083.9210188,1772214083.8568668,120.60546875,-66.89453125,-169.43359375,85.9375,0.0,0,0
1772214083.921057,1772214083.860766,-307.12890625,-83.0078125,-185.05859375,67.3828125,0.0,0,0
1772214083.9210901,1772214083.864665,-541.50390625,-88.8671875,-215.33203125,66.40625,0.0,0,0
1772214083.921122,1772214083.868564,-280.76171875,-41.9921875,-190.91796875,78.61328125,0.0,0,0
1772214083.921153,1772214083.872463,173.33984375,3.41796875,-53.7109375,92.7734375,0.0,0,0
1772214083.921186,1772214083.876362,187.5,-20.99609375,138.18359375,85.44921875,0.0,0,0
1772214083.921216,1772214083.8802612,-313.96484375,-49.8046875,251.46484375,59.08203125,0.0,0,0
1772214083.921247,1772214083.8841603,-582.03125,-45.41015625,285.64453125,41.50390625,0.0,0,0
1772214083.921277,1772214083.8880591,-433.10546875,-42.96875,280.2734375,43.9453125,0.0,0,0
1772214083.9213068,1772214083.8919582,-91.796875,-17.578125,187.5,58.10546875,0.0,0,0
1772214083.9213371,1772214083.8958573,-5.37109375,0.48828125,-30.2734375,47.36328125,0.0,0,0
1772214083.9661849,1772214083.8998344,-367.1875,-8.30078125,-102.5390625,4.39453125,0.0,0,0
1772214083.966264,1772214083.9037335,-609.375,4.8828125,-35.64453125,6.8359375,0.0,0,0
1772214083.966298,1772214083.9076326,-546.875,34.1796875,-159.1796875,41.015625,0.0,0,0
1772214083.9663281,1772214083.9115317,-121.09375,54.19921875,-224.609375,74.21875,0.0,0,0
1772214083.966357,1772214083.9154305,95.703125,68.359375,-153.80859375,74.70703125,0.0,0,0
1772214083.966388,1772214083.9193296,-223.14453125,42.96875,-190.91796875,79.1015625,0.0,0,0
1772214083.9664168,1772214083.9232287,-520.01953125,21.484375,-242.1875,81.54296875,0.0,0,0
1772214083.966453,1772214083.9271278,-489.74609375,29.78515625,-141.11328125,40.0390625,0.0,0,0
1772214083.966496,1772214083.931027,-37.59765625,47.8515625,-83.0078125,46.875,0.0,0,0
1772214083.966524,1772214083.9349258,170.41015625,54.19921875,-122.0703125,69.3359375,0.0,0,0
1772214083.966568,1772214083.938825,-200.1953125,10.7421875,-170.41015625,30.76171875,0.0,0,0
1772214083.966597,1772214083.942724,-518.5546875,-8.7890625,-167.48046875,5.859375,0.0,0,0
1772214084.011008,1772214083.9466934,-442.87109375,-1.46484375,-79.58984375,31.25,0.0,0,0
1772214084.011113,1772214083.9505925,-74.70703125,2.9296875,-34.1796875,52.734375,0.0,0,0
1772214084.011154,1772214083.9544916,98.14453125,24.4140625,-7.32421875,49.31640625,0.0,0,0
1772214084.011193,1772214083.9583907,-113.76953125,-11.71875,-62.5,43.45703125,0.0,0,0
1772214084.0112362,1772214083.9622898,-447.265625,-51.26953125,-175.29296875,25.87890625,0.0,0,0
1772214084.011275,1772214083.966189,-428.7109375,17.578125,-130.859375,6.34765625,0.0,0,0
1772214084.0113122,1772214083.970088,-33.203125,34.1796875,35.15625,2.9296875,0.0,0,0
1772214084.011353,1772214083.9739869,162.109375,8.7890625,127.44140625,-8.30078125,0.0,0,0
1772214084.011391,1772214083.977886,11.71875,10.7421875,93.75,-2.9296875,0.0,0,0
1772214084.011428,1772214083.981785,-260.25390625,-13.18359375,32.71484375,4.39453125,0.0,0,0
1772214084.0114639,1772214083.9856842,-332.51953125,15.13671875,36.1328125,3.41796875,0.0,0,0
1772214084.011501,1772214083.9895833,-103.515625,19.04296875,54.19921875,6.34765625,0.0,0,0
1772214084.056179,1772214083.9935455,70.3125,12.20703125,41.015625,3.41796875,0.0,0,0
1772214084.056275,1772214083.9974446,-78.61328125,32.2265625,-34.66796875,-8.7890625,0.0,0,0
1772214084.0563042,1772214084.0013437,-404.78515625,11.23046875,-118.65234375,-41.015625,0.0,0,0
1772214084.056331,1772214084.0052428,-673.828125,3.41796875,-235.83984375,-68.359375,0.0,0,0
1772214084.0563571,1772214084.009142,-525.390625,13.671875,-317.87109375,-61.5234375,0.0,0,0
1772214084.056381,1772214084.013041,-162.109375,41.50390625,-250.0,-38.57421875,0.0,0,0
1772214084.0564082,1772214084.0169399,-160.15625,58.10546875,-136.71875,-30.76171875,0.0,0,0
1772214084.0564322,1772214084.020839,-508.7890625,-6.8359375,-115.234375,-38.0859375,0.0,0,0
1772214084.056457,1772214084.024738,-573.2421875,-54.19921875,-114.74609375,-36.1328125,0.0,0,0
1772214084.0564811,1772214084.0286372,-340.33203125,-34.1796875,-112.3046875,-36.1328125,0.0,0,0
1772214084.0565052,1772214084.0325363,-45.41015625,-13.671875,-145.01953125,-31.73828125,0.0,0,0
1772214084.0565288,1772214084.0364354,-2.44140625,-20.5078125,-217.28515625,19.04296875,0.0,0,0
1772214084.101265,1772214084.0403914,-236.328125,1.46484375,-254.8828125,40.0390625,0.0,0,0
1772214084.1013608,1772214084.0442905,-376.953125,22.4609375,-164.0625,34.1796875,0.0,0,0
1772214084.101399,1772214084.0481896,-281.25,8.7890625,-28.80859375,43.9453125,0.0,0,0
1772214084.101429,1772214084.0520887,145.99609375,42.96875,145.5078125,66.89453125,0.0,0,0
1772214084.101461,1772214084.0559878,396.484375,105.95703125,330.078125,76.171875,0.0,0,0
1772214084.101492,1772214084.059887,178.22265625,128.90625,442.87109375,60.546875,0.0,0,0
1772214084.101523,1772214084.063786,-66.89453125,122.0703125,367.1875,66.40625,0.0,0,0
1772214084.101585,1772214084.0676851,52.24609375,150.87890625,223.14453125,88.37890625,0.0,0,0
1772214084.101641,1772214084.0715842,525.390625,205.56640625,342.7734375,120.60546875,0.0,0,0
1772214084.101681,1772214084.0754833,721.6796875,196.77734375,551.26953125,124.51171875,0.0,0,0
1772214084.101717,1772214084.0793822,550.78125,168.9453125,639.16015625,89.35546875,0.0,0,0
1772214084.101753,1772214084.0832813,376.46484375,174.8046875,645.5078125,73.73046875,0.0,0,0
1772214084.160209,1772214084.0872302,385.25390625,183.59375,611.81640625,85.9375,0.0,0,0
1772214084.160308,1772214084.0911293,681.640625,207.51953125,599.12109375,95.21484375,0.0,0,0
1772214084.1603358,1772214084.0950284,826.66015625,220.703125,598.6328125,107.91015625,0.0,0,0
1772214084.160366,1772214084.0989273,664.55078125,195.80078125,441.40625,99.12109375,0.0,0,0
1772214084.160394,1772214084.1028264,452.63671875,183.59375,277.34375,68.84765625,0.0,0,0
1772214084.160418,1772214084.1067255,558.10546875,169.921875,307.12890625,87.890625,0.0,0,0
1772214084.160442,1772214084.1106246,873.046875,178.7109375,331.0546875,115.72265625,0.0,0,0
1772214084.160467,1772214084.1145236,974.609375,195.3125,272.94921875,118.65234375,0.0,0,0
1772214084.160491,1772214084.1184227,911.1328125,191.89453125,300.29296875,136.71875,0.0,0,0
1772214084.160515,1772214084.1223218,533.69140625,171.875,376.46484375,107.91015625,0.0,0,0
1772214084.160539,1772214084.126221,305.6640625,126.953125,352.5390625,73.2421875,0.0,0,0
1772214084.160563,1772214084.13012,481.93359375,111.328125,370.60546875,66.40625,0.0,0,0
1772214084.205874,1772214084.1340618,572.75390625,114.74609375,425.78125,62.5,0.0,0,0
1772214084.205983,1772214084.137961,356.93359375,103.02734375,403.3203125,78.125,0.0,0,0
1772214084.206035,1772214084.14186,-26.85546875,104.00390625,370.60546875,101.5625,0.0,0,0
1772214084.206068,1772214084.145759,-41.9921875,102.5390625,333.0078125,136.23046875,0.0,0,0
1772214084.206156,1772214084.1496582,272.4609375,86.9140625,360.3515625,182.6171875,0.0,0,0
1772214084.206184,1772214084.1535573,394.04296875,88.8671875,414.55078125,216.30859375,0.0,0,0
1772214084.206209,1772214084.1574564,191.40625,91.796875,385.7421875,236.81640625,0.0,0,0
1772214084.2062342,1772214084.1613553,-227.5390625,72.75390625,324.70703125,230.46875,0.0,0,0
1772214084.2062578,1772214084.1652544,-425.78125,52.734375,348.14453125,250.9765625,0.0,0,0
1772214084.206282,1772214084.1691535,-268.06640625,30.2734375,428.22265625,330.56640625,0.0,0,0
1772214084.206306,1772214084.1730525,-152.83203125,3.41796875,444.3359375,430.17578125,0.0,0,0
1772214084.20633,1772214084.1769516,-313.96484375,8.30078125,398.4375,447.265625,0.0,0,0
1772214084.252107,1772214084.1809435,-623.046875,20.5078125,374.0234375,425.29296875,0.0,0,0
1772214084.2521868,1772214084.1848426,-754.8828125,39.55078125,349.609375,432.12890625,0.0,0,0
1772214084.252216,1772214084.1887417,-605.95703125,35.15625,298.33984375,479.4921875,0.0,0,0
1772214084.252241,1772214084.1926408,-336.42578125,-13.18359375,223.14453125,526.85546875,0.0,0,0
1772214084.252266,1772214084.1965399,-248.046875,-50.78125,181.15234375,510.25390625,0.0,0,0
1772214084.25229,1772214084.200439,-389.16015625,-53.22265625,226.07421875,481.4453125,0.0,0,0
1772214084.2523148,1772214084.204338,-590.33203125,-61.03515625,207.51953125,467.7734375,0.0,0,0
1772214084.252382,1772214084.2082372,-564.453125,-75.1953125,136.23046875,479.98046875,0.0,0,0
1772214084.252429,1772214084.2121363,-243.65234375,-55.6640625,84.9609375,498.046875,0.0,0,0
1772214084.252457,1772214084.2160354,-108.88671875,-18.06640625,61.5234375,513.18359375,0.0,0,0
1772214084.252485,1772214084.2199345,-352.5390625,-12.20703125,56.15234375,501.46484375,0.0,0,0
1772214084.252516,1772214084.2238336,-581.0546875,-16.6015625,71.77734375,492.1875,0.0,0,0
1772214084.296289,1772214084.227817,-565.91796875,-12.6953125,7.32421875,507.32421875,0.0,0,0
1772214084.296393,1772214084.2317162,-284.66796875,-29.78515625,30.2734375,508.30078125,0.0,0,0
1772214084.296424,1772214084.2356153,-166.50390625,-53.22265625,104.00390625,522.94921875,0.0,0,0
1772214084.296451,1772214084.2395144,-421.875,-74.21875,32.2265625,515.13671875,0.0,0,0
1772214084.296475,1772214084.2434134,-567.3828125,-81.54296875,38.0859375,471.19140625,0.0,0,0
1772214084.296501,1772214084.2473125,-420.8984375,-64.94140625,70.80078125,453.61328125,0.0,0,0
1772214084.296525,1772214084.2512116,-183.10546875,-58.10546875,-24.90234375,453.61328125,0.0,0,0
1772214084.296549,1772214084.2551107,-147.4609375,-57.6171875,-50.78125,458.0078125,0.0,0,0
1772214084.2965739,1772214084.2590098,-378.90625,-69.3359375,-27.34375,436.5234375,0.0,0,0
1772214084.296598,1772214084.262909,-595.703125,-50.78125,-59.5703125,390.13671875,0.0,0,0
1772214084.296622,1772214084.2668083,-487.79296875,-24.90234375,-10.7421875,386.23046875,0.0,0,0
1772214084.2966459,1772214084.2707074,-134.27734375,-38.0859375,15.13671875,410.64453125,0.0,0,0
1772214084.341057,1772214084.2746842,78.125,-33.203125,-33.203125,419.43359375,0.0,0,0
1772214084.341153,1772214084.2785833,-66.89453125,-34.1796875,-151.85546875,384.27734375,0.0,0,0
1772214084.341187,1772214084.2824824,-365.234375,-63.4765625,-272.94921875,339.35546875,0.0,0,0
1772214084.341214,1772214084.2863815,-362.79296875,-36.1328125,-251.46484375,323.73046875,0.0,0,0
1772214084.341244,1772214084.2902806,14.6484375,17.08984375,-210.9375,332.03125,0.0,0,0
1772214084.341272,1772214084.29418,285.15625,37.109375,-246.58203125,356.4453125,0.0,0,0
1772214084.3412979,1772214084.298079,155.2734375,19.04296875,-300.29296875,332.51953125,0.0,0,0
1772214084.341355,1772214084.301978,-111.328125,-26.85546875,-290.52734375,289.0625,0.0,0,0
1772214084.3413959,1772214084.3058772,-147.94921875,-32.71484375,-227.05078125,292.48046875,0.0,0,0
1772214084.3414268,1772214084.3097763,204.1015625,12.20703125,-15.625,328.125,0.0,0,0
1772214084.3414521,1772214084.3136754,424.8046875,22.4609375,210.9375,326.171875,0.0,0,0
1772214084.3414772,1772214084.3175745,215.33203125,3.41796875,290.52734375,286.62109375,0.0,0,0
1772214084.3863559,1772214084.3215446,-74.21875,-2.9296875,211.9140625,242.1875,0.0,0,0
1772214084.386455,1772214084.3254437,-133.30078125,14.6484375,185.546875,203.125,0.0,0,0
1772214084.386483,1772214084.3293428,65.91796875,29.296875,146.97265625,197.265625,0.0,0,0
1772214084.386509,1772214084.333242,342.7734375,31.73828125,34.66796875,213.8671875,0.0,0,0
1772214084.386534,1772214084.337141,353.515625,-8.7890625,13.671875,226.5625,0.0,0,0
1772214084.386558,1772214084.3410401,28.80859375,-37.109375,-6.8359375,221.19140625,0.0,0,0
1772214084.386583,1772214084.3449392,-174.8046875,-15.625,-14.16015625,206.0546875,0.0,0,0
1772214084.3866072,1772214084.3488383,42.48046875,0.48828125,-18.06640625,200.1953125,0.0,0,0
1772214084.386632,1772214084.3527374,396.484375,41.50390625,-20.99609375,219.23828125,0.0,0,0
1772214084.386658,1772214084.3566368,358.88671875,83.0078125,35.15625,217.28515625,0.0,0,0
1772214084.386681,1772214084.3605359,-3.90625,91.30859375,32.2265625,177.734375,0.0,0,0
1772214084.3867059,1772214084.364435,-120.60546875,93.75,12.20703125,144.04296875,0.0,0,0
1772214084.445964,1772214084.3684533,18.5546875,113.76953125,2.9296875,127.44140625,0.0,0,0
1772214084.446115,1772214084.3723524,243.65234375,160.64453125,64.453125,130.37109375,0.0,0,0
1772214084.4461749,1772214084.3762515,316.89453125,206.54296875,226.07421875,130.37109375,0.0,0,0
1772214084.446204,1772214084.3801508,70.80078125,222.65625,250.48828125,107.91015625,0.0,0,0
1772214084.446229,1772214084.38405,-83.0078125,243.1640625,234.86328125,108.88671875,0.0,0,0
1772214084.446253,1772214084.387949,-16.6015625,247.0703125,328.125,118.65234375,0.0,0,0
1772214084.446281,1772214084.391848,117.1875,211.9140625,244.62890625,110.83984375,0.0,0,0
1772214084.446305,1772214084.3957472,175.78125,167.48046875,64.453125,106.4453125,0.0,0,0
1772214084.44633,1772214084.3996463,-22.94921875,126.953125,-49.8046875,98.6328125,0.0,0,0
1772214084.4463549,1772214084.4035454,-185.05859375,132.8125,-92.7734375,107.91015625,0.0,0,0
1772214084.446379,1772214084.4074447,-18.06640625,151.3671875,-15.13671875,110.83984375,0.0,0,0
1772214084.446403,1772214084.4113438,230.46875,128.90625,78.61328125,105.95703125,0.0,0,0
1772214084.476253,1772214084.415299,242.1875,124.0234375,32.2265625,89.84375,0.0,0,0
1772214084.476342,1772214084.419198,111.81640625,127.9296875,-32.2265625,72.75390625,0.0,0,0
1772214084.4763992,1772214084.4230971,20.5078125,107.91015625,-57.6171875,68.359375,0.0,0,0
1772214084.476435,1772214084.4269962,51.7578125,98.6328125,-93.26171875,79.1015625,0.0,0,0
1772214084.4764612,1772214084.4308953,239.2578125,100.5859375,-136.23046875,87.890625,0.0,0,0
1772214084.476487,1772214084.4347947,359.86328125,107.91015625,-140.625,74.70703125,0.0,0,0
1772214084.476512,1772214084.4386938,236.81640625,90.8203125,-155.76171875,57.6171875,0.0,0,0
1772214084.476537,1772214084.4425929,122.0703125,95.703125,-184.5703125,47.36328125,0.0,0,0
1772214084.4765608,1772214084.446492,178.7109375,104.00390625,-136.23046875,46.875,0.0,0,0
1772214084.476588,1772214084.450391,361.81640625,105.46875,-83.49609375,58.59375,0.0,0,0
1772214084.476612,1772214084.4542902,456.0546875,111.328125,-100.5859375,87.890625,0.0,0,0
1772214084.476636,1772214084.4581895,351.07421875,83.0078125,-115.234375,104.00390625,0.0,0,0
1772214084.5356789,1772214084.462139,150.87890625,72.265625,-173.33984375,95.703125,0.0,0,0
1772214084.5357802,1772214084.466038,111.81640625,41.9921875,-269.53125,91.796875,0.0,0,0
1772214084.535808,1772214084.469937,333.49609375,-1.46484375,-174.31640625,104.00390625,0.0,0,0
1772214084.535838,1772214084.4738362,513.18359375,-20.01953125,35.15625,109.86328125,0.0,0,0
1772214084.535863,1772214084.4777353,392.08984375,-32.2265625,49.31640625,93.26171875,0.0,0,0
1772214084.535889,1772214084.4816346,181.640625,-19.53125,4.39453125,80.078125,0.0,0,0
1772214084.535914,1772214084.4855337,150.87890625,-9.27734375,17.08984375,77.63671875,0.0,0,0
1772214084.535938,1772214084.4894328,237.79296875,-41.015625,-8.30078125,73.73046875,0.0,0,0
1772214084.5360792,1772214084.493332,307.6171875,-57.12890625,-79.58984375,71.77734375,0.0,0,0
1772214084.536107,1772214084.497231,293.9453125,-58.10546875,-125.48828125,70.80078125,0.0,0,0
1772214084.5361679,1772214084.5011303,191.89453125,-72.265625,-80.078125,68.359375,0.0,0,0
1772214084.5361931,1772214084.5050294,66.40625,-85.9375,-78.125,59.08203125,0.0,0,0
1772214084.581815,1772214084.5089712,123.53515625,-69.82421875,-100.5859375,47.36328125,0.0,0,0
1772214084.581973,1772214084.5128703,260.25390625,-76.66015625,-52.24609375,56.640625,0.0,0,0
1772214084.582072,1772214084.5167694,268.5546875,-98.6328125,20.99609375,82.51953125,0.0,0,0
1772214084.582113,1772214084.5206685,80.078125,-106.4453125,104.4921875,71.77734375,0.0,0,0
1772214084.582195,1772214084.5245676,-98.6328125,-85.9375,114.2578125,29.78515625,0.0,0,0
1772214084.58224,1772214084.528467,-61.5234375,-26.3671875,133.7890625,-7.32421875,0.0,0,0
1772214084.582299,1772214084.532366,102.5390625,-24.90234375,247.0703125,-34.66796875,0.0,0,0
1772214084.582347,1772214084.5362651,61.03515625,-31.73828125,244.62890625,-24.90234375,0.0,0,0
1772214084.5823848,1772214084.5401642,-29.296875,-11.71875,199.21875,-42.96875,0.0,0,0
1772214084.582422,1772214084.5440636,16.6015625,-5.859375,227.05078125,-53.7109375,0.0,0,0
1772214084.58246,1772214084.5479627,-23.92578125,1.46484375,213.37890625,-52.734375,0.0,0,0
1772214084.5824971,1772214084.5518618,40.0390625,11.23046875,168.9453125,-46.875,0.0,0,0
1772214084.6267729,1772214084.5558527,42.96875,-2.44140625,143.06640625,-30.76171875,0.0,0,0
1772214084.626878,1772214084.5597517,-147.4609375,-19.53125,124.51171875,-44.921875,0.0,0,0
1772214084.6269062,1772214084.5636508,-236.328125,-16.11328125,101.5625,-57.12890625,0.0,0,0
1772214084.626932,1772214084.5675502,-194.3359375,-6.34765625,110.3515625,-49.31640625,0.0,0,0
1772214084.626957,1772214084.5714493,-25.87890625,-5.37109375,165.0390625,-30.76171875,0.0,0,0
1772214084.626984,1772214084.5753484,74.70703125,-9.765625,189.94140625,-27.34375,0.0,0,0
1772214084.62701,1772214084.5792475,-12.6953125,-22.94921875,184.5703125,-13.671875,0.0,0,0
1772214084.6270342,1772214084.5831468,-153.3203125,-47.36328125,114.2578125,-10.7421875,0.0,0,0
1772214084.627058,1772214084.587046,-173.828125,-56.15234375,52.24609375,-22.4609375,0.0,0,0
1772214084.627083,1772214084.590945,-96.19140625,-39.55078125,81.54296875,-37.109375,0.0,0,0
1772214084.6271071,1772214084.594844,-117.67578125,-47.36328125,91.796875,-42.48046875,0.0,0,0
1772214084.627132,1772214084.5987434,-268.5546875,-97.65625,54.19921875,-38.57421875,0.0,0,0
1772214084.671693,1772214084.6027281,-355.95703125,-146.97265625,-5.37109375,-50.78125,0.0,0,0
1772214084.671844,1772214084.6066272,-397.94921875,-160.64453125,-49.8046875,-55.17578125,0.0,0,0
1772214084.671901,1772214084.6105263,-350.5859375,-132.8125,-99.12109375,-23.92578125,0.0,0,0
1772214084.671958,1772214084.6144257,-281.73828125,-117.67578125,-141.6015625,14.6484375,0.0,0,0
1772214084.672011,1772214084.6183248,-316.89453125,-111.328125,-159.66796875,32.71484375,0.0,0,0
1772214084.6720672,1772214084.6222239,-386.23046875,-113.76953125,-227.05078125,26.85546875,0.0,0,0
1772214084.6721191,1772214084.626123,-395.5078125,-133.7890625,-287.109375,46.38671875,0.0,0,0
1772214084.6721642,1772214084.6300223,-235.3515625,-117.67578125,-184.08203125,64.94140625,0.0,0,0
1772214084.672194,1772214084.6339214,-139.16015625,-91.796875,-98.6328125,47.36328125,0.0,0,0
1772214084.672239,1772214084.6378205,-147.4609375,-57.6171875,-212.40234375,54.6875,0.0,0,0
1772214084.672269,1772214084.6417198,-100.5859375,-63.4765625,-215.33203125,70.80078125,0.0,0,0
1772214084.672298,1772214084.645619,-33.203125,-71.2890625,-90.33203125,84.9609375,0.0,0,0
1772214084.746088,1772214084.6497073,-27.34375,-47.36328125,-179.19921875,90.33203125,0.0,0,0
1772214084.746214,1772214084.6536064,-7.8125,-34.1796875,-326.171875,107.91015625,0.0,0,0
1772214084.746259,1772214084.6575055,85.44921875,-23.92578125,-353.02734375,110.3515625,0.0,0,0
1772214084.7463071,1772214084.6614048,202.63671875,-2.44140625,-242.1875,103.02734375,0.0,0,0
1772214084.746345,1772214084.665304,240.234375,22.4609375,-179.6875,108.88671875,0.0,0,0
1772214084.746384,1772214084.669203,308.10546875,35.15625,-192.87109375,112.79296875,0.0,0,0
1772214084.746422,1772214084.6731024,520.5078125,15.625,-126.953125,108.88671875,0.0,0,0
1772214084.746461,1772214084.6770015,572.265625,-0.9765625,-33.69140625,91.796875,0.0,0,0
1772214084.746502,1772214084.6809006,378.41796875,-9.27734375,-14.6484375,56.15234375,0.0,0,0
1772214084.74654,1772214084.6848,326.171875,-4.8828125,59.5703125,51.26953125,0.0,0,0
1772214084.746596,1772214084.688699,332.51953125,6.8359375,85.9375,33.69140625,0.0,0,0
1772214084.746635,1772214084.6925983,187.01171875,-20.01953125,-59.5703125,18.06640625,0.0,0,0
1772214084.761322,1772214084.6965709,111.328125,-40.0390625,-160.15625,32.2265625,0.0,0,0
1772214084.761397,1772214084.70047,11.23046875,-58.59375,-148.4375,16.6015625,0.0,0,0
1772214084.761439,1772214084.7043693,-264.16015625,-87.890625,-210.9375,1.953125,0.0,0,0
1772214084.7614772,1772214084.7082684,-484.86328125,-101.07421875,-277.83203125,-13.18359375,0.0,0,0
1772214084.7615192,1772214084.7121675,-514.6484375,-109.375,-291.015625,-26.3671875,0.0,0,0
1772214084.761556,1772214084.7160668,-527.34375,-120.1171875,-329.1015625,-22.4609375,0.0,0,0
1772214084.761594,1772214084.719966,-648.4375,-125.48828125,-303.22265625,-61.03515625,0.0,0,0
1772214084.761635,1772214084.7238653,-741.69921875,-131.8359375,-305.17578125,-95.703125,0.0,0,0
1772214084.761673,1772214084.7277644,-739.2578125,-121.09375,-358.3984375,-93.26171875,0.0,0,0
1772214084.7617102,1772214084.7316635,-692.87109375,-102.05078125,-407.71484375,-103.02734375,0.0,0,0
1772214084.761766,1772214084.7355628,-771.484375,-96.19140625,-436.5234375,-105.46875,0.0,0,0
1772214084.7618098,1772214084.739462,-915.0390625,-73.73046875,-345.21484375,-120.60546875,0.0,0,0
1772214084.80724,1772214084.7434244,-988.76953125,-55.17578125,-236.81640625,-136.23046875,0.0,0,0
1772214084.8073971,1772214084.7473238,-1000.0,-58.10546875,-198.73046875,-109.375,0.0,0,0
1772214084.80746,1772214084.7512228,-968.75,-56.15234375,-154.296875,-84.47265625,0.0,0,0
1772214084.8075142,1772214084.755122,-930.17578125,-8.30078125,-158.203125,-80.56640625,0.0,0,0
1772214084.8075671,1772214084.7590213,-964.35546875,-9.765625,-218.75,-87.890625,0.0,0,0
1772214084.807619,1772214084.7629204,-935.546875,-14.16015625,-270.01953125,-87.40234375,0.0,0,0
1772214084.807681,1772214084.7668197,-819.82421875,20.99609375,-244.140625,-71.2890625,0.0,0,0
1772214084.807733,1772214084.7707188,-704.1015625,17.578125,-156.73828125,-43.45703125,0.0,0,0
1772214084.8077838,1772214084.7746181,-691.40625,-3.90625,-89.84375,-20.99609375,0.0,0,0
1772214084.8078341,1772214084.7785172,-678.22265625,-6.8359375,-154.296875,-19.53125,0.0,0,0
1772214084.8079271,1772214084.7824163,-604.4921875,-1.953125,-194.82421875,-6.34765625,0.0,0,0
1772214084.807978,1772214084.7863157,-553.22265625,3.90625,-166.50390625,15.625,0.0,0,0
1772214084.8510919,1772214084.7902708,-515.13671875,33.69140625,-153.80859375,4.39453125,0.0,0,0
1772214084.8511932,1772214084.79417,-478.515625,32.71484375,-138.18359375,2.44140625,0.0,0,0
1772214084.851224,1772214084.7980692,-612.3046875,0.9765625,-212.890625,4.8828125,0.0,0,0
1772214084.851255,1772214084.8019683,-882.32421875,0.0,-250.0,-13.18359375,0.0,0,0
1772214084.851279,1772214084.8058677,-980.46875,20.5078125,-243.1640625,-13.18359375,0.0,0,0
1772214084.851304,1772214084.8097668,-833.49609375,36.62109375,-220.21484375,-1.46484375,0.0,0,0
1772214084.851328,1772214084.813666,-759.27734375,29.296875,-272.94921875,-5.37109375,0.0,0,0
1772214084.851352,1772214084.8175652,-737.3046875,30.2734375,-326.66015625,-8.7890625,0.0,0,0
1772214084.851377,1772214084.8214645,-585.44921875,39.55078125,-249.51171875,-3.41796875,0.0,0,0
1772214084.8514009,1772214084.8253636,-489.2578125,60.546875,-105.95703125,-4.39453125,0.0,0,0
1772214084.851425,1772214084.829263,-391.6015625,69.82421875,20.5078125,10.7421875,0.0,0,0
1772214084.851511,1772214084.833162,-309.08203125,44.43359375,74.21875,20.01953125,0.0,0,0
1772214084.91002,1772214084.8371112,-256.34765625,25.87890625,71.2890625,12.6953125,0.0,0,0
1772214084.910123,1772214084.8410106,-203.61328125,27.83203125,14.16015625,19.53125,0.0,0,0
1772214084.910152,1772214084.8449097,-174.31640625,21.97265625,-23.4375,26.85546875,0.0,0,0
1772214084.910177,1772214084.848809,-99.609375,16.11328125,-21.484375,18.5546875,0.0,0,0
1772214084.910202,1772214084.852708,-69.82421875,9.765625,-36.62109375,20.5078125,0.0,0,0
1772214084.9102259,1772214084.8566074,-99.609375,23.4375,-128.90625,20.5078125,0.0,0,0
1772214084.91025,1772214084.8605065,27.34375,61.5234375,-215.33203125,16.6015625,0.0,0,0
1772214084.910273,1772214084.8644059,69.82421875,29.78515625,-283.69140625,6.34765625,0.0,0,0
1772214084.9102972,1772214084.868305,61.5234375,-11.23046875,-274.4140625,-2.44140625,0.0,0,0
1772214084.910321,1772214084.8722043,162.59765625,0.0,-196.77734375,0.0,0.0,0,0
1772214084.910344,1772214084.8761034,180.17578125,15.625,-208.984375,3.90625,0.0,0,0
1772214084.910367,1772214084.8800027,201.66015625,11.71875,-239.74609375,-3.90625,0.0,0,0
1772214084.969836,1772214084.884001,267.578125,0.0,-242.67578125,-3.41796875,0.0,0,0
1772214084.969991,1772214084.8879,309.5703125,-0.9765625,-233.3984375,16.11328125,0.0,0,0
1772214084.9700491,1772214084.8917994,359.375,-9.27734375,-214.35546875,10.25390625,0.0,0,0
1772214084.9701068,1772214084.8956985,324.21875,-17.08984375,-228.515625,-2.9296875,0.0,0,0
1772214084.970162,1772214084.899598,337.890625,-15.13671875,-141.6015625,-9.765625,0.0,0,0
1772214084.970214,1772214084.903497,403.3203125,-4.39453125,-26.85546875,-20.99609375,0.0,0,0
1772214084.9702652,1772214084.9073963,364.2578125,-12.20703125,-101.07421875,-41.015625,0.0,0,0
1772214084.9703171,1772214084.9112957,401.85546875,-39.55078125,-152.83203125,-75.1953125,0.0,0,0
1772214084.970368,1772214084.9151947,395.99609375,-41.9921875,-142.08984375,-96.19140625,0.0,0,0
1772214084.97042,1772214084.919094,356.93359375,-12.6953125,-217.28515625,-107.91015625,0.0,0,0
1772214084.9704802,1772214084.9229932,379.39453125,-9.27734375,-199.70703125,-120.60546875,0.0,0,0
1772214084.9705431,1772214084.9268925,317.3828125,-22.4609375,-84.47265625,-128.90625,0.0,0,0
1772214085.002107,1772214084.9308815,473.6328125,-15.13671875,11.71875,-131.34765625,0.0,0,0
1772214085.002207,1772214084.9347806,658.203125,-2.44140625,17.08984375,-134.765625,0.0,0,0
1772214085.002264,1772214084.93868,673.33984375,15.625,-0.9765625,-150.390625,0.0,0,0
1772214085.0023181,1772214084.942579,672.8515625,34.66796875,-29.78515625,-158.203125,0.0,0,0
1772214085.002369,1772214084.9464784,735.83984375,26.85546875,-17.578125,-147.94921875,0.0,0,0
1772214085.002421,1772214084.9503775,787.109375,20.99609375,40.0390625,-147.4609375,0.0,0,0
1772214085.0024729,1772214084.9542768,700.1953125,18.5546875,43.45703125,-169.43359375,0.0,0,0
1772214085.002524,1772214084.958176,637.20703125,5.37109375,20.99609375,-168.9453125,0.0,0,0
1772214085.002579,1772214084.9620752,699.70703125,14.16015625,-4.39453125,-189.453125,0.0,0,0
1772214085.002629,1772214084.9659746,724.12109375,31.25,-3.90625,-242.67578125,0.0,0,0
1772214085.002679,1772214084.9698737,707.03125,18.5546875,-66.89453125,-274.4140625,0.0,0,0
1772214085.002729,1772214084.973773,715.33203125,16.11328125,-96.19140625,-273.92578125,0.0,0,0
1772214085.046669,1772214084.977757,685.546875,0.9765625,-12.6953125,-265.13671875,0.0,0,0
1772214085.046782,1772214084.981656,739.74609375,-34.1796875,72.75390625,-245.1171875,0.0,0,0
1772214085.046824,1772214084.9855554,759.765625,-52.734375,61.5234375,-228.02734375,0.0,0,0
1772214085.0468638,1772214084.9894547,763.671875,-53.7109375,-42.48046875,-204.58984375,0.0,0,0
1772214085.046904,1772214084.9933538,795.41015625,-47.8515625,-123.53515625,-192.3828125,0.0,0,0
1772214085.046942,1772214084.9972532,743.1640625,-14.16015625,-220.21484375,-203.125,0.0,0,0
1772214085.0469801,1772214085.0011523,832.03125,12.20703125,-328.125,-191.89453125,0.0,0,0
1772214085.047018,1772214085.0050516,968.26171875,-4.8828125,-321.2890625,-167.48046875,0.0,0,0
1772214085.047057,1772214085.008951,966.30859375,-5.859375,-270.99609375,-139.16015625,0.0,0,0
1772214085.047095,1772214085.01285,964.35546875,-7.32421875,-292.96875,-124.51171875,0.0,0,0
1772214085.0471308,1772214085.0167494,967.7734375,-36.62109375,-250.0,-129.39453125,0.0,0,0
1772214085.047171,1772214085.0206485,967.28515625,-28.3203125,-208.49609375,-138.671875,0.0,0,0
1772214085.0917928,1772214085.0246243,967.28515625,-27.34375,-181.640625,-145.01953125,0.0,0,0
1772214085.091938,1772214085.0285237,966.796875,-45.8984375,-103.515625,-153.3203125,0.0,0,0
1772214085.091997,1772214085.032423,967.28515625,-36.62109375,27.34375,-151.3671875,0.0,0,0
1772214085.092051,1772214085.036322,967.28515625,-39.0625,46.38671875,-151.85546875,0.0,0,0
1772214085.0921118,1772214085.0402215,961.42578125,-69.82421875,-31.25,-157.71484375,0.0,0,0
1772214085.092164,1772214085.0441206,967.28515625,-70.80078125,-23.4375,-150.87890625,0.0,0,0
1772214085.092216,1772214085.04802,953.125,-58.10546875,-62.98828125,-151.85546875,0.0,0,0
1772214085.092266,1772214085.0519192,951.171875,-69.82421875,-126.46484375,-173.828125,0.0,0,0
1772214085.0923169,1772214085.0558183,970.21484375,-48.33984375,-166.50390625,-202.1484375,0.0,0,0
1772214085.092372,1772214085.0597177,966.796875,-25.390625,-178.7109375,-194.3359375,0.0,0,0
1772214085.092423,1772214085.063617,966.796875,-63.4765625,-101.07421875,-169.43359375,0.0,0,0
1772214085.092491,1772214085.067516,967.28515625,-82.03125,-19.53125,-190.91796875,0.0,0,0
1772214085.13636,1772214085.0714848,967.28515625,-62.01171875,-25.390625,-189.94140625,0.0,0,0
1772214085.1365051,1772214085.0753841,967.28515625,-74.70703125,-41.015625,-179.6875,0.0,0,0
1772214085.136564,1772214085.0792835,967.28515625,-88.8671875,-75.68359375,-205.078125,0.0,0,0
1772214085.136618,1772214085.0831826,967.28515625,-77.63671875,-144.04296875,-209.47265625,0.0,0,0
1772214085.136673,1772214085.087082,967.28515625,-81.54296875,-99.12109375,-198.73046875,0.0,0,0
1772214085.136726,1772214085.0909812,967.28515625,-78.125,-50.78125,-218.26171875,0.0,0,0
1772214085.1367779,1772214085.0948803,967.28515625,-93.26171875,-62.01171875,-243.65234375,0.0,0,0
1772214085.1368299,1772214085.0987797,967.28515625,-102.5390625,-120.1171875,-250.0,0.0,0,0
1772214085.1368809,1772214085.102679,967.28515625,-101.07421875,-237.79296875,-251.46484375,0.0,0,0
1772214085.1369321,1772214085.106578,967.28515625,-120.60546875,-258.30078125,-229.00390625,0.0,0,0
1772214085.136984,1772214085.1104774,967.28515625,-96.19140625,-593.26171875,-196.77734375,0.0,0,0
1772214085.137035,1772214085.1143768,967.28515625,-79.1015625,-1000.0,-174.31640625,0.0,0,0
1772214085.196055,1772214085.118393,967.28515625,-92.7734375,-995.1171875,-157.71484375,0.0,0,0
1772214085.1961422,1772214085.1222923,967.28515625,-97.65625,-991.69921875,-149.90234375,0.0,0,0
1772214085.19617,1772214085.1261916,967.28515625,-74.21875,-1000.0,-132.32421875,0.0,0,0
1772214085.1961951,1772214085.1300907,967.28515625,-61.5234375,-1000.0,-140.13671875,0.0,0,0
1772214085.196222,1772214085.13399,964.35546875,-54.6875,-1000.0,-166.9921875,0.0,0,0
1772214085.196247,1772214085.1378894,967.28515625,-0.48828125,-1000.0,-143.06640625,0.0,0,0
1772214085.1962729,1772214085.1417885,950.1953125,21.97265625,-1000.0,-112.79296875,0.0,0,0
1772214085.196297,1772214085.1456878,810.05859375,-11.71875,-1000.0,-111.328125,0.0,0,0
1772214085.196321,1772214085.1495872,780.76171875,-14.6484375,-1000.0,-100.5859375,0.0,0,0
1772214085.1964319,1772214085.1534865,857.421875,17.578125,-1000.0,-122.55859375,0.0,0,0
1772214085.196516,1772214085.1573856,785.64453125,21.97265625,-1000.0,-157.71484375,0.0,0,0
1772214085.196542,1772214085.161285,865.234375,24.90234375,-1000.0,-154.296875,0.0,0,0
1772214085.268929,1772214085.1652393,976.07421875,40.0390625,-1000.0,-139.16015625,0.0,0,0
1772214085.269013,1772214085.1691384,963.37890625,61.5234375,-1000.0,-143.5546875,0.0,0,0
1772214085.269044,1772214085.1730378,965.8203125,65.91796875,-1000.0,-163.57421875,0.0,0,0
1772214085.269164,1772214085.176937,967.7734375,71.2890625,-999.51171875,-193.84765625,0.0,0,0
1772214085.269192,1772214085.1808364,967.7734375,77.63671875,-994.140625,-223.6328125,0.0,0,0
1772214085.269217,1772214085.1847355,967.7734375,78.61328125,-1000.0,-220.21484375,0.0,0,0
1772214085.269241,1772214085.1886349,967.28515625,79.58984375,-884.765625,-206.0546875,0.0,0,0
1772214085.269265,1772214085.1925342,967.28515625,80.078125,-633.7890625,-233.88671875,0.0,0,0
1772214085.26929,1772214085.1964335,967.28515625,72.75390625,-631.34765625,-236.328125,0.0,0,0
1772214085.269314,1772214085.2003326,967.28515625,61.03515625,-714.35546875,-246.09375,0.0,0,0
1772214085.2693381,1772214085.204232,967.28515625,35.64453125,-690.91796875,-287.59765625,0.0,0,0
1772214085.269362,1772214085.2081313,967.28515625,20.5078125,-822.75390625,-319.3359375,0.0,0,0
1772214085.2864692,1772214085.212138,967.28515625,52.24609375,-942.87109375,-305.6640625,0.0,0,0
1772214085.286557,1772214085.2160373,967.7734375,66.89453125,-952.1484375,-258.7890625,0.0,0,0
1772214085.286586,1772214085.2199366,963.37890625,33.203125,-952.1484375,-222.65625,0.0,0,0
1772214085.286612,1772214085.2238357,971.6796875,-2.44140625,-960.44921875,-203.61328125,0.0,0,0
1772214085.286637,1772214085.227735,918.9453125,-25.390625,-998.53515625,-203.125,0.0,0,0
1772214085.286664,1772214085.2316344,791.50390625,-54.6875,-1000.0,-206.0546875,0.0,0,0
1772214085.286689,1772214085.2355337,566.89453125,-99.609375,-999.51171875,-235.3515625,0.0,0,0
1772214085.2867131,1772214085.2394328,343.75,-131.34765625,-998.046875,-268.5546875,0.0,0,0
1772214085.286738,1772214085.2433321,513.671875,-152.83203125,-1000.0,-277.34375,0.0,0,0
1772214085.286761,1772214085.2472315,758.30078125,-182.12890625,-986.81640625,-248.53515625,0.0,0,0
1772214085.286786,1772214085.2511308,433.10546875,-199.21875,-928.22265625,-232.421875,0.0,0,0
1772214085.2868102,1772214085.2550302,-73.2421875,-231.4453125,-887.20703125,-242.67578125,0.0,0,0
1772214085.3609228,1772214085.2590797,-379.39453125,-276.85546875,-848.14453125,-268.06640625,0.0,0,0
1772214085.3610198,1772214085.262979,-596.19140625,-276.85546875,-827.1484375,-283.69140625,0.0,0,0
1772214085.361048,1772214085.2668781,-623.046875,-280.76171875,-867.1875,-312.5,0.0,0,0
1772214085.3610728,1772214085.2707775,-529.296875,-289.55078125,-910.64453125,-339.35546875,0.0,0,0
1772214085.3611012,1772214085.2746768,-430.6640625,-306.15234375,-950.1953125,-326.171875,0.0,0,0
1772214085.361126,1772214085.2785761,-347.65625,-327.63671875,-921.38671875,-295.41015625,0.0,0,0
1772214085.361176,1772214085.2824755,-249.51171875,-324.21875,-746.09375,-295.8984375,0.0,0,0
1772214085.361204,1772214085.2863748,-263.671875,-315.4296875,-613.76953125,-286.1328125,0.0,0,0
1772214085.361255,1772214085.290274,-247.55859375,-283.69140625,-556.640625,-256.8359375,0.0,0,0
1772214085.3612921,1772214085.2941732,-144.04296875,-269.04296875,-461.9140625,-265.13671875,0.0,0,0
1772214085.3613188,1772214085.2980726,-76.66015625,-264.6484375,-321.2890625,-266.11328125,0.0,0,0
1772214085.361344,1772214085.301972,-102.05078125,-260.7421875,-284.1796875,-242.1875,0.0,0,0
1772214085.3903801,1772214085.3059156,-133.7890625,-263.18359375,-280.2734375,-216.796875,0.0,0,0
1772214085.390493,1772214085.3098147,-29.78515625,-264.6484375,-258.7890625,-219.7265625,0.0,0,0
1772214085.390578,1772214085.313714,147.4609375,-266.11328125,-158.203125,-252.44140625,0.0,0,0
1772214085.390646,1772214085.3176134,128.41796875,-253.90625,96.6796875,-286.62109375,0.0,0,0
1772214085.3906932,1772214085.3215127,-70.80078125,-229.00390625,286.62109375,-292.48046875,0.0,0,0
1772214085.390761,1772214085.325412,-289.0625,-222.65625,349.609375,-272.94921875,0.0,0,0
1772214085.390833,1772214085.3293114,-376.953125,-216.796875,279.78515625,-256.34765625,0.0,0,0
1772214085.390883,1772214085.3332107,-337.40234375,-208.49609375,168.9453125,-254.39453125,0.0,0,0
1772214085.390937,1772214085.3371098,-373.046875,-222.16796875,88.37890625,-254.8828125,0.0,0,0
1772214085.391001,1772214085.3410091,-410.64453125,-205.078125,35.15625,-264.6484375,0.0,0,0
1772214085.391048,1772214085.3449085,-368.65234375,-185.05859375,-13.18359375,-269.04296875,0.0,0,0
1772214085.391076,1772214085.3488078,-233.88671875,-174.8046875,-107.421875,-274.4140625,0.0,0,0
1772214085.436129,1772214085.352844,-63.96484375,-152.34375,-170.8984375,-278.80859375,0.0,0,0
1772214085.4362218,1772214085.3567433,-9.27734375,-158.69140625,-101.5625,-271.484375,0.0,0,0
1772214085.436251,1772214085.3606427,-75.68359375,-166.015625,-69.82421875,-282.71484375,0.0,0,0
1772214085.436276,1772214085.364542,-133.30078125,-157.2265625,-89.84375,-291.015625,0.0,0,0
1772214085.436301,1772214085.368441,-231.93359375,-175.78125,-31.25,-278.3203125,0.0,0,0
1772214085.436325,1772214085.3723404,-250.0,-197.265625,283.203125,-291.9921875,0.0,0,0
1772214085.436349,1772214085.3762398,-165.52734375,-179.19921875,775.390625,-273.4375,0.0,0,0
1772214085.436394,1772214085.380139,-72.265625,-140.13671875,962.40234375,-259.765625,0.0,0,0
1772214085.436438,1772214085.3840384,-35.15625,-121.09375,961.9140625,-283.69140625,0.0,0,0
1772214085.4364648,1772214085.3879378,148.92578125,-107.421875,921.38671875,-269.04296875,0.0,0,0
1772214085.436491,1772214085.3918371,410.64453125,-78.61328125,824.70703125,-245.60546875,0.0,0,0
1772214085.436516,1772214085.3957365,533.203125,-67.3828125,764.6484375,-230.95703125,0.0,0,0
1772214085.495667,1772214085.3997684,608.88671875,-85.44921875,820.80078125,-198.73046875,0.0,0,0
1772214085.495789,1772214085.4036677,660.64453125,-83.984375,884.27734375,-193.359375,0.0,0,0
1772214085.4958332,1772214085.4075668,658.203125,-55.17578125,722.16796875,-203.61328125,0.0,0,0
1772214085.4958751,1772214085.4114661,418.9453125,-50.78125,427.734375,-178.22265625,0.0,0,0
1772214085.495914,1772214085.4153655,178.7109375,-55.6640625,143.5546875,-197.75390625,0.0,0,0
1772214085.495952,1772214085.4192648,90.8203125,-53.22265625,-20.01953125,-245.1171875,0.0,0,0
1772214085.496001,1772214085.4231641,-74.21875,-66.40625,-39.0625,-271.97265625,0.0,0,0
1772214085.496041,1772214085.4270635,-357.421875,-89.35546875,-178.22265625,-307.6171875,0.0,0,0
1772214085.49608,1772214085.4309628,-442.3828125,-86.42578125,-279.296875,-317.87109375,0.0,0,0
1772214085.496188,1772214085.4348621,-458.984375,-70.80078125,-270.5078125,-320.80078125,0.0,0,0
1772214085.496306,1772214085.4387615,-510.7421875,-87.40234375,-291.015625,-335.44921875,0.0,0,0
1772214085.496376,1772214085.4426608,-488.76953125,-107.91015625,-285.15625,-337.40234375,0.0,0,0
1772214085.512396,1772214085.4466374,-458.984375,-120.1171875,-169.43359375,-349.609375,0.0,0,0
1772214085.512481,1772214085.4505367,-415.0390625,-164.55078125,-112.3046875,-356.93359375,0.0,0,0
1772214085.5125089,1772214085.454436,-266.11328125,-192.87109375,-89.84375,-362.3046875,0.0,0,0
1772214085.5125482,1772214085.4583354,-108.3984375,-177.24609375,-125.48828125,-364.74609375,0.0,0,0
1772214085.51262,1772214085.4622347,-1.46484375,-196.77734375,-216.30859375,-336.42578125,0.0,0,0
1772214085.51266,1772214085.466134,136.71875,-203.61328125,-185.546875,-301.26953125,0.0,0,0
1772214085.5126872,1772214085.4700334,146.484375,-185.05859375,-40.0390625,-289.55078125,0.0,0,0
1772214085.512737,1772214085.4739327,108.3984375,-185.05859375,280.2734375,-259.27734375,0.0,0,0
1772214085.5127869,1772214085.477832,25.390625,-196.77734375,494.62890625,-273.4375,0.0,0,0
1772214085.512815,1772214085.4817314,-86.9140625,-192.3828125,795.41015625,-307.12890625,0.0,0,0
1772214085.512841,1772214085.4856308,-83.984375,-108.88671875,985.83984375,-316.89453125,0.0,0,0
1772214085.512867,1772214085.48953,-89.35546875,-39.0625,958.0078125,-321.77734375,0.0,0,0
1772214085.556323,1772214085.4934907,-115.72265625,-45.41015625,966.796875,-305.6640625,0.0,0,0
1772214085.5564082,1772214085.49739,-88.37890625,-59.5703125,968.26171875,-284.66796875,0.0,0,0
1772214085.556436,1772214085.5012894,-41.015625,-55.17578125,968.26171875,-266.6015625,0.0,0,0
1772214085.556461,1772214085.5051887,-92.7734375,-67.87109375,968.75,-249.51171875,0.0,0,0
1772214085.55657,1772214085.509088,-202.63671875,-79.58984375,956.0546875,-243.65234375,0.0,0,0
1772214085.556597,1772214085.5129874,-135.25390625,-61.03515625,990.72265625,-232.421875,0.0,0,0
1772214085.556621,1772214085.5168867,-67.3828125,-60.546875,866.2109375,-220.21484375,0.0,0,0
1772214085.5566459,1772214085.520786,-180.17578125,-77.1484375,563.96484375,-230.46875,0.0,0,0
1772214085.55667,1772214085.5246854,-92.28515625,-65.91796875,746.09375,-234.375,0.0,0,0
1772214085.5567338,1772214085.5285847,-55.17578125,-49.31640625,848.14453125,-231.4453125,0.0,0,0
1772214085.556776,1772214085.532484,-203.61328125,-63.4765625,288.0859375,-251.953125,0.0,0,0
1772214085.5568378,1772214085.5363834,-228.515625,-77.1484375,-82.51953125,-273.4375,0.0,0,0
1772214085.6013901,1772214085.540339,-216.30859375,-78.125,-219.7265625,-274.90234375,0.0,0,0
1772214085.60155,1772214085.5442383,-76.66015625,-88.37890625,-338.8671875,-250.9765625,0.0,0,0
1772214085.60161,1772214085.5481377,82.03125,-103.515625,-402.83203125,-242.67578125,0.0,0,0
1772214085.601665,1772214085.552037,280.2734375,-100.5859375,-451.66015625,-267.578125,0.0,0,0
1772214085.601717,1772214085.5559363,409.66796875,-96.19140625,-505.37109375,-273.92578125,0.0,0,0
1772214085.601771,1772214085.5598357,349.12109375,-95.703125,-461.9140625,-242.67578125,0.0,0,0
1772214085.601823,1772214085.563735,396.97265625,-89.35546875,-351.07421875,-270.01953125,0.0,0,0
1772214085.601894,1772214085.5676346,387.20703125,-127.9296875,-386.71875,-304.6875,0.0,0,0
1772214085.601946,1772214085.571534,303.7109375,-170.41015625,-350.5859375,-292.48046875,0.0,0,0
1772214085.601999,1772214085.5754333,300.78125,-170.41015625,-109.86328125,-303.7109375,0.0,0,0
1772214085.60205,1772214085.5793326,279.296875,-184.08203125,246.58203125,-306.15234375,0.0,0,0
1772214085.602102,1772214085.583232,307.6171875,-202.1484375,420.8984375,-305.17578125,0.0,0,0
1772214085.65994,1772214085.5871804,275.390625,-190.4296875,302.734375,-294.921875,0.0,0,0
1772214085.660028,1772214085.5910797,248.53515625,-158.69140625,449.70703125,-272.94921875,0.0,0,0
1772214085.660056,1772214085.594979,242.1875,-139.6484375,740.72265625,-268.5546875,0.0,0,0
1772214085.6600819,1772214085.5988784,107.421875,-148.92578125,833.984375,-255.859375,0.0,0,0
1772214085.660107,1772214085.6027777,-50.78125,-153.80859375,765.13671875,-249.0234375,0.0,0,0
1772214085.6601322,1772214085.606677,-52.24609375,-140.13671875,644.53125,-249.0234375,0.0,0,0
1772214085.660157,1772214085.6105764,46.38671875,-144.53125,641.6015625,-246.58203125,0.0,0,0
1772214085.660182,1772214085.6144757,20.5078125,-173.828125,665.0390625,-246.58203125,0.0,0,0
1772214085.6602051,1772214085.6183753,3.90625,-169.921875,645.99609375,-272.94921875,0.0,0,0
1772214085.66023,1772214085.6222746,36.62109375,-155.2734375,608.3984375,-286.62109375,0.0,0,0
1772214085.660254,1772214085.626174,-126.953125,-161.1328125,612.79296875,-303.22265625,0.0,0,0
1772214085.660278,1772214085.6300733,-291.50390625,-152.83203125,656.25,-322.75390625,0.0,0,0
1772214085.706309,1772214085.6340132,-234.86328125,-149.4140625,718.26171875,-293.45703125,0.0,0,0
1772214085.706401,1772214085.6379125,-153.3203125,-170.41015625,846.19140625,-290.52734375,0.0,0,0
1772214085.70643,1772214085.6418118,-177.734375,-187.98828125,957.03125,-323.73046875,0.0,0,0
1772214085.706456,1772214085.6457114,-242.1875,-166.9921875,871.58203125,-323.73046875,0.0,0,0
1772214085.706481,1772214085.6496108,-361.328125,-142.578125,637.20703125,-330.078125,0.0,0,0
1772214085.706506,1772214085.65351,-468.26171875,-139.16015625,585.9375,-350.5859375,0.0,0,0
1772214085.70653,1772214085.6574094,-410.15625,-140.625,654.78515625,-328.125,0.0,0,0
1772214085.7065542,1772214085.6613088,-311.03515625,-143.5546875,619.62890625,-322.265625,0.0,0,0
1772214085.706578,1772214085.665208,-318.84765625,-131.34765625,736.328125,-346.19140625,0.0,0,0
1772214085.706604,1772214085.6691074,-369.62890625,-110.3515625,917.96875,-331.0546875,0.0,0,0
1772214085.706629,1772214085.6730068,-328.61328125,-102.05078125,914.55078125,-309.5703125,0.0,0,0
1772214085.7066538,1772214085.676906,-230.46875,-110.83984375,879.39453125,-309.5703125,0.0,0,0
1772214085.780329,1772214085.680895,-162.59765625,-111.328125,894.04296875,-300.78125,0.0,0,0
1772214085.780441,1772214085.6847944,-125.48828125,-91.796875,855.46875,-281.73828125,0.0,0,0
1772214085.780469,1772214085.6886938,-139.16015625,-76.66015625,740.72265625,-270.01953125,0.0,0,0
1772214085.7804952,1772214085.692593,-137.20703125,-55.6640625,653.3203125,-275.390625,0.0,0,0
1772214085.780521,1772214085.6964924,-43.9453125,-26.85546875,643.5546875,-264.6484375,0.0,0,0
1772214085.780546,1772214085.7003918,40.52734375,0.0,685.546875,-258.7890625,0.0,0,0
1772214085.78057,1772214085.704291,-36.1328125,-14.16015625,677.734375,-272.94921875,0.0,0,0
1772214085.7805939,1772214085.7081904,-82.51953125,-41.9921875,647.4609375,-274.90234375,0.0,0,0
1772214085.780619,1772214085.71209,62.98828125,-36.1328125,583.0078125,-268.06640625,0.0,0,0
1772214085.7806442,1772214085.7159894,162.59765625,-20.01953125,495.1171875,-246.09375,0.0,0,0
1772214085.780668,1772214085.7198887,158.203125,-14.16015625,364.74609375,-228.02734375,0.0,0,0
1772214085.780693,1772214085.723788,82.03125,-25.87890625,228.515625,-230.46875,0.0,0,0
1772214085.79636,1772214085.7277737,-29.296875,-41.015625,332.51953125,-235.3515625,0.0,0,0
1772214085.796478,1772214085.731673,22.4609375,-43.45703125,557.12890625,-252.9296875,0.0,0,0
1772214085.7965062,1772214085.7355723,76.66015625,-14.6484375,628.90625,-276.85546875,0.0,0,0
1772214085.796533,1772214085.7394717,34.66796875,3.41796875,484.86328125,-253.90625,0.0,0,0
1772214085.796559,1772214085.7433712,-30.76171875,-30.2734375,353.515625,-239.2578125,0.0,0,0
1772214085.796583,1772214085.7472706,-47.8515625,-37.59765625,346.6796875,-250.0,0.0,0,0
1772214085.796607,1772214085.75117,-24.4140625,-51.7578125,312.5,-279.296875,0.0,0,0
1772214085.796631,1772214085.7550693,-46.38671875,-74.70703125,235.3515625,-313.4765625,0.0,0,0
1772214085.7966561,1772214085.7589686,-40.52734375,-88.37890625,193.84765625,-316.40625,0.0,0,0
1772214085.796681,1772214085.7628682,-26.85546875,-79.1015625,191.40625,-332.51953125,0.0,0,0
1772214085.796708,1772214085.7667675,-50.29296875,-16.11328125,211.9140625,-359.375,0.0,0,0
1772214085.796731,1772214085.7706668,-77.63671875,28.3203125,172.36328125,-355.95703125,0.0,0,0
1772214085.841193,1772214085.7746418,-70.80078125,30.76171875,89.84375,-330.56640625,0.0,0,0
1772214085.841276,1772214085.7785413,-87.40234375,-3.90625,-93.75,-318.359375,0.0,0,0
1772214085.841304,1772214085.7824407,-33.203125,-28.3203125,-296.875,-327.1484375,0.0,0,0
1772214085.841332,1772214085.78634,60.546875,-31.25,-320.80078125,-306.640625,0.0,0,0
1772214085.841357,1772214085.7902393,70.3125,-22.94921875,-221.6796875,-259.765625,0.0,0,0
1772214085.841381,1772214085.794139,76.66015625,-26.85546875,-183.10546875,-233.88671875,0.0,0,0
1772214085.8414059,1772214085.7980382,49.8046875,-50.29296875,-269.04296875,-231.4453125,0.0,0,0
1772214085.8414311,1772214085.8019376,32.71484375,-59.08203125,-299.8046875,-250.48828125,0.0,0,0
1772214085.8414552,1772214085.805837,-64.94140625,-65.4296875,-305.6640625,-280.76171875,0.0,0,0
1772214085.841482,1772214085.8097363,-145.01953125,-54.6875,-400.87890625,-274.90234375,0.0,0,0
1772214085.84153,1772214085.8136358,-124.0234375,-55.17578125,-395.99609375,-285.64453125,0.0,0,0
1772214085.841577,1772214085.8175352,-108.88671875,-67.87109375,-301.7578125,-278.80859375,0.0,0,0
1772214085.886922,1772214085.821508,-103.515625,-87.40234375,-409.1796875,-259.765625,0.0,0,0
1772214085.887032,1772214085.8254073,-92.28515625,-104.4921875,-532.71484375,-279.296875,0.0,0,0
1772214085.8870609,1772214085.8293066,-101.5625,-84.9609375,-542.96875,-290.52734375,0.0,0,0
1772214085.8870862,1772214085.833206,-74.21875,-60.546875,-510.7421875,-280.76171875,0.0,0,0
1772214085.887143,1772214085.8371055,-106.4453125,-46.875,-474.12109375,-266.6015625,0.0,0,0
1772214085.887188,1772214085.8410048,-146.97265625,-41.9921875,-482.421875,-249.51171875,0.0,0,0
1772214085.8873248,1772214085.8449042,-106.4453125,-48.828125,-497.55859375,-253.90625,0.0,0,0
1772214085.8873532,1772214085.8488035,-96.6796875,-69.82421875,-546.38671875,-271.484375,0.0,0,0
1772214085.887378,1772214085.852703,-145.01953125,-83.0078125,-602.05078125,-302.24609375,0.0,0,0
1772214085.887403,1772214085.8566024,-158.203125,-71.77734375,-369.62890625,-306.15234375,0.0,0,0
1772214085.8874292,1772214085.8605018,-191.40625,-69.3359375,-290.52734375,-290.52734375,0.0,0,0
1772214085.887454,1772214085.864401,-306.15234375,-75.68359375,-573.2421875,-313.96484375,0.0,0,0
1772214085.947016,1772214085.8684173,-225.5859375,-85.44921875,-469.7265625,-308.10546875,0.0,0,0
1772214085.9471931,1772214085.8723168,-185.546875,-87.40234375,-254.39453125,-271.97265625,0.0,0,0
1772214085.947252,1772214085.8762162,-238.28125,-110.3515625,-189.94140625,-283.69140625,0.0,0,0
1772214085.947306,1772214085.8801155,-251.953125,-126.953125,-93.26171875,-308.59375,0.0,0,0
1772214085.947361,1772214085.884015,-318.359375,-108.3984375,-117.1875,-295.8984375,0.0,0,0
1772214085.947412,1772214085.8879144,-271.484375,-84.9609375,-79.58984375,-280.76171875,0.0,0,0
1772214085.947464,1772214085.8918138,-187.5,-75.68359375,71.2890625,-277.34375,0.0,0,0
1772214085.947532,1772214085.895713,-278.80859375,-110.3515625,183.59375,-284.66796875,0.0,0,0
1772214085.947592,1772214085.8996127,-360.3515625,-117.67578125,235.3515625,-280.76171875,0.0,0,0
1772214085.9476511,1772214085.903512,-372.0703125,-72.75390625,83.984375,-276.85546875,0.0,0,0
1772214085.9477031,1772214085.9074113,-317.87109375,-76.171875,-35.15625,-290.0390625,0.0,0,0
1772214085.947755,1772214085.911311,-271.97265625,-99.609375,-2.9296875,-306.15234375,0.0,0,0
1772214085.9761019,1772214085.9152653,-289.55078125,-95.21484375,-38.0859375,-309.5703125,0.0,0,0
1772214085.976199,1772214085.919165,-288.0859375,-92.7734375,0.9765625,-309.08203125,0.0,0,0
1772214085.976243,1772214085.9230642,-272.94921875,-81.54296875,20.01953125,-307.6171875,0.0,0,0
1772214085.9762838,1772214085.9269636,-248.53515625,-73.73046875,-108.3984375,-284.1796875,0.0,0,0
1772214085.976324,1772214085.9308631,-245.60546875,-80.078125,-158.203125,-283.203125,0.0,0,0
1772214085.976362,1772214085.9347625,-243.65234375,-75.68359375,-102.5390625,-292.96875,0.0,0,0
1772214085.9764009,1772214085.9386618,-247.55859375,-94.7265625,-93.26171875,-296.875,0.0,0,0
1772214085.9764538,1772214085.9425611,-314.94140625,-114.74609375,-66.40625,-298.828125,0.0,0,0
1772214085.976491,1772214085.9464607,-387.6953125,-108.3984375,-12.6953125,-302.24609375,0.0,0,0
1772214085.9765499,1772214085.95036,-369.140625,-111.328125,22.94921875,-314.94140625,0.0,0,0
1772214085.976588,1772214085.9542594,-260.7421875,-141.6015625,37.59765625,-331.0546875,0.0,0,0
1772214085.976635,1772214085.958159,-235.3515625,-168.9453125,78.125,-321.77734375,0.0,0,0
1772214086.0347059,1772214085.9621062,-313.96484375,-172.36328125,139.16015625,-330.56640625,0.0,0,0
1772214086.034831,1772214085.9660056,-375.0,-177.734375,228.02734375,-356.4453125,0.0,0,0
1772214086.034891,1772214085.9699051,-314.94140625,-166.015625,236.328125,-347.65625,0.0,0,0
1772214086.034949,1772214085.9738045,-241.2109375,-152.34375,231.4453125,-327.1484375,0.0,0,0
1772214086.035002,1772214085.9777038,-226.07421875,-127.44140625,221.6796875,-323.73046875,0.0,0,0
1772214086.035056,1772214085.9816034,-208.49609375,-84.9609375,173.33984375,-318.359375,0.0,0,0
1772214086.035108,1772214085.9855027,-290.52734375,-108.88671875,122.0703125,-339.84375,0.0,0,0
1772214086.03516,1772214085.989402,-302.734375,-123.53515625,78.125,-357.91015625,0.0,0,0
1772214086.035211,1772214085.9933016,-284.1796875,-91.30859375,-12.6953125,-313.96484375,0.0,0,0
1772214086.0352619,1772214085.997201,-236.328125,-77.1484375,-128.90625,-303.7109375,0.0,0,0
1772214086.0353248,1772214086.0011003,-142.578125,-71.2890625,-133.7890625,-308.59375,0.0,0,0
1772214086.035409,1772214086.0049999,-148.92578125,-64.94140625,-122.55859375,-302.734375,0.0,0,0
1772214086.081193,1772214086.0089402,-162.109375,-56.640625,-37.59765625,-311.03515625,0.0,0,0
1772214086.081335,1772214086.0128396,-149.90234375,-63.4765625,22.4609375,-304.19921875,0.0,0,0
1772214086.081394,1772214086.016739,-155.2734375,-62.5,-42.48046875,-295.8984375,0.0,0,0
1772214086.081449,1772214086.0206385,-131.34765625,-43.9453125,9.765625,-313.96484375,0.0,0,0
1772214086.081503,1772214086.0245378,-146.97265625,-30.2734375,19.53125,-297.36328125,0.0,0,0
1772214086.081555,1772214086.0284371,-155.2734375,-20.5078125,-85.9375,-265.625,0.0,0,0
1772214086.0816069,1772214086.0323367,-99.609375,-25.390625,-79.1015625,-260.7421875,0.0,0,0
1772214086.0816588,1772214086.036236,-124.0234375,-38.0859375,-98.6328125,-282.2265625,0.0,0,0
1772214086.08172,1772214086.0401354,-145.5078125,-23.4375,-349.12109375,-301.26953125,0.0,0,0
1772214086.081781,1772214086.044035,-141.6015625,-10.25390625,-588.8671875,-304.6875,0.0,0,0
1772214086.081831,1772214086.0479343,-147.4609375,-20.5078125,-580.078125,-293.45703125,0.0,0,0
1772214086.081905,1772214086.0518336,-194.82421875,-42.48046875,-633.7890625,-263.18359375,0.0,0,0
1772214086.127158,1772214086.0558255,-192.3828125,-62.01171875,-529.78515625,-241.69921875,0.0,0,0
1772214086.127328,1772214086.0597248,-245.60546875,-53.7109375,-516.11328125,-233.88671875,0.0,0,0
1772214086.12738,1772214086.0636244,-305.6640625,-40.52734375,-909.66796875,-217.28515625,0.0,0,0
1772214086.127421,1772214086.0675237,-286.62109375,-41.9921875,-1000.0,-214.84375,0.0,0,0
1772214086.127459,1772214086.0714233,-182.12890625,-32.2265625,-987.3046875,-236.81640625,0.0,0,0
1772214086.127499,1772214086.0753226,-364.74609375,-25.87890625,-1000.0,-246.09375,0.0,0,0
1772214086.127558,1772214086.079222,-945.3125,-39.0625,-1000.0,-256.8359375,0.0,0,0
1772214086.1276438,1772214086.0831215,-1000.0,-41.9921875,-1000.0,-257.8125,0.0,0,0
1772214086.127691,1772214086.0870209,-977.5390625,-29.78515625,-1000.0,-257.32421875,0.0,0,0
1772214086.127778,1772214086.0909204,-1000.0,-14.16015625,-1000.0,-254.8828125,0.0,0,0
1772214086.12785,1772214086.0948198,-1000.0,-8.30078125,-1000.0,-253.41796875,0.0,0,0
1772214086.127886,1772214086.0987191,-1000.0,0.0,-1000.0,-240.72265625,0.0,0,0
1772214086.171808,1772214086.1027057,-1000.0,0.9765625,-1000.0,-234.375,0.0,0,0
1772214086.171916,1772214086.106605,-1000.0,-20.01953125,-1000.0,-243.1640625,0.0,0,0
1772214086.171943,1772214086.1105044,-1000.0,-52.734375,-1000.0,-235.3515625,0.0,0,0
1772214086.171968,1772214086.114404,-1000.0,-36.62109375,-1000.0,-233.88671875,0.0,0,0
1772214086.171993,1772214086.1183033,-1000.0,-13.671875,-1000.0,-230.95703125,0.0,0,0
1772214086.1720161,1772214086.1222029,-1000.0,-26.85546875,-1000.0,-208.984375,0.0,0,0
1772214086.1720462,1772214086.1261022,-1000.0,-41.9921875,-1000.0,-207.03125,0.0,0,0
1772214086.1720698,1772214086.1300018,-1000.0,-35.64453125,-1000.0,-217.7734375,0.0,0,0
1772214086.172093,1772214086.1339011,-1000.0,-29.296875,-1000.0,-199.70703125,0.0,0,0
1772214086.172121,1772214086.1378005,-1000.0,-42.48046875,-1000.0,-186.03515625,0.0,0,0
1772214086.1721442,1772214086.1417,-980.95703125,-57.12890625,-1000.0,-199.70703125,0.0,0,0
1772214086.17217,1772214086.1455994,-937.01171875,-73.2421875,-1000.0,-213.37890625,0.0,0,0
1772214086.2783191,1772214086.149737,-891.11328125,-84.9609375,-1000.0,-210.9375,0.0,0,0
1772214086.278489,1772214086.1536365,-872.0703125,-107.91015625,-999.51171875,-208.984375,0.0,0,0
1772214086.278551,1772214086.157536,-790.52734375,-107.421875,-1000.0,-207.51953125,0.0,0,0
1772214086.278605,1772214086.1614354,-765.13671875,-89.84375,-988.28125,-192.3828125,0.0,0,0
1772214086.2786582,1772214086.165335,-812.01171875,-64.94140625,-945.80078125,-168.9453125,0.0,0,0
1772214086.278711,1772214086.1692343,-746.58203125,-43.45703125,-865.72265625,-154.78515625,0.0,0,0
1772214086.278764,1772214086.1731339,-683.59375,-45.41015625,-795.41015625,-167.48046875,0.0,0,0
1772214086.278816,1772214086.1770332,-677.24609375,-62.5,-733.88671875,-185.05859375,0.0,0,0
1772214086.278881,1772214086.1809328,-584.47265625,-76.66015625,-633.30078125,-182.12890625,0.0,0,0
1772214086.2791831,1772214086.184832,-482.421875,-64.453125,-580.078125,-183.10546875,0.0,0,0
1772214086.27924,1772214086.1887317,-479.98046875,-48.33984375,-581.54296875,-183.59375,0.0,0,0
1772214086.2793012,1772214086.192631,-455.078125,-43.45703125,-559.5703125,-165.52734375,0.0,0,0
1772214086.2923799,1772214086.19671,-466.30859375,-32.71484375,-539.0625,-171.875,0.0,0,0
1772214086.29248,1772214086.2006097,-414.55078125,-17.08984375,-479.4921875,-172.36328125,0.0,0,0
1772214086.2925382,1772214086.204509,-285.64453125,-4.39453125,-422.8515625,-170.8984375,0.0,0,0
1772214086.292602,1772214086.2084086,-231.93359375,7.8125,-415.0390625,-189.94140625,0.0,0,0
1772214086.292655,1772214086.212308,-209.9609375,5.37109375,-416.9921875,-205.078125,0.0,0,0
1772214086.292706,1772214086.2162075,-188.4765625,6.34765625,-426.7578125,-217.7734375,0.0,0,0
1772214086.292758,1772214086.2201068,-188.4765625,-15.13671875,-459.9609375,-209.9609375,0.0,0,0
1772214086.292809,1772214086.2240064,-161.62109375,-34.1796875,-470.703125,-204.58984375,0.0,0,0
1772214086.2928598,1772214086.227906,-109.86328125,-36.1328125,-419.43359375,-201.66015625,0.0,0,0
1772214086.2929122,1772214086.2318053,-104.4921875,-37.59765625,-371.09375,-187.5,0.0,0,0
1772214086.292962,1772214086.235705,-95.21484375,-17.08984375,-314.453125,-178.7109375,0.0,0,0
1772214086.293012,1772214086.2396042,-78.125,-9.27734375,-253.41796875,-188.96484375,0.0,0,0
1772214086.3073049,1772214086.24357,-150.390625,-25.87890625,-271.484375,-201.66015625,0.0,0,0
1772214086.307411,1772214086.2474694,-146.484375,-30.76171875,-254.39453125,-195.80078125,0.0,0,0
1772214086.307472,1772214086.251369,-108.3984375,-21.97265625,-227.05078125,-203.125,0.0,0,0
1772214086.3075259,1772214086.2552686,-203.125,-23.4375,-270.01953125,-203.125,0.0,0,0
1772214086.30758,1772214086.259168,-176.26953125,0.48828125,-280.76171875,-196.2890625,0.0,0,0
1772214086.3076339,1772214086.2630675,-47.36328125,16.11328125,-267.08984375,-192.87109375,0.0,0,0
1772214086.3076859,1772214086.266967,-6.8359375,-2.44140625,-254.39453125,-196.2890625,0.0,0,0
1772214086.307738,1772214086.2708664,-10.7421875,-10.25390625,-236.81640625,-193.84765625,0.0,0,0
1772214086.307783,1772214086.274766,-221.6796875,0.48828125,-247.0703125,-206.0546875,0.0,0,0
1772214086.307821,1772214086.2786653,-361.81640625,-5.859375,-261.23046875,-218.26171875,0.0,0,0
1772214086.30787,1772214086.2825649,-306.15234375,-7.8125,-276.3671875,-207.03125,0.0,0,0
1772214086.307907,1772214086.2864645,-223.14453125,2.44140625,-288.57421875,-191.40625,0.0,0,0
1772214086.351775,1772214086.290421,-85.9375,-2.44140625,-265.625,-191.89453125,0.0,0,0
1772214086.351879,1772214086.2943206,2.9296875,-11.71875,-217.28515625,-192.87109375,0.0,0,0
1772214086.351935,1772214086.29822,-14.6484375,-3.41796875,-234.86328125,-188.96484375,0.0,0,0
1772214086.351989,1772214086.3021195,-56.15234375,1.46484375,-279.78515625,-188.4765625,0.0,0,0
1772214086.352041,1772214086.306019,-112.3046875,-19.53125,-282.2265625,-176.26953125,0.0,0,0
1772214086.3520918,1772214086.3099184,-172.8515625,-37.109375,-278.3203125,-161.62109375,0.0,0,0
1772214086.352145,1772214086.313818,-136.71875,-28.3203125,-229.4921875,-145.5078125,0.0,0,0
1772214086.352196,1772214086.3177173,23.92578125,-13.18359375,-200.1953125,-144.53125,0.0,0,0
1772214086.352257,1772214086.321617,139.6484375,-11.23046875,-234.375,-130.859375,0.0,0,0
1772214086.352308,1772214086.3255165,238.76953125,-9.765625,-234.86328125,-124.51171875,0.0,0,0
1772214086.35236,1772214086.3294158,268.5546875,0.0,-207.03125,-117.1875,0.0,0,0
1772214086.35241,1772214086.3333154,267.578125,-19.04296875,-182.12890625,-129.39453125,0.0,0,0
1772214086.4122949,1772214086.3372662,263.671875,-9.27734375,-129.8828125,-137.20703125,0.0,0,0
1772214086.412448,1772214086.3411658,-150.87890625,2.44140625,-110.83984375,-116.2109375,0.0,0,0
1772214086.412508,1772214086.3450654,-625.9765625,-20.5078125,-110.3515625,-126.953125,0.0,0,0
1772214086.412562,1772214086.3489647,-704.1015625,-8.7890625,-120.1171875,-114.74609375,0.0,0,0
1772214086.4126139,1772214086.3528643,-688.96484375,1.953125,-135.7421875,-99.12109375,0.0,0,0
1772214086.412666,1772214086.3567638,-772.4609375,-15.13671875,-96.19140625,-94.23828125,0.0,0,0
1772214086.412718,1772214086.3606632,-760.25390625,-36.62109375,-100.5859375,-90.33203125,0.0,0,0
1772214086.412769,1772214086.3645627,-759.765625,0.48828125,-127.9296875,-90.8203125,0.0,0,0
1772214086.412822,1772214086.3684623,-787.109375,23.92578125,-5.859375,-79.1015625,0.0,0,0
1772214086.4128718,1772214086.3723617,-728.515625,5.859375,75.1953125,-59.5703125,0.0,0,0
1772214086.4129229,1772214086.3762612,-791.9921875,-14.6484375,26.85546875,-56.15234375,0.0,0,0
1772214086.412974,1772214086.3801608,-897.94921875,6.8359375,32.2265625,-72.75390625,0.0,0,0
1772214086.470062,1772214086.3841016,-847.65625,48.33984375,48.828125,-104.4921875,0.0,0,0
1772214086.4701781,1772214086.388001,-778.80859375,18.06640625,38.0859375,-105.46875,0.0,0,0
1772214086.470208,1772214086.3919005,-702.1484375,12.6953125,41.50390625,-91.796875,0.0,0,0
1772214086.4702342,1772214086.3958,-637.6953125,-6.8359375,26.3671875,-132.32421875,0.0,0,0
1772214086.470259,1772214086.3996994,-577.1484375,-31.25,8.7890625,-158.203125,0.0,0,0
1772214086.470284,1772214086.403599,-558.10546875,-48.33984375,4.39453125,-145.5078125,0.0,0,0
1772214086.470309,1772214086.4074986,-631.8359375,-85.9375,41.9921875,-148.4375,0.0,0,0
1772214086.470332,1772214086.411398,-744.140625,-64.453125,87.40234375,-178.22265625,0.0,0,0
1772214086.470357,1772214086.4152975,-620.1171875,-32.71484375,115.234375,-188.96484375,0.0,0,0
1772214086.470381,1772214086.419197,-386.71875,-25.390625,124.0234375,-176.26953125,0.0,0,0
1772214086.470405,1772214086.4230964,-268.5546875,-43.9453125,140.13671875,-146.484375,0.0,0,0
1772214086.470429,1772214086.426996,-210.44921875,-54.19921875,165.0390625,-114.74609375,0.0,0,0
1772214086.501259,1772214086.4309835,-253.90625,-33.69140625,114.2578125,-104.00390625,0.0,0,0
1772214086.501365,1772214086.434883,-272.94921875,-25.87890625,73.73046875,-121.58203125,0.0,0,0
1772214086.501395,1772214086.4387825,-365.234375,-28.3203125,39.0625,-148.4375,0.0,0,0
1772214086.5014222,1772214086.442682,-386.71875,-16.6015625,24.90234375,-164.0625,0.0,0,0
1772214086.501447,1772214086.4465816,-289.55078125,-22.4609375,97.65625,-156.73828125,0.0,0,0
1772214086.501472,1772214086.4504812,-173.828125,-23.4375,172.36328125,-148.4375,0.0,0,0
1772214086.501497,1772214086.4543805,-55.17578125,13.671875,165.52734375,-143.5546875,0.0,0,0
1772214086.5015209,1772214086.45828,-110.83984375,38.0859375,135.7421875,-138.671875,0.0,0,0
1772214086.501546,1772214086.4621797,-77.63671875,50.78125,141.11328125,-132.32421875,0.0,0,0
1772214086.5015712,1772214086.466079,17.08984375,67.87109375,68.359375,-116.2109375,0.0,0,0
1772214086.5015948,1772214086.4699786,-2.9296875,57.6171875,33.203125,-98.14453125,0.0,0,0
1772214086.5016189,1772214086.4738781,-51.7578125,51.7578125,10.7421875,-90.33203125,0.0,0,0
1772214086.546347,1772214086.4778574,-72.75390625,39.0625,-73.2421875,-115.234375,0.0,0,0
1772214086.546478,1772214086.481757,-5.859375,14.16015625,-131.34765625,-133.30078125,0.0,0,0
1772214086.5465238,1772214086.4856565,147.94921875,27.83203125,-130.37109375,-140.13671875,0.0,0,0
1772214086.546601,1772214086.489556,320.80078125,32.71484375,-91.30859375,-128.41796875,0.0,0,0
1772214086.546672,1772214086.4934554,279.296875,33.203125,-84.47265625,-116.69921875,0.0,0,0
1772214086.546716,1772214086.497355,150.390625,14.16015625,-113.76953125,-132.8125,0.0,0,0
1772214086.546807,1772214086.5012546,234.375,-13.18359375,-121.58203125,-141.6015625,0.0,0,0
1772214086.546902,1772214086.5051541,368.1640625,10.25390625,-114.74609375,-143.5546875,0.0,0,0
1772214086.547008,1772214086.5090535,245.1171875,-20.01953125,-130.859375,-148.92578125,0.0,0,0
1772214086.5471091,1772214086.512953,300.78125,-54.19921875,-127.44140625,-119.62890625,0.0,0,0
1772214086.5471559,1772214086.5168526,537.59765625,9.765625,-89.84375,-118.65234375,0.0,0,0
1772214086.547196,1772214086.5207522,549.31640625,21.484375,-25.390625,-140.625,0.0,0,0
1772214086.5911832,1772214086.5247247,524.90234375,10.25390625,40.52734375,-137.20703125,0.0,0,0
1772214086.591269,1772214086.5286243,544.43359375,9.765625,89.84375,-135.7421875,0.0,0,0
1772214086.591297,1772214086.5325236,557.6171875,20.01953125,112.79296875,-127.9296875,0.0,0,0
1772214086.5913239,1772214086.5364232,472.65625,28.3203125,84.9609375,-116.69921875,0.0,0,0
1772214086.59135,1772214086.5403228,393.06640625,18.06640625,68.84765625,-119.140625,0.0,0,0
1772214086.5913742,1772214086.5442224,416.50390625,32.2265625,71.2890625,-118.65234375,0.0,0,0
1772214086.591399,1772214086.548122,611.328125,39.55078125,68.84765625,-124.0234375,0.0,0,0
1772214086.591424,1772214086.5520213,740.72265625,25.87890625,-11.71875,-140.625,0.0,0,0
1772214086.591448,1772214086.5559208,687.01171875,27.83203125,-29.296875,-150.87890625,0.0,0,0
1772214086.5914721,1772214086.5598204,747.55859375,41.9921875,34.1796875,-133.7890625,0.0,0,0
1772214086.591496,1772214086.56372,786.1328125,36.62109375,58.10546875,-124.51171875,0.0,0,0
1772214086.59152,1772214086.5676193,764.6484375,38.0859375,104.98046875,-123.53515625,0.0,0,0
1772214086.636596,1772214086.5715854,712.890625,35.64453125,120.1171875,-121.58203125,0.0,0,0
1772214086.636686,1772214086.5754848,612.79296875,43.9453125,111.81640625,-133.30078125,0.0,0,0
1772214086.636721,1772214086.5793843,508.7890625,54.6875,91.796875,-129.8828125,0.0,0,0
1772214086.63675,1772214086.583284,469.23828125,35.64453125,54.19921875,-112.3046875,0.0,0,0
1772214086.636775,1772214086.5871835,481.4453125,41.9921875,29.78515625,-102.05078125,0.0,0,0
1772214086.6368,1772214086.591083,559.5703125,45.41015625,27.83203125,-100.09765625,0.0,0,0
1772214086.636849,1772214086.5949824,663.0859375,45.41015625,29.296875,-100.09765625,0.0,0,0
1772214086.636877,1772214086.598882,673.828125,45.41015625,26.85546875,-105.95703125,0.0,0,0
1772214086.6369019,1772214086.6027815,674.8046875,37.59765625,43.9453125,-102.05078125,0.0,0,0
1772214086.636958,1772214086.606681,613.76953125,64.453125,41.50390625,-84.47265625,0.0,0,0
1772214086.636985,1772214086.6105807,533.69140625,72.75390625,36.62109375,-86.42578125,0.0,0,0
1772214086.6370099,1772214086.6144803,500.9765625,65.4296875,46.38671875,-89.84375,0.0,0,0
1772214086.681917,1772214086.6184397,525.390625,67.87109375,30.2734375,-87.890625,0.0,0,0
1772214086.682018,1772214086.6223392,637.6953125,66.40625,-8.30078125,-84.47265625,0.0,0,0
1772214086.682152,1772214086.6262388,643.06640625,79.58984375,-22.4609375,-83.49609375,0.0,0,0
1772214086.68221,1772214086.6301384,618.1640625,101.07421875,-17.578125,-87.40234375,0.0,0,0
1772214086.6823418,1772214086.634038,718.75,90.8203125,-10.25390625,-89.35546875,0.0,0,0
1772214086.682386,1772214086.6379375,869.62890625,82.03125,43.45703125,-92.28515625,0.0,0,0
1772214086.6824121,1772214086.641837,955.078125,79.58984375,74.70703125,-82.51953125,0.0,0,0
1772214086.682451,1772214086.6457365,965.33203125,61.03515625,52.734375,-85.9375,0.0,0,0
1772214086.682477,1772214086.649636,962.40234375,76.66015625,33.203125,-96.6796875,0.0,0,0
1772214086.6825018,1772214086.6535356,975.09765625,78.125,8.7890625,-100.5859375,0.0,0,0
1772214086.6825259,1772214086.6574352,928.7109375,49.8046875,-38.0859375,-97.65625,0.0,0,0
1772214086.68255,1772214086.6613348,875.9765625,57.6171875,-65.91796875,-83.0078125,0.0,0,0
1772214086.72634,1772214086.6652875,812.98828125,66.40625,-50.78125,-110.83984375,0.0,0,0
1772214086.7264729,1772214086.669187,722.16796875,77.63671875,-23.92578125,-130.859375,0.0,0,0
1772214086.726503,1772214086.6730866,884.765625,99.609375,14.16015625,-84.9609375,0.0,0,0
1772214086.7265291,1772214086.676986,959.47265625,78.61328125,45.41015625,-60.546875,0.0,0,0
1772214086.7265542,1772214086.6808856,873.53515625,67.3828125,62.5,-62.01171875,0.0,0,0
1772214086.726582,1772214086.6847851,885.25390625,103.515625,52.24609375,-42.48046875,0.0,0,0
1772214086.726607,1772214086.6886847,682.6171875,76.66015625,5.859375,0.9765625,0.0,0,0
1772214086.726633,1772214086.6925843,471.19140625,41.9921875,-9.27734375,0.9765625,0.0,0,0
1772214086.726657,1772214086.6964839,446.2890625,50.78125,-4.8828125,23.4375,0.0,0,0
1772214086.7266822,1772214086.7003834,398.92578125,84.9609375,8.7890625,54.19921875,0.0,0,0
1772214086.726706,1772214086.7042828,356.93359375,108.3984375,47.36328125,34.1796875,0.0,0,0
1772214086.726731,1772214086.7081823,318.84765625,87.40234375,40.52734375,35.15625,0.0,0,0
1772214086.784756,1772214086.7121296,366.2109375,68.359375,3.90625,48.828125,0.0,0,0
1772214086.784914,1772214086.7160292,374.51171875,45.41015625,-54.6875,48.33984375,0.0,0,0
1772214086.784946,1772214086.7199287,369.140625,51.26953125,-147.4609375,43.45703125,0.0,0,0
1772214086.784972,1772214086.7238283,371.09375,68.84765625,-194.82421875,42.96875,0.0,0,0
1772214086.784996,1772214086.727728,323.2421875,51.7578125,-179.19921875,36.62109375,0.0,0,0
1772214086.785022,1772214086.7316275,325.1953125,54.6875,-193.359375,19.04296875,0.0,0,0
1772214086.785046,1772214086.735527,342.7734375,42.48046875,-164.55078125,4.8828125,0.0,0,0
1772214086.7850702,1772214086.7394264,379.39453125,71.77734375,-76.171875,12.6953125,0.0,0,0
1772214086.785093,1772214086.743326,402.83203125,89.84375,-2.44140625,26.3671875,0.0,0,0
1772214086.7851222,1772214086.7472255,401.85546875,83.984375,68.84765625,19.53125,0.0,0,0
1772214086.785146,1772214086.751125,483.3984375,102.5390625,83.49609375,10.25390625,0.0,0,0
1772214086.785169,1772214086.7550247,551.7578125,89.84375,116.69921875,-5.37109375,0.0,0,0
1772214086.86047,1772214086.7590718,510.25390625,70.3125,268.5546875,-25.390625,0.0,0,0
1772214086.860616,1772214086.7629714,444.82421875,63.96484375,408.203125,-22.4609375,0.0,0,0
1772214086.8606458,1772214086.766871,433.10546875,49.31640625,502.44140625,-28.80859375,0.0,0,0
1772214086.860671,1772214086.7707705,473.14453125,42.48046875,739.74609375,-50.78125,0.0,0,0
1772214086.8607008,1772214086.7746701,456.0546875,41.50390625,968.75,-71.2890625,0.0,0,0
1772214086.860726,1772214086.7785697,445.3125,44.43359375,966.796875,-62.98828125,0.0,0,0
1772214086.8607512,1772214086.782469,515.625,38.57421875,962.40234375,-35.64453125,0.0,0,0
1772214086.860778,1772214086.7863686,514.16015625,24.90234375,969.23828125,-18.06640625,0.0,0,0
1772214086.8608031,1772214086.7902682,525.390625,13.18359375,967.7734375,-18.06640625,0.0,0,0
1772214086.860833,1772214086.7941678,514.16015625,-15.13671875,967.7734375,-33.69140625,0.0,0,0
1772214086.8608582,1772214086.7980673,445.80078125,-26.85546875,967.7734375,-37.59765625,0.0,0,0
1772214086.860885,1772214086.801967,417.48046875,-26.85546875,967.7734375,-47.36328125,0.0,0,0
1772214086.87732,1772214086.8059564,376.46484375,-34.1796875,967.7734375,-49.8046875,0.0,0,0
1772214086.877412,1772214086.809856,251.46484375,-41.50390625,967.7734375,-50.78125,0.0,0,0
1772214086.877447,1772214086.8137555,122.0703125,-44.921875,967.7734375,-80.078125,0.0,0,0
1772214086.877482,1772214086.817655,72.265625,-37.59765625,967.7734375,-106.93359375,0.0,0,0
1772214086.877513,1772214086.8215547,19.04296875,-33.69140625,967.7734375,-112.3046875,0.0,0,0
1772214086.877547,1772214086.8254542,-31.25,-26.3671875,967.7734375,-115.72265625,0.0,0,0
1772214086.877578,1772214086.8293538,-50.29296875,-19.04296875,967.7734375,-119.140625,0.0,0,0
1772214086.8776078,1772214086.8332534,-85.9375,-24.90234375,967.7734375,-108.3984375,0.0,0,0
1772214086.8776388,1772214086.837153,-145.99609375,-38.0859375,967.7734375,-104.98046875,0.0,0,0
1772214086.877674,1772214086.8410525,-90.33203125,-38.0859375,967.7734375,-106.4453125,0.0,0,0
1772214086.8777049,1772214086.844952,-119.140625,-32.71484375,967.7734375,-105.95703125,0.0,0,0
1772214086.8777359,1772214086.8488517,-193.359375,9.27734375,967.7734375,-100.09765625,0.0,0,0
1772214086.921122,1772214086.8528297,-163.0859375,32.2265625,967.7734375,-99.609375,0.0,0,0
1772214086.921194,1772214086.8567293,-219.23828125,8.30078125,968.26171875,-102.05078125,0.0,0,0
1772214086.9212239,1772214086.8606288,-238.28125,27.34375,967.7734375,-92.7734375,0.0,0,0
1772214086.9212532,1772214086.8645284,-242.1875,68.359375,963.37890625,-94.23828125,0.0,0,0
1772214086.9213362,1772214086.868428,-230.95703125,95.703125,979.00390625,-104.98046875,0.0,0,0
1772214086.921364,1772214086.8723276,-176.7578125,106.93359375,898.92578125,-118.1640625,0.0,0,0
1772214086.921389,1772214086.8762271,-247.0703125,82.03125,812.5,-125.9765625,0.0,0,0
1772214086.921417,1772214086.8801267,-304.19921875,31.73828125,873.046875,-132.8125,0.0,0,0
1772214086.921441,1772214086.8840263,-347.16796875,-5.859375,883.30078125,-131.8359375,0.0,0,0
1772214086.9214709,1772214086.8879259,-406.73828125,-2.44140625,844.7265625,-122.55859375,0.0,0,0
1772214086.921495,1772214086.8918254,-449.70703125,16.11328125,663.0859375,-148.92578125,0.0,0,0
1772214086.921518,1772214086.895725,-538.57421875,7.32421875,448.2421875,-161.62109375,0.0,0,0
1772214086.9658198,1772214086.8996966,-559.5703125,-0.48828125,434.5703125,-170.8984375,0.0,0,0
1772214086.9659038,1772214086.9035962,-564.453125,7.32421875,433.10546875,-195.80078125,0.0,0,0
1772214086.9659321,1772214086.9074957,-631.34765625,32.2265625,413.0859375,-195.3125,0.0,0,0
1772214086.965962,1772214086.9113955,-650.87890625,35.15625,388.671875,-181.15234375,0.0,0,0
1772214086.9659882,1772214086.9152951,-683.59375,29.296875,373.046875,-166.50390625,0.0,0,0
1772214086.966012,1772214086.9191947,-754.39453125,42.48046875,381.8359375,-165.0390625,0.0,0,0
1772214086.966037,1772214086.9230943,-791.015625,39.55078125,381.34765625,-175.29296875,0.0,0,0
1772214086.966092,1772214086.9269938,-909.66796875,19.53125,350.5859375,-189.453125,0.0,0,0
1772214086.966121,1772214086.9308934,-794.921875,1.953125,317.3828125,-180.6640625,0.0,0,0
1772214086.9661791,1772214086.934793,-391.6015625,-8.7890625,319.82421875,-158.203125,0.0,0,0
1772214086.966228,1772214086.9386926,-97.65625,0.48828125,317.87109375,-142.578125,0.0,0,0
1772214086.9662762,1772214086.9425921,30.2734375,16.11328125,219.23828125,-131.34765625,0.0,0,0
1772214087.011256,1772214086.9465573,78.61328125,-9.27734375,171.875,-134.27734375,0.0,0,0
1772214087.0113459,1772214086.950457,47.8515625,-34.66796875,209.9609375,-154.296875,0.0,0,0
1772214087.0113761,1772214086.9543567,-42.96875,-20.5078125,218.26171875,-150.87890625,0.0,0,0
1772214087.011403,1772214086.9582562,-85.44921875,-29.296875,259.27734375,-146.97265625,0.0,0,0
1772214087.011428,1772214086.9621558,-114.2578125,-54.19921875,86.9140625,-145.01953125,0.0,0,0
1772214087.011453,1772214086.9660554,-100.5859375,-37.109375,-122.55859375,-129.39453125,0.0,0,0
1772214087.011478,1772214086.969955,-81.0546875,-19.04296875,-183.10546875,-133.30078125,0.0,0,0
1772214087.011512,1772214086.9738545,-76.171875,-35.15625,-253.41796875,-142.578125,0.0,0,0
1772214087.011538,1772214086.977754,44.43359375,-16.11328125,-287.109375,-127.9296875,0.0,0,0
1772214087.0115619,1772214086.9816537,197.75390625,29.78515625,-226.5625,-96.19140625,0.0,0,0
1772214087.011586,1772214086.9855533,243.65234375,26.3671875,5.859375,-88.37890625,0.0,0,0
1772214087.011612,1772214086.9894528,152.34375,6.34765625,-61.03515625,-101.07421875,0.0,0,0
1772214087.056782,1772214086.9934115,5.859375,6.8359375,-305.6640625,-118.1640625,0.0,0,0
1772214087.05687,1772214086.997311,-104.4921875,12.20703125,-350.5859375,-119.62890625,0.0,0,0
1772214087.056898,1772214087.0012107,-162.59765625,5.37109375,-440.91796875,-130.37109375,0.0,0,0
1772214087.056923,1772214087.0051103,-191.40625,-17.578125,-414.55078125,-144.53125,0.0,0,0
1772214087.056948,1772214087.0090098,-280.76171875,-1.46484375,-228.02734375,-156.73828125,0.0,0,0
1772214087.0570052,1772214087.0129094,-417.48046875,13.671875,-216.30859375,-184.08203125,0.0,0,0
1772214087.0570428,1772214087.016809,-558.59375,-10.7421875,-133.7890625,-186.03515625,0.0,0,0
1772214087.057069,1772214087.0207086,-669.43359375,-11.23046875,-191.89453125,-184.5703125,0.0,0,0
1772214087.0570939,1772214087.0246081,-601.5625,8.7890625,-173.828125,-191.40625,0.0,0,0
1772214087.057119,1772214087.028508,-592.7734375,2.44140625,84.47265625,-173.33984375,0.0,0,0
1772214087.057173,1772214087.0324075,-659.66796875,11.71875,252.9296875,-167.96875,0.0,0,0
1772214087.0572019,1772214087.036307,-664.55078125,29.78515625,402.83203125,-166.50390625,0.0,0,0
