lsl_timestamp,TP9_delta,TP9_theta,TP9_alpha,TP9_beta,TP9_low_gamma,TP9_high_gamma,TP9_very_high,AF7_delta,AF7_theta,AF7_alpha,AF7_beta,AF7_low_gamma,AF7_high_gamma,AF7_very_high,AF8_delta,AF8_theta,AF8_alpha,AF8_beta,AF8_low_gamma,AF8_high_gamma,AF8_very_high,TP10_delta,TP10_theta,TP10_alpha,TP10_beta,TP10_low_gamma,TP10_high_gamma,TP10_very_high
1771947784.443713,357.2064809799269,-115.58941818493848,51.20017736483551,-22.66669310107127,8.560426019459689,0.11482729435914271,7.042446738571938,55.44605285120317,-27.440632261791585,14.543989814379076,-2.281517926063929,6.933963375431271,-11.562114664483664,-7.246765378293361,23.802538373164754,-27.521670223229762,9.538518592144674,-0.6854951303384061,2.3650448613108837,-10.758683805575137,-7.333072022905363,396.4051959844152,-123.98758436229689,52.43081949894466,-24.67272954674072,7.555968212524599,1.3832168026056955,7.030245717480308
1771947784.4476097,384.42311382377346,-93.22544267867818,92.75470772026111,142.61935779819348,357.386651134126,8.382984676007785,378.7945263842871,80.89116185297556,-7.241756898625148,67.30238784294988,205.75121248874348,165.2022531178675,89.72689063911436,7.8392494419930845,46.53221310416677,2.0711327570910765,52.69520680822429,181.20562373668182,124.79056437645076,-47.91348883906493,31.19929004851344,418.76992396447065,-107.24249206062076,118.70513841725405,151.56592674233715,149.83156728900332,224.85492197225526,334.3726847147372
1771947784.4515064,410.22664188042756,-68.05910058301593,126.63997271211997,274.7655512633052,461.37747793995425,90.49975958559142,-537.5031599386696,106.11407216908867,12.82403121343414,115.58793073160116,347.6808853681437,206.16560075136834,162.0691882984935,1.156219534409393,69.05132667353679,31.18384644026447,93.15700729354627,302.97739275922515,155.50111927005295,61.29961245737957,-47.52658860466031,439.62938024664885,-87.5263854017336,175.75411657803068,274.9329968226567,185.00369392471202,260.4789827437037,-423.8645954362172
1771947784.455403,434.52521603029993,-40.7478483957297,150.85742300120737,349.84873533167354,251.36347221526302,110.37502554457201,361.788805593521,131.00335664789586,32.26964791071868,156.11580178774096,384.0823424908926,106.71730453010065,104.46091207686418,-55.85010393347866,91.25952201193044,59.12782235219092,128.55398722460862,330.0306986622752,78.78663544294264,171.1600814788157,-13.448559157535904,458.91730760897985,-65.44925313457568,220.26208289833048,308.84239205762776,88.89475775020875,52.735565640876,249.43220578038316
1771947784.4593,457.2347561671381,-12.007718646305726,164.16958816837007,363.7003299711639,-124.21917621231455,-58.50616226311929,-15.138340589848063,155.44892212633408,50.63489448466478,186.17070337688588,314.5441529388545,-57.60619637929392,-98.1015829692568,108.92023128855516,113.0583495334035,85.2613342028543,156.81001895280934,264.15614958117226,-41.842524543572104,54.16756582597898,119.30467755293652,476.5750854915248,-41.677724467283724,249.84260488103496,250.37272262476628,-66.7397073418238,-244.41571940336374,-8.983686014237016
1771947784.463197,478.2794201826833,17.408204924027885,166.1687139872123,327.0635129278956,-406.75471974457014,-230.7930170162774,-230.52852416651638,179.34270393441093,67.49989817370852,203.80338846342855,174.2317434316035,-171.59341416919904,-257.63246852128015,-65.73450652173192,134.35193709208983,109.00759230342436,176.27361753036428,139.47211267710162,-117.73042844173023,-212.8693461120788,-132.1769833251173,492.55201301673793,-16.912828119125948,263.17101717537713,128.23987592375585,-170.07300003344005,-340.6625268702113,-138.25580127724854
1771947784.4670937,497.59201912600605,46.73206879105957,157.2784661642474,254.27064032056535,-408.807252403796,-107.55066268721953,337.299086043001,202.57934659227948,82.4969451041684,207.96629398496074,16.531215629031628,-163.7150361319526,-152.48102628640027,-26.23300169154212,155.04763829738064,129.87026771927952,185.82137682365197,4.9812440438946615,-104.19408444513783,-273.9003474702338,40.920037346436125,506.805544815593,8.132624845413407,260.0378841205834,-11.324549102890659,-152.0513584200907,-72.46292379274185,206.15497322808602
1771947784.470991,515.1143747321705,75.20356511320809,138.69001975751766,153.92650794375686,-140.01811700373682,223.6692527315991,-408.11638437247814,225.05686504105844,95.3203135373366,198.5781689676318,-109.20857012680892,-51.609177486261075,164.93789715311755,55.52310030211198,175.05665316546222,147.44603231632107,184.9270639559879,-97.1201846566515,-28.21039033889995,27.9884959408217,51.14936687159515,519.3014774556278,32.75624678564105,241.32194107122183,-123.35796631591032,-33.09980947215782,342.23413040070716,-241.38755661172323
1771947784.4748874,530.7976160955737,102.0915811622895,112.23945710140985,28.19938033521165,207.94458786399338,299.2605524969857,343.90209687080124,246.67728108455307,105.73380005872151,176.5136265990232,-174.71174058822967,79.64664555876442,348.128407723051,-59.46726628477707,194.29461551307622,161.43374017978377,173.69190282785405,-146.98096754872708,43.6564629135505,363.4410407778391,-116.43340976246705,530.0140847096744,56.287127051129765,208.88716840488388,-179.38981614437938,98.15733399589963,427.29837529806707,201.2468162431354
1771947784.478784,544.6024128278875,126.71452672380656,80.23830410408398,-119.1031748716359,400.3896156277603,-61.19960374200715,19.625957728143995,267.3472300431136,113.57572516298106,143.5198266829114,-178.35281118508837,143.6594247326811,139.414817979163,106.67458374771002,212.68214192781855,171.64000631462426,152.83433040570583,-150.1103121024957,64.18237135345146,284.4918470167563,163.89663920689821,538.9262003298835,78.10506415522592,165.4142173369664,-173.9628087926605,152.9393003751659,-7.804045737108662,-69.64287164423017
1771947784.482681,556.4991426319865,148.4587476591981,45.27280380957167,-272.06848079396286,320.1705447900261,-390.61823228916256,-523.7568715576576,286.97853296856823,118.76130439906511,102.06846022040745,-139.19526803393023,110.64236588327506,-272.7032152766376,-119.45439230701415,230.14533760428657,177.98107550138417,123.64033359966051,-128.2508065639146,38.78379257006083,-171.09819170997875,-150.5582834930941,546.0292474434133,97.65740103301216,114.18100694158565,-121.88528061213674,103.47108774956565,-508.8105456297042,-92.03608152920881
1771947784.4865775,566.4679918694727,166.7945157510016,9.989825765958583,-398.5307227632829,38.53304845430869,-180.21716348409754,733.2429308866081,305.48873017228846,121.28237350904516,55.156348686158836,-84.40335074609963,17.53219555970234,-406.3834984083401,28.61074860399695,246.6162548525457,180.48101320033416,87.87816399222655,-104.24540266895357,8.047002394407668,-457.31620030031104,51.79740540486636,551.3232141793568,114.47299951061551,58.81061280954016,-49.229997913655474,-5.515597340344257,-423.9112155674056,246.5517710415999
1771947784.4905984,574.4989883689383,181.28918041579732,-23.11205674698489,-457.4898977053358,-245.9353273997848,326.4015873305347,-346.2074982230562,322.8015722629673,121.2045564365352,6.07185321887611,-36.69155712361029,-68.65445883727949,-53.15955336270022,91.79325109233801,262.03330065954225,179.26638606551768,47.683588819928815,-89.13757312641515,1.8012975824120587,-191.05909849967998,110.00905408450754,554.8165756344724,128.17301395178114,3.0063428597245756,17.45327167289626,-96.58909379175489,226.413794559508,-321.26338657432245
1771947784.4944952,580.5919663512568,191.61717165817623,-51.86886083099523,-416.25675409572995,-349.00169352000034,394.25387266328835,-399.0332209669526,338.8474653314825,118.66205878315937,-41.85340107764144,-6.996892229842055,-99.7558970834639,403.87371480154627,-158.07469976046323,276.34159026889245,174.55772582016746,5.423702261980192,-77.76321896615184,11.006575840094953,322.7086867034331,-264.48297525084047,556.526162738978,138.47825375091102,-49.70595166551157,59.69159834323849,-115.5667396380288,638.1557003170291,199.34947891420646
1771947784.498392,584.756463900827,197.56665117624976,-74.6000416960382,-268.9923801430845,-220.96479354294792,-127.5936211354934,739.8279284796772,353.56386733423835,113.85035225880638,-85.48740360974944,5.752967295230212,-71.40327729575353,392.6884333847775,168.4448372435786,289.4932443031019,166.65818153356773,-36.45142936318104,-54.46287683185735,3.4710686282607703,443.02785876585517,281.5628266303326,556.4769789906788,145.21305470212607,-96.20970442080811,70.99611383121861,-62.62443660867556,230.35916114907556,32.64526093781909
1771947784.5022888,587.0115538943539,199.04271643853806,-90.20899837123729,-46.23900714590236,33.45165239314575,-500.7536971126221,-273.6419527578165,366.89563313830365,107.01708557830884,-122.11630501229905,9.358597372377151,-13.199374751746218,-120.07149580673868,-135.61098977187345,301.44762749785747,155.93985816483593,-75.55944196803254,-5.464654601257093,-34.63119907718534,17.449024969645475,-128.97883531245387,554.7019664337076,148.3057064765785,-133.98778972870232,55.820206717303,17.91339422262002,-499.3283997198066,-168.8388738411236
1771947784.5061858,587.3856097361397,196.06716819619902,-98.22912623093742,191.2336979024603,239.16566603101307,-144.34443443770832,-287.4293464789111,378.79530613926966,98.45161270687329,-149.6224041613237,11.388310816174005,38.95742644935884,-506.899093457611,27.008148803982973,312.1715276926435,142.82841152040663,-109.72892821276977,68.93273628153538,-75.30284740317772,-406.8462509205047,-65.63317134587386,551.2417227037907,147.7856037517852,-161.25911159529448,25.214561185518704,73.99967158817401,-569.0097891023674,239.24229029123504
1771947784.5100825,585.9160076695318,188.77495306340535,-98.81445982239524,373.195906097375,272.0809005771086,455.2521885451458,128.17596642746923,389.22335484524535,88.47356869544106,-166.60932018062567,14.590909956435363,63.83071925742465,-246.99955400605117,176.93418244017676,321.63927433834317,127.78651959218234,-137.12628042113303,149.47608789174762,-70.23402995514563,-298.5000882971242,254.70245081560196,546.1441714179706,143.77739718793688,-177.054397172103,-8.208707417424824,78.93675687851473,127.0239380327794,-308.49439130417346
1771947784.5139794,582.6487678720342,177.40748770791285,-92.67896037438433,446.5690464425125,133.12604071899176,406.65224742682847,253.09302300510976,398.1483532943599,77.42094461400558,-172.46694455122875,16.856226045675527,58.083760601444695,344.350545975363,-337.65057014596806,329.83279640033055,111.29687534128757,-156.35844681739067,204.06471099414733,-0.06325961501621219,162.12143368031147,-448.520173068698,539.4641885866537,136.49251238807173,-181.22898486644743,-33.91882133132305,40.82975818724046,624.6788956802229,206.40961978499544
1771947784.517876,577.6381370425116,162.30315856654207,-80.9928880339682,395.7107690087586,-68.30323436957701,-252.26170199219516,42.98737081048613,405.5471046022658,65.63811525013392,-167.37404314691003,14.902819934427706,28.757122987967115,475.4929593509918,258.01797267257143,336.74162010408446,93.84534484409828,-166.5457082721401,202.7494175915635,95.64942762513746,353.2503190648957,424.97232991568575,531.2631880427036,126.21847691205957,-174.415356066273,-45.18489162471975,-11.037206640463674,240.97777633754757,58.072738127971746
1771947784.521773,570.9461157944098,143.88536960049257,-65.24806302078105,247.1353663101338,-199.0676048627616,-564.0877138517666,-583.1325201724923,411.40470733463826,53.464257219869395,-152.24159457129764,8.544083453823498,-12.558395677391362,-41.65025589416206,-28.088406593499407,342.36280748812874,75.90490798329583,-167.36069405673456,134.24114198586446,141.10203912064227,67.39609296926244,15.692514080274835,521.608669158559,113.30654659445482,-157.92265446389277,-39.61820963218158,-47.73749548273901,-444.8555129675182,-218.2077618211191
1771947784.5256698,562.6419348543706,122.64857778972868,-47.10589856253056,57.10356772789549,-190.27382365245538,-57.53709271872516,399.8393621807933,415.71456481358155,41.222563324042135,-128.60464650202576,2.241160055720271,-50.05076901858309,-486.36775610196554,-121.22067853902062,346.7008372443166,57.92094934695913,-159.03213658121894,14.928945690425103,86.17575821111083,-243.92718202343616,-568.7355241305299,510.5737304077549,98.15815318122496,-133.5941184279404,-19.32766794980688,-55.03089900303328,-445.04434190234133,329.07936294496164
1771947784.5295668,552.8014847175564,99.14280739534107,-28.242772626365042,-111.46589702702391,-70.49112005860827,539.9984930206832,235.30697968445287,418.47833791444424,29.210613686270623,-98.47425442627404,2.7546094751075834,-65.08324607741582,-228.52040197677684,292.99789847761787,349.7674298723408,40.298397996626946,-142.31415816949539,-115.20734200013186,-44.190993239918896,-153.58529853211306,717.52873503657,498.236552607535,81.21070534098538,-103.63596300771448,9.390378113339404,-35.37501940382265,189.25576926414573,-516.4610686411326
1771947784.5334637,541.5067039234663,73.95716575606158,-10.20662561408215,-212.20529946487366,68.85751499251754,365.4489585820949,-439.6322287521975,419.7058423538797,17.69220690812339,-64.16365542930464,14.502912680376394,-45.02199925761287,348.06464222484493,-560.0551212241504,351.5813197231963,23.39112874467843,-118.42404815602066,-208.6621115151504,-159.24803120360468,140.98646556064284,-347.5516815368456,484.67985589387524,62.92326384886761,-70.43264012278553,37.47672812037972,-1.895449886872163,483.9854632848793,333.4216255123753
1771947784.5374708,528.844931492086,47.702895064821156,5.703232374254403,-229.31849011198557,141.95562519090393,-323.0530140202444,238.02764652423946,419.41489186057566,6.890886727227665,-28.104065608229835,35.75474114295912,4.505038157705236,390.0402320578083,416.6127911391004,352.1679769856788,7.493936688858543,-88.95340775532227,-230.95963256660335,-168.90443072789887,161.304002011105,-250.13061404463414,469.99033460594933,43.7625802902541,-36.36353098720053,55.83625217085273,29.149854389710214,27.49225150799144,443.781676213674
1771947784.5413675,514.9082293679311,20.996488018942678,18.524012901716986,-178.12517167948928,120.3422921451199,-543.8268615118761,-130.14333698251463,417.63108895546094,-3.0146755028233105,7.334662867493169,58.16185633162544,56.408420122728124,-157.83436944402288,373.4623206964338,351.5592830396367,-7.1627156637013005,-55.759108518216436,-175.74491462958758,-56.38590400056903,-110.20396144264033,675.9041547450297,454.2580743429406,24.18994050360549,-3.6350314014152363,58.52991808439696,44.243437097411714,-439.9612352822817,-960.9853748021073
1771947784.5452645,499.79268097799803,-5.556628173231952,27.679506090352223,-93.80813196116289,37.74622475679279,-9.913383075303539,76.92095234390419,414.38756539906666,-11.893360332914447,40.004747218603434,70.08769170851268,76.2466319153363,-459.5629766725142,-940.1434382831666,349.7931628676744,-20.41509833231111,-20.841635768866187,-67.14529609941204,102.7774354708164,-214.1372707549854,-616.1548319745802,437.575955560457,4.649193437252551,25.860176732771112,45.01669123546606,36.97827340797778,-197.97624920976395,504.1026180827762
1771947784.5491614,483.59767217819217,-31.377374647393925,32.99062046898144,-14.507095874193743,-45.15230353589389,509.4495284149399,133.1029376859409,409.72467472855857,-19.662336529800555,68.11132833128681,62.11456165224212,46.83220817963719,-49.22278695515448,525.5627606834402,346.9131784133828,-32.16580031683764,13.780999210926224,51.51144474739158,194.04367663806198,58.13762783453651,132.32115829103293,420.0390481880285,-14.443723854634392,50.64787597444527,20.34846658912707,10.972321012811795,356.85201673094315,293.2496751909764
1771947784.553058,466.42516092264975,-55.926860209892624,34.648487205969744,33.62535428123668,-84.01532374593322,318.91609814869184,-326.21549449358736,403.6896396822752,-26.285922259792958,90.3056286865046,32.02249013142192,-15.651896013508352,452.6583391682382,258.35732059684716,342.9680869313457,-42.3806568764178,46.19553527639791,136.8725832534393,149.8266467303762,308.533071715195,315.00921512866984,401.7440018186591,-32.709531610536004,69.73582370254884,-6.889996447089341,-20.583260779397726,354.6479469820798,-557.2043294073142
1771947784.556955,448.37894198138895,-78.71843242582375,33.155548001413464,43.65420414996841,-72.09705918365741,-272.5184329385605,291.25214073825657,396.3361576479179,-31.772707192030257,105.73637744666769,-13.274990880009417,-69.52202101698545,274.02618941962453,-514.5423287554953,338.0113685252641,-51.08327633082408,74.70418065984546,163.32475104413902,1.251719741242011,114.90202283816743,-426.37365804233303,382.7884360322409,-49.81247115285371,82.63448710078673,-28.11836401037829,-40.614267245098624,-205.05312067044866,403.803722394779
1771947784.5608518,429.5639130025092,-99.32766884596812,29.242677887495056,25.808423045729434,-31.62480562722551,-463.58044076486505,-103.82184969197804,387.7239675734008,-36.17113177599492,114.05933753300431,-59.97280593441406,-76.58038808911787,-334.78503779756824,362.36609295129267,332.10072724694106,-58.347514162729354,97.91704927668245,131.32932239877556,-144.87167842077525,-302.88483838777546,339.7159772067069,363.27033540214853,-65.46521654047594,89.33707087444358,-38.22768631368129,-37.5501178013416,-472.18400607196327,-247.17128085054344
1771947784.5647488,410.085348163378,-117.40011445229217,23.772113008023094,-1.0789170706498055,9.901999739302559,-56.61614142396606,-78.53914788750892,377.9183820809969,-39.56376962504936,115.40834787012781,-92.85832036774907,-31.005062690761736,-470.2037421643989,-240.0315045490663,325.29757033957367,-64.28831246352628,114.82104984245699,63.54534340472957,-185.81964047341003,-349.9326606296936,-197.3025716903143,343.28745370520056,-79.4318416791448,90.26408801969485,-37.27373650792072,-12.91206304938139,-42.08608434459936,36.3892620544767
1771947784.5686457,390.0481855350376,-132.65665195115443,17.636640573254326,-19.539629671372666,37.20053724020465,375.0731127919696,196.1537654588896,366.9897888125976,-42.06059690174826,110.33426637460978,-101.41669891860695,35.01914498621806,79.10064359607614,69.82188281764851,317.66647041403326,-69.05137278840495,124.82174853826915,-7.916429409837964,-97.775398384103,91.54863801985708,-38.80583735643393,322.93673176745943,-91.52892335194406,86.18023371157992,-29.515264091758556,18.658212160419136,458.88068831871107,264.42827902958334
1771947784.5725424,369.55633406573105,-144.89647284502476,11.66515064482886,-20.333748524940063,48.19272419489545,311.40649673808537,-245.98680666059772,355.01312524902806,-43.79155919251648,99.72032417161338,-83.72721696709588,74.59459868358016,528.0533314102735,219.9222186418554,309.2746154807257,-72.80216037944906,127.7566878624598,-56.102486647615024,50.445761887913946,453.38920689908485,279.73387387462674,302.3137332078611,-101.62492625780443,78.09298445345433,-20.44088391235724,38.03296153043066,317.8051864604336,-399.24840366362866
1771947784.5764394,348.71200579553,-153.99769605307353,6.543342482561698,-4.24658874472085,44.57586125275757,-103.65668878203023,212.33762148653,342.0673313703173,-44.898761470114096,84.68354200798649,-46.67791706150384,60.86774951703306,245.2684867395216,-368.0070394242572,300.1912517961245,-75.71474751677331,123.88063413814402,-69.03934294318722,152.21679615963248,240.97913889979836,-341.76078212053466,281.51210212109453,-109.63807164326207,67.14307800201546,-13.641666490735274,33.6955487982229,-252.81028613268506,275.77689750489014
1771947784.580336,327.6150785911242,-159.915753663867,2.7563066143800325,20.47140583600076,25.50805959598142,-353.34570017417593,-75.9933579636316,328.2347846039164,-45.5286091468571,66.47199591089324,-2.895774858877274,6.307901520075905,-364.58678942033373,281.5911000252422,290.4871244599006,-77.96099282392083,113.82510822481323,-51.52159873588599,141.89153516472103,-288.9328148458596,229.6559504130544,260.62304651848547,-115.53293375572731,54.49684234267248,-9.35129813193318,9.18528004031337,-470.17087976836376,-68.12710636853163
1771947784.584334,306.3624943524295,-162.67972771605275,0.557110130974197,42.87261953561399,-8.438130045618394,-191.47570945337313,-101.46278645317328,313.6007215943283,-45.82421710411481,46.3669321213607,34.024078723070005,-48.122331404593446,-473.90129784011185,-120.12039028518444,280.2339206656497,-79.70052157648146,98.53620666771681,-19.684808966928987,37.963069097798524,-462.99029649190817,-54.10553016621057,239.73485112302959,-119.31603709635809,41.2493147525767,-5.246727975128676,-19.29360141398447,-78.0748540393507,-96.55116464524082
1771947784.5882308,285.04769725959335,-162.3868767286877,-0.03733119678076645,54.05344002702522,-46.69040906744985,159.848948873452,203.82091136559634,298.25265140952274,-45.91838006970409,25.597177888508412,54.218183318707474,-64.58034506203467,28.45240548680114,-58.02287976426358,269.5037204648784,-81.07192133414169,79.19603340695555,8.065598999005777,-78.05374065484745,-68.46854557764453,-128.66959479296497,218.9324228484158,-121.03074297263991,28.345365910011374,1.318977237160926,-33.58985453235709,379.1816295578791,202.78283901432144
1771947784.5921278,263.76011616794557,-159.19563549955473,0.775376986852162,50.26920664936119,-67.71639549640595,324.40354166918604,-212.03031483374363,282.2797648224609,-45.92736440003706,5.271188471264199,54.727912354486136,-35.57780093212761,460.11390268631783,245.33028688411588,258.368459802555,-82.18550125036931,57.1339441681272,19.443156734256426,-125.77777088491692,396.2146927130126,250.42656700988564,198.29687195137745,-120.7517170652151,16.523814663529784,11.111427030772832,-25.49033236431354,345.1639878842086,-245.54972734031338
1771947784.5960245,242.58469473156686,-153.31740527767684,2.626457098130032,33.643973078153685,-51.71042037678577,143.6509751926994,177.73635414488768,265.7723442448081,-45.945740448915764,-13.670330961820767,40.09868083328959,13.505729074235793,298.5624914106749,-320.7386713115213,246.89941039057544,-83.11788611921143,33.734202131237375,12.608566939026243,-82.36862215289673,375.0068968069138,-243.3236791763322,177.9051314554238,-118.57926077974265,6.287023218428459,21.987950109633523,-1.8496666953180496,-78.29618028658668,207.5100688399193
1771947784.5999217,221.60147229180382,-145.0074721923474,5.035021039299253,10.570926523481775,0.978142675913464,-202.19738920669755,-79.04558602461437,248.82117878018352,-46.042427304977714,-30.480708954504827,20.01498254044956,46.410425709237295,-200.47277516386686,205.2357421799912,235.16668072575467,-83.90863057011029,10.346546793035031,-4.8838172579689845,8.669159325700333,-77.02027501828456,128.36160532317726,157.8296170532207,-114.63376801603657,-2.1040497087858228,29.48724271824021,20.44739929815322,-369.6338349407472,-72.81937158457919
1771947784.6038184,200.88521803851046,-134.5553990180325,7.475576932885897,-11.255664605246091,62.33688329089637,-350.1480569743369,-102.05761608600433,231.5169887558961,-46.25806864041343,-44.61415281098714,4.726640211152266,43.43765207982913,-421.0651424917061,10.332301057221164,223.2387422811954,-84.55894740112217,-11.79437809254096,-21.380677627388675,77.07761151854841,-414.45209776980846,25.851023890956426,138.1379293254494,-109.05053679169635,-8.611658812481478,28.83842908586972,26.31451289517632,-239.1872732369268,-108.87844308504354
1771947784.6077151,180.50512042481267,-122.27522981889786,9.446251474995622,-25.768536520164957,90.9215094946161,-100.22745746072653,246.99789685818925,213.94986398560877,-46.603801926216654,-55.71653570223096,0.26104617101723115,13.064519489199522,-145.6239984365194,-170.73730478599143,211.18198462070094,-85.0325503501305,-31.635746247250715,-27.620742168037143,79.40670504067889,-268.2447642038586,-143.9814716966719,118.8925997371958,-101.97512460923016,-13.38416489250585,17.664780289866467,13.00447317541708,129.3047017844605,214.49084984512626
1771947784.611612,160.5245332541393,-108.49583056222878,10.530331471749749,-30.266907742053377,61.18196716606738,309.1498175349471,-232.8201993127422,196.20871986222622,-47.06142673941583,-63.604646066606946,5.815675114345577,-18.918531933617302,271.27977353309257,204.7381230449469,199.0603028716512,-85.25852032586084,-48.35570318064104,-21.02177796779706,26.14739541109359,167.86118918498906,165.9654918534478,100.15088145234778,-93.55939071291841,-16.70559327988605,-1.8358660419854005,-8.14028840202265,350.7890660740751,-195.11792884070664
1771947784.615509,141.00077925349171,-93.5516628912443,10.44478565597181,-25.655966936272197,-13.717415844701847,381.1630762400391,118.55295844347135,178.38077514240982,-47.584924389491526,-68.23891188717734,14.71908086679811,-31.225373030679698,362.9336500711236,-160.61090482847607,186.9347206042199,-85.1360198575677,-61.392730545628595,-5.850871292824009,-33.83545541745344,400.963555481706,-120.22866934430313,81.96458554762573,-83.95831974019669,-18.93818439425786,-22.623333386311153,-20.328760748525525,206.98776248966675,129.79569639483486
1771947784.6194055,121.985011337774,-77.77425356697398,9.071078677159097,-15.623910213156599,-85.74617144066397,-37.093709248042394,-41.14073958535766,160.5510549778116,-48.10323220061725,-69.69446150945255,18.428324234687146,-21.445598975647123,44.438289761025764,95.16625276512487,174.8630507111921,-84.54060642920956,-70.45459250914233,10.177874606991901,-54.81039942288143,181.78987201903618,76.59083696413838,64.37996275635949,-73.327671107719,-20.464357225296823,-35.21071746736405,-14.32960771806053,-172.85265842168795,-73.39122782189
1771947784.6233027,103.522131202212,-61.4845793571005,6.465651636287861,-5.308177758043591,-103.6440955367657,-453.4586030744354,-34.76240569232732,142.80192242504503,-48.524131978138236,-68.13465683591883,11.42347625149305,-3.1550670778175784,-325.3977521164832,-1.9374385748466605,162.89959641152868,-83.33183312965939,-75.50779884420446,20.46622848701031,-27.937794789030537,-243.7681267758305,-29.987564126798254,47.43763046257393,-61.822448387714005,-21.633985636205498,-32.02793453646254,4.043398491308159,-395.96266652127684,-22.619418109408375
1771947784.6271996,85.65076435863605,-44.98653827057405,2.849696417944283,0.3522752925207591,-50.84514728875864,-294.94569752622215,231.830216142446,125.21264135609186,-48.73907419512194,-63.79006550447313,-5.488909031575413,8.756672760617972,-323.4111626008077,-97.20516061614518,151.09489404974138,-81.3617760873416,-76.7499270993639,22.642098236772426,16.874666684358385,-395.8614371677107,-47.14117368135232,31.172544284696666,-49.59613557203173,-22.7218476152671,-11.643846452246489,18.36078048358406,-171.93333772727198,183.2113546685713
1771947784.6311867,68.40329022139606,-28.561626007280445,-1.4199440758792214,-1.4805380416237393,39.32798884487759,277.09252749685817,-396.04877751899085,107.85897337196121,-48.62872892265957,-56.94440827232032,-25.050652576131316,10.30187379321796,69.90550847417552,139.27585643529181,139.49549892068913,-78.48409446026902,-74.56830002467032,18.890710884791826,38.9998068157399,-82.03477082897152,121.5093127195848,15.614013194949713,-36.80060556001965,-23.898691679864513,19.538077783525658,15.161729559213171,298.6599682895187,-292.4675025857375
1771947784.6350837,51.805925321583715,-12.464884158069664,-5.894984521476731,-9.900023418954069,104.8994510331232,492.3085640505922,237.89329141577977,90.81281095639213,-48.06903325373181,-47.92753108530804,-36.73814829583369,8.160421636245962,400.31081804481784,-131.98186143659433,128.14381487783768,-74.56321230320268,-69.48934324740155,13.85588035598564,20.833484899665176,348.1357484187211,-151.76900025771846,0.7857567013034145,-23.58657255902797,-25.217736040315508,49.26456647363042,-4.044257653309198,445.44996573469695,219.05274922463803
1771947784.6389804,35.87885720446974,3.077864348735341,-10.089768299831233,-19.949222568553235,99.12477236313174,28.200783880348787,94.52835292691529,74.14184869056758,-46.937493476550806,-37.11410228124997,-32.03673978883526,9.325155048742724,241.9954745081144,118.02251646615952,117.07796797240225,-69.48321305948758,-62.12340322979519,11.526530776486823,-19.283646195098544,363.1912231120867,136.86820461427698,-13.293997790134556,-10.104434879586265,-26.616738036744422,64.29143354001872,-22.859445916264715,21.808470551079886,-27.676037754123566
1771947784.642877,20.636426100985982,17.87152619073379,-13.539049783319598,-24.509305492688938,24.959260347160384,-474.3646802382118,-230.00767813514148,57.909293925863864,-45.11949766302644,-24.925684127357638,-9.609733589204879,12.040531924434509,-240.96620046298335,-73.86619125512208,106.33172385860797,-63.15605552437299,-53.10985980034809,12.72894626512199,-43.86580585357903,-90.22001263434461,-88.91662433605471,-26.612379659244603,3.4946624621093676,-27.934197084067105,55.906880762016364,-23.26067242677098,-470.0776519109083,-127.93948501240753
1771947784.6467743,6.087351094152304,31.752074855694115,-15.853075109319988,-17.95946774207099,-66.05797942709367,-294.5774824553482,291.952947517156,42.173617919648784,-42.51439949743776,-11.833191465252296,22.198029152853362,7.491387736668627,-432.30098296703625,-40.013555099318374,95.93444823288901,-55.52875284640294,-43.067024110424676,14.458790107049802,-28.316602673748644,-446.12254314420284,-11.128478347032075,-39.1617042921594,17.05772467547123,-28.93692362504871,23.79463164432676,-1.6744349845845816,-359.50036260870843,241.6333118928781
1771947784.6506712,-7.765002800875396,44.585835050080306,-16.76394543452699,0.2783566527693718,-110.4229546380993,301.50422983770824,-487.3404205230179,26.988348074213818,-39.04114673603245,1.6434014769396228,47.43878776343804,-9.166456988834943,-54.31121616024246,194.6883031263307,85.91110915756983,-46.589201843966094,-32.550612987385605,11.526003808553483,17.73863738344351,-214.50883802113404,184.95967136956574,-50.939269543580174,30.428942358751478,-29.355236935441095,-23.191530547029473,26.070906579896604,246.60706636519544,-311.8347183803047
1771947784.654568,-20.9223205149337,56.26786845875469,-16.158256529673185,24.540529858097027,-78.08411800542231,431.59156997348754,350.38846367711744,12.401901545176122,-34.643247830345366,14.940897880651933,49.255703170061395,-29.611970441078054,408.3598134124648,-271.7401914388748,76.28231971658772,-36.37040748906089,-22.023609903345566,-0.09581966846747567,57.01605916709621,318.42948604428676,-317.038345357318,-61.94712236453256,43.449032606290714,-28.921524410840483,-69.61792187682485,36.42949885106413,525.451622530544,212.62874096947237
1771947784.658465,-33.390999925540775,66.71963897960258,-14.09252098371914,45.064898389945164,6.619306310077308,-85.25197366156439,403.1597569462193,-1.5425399103027797,-29.29289739238963,27.466255245889887,18.691967512300206,-35.6619396952426,324.0866130099644,157.77755585437052,67.06441903557909,-24.952915083696556,-11.839155387594285,-19.93099140066702,54.231733825823035,416.5568839861561,224.63842179374706,-72.19179873896627,55.95503303976676,-27.40782773448607,-98.70666378143599,17.832995443118406,74.57922522819555,8.806755650749896
1771947784.662362,-45.1817863908529,75.88615081702888,-10.789726112085273,52.513475132689976,83.4112536438304,-452.69311161329495,-928.8340560487932,-14.807114359817685,-22.994113466533122,38.61836820359842,-38.64050099034793,-14.661398831682824,-201.69659185838532,40.76186352816299,58.26958929415451,-12.465337145225085,-2.2368536244503825,-41.79327002100257,5.670862370372014,-76.65544219411412,4.375779146036483,-81.68404024927075,67.78066740514093,-24.658485902527712,-98.60450078990642,-18.03590097820771,-470.89636360742554,-165.3344716484848
1771947784.6662586,-56.30938337925153,83.73276024226163,-6.617364394928742,42.5658848808649,99.7163531733873,-112.44550151306545,483.9004725328847,-27.359324241102357,-15.784774809733658,47.8178108667309,-101.94498450976126,25.692048161376146,-442.34288037274325,-111.20019381649213,49.906006015591856,0.9170608296534993,6.648364952214903,-55.90669650067281,-55.09677198856768,-461.829041272169,-136.50573293496203,-90.43849069167098,78.75736759484832,-20.61459190665274,-67.35652397484138,-43.84821471596828,-327.9129386466803,346.05734486890873
1771947784.6701555,-66.79204382681684,90.24186117385221,-2.0491974014474157,18.243218859765996,47.33501234379209,401.9077298619009,287.65141890690205,-39.17204214561067,-7.737483349256677,54.54276681491709,-142.0246165053887,57.79916792476419,-68.30701179341322,163.85137140703935,41.97801865946277,14.975675220176718,14.766822270718725,-53.601135272286434,-81.1182414707485,-168.6919788311983,273.83305433241475,-98.47337621203413,88.71599880030112,-15.328017795856447,-14.283616367328962,-38.05197322469481,280.0100014583893,-579.2573479317015
1771947784.6740525,-76.65114688789318,95.40963530730738,2.385302520335698,-11.268432017976908,-33.84646990863769,290.3387012866787,-495.23855624413767,-50.22347922006603,1.0407845015918038,58.36819841606314,-133.2987753772353,53.14369012172185,380.42290347888485,-387.6513074611457,34.48635833285171,29.453665860660713,22.127036643412826,-32.10289796458884,-48.24358641032254,379.1334130796469,-516.677589098521,-105.81017247971361,97.48929266939302,-8.963924315176225,43.24962983432837,-2.930177519261198,445.19568775897795,363.9336666001345
1771947784.6782095,-85.91076474129248,99.24303995879214,6.15860749441408,-34.822967954924195,-86.30690339698238,-282.1056385070558,318.3610050625514,-60.497117846428196,10.410234300248057,59.00442745976642,-66.1932019122653,6.664776773031474,275.04114760046724,396.95805398713475,27.428369231468583,44.062661680521174,28.76458956459934,3.2840990233866787,24.16289867096561,358.61977120044264,389.213461469838,-112.473262466895,104.91494972121608,-1.791872546557034,86.51504466378239,35.95713966267094,-63.16719517901104,454.2498845491501
1771947784.6821065,-94.5972240425046,101.75718282701185,8.803908550331586,-44.467672660372145,-76.13274536354271,-439.8426801157732,-232.31525362321432,-69.98161054439306,20.20097513614047,56.330839301415274,45.60760850858624,-53.88537192075717,-202.06145917636982,207.7176307165973,20.7982602269326,58.490826204223474,34.710761635753144,40.8654314890875,84.99738447779593,-213.51638942031965,361.73452914853056,-118.48958840120986,110.83933015910891,5.8332333544227835,102.60698701024513,49.25846510552509,-455.1783343497822,-968.8435897330845
1771947784.6860034,-102.73866647861982,102.97320353351728,9.968875491508102,-38.83479777921389,-15.182255908882267,69.10373748692082,118.83576767965425,-78.67064727690666,30.216827020904024,50.42046454341633,166.95238003538006,-84.3721387974018,-354.6078619247666,-787.1498289691137,14.587372882559109,72.41198781773375,39.96471560589142,67.29037938988132,88.31845014717773,-474.70161434709996,-907.3305773510986,-123.88830136293164,115.12161472322622,13.498232011277569,88.96811615977752,26.864790202863276,-132.28360974955535,504.9574947905227
1771947784.6899004,-110.36461273947916,102.91674728757837,9.458713244452232,-23.017006764129793,50.38895876206163,496.22042183734567,165.75305850442734,-86.56279350424728,40.24010246342905,41.55175550426655,252.6089261554751,-56.91483967599881,3.3620023923997775,464.8322799982063,8.784462143396977,85.4955020658635,44.4725923022436,73.07651837087758,28.319619947989494,-12.005553406458112,500.79279975842024,-128.70041182326742,117.63828567052727,20.764039924739144,53.47151863792032,-14.125247080462627,398.5921162760933,269.6489118092345
1771947784.693797,-117.50553408368772,101.61707755940365,7.263825480250579,-5.263176872690125,74.96395431470852,212.10093066034483,-368.6596031225322,-93.66130145317038,50.037222612251504,30.20490994132279,264.68384804253645,15.768648638655998,319.8119735344664,311.46771732248123,3.3759859834720425,97.41648950422926,48.11616029797053,56.44731905160301,-54.380479095382746,491.13310513662805,259.62778182158405,-132.95844422268914,118.28775253902272,27.200121690823906,10.331455168407143,-42.99249539286982,311.9357783720199,-520.2197232585476
1771947784.6976943,-124.19243550742465,99.10683506004999,3.568864229264313,7.366254707182487,45.436003961434665,-379.02179931160475,323.56837152779525,-99.97389717202648,59.3650047200407,17.041496271707505,189.21782976333262,85.05183117841916,151.48725548675247,-442.1228484280615,-1.6535996382217901,107.86608242488262,50.71267595400124,23.838495661253067,-101.06474531883462,269.811069331502,-492.5984242447646,-136.69609848014576,116.99492893389547,32.41795608217849,-26.149331575394076,-39.47326274301899,-267.49000455538567,398.9641780681105
1771947784.701591,-130.45645427225367,95.4224124967694,-1.258249980243619,11.958839095585166,-12.141403360878655,-446.9551377562139,-141.86684111926803,-105.51254600383511,67.97743943364924,2.8677615480668686,44.456914852459434,99.66879721058142,-217.68554696362273,-4.499415019911718,-6.321544053960182,116.56131735046188,52.02645063103269,-13.067984769298446,-77.67721501851933,-366.07935106222016,338.5327352299191,-139.94792107412562,113.71555675934009,36.10062501991183,-47.14382343708948,-8.851620827477902,-458.65538557407405,-277.2188781728384
1771947784.705488,-136.32847723005582,90.60487987576148,-6.696781926892469,10.109717028565257,-54.20255705342687,87.552193076485,-58.722397760751406,-110.29319908605943,75.63276468905212,-11.416312703973148,-123.72875412451451,44.27020577993048,-246.96654391000231,88.17906302964101,-10.646506755310803,123.2543278958837,51.79139089951052,-42.27955147423294,-0.2606579451679284,-484.0423539302976,-240.0858422256449,-142.74898804802075,108.440073566978,38.02616087793252,-51.706515186679866,23.731744387188435,37.708815316163054,59.50232435501774
1771947784.709385,-141.8387800556118,84.70136379392888,-12.120613911275766,6.078438259652159,-52.27703081891808,489.84859715337063,206.89972782141552,-114.33552340191417,82.10063722289513,-24.87859020847307,-258.2693517861733,-46.166096778896794,79.40168335824953,301.5150796946911,-14.64826697457896,127.74052304469045,49.74258049448564,-55.966007240281144,76.34217967916311,94.66671964111018,85.95800426259215,-145.13460201450718,101.19682603853637,38.08296355415627,-45.17833241115561,34.31083650033675,496.20559510573844,250.5284639785075
1771947784.713282,-147.0166911911152,77.76675688808395,-16.858441379040904,4.086265226040974,-12.47426592444211,249.1379075881286,-251.3072024837912,-117.66261783422627,87.16920108458955,-36.622144703828624,-312.7195493499048,-108.8743703869164,281.2383693925449,-377.38318763720576,-18.347440868614886,129.8654762408138,45.65390906381707,-52.51807177492597,98.47716615606429,543.965503961897,217.4667081575814,-147.14000499070158,92.05444740190686,36.276363579071386,-34.896977779201826,18.692526165835602,249.947897492609,-369.84068062933665
1771947784.7171788,-151.890282996583,69.8656122380881,-20.26117785689065,6.136609649083337,31.494176520703935,-283.5855393316637,216.25499608996554,-120.30071764771678,90.65185396107377,-45.852788795063915,-269.37974671181564,-97.94373396323623,83.51182724946223,-139.10510532130814,-21.765208986054986,129.53029880569935,39.37792311029201,-35.82980881170331,52.53266736629691,237.1080157664233,-378.1785618484914,-148.80010865278902,81.12323923040825,32.72619232607513,-25.879635431950046,-6.37019455244679,-348.4642262982559,269.3659229405317
1771947784.7210758,-156.48609224555236,61.07406400061065,-21.77017907280322,11.257883306399528,45.36193536137731,-433.990484831533,-122.94469924066155,-122.27888983987985,92.39351673368621,-51.940925472578655,-145.99803652948182,-18.583474650438163,-231.9905534249329,607.3469869355263,-24.923056468357796,126.69532627156605,30.88357600279482,-12.912939603581624,-26.33127415848868,-383.7124755837294,275.38693938066484,-150.14924331393652,68.5554288848574,27.655963526177953,-18.817771481229773,-19.235780223613283,-465.12432904723033,-131.784097798981
1771947784.7250483,-160.82887170975977,51.48161049354227,-20.979647650606076,16.399585012897365,20.609615739995913,-65.28012510705132,-40.57660077372878,-123.6287218351689,92.27621994968517,-54.47223380902775,11.81211561712324,74.98346521790795,-238.20314109908063,-475.15663660634664,-27.842528135778252,121.38200725761443,20.28745830409729,8.714587398375112,-81.52807037753131,-472.49494538898483,-95.91973009420896,-151.22092661553154,54.5442115120578,21.374911647776532,-11.053394807562992,-12.047395952578233,38.19562765653676,-25.969958348058423
1771947784.7289453,-164.9413741854865,41.19259861690232,-17.686957208279356,18.444229647589403,-19.80137110695197,342.7813932156377,203.57319975585224,-124.38400603461655,90.22383330935256,-53.28258829453433,149.1133628452464,117.51574745345737,76.4552442794922,-20.73883947094521,-30.545000262627248,113.67294877351415,7.874424018706693,23.079118012568863,-76.98935722787083,56.35899186902746,-65.95365212125381,-152.0476526334173,39.32152745029539,14.254620021131535,0.535863663293148,4.035547835734338,468.2568793695145,214.9252165065939
1771947784.7328422,-168.84416995939966,30.327258159536203,-11.925616500769056,16.12897114042844,-40.50904217202274,334.9871851067798,-264.74501877141853,-124.58042274896964,86.20578148665346,-48.47393953859347,223.07758281827466,79.36450757070074,307.52280706849575,340.94685375410177,-33.05147051521803,103.7101355300497,-5.8957251559991795,27.131429229678865,-21.76902350899597,480.2128514639088,219.38353067630015,-152.660701864343,23.154570027889264,6.70227537059823,16.586817242910882,10.76977456103795,283.7428410783965,-308.81329332146646
1771947784.7367392,-172.55549837380016,19.022151377294623,-3.977094096262003,10.59680342615342,-22.920049539981235,-33.80602208216343,221.02578793885866,-124.2552240091482,80.23961224705421,-40.409515035625276,218.15348927468122,-12.339356498526403,149.56930506424354,-351.91649262813763,-35.38236723994613,91.6914010909749,-20.397726740622808,21.413721638507262,40.242019293257776,275.0577948251996,-289.413755933745,-153.0899723409804,6.341064274356305,-0.8672952724870696,33.79744157935464,0.5702292663617342,-232.01889608986255,241.57452930042905
1771947784.740636,-176.0911537901173,7.429927599765129,5.6403964557579505,4.145689155580205,18.59604475230072,-342.346367935213,-100.23012688775454,-123.44692063609867,72.39231127417798,-29.68846991009962,148.93639071679718,-93.37183358320843,-216.28075630547457,240.4644198798335,-37.557379013885146,77.86528432942575,-34.86734816497118,9.728647851572184,65.5922065236941,-250.38390284197604,205.41066037030458,-153.36383188154338,-10.796596583222849,-8.058697391557347,45.728857206400896,-16.04792523792717,-426.2409423867632,-78.37246705598194
1771947784.744533,-179.46440586008887,-4.281696256444095,16.205960342656688,-1.9113604909967765,47.31365762975418,-274.35147850401205,-89.45596006784129,-122.1949747534685,62.78029202994243,-17.101862686072028,50.56591828680934,-108.37985285229712,-330.46819972204827,-81.93910060443875,-39.59530505970191,62.524455003525084,-48.44413322076127,-2.3539892230430115,43.01474522668575,-432.50956763857863,-15.489562495752866,-153.50899121555997,-27.91822457475586,-14.520238729532913,45.691999998357566,-20.058035121631196,-110.03905128170986,-108.86419163586886
1771947784.74843,-182.68595363672557,-15.931772676155385,26.850623290057214,-8.561268085558648,34.49945631141051,87.44552294321345,264.21377032994246,-120.53949967663445,51.56802667211776,-3.5734004055219066,-37.88711630769153,-49.54751572029754,-25.088592780206707,-118.49794711301567,-41.513926785285555,45.997935728640556,-60.22802841573371,-9.7111875517111,-2.368315081662242,-88.43389606655766,-156.97714281478454,-153.55039749010916,-44.67354656848431,-19.963804707454415,30.575019193117893,-2.1509659349057624,298.67132889935067,249.31459722547982
1771947784.752327,-185.76391273263104,-27.328783511064657,36.628197939709494,-18.361446595248434,-14.440279360368262,358.625102296276,-288.0393768765023,-118.52096887761235,38.965322939305054,9.910332678616339,-89.03783409709342,39.573736227875564,336.4720619787973,241.5194273082432,-43.329900389653396,28.642381732240533,-69.34599695254929,-9.636689897446525,-33.24977371303758,333.79283053141467,215.43540203360104,-153.51114748762652,-60.710540883401094,-24.179168089909755,3.675761545927753,26.59569505814999,341.53956776059954,-258.93106116658157
1771947784.756224,-188.70383445834855,-38.27408969075428,44.59651969714069,-32.940508539308375,-60.66919624176606,235.77614043915398,148.05310842872942,-116.17993554564197,25.223290014638874,22.37457702478912,-95.37902369762196,96.6190251979577,289.5296925769978,-221.735019230603,-45.058670221861156,10.83270273011785,-75.0234785660417,-2.708056684039166,-31.044139816742018,342.95865248432995,-169.57612368418054,-153.41241976116916,-75.68416384975492,-27.042039083770252,-25.397378058481245,41.733838157685966,12.045648403685613,129.74628822149592
1771947784.7601209,-191.50875560863503,-48.56609861034366,49.902038573483,-50.358665678110164,-61.76062563737737,-164.572447741771,9.23475693900416,-113.55676411501784,10.629073204582893,32.93004455706868,-67.95865844840756,84.7133432577467,-131.5683355618856,136.22494860162848,-46.7144023759295,-7.0476770123290695,-76.65470092897657,7.680379731147718,-7.8880540133361325,-43.57175342096816,82.39048200530155,-153.27342477115718,-89.26520859762972,-28.51565230534043,-44.426551080855035,25.44538734625803,-312.79768049702045,26.99291064727158
1771947784.7640178,-194.1792772843433,-58.00503916515185,51.860254772800836,-64.186264515982,-8.378771494729957,-387.5185882471548,-86.29221265251499,-110.69137496672015,-4.500527022433203,40.83963249308657,-27.914656978608804,16.635865736754386,-404.59748035488906,-23.33505790209301,-48.309937808113084,-24.616622770639072,-73.86548837992436,16.771499531344435,8.660516432836852,-367.60886367931283,21.506078840504273,-153.11137197340324,-101.1490255633632,-28.646153535890768,-44.442977694033765,-16.519859873888148,-293.5030091037663,-95.68730800550819
1771947784.7679148,-196.71367086304951,-66.39819943135252,50.0246599968874,-65.21289730380116,62.897955984608934,-151.4955937643793,168.9087540939773,-107.6230033145841,-19.82640213180197,45.57292920297249,4.293759599503222,-57.06679296070774,-175.2236484449189,-109.38010346647297,-49.856764055681545,-41.50286761771714,-66.56240736319361,20.34734967630467,3.1016745396127474,-261.9403620321696,-107.24688796987999,-152.9414526958479,-111.0638306607521,-27.552469805521742,-24.672420120091086,-55.59309310937016,47.745284373142894,108.93631080354078
1771947784.7718682,-199.10800900875319,-73.56545262355853,44.23768245235841,-45.32848377129659,94.49109099442799,272.3316470865113,-294.6364261116825,-104.38997309443569,-34.99526878478426,46.844270987968976,17.18421566655487,-85.55282529546545,277.880143349103,181.51722456988986,-51.365004449398185,-57.3550917829128,-54.96285766331039,16.53659481294813,-13.52557691978797,149.54899443735277,120.27612858690165,-152.77683759595035,-118.77833409233527,-25.4117063274061,6.360192174155814,-60.117574982631126,351.7168859296686,-168.7361717569857
1771947784.7757652,-201.35631946163366,-79.34487503086568,34.658564789645304,-2.0964764039250467,53.766102648680146,356.6060588932491,271.44448196958336,-101.02948652244645,-49.648383070639646,44.631474698278744,11.17255625653055,-52.95413777351354,389.9480066030575,-161.19309408214082,-52.84342358401446,-71.8502560843058,-39.602036245448275,6.873940321139412,-15.466288234099412,393.44321351468807,-89.82790172923723,-152.62868751779024,-124.10844036538028,-22.441395804315086,34.47451439011772,-20.236882894283212,270.61314256677343,210.29297519189905
1771947784.779662,-203.45075924576082,-83.59824553976745,21.7650182201003,57.87734210647304,-36.43254142730749,-4.557584106812156,-13.48502391580846,-97.57742986940451,-63.430611086706165,39.17395201516237,-4.208262241340413,13.021790062169487,24.76602629916413,102.24142330435768,-54.29944774045585,-84.70097617036389,-21.314478509684143,-4.112300524781633,10.159684169450577,177.5376172467961,75.34875263624168,-152.5061766255824,-126.9227966886866,-18.88010822628883,46.48454590328921,41.179037345679895,-142.49726199763884,-83.76230350281425
1771947784.783559,-205.3818068271202,-86.21620969891522,6.327738303596456,118.58266466867104,-109.97501757711046,-335.5683156273694,-228.47622528851502,-94.0681958699135,-75.99961726358114,30.950580170621897,-16.743573615650867,63.456478954811686,-365.4627688141417,-10.360350722457543,-55.73919889858979,-95.66176327991995,-1.189977865137989,-11.066169654520145,45.862344638703966,-260.9372237777869,-48.9890848497339,-152.41652673061404,-127.14700055664754,-14.967995706463745,36.49435120554672,81.62136185937867,-423.972748610895,-132.53881702853454
1771947784.787456,-207.13846962954017,-87.12289216530064,-10.640755116768782,158.38883380182153,-106.60692138625846,-211.00298770121267,289.8891774501516,-90.53452302987859,-87.03492331313554,20.639325670162417,-18.18806298097079,64.03094575618763,-313.0073053198218,-102.45702994073834,-57.16754090927649,-104.53399902288427,19.494078455049753,-10.951196596772236,54.9763917001077,-404.1205715388002,-20.711437291854,-152.365051746076,-124.76631674196024,-10.92879497037653,8.749562222636067,68.62501667390107,-200.66268489921413,215.3425561809557
1771947784.791353,-208.70850420669015,-86.27975084074697,-27.95919857991419,157.64270634789767,-21.054113170480647,166.50786992557053,-313.8301712586613,-87.00735194087937,-96.2465886633334,9.062055018615283,-7.894032384231198,18.417010790056654,107.64380201439305,143.26804175564877,-58.58813632497982,-111.16955503324358,39.35973277034371,-5.413485555540062,15.043688582892228,-60.55236637177314,92.20032199763715,-152.35521123614254,-119.82679871340146,-6.954652324723233,-24.272879942894882,5.263852642450975,304.3768563719498,-153.57605698723344
1771947784.79525,-210.0786463186076,-83.6884850204868,-44.36683939826441,107.64909630213708,87.97975224772543,266.34572210849905,298.8029851969528,-83.51569859931284,-103.38326895107589,-2.880902276925676,8.021635358857484,-36.599863663296915,396.8449282982897,-96.70609447156257,-60.00351236196893,-115.4730126559609,57.02867164915999,-0.6119021849735511,-55.12804485510555,373.9215436656654,-130.3024639219034,-152.38867210189247,-112.43475892172192,-3.1948894081585393,-47.637661522373854,-68.22309014868574,459.0122608622392,119.82115912623853
1771947784.799147,-211.23484817038846,-79.39283795467273,-58.62161129408136,16.95417757164062,139.16338979880206,-11.704445440275807,-4.698288492703556,-80.08654466643644,-108.23942266309712,-14.281135341890844,20.939704163492756,-59.55269396157802,221.79016161724786,59.873614968224,-61.415134499104504,-117.4024819263706,71.2279511038608,-4.068568086900136,-101.88855342158554,364.8505096393617,133.9708847426164,-152.46537755025562,-102.75458444525646,0.25049378373611114,-50.966087483045854,-100.30350735857576,17.908087655987035,-137.10199661570397
1771947784.8030438,-212.16252009668025,-73.47916955099821,-69.5990948879765,-88.91747768068466,90.38180653203149,-220.6860881168712,-494.39852327977786,-76.74474455398519,-110.66145617385536,-24.291876147710443,24.708948665635138,-35.01375247703759,-215.7139241459045,-53.073876398719634,-62.823486275822724,-116.96906079224208,80.89263573581927,-19.911161070234925,-77.34831233675658,-96.94050137438424,-101.70097101032057,-152.58362258316444,-91.00494651480281,3.3321658248583716,-33.41223540593833,-64.81402054204617,-476.19195256135714,19.410223277601176
1771947784.8069408,-212.8467739934333,-66.07571579246884,-76.38394773173174,-175.49642940615828,-26.814443631207887,-55.04095406386967,723.0997108250117,-73.51294914564586,-110.55262299102215,-32.191613593297824,18.634404173889852,15.810393330636641,-410.36650418008793,4.959291559511995,-64.22815389364852,-114.23501259413794,85.25655952858874,-45.01723791123995,16.2730055597743,-448.9017025611996,25.12918409566276,-152.74013531424706,-77.45350254284615,6.047670905711471,-4.049866070863234,17.9382280694912,-350.4345279561433,288.99130900311195
1771947784.8108375,-213.27266583376672,-57.350497017705685,-78.3460428275614,-212.5053420147973,-128.34405266383555,192.68364045315212,-390.93328165169174,-70.41154588107288,-107.87652370073224,-37.43672371846693,7.2668445086784175,52.09458326137504,-118.72695801477123,90.4590003569955,-65.62791425060607,-109.31077126245044,83.9229960253851,-68.36456394615165,117.57097715340873,-245.3376173482592,113.84054448148744,-152.93016350265955,-62.410236590298986,8.432935395649153,22.782769076813818,92.5756275694496,256.4726750176367,-469.24704130420935
1771947784.8147347,-213.42543470151432,-47.507886903461205,-75.19480560130556,-186.44305300080376,-139.63586422385254,100.28662745752335,-274.2550957517584,-67.45861487850496,-102.65908914043311,-39.6992031680311,-2.448048678536133,45.093936561336236,336.6634966254933,-158.43780491869865,-67.0208250857768,-102.35090974908806,76.90836207579261,-74.55244557827392,146.41498000029222,262.3770733516674,-264.6121709653461,-153.1475658144039,-46.219627767775364,10.549915445158822,34.94493360599264,106.46890337444256,516.6619834814379,231.80420961639197
1771947784.8186772,-213.29073594792956,-36.783906247250144,-67.00707983735565,-106.67301385027596,-51.598772974348314,-204.27738495041677,736.9949954192183,-64.66990077106514,-94.98897017004903,-38.886853882183104,-5.0205386581157105,0.49841981442929106,398.37106712182407,160.8432013460396,-68.40431601123296,-93.54922813864427,64.6540849111609,-50.6492485011041,67.30386827615625,429.79066967195604,272.75381044418396,-153.38490745751062,-29.251873892485992,12.47157727127868,28.753185247190356,47.70791519570986,57.883203236168086,140.00692253329464
1771947784.822574,-212.85486630756193,-25.440357985493154,-54.22611363300131,-1.8487698101941654,72.334550934442,-214.44094010125727,-608.0173298064645,-62.05879994859537,-85.01630119780292,-35.14471498512502,0.5460118180748093,-45.83534674673885,-48.54717786203533,-125.51371077478554,-69.77527933961095,-83.13313296677357,48.00429327992435,6.165185389715101,-74.55102170078784,53.25810088485279,-102.48071552223793,-153.6335599317487,-11.893427223560993,14.26568108137801,10.507499566752482,-44.73486049264223,-469.32098706466076,-238.8613525385978
1771947784.826471,-212.10497907421617,-13.757969511618981,-37.63172517080645,91.93092343153751,143.39868765262656,155.0074298406829,61.55343787640917,-59.63636288624667,-72.94984906430665,-28.83804526938536,9.921826276708705,-55.908581053492185,-460.0357147103379,30.379460491225522,-71.13015972710603,-71.35748734485753,28.149855490746422,83.74099763618568,-178.27878060795956,-363.22446428744007,-90.41719311844841,-153.88380465401787,5.462881389060025,15.979025377500324,-7.532293923373063,-107.31376746217629,-307.2224505197776,281.44309634810395
1771947784.830368,-211.0292877090816,-2.0287524371032877,-18.28415331437599,145.8010664612715,112.7743628602212,368.24511276329395,335.1046885552586,-57.41131119648064,-59.0526026070629,-20.518604006581693,15.411707253081698,-19.910211633046586,-279.4348566792496,186.4395571294083,-72.46504172200778,-58.498112340261926,6.542240194076818,156.2029524418617,-160.53429906920988,-284.884977287501,255.8896723971228,-154.12494019891662,22.427843863735955,17.62386923336129,-14.246761624533558,-96.65138460532704,290.1270664020829,-504.3445159283404
1771947784.834265,-209.61725649607376,9.45217431039351,2.553708082266381,148.84189247959094,5.774184273089463,45.21241418985473,-359.28468921297844,-55.390069001253465,-43.635900913185296,-10.87725264340911,10.121734137604323,35.0473309687383,287.2164631076719,-379.67860133999335,-73.77573437105966,-44.845115035895304,-15.216550947111756,192.48234183295156,-22.7147272315535,143.07297052541676,-432.5158281830671,-154.3453928948393,38.625714352930174,19.168155711751286,-5.685786052135147,-20.517628088735545,425.64567662464106,364.62165591315477
1771947784.838162,-207.85977704080042,20.395027093150034,23.509249704867283,110.15471043169757,-99.3981040694948,-412.31425765022385,280.99657791442877,-53.576808221002494,-27.052239546558173,-0.686914208190215,-7.57533898680877,65.36006906307574,474.0306685261592,279.64324031310366,-75.05785213588037,-30.69620963096745,-35.499404754520214,169.6684930344557,142.30474794814174,325.5130155556376,409.04423525668744,-154.53283056153782,53.703605893384285,20.530898772455465,13.182145209613983,67.65319772664586,-88.407991923093,435.3633485669666
1771947784.842059,-205.74932952075812,30.52378179445041,43.20067131079149,52.14315875506383,-130.23804871092156,-337.2705478645865,-217.08668632151642,-51.97350740071474,-9.68693234565353,9.259396509617238,-31.84803252535911,45.18984751918339,3.010969593745394,16.494714313252317,-76.30689150679184,-16.350185638527115,-52.78465281802018,85.31724642932552,214.32324268908852,53.427934877467926,26.640696073382866,-154.674279217886,67.34017838646919,21.58368470159146,31.5383693490731,106.91098122449442,-446.4553266094372,-968.4777861922234
1771947784.8459558,-203.2801276761463,39.584293967048396,60.337031728781085,-0.8459298756326821,-70.98269710799511,227.7105733396057,17.099003259371123,-50.580023687256116,8.051160644808238,18.21047640039444,-51.2420330607029,-12.265032937555757,-471.42744478119096,-181.40529658184062,-77.51830281787166,-2.100661328515726,-65.78074652501284,-37.91532246688163,135.46214139454892,-239.5277117562038,-573.8534968193475,-154.75624257445259,79.25337639284346,22.158709531298527,38.57142150293776,71.935066811956,-93.48903320007658,480.0074334753975
1771947784.8498528,-200.44824664501226,47.35183762219999,73.80998090144716,-32.676674280995755,30.482042159669113,527.6363325923687,231.93102864586675,-49.39417750656477,25.739602564447534,25.513905410887784,-54.09534498132199,-63.753403127594495,-265.3919909486394,299.28781840654466,-78.6875568239263,11.769758928711193,-73.53418803668342,-158.92152048287514,-43.01261898609086,-139.47565817131897,711.3644583168928,-154.76482406359165,89.20700773050227,22.06316116622889,28.94483030629323,-9.979413629616333,414.4599783565327,309.23093018186813
1771947784.8537498,-197.25173290704976,53.63780317507489,82.77019131716195,-40.079886879873165,101.49237859030896,130.95259228582216,-300.7254988211648,-48.41184939595333,42.95279088280298,30.663737011398258,-34.813577637164975,-68.92989529453963,322.4038933396999,-526.3923826471886,-79.8102056221212,24.994826226230174,-75.51098674045905,-234.11411716821934,-194.84934430270528,155.394220397192,-332.0557827187813,-154.68585109749537,97.01599226113778,21.099099028430672,5.2033788727013235,-79.86548915350824,274.0760360580744,-505.1231470354014
1771947784.8576467,-193.6906957572286,58.29532266005002,86.682925287938,-30.872209618149924,97.47600728058258,-450.84801639627887,236.6166059363122,-47.62708838256138,59.27254183787711,33.3354024240746,2.440285354209709,-21.91620103269119,422.7359488892507,394.8916122210467,-80.88193755349606,37.32941128839871,-71.64396776419628,-235.72363275096936,-210.61854444405654,170.4917059407937,-261.1010234983995,-154.5050011877126,102.55015303037095,19.087340912362535,-23.832263956317085,-90.0036558441493,-314.3192812703364,347.5080483262915
1771947784.8615437,-189.7673798362158,61.223627736949695,85.35901967145485,-17.811478716575657,29.85091717155909,-449.7174916509912,-148.4916980918017,-47.03223127476889,74.29857303919003,33.40541698478222,44.732531594509766,43.27492300151991,-111.88401640274618,378.9114310293144,-81.89862584045707,48.553633521989916,-62.341091172506054,-163.81648015893478,-78.69199022259895,-111.93320282306982,674.411296042954,-154.20792947539198,105.73646834803652,15.893303931532435,-47.51071128235242,-37.29260096705304,-447.2019835325275,-275.1478714715772
1771947784.8658235,-185.48621831586038,62.370991352740525,78.95966526389495,-11.542372960989772,-48.17677662984091,123.27902734840625,-30.052846075486055,-46.61803219928393,87.65861004012369,30.95473731679732,75.62762165599878,78.07040741938036,-472.8239624890413,-953.5326872826837,-82.85637089385844,58.47631322247814,-48.453307666159596,-46.23587658487209,105.97357081168,-231.47048873274622,-610.1961677919821,-153.78039711692023,106.55975171350349,11.452325040846985,-58.06934312405439,36.6841740014044,100.40364759373682,96.07840843856559
1771947784.8697205,-180.85386643118292,61.736154093244316,67.97550651108237,-15.81037886587095,-83.20075786757587,517.6149714459726,246.4940847149078,-46.373801627337095,99.01785227091518,26.255949415141924,82.25856699276119,56.1286845591719,-111.07701083775035,537.3861475310762,-83.75153642360074,66.93771914988729,-31.2040735941754,73.52820678606088,212.02508027678684,33.78111251655014,128.2053684611281,-153.20839989529776,105.06177395369693,5.791755048244414,-53.26772217343631,77.76415842845313,529.317049903597,256.1712101604898
1771947784.8736176,-175.87921518724505,59.36818878422487,53.182599870066205,-26.74601705782154,-58.22075975173211,254.0387371960208,-296.60139359637606,-46.28755400668648,108.0875512752499,19.745759938953064,60.97236320757288,-6.65607380485238,427.3327429400925,281.1504417628334,-84.58077967450363,73.81159638290139,-12.086136556978127,154.71976205002608,167.7493954721326,302.1687496009866,324.62352207742833,-152.47829639926712,101.3388867088325,-0.9528786517583764,-36.14900198613004,58.99907072268728,206.36339133492078,-407.026552447405
1771947784.8775146,-170.5733852124073,55.36481064138124,35.57948791466725,-36.09294227230966,0.6384602565336887,-292.02233300081923,178.4963254017232,-46.34616299897033,114.6324780829002,11.985404945371307,19.009048764349835,-64.20415694066415,324.8608279105144,-563.7965527181466,-85.34107625000358,79.00647169711684,7.265753696721295,175.30172442156058,10.987526985167143,142.30878433103436,-440.76372365684523,-151.57693508333077,95.53824824162733,-8.530075235582714,-12.822875059666446,-1.1288022166160963,-415.81151953648845,265.04715558819356
1771947784.8814116,-164.9497008353939,49.86919420506291,16.310947003496,-36.39004912139147,48.14113948026549,-442.50020680169,-50.10302458927633,-46.53552321469052,118.47708603865806,3.6124917981204603,-28.55046764193621,-74.91549895442566,-273.8498843458334,380.83745956743604,-86.02974004781392,82.4662465087719,25.215255503613317,138.49845817235786,-142.7749823096163,-264.9432646844661,337.4594847271148,-150.49177944850777,87.8527913028813,-16.574813775419308,10.19827411684955,-54.59718916278348,-471.77620897092675,-95.17214530329869
1771947784.8853085,-159.02364454247498,43.06541016887823,-3.4152421682685046,-25.185517236868943,53.9798678581199,-69.55091010551672,-56.430073738274004,-46.84071720687661,119.51021039231173,-4.711612689344195,-65.11409817612713,-32.35383255987268,-481.507138497824,-201.08314632589554,-86.64443880400667,84.17010086603835,40.26568707018353,67.91998523106118,-187.4050932397921,-347.2514775838442,-170.5645605102765,-149.21103048706675,78.51510690547597,-24.622338647598262,28.018416394861784,-60.99836366202539,99.7804095790421,-35.53681273296509
1771947784.8892057,-152.81279207335245,35.17264192584239,-22.411919582467885,-6.0351669499447445,21.774689244055818,337.5905780803603,177.56807029431857,-47.246186341016,117.68818514075564,-12.354486439392767,-79.15851526159129,31.081743717716694,11.785740646939537,21.3454046229708,-87.18320566369262,84.13174498622061,51.18961738086947,-5.066178697565631,-101.40151309199452,48.95309134963415,-61.7587043134076,-147.72374547400833,67.79044505952285,-32.133367840294646,38.34417108373044,-17.84835920348749,523.4497405171273,206.1009861826403
1771947784.8931026,-146.33672856517552,26.438380940138572,-39.59030737980504,13.952205165115444,-18.422444144259504,327.1648161125614,-260.08349183752506,-47.73590406083711,113.03629857092956,-18.761209562149276,-68.09884423765347,69.40308223874591,495.96357821205544,228.22605746675129,-87.64444713399453,82.39806567541935,57.13519813026235,-54.94168714247722,43.260442515312626,414.3380062708777,274.2694322333183,-146.0199521842237,55.96905269516028,-38.52971654085278,41.41595713003585,38.40448287925264,270.1700373775828,-316.69531717327845
1771947784.8969996,-139.61694632323415,17.13083126203236,-54.02646419145795,28.202565790222174,-35.606836298927504,-33.93100389881172,222.6621866273003,-48.29355004035763,105.64855008120944,-23.495012768952492,-38.152864551484186,57.167382162100566,286.64338230533207,-348.4500762713321,-88.02694775785534,79.04722281058258,57.699596977009556,-70.59786848709287,140.72309544830017,255.14072324557117,-320.1390729534103,-144.0907576245381,43.35808080644893,-43.23821215811446,39.02824779184833,61.13456290228124,-295.309690600234,235.24625630856042
1771947784.9008968,-132.67672493675957,7.530776735688713,-65.01219330436419,33.84474811640326,-20.93359640640217,-326.41561529832893,-63.36211854976151,-48.90268371005667,95.68571216928586,-26.26702783112097,-0.9733493303852433,6.649791852660395,-312.5793087442299,260.63453829601536,-88.32987184189038,74.18625669405684,52.96274551341691,-56.31699516442018,130.19594275098163,-239.5116666162934,212.28139303027731,-141.92845034538215,30.273298345006012,-45.73974335752377,33.114600901575656,30.354649917897046,-468.3783414825944,-29.470739878334026
1771947784.9047935,-125.54099455978684,-2.076820788872764,-72.08763470894917,32.34428972765974,8.229756168257106,-253.29070276479064,-126.82673419792884,-49.54691561779236,83.37174323549678,-26.953137974992746,31.021564849699654,-43.68803184254767,-479.1886335955112,-95.37492047276437,-88.5527625288897,67.94827173711833,43.478122812599935,-26.465646918567003,34.468371980141725,-442.4618815966208,-43.79833447568821,-139.5265953442829,17.030849507153007,-45.61944789073198,24.738922835303708,-30.417474418650954,-88.06395725820884,-132.30164294814674
1771947784.9086907,-118.23618327730915,-11.41121889949337,-75.05437317780608,27.718013313131497,24.710248310190398,92.86733441110555,237.83894146402412,-50.21007503682539,68.98863804017401,-25.597037256466145,48.79049717409587,-58.955912608577435,-14.695830802339414,-77.21399628196316,-88.69553842342623,60.489265738947935,30.22114586072068,2.5488795958306794,-66.67335600959689,-99.11829884701515,-129.21080301327999,-136.8801205464192,3.9392827948005404,-42.61351476428157,14.191585241465013,-70.96806400865832,358.41033092274563,185.55008924481274
1771947784.9127195,-110.79004961429874,-20.20402000419935,-73.96949545634487,23.715325324783297,14.460691832429161,340.7209822517172,-239.36152793925774,-50.8763722142071,52.86984116862782,-22.399755502452717,49.16828917845784,-32.485553759653406,443.6074807036796,230.28313691130558,-88.75848790370073,51.98467600952917,14.499576505466468,19.27851243852338,-101.845269639344,362.31778977970606,233.97364019357877,-133.98539388391808,-8.707935812693302,-36.64794400822817,2.0518176721486743,-53.558477349164875,375.20530416895093,-190.97749346703193
1771947784.916617,-103.23150141485533,-28.206772702971044,-69.12249585573551,21.56161724484384,-12.230002983917005,204.19167840365716,169.08262829217455,-51.53055369290126,35.39238314294142,-17.696998541393402,35.235138255262974,12.294194321470934,320.70491286133125,-281.0887479626574,-88.7422612215791,42.62571300722278,-2.1661756541633177,20.632603571407785,-59.26622405926827,382.47270479722874,-218.16247609842083,-130.84029007762516,-20.63923590347987,-27.864917478746428,-9.839663130338536,14.77727696060517,-13.517090510395963,171.8273065354289
1771947784.920514,-95.59040247786207,-35.19782131990114,-60.998139848385755,19.289817279215644,-29.891196798746964,-190.09883239798788,-48.966234766164554,-52.15804921278537,16.96792879456421,-11.926599456512566,14.543581172032328,41.97200153332056,-182.3863743911764,183.68518073354565,-88.64786049071972,32.61554960635504,-18.18219105668842,11.001139184063643,13.334671680081748,-50.21192418116523,113.8400769915554,-127.44424630448923,-31.610919429284696,-16.633186249894443,-18.644160280994036,83.0531389029067,-366.1644057432753,-64.45335235409333
1771947784.924411,-87.89736845203242,-40.988206403746744,-50.22925906312259,12.914805830050565,-19.857115088887074,-378.00795549336453,-116.73420597714636,-52.74510875161826,-1.9670463339170212,-5.58909496512932,-4.190512636872391,38.278388765802546,-427.85533647482976,4.974125012260037,-88.47662764472499,22.165430922270215,-32.02710999999502,-1.6847337052917106,54.32184445463159,-414.49021473166766,21.248726805398405,-123.79830598919409,-41.41216897962607,-3.5400348624553346,-22.19098673209085,93.02933261885514,-317.0377501036631,-102.42524213842242
1771947784.928308,-80.18355358179562,-45.426455211455796,-37.543920928281345,-1.007207794221585,12.829093928994826,-89.75767818285732,277.87593571220077,-53.27892830211569,-20.96171390193938,0.7951193747598869,-14.629780853645565,9.266848542545915,-155.02530032729402,-162.26688104252213,-88.23023039706757,11.490766467437458,-42.39189446872957,-10.523955141802022,38.83615876965263,-289.37847658398584,-125.58807036080397,-119.90515001887483,-49.868988017255035,10.636133437869663,-20.929484842766637,26.38641452493211,71.18300986202765,188.5710039847066
1771947784.932205,-72.48042999709821,-48.4021424656426,-23.7114861290029,-22.554680632061277,41.85380571676227,341.83749630137174,-316.90738537695995,-53.74776304009636,-39.56173127234454,6.728457795004245,-15.058002882864127,-20.09360044249055,272.39553377341014,196.10628432754808,-87.91064618608037,0.8072627422397927,-48.300508956108686,-12.472918043485725,-6.151425664621837,169.13392974292935,145.34442177733908,-115.76911478538311,-56.847008707734645,24.971843459926113,-18.560193843111804,-74.49920899741136,386.7752574974275,-171.16081075676834
1771947784.9361022,-64.81956137080634,-49.84814677430102,-9.491761348420066,-46.90135302570525,40.41269941467622,336.53189403906146,170.15542870166777,-54.14102666135403,-57.32019793711357,11.77518467245189,-8.421687806913365,-28.613395852217646,361.6189993644871,-139.56125393134263,-87.52014408437987,-9.672850589502296,-49.20039021827337,-8.422496055410155,-31.350577888517233,428.1544870560621,-108.1376394888321,-111.39619661199951,-62.253139388338525,38.46070575677389,-20.46084566894274,-132.54124682070824,283.8788527905079,149.05025695498537
1771947784.939999,-57.23237289608817,-49.741574558641275,4.409180094128613,-65.32568574615483,4.200088675661507,-138.31065227663976,29.071781745245985,-54.44937584055008,-73.80846533343144,15.593787569661925,-0.4218540977761116,-14.179998768042617,42.603355501013894,71.73312862836404,-87.06126469302053,-19.744453765515793,-45.01425681467922,-1.3402840067969664,-11.395333166697343,189.82974550505153,74.31830742259955,-106.7940422795862,-66.03605926508058,50.0874923726032,-30.40447065668145,-93.86779390520871,-144.29484524869267,-116.77764057886631
1771947784.943896,-49.74991962005652,-48.10336840450437,17.373831949971954,-68.79525780991193,-42.323858166160775,-440.63542412140293,-153.259958346475,-54.66477894650508,-88.6265396096105,17.96029015676277,3.2376712672821992,7.273280721752945,-310.61932930804994,6.482140159889455,-86.53679808408494,-29.212987770239934,-36.148286040974476,5.713779311533106,32.36067264245239,-272.8777318581897,-34.620934352442326,-101.97192549643307,-68.18560071160597,58.908542222668295,-47.18597193104378,25.157544506250467,-426.59533718687857,-22.029584224916697
1771947784.9477932,-42.40265520388846,-44.99665868510037,28.89712655062269,-52.523546174867796,-62.884939404101985,-120.95852652892879,335.0382982376995,-54.78056830726384,-101.41282620357545,18.78093652296327,-0.7217434628075601,16.692095958505924,-310.77307762271226,-91.87311600073042,-85.9497598670338,-37.89768590759863,-23.45564241951633,10.381512120678726,51.729305868040726,-421.99151623156206,-31.232783349943325,-96.94070926916308,-68.73108894613362,64.13193841979958,-63.0885992534245,141.5515904311526,-221.23166062287248,234.34667941694136
1771947784.9516902,-35.220203200266816,-40.52395551235508,38.59884517236612,-19.021562038512783,-37.611129371024035,386.1236091166762,-559.8314066501069,-54.7914754779094,-111.85297995326917,18.09360467650119,-11.747161410051847,7.857962430638924,41.202089116001744,118.14640195977773,-85.30336544800709,-45.63455233898866,-8.158423681004697,10.695116319928568,16.995064733672127,-71.96496204899539,95.45088158471745,-91.71279427014103,-67.73873509720174,65.19047033075661,-65.60607549221132,163.59794362460477,254.51670203549108,-335.0043729861383
1771947784.9555874,-28.23113297813674,-34.823312053203146,46.225134209001055,22.18107923016998,19.378506846070994,337.58059964794666,337.814950626332,-54.69364916477948,-119.6876455280905,16.058250372901465,-25.361900293796932,-8.424095240609294,357.8308596831558,-81.16880982349613,-84.60100256999772,-52.27905695066373,8.26506766762052,4.7806344135411765,-51.77173879311379,373.75577680803855,-132.56583410223988,-86.30205347536922,-65.3082014909498,61.80057658238745,-42.630411141084025,62.83096048275205,433.2959666354024,223.4655093957412
1771947784.9595838,-21.462742466624086,-28.06361856994798,51.64061889647163,58.145909258243485,67.89126712520972,-217.16312180145854,444.6965203661175,-54.48465570656596,-124.71889993727476,12.93756553018564,-34.52776121503129,-14.772331898904065,268.10918153413627,57.0741520469081,-83.8462022821973,-57.70851927248307,24.21756822869503,-8.454146374471552,-96.27615819440894,376.44435000177486,132.54678201037706,-80.72375353178225,-61.568476133750885,54.00128878835152,10.409744551616996,-96.33953631576652,86.19877240625098,-28.76807318892977
1771947784.9634807,-14.940849884320029,-20.439207238496724,54.81332364995269,77.69414892581581,70.6805438037448,-461.3298981791699,-924.1193576082507,-54.163462266420645,-126.81524023195627,9.069796351820463,-32.35101423587699,-3.257238941698922,-154.28165541737803,-64.89820785968897,-83.04260855761315,-61.82415705443033,38.132104708737124,-27.732325408790377,-67.89976610674906,-82.10453686778162,-94.17299751513691,-74.994463455033,-56.67320539586152,42.16862805695917,84.69559878343648,-197.7474568648137,-356.8923001305375,-118.00466185539746
1771947784.967378,-8.689596539322213,-12.163959771019897,55.795068896641,75.70672775865218,22.254393527771615,-13.506914039979131,476.508385830766,-53.73040311125402,-125.9149937026907,4.836254313093752,-15.384715230390386,16.667898860060596,-418.37539271180935,38.082821322489266,-82.19394681730401,-64.55277662313118,48.619528708020496,-48.00775883983034,26.528821343767643,-444.29689444819957,20.85929803801652,-69.1319513468834,-50.79563953979262,27.002847386395523,157.3089027585676,-159.4367873701972,-337.34930922610323,295.3444677354997
1771947784.9712749,-2.7312626572237155,-3.4651137186276846,54.7001842155168,54.73139774435628,-44.92151789519777,471.2707537738894,258.311326831845,-53.187129550849875,-122.02806432232988,0.6264247679195732,13.908113873171589,25.56835355754698,-170.87872975683266,72.9760482151077,-81.30399162514301,-65.84808243248362,54.600655626601245,-60.573728279723255,121.20164849111903,-254.44869984029324,113.16311223392094,-63.155069894270184,-44.12334613951716,9.48819869851417,197.95611985290103,-0.05828966813845269,96.87717204482774,-489.71677200990666
1771947784.975172,2.9139019389113816,5.423039646013701,51.685246058677684,23.366161399370167,-82.84471112471262,258.81277337766653,-487.8393298342354,-52.53654431828314,-115.23596806007357,-3.196298517048937,46.982394941705614,11.249491772581642,318.3635130054866,-202.97180074232895,-80.37653382818326,-65.69158350237524,55.4106327347375,-55.4338990467086,138.05815704389133,249.27154437654457,-270.33034056899214,-57.083631516674785,-36.85284311656396,-9.172673219197247,181.692349682119,168.41016104832295,357.4427219783474,380.08727787391274
1771947784.979069,8.22783061755579,14.265382327044255,46.93213991387003,-7.7150569462210115,-63.185176692533105,-353.02306221109257,370.70596404707675,-51.782721412484236,-105.6901506303489,-6.325357339195937,71.81636529039375,-18.625134940544367,421.88787433858505,213.61287732117427,-79.41534746524563,-64.09307575083972,50.865615315541646,-25.662863991631507,50.169465860569325,422.9822746482238,277.3040890531262,-50.93827416237456,-29.18429653035875,-27.645266799555852,102.1570653868408,220.94886861457738,126.25340318617751,144.17573796724267
1771947784.9829662,13.194774710333995,22.8319536795985,40.636115726968434,-30.16944983608325,1.0725644212133436,-458.05848815710755,-270.31621114666893,-50.930812662883554,-93.60862265990964,-8.535724570628105,77.37422102122055,-40.253447358848035,-33.704625566587275,-86.151929715439,-78.42415683115483,-61.09068141931158,41.28522245973068,27.68591870280163,-89.1519008453798,55.95898069271416,-82.2387007173916,-44.74031886178177,-21.316417668689944,-44.564202012902605,-21.796364472367166,114.16920227152217,-222.46994190273804,-638.810311001831
1771947784.9868631,17.801419007901387,30.9035445256253,32.999718601359845,-40.70681413663689,64.41595212170456,112.43798184285883,73.85995775612449,-49.986942464637615,-79.27098710856013,-9.700586996817538,58.0981176629096,-32.43393323989003,-465.2682602514625,-62.038069634665504,-77.4066041163933,-56.75042898692234,27.46828112272463,92.53725182400096,-179.15528052374606,-352.00133765335994,-120.81400732357324,-38.51162017932864,-13.441678945090324,-58.64060100611844,-150.7282442781466,-77.68560077383678,-194.38345537994755,670.5822833154266
1771947784.9907603,22.03697692962897,38.27677762104242,24.23260907973951,-41.007823414892215,82.01939580454474,532.4975875068911,232.75208662102992,-48.95809225591269,-63.011970904864576,-9.798758883081497,16.672203054795144,4.251643112730404,-272.8246705693618,183.28646131039892,-76.36621802025977,-51.16535897450671,10.623685107583908,147.15585152609023,-145.98580515539945,-271.19860634579925,246.47120384342617,-32.27441068485236,-5.741949916847982,-68.76694211673244,-239.53642709609534,-215.5173382249711,105.7716302735451,-279.49991636654045
1771947784.9946573,25.893264486893514,44.768575118507236,14.556428586523069,-35.40923299544978,42.57305787277324,191.416908262537,-359.7618166208826,-47.85197640292826,-45.21360730908101,-8.912371695076423,-35.955148707731425,44.46102997431407,302.313134271635,-268.86168993176744,-75.30638369395159,-44.454143990085335,-7.737609587734504,167.02544214687794,-2.8065953106154526,145.8363522790989,-382.0190407283527,-26.051140565120697,1.6153640179350213,-74.11035497428065,-256.1317795546348,-198.65963094717378,177.60790071708655,-275.28179483736955
1771947784.9985542,29.364752338271227,50.21993895540018,4.213116601710892,-28.100086650365522,-24.047707551319775,-423.8069837816887,259.14445162993655,-46.67691126767927,-26.296247852526545,-7.215225513688921,-83.45855977730295,55.90899718085773,457.430127673333,221.23974179353036,-74.23031435700807,-36.75921670454207,-25.939760747387947,135.46365735295072,153.05199566106214,309.4339643261809,383.0929002542144,-19.864313568945985,8.480615010055542,-74.1860530416484,-195.04527611596794,-40.272543924748646,-77.57630102491228,686.9275116812362
1771947785.0024514,32.448595464975384,54.49899629409463,-6.525462781903431,-21.408121891588184,-69.83066670256754,-443.954380100281,-113.99516997086293,-45.441679352820785,-6.708612051855112,-4.952997441502313,-109.32808838179923,25.30596095619366,-38.479569053074506,-54.39185756498619,-73.1410249472008,-28.244407367681074,-42.29589630529225,53.287419616572684,208.16621214622194,32.779427358702684,-5.232080116925961,-13.736320619021114,14.724588528200993,-68.9041154212367,-79.49290137912067,142.9670867992958,-208.64042856798608,-615.3148719048284
1771947785.006438,35.14464025521505,57.50328776090335,-17.349015928848587,-15.61521143114039,-64.4112584694258,147.788437310445,-33.9684946256579,-44.155390502296,13.082892273084921,-2.417207284114188,-102.91211236346983,-28.456383466820842,-474.26118215484104,-98.18878675876135,-72.04130816086207,-19.092101858938385,-55.264496267220586,-57.93322604217059,117.46232103168383,-239.3535056610453,-534.2170168880837,-7.689272589496195,20.24052623968253,-58.585001539816545,48.908563120089674,218.79796418498634,46.689553976120465,99.03640939218155
1771947785.010335,37.455409017142316,59.16129900279552,-27.903867624944507,-9.73736963396215,-16.191123900830867,525.3111098072736,181.462121475022,-42.82734215958826,32.605326524855585,0.08462275270515592,-64.0793341314047,-66.09412829079244,-210.4769921948599,310.9832567032025,-70.9337131818098,-9.499941207084454,-63.59377835513857,-162.01365375628725,-59.07461438879004,-115.55413871090447,712.1935607576008,-1.7448338970878658,24.945475049741127,-43.94181270960085,147.63221312826425,137.2768265567403,301.46858274707984,334.675432721461
1771947785.0142322,39.38606212079411,59.43325486207848,-37.79369893153345,-2.523814184661621,36.6043038624875,188.75089581158866,-243.96174466935162,-41.46688067617303,51.39059215488012,2.2598516854658026,-4.244603966724382,-57.30606308542374,363.19298515609364,-578.7725508122425,-69.82052730889619,0.3229055037177094,-66.44054916897039,-221.95815293291378,-197.3031367035029,174.86104436205315,-349.6392178214563,4.075941351072693,28.780956384200532,-26.030161199278318,189.6448619992993,-35.55288266252531,101.19460570710358,-390.5123064810274
1771947785.018129,40.94433814135494,58.31121083355111,-46.587536425856555,6.709505092256307,56.61766507282104,-382.73667345348514,211.22275327571256,-40.08326566220755,68.986742424113,3.859792147651767,57.229330352271674,-5.344663652294871,386.4650049851844,394.2994442997399,-68.7037606354105,10.159849722005411,-63.45224998770379,-215.42677506678237,-198.72747746244326,161.10479452486325,-265.6049100705859,9.752768897260006,31.712966177961967,-6.169308683322626,171.58869122535762,-171.50099918158443,-324.22681097067124,308.3790453310855
1771947785.0220263,42.140472585117074,55.8184893160762,-53.83574026864,17.540390743255525,35.00175399129613,-431.0037261822379,-118.03030875315447,-38.68553937364088,84.9689605505003,4.704272095083114,100.09431503241616,53.263966751459506,-179.98558075001696,414.84446164394035,-67.58513393962569,19.79131267670535,-54.80428230597451,-144.5458347690378,-62.58993622822102,-137.98571316789884,684.8675551001749,15.266287883744418,33.73133369550469,14.159260748000744,111.21348403018777,-177.39512606857664,-337.5036348320721,-230.13090743631244
1771947785.0259233,42.987096015306214,52.008518239980646,-59.093765707564614,28.343261688348186,-5.188361214603344,73.81055820293203,-39.71350605662294,-37.282403081147365,98.94993465005972,4.699388472931909,110.8188360404231,75.11166192903687,-478.95332373742787,-944.6398294481448,-66.46607000181614,28.999397226144836,-41.188832638311986,-35.22303391788508,113.77165995943966,-241.367619374114,-590.5909477913523,20.598206868748807,34.84848496144836,33.42767889360375,36.84557717119056,-60.42808946619183,152.01123217592183,9.818361761416183
1771947785.0298204,43.49911260561231,46.96313586123632,-61.95244849918064,36.73950466931404,-30.781705785206782,456.65512649831686,195.305614057851,-35.88210222908809,110.58937289763128,3.846779302496244,87.51554416848228,42.89171759162446,-47.437403810112,478.1321693116173,-65.347688639322,37.57270714491181,-23.755936608048053,73.82767628466898,206.43053928880678,50.31657415610471,92.73626467833442,25.731440884279912,35.09767228664789,50.1824806358062,-25.21890423851341,85.22729574479506,487.99351530838317,272.0723040254014
1771947785.0337174,43.69356030906098,40.790427577281356,-62.07260264722562,40.402242715234365,-26.15620790441823,250.11338047392724,-244.46913966875246,-34.49232199340104,119.60242261214388,2.2435283257324707,40.22244626705084,-20.607323560879184,472.51079663341477,306.6426991690433,-64.23080581726948,45.31120345533095,-4.011995370946364,147.14759969931762,154.465863717566,321.6560985338616,326.50240594846196,30.65023820407868,34.53074421816944,63.16036390560544,-59.83289215461125,154.75414893340826,175.46259441348144,-350.1768801266235
1771947785.0376146,43.58945396892613,33.62215974792701,-59.22092158967267,37.77443908600041,-3.6744723572579296,-248.91778507424903,189.67827750801868,-33.1200946378416,125.76678288318205,0.07268877518631556,-13.45373297233268,-68.9866445971115,293.88678005557415,-507.33943706435747,-63.115937217227525,52.03097579661535,16.315047982210512,166.1403976227401,1.2144306574762425,141.02679916120715,-400.2101787054661,35.340295592804964,33.215540828316044,71.389282962839,-65.81648020365894,109.64598678116865,-394.64408923821276,233.1092900721009
1771947785.0415115,43.20761285849444,25.610873300109965,-53.30363087515304,28.42472762302126,10.811448859016526,-416.7782356587313,-75.25471628953484,-31.771719851367962,128.9283312500102,-2.414710636467682,-55.449152405511555,-67.06108736189648,-332.1391363283531,311.72271926246754,-62.00330659904064,57.568800368525835,35.43153293679973,134.24154751899687,-141.56508694519854,-281.18648423253126,302.946066652925,39.788860965085256,31.233008298970798,74.2664050190091,-52.82099490958183,-2.320715878613759,-460.3748124498428,-81.26476362019375
1771947785.0454087,42.570474312821375,16.926696900340318,-44.394127856621154,13.183723641704157,3.5041900617783317,-79.50948657209625,-73.48506135317044,-30.452698993753444,129.00512085623765,-4.924510204050921,-74.06329157590008,-17.30705850777373,-488.8868877440789,-208.3467161013015,-60.89285916225371,61.78635546370636,51.64059657349371,72.21738567027623,-177.10093498246795,-355.5764427579144,-179.1323480158702,43.98482257909607,28.67413358467794,71.60636258213242,-34.70598715785151,-93.06750403040424,71.64368002755494,-79.157494591856
1771947785.0493057,41.70189526112199,7.7539352433710285,-32.75101577889288,-5.677424059614363,-14.140732053803303,330.96956099910597,186.29159745357762,-29.167683895682995,125.98964429020604,-7.14879244959383,-67.54937340320289,42.50647765714655,55.41510516247397,81.49015596072555,-59.784279940579246,64.57397036001073,63.49643465434269,7.070271352480901,-91.10433181122384,56.36870622297407,-31.79072358681976,47.9187840665003,25.636802965472224,63.65569880141205,-22.638388664554487,-103.98534115816382,505.63770061930006,219.23367497423658
1771947785.0532794,40.62694355244217,-1.7125175275350057,-18.823509608497474,-24.363129136659506,-17.023473624856138,335.7482032698606,-208.86274944087276,-27.920440612025942,119.94930174857359,-8.797027871204921,-43.140031739295466,68.50348657215348,525.6700701122451,202.53470905491952,-58.67701711145305,65.85379182767319,69.93611332226583,-39.4669586811847,44.970096225281516,423.8112375309063,261.47240747917505,51.583124731878236,22.222686786924715,51.072217388050504,-20.71027999542227,-43.839409010381274,292.18922486361475,-248.110010871542
1771947785.0571764,39.37168101104668,-11.270894916661014,-3.2421231336027985,-38.133005731112036,7.20980791335306,-44.83866345691455,169.23594073704473,-26.71382833130573,111.02505293718316,-9.626064708604025,-12.544496322734593,43.81553698141877,269.3597284147323,-370.3171672588979,-57.570310001386,65.58226389180938,70.37679120474529,-57.81821030964613,132.66030806654652,254.22167517121022,-325.93324123647875,54.97204467366773,18.53424747340064,34.870880077154936,-25.542847621905626,29.664345096056223,-271.8754646049808,172.10055871639386
1771947785.0610735,37.96294020560044,-20.716365484109765,13.206237518851887,-42.90701082104373,41.65455811147003,-359.02607512111945,-83.36391164074728,-25.54979345177596,99.42827457221537,-9.466129932254667,13.393512905591685,-9.975394999751888,-342.93849858379343,276.131120700266,-56.463221481595845,63.75183134876492,64.76938680526413,-51.02908499260669,119.21816774808102,-246.24942520053708,216.36647708872593,58.081594431851855,14.67196028681587,16.340702969259898,-29.468535937371243,62.27733448732971,-472.7297179322034,-54.45284227741504
1771947785.0649707,36.42809697877968,-29.844892267264832,29.618255303556353,-37.381873391669274,51.18949370666332,-256.1574906603979,-54.892036490594094,-24.42937859528797,85.43588879375035,-8.240353666794876,28.300261599734263,-51.175400009472824,-482.0247977839447,-89.20950473820693,-55.35467432901748,60.391796627642336,53.6037340199226,-30.24362526243481,29.711117275771755,-443.9669249282598,-43.567499611063106,60.90968905408272,10.731826538640002,-3.0604502599585017,-25.25372900740321,43.49646949052735,-95.21287383768266,-77.09722196834569
1771947785.0688677,34.794840826742465,-38.457106111651925,45.02728954006929,-24.362095172960494,14.545666438973493,134.78331273849957,188.71311142417036,-23.352746058992423,69.38387100506061,-5.97589397722695,31.105841257163313,-50.72915008897918,4.243370239706828,-77.06322631851158,-54.24349097689875,55.56828234363141,37.86473750601963,-8.27963767745864,-61.152483036110375,-94.4281780516014,-124.59030801292539,63.456106644362386,6.803246288013559,-21.824412369479365,-9.85387196924194,4.653443276656686,365.47781867849744,177.82688375091686
1771947785.0727649,33.090945205120406,-46.362154018517614,58.466225863055335,-10.1307251301873,-50.20046318946267,367.67165197631857,-246.3898766937985,-22.319214961910117,51.659286248072185,-2.8054827417242496,24.715524459118193,-13.359113962886362,453.97650909710023,220.8378408517907,-53.12843594679214,49.38327645539719,18.943547388546133,5.723592657378092,-90.21601339033109,365.11274583802975,227.56295822916363,65.72247158334964,2.9673016502326774,-38.51470494550737,14.368925316321048,-16.761452450214506,367.5256476337376,-207.46536979043285
1771947785.0766618,31.34403977775682,-53.38148167759035,69.03558862473251,-1.7496801843894199,-92.51247954619964,179.48255936123223,209.9319555014122,-21.327311160783687,32.691039553051795,1.0409247447396968,13.810020331120878,28.676730377930607,313.2590000338918,-281.4638179175106,-52.00826017793183,41.972761678936926,-1.4881029340787058,8.782412553790204,-50.59247646093568,379.1333055110399,-218.6960268861372,67.71222270688224,-0.7045162319200738,-51.88180659259063,40.94324752344866,-11.03980859956162,-47.84882509616563,173.6287242973488
1771947785.080559,29.5813865591279,-59.352505423705864,75.97160828574506,-3.431566880064027,-68.45372759829624,-215.26402002588105,-84.8570554733295,-20.37482885839807,12.939557626225678,5.2538156912519485,2.811712237463947,42.734943361847826,-192.49835973653978,191.32522269653842,-50.881746434808186,33.503955368045276,-21.628887401619988,3.369581470285787,12.136300738001175,-55.03407931234645,118.95340734652983,69.43056684520265,-4.1511219655779525,-60.96209861198607,61.96236113620857,1.1213765928781696,-379.4710668936612,-70.75707747999334
1771947785.084456,27.82966185829516,-64.13212265349028,78.70858037911326,-13.74652795265237,18.017904216584846,-360.65408084752767,-101.57099212129148,-19.45890266062511,-7.114352862824436,9.469674312565786,-5.442304753687009,21.298385806683413,-428.0428404904123,3.466301816735289,-49.74775493368648,24.1717108050414,-39.710392344106644,-5.395524233801577,43.7770560460401,-414.31304852975586,19.23243825852385,70.88441827279426,-7.322195679618321,-65.15227425135629,70.8722529026418,-4.144732973008455,-272.6067010785443,-89.88624001397926
1771947785.0883532,26.114745891814188,-67.60000227949703,76.93000150270299,-25.17548522048392,108.44801074470384,-82.94560904335796,272.1096127707434,-18.57608865345546,-26.981201895292987,13.302278892935094,-10.0778892924977,-14.148342712583915,-147.39426250305488,-163.60232882533077,-48.60526826779635,14.194155411943392,-54.15628242288668,-12.806238673883618,26.539266425746124,-283.80116581838996,-126.99935125934871,72.08232476172172,-10.178108395858501,-64.2530840392359,64.57102883566002,-25.63926431199697,127.8879852703957,209.92858234923264
1771947785.09225,24.461521854324165,-69.66158975399932,70.60362467029498,-26.667455730953428,129.75781038010902,290.7280999603109,-320.24129048718925,-17.72245291579522,-46.174782295457184,16.377058378681596,-11.616176575192318,-32.652390764829775,278.7977586622783,195.11654667004504,-47.45343466321957,3.8076642601826904,-63.72359917653314,-16.22762269639262,-11.155982517333221,174.04266276657341,145.7207359720394,73.03438102864277,-12.689450777762643,-58.47891049452989,44.38181763468729,-36.37485533494563,382.6469267000871,-209.0989017540708
1771947785.0961473,22.893686106420795,-70.25075561772451,59.99670104113666,-8.71600516371951,53.24644990131094,309.2882912316544,188.38992383714663,-16.89366579997087,-64.22411125941758,18.36551061507402,-10.885266574497752,-19.805872198190194,359.17035045549045,-142.0868705318832,-46.29160860595077,-6.738713252139226,-67.61332896303223,-14.90896679552629,-25.190584731523003,426.12727587451286,-106.0892457237769,73.7521304195129,-14.836219272293949,-48.4325979843629,15.57666844873682,-11.896948372646335,219.98363039419087,121.74289147746647
1771947785.1001098,21.43357099299023,-69.33201241418507,45.669189017713684,30.788006444943015,-74.99394123440074,-46.271348579208876,30.643422118804587,-16.085100290258794,-80.6850520483695,19.016622176497798,-8.206964363468925,11.074944367292948,31.45008406777931,75.60141833310482,-45.119387945253884,-17.189240122476846,-65.5402263316797,-8.915035769503046,1.8159311361002812,181.789348121701,72.00307868330083,74.24845572862579,-16.60672729069841,-35.04794915707037,-14.600818495914444,39.5894378148328,-197.15916383424025,-17.984664860011083
1771947785.1040068,20.101981681873983,-66.90222197633604,28.444497110913055,82.6885946732373,-161.61471681195633,-325.68626593267095,-174.42573223441525,-15.291932744346589,-95.15132675241948,18.182436003755978,-3.488997232619936,31.1725842091789,-318.21526697333843,10.65180849575151,-43.936646656644065,-27.28774620528971,-57.755640607198835,1.347686455951491,43.44726186777571,-277.97612671482386,-35.5242304692341,74.53746013068418,-17.996318790096783,-19.505074883648,-39.77550207140378,76.44363483661748,-420.4016533791525,-72.93404119904801
1771947785.107904,18.918048313160778,-62.99171428811845,9.359228207249862,127.46021661892212,-135.39570304957283,-181.53215174772387,251.2686105273108,-14.509244307570077,-107.2646434537113,15.835377021538601,2.9163161361791854,21.2062070253364,-301.7132010268386,-96.12847644772332,-42.74356250511209,-36.783995369968345,-45.02141443240077,14.373486494705597,52.923404025718945,-416.8116837698313,-25.333090202256386,74.6343392985164,-19.005967403012242,-3.1261110930912515,-56.791175389153494,57.59493458128816,-170.6896554352415,142.2088229561035
1771947785.111801,17.899094633389836,-57.664741999168456,-10.404769371088404,141.96740381430857,-5.894609309066482,174.98565607918823,-351.67236356049386,-13.732121289331277,-116.72368027383757,12.075625600396894,9.474594846816899,-11.558779167777253,59.4299614402996,112.16813807595112,-41.54063889913634,-45.440004356132505,-28.537408057054055,26.396098315654147,7.353570210816793,-61.47235915439454,90.58471428333769,74.55524583943871,-19.640846908649067,12.739504228810917,-66.22505997717013,-16.54360935800826,312.6595801535585,-171.4351722039692
1771947785.115698,17.060524121254335,-51.01920259997994,-29.601141904380118,110.10052447485668,137.1314780211485,262.6555844328804,326.5680312057071,-12.95575284707893,-123.29169532718394,7.1276602306398535,13.724292638625,-38.59492173438921,360.6475474657752,-82.54481125269112,-40.32872030994522,-53.03615096002225,-9.829447953677192,31.422477460729507,-65.74331738230792,376.4913660617302,-138.5745554520298,74.3171471881907,-19.90895869819357,26.83011535472577,-70.70934388922242,-94.62336204223911,465.53026825241227,153.88348449501711
1771947785.119595,16.41572440475018,-43.18557324554278,-47.006454372180805,32.423873040811515,187.60812751187527,-8.138749069997028,30.069566820598123,-12.175524441729637,-126.80256512813233,1.3260031663148024,13.559805880174624,-33.8585552594591,248.26893876663027,75.30589259385141,-39.10900076328367,-59.376912830269795,9.39188341346263,23.41504533628882,-105.13225794320832,367.3248604962312,143.78848635630584,73.93767807089525,-19.819898249131267,38.07721481149068,-72.06488072619024,-110.57247857531901,52.56869468437727,-111.28916883753132
1771947785.1234922,15.975990574106905,-34.325020111559915,-61.50748947117799,-70.60902521930097,103.68129755449434,-224.5100955463278,-521.5075313376665,-11.387105670829417,-127.16509287440446,-4.908874282526684,8.669034797682379,3.162690700261373,-171.5120900636829,-60.42791019931133,-37.88302505976065,-64.29608597492641,27.38854498403677,-0.007856990828029048,-65.71481956737559,-91.584077052003,-89.65131054833283,73.43498864887154,-19.38383446947282,45.69191068065493,-69.00336698364937,-39.51482126891058,-464.66435445107726,13.055644750637017
1771947785.1273894,15.750467840207142,-24.62666409532202,-72.18148344963764,-164.6824804030212,-57.556586834629535,-80.18476018985908,694.7456715022875,-10.586531214137942,-124.36547048081663,-11.1026688187545,1.0679573922046557,44.52273720381911,-409.60906807473236,-8.716367837846713,-36.65268250184776,-67.66134292452749,42.553908373586026,-34.32283208678427,38.1880008727109,-442.3922560626308,1.3522747343815265,72.82758947569117,-18.610763077256863,49.225044560720086,-56.82674861857877,73.89642566765151,-428.8666374958235,206.79501025742644
1771947785.1312864,15.746113848253442,-14.304007876795804,-78.36283304065023,-215.02542374533678,-180.05097701644766,176.4948696332308,-360.967498870889,-9.77027374703358,-118.46782345533856,-16.764842677888343,-5.69809115343598,54.870078573510604,-149.1874996581608,91.4548274983362,-35.420192998192505,-69.3780041079942,53.55859241393213,-67.48725465364589,134.44669507420878,-245.06087902563073,112.84638182881582,72.13419442025445,-17.5100792502172,48.595915689507585,-29.518093702946807,143.41567248626447,154.74297306569474,-402.4218851086939
1771947785.1351836,15.967680779288205,-3.5905564502051353,-79.69085812337714,-201.25400667303057,-174.65864529508215,127.68351902752126,-260.2938911639942,-8.935307829076093,-109.61281557310139,-21.428644011740186,-8.282776776104496,20.7317766595631,323.9345640227279,-136.0220423949278,-34.18808551825425,-69.39191307732254,59.469897408482176,-83.16605405751861,144.10397874338196,253.6655391154855,-237.75405454221405,71.3735626843718,-16.090497151909492,44.087431203555255,16.438034070363013,108.10452978019967,553.9696630042101,289.8986107915638
1771947785.1390803,16.417717135112156,7.265306140026463,-76.1347488406346,-126.58225425119439,-45.73107188765063,-159.96192721085845,712.0226589526321,-8.079163977525658,-98.01434013865588,-24.690235462765543,-5.3464224262608075,-35.71181955952197,409.1741037518936,145.5634125218767,-32.95916901324536,-67.69132719031289,59.833945197097634,-67.31980180441441,45.25078794420001,419.42029334513063,259.6473305302761,70.56434098615594,-14.360325090255929,36.30857071722053,77.9255723554868,-14.619347655582315,246.84119382875838,45.684669660153986
1771947785.1429777,17.096588820982742,18.00608855914806,-67.99372342464592,-16.86649211606586,112.51410154138544,-215.9034850436485,-610.6370042555739,-7.1999723602342796,-83.95437454374962,-26.243638068043474,1.393574212059461,-71.16748815592486,-43.039994325243796,-130.69861574674442,-31.736496084131403,-64.30775937839137,54.71309825171843,-15.868211143423585,-101.39750831704536,51.94472634338529,-118.66772910133197,69.7249069469433,-12.328084493104022,26.12805515393964,142.68871605957196,-135.77937597591216,-360.1699771733012,-231.19039672763554
1771947785.1469314,18.002518844951947,28.37148480606536,-55.87249492969272,90.1424799329084,186.73213037141983,101.53208153531462,77.57976634497892,-6.296495744220693,-67.77612251765026,-25.908492315208203,7.475886340988757,-54.582916939211906,-463.64035652152387,41.09773989130724,-30.52331981529749,-59.31573205621224,44.67538403417148,60.139000280510835,-190.37293367162653,-352.85856021572727,-73.1472746592903,68.87321475049518,-10.003438599408483,14.58577216104803,190.48362507671902,-160.84336340803696,-468.8736803980445,265.39449462593757
1771947785.1508284,19.131644674678537,38.105030324729746,-40.63419472696466,160.22979995356664,127.87734735155735,332.30424530071565,334.4159855847651,-5.368151506073216,-49.87561250293135,-23.64818304083656,7.591343280830621,6.434065937283347,-272.3245820093856,171.08162446965932,-29.323044283152402,-52.83143008708695,30.73710957086601,135.3388249107719,-148.8913195236201,-272.5415462953514,256.68947959162887,68.02664421224027,-7.398374505754849,2.7905741116891414,199.0150315879597,-64.84493810018188,22.787231182324145,-376.01832839093265
1771947785.1547256,20.47809206560489,46.96093941914046,-23.334735117192967,175.63039663372174,-15.64725168459158,78.0787754768854,-372.34278878442825,-4.415022682232492,-30.691960654174736,-19.576633652368933,-1.4254789984475158,68.24986684886188,299.9691260687179,-355.61294885457954,-28.139169324723298,-45.01026626117472,14.26419735633616,178.26633064554068,3.9720850834818346,144.27167482645024,-439.1074539232408,67.20185443334816,-4.528562787099186,-8.185686084487758,153.4861943421986,84.06085658181465,413.15299591377817,358.4976972501083
1771947785.1586225,22.034064029507572,54.7109239981467,-5.144045284699041,139.8564446927359,-138.01959040341995,-353.19285218604296,287.8209287936112,-3.4378582413167367,-10.696542717392832,-13.95299231632495,-17.90789086796756,83.00527973451325,465.10315347215624,274.01854240319375,-26.975230254280465,-36.043400433702,-3.158403040364497,164.64567760501097,164.3647159504477,313.5343018089072,412.9225176373865,66.41464318902874,-1.414804120060138,-17.40771628852523,55.80230523238238,174.1339788826454,210.1190868214802,81.54183709879388
1771947785.1625197,23.78994355741622,61.150784100443516,12.739437718962673,73.23215633152276,-155.89321326280484,-331.87178652655314,-209.8081495143405,-2.438062977994024,9.618650904503447,-7.164429991029992,-34.799922870452136,36.05916717992922,-24.009191597839887,-18.561793064346446,-25.834733339543668,-26.153281561214285,-19.87692715826245,89.94191755589259,216.21117191771887,40.982366260145994,20.07712754446023,65.67981315805906,1.9155379932795065,-24.16046046658126,-71.78796534643678,135.7516204222491,-214.5643221260772,-617.016932098324
1771947785.166417,25.734408705524046,66.1065589859915,29.174260152242425,2.4679743797768787,-66.53841720732024,173.74323843665672,1.945062305918958,-1.4176776056259868,29.753180330989682,0.3017440603653153,-42.271045057780384,-40.485831188587944,-476.22994708584764,-142.7044119401986,-24.721087938953307,-15.588308462473684,-34.324527858251805,-25.507364344792794,117.25618737411394,-238.65666542854885,-570.7388572308874,65.01104609907611,5.427225822934191,-28.00900424193876,-191.9913973664018,-3.833929432303725,-244.21336790088748,698.1639505517988
1771947785.1703138,27.85455863412422,69.44003267359172,43.15485125016147,-50.210010389957496,57.259324750038346,489.7758734657415,247.6346956528451,-0.3793497361249643,49.21053181670042,7.894555571382643,-32.67050106308141,-90.23131192040485,-233.42490421472098,308.6100082897247,-23.637536219707886,-4.616728721931118,-45.16792724884409,-142.50905548576878,-66.5127733796691,-126.54997216997637,721.9255192541077,64.4207861086556,9.076066686865211,-28.82919963338321,-265.67846941483197,-140.38344494427028,75.70276313412943,-279.45055699501984
1771947785.174211,30.13604913972245,71.05339930430478,53.87797750557489,-73.83296626871673,126.6699012350483,157.76029278219846,-302.88214815638685,0.673703488056694,67.51038935871196,15.041611217733635,-5.250641202502546,-74.89682984316715,348.592005829289,-565.6373494013013,-22.587081349849917,6.48008413734507,-51.43125281100505,-218.3990370957882,-206.15307539420462,165.34659467882594,-342.0603827714944,63.92013308741609,12.808167667791048,-26.806431142289608,-267.49993206353747,-172.18031336731948,192.70496283917026,-302.82122530520786
1771947785.1781082,32.56323618377533,70.89291250511471,60.792074378986946,-69.70241502407274,101.84734466170939,-403.1590618922778,206.50693709298753,1.737740251500953,84.20049073442895,21.19379538350819,32.1369157310694,-4.241677191828569,402.0681527393645,400.268021053785,-21.572415051919695,17.414816204198754,-52.58548272504386,-224.99734993682446,-202.83662773269307,166.4875208583461,-271.60253266878226,63.51874744280813,16.559618238351717,-22.403161360787028,-196.62787327917204,-77.22545162554152,-53.42890837736527,688.4292703216689
1771947785.1820052,35.11932594300568,68.9513696464935,63.626301865625855,-47.75239082376184,14.05933754202096,-447.46384589951504,-103.78034750132487,2.8085454402243744,98.86776660545938,25.868849488520354,65.59611546191243,70.19067358763742,-154.21331548679058,411.7524674061893,-20.595845457732466,27.901685053831745,-48.59518811705369,-160.68692755994687,-59.816910771356746,-124.05478385411669,690.6396373461808,63.22476687854306,20.256673894168756,-16.29906919502184,-77.38864678312929,71.47611054515896,-209.6285664923257,-597.7116823972631
1771947785.1859024,37.786529970871655,65.26931544264845,62.39789562870587,-20.801921512778073,-66.5194574423938,87.00494484908056,-31.168729051452154,3.881487477167692,111.14847981666503,28.690309929515397,80.91537302768538,93.47170922685854,-476.45719159658535,-958.1833151654591,-19.659226302630465,37.664006553984365,-39.9183159814029,-50.851032103417964,120.44564249501467,-236.8126710609804,-601.2911708084382,63.04473590154514,23.816489290781206,-9.310393483011827,50.62029896428373,163.05164624799698,26.67836605102264,100.29671061036616
1771947785.1897995,40.54622411274461,59.93488744123122,57.398149481319805,0.6922768811295067,-86.8345106891756,501.83659999959735,190.70897733570794,4.951579555465335,120.73710934389113,29.41862190683707,69.80850483700142,48.698145306581836,-68.0661947027507,491.26594868135925,-18.763888611418782,46.441654120858075,-27.459214754362183,63.460323051211745,211.59263090730437,40.68853663872416,102.13640082998097,62.98354846008435,27.14842172904263,-2.2972162097690028,148.29883746658217,132.7285313763671,295.0240166056794,330.74326062100937
1771947785.1939132,43.37910983575686,53.08226686088264,49.15901497930803,11.564287109892252,-46.06966177177514,274.40325225066624,-254.75745524839706,6.013544253774301,127.39375825447618,27.971854647346852,33.83752337682914,-30.363744076536126,457.50717755568417,306.23370941553793,-17.9105761241386,53.9982022922262,-12.479533293766288,143.0925444346902,154.51208186790083,311.254316184901,327.47216788018903,63.0444039454348,30.1558972796953,3.9313726621657064,191.44298747925347,8.051232537030677,127.43910411604739,-413.27596047137405
1771947785.1978104,46.265376653932236,44.888741491816276,38.403714941813185,11.981769817010138,13.36307207855032,-278.84389477487537,200.11732486849996,7.061880570738925,130.9499053590699,24.434261039098164,-15.752510848107306,-85.08384305807402,299.28907530748035,-518.1947097495638,-17.099385755358394,60.12754766368585,3.52440483975433,166.2466826580883,-3.1199669201766445,141.7780306335949,-412.3688763332998,63.22877667200077,32.73880436511019,8.70413201704318,177.62036887031107,-115.77975400143733,-292.4594055038941,329.9626831262747
1771947785.2017076,49.18486439524693,35.570432616049864,25.985844230059982,5.388704863058421,45.50524999592143,-458.1836734408648,-84.11118580011285,8.090932470731351,131.31236469658148,19.051883804031995,-62.28303666775852,-76.2653516159578,-319.4065407303906,328.1668892248981,-16.329714345162827,64.6598093156596,18.96601769437925,135.0039661421538,-146.1693157748835,-273.0805087572946,317.20730953663104,63.536398907291606,34.796354640252744,11.557373710633893,123.4663918468805,-149.35838265546604,-354.9949113737512,-215.7162749555588
1771947785.2056046,52.11722416479207,25.376783481692215,12.822102687805405,-4.003521979159617,36.05333120456087,-79.06816853499494,-68.49515705671088,9.094958123297625,128.46536507818936,12.215438026500708,-90.11900572901675,-12.926881150930997,-484.0603073552361,-214.38690838438305,-15.600212833451222,67.46632807032455,32.32093814399371,70.94297676174953,-177.9918734886285,-350.8040418474593,-183.62305067511184,63.965257520118264,36.23032875252757,12.280239745466076,55.03485651544786,-73.92603993721796,80.91669260406113,-22.36554106024457
1771947785.2095015,55.04207695859248,14.583950048062675,-0.17596846032452249,-12.716434201796064,6.376041483566055,358.3346491072884,200.58403565112573,10.06819913264353,122.47071198911446,4.431711399897538,-90.47173610088616,56.026310616703384,52.944247913221396,65.52223922260022,-14.908748808860462,68.46360800702921,42.27311801514098,3.3006065291895847,-87.63082469138959,54.76724106057582,-39.117293733741725,64.51160429241541,36.948604444777,10.930946886282182,-3.4845808225239345,49.57021105008352,450.5888994192236,293.55619549040074
1771947785.213399,57.93916894370363,3.4872732138027858,-12.166092529939938,-18.167861808456685,-11.898284860040508,344.2335402927644,-230.7934019539963,11.004949134805564,113.4660435435027,-3.714369897977801,-64.10506217695196,79.91326465347287,522.2808848657428,218.6587457085462,-14.252378214896023,67.6160724451727,47.84079700278095,-43.886328133380104,49.70242644645229,420.3888231237871,269.9593410485617,65.16997987082678,36.868846651508925,7.82254417933001,-37.79274680078269,129.79505666042326,253.89453269862676,-352.08004591282275
1771947785.217296,60.78852246219768,-7.606955362482535,-22.43066436118285,-18.32890828196787,-6.357696901015535,-53.4191493039838,159.6417490064858,11.899621170883625,101.66123923382709,-11.604132157064944,-20.26005436938739,44.196623463423954,266.31300154414026,-358.95127302073803,-13.627326867483127,64.9375385838407,48.47050684521853,-59.934983408031634,134.38662329711383,252.18566824985086,-327.2458288956995,65.93325125275271,35.92222523286355,3.4800340348561263,-45.93803909335674,112.47448861950151,-267.11367573512683,204.48276005806594
1771947785.221193,63.570581882096256,-18.390194645657843,-30.419844329644867,-11.9099416596484,8.298716896428372,-354.34474190428983,-45.66178806810657,12.746813273609416,87.3330849350533,-18.63261683144406,27.11153551133209,-20.61716137559153,-345.3572903957627,257.280417499153,-13.028982316128147,60.4913500593501,44.09031209654424,-48.5551640576757,116.02934319227678,-247.242939394947,215.41088247783534,66.79266265405302,34.057017463189354,-1.4261776025677724,-35.70096252510554,16.176168336318085,-461.9564252504741,-43.46050445296092
1771947785.2250905,66.26635351556065,-28.56056314598694,-35.77987029853753,0.7382404096182171,8.51042030808941,-248.70722210073976,-64.37834701864585,13.541371782244548,70.81834018411527,-24.255471822190934,63.99850895867805,-64.53135655711459,-481.5243362040453,-100.82110702362156,-12.451896417518796,54.3891449614564,35.11733400864724,-22.96090867976248,23.712801046732835,-443.7547780353281,-46.63484346435101,67.73789958795389,31.241949647802098,-6.1629469813084485,-19.102416033797596,-86.13462254240083,-108.71837140636713,-64.03017677586261
1771947785.2289877,68.85753891596303,-37.83168358502099,-38.36538162133574,16.837896574989507,-12.451855886571455,114.75196447229966,150.01077032942612,14.27845201490669,52.505392904507964,-28.03163965007638,80.41669481530253,-56.8386637895781,6.933089253548522,-53.164286165737856,-11.88979878719759,46.78827717787484,22.418901550700575,1.6450869694707486,-65.33920593845276,-92.08757018540337,-122.71620532683082,68.75716594653169,27.46913430949929,-10.023844272450418,-6.64999974632067,-121.98649437163853,353.43855712295465,161.3107623697869
1771947785.2328846,71.3266609123803,-45.94118914879668,-38.235829357036614,31.530764007440798,-35.79433711213832,345.37976010009373,-212.16547376009748,14.953576020825922,32.82472026701896,-29.658500586621226,73.09273105497839,-7.8543758445937115,455.873501511185,232.14807537721177,-11.335621101606153,37.887948939542156,7.231013610715024,14.682147431249675,-88.97616944004217,368.0876704243621,232.44210044880018,69.83727378270018,22.75646551987325,-12.415302405934362,-3.5070209592098367,-69.57539506533176,400.15138250075626,-246.96960763362193
1771947785.2367818,73.65718174856222,-52.65862461394795,-35.637240928650314,39.58163196451537,-34.02571191958971,206.13236830066333,218.11442964256005,15.56268717957536,12.23840089088228,-28.996680866509188,46.1914639125426,41.89738011513637,315.2891395070907,-311.52677142714475,-10.781532077242302,27.92415002493676,-8.958229961747923,13.461393850677968,-44.184186948202196,379.8010557230727,-222.08780119833577,70.96374536284877,17.14934561059136,-12.929715008297562,-8.799760746866529,30.472006986060013,11.600646506121125,249.0128788921481
1771947785.2407985,75.83361270787505,-57.792491664830656,-30.971620530109735,37.63560005308911,1.570664365372918,-169.54781668548628,-97.80571657406603,16.102201443188413,-8.771056641876951,-26.08250494126504,9.726601208376016,54.68334912940414,-189.34719984423907,179.70009146691248,-10.218982840022443,17.163533516369856,-24.549326270421894,2.4081949728927174,19.54938796078492,-57.12747735025459,112.65574235395107,72.12092694911438,10.721632723954905,-11.397137795198633,-17.90057261501699,106.36537818542995,-372.0392158832023,-104.74425128174195
1771947785.2446957,77.84161466010838,-61.1962110866798,-24.75702738599598,25.819257516614474,48.17237410599446,-384.7494941174929,-117.68007524130616,16.56905507828994,-29.712290175853525,-21.126992800851216,-24.07999453035824,24.08566864296182,-430.0792393159505,46.41361437304963,-9.638762271322419,5.89638934282686,-37.98306636314497,-10.677706239802719,46.989083331287,-417.2959291211398,23.555517292041884,73.29211369984499,3.5757206599113394,-7.909564256592699,-26.122043289873556,105.43002563030483,-352.6242983734079,-120.11875878879373
1771947785.2485929,79.66808904765784,-62.77280483948722,-17.58184589335269,7.879147851018804,66.882842500829,-164.12664224638704,262.2478441888387,16.960748857994066,-50.09677887797919,-14.501312822755418,-45.23566565482829,-22.413214072621678,-158.71000818607547,-159.91899544024423,-9.031061762944448,-5.571095468709624,-47.889088316663766,-19.022757892546885,22.990844583332464,-286.3829945738146,-113.4746783963575,74.45968502099416,-4.158310952117207,-2.814739888439742,-31.579748147297433,29.217977682212748,40.0796780523839,255.70712366726744
1771947785.25249,81.30125889461252,-62.47813840068699,-10.05694044749671,-10.205872493676754,35.3925066995397,290.05945425117625,-232.34098672909832,17.2753887259523,-69.45037011765366,-6.709633647273393,-49.358950328568234,-47.00866991052872,270.6463965196918,134.18641587630756,-8.385548667248795,-16.92507852589955,-53.217438861960254,-19.63362017486203,-19.510350545747432,173.32854059917847,125.7204774494537,75.6052496174701,-12.324508756410227,3.3201593405699072,-35.58857574433446,-68.63792107311873,397.5910836531407,-230.26732165535662
1771947785.256387,82.73073945065086,-60.32260759253495,-2.769289648841032,-22.61351895232103,-29.578027440766956,433.2183900811367,119.61530701941523,17.51172296372174,-87.32436009763788,1.6486932691793876,-38.5920485699329,-31.582198767472022,370.20206286497296,-111.10334524985689,-7.691447634693625,-27.852579068021708,-53.340874722780825,-13.397147787618486,-33.13342470701449,430.3595954001451,-108.74806884862777,76.7097993743824,-20.743821542164458,9.771287137410313,-40.56804654735525,-119.26067121478576,332.66295198985654,139.5129276128316
1771947785.2602842,83.94759809792482,-56.371202412351316,3.7596525531838796,-26.191942093178618,-80.93320812329704,26.267049700557017,-52.840228269823186,17.66917584710453,-103.30586612179765,9.92482296686563,-19.898914666829157,9.236871654713777,52.62165941290418,122.84341696681768,-6.937628989634871,-38.050035493594955,-48.11834631000142,-3.3031408495328245,-0.6760058111472842,190.37220721165835,100.64759535618778,77.7538710804684,-29.217808642161206,15.74061833760046,-46.98223853345269,-85.62268284512585,-111.38256998083055,-72.78556069657668
1771947785.2641814,84.94440319446625,-50.74193066162364,9.10817694047608,-22.007112888919483,-76.67482553286241,-459.5098259072931,-31.723788254950307,17.747877726631177,-117.02725059380109,17.470515659304464,-1.8092207900147774,41.07439055760237,-315.880502898107,-51.167375269377224,-6.11270326391898,-47.23166723941474,-37.9136893536294,7.44150375361464,48.03214167479527,-274.6593117669397,-58.497190845862654,78.71771492491872,-37.53321549880758,20.449152728465407,-51.33721631401462,11.101885412292042,-452.621902112599,-22.9480245435914
1771947785.2680786,85.71526160718648,-43.60263470442826,12.979135557449595,-14.921204645215415,-14.646543528937656,-367.47082667039655,253.75278716729656,17.748691446130906,-128.17438360938598,23.68878081435192,8.923055874984316,37.707390791941364,-325.4553763631663,-90.98087694663015,-5.20512095135399,-55.13740910978264,-23.567666267257987,16.1190386901824,61.88269147065316,-428.0135144016254,-31.16312415851959,79.58146864426502,-45.46731693894191,23.230458381049868,-46.568099749141005,104.24939022148092,-276.93481506849866,219.0761525966125
1771947785.2719758,86.25584476299078,-35.166284763788546,15.21415889591744,-10.95376485825681,62.386152652337,230.69670982433914,-421.2453080762343,17.67323500551387,-136.49356191531206,28.081099953797832,9.623938873384114,1.8253160764960892,39.93450215203157,147.09332019834935,-4.2032764775759155,-61.54019630666548,-6.325772279987267,20.144306609017228,15.478988803187884,-78.54636430136792,109.28804751033354,80.32533612578821,-52.793896834776724,23.613940285323196,-24.91737458490531,126.6302970165757,237.83417507751915,-380.0703100110946
1771947785.275873,86.56340308164245,-25.68488101698048,15.796881494082513,-13.53575438210632,97.43291437792728,535.5397435617647,236.16978351882392,17.523900339645817,-141.79693715319658,30.287465894700404,2.3927860692280607,-37.243284657633325,372.1493713874848,-106.81166206121618,-3.095615342079324,-66.2523951505809,12.271731335516495,16.811752166815733,-62.99310441931078,376.7523804089443,-145.12361185929575,80.9297691658918,-59.28970490582387,21.38813323191902,17.671583153855835,58.393832806364934,472.2245947980861,276.0462739167775
1771947785.27977,86.63676866120721,-15.442142468503713,14.845549870522637,-20.876136947142353,62.84778194845878,105.01353696786828,110.7668181510621,17.30386801547145,-143.96634498585288,30.115977580269668,-6.974567709797952,-46.84642540253738,274.4190302316905,86.73742128018235,-1.8707434003824817,-69.13119776156944,30.527637957189945,4.157581361783166,-109.15940387176386,391.7849300316404,146.18297650408212,81.37565096460253,-64.74120785205426,16.636313332768545,77.3319777735957,-55.95180379156963,126.88119969108601,21.96589944587805
1771947785.283667,86.47634612018508,-4.745200360631255,12.596079886036913,-26.423140081711615,-17.460221269589006,-467.44976926556546,-236.09080590369385,17.017117580345914,-142.9554671031935,27.55950183078925,-11.56360630179076,-17.265224705201852,-166.28660910256392,-81.40953931226423,-0.5175372839827602,-70.08282742017764,46.741003005963414,-17.15104938830491,-74.30813400710045,-70.52163779039782,-109.35700339194598,81.64447986513291,-68.95143252162767,9.739614549153059,140.29723734629027,-135.92973707078784,-359.9708827569315,-216.83678994391332
1771947785.2876723,86.08409159655231,6.0844544614881935,9.37722132461474,-22.585920108581234,-85.22159023269589,-365.45577026462354,303.5204033972559,16.668433261694577,-138.79029841819212,22.797906994028924,-6.539589323376967,29.583552191263284,-428.0781780619726,2.494687995622117,0.974745037991305,-69.06543318440202,59.361866701289266,-42.067877670723604,29.43428282906211,-456.1318178016719,19.963978316514996,81.71855184445143,-71.74668378391051,1.3463328667059613,185.07509801359885,-121.61284166456248,-367.08448460940576,286.5884421735564
1771947785.2915697,85.46348003569919,16.720497672216986,5.579943985200676,-5.640410247406694,-91.48321279209023,251.12996045476135,-514.6137632221742,16.263404711920632,-131.56793131529446,16.185511365610555,8.409511826635567,56.32225204034164,-161.31037821919818,131.90715835708022,2.6163545703699267,-66.09058672211715,67.13348440145337,-61.03661518674169,129.9014996441032,-282.2166183836452,137.3594108673737,81.58114029280787,-72.98291088717573,-7.690173088557559,189.40219724792885,-18.686836298165815,79.67658558657826,-387.87943623251414
1771947785.295467,84.61946100223278,26.841483124656886,1.6234534207368247,21.21350327878336,-33.030254727351995,467.03502510507394,352.63439964100075,15.808422471383894,-121.45370774023898,8.224574423237783,28.59266320396714,39.36600112682256,331.6126456019717,-209.1166149949636,4.416943495117992,-61.22333130676194,69.20918844111115,-62.40357075821022,146.17978660066825,240.52387240352866,-292.9252923374927,81.2166716304833,-72.55149538906245,-16.399031190900995,140.1535911093219,102.18801584431456,359.6723645280183,352.642077953787
1771947785.299364,83.55840330102446,36.140444406795105,-2.0796350647061015,48.58966380549478,46.221924667761805,-19.388412595839434,443.80674294916855,15.31066776743563,-108.67682785504465,-0.473207906619201,46.05854461557838,-11.257571663007774,416.16778232388606,166.8309963344474,6.385460240336379,-54.5807723319166,65.23329235267995,-37.20044843732518,53.381263793853186,451.5278447229324,279.0225669521216,80.61089528657784,-70.38424200256884,-23.795929072674703,41.873247367612805,154.14541637827028,134.30332414311732,59.137824429181684
1771947785.303261,82.28802873789296,44.33409206798249,-5.156476823747393,65.11090831976598,89.05990614181827,-446.23822546832673,-961.7178500583275,14.77809620989759,-93.52453941005994,-9.234250275092885,52.70630170153866,-57.7189982138141,-50.36217008109972,-63.64013412319043,8.530048316444226,-46.329239072621355,55.378682785115885,15.208249467119282,-90.73206994452259,90.4958565349493,-81.2245432702626,79.75104655460771,-66.45736994109805,-28.99271521286202,-81.05133823073653,97.27122879681706,-210.2652072367118,-583.654172379354
1771947785.3071582,80.81733544552183,51.17132411985683,-7.303227737848084,62.83287493804208,67.29933845681349,-163.88671763330566,477.95634521503257,14.21941492991471,-76.33506308988527,-17.375938785295354,43.41014709720989,-62.67987838097261,-466.3478482691553,-36.59080199739922,10.857949769829444,-36.680086526672994,40.33763918935381,83.28461500749512,-182.48625829424523,-358.1212272108226,-112.8174429710063,78.62600088761117,-60.79432538822673,-31.30060060553536,-191.17781586948988,-30.40382537889163,-179.22981291926098,723.8482252380855
1771947785.3110554,79.156511336499,56.440789115411576,-8.308327855327319,41.15506589020127,0.5875884940517043,369.91969293698884,301.6503581704497,13.644052748098982,-57.489435098848325,-24.260588541531753,18.106789383668218,-18.957840979106237,-255.68374208772826,171.6903044597022,13.375414097909616,-25.88424248398837,21.266625507701928,144.20832833928435,-148.59734016159322,-315.1986847071744,259.0015410111167,77.22641828283223,-53.46726560285282,-30.315374374869993,-251.87656149047066,-138.55353543308118,104.43604733471855,-351.4945372838744
1771947785.3149526,77.31683837076328,59.97727078270831,-8.068268886561318,7.316602783035823,-60.92372105041148,313.9997033810923,-504.4288347650323,13.062123008654517,-37.40246969061279,-29.346133108012623,-17.625311415936746,42.852356938077016,311.8447450602766,-301.4325608161135,16.087613473941516,-14.22563841019086,-0.3100761353951325,170.9482196411599,-4.8136757045752585,118.9802388250531,-426.8887822443713,75.54487647038599,-44.59710268615741,-25.9746638758328,-242.3341693311635,-149.5049610310063,150.37143887047142,-274.6283626163123
1771947785.3188498,75.31058842747484,61.66669959527041,-6.594797481364589,-26.763047333581465,-74.83481625193693,-247.54826494905515,343.68569319787065,12.484378736990083,-16.51306186302919,-32.229402026169,-53.65555825129024,76.08392322549682,445.0178640309118,241.47506629609754,18.998565094194056,-2.0136936759245225,-22.629354402826504,143.802539676839,150.17056504261907,335.072675055399,411.4222040775894,73.5759916229897,-34.35204004798155,-18.580025619635943,-166.60780923043876,-55.02495128817219,-100.32826099627859,730.5622204203803
1771947785.3227468,73.15091168378525,61.449639367231036,-4.0130921016149035,-49.73120768171481,-36.0462180102724,-441.61121018949984,-253.35281312240818,11.922159777644966,4.725936453160931,-32.67841892264969,-78.09348471609022,53.50338687741772,-54.08081081418579,-19.55335003893581,22.111061381337876,10.42494959492332,-43.83946996323111,61.399598398958986,204.48674739938858,77.94849627401622,19.406585330639686,71.31652525659398,-22.944585385266837,-8.780273190873398,-52.22125826642283,77.35135135973366,-192.51614393789038,-642.6101059660331
1771947785.326644,70.85171852476473,59.323144591973026,-0.5510703108842541,-55.503625061890226,23.157016042582786,44.704833625038816,94.11646939022137,11.387331595536407,25.858026053958625,-30.651033179850412,-81.36500339065444,-10.583520843296082,-470.5601233641799,-137.5827622436236,25.426608707980584,22.755221198445945,-62.1582204657279,-54.92726292443131,115.8769560428876,-231.07126952143156,-575.8478222043933,68.76547593189613,-10.627077823029195,2.4834479981771445,61.21040433779301,153.45163425356637,84.32643733444243,102.96525431036838
1771947785.3305411,68.42755609430678,55.34093425082955,3.479392412832534,-45.17883819859303,59.70962686736253,488.2849820450338,206.1368029060352,10.892215503209101,46.43331451048814,-26.298307569594964,-60.27707592961457,-69.51746807773071,-194.7566988392941,292.2274112767843,28.94537528554021,34.64271136164406,-76.02517264821135,-166.98166127909744,-55.11517571272397,-149.45759323200784,727.7733881235453,65.92415433282103,2.3141791863883845,14.066182748025927,138.03840871352853,120.7071880767226,310.5481084809288,335.2847768099932
1771947785.3345342,65.89348062726123,49.61187824276871,7.707958029019103,-25.579583137178474,51.12666815726235,225.7601826856512,-360.0783545789919,10.449510180318821,66.01847816014319,-19.952336060196398,-20.16088389682593,-78.83649428102339,367.3256450635234,-534.1223490225715,32.666148872711325,45.76280823219381,-84.23466229045302,-234.26991653721575,-187.83180485047532,144.61714855497542,-352.40935135910246,62.796240322442145,15.566036406815108,24.73289104163104,159.92960393397374,5.170632303787799,71.52154323299732,-393.53572510022474
1771947785.3384314,63.2649267181879,42.29684285912149,11.736147381280402,-5.612728211788605,8.726774680963462,-367.8795547846968,285.90070671480794,10.072204432315287,84.20620519927962,-12.099462340992867,26.344841265055674,-30.247297225298418,375.89066868189843,400.41663313203406,36.586304929211046,55.8096357108451,-86.03805437800054,-230.98070581124432,-189.04248726632255,165.5740014582404,-253.93127591347334,59.38782068528776,28.796680101446476,33.28606596121673,130.78322154069036,-109.21548245924394,-350.3078468189909,320.3152651555352
1771947785.3423283,60.557574726677785,33.60399141041716,15.170212763751406,7.590640082547347,-34.357749328730186,-451.06541600213734,-151.5272633860769,9.773481193307578,100.62390704008507,-3.341098645411307,63.75569438751198,41.23067581942672,-186.34053755224116,364.8662462892318,40.70178573556286,64.5045439226423,-81.20657622288702,-157.3555661631869,-60.1999602061856,-114.98556155711856,684.8076200528817,55.70740646287021,41.664648553153306,38.69416492107536,71.93936300972575,-142.5086296456082,-331.2531486464603,-250.11080727459606
1771947785.3462255,57.78721758269398,23.78268348093926,17.6540584164668,11.197352358977577,-48.65610138206998,76.176466570649,-7.760399127865119,9.566612863915472,114.9415044140654,5.65461004565527,79.65932622946748,83.01675523741493,-473.26985559897986,-930.7985285388238,45.007090829665096,71.6039107590496,-70.04961588001312,-39.87624867793191,105.26592143540533,-227.02451528662579,-625.5981234358873,51.76592903736192,53.828425070758826,40.20735059339637,11.080443155369428,-75.53753521107426,169.91617458707483,28.759102897291182
1771947785.350123,54.969628287411865,13.11615873718719,18.899651931141378,7.187492718102222,-27.87916003077324,482.20205907354665,200.56170605045676,9.464848225518063,126.8781198053916,14.206267969672014,69.552011674392,64.38089834873605,-43.96104798025695,523.3850394056522,49.49527890991681,76.90602528769493,-53.38737377454875,79.92944318867893,191.36476937691563,52.80014140781668,142.70601639952716,47.57671435407058,64.9563246580322,37.44801598608368,-29.424434266991643,39.29562921389838,494.54283302478547,266.5402469982984
1771947785.35402,52.120429382634896,1.9132269404235556,18.71249932905648,0.9242192964657502,9.847906365660677,252.45665413183994,-308.98271283705,9.481291363587824,136.20753753506304,21.67343036990591,38.53155002091134,-0.48290199160234043,465.95452327548855,264.9975796841731,54.15798115832439,80.25684337739737,-32.480788126043706,162.751623062745,142.92649736376907,317.63529827208424,303.12944920444585,43.15543487587446,74.7363750124607,30.465866885392956,-39.84262856366551,118.88930255916776,182.85813173158775,-363.6979680961613
1771947785.3579173,49.25496561813701,-9.500785469688369,17.010075800201772,-1.635571017751393,37.075509464850846,-266.951697103287,258.99797600438035,9.628773219018766,142.76232538493997,27.507055085429013,-0.9120015030908842,-63.37031973147346,291.8506919927507,-511.6756228497337,58.985425779286196,81.5544333107333,-8.925349020938452,186.7401213446108,1.613430253219331,124.71057976894485,-422.94763411309066,38.52003907282891,82.88588519133488,19.75074581207152,-24.084853226799773,110.06029557196838,-380.65432973757277,262.30121245523463
1771947785.3618145,46.38818102510336,-20.793559962447144,13.831605290957945,3.0072001287969563,36.165842341526,-418.03973537389567,-105.25686766221463,9.919716571247006,146.43654629167932,31.292067989574036,-34.138879791208566,-78.5467923013622,-320.0564672911031,338.4376467829519,63.966473461592294,80.75196471617451,15.481562448018604,154.0066626343927,-129.28939247263213,-305.4268067905477,356.27951210805855,33.69065851103862,89.16039853635839,6.20057897988651,4.62529169458714,25.442932504043934,-474.75188275227043,-119.73831886374903
1771947785.3657117,43.534501601967534,-31.635495088792457,9.33823338696839,13.995907491878153,9.787444296484743,-75.15989437346389,-75.14506913139819,10.365995474199343,147.18702522257826,32.77859335377465,-50.339039768816825,-36.78831319742811,-480.74928902940536,-234.55359444269556,69.08866346187062,77.85913717576689,38.88808291225555,86.36305384712126,-161.71851899941421,-356.55558433756323,-225.07157564483353,28.689492901198886,93.36173997952736,-8.95361009486861,30.708523299853088,-69.58958995051724,15.181693929080577,-52.649822355464245
1771947785.3696089,40.70772479071565,-41.70930841177983,3.803385163909095,26.437552326000933,-22.51833414159818,308.50007041255003,220.40669997189374,10.978790399221543,145.03317351920387,31.899376988592117,-46.47729904568232,28.869712568760477,41.29397892884595,108.77858387044131,74.3382700391667,72.9419931716197,59.53729265540692,13.579914406730051,-83.17051660969463,95.51644897702903,-23.09049622606929,23.54067374196083,95.34489006394595,-24.259221893034397,42.74715391234415,-106.83930087039325,476.2781740249574,242.03898462540857
1771947785.373506,37.92091683693536,-50.71924409476542,-2.4061193607342766,33.876233093223064,-38.04695025959704,319.1327674750277,-282.60291052270424,11.768440527461864,140.05540839506986,28.77210223380634,-27.463472637619457,69.38970709182003,506.105995378253,195.19246595006572,79.70036897844967,66.12111055577519,75.90605908560146,-39.54880842081598,41.45549390609873,461.7634856811809,284.00885228956776,18.270107417776135,95.02344772064819,-38.17985397452978,37.14524353632513,-64.28967119809677,361.5838282340943,-320.18819440024424
1771947785.3774033,35.18631900665135,-58.3996131003299,-8.856863926742731,31.606773057092497,-25.91752035440616,-1.1832430168802788,234.18515305129492,12.744294757679052,132.39223758514595,23.686563976724322,-2.889238766264503,57.04155721131353,275.2538248383016,-409.08612728857867,85.15891389985165,57.56822016514512,86.82191423145977,-61.619618961599905,122.75134007373299,234.2884280811653,-354.74699671440794,12.905298815208731,92.37348104283657,-49.24612873470811,17.878921750532196,20.848747006600696,-164.5051483344669,228.7979389905679
1771947785.3813865,32.51526352279229,-64.52241481998192,-15.08154628303588,19.054405456629677,5.698833638876286,-299.02613490368367,-68.77571074733946,13.914563101294373,122.23610876103204,17.0779262122188,17.576633092202652,4.931409276918308,-316.58906742546617,326.89728831578674,90.69682199671749,47.50134368628283,91.54875011302815,-55.929770890554735,111.51657104811065,-308.4635905181528,244.11120606102932,7.475156751029924,87.43561012768681,-56.204740302430864,-6.957911704142026,82.6573088127067,-477.99356964264683,-43.914724411931324
1771947785.3852837,29.918099999069486,-68.90381760745379,-20.615062068751236,0.09287619795708245,34.62645250451375,-282.6805371417128,-142.9904009891847,15.286170273561734,109.8281507731661,9.488447816877068,27.780447221371823,-45.365753305845736,-472.70302785489037,-92.37392574298367,96.29606882592506,36.178594779391034,89.83502266998414,-35.63151367838756,28.10421971782368,-466.5503519093672,-70.82111677876283,2.0097827595394184,80.31521733846851,-58.15071002759847,-29.656364117759107,76.58275523491628,-241.10327772904256,-129.75998805855167
1771947785.389181,27.404133057298182,-71.40931100819355,-25.031085231236762,-18.640542499829667,39.43131435623078,36.281572040530534,261.2494078178557,16.864613444463934,95.45195817160322,1.5210203259304993,26.438088379941192,-57.020239178615,-16.865530338972874,-114.93290439319962,101.93779178372924,23.89083097469663,81.92152236816796,-15.921439488217311,-60.45015938652051,-42.60404790356576,-114.93804634063903,-3.4597549825321914,71.18073556150142,-54.62917916901064,-46.00109350736499,11.738228533401925,251.0989145724085,221.21297024932204
1771947785.393078,24.98157167620334,-71.95738432001315,-27.976168415337238,-30.504696060573472,14.817058399172021,340.5413988579179,-232.54792799613293,18.653826226493123,79.42658990551274,-6.21146974632074,16.433385619996898,-25.408637314186134,433.74830718796693,244.58973574063637,107.60240188922133,10.953382143871137,68.50927974937231,-6.962380256753491,-93.17416158333889,421.6219990453191,247.97012988529403,-8.90166064838307,60.26002172023267,-45.695817604380224,-55.674753109839244,-57.998855600102495,444.24977872031775,-220.3743033998297
1771947785.396975,22.65749063541717,-70.52163318622962,-29.198543403840176,-31.564126278519318,-23.10146092477252,276.66060962691205,144.7870115845988,20.656051014475516,62.09896644652491,-13.136624758901458,2.9493358671712855,20.932213881273608,321.1764864750432,-274.6631419926775,113.26970343282102,-2.30288877024334,50.691510872828445,-10.352432803564463,-56.827803440693216,363.11230362747654,-253.73834237039517,-14.283660613041055,47.83487964684209,-31.928832092974623,-60.433458757403756,-76.73973754027992,140.9949328970957,162.49965015969
1771947785.4008722,20.43780422901878,-67.13124575267382,-28.569200943057346,-22.320019357225323,-46.798625840341806,-136.41268454026823,-67.06709760969227,22.87172178004412,43.835857253217696,-18.768593213808725,-8.719971907468405,44.924175998453016,-173.01456946463824,179.94465678406056,118.91902095267257,-15.540916188694991,29.856391482026808,-20.179560251473852,11.546149873315406,-115.28838516578402,150.5483382666628,-19.573262004076536,34.2338528941307,-14.390233778827538,-61.708331992141716,-30.460393508304044,-305.4487347924145,-72.05477158021534
1771947785.4047694,18.327252264678528,-61.8698700850663,-26.09343654317805,-7.771221042685515,-37.06396607173753,-424.07832397634223,-59.871585925053154,25.299359407437688,25.015653619880435,-22.745843139352147,-15.051547401194462,30.415788888899428,-426.5412419228367,4.307518380581855,124.52933292531951,-28.42686470132083,7.569655289386469,-27.583548480943666,57.985977779412515,-430.46078359872195,-4.023448423186436,-24.73801767312298,19.823463174766086,5.460990095022839,-59.175330680318616,41.90553795603649,-397.85658499238616,-49.15464203054083
1771947785.4086666,16.329398227813922,-54.87291368774237,-21.91181809274851,4.526737471435972,1.5135304632281448,-185.4243994749952,273.26628540179775,27.935481645900282,6.020120850332293,-24.85753100557009,-15.319831181815474,-6.7782243463451834,-159.47307694779744,-155.1645174090141,130.07941151016192,-40.63937214593757,-14.552621879300238,-26.123908238542516,52.64401188261681,-242.24458116803518,-120.8818850434672,-29.745795204867346,4.998121624490847,25.89635157917787,-50.834356753482616,79.41292093550656,-47.46308165023682,198.7975488958352
1771947785.4125638,14.446639335589033,-46.32337348449984,-16.290405765679235,7.963004816661181,41.91605658824795,321.73342913478166,-394.73404514500226,30.774529705169208,-12.77368238974038,-25.05634769208064,-11.37396381097128,-33.816014625690414,277.84789748113747,181.64394171025734,135.5479676316533,-51.87831758641505,-34.97025643836376,-15.030357661205304,8.263241643335055,200.1636655887495,167.24914857269428,-34.56504753033694,-9.831014575262524,45.0743895961115,-34.21006151164143,48.603387214712676,337.4278835160436,-317.20638432779083
1771947785.416461,12.680228015225685,-36.44633945175016,-9.600962899518679,0.44875940794907493,53.67603241495071,423.6658478481074,228.79940159762756,33.80881339429571,-31.001141344042367,-23.45691168386554,-6.291040729501513,-28.514973574153778,368.71888772227214,-140.96467371442634,140.91380057952043,-61.872846319275084,-52.33392087531036,1.1574724082583132,-34.583235147239755,401.41475270545914,-153.10896355391137,-39.165082723956296,-24.24793009102384,61.21158872065551,-7.982705738516265,-27.681360768049352,327.3632664406603,271.50051536667934
1771947785.4203582,11.030304146078379,-25.502355095053424,-2.292752798009134,-13.948475926626633,26.137725522128605,-53.975243511280304,64.10247467547696,37.028476509923394,-48.31731933988123,-20.320050934623353,-2.6772495269909946,2.8718719240930715,28.438240372298335,100.92432247509295,146.1559511635757,-70.3884115639632,-65.57991308403236,15.832512473867295,-41.300044725548126,160.51318326579587,130.8794565969544,-43.51633059802536,-37.84404415806147,72.75137045608325,26.5399927874347,-86.62471098034204,-39.552702790882975,-42.78344455432134
1771947785.4242554,9.495937256154278,-13.779850700681092,5.1417649113032855,-26.6072823673039,-22.071985938701737,-466.52544088111506,-214.71044830505718,40.42148396526047,-64.4035486827186,-16.024550575098147,-1.5748336943590413,31.72532863349522,-334.29663933298883,-18.52113864548853,151.25385732304773,-77.23262797169097,-73.99787055278871,24.164394873025156,-9.57183680512598,-255.247828678058,-72.08025536064156,-47.590603718819644,-50.230546916768375,78.51478016419523,64.6514674867258,-75.86918117429761,-328.74454746772363,-173.92903735999997
1771947785.4282274,8.075177778081374,-1.586889421327565,12.204511427429427,-28.66169993824803,-55.81885247496997,-220.98564962368752,342.55740923639877,43.973631944046446,-78.97325930648326,-11.02903178611181,-2.415017074790011,31.526273177525074,-302.8271912112446,-94.42039700214954,156.18751099266927,-82.25977351830771,-77.26711919037662,25.307308873060453,30.883712439442764,-396.72717586578545,-55.509266266125145,-51.36135045438764,-61.05040559882786,77.81805886643693,98.74494180526352,1.7047975107108553,-233.5144457840633,271.01734152135487
1771947785.4321246,6.7651164112316335,10.757518020617834,18.429544669909024,-15.754560683981682,-49.66072953238982,339.3327149489892,-540.926862975438,47.668582143890724,-91.77694890961105,-5.827477102994497,-3.696459827046968,0.6096195080541084,82.284875980322,130.29074673815984,160.9376149507883,-85.37382269229599,-75.4601489513307,22.067906909683675,43.54306484826329,-89.19616190108113,174.69082606327717,-54.8038976681232,-69.98966500343157,70.54533329576365,120.33469035163624,86.45598605072801,94.2987443814528,-360.78627651927593
1771947785.4360218,5.561950558524312,22.932266130353455,23.41789301622798,9.386614122060957,-7.475990745666624,395.47978841097375,344.44389110149666,51.487920901597434,-102.60622271026565,-0.9024622674469328,-3.756152081104416,-35.49586974715119,376.19400605643193,-101.0616216831142,165.48573827651643,-86.52994449483226,-69.01452072920448,18.64444089553993,15.189814101698296,348.04586486733484,-201.0338108411469,-57.895680732352304,-76.78767709260917,57.16888521034063,123.0008695980135,107.79653059806427,273.02191260862475,382.1423122228026
1771947785.439919,4.461056707596609,34.622910654141165,26.866622730348784,37.90274956358647,40.01120832261788,-135.53038881963315,430.81893428494976,55.411243666432625,-111.29685645376236,3.319652505019796,-1.2996958295092755,-44.55254554027105,230.5282494358996,101.94821400731087,169.81446891281774,-85.73445207737534,-58.67709367711483,17.852321870175498,-32.529375397498306,395.8269620428433,160.11276964244215,-60.61645864120339,-81.24591702845409,38.714465343658524,104.81450279549759,42.25919137227008,143.46890467126605,-47.81847942438164
1771947785.4438164,3.4570675556341497,45.530071815971894,28.58980093828726,58.69090333841702,58.26101512079451,-454.4345302615601,-942.1110444017784,59.416264946853204,-117.73086126409565,6.507502752802148,4.220317069952287,-14.840333375397384,-200.73155466129884,-90.2711898655201,173.90756170880667,-83.0432440377119,-45.42660287443557,19.243342523752524,-59.44935734509461,-52.962937313126,-103.45654268115965,-62.94851210438397,-83.23507628893216,16.674417113935817,68.84000541948062,-63.70362660643768,-101.09209043351291,-536.3165428586399
1771947785.4477136,2.543952673627992,55.37724622678357,28.529732978236485,63.25143616511157,34.78652692989595,-76.75135959375085,515.1293230135044,63.47895353968125,-121.83755187173206,8.453953777495116,12.256177402602829,33.08272323586946,-410.08371731278135,-20.212945679132048,177.75008024285748,-78.55882750449214,-30.382143799576266,19.06675669881121,-39.0874320020959,-470.1893665832758,-19.408531785707286,-64.87682257757302,-82.7001665443767,-7.123548329429013,21.486297294545427,-127.25836932871533,-190.7152045691402,749.0915062102832
1771947785.4516108,1.7151015488724997,63.91781427327946,26.757712651425262,49.26783309821303,-12.066750258127481,422.7909476963431,243.84339487676607,67.57369254939614,-123.59364041669889,9.093140297775072,21.00968899421525,60.75759120580199,-120.28652574237718,157.15045806935228,181.32853071004917,-72.42605835690539,-14.705929804071433,12.315942780209204,18.217417042450904,-295.1231670935317,250.87629363269681,-66.38923026107062,-79.6634206682758,-30.679741023673788,-30.04414599084039,-94.5860546106351,-77.47154946513182,-298.2963017287925
1771947785.455508,0.9634078899301782,70.94106099480432,23.464440149937563,21.394927206256927,-47.80941931660847,276.5039367183382,-515.759115416843,71.67346338102372,-123.02239698973429,8.503768663139022,27.745349254854627,42.26087060774491,343.3847479577206,-190.76981376320123,184.6309861514345,-64.82677366175248,0.4912473895626933,-3.870474063976608,70.30138822044795,285.4226250208943,-397.6293712496088,-67.47656923033954,-74.2248397221674,-52.00269460180845,-79.41268047462424,13.960286234974241,68.40410049007377,-296.80858955792627
1771947785.4594052,0.28135412822283556,76.27706431292013,18.94115105033053,-10.985351270627513,-47.98659882073072,-303.73221877713956,406.82689247303915,75.75005253040011,-120.19193540161005,6.898379861463095,29.56485250454098,-13.138500798306207,396.0277359652523,127.91219605572948,187.64719927583386,-55.973525080257176,14.234072017483378,-27.202495946168124,74.2783881923795,496.984534681089,233.49420323559607,-68.13277807460346,-66.56030599964045,-69.28916587671213,-121.00894392554214,116.77880408969602,96.69925137874317,448.64055899386443
1771947785.4633024,-0.3389048595144428,79.80034444030237,13.553284827398475,-37.849416104881776,-15.412027311292556,-440.19184361345066,-271.4709545799426,79.77427963639157,-115.21269736657116,4.599546024914974,24.29330766137647,-65.19822961495908,-68.0973227805919,-67.96062182434973,190.36870209638485,-46.102648019959354,25.74976713625799,-49.7077492146891,20.876141690000512,26.52292306571079,57.058703130988164,-68.3549846976243,-56.91725985489846,-81.08691479162212,-148.7797930745636,133.77063068458602,37.55362526073664,-297.31450133682273
1771947785.4671996,-0.9054596608931458,81.43221071644024,7.709130503615136,-52.38811276461928,24.082144157554843,85.66485342160179,49.96958311923552,83.71624494706381,-108.23421923448008,2.005175627733213,11.161726593970355,-72.35853850753853,-469.4740535675438,4.845049353955772,192.7888906269128,-35.46691759496625,34.513436701469736,-60.71852266106874,-55.021397373828414,-478.8812645199488,-176.17912163127642,-68.14356424656658,-45.60801890749884,-86.42490798676175,-155.86362231448533,49.7572403105357,4.989087269359626,273.52407300154704
1771947785.4710968,-1.4265666191126096,81.14178429475685,1.8262586647512,-52.87329281951001,42.58210562104573,503.32833462663086,236.4752452041999,87.5455940897284,-99.44127264016932,-0.4538743405534087,-8.695601177199617,-24.740165379546866,-257.45675080244007,159.6293566307727,194.9030929837728,-24.328047932850524,40.26906744818998,-52.28481769988304,-97.721936376107,-296.2379191744851,303.0087159860733,-67.50216944961292,-33.00089889477625,-84.89873938411849,-136.41760120838003,-72.38694126038502,6.3152272781572725,-252.01218391948595
1771947785.4750574,-1.9105711917010129,78.94571515533498,-3.7013491492543626,-42.10532742361007,30.41716848942279,197.69901401847733,-339.003382610667,91.2317977825604,-89.04947517711224,-2.3599377642099744,-31.80677084726535,45.67797767607354,313.7017065671611,-331.40248341892317,196.70861938343654,-12.949286793412108,43.025814165089855,-24.073978026795594,-72.06883301194574,306.1996919212901,-566.2297013602164,-66.43773294844141,-19.50937285287925,-76.70338669622603,-89.23699904503556,-140.12383693882407,-46.22698220763788,-150.18888819613966
1771947785.4789546,-2.365834999652888,74.90664951401737,-8.53272611058258,-25.348711799027974,0.6065792628180476,-395.4344116576687,255.97755251061014,94.74444384846731,-77.30047058449958,-3.354100859915933,-52.27306393463523,87.14687919139618,465.1112832045413,263.40319014311996,198.2047926574487,-1.5883445426119258,43.031361214463935,15.25945803762495,8.190516531840082,436.8538881905909,401.31382921930407,-64.96044152288944,-5.5795770131610904,-62.61049809012902,-20.957362264246335,-103.06530244768321,-131.0021919081239,663.4399354620066
1771947785.4828515,-2.8006670846075656,69.13053874387792,-12.40355135269783,-8.076985548045231,-23.960607579102582,-437.45031596390993,-142.3992602109288,98.05353860755719,-64.45677987265701,-3.176858130687534,-62.754356187992364,66.85551020169385,-31.21058624908474,-14.861557770700328,199.39295801359495,9.509123840838626,40.72606489984974,51.31995260133393,87.67349351279374,-89.45979218898385,434.245419659276,-63.08368243985446,8.323464469763936,-43.89273054520328,53.753639185544856,8.66518951810988,-80.07254050028297,-613.6743766957047
1771947785.4867492,-3.2232597582601503,61.76291212551665,-15.142227739608451,5.642202182465236,-28.475543082265567,119.14205218858729,-13.52553707291428,101.12981448803598,-50.796424323818755,-1.6999210426617932,-56.971415553758746,-3.147034847603446,-481.9212898666115,-145.50634369069715,200.27647090717767,20.115293167134787,36.683092243296876,70.27980850141944,108.57230372730706,-462.88734979885714,-983.6026275110951,-60.823962507279745,21.730470812507782,-22.20271531747912,116.12272461361108,109.33607495946683,143.41402748099895,28.268963205835394
1771947785.4906464,-3.64162931899715,52.9842610777512,-16.677377389148862,13.929408385872986,-14.893992148781706,502.0402458344837,197.35916740194008,103.94504053813318,-36.607418015327035,1.0540279466012565,-33.01747155236241,-73.31758034133007,-237.08871888473777,301.55841898037403,200.86066209950258,30.025044139496416,31.540777912932672,65.06852293731306,53.44593566126479,-111.8482881728791,499.53246149064336,-58.200800744313774,34.18292740805888,0.5814932773430262,149.96076035046315,124.92427065825565,271.7819643299221,386.52430534588456
1771947785.4945436,-4.063561845551733,43.00470097860973,-17.03652717846411,17.097962173319065,3.4817414029799254,212.153474408594,-269.28039049710367,106.47233241625594,-22.182222485410776,4.905815577673025,4.347828468457483,-92.60403996917874,347.155155384058,-553.1365213699568,201.15277925621965,39.05982817503868,25.933852913272325,38.44262532150447,-40.56022396762467,416.1463921595195,292.7247921637688,-55.23659585664762,45.248012459305826,22.529541419435724,147.9179196586923,48.96730498886882,53.21706213616274,-364.4564240661517
1771947785.4984407,-4.496564217679682,32.058088894021466,-16.336544881355838,16.959018208733987,14.373538592791428,-335.7363317199583,212.2061764714726,108.68645833460069,-7.812250961451255,9.529427911940813,44.20360089937455,-46.314861512171646,407.4040826010053,405.08995296940566,201.16190472257293,47.070452554726394,20.43002960552849,1.5465958573581111,-107.54925156509712,296.4739940392363,-492.27652554180406,-51.956469905176476,54.53293452588041,41.83392725690417,114.13471970444583,-56.12602836708955,-311.88797864440426,268.74843152469845
1771947785.502338,-4.947820415984496,20.395782454971517,-14.767082679320712,15.692291994504888,14.60901104483053,-427.71533147014253,-107.9994540966859,110.56413733092535,6.217495392443248,14.476411162714388,73.13168332004925,32.65905034062544,-143.04022681544768,388.2665984274683,200.89884939586253,53.938762890834944,15.47768824621366,-31.264056123399836,-100.31447429374566,-297.5424299210347,330.56042456253664,-48.388089669683204,61.69820132771829,56.97066381181356,62.05960082650179,-110.73113414440832,-334.3616352723292,-224.11858218986083
1771947785.5062351,-5.424153028057474,8.280226622181008,-12.5688303024048,14.83294760277853,8.703641215209034,16.163349497413744,-36.1088110545188,112.08432619712848,19.633582435200744,19.21326307891206,80.56814185441495,87.83579484184804,-471.1650324830611,-947.5006524148511,200.37602292783262,59.57824487756695,11.36918454085307,-48.76421396655888,-24.44359672979674,-454.54084942496655,-269.1501302422256,-44.56146727346412,66.46937070993522,66.83056204049485,8.771400165471231,-79.5650580885078,92.87852669447317,6.947825972938358
1771947785.5101323,-5.931989787462051,-4.021449773625087,-10.008740962347577,14.877068841336454,2.011153917456756,408.9032422406686,193.25277008463647,113.22849144500933,32.179019604049515,23.168850808577865,63.36788435582809,80.45090332205022,-77.58521264421667,511.73062931065084,199.60728082295944,63.93360985908679,8.222702923841487,-47.24295624323543,66.13422541854374,82.33993602271345,136.37973330936762,-40.508741709818835,68.64688015038291,70.80927394249593,-31.333807056764126,5.231938920957935,456.76459221809773,297.8265998776213
1771947785.5140295,-6.477334921665492,-16.243657152355354,-7.354550568467951,15.507848064035,-3.735738194359672,282.06203014673224,-260.7979032277825,113.98086281883651,43.61779634806931,25.787925187894327,27.420962626769803,17.34289606239528,441.3243722037922,274.22916471176285,198.60774930089684,66.97946605207488,5.983756041690328,-30.973189275311366,108.59784900302238,521.2650512041079,188.00092542729107,-36.26394301820586,68.11360959601603,68.8483540488636,-50.89309946784309,74.63831094476531,260.3512639133101,-371.68873605814747
1771947785.517927,-7.065745055473753,-28.12823382194072,-4.850855982914598,15.969683110549594,-8.950065877034064,-170.79601640601254,198.6665057839472,114.32866502311826,53.739023962368556,26.586149783591306,-14.546141807073633,-54.995341788602204,293.82281411698455,-498.4524356293166,197.3936290460865,68.71820753876857,4.445540348990418,-9.063483239822277,76.13715270959459,206.61665629253352,-393.7065187373323,-31.862740957315772,64.83990274582987,61.424394660330805,-50.77342181750651,79.00254157319712,-283.7022313546935,218.36555734819257
1771947785.521876,-7.7023093647644885,-39.429865654013696,-2.698760200609516,15.198915985424954,-12.229792398791725,-393.1571968541346,-59.41554679920155,114.26232452177688,62.36063470849399,25.201784327254725,-48.151911255596346,-85.17795460282126,-307.8315931389803,327.9642005810408,195.9819792209699,69.1772764419536,3.2855777173298617,9.169805496418915,-4.683446297188255,-415.44804663321224,330.5938967661031,-27.342180069562577,58.88585288192453,49.48829923662422,-38.317663540186395,24.07361764742494,-488.6379677924972,-51.02337925011829
1771947785.5257733,-8.391633601287001,-49.92092432901369,-1.0406657427797472,11.855125235310819,-9.765631754966366,-143.0524377063046,-88.42368312871898,113.7756485157831,69.33259626054961,21.439290833081028,-63.20738503812505,-54.23463868911433,-466.0639848930668,-243.37940890230945,194.39048341548772,68.4059703111773,2.114567578778782,17.892518766623148,-75.70196477247093,-460.1582859225878,-150.0538007513657,-22.740403036977746,50.40074804832187,34.361490527609305,-23.639776048085935,-39.53321209489727,-86.42115887404117,-86.00347440042034
1771947785.5296705,-9.137827556074726,-59.3956361181263,0.04874214419860985,4.719515953626367,0.3261811874228789,261.3787831532342,190.34347383758654,112.86597350842979,74.53960515220916,15.30066165136865,-57.441144336430405,12.047101928997469,61.764736272800214,123.19295976205414,192.63719952453062,66.47197577911724,0.532269823657089,16.20623828319783,-90.24937798864457,128.70024415150303,-51.75191495273176,-18.096364245558682,39.61966258106798,17.59984417037507,-15.336020839663774,-60.930520571656714,417.37677078930597,220.88647574594373
1771947785.5335677,-9.944495529527623,-67.67351983581734,0.5648725338398933,-6.411967697692752,13.407048254144785,346.18217080334887,-216.69754795550355,111.53428116432937,77.90322678731742,7.0011585039258994,-36.39333132764481,64.00310386121254,513.1820446488866,180.62396387240815,190.74029582642427,63.457809457213514,-1.8153818885878639,7.450592160419468,-44.862064779622045,534.608613332039,228.19318896038445,-13.44953553405187,26.857273934170053,0.8390167946796324,-17.151147349023194,-29.296636399284164,399.2664726719276,-277.0038614877491
1771947785.537465,-10.814729414562708,-74.60206010299993,0.5691064243553897,-19.88971536597495,19.552702005676434,26.03636101158169,155.54827540389388,109.78527944131372,79.38345153802919,-3.0326646855415067,-9.9113202338911,65.57339668711313,242.66090482084405,-394.1601064945052,188.71777575328227,59.45733748890978,-5.183827903333617,-2.8221853616015684,22.667354481078323,225.6612769432189,-292.1399085208308,-8.839606177035343,12.499073037193869,-14.36365277348115,-26.91986889788742,21.715350898299562,-95.46152159391752,182.73413831140235
1771947785.5413623,-11.75110403055496,-80.05860834515465,0.17886022437209895,-32.226093518114766,11.419271791452761,-318.77561941620985,-24.597458240143432,107.62744727065554,78.97963800389792,-14.183382056556544,12.54554890145502,19.99803930075214,-364.91957686413247,332.8779747795854,186.58719403261668,54.572527653262476,-9.687534453859753,-9.290755766250433,64.63185245011638,-358.95235926985885,232.49650520207985,-4.306179192432503,-3.0097787072976057,-26.675461990407758,-38.20248441106659,45.9333386499791,-446.4000166192319,0.6686609080446585
1771947785.5452597,-12.75567435013475,-83.95152763164954,-0.4470201937394584,-39.2442908349375,-7.673011246139887,-289.49744275194183,-91.87110798043457,105.07304142799808,76.73081724840503,-25.680765895739732,25.35568257178519,-34.884053155043794,-472.15689126608333,-128.32447558619063,184.3653670822586,48.910564445559736,-15.27223926345336,-8.914392304526695,58.30343813111579,-460.3373058734147,-92.49791337286536,0.11153394067196995,-19.177614734279715,-35.109101653624805,-43.70732553636017,24.274515532131893,-252.22463266532424,-129.76894432144053
1771947785.549157,-13.829974266474727,-86.22061844509278,-1.1260544518183602,-37.80533953739835,-23.743783716306687,78.19042454609706,134.27063307375298,102.13806465955894,72.71533588013764,-36.655194078608666,27.72180132972698,-56.9940956362725,46.588649276716986,-81.92930250364219,182.0680807483615,42.58142921099727,-21.70490929544885,-1.8953566345559498,18.142203444230223,8.862526895322528,-93.97791502810819,4.3750180778895364,-35.48105232993013,-39.106794390459875,-38.689861371858015,-20.826485806449394,214.3375489754163,150.3485897268133
1771947785.553054,-14.975016597352809,-86.8368811181145,-1.6714458765317564,-27.178860131735572,-22.35879562803745,360.2295523162686,-157.76226776697018,98.842194545842,67.04982024973886,-46.20269729603946,22.504991536046447,-32.22195870469856,486.2714505428765,240.76008012915142,179.70979863673392,35.696014416474874,-28.582870596722834,8.76889488533401,-21.20367229959915,432.69782190200857,234.26834645234058,8.44675661648374,-51.38095277148019,-38.580500857742535,-22.729830836117618,-46.59171865125103,397.8052401954598,-155.64234866856242
1771947785.5569513,-16.191294119087633,-85.80168659799375,-1.911227340383658,-9.459395501193368,-1.6376963490045922,226.6932893967571,181.68980052602276,95.20867296575884,59.88744847918598,-53.45681977001132,14.035822665748247,16.000797215511337,293.2292189876355,-289.55429468617086,177.30337437108122,28.364804479173586,-35.36177531647574,18.796531024272454,-34.45108116392149,317.456993387435,-241.9784884188137,12.290528951487081,-66.3390612761341,-33.90526328176214,0.5708697280132402,-27.612706960871826,123.20952646316077,180.57366837767242
1771947785.5608485,-17.478781527873934,-83.14543905182676,-1.7056475289533422,10.967501520057981,23.550992790000432,-181.34584030363183,-105.78331940787395,91.2641563947324,51.41552262484029,-57.6616905932105,6.023425139763174,46.51393303109094,-249.168614290643,207.24911914840663,174.85977114536212,20.69711769605033,-41.4002920787057,24.33076774557827,-22.9187018229359,-151.886727076076,154.06020527337716,15.871700972258768,-79.83481208756363,-25.86733747785214,25.281485153174053,21.741737210632532,-264.27782017333004,-103.16664806662165
1771947785.5647457,-18.836938296054527,-78.92582040680273,-0.9614288826423992,28.608888283690902,31.83016510830938,-397.33020053584556,-79.44955117233778,87.03852767478877,41.852341444723805,-58.240347024046564,0.3296758575828316,33.854561176440036,-458.0300949900887,-37.10559861788278,172.38779196755857,12.800867692330785,-46.01779080432354,23.10208860138777,-6.980994440044876,-416.79442051524234,-39.091204416686786,19.15750639248979,-91.38177594473909,-15.573093265360797,45.174980230875384,58.75023162075578,-338.80052218903745,-99.09676271180965
1771947785.568684,-20.264712428973464,-73.22570831749607,0.3581699548062868,38.449643356040674,13.293106157125312,-148.75589136342705,219.6350798046237,82.56467033122495,31.44338524688104,-54.85246219154633,-3.0181462566048185,-10.892208317422176,-114.4550483693855,-127.2319887076835,169.89382402240463,4.782770306124871,-48.559983826009194,14.913085808129434,-3.141031257025944,-205.5863676175167,-81.76510441508903,22.117316744614296,-100.54323492018702,-4.328330047144485,55.425019172263305,48.183447839819195,-40.80326508976796,242.24143681783605
1771947785.5725813,-21.76054517349245,-66.15085644644117,2.22819308039677,37.67490583167752,-19.759724639703844,305.5628522949538,-218.37701177743,77.87820692933987,20.456837108162425,-47.43622684357033,-4.729831980456688,-48.513854096744254,338.67904997849655,195.52811900472287,167.3816005665417,-3.25110646901036,-48.46660701680306,1.7401640233735747,-7.896231078921175,220.78587010114666,176.64108183352883,24.72289790415658,-106.94639390562475,6.49967303593108,53.7694218929211,-6.864116659939987,300.810985451923,-214.23966851546243
1771947785.5764785,-23.32237680522692,-57.82742031583476,4.562039443241885,26.964851107535022,-40.25134024085109,424.5496766010928,134.55696860840794,73.01720332601764,9.178478455031472,-36.23019634659523,-4.885168870547273,-43.54581313179236,379.8574577831366,-183.88372940371553,164.8519836734976,-11.194575396871832,-45.33486575312993,-12.461456858084492,-3.5219609542318437,397.5044142290919,-208.3696257642289,26.948651027869257,-110.29477844931542,15.623609005066488,41.0722247523462,-64.8598933012076,312.23098920805126,106.92732483095496
1771947785.5803757,-24.94765370290416,-48.39940330810017,7.216646565774998,10.577649266582865,-28.154808283896976,16.309843360927278,-43.56964247583961,68.02184098829585,-2.093988154857568,-21.772369556661197,-2.452164331760052,5.04490996539547,-7.372961176643364,153.7014570093172,162.30277098188762,-18.94048889122181,-38.97256599598339,-22.63562803582068,19.87915272711258,139.32795778425591,168.8718744441614,28.771835823839858,-110.37842324071468,21.967237928200614,21.15067940675415,-77.66992856224714,-43.213113904579,-15.453597551366638
1771947785.584273,-26.63333696135889,-38.026085325397005,10.002364503916496,-5.184532905285436,10.663252418254485,-458.4888022587126,-63.34713818925255,62.93405986945713,-13.057119340391226,-4.875503862605694,3.6663445738697558,59.56088888738736,-371.37499578172384,-68.81347850000371,159.72852941705116,-26.379975800327998,-29.43558274735436,-24.52282496052402,47.99540721715131,-281.53045529249437,-58.47412249346635,30.172774157933972,-107.08152180880688,24.773506882695056,-0.1651803520622005,-29.69198300208893,-381.30472937891903,-78.07249640091422
1771947785.5881703,-28.37591279136959,-26.87948179872627,12.6967727487412,-14.604736678670468,45.90203776394969,-382.4948073153931,201.284019881167,57.79717467049156,-23.408325621360323,13.420443724837066,12.643737661269753,71.50405237080054,-312.7355811904591,-96.21806277085969,157.12045868109686,-33.40190715468743,-17.04552738029308,-17.079427335131076,50.10225914927603,-405.6796711443552,-91.67599149452765,31.135032132109895,-100.3872841257759,23.679508568921747,-16.49409541989283,47.088124624576174,-273.4602094440276,185.69278083943672
1771947785.5920677,-30.171404943066086,-15.141864998587202,15.06144656791332,-14.992239240581277,46.17904488561844,208.93503779564236,-269.51315620597103,52.65546763864845,-32.852772139241296,31.915969246641623,20.404694377752975,21.881518179674597,95.92726535477084,220.70899240100127,154.4662871152688,-39.892731922961104,-2.385071248408664,-3.987766408380671,7.83061399294847,-69.25767671348477,203.01898757337787,31.64557890311655,-90.3798335141917,18.751450433839537,-22.51484689894196,95.31270337744485,209.68952356766178,-222.55724160825395
1771947785.595965,-32.01538941012755,-3.0033648283420686,16.860493552928062,-7.730300245458476,6.479087936605612,569.974978495035,167.66192283307456,47.55376132262301,-41.1104581198077,49.335241060589354,20.4453926216506,-58.21345008507235,398.32498959144687,-199.68264235685731,151.7502022875235,-45.73680596785419,13.729754917695734,7.1856594940069956,-60.00717309489551,374.37280812321677,-215.84025462901297,31.694920614813622,-77.24306567122315,10.47674755700172,-15.531441617648321,75.73169550430755,470.255870180284,130.73137949332295
1771947785.599862,-33.90301171662412,9.340346841074943,17.879562167306897,2.44049714054644,-44.09461257396135,185.04516907202031,-4.320063808126632,42.53697491441275,-47.92333071087239,64.41890528584112,6.970120722137644,-106.33373228790771,248.8475584017394,94.60899650278606,148.95281833671353,-50.81731265545554,30.298988809413547,8.4073292877812,-102.64090216019125,402.66868131976906,141.66407776867953,31.277207913211033,-61.25648746040639,-0.2855056141613554,3.0681994442579934,-1.4088609211094099,107.60541655981977,-2.8778329552294117
1771947785.6037593,-35.829007106899084,21.69029613345166,17.943983363854187,9.421834632148736,-63.5140606172868,-469.95284892036585,-98.10122492558835,37.64966799993993,-53.06227335441921,76.01947730238417,-21.059795211095473,-76.26692938133075,-192.96140015507032,-13.657656250441635,146.05118175208455,-55.0178420614288,46.20667348219182,-4.277412744378645,-75.11057877793121,-56.33160915581038,-42.291084688769736,30.390315649768812,-42.78814724658017,-12.39047519320535,26.850290279806565,-81.93761485072336,-450.4995097087561,-86.57453473121886
1771947785.6076565,-37.7877239177462,33.84639004800889,16.934749696336183,8.253123157177601,-31.68561404966954,-500.2375995707582,233.57035503577032,32.935575740807586,-56.33379527888781,83.19184024151288,-57.16197917755873,21.140344618794536,-416.2479869592345,-37.81918242415587,143.0188169300099,-58.22465771789432,60.30239197996622,-27.44666883017372,19.28676167327702,-471.66571802337876,-55.73902539750076,29.03589357844938,-22.284858466052068,-24.521329458933263,44.870843005061985,-107.024719830028,-416.9218595680192,202.3332092834242
1771947785.6115537,-39.773150337832234,45.60956932405103,14.801156259050492,-2.604650652418915,29.98972749958646,156.7683678920201,-365.7630424625493,28.437139695402408,-57.586238489689485,85.2714909298169,-87.68718821046926,118.49838545942531,-146.34533311631225,125.84845861550934,139.8258125324958,-60.32963702227382,71.49016917823407,-50.226012764562405,119.80890773022628,-320.72176151482427,190.1490127852704,27.219387082580404,-0.2600017753029467,-35.31964169454228,44.744371806401254,-56.8585866638794,231.34182819807907,-285.09613788168997
1771947785.6155655,-41.778944709151254,56.78396265110348,11.569109504299973,-19.933037096439143,72.83455250629687,586.8268114536926,217.0883860068713,24.19503861096675,-56.71531382477281,81.93389759562479,-95.92667645697827,138.6235700624713,300.0167627100222,-233.4514065297606,136.4389493334521,-61.233826777745755,78.81767587720485,-58.00933757185184,147.46582634202318,229.55234182260574,-305.6033074159988,24.95002717668015,22.720732925903928,-43.51988392843191,18.07947475745761,34.19365281831993,594.0591651686227,151.76870041502175
1771947785.6194627,-43.79846951473165,67.17907313117307,7.344345348238847,-36.23666232071627,59.6839982787751,184.30743155224636,122.19077949064337,20.247723559666294,-53.668779449140615,73.22962304655506,-69.07203677971722,55.12401141851747,375.1664851452929,230.76254712331607,132.82186984533362,-60.85151184458955,81.55839363718353,-38.917282782402474,67.42613915744343,490.82269770897574,233.05426520179992,22.240789208985962,46.055237343527686,-48.075225478639524,-33.82970921980843,102.31409066853394,96.17765406092921,74.07429266600629
1771947785.62336,-45.82482917641688,76.61202386096035,2.3100889824504653,-42.53004724835791,-2.967494335660555,-456.13880619167753,-254.3061905898956,16.63096178215626,-48.45008341011741,59.5916434401087,-5.617663906926887,-80.56617032017223,-11.078989245549735,-83.78869122031419,128.93528958841827,-59.11465435332198,79.27971877329753,9.387309130596575,-74.97192790884027,135.12144262514505,-0.8509626934165975,19.108319891447653,69.1220286339745,-48.26283520343708,-97.34177143525346,100.23699216946238,-584.7030645992126,-152.03386600805823
1771947785.627257,-47.85091170431803,84.90988329592027,-3.2809652570012586,-32.690089601161404,-67.30094413504527,-404.2949591809113,279.628435526622,13.377393589047898,-41.120805798652164,41.81343554436825,80.23458045139054,-170.9858208434991,-360.32276246012043,-88.11796187832762,124.73724945255685,-55.977524247978906,71.89089714712372,75.61789849947012,-178.96258282115153,-364.7065835577495,-164.78821921052526,15.57283254826818,91.29792987688775,-43.75894704024382,-149.28963164743215,30.47937851657549,-425.5713508784108,244.47314923379227
1771947785.6311543,-49.8694341115297,91.91208263348533,-9.120092295360143,-7.256350079990852,-81.2541627953953,229.03089670667163,-452.6152889493479,10.516106663856165,-31.8017556009604,20.99874978628832,160.3859339299405,-143.72648810436303,-232.21763069626522,253.51972424666204,120.18340823808379,-51.42131044774575,59.66613135865803,136.2941133376363,-161.41316499668184,-365.9706843854835,260.20025455310855,11.657970780094944,111.97585122532837,-34.67687284936021,-165.12748494676632,-57.8736176718857,392.49623298187896,-414.1570868723325
1771947785.6350515,-51.872991401792824,97.47292567802218,-14.860742128715996,25.67960469116676,-31.175497604966555,477.2574386526681,318.08836018241396,8.072232071602896,-20.67260337375415,-1.513666056860667,201.93811440901595,-9.169703433681825,172.27337109740998,-428.1009552938921,115.22737412049133,-45.458478251162255,43.240076051974604,163.62852562322115,-24.000298390273862,85.69764274939179,-401.4778961073636,7.390641026529954,130.58213240484966,-21.56465412285639,-129.39130453763613,-105.04448444450173,662.0974355733135,181.2583882293828
1771947785.638949,-53.85410888639814,101.4641764151809,-20.140495798686167,53.43641317713928,45.286070979574596,-9.92628792800128,436.3892500542765,6.066566165365464,-7.969964096343843,-24.244984296900835,180.96497607522699,141.26616921089462,299.3899205091768,392.5996206859845,109.8210734101641,-38.136625662423526,23.575081776236,137.63388772196535,140.39945950460125,357.59951096336295,363.9709495003396,2.800814751669183,146.59291978092773,-5.362799745175014,-43.95933293034186,-81.97289655373372,-59.90139260863856,438.34529358541295
1771947785.6428463,-55.80529754551481,103.7776927115133,-24.60542818481569,64.31089010701294,87.97797209243525,-457.66184515258857,-943.123485598189,4.515222409957264,6.016115908179496,-45.683697513285274,94.98112361262241,198.8911241662159,13.745615642827048,42.030537729084834,103.91515456759979,-29.54159049752474,1.9017933202812893,57.154732983430634,212.30832335458393,126.35718700701065,90.47702654352062,-2.0786987797677607,159.54908050258365,12.673800869064074,69.89253330375278,-7.878689074238324,-724.5488111464795,-561.8320787663306
1771947785.6467435,-57.719112060553975,104.32805848074646,-27.935264960379815,53.039525855123294,62.35502001417757,-179.98521649957635,439.7639449135632,3.4293169613760086,20.947270375187948,-64.39714137162872,-32.53443960157607,117.89682709478203,-238.15353751590806,-568.1533506613787,97.45942504154104,-19.799570888814607,-20.36311550443204,-56.21019965403455,135.01037774905237,-215.6014821657524,-622.3041994043405,-7.212507876344312,169.0692026282735,31.082513800190842,177.3767042840369,66.32738743525762,-327.1412622795414,39.44570330971186
1771947785.6506407,-59.58821101602505,103.05515210503499,-29.867537131836137,23.48791908953174,-12.126621133355112,378.0526562241403,368.47776151183064,2.814691686275625,36.44347920707052,-79.13824451374519,-159.07667342789674,-48.41855980872762,-100.38273141903085,689.3750403074897,90.40331817521414,-9.07804318847629,-41.71635061483625,-164.53594386040953,-39.98082957915132,-183.35080925025352,697.3284979334826,-12.562920358838152,174.86029196011202,48.31842008689095,242.45077000509585,94.2405147408811,564.0184278623772,174.97107516886416
1771947785.6545382,-61.40541865464482,99.926575548058,-30.218872857066277,-12.781838595225224,-76.96759427193248,353.3404802075213,-537.6191629916754,2.6716781476860407,52.091197915796066,-88.93881600236404,-239.43919995270068,-184.0569777502393,176.5871342766499,-321.42316220016573,82.69638715903277,2.41470654249292,-60.67729494977666,-228.38476615934806,-188.38017397707097,106.78304973154516,-267.91323804829125,-18.09025016680224,176.7258505700845,62.887355622788434,241.7083112285183,63.14356742207235,636.5778464105921,88.80581636517279
1771947785.658435,-63.163787480824645,94.93985701747629,-28.90164544541146,-41.5163509627442,-81.29925412768709,-214.4729678304874,292.65778085268164,2.9949058579799304,67.45280945780155,-93.18164586372897,-244.34951209921223,-193.55033762085188,139.721264856666,-242.83507768908865,74.28882273067042,14.431577410995478,-75.89895179514986,-223.37844431764174,-204.3044351000345,174.62166698050834,-326.34612826316317,-23.753146423995343,174.57110661198726,73.47481696043415,173.8117930150416,-2.3318068032533517,-209.47543337803413,36.720233082370505
1771947785.662437,-64.85666091264717,88.12433178389261,-25.934424300551353,-52.057108307834966,-22.511996310664152,-471.6807154817345,-178.85188718951852,3.7731577739675313,82.07720700157844,-91.64536121561265,-172.77852833631275,-70.65096241960646,-157.20294402675975,644.546907580459,65.1319909925427,26.690259607532923,-86.27194913843216,-150.59893205682536,-78.20647080388825,-71.62657419565286,714.8235464901768,-29.508942373295266,168.4052587914694,79.05961286796415,60.093399329811994,-60.545177183270454,-734.2930880127002,-524.7681219563602
1771947785.6663342,-66.47773508219682,79.5426015175941,-21.44505054192007,-41.88120951421441,52.12594347064833,-43.41359940960828,71.98257595658052,4.989275594538727,95.51126691185723,-84.51821580438292,-52.1113355593883,98.0187575190831,-225.19013065464674,-603.4335895038873,55.178987344350354,38.87847152598351,-91.01335808729313,-35.79341880607161,97.50799506328582,-214.89101235162934,-614.2012424076244,-35.3140211307628,158.34069882934006,79.00271185018703,-63.84204828378198,-79.89055612046022,-208.9667483313827,431.75862012374006
1771947785.670231,-68.0211188257766,69.2914717490897,-15.665672069686437,-17.240719471418814,83.90330090949371,444.84958630587,208.94230152813805,6.620116949690973,107.3119260795487,-72.37959926627448,73.83109645842005,196.08113451158994,95.22387838065956,157.4294368951624,44.38520215410897,50.660777937839946,-89.73307158144846,82.06467409588895,198.37160813875715,7.963044206147111,80.93570346218301,-41.12419476862388,144.58927551974233,73.1040874898223,-161.46388257041897,-54.451126891769164,566.836444887343,224.71308775186998
1771947785.6741288,-69.48139090823737,57.50226982499992,-8.919693966192197,10.155216125208744,49.55392870597427,313.2691812343809,-390.10174737470214,8.636566075845328,117.05853963079034,-56.15079799728646,163.1186954076374,159.86001109432843,340.6333184370823,281.6098365790987,32.70889345569661,61.68686681155144,-82.47206005507071,167.05837296436206,158.86171629254267,281.1874250532805,405.96882408599384,-46.89509292310957,127.45575859378484,61.623239375805746,-207.80407589299224,-1.9906975858573992,509.7622004931226,-532.146466147859
1771947785.678026,-70.85365354695877,44.34045335191353,-1.6012744697646635,28.47659647471342,-21.395929384237988,-228.61543781399422,280.02387876429293,11.003599096342095,124.36516692983497,-37.01916878524102,191.77643335136264,20.24743255237906,94.37854460250084,-422.77148749136524,20.111761700164312,71.60109209686888,-69.70884784942352,199.53663165288225,15.946153502639747,165.8398360904626,-499.7143841387581,-52.58255692967065,107.32874645878366,45.26219640423647,-196.48284802912485,49.22331954413438,-214.02094323246945,294.1420541943775
1771947785.6819232,-72.13358129109109,30.004432892183893,5.851341610473778,30.538300242802677,-71.98973594752886,-444.7744747395315,-54.62887063736077,13.680404608111653,128.89241819228235,-16.342155510244783,160.60538361374046,-123.83033239526189,-350.1638608376481,365.22023566952413,6.559521433438608,80.05302530121145,-52.33288661112313,180.4517998014187,-124.46228177552516,-233.04037971764598,345.58507621582766,-58.14303534166508,84.6693379158643,25.1129265046193,-139.49427720636882,74.34230789471889,-564.8059902346861,-34.21422276052984
1771947785.6858206,-73.31746427548889,14.723552312960297,12.98677131810281,16.21743736574042,-64.06756840833164,-90.31687871943485,-110.17839976999879,16.62055992866383,130.35849232045146,4.460717342589534,90.84876972241605,-177.42005755691002,-354.12630671962097,-218.86064719630102,-7.977535263563867,86.70870305450664,-31.585972271868,126.11176093257266,-168.16816140625377,-368.972458999574,-151.39404183127684,-63.53397656526646,59.9979523911079,2.573927684084968,-60.80039364905467,61.01019246559085,-147.04172241464417,-73.68964094300564
1771947785.6897178,-74.40224485819975,-1.2448059857630305,19.373376962676957,-7.906551163860173,-7.395528598707193,341.74188848478167,208.24982804447728,19.77226304087878,128.54904828933545,24.018747311215602,12.333164437529451,-113.2833845157368,147.02408401500654,-36.17148459917456,-23.523988689183145,91.26221274463877,-8.975292331938649,57.66737652379037,-97.47751406005132,-7.5699977817531785,-111.24451079075511,-68.71421428598231,33.87973319137058,-20.756868016015808,13.280936557038533,13.748843878077787,379.51788708426693,194.70225275607172
1771947785.693615,-75.38554670184357,-17.61899726655148,24.631440278947203,-31.17139797113973,50.82954376276188,328.87284999134175,-243.72391254703288,23.078619920507325,123.32557595426096,41.11451921503341,-49.356186709335326,16.1272243586568,497.05921609963235,276.13431057542033,-40.098759837960216,93.44722432392898,13.836063172877594,-8.301849224752576,25.582926464501895,411.6863750028079,395.0920559823702,-73.64434140284189,6.909001761608072,-43.20405518835789,63.163511315564975,-45.801906547752345,348.4300942777591,-280.882097831975
1771947785.6975124,-76.26569545469148,-34.09774967191558,28.461898630101786,-42.811010788297196,65.5288844606629,-60.37176979588622,177.2705961797417,26.477986520203377,114.63196650645656,54.773195382212194,-80.99090637053227,121.60306085735729,202.4890414658275,-333.88650720852576,-57.71460210708173,93.04805460279397,35.15340130040487,-63.59416391266244,112.95065180870397,326.980797992173,-456.2119073555272,-78.28706829945212,-20.306752224630255,-63.14183038820217,81.39209907223656,-85.39694394054824,-82.60399180008828,183.80888152897373
1771947785.7014096,-77.04173027998633,-50.36560501109909,30.66907550644067,-36.158706515176874,28.953122592333983,-342.496943719769,-20.6300403253706,29.90436425605857,102.49902807483828,64.32924846626898,-82.8831116470533,139.74763347609291,-373.0934341506415,249.12980808412883,-76.37762129095907,89.90984288349136,53.380426481249806,-106.17756639457485,114.8647918200196,-191.95298392288782,199.5389930337869,-82.6075614171012,-47.16285882145095,-79.11629439912178,72.9169003111867,-77.6114038663314,-327.08638045952307,34.98593875652814
1771947785.705307,-77.71340555358732,-66.099078981314,31.17524967748288,-11.651619350092432,-26.23116988706728,-218.62874140011377,-131.41686924636704,33.287847447699974,87.04674804404354,69.46526169123432,-64.51877092520485,70.65595543738299,-479.66971016081993,-97.0661408131604,-96.08682859929743,83.94742563671629,67.14508337471501,-135.10080675552146,46.88679357918282,-494.5803207930626,145.10137300521467,-86.57375824022527,-73.07296126335,-89.95371502617583,50.97347612902196,-18.994375876700968,-162.9923675058528,-192.07282567448874
1771947785.709298,-78.28118213059129,-80.97342238286022,30.025543489605734,22.747628318652197,-55.99992308777927,136.88428441791729,200.7428557286401,36.55512079631196,68.48416870876902,70.21990629576432,-38.00183973436615,-31.004237499687417,22.21218963650098,-115.20002822186811,-116.83373119522648,75.1525233692766,75.41135315106287,-146.6930732306606,-33.59848753463014,-178.08103780710792,-301.513648966247,-90.15665499457191,-97.48357078527688,-94.84678670718571,30.82743123970232,60.50533302894795,140.81737162250386,195.08447157263186
1771947785.713195,-78.74620771138454,-94.66983526657775,27.38241865638725,54.26706871173267,-40.387925200927384,321.013347050359,-186.6630934748336,39.630004597903856,47.106813691941326,66.96494409441436,-12.67717976377553,-98.77409487981167,486.697884369521,275.365629750201,-138.60196448587382,63.59889336327314,77.567825882748,-134.70883600558312,-75.03982525178802,369.89906475605596,284.0088047072974,-93.33056363301189,-119.88728158100895,-93.4127846825174,23.858058903202828,110.07439183418043,253.09432789095854,-93.16764453927219
1771947785.7170925,-79.11028601751664,-106.88296036234046,23.509982244673285,70.28897980610843,3.4678928286457524,140.3879076027485,94.42850705142351,42.43404495677331,23.291676197650357,60.353850579730896,7.060098967228984,-97.83599375940302,336.5040165105,-268.22613702736254,-161.36697015156082,49.44515568761819,73.48530303152623,-94.34820012717493,-64.20410028179325,451.59233764720324,-260.6669525459645,-96.07333503929247,-139.83430019892944,-85.71976787114924,33.6309038652643,90.35640811381549,91.1765749493197,-4.194405326878816
1771947785.7209897,-79.37583467671743,-117.32846084404076,18.74925363573491,63.46882161647052,38.85069102812838,-197.5747658724285,55.41683341714188,44.887145819459725,-2.5101450574862576,51.247174507626376,20.682617382604167,-41.03375594437306,-212.37109473721702,161.03528440409454,-185.09572366276913,32.93506564551463,63.53776845640774,-27.696153176198003,-23.634685702717334,-33.217679315648645,127.31603447483064,-98.36654577273228,-156.94200866760892,-72.27944609665647,54.647919226042745,5.198859762110812,-174.0829011616043,40.2691789023544
1771947785.7248871,-79.54583187688192,-125.7504707476489,13.486442350782125,34.78259047162199,40.4134885625115,-309.74618976982134,-145.3385056464162,46.908239242431364,-29.783001896565388,40.62182750405208,28.79316283608484,27.825912835383438,-471.0305669756719,-24.311454294234444,-209.7465147598658,14.395082909853267,48.58369230183644,52.90574234698828,14.84906060941739,-453.5973052982614,290.83670024700723,-100.1956460729858,-170.90235190841506,-54.007801866013345,73.97099822224355,-93.10359648442034,-259.21696949181853,-53.850973861164526
1771947785.7287843,-79.623751986789,-131.9286953523773,8.117044439562315,-6.728582309907465,12.373583440583777,-58.34093819185213,95.9960762985391,48.415989941972825,-57.958212693240185,29.472943996534894,31.041193596010107,66.71749304773597,-155.75180410031177,-159.6261406493523,-235.26878403052135,-5.770825582898487,29.90763571758817,126.32145425478369,33.99601357149159,-283.5022083427492,-609.7311359036668,-101.55006725375505,-181.4869152503297,-32.15687045691478,75.65529293495588,-135.17776548417305,-24.108592259473912,90.52612025588441
1771947785.7326818,-79.61349049462505,-135.68493533937868,3.0090908324687016,-47.2971125254256,-19.101067881881104,273.80428140392263,-19.973487157876193,49.32952981005647,-86.42724103617313,18.71762410244414,26.20950732862162,60.48702601892721,311.4708255037244,296.20033242980264,-261.6030183347415,-27.089118568846086,9.125291220219335,169.38495500316324,35.09062131373927,216.90429285740555,281.2507961555279,-102.42328707182432,-188.54963535492334,-8.223085885412072,47.262141044056634,-84.47229789353763,293.09582811792865,-93.31224474166537
1771947785.736579,-79.51927880819312,-136.8888137632304,-1.530896422463286,-73.48925113936974,-29.933509477534628,285.84570984276087,40.038578289101885,49.56921768588338,-114.55618400264991,9.109694448961827,14.138500568451649,24.042259209972087,376.4313582263805,-229.88003770370761,-288.68070743870635,-49.02722298244139,-11.941823398739976,166.4468494334454,26.176908107805,389.94459286819944,363.4871491035476,-102.81285217390291,-192.02716528613647,16.160829567788163,-13.480358766987155,30.88083819065842,261.07603270065175,6.756952262441438
1771947785.740476,-79.34558967575816,-135.4624987172412,-5.285802453652056,-77.10699712509305,-16.875270128443486,-60.174506785288635,-92.63255437635873,49.057419273746376,-141.701172369297,1.173601884644503,-2.414851535011234,-13.940427392420933,8.829485894114873,10.699539714099794,-316.42436383105155,-71.00646491053043,-31.413053003543475,117.08663269415736,11.137163399602288,67.02289213295201,-480.1743927987356,-102.7203572681764,-191.9369886244031,39.34241502505132,-94.77408088899473,132.0245536507602,-161.68135015085718,46.791591400480954
1771947785.7443736,-79.097034189011,-131.3842361996233,-8.146696712309593,-58.10910414539699,3.796627156819508,-353.47596058696024,54.85000918505622,47.719301743500715,-167.22425219968912,-4.836220817265867,-17.911014714714632,-32.3602547445343,-330.259250142009,150.0056780195807,-344.7476072680915,-92.41707623475669,-47.5055370708696,37.68888308829644,-9.531808152557845,-274.0901548200166,54.12745938662212,-102.15138119839058,-188.37344514979793,59.76599402614343,-172.19742607130323,143.9667383104076,-434.4219913140167,18.811998780484792
1771947785.7482708,-78.77825151229798,-124.69053657119863,-10.120292011888797,-24.339902110918423,13.729749136990549,-210.77260349351337,78.50137929085898,45.48363725371997,-190.50929719975636,-8.946561192103287,-26.503462079481285,-29.01413998356614,-266.96325591004137,-149.54246926909863,-373.5553151049736,-112.63487886418388,-58.68886003111555,-44.49544901216685,-30.63013605570687,-217.43493934878947,195.09541215799845,-101.11538060428228,-181.50188945020616,76.08086212333099,-216.1460724748235,52.540261783946576,-113.55615374578463,8.692839536413711
1771947785.7521682,-78.39379267045516,-115.47689406780306,-11.323929414754938,11.946669655531629,8.80321175065949,220.66035455659312,-196.13520463222014,42.28360936195404,-210.97749589651986,-11.446042364004427,-25.29708371451823,-16.17574103242701,86.9013041645479,77.58855446872361,-402.7438389641268,-131.0391737162533,-63.82446585857763,-102.2666874858751,-39.56446171234611,75.15670618773409,-61.43201150531893,-99.62554235801507,-171.55125282770996,87.23356202555753,-203.1194735732217,-80.47474485672178,433.94449745262085,-204.375399817725
1771947785.756149,-77.94799993796448,-103.89696149630963,-11.968150020954923,39.29349731686208,-0.0825520802257889,394.17902865128906,184.02158400721834,38.05761599013907,-228.10196851112502,-12.83694937319614,-16.114798354490162,-6.65864083257508,314.3242714460467,-49.53490894336124,-432.2012878401634,-147.03130211816253,-62.27752144841595,-119.27905993408478,-25.323862667192806,193.48426710735777,-33.14124631362215,-97.69859649555384,-158.80531742612933,92.53790925040435,-126.50045787378941,-159.28048351846755,429.12241800477625,157.73898473663
1771947785.7600462,-77.44488358022824,-90.16014963801604,-12.32819222661125,51.521517706809725,-0.6674723028331758,51.01023436108662,-61.66911956497016,32.750062299949434,-241.42109513269318,-13.762935902670975,-4.473299808704453,-2.7866808314693547,172.82956597878345,41.94218602292977,-461.80787735926003,-160.0533059902285,-53.99063173618783,-95.81850164636948,8.470488581712386,55.393472483253944,-58.30119090408298,-95.35459189971802,-143.5930384240806,91.71808950112839,-2.025884685354145,-124.51975459978641,-202.00073801762946,243.61247070696936
1771947785.7639437,-76.88799785645946,-74.52767039042693,-12.706959486181905,49.33381710357783,7.0290287550087625,-389.95677419676383,-54.80741048037469,26.31213654994582,-250.55017759169158,-14.919774012790217,3.6829152244487977,2.8948242714945533,-159.59574621811913,18.432049034890248,-491.4363445684473,-169.6060911191966,-39.511516778618265,-47.24658365753722,40.73026466373083,-85.51158457963187,83.23749314912945,-92.61663749366097,-126.27826400840694,84.92211583999755,135.20322270924862,0.6203805605141626,-613.8918054960214,-332.62752125170897
1771947785.7678409,-76.28031828113313,-57.30709216547352,-13.39301312594717,38.47536310795398,10.839562551578386,-329.7606219873067,134.81250859758117,18.702561798721064,-255.19110994106856,-16.95817826560914,5.550880568466915,16.73759197419354,-297.0543458204362,-81.90439583317138,-520.9524272933744,-175.2664954019792,-19.970273149346383,3.7089081460881803,46.60840168865994,-67.53401996406619,19.590505046944582,-89.51061214255574,-107.24920312271603,72.70507754036888,242.04984301753507,125.46434361767228,-190.49771119440962,-176.81555096679108
1771947785.771738,-75.62412218281564,-38.845524486617904,-14.617853232561469,25.774057872584155,0.2736584231866754,191.13672769145322,-196.1567637907079,9.888316187761806,-255.13979492938236,-20.38878696277928,3.2586286384661642,33.56989493007771,-76.06155295163248,72.6371992883002,-550.2154067593585,-176.7026813000141,2.9941025217563886,36.989899663558965,18.29082083341024,7.890174745746124,-66.96123012458001,-86.06484685094195,-86.90797859046364,55.98378264248555,283.1169506329829,158.70908267888097,528.0622204313527,478.4068646658676
1771947785.7756355,-74.92087463653633,-19.521595402489353,-16.517080417743866,15.373744061156327,-19.89438753103313,478.34646363190785,175.4050892195037,-0.15468554787051167,-250.29111498704492,-25.49949935283296,2.760065685054475,37.547900785162476,246.1076984995398,-44.43584248992275,-579.0787118176199,-173.68730864521558,27.35397214541554,43.052707398018235,-25.323536900534098,16.07733435876873,22.506080284016416,-82.3097831960953,-65.66057950444316,35.96643864389644,244.4816539414369,76.92518585586555,546.2922867364196,-17.19716668224285
1771947785.779533,-74.17112188253195,0.2635712969076147,-19.09993003534967,7.067163509142094,-30.85821944868181,110.32620517066317,-60.78595166066992,-11.440956751873102,-240.64134408572602,-32.294510321283525,10.177078192982476,15.565884661997703,266.20794217506557,53.95933786702742,-607.3905827562986,-166.10799954986467,50.85199706936048,25.37057933353086,-50.769271405303755,-5.647388285147425,-2.7804472998394867,-78.27761221076378,-43.90749225960636,14.0627908671821,139.16406181331266,-58.0097661621123,-183.45303295009467,-533.5636765806429
1771947785.78343,-73.37439434205895,20.096134504307113,-22.231116735894364,-2.6503563359313915,-16.67990218511022,-427.3080046853398,-58.35014309427957,-23.974857120259628,-226.28796814078964,-40.46259555918771,27.280651980337076,-27.370064979729108,-71.17657629174235,-41.406508781845474,-634.994792304663,-153.97468007177397,71.18701319391333,-2.941566681654719,-36.34602150326525,17.360872687183726,20.319037355343152,-74.00189805899028,-22.035244774574483,-8.218476660038373,1.7293091495845831,-146.23999183777312,-664.3487658629555,412.6300375875866
1771947785.7873273,-72.52912127182911,39.55979564045029,-25.627943365923326,-17.51485261566329,18.047582056818893,-373.70313852194386,178.90011706883553,-37.750071909171496,-207.42696265562543,-49.37960738485341,48.566045777179276,-65.37297491190871,-345.25243602546135,-36.71349019747602,-661.7314210600391,-137.42347149025807,86.21227638773637,-26.30698384000092,8.539839714169839,44.33580008131933,-3.9285766993883726,-69.51719085570228,-0.4090460933456052,-29.377390158452354,-125.32292819396203,-125.38997479267378,-240.19120404019387,135.63465432634737
1771947785.7912247,-71.63255898396864,58.24624466833076,-28.87428706402404,-38.00264046871398,47.42989050270182,212.5544512997783,-290.30671149727016,-52.749159223003666,-184.3476540493999,-58.14695582424497,62.07339375794636,-67.44806271828585,-156.60035169071847,115.32177897410746,-687.4376841820284,-116.71690506159456,94.12981112695482,-34.11409557718715,48.38905757556274,2.60205390168997,-32.96628665167075,-64.85863297242369,20.63335123656026,-48.02740894631898,-206.96230971467742,-15.896640460377549,490.67167838764806,-448.7539599007431
1771947785.795122,-70.68073444241914,75.76548455798414,-31.451491049489597,-59.30047469838676,44.02468750143051,492.8430880975131,236.0581001713778,-68.94317226936265,-157.4253635740383,-65.6643523210491,54.48676676334477,-22.225340819414008,294.6663542911051,-110.26001082893951,-711.9488058095163,-92.24034499926381,93.6642016265466,-25.01241225968709,49.08733221556754,-64.09813464427043,29.501354095683045,-60.06156322794197,40.78649149851918,-62.98959251734499,-226.30076379244517,97.71031748999924,523.6299107179084,353.48401808092717
1771947785.799019,-69.66840593646154,91.75572314459959,-32.78449927201919,-72.19174257965206,3.6886729368712197,56.35094385213713,-24.371459735172316,-86.29136315974247,-127.11209798704371,-70.73160427945729,18.617701771306653,47.78553746484914,379.07439923514835,33.876222822139894,-735.0989372651742,-64.49462184924181,84.2001728546261,-6.344515438959564,6.6781435021052,-50.92059058039621,0.49916916431801134,-55.161123458134384,59.780733759772005,-73.3695306657123,-187.160445872827,133.00547165796627,-150.81351551439536,-135.35382296354376
1771947785.8030794,-68.58904238698403,105.8925285101811,-32.29991852735876,-67.00579972337765,-46.65060779175553,-452.52081869325957,-144.81715975362877,-104.74097446211977,-93.92560655116223,-72.17109186947694,-40.509604193867354,96.60555201544648,-104.12519189951188,4.369478406861215,-756.722114722304,-34.08499881117116,65.87069361576025,10.695064973733329,-46.609483454329684,36.49253490518889,-6.396305994890289,-50.1918720119467,77.38446843258758,-78.61181119477202,-109.22658736512209,70.69273703118783,-567.5514642954549,-34.620158584280226
1771947785.8069768,-67.43482262903034,117.8969625857464,-29.49123167072835,-38.975151418490086,-67.54947042586203,-276.54051936481574,325.1540976925095,-124.2271242349893,-58.43716665871679,-68.96003748509165,-104.71779354500477,85.89340136956659,-524.8378754112308,-1.2087836740620692,-776.6532516230149,-1.7067131235756563,39.585949852592016,17.60720813880693,-66.03218911122724,78.04816594051483,-2.2667588907513423,-45.18740868464787,93.40509582777425,-78.52862970126478,-19.161627392332832,-35.70942406466497,-169.36824927288959,310.35596040337305
1771947785.810874,-66.19665575829134,127.54243677244501,-23.98527068973886,7.865273893552954,-38.67929000111658,310.5573365196901,-557.465437454798,-144.67278968208254,-21.258488753949095,-60.36005600512597,-148.36147725073792,15.165011192498497,-217.4437661061223,118.65250411640267,-794.729160758203,31.872550449865685,6.998125018891918,13.496316052470286,-30.546981179967506,16.95149026801407,-11.009797615896609,-40.18001549495281,107.68886716934632,-73.30119765370264,58.4317597318945,-105.49273065676978,430.3391644409028,-640.1576885934398
1771947785.8147714,-64.86422337990724,134.66007115852813,-15.603426279223696,60.680956477075675,22.39364991744726,410.0334976861385,362.44691785834334,-165.98889389897278,16.971854836235032,-46.03095021469191,-148.77274670987902,-72.8166643017214,489.85733629525316,-272.8125966107039,-810.7896005522633,65.83279051298297,-29.59786772583144,5.75612258592385,37.24301493812373,-57.273797817924056,26.409827495176696,-35.20031757999864,120.11971851033037,-63.454713081128574,107.36030301066243,-92.8422782372806,368.25625315113217,469.7419569473974
1771947785.8186686,-63.426044364554144,139.14238414980437,-4.4110143911252715,102.18092818499382,71.21357666766289,-127.59669304134653,438.71573374231605,-188.07449947626876,55.602072545987184,-26.116397891043416,-96.99879793516688,-118.70350982618277,582.9016932846379,87.6256067402443,-824.6783397427688,99.32386636458618,-67.42215134233112,5.951797935408869,85.11119703255055,-47.816959266522936,-5.515655662585972,-30.276968319954047,130.6172503678665,-49.80964850888311,122.27447014286965,-16.87669109749288,-224.98190168573203,345.3838503246448
1771947785.822566,-61.869562452532584,140.94519183648242,9.251223212650483,117.40870817055118,70.06920058068496,-467.45122098006925,-951.6373104304054,-210.8171119732056,93.98047705648983,-1.2910582596818176,-3.814832800066059,-88.15862931940931,-194.32498361704833,328.9660946335334,-836.2442343116028,131.4890847945332,-103.41545133799215,22.71057739164172,70.67259621648424,10.23336828798987,-21.37907525633881,-25.436362566783725,139.13402155188868,-33.41381576390152,107.47399774736266,60.00545052775009,-454.76080056118485,-910.6876174713233
1771947785.8264637,-60.18125670998361,140.0876555457021,24.7583529145628,99.87160029404272,17.877644799096757,-77.22651293703274,470.99610001859367,-234.09309543732218,131.46812738956024,27.238417534659245,102.28597860208761,1.8391416809650252,-807.9152893851029,-337.80904647390435,-845.342310213464,161.4894987144565,-134.4773272956359,55.14255144157228,-3.333603273769439,26.406851213438287,5.707018721965726,-20.70238151094671,145.65233531832158,-15.460951299248475,73.42506687145867,83.48120401719503,6.958429864328938,527.5774671901119
1771947785.830361,-58.34677445425595,136.650479327882,41.21839209025676,54.30688949800407,-47.9410925182351,446.8163340531478,321.11482441941484,-257.76820119932523,167.45046955719107,57.78217720932921,185.1113985572958,92.65202323831403,-310.9111911259784,-92.01452658062185,-851.8348451646366,188.52818013374832,-157.71861178722367,90.47129152424444,-86.3985352588895,7.507567689785484,12.720800277895707,-16.096172305850473,150.18069917596833,2.797656386450965,32.6370664955814,45.88001996631019,457.965878462727,201.95433822049114
1771947785.834258,-56.35108588295,130.77232312297207,57.516406743020546,-5.067243949272373,-79.6319121756723,295.8597625710503,-531.067178093799,-281.69821015087365,201.3477092364919,88.26510151269855,215.06096996416437,124.03589268670888,704.0664530585761,287.55224380178004,-855.5924425038521,211.87371281921872,-170.70771750955632,107.90705390093481,-114.95227203784717,21.694330444894973,20.168347315445825,-11.635965130413762,152.75013573742197,20.141739280561364,-3.8884633551572123,-15.624656518908777,223.44996675038794,-449.5741871933476
1771947785.8381553,-54.17865927425161,122.64455948806824,72.38420690424289,-60.04101913381461,-55.184447404522075,-312.3666893145927,337.5981627844282,-305.7296876576536,232.62371172961664,116.36867001721693,181.40591053615591,75.91701458933755,804.6000565720126,-103.94449089982999,-856.4950899223795,230.88215669362503,-171.69024439026404,87.90071805934039,-60.28539345359162,41.953687562660015,-37.611233701902016,-7.336929902167815,153.41051162919194,35.464365458631086,-29.07761522919598,-53.99103433460517,-353.87411101929905,342.7858988011606
1771947785.8420527,-51.81365524670646,112.50456038965795,84.49180900565645,-95.24783597306381,5.9823011871781855,-470.72906930486437,-209.6728704041304,-329.70084914499154,260.7932926402631,139.70720859108866,96.57047451451871,-18.476265099681278,-236.20264859228442,-25.412733140003535,-854.4331956865265,245.01676711313144,-159.76281724271163,23.00697974118704,46.24239850312046,-24.09975244883011,-25.29790499323825,-3.2110743249098035,152.22703621721325,47.842334920466854,-40.817433414864965,-48.44928638735873,-431.81852933306754,-268.24578888108437
1771947785.84595,-49.24013818528402,100.62775321268785,92.55450916933675,-103.36254617821248,59.27950217204448,52.32925133710539,50.87364729098328,-353.442533150999,285.4278360001655,156.0252570282315,-9.865449138319557,-97.04487048382747,-1004.2098872042831,62.56881044654508,-849.308594846755,253.8648073277307,-134.98523944114868,-74.90606347134741,131.4674083132052,-126.22902568523527,56.00782487879098,0.7328156155368222,149.27706227031976,56.590188355737816,-41.39876756049441,-13.813504348612382,107.74448230538911,116.71986723546165
1771947785.8499124,-46.44230261212949,87.31872854369108,95.44745107833742,-86.59080917601439,69.11021830714392,496.6246007594884,232.66470284617444,-376.7792772818124,306.15925169434854,163.40006975145184,-104.3144473392847,-111.85741217993943,-400.240650987161,-158.15021185178506,-841.0355178476582,257.1508705953139,-98.41964111826252,-175.46334992270957,131.23903553363047,-74.12020319647564,26.387359478051973,4.489192143625349,144.64729628108847,61.294831510291615,-35.50912498425182,19.097232744635516,509.3988927391612,180.533970744524
1771947785.8538098,-43.40471202641327,72.90171429222153,92.31818350686395,-54.34270118278791,33.605342650754295,249.33663760418844,-374.36400068897126,-399.53049114907867,322.6823548633552,160.43179323357808,-162.61855157380126,-59.29438898743016,763.2036945505603,109.24976839033994,-829.5415139259209,254.74622772988576,-52.09098202551305,-239.72539762495012,37.990500954298405,145.92439639410742,-40.64066211867946,8.05571911658187,138.43149767269176,61.82938641617135,-27.633306796965382,30.405856184035223,223.21776427633057,-356.54743600588944
1771947785.857707,-40.112547517148286,57.71075105834533,82.68706677620322,-18.743446911745746,-18.055945041620475,-311.4984192650896,267.6763075929949,-421.51171914273164,334.75581070733546,146.4038280869979,-177.3266913555282,22.43436154471451,878.2417003070608,90.61801919659833,-814.7683217125822,246.67383370409598,1.1304149554677365,-236.03980901338005,-89.96888597184447,236.45451314024683,-103.14238581278033,11.433202824416654,130.72871588756436,58.34650014732651,-20.160437234722234,22.142541237695255,-357.06626460927265,308.22726490773357
1771947785.8616045,-36.55186322076251,42.07991258692264,66.5256293212154,9.859862526722189,-50.65844482553221,-429.3065664912827,-82.48781104056323,-442.5359847870726,342.20183647328173,121.39736877899637,-156.38939258880023,82.77299852918019,-192.53684548902442,-117.5156132557213,-796.6726795445605,233.10875998336869,57.717195844215446,-155.13811836370945,-165.93784355069843,-15.735267169684994,92.29543624365003,14.625481162617099,121.64208475222051,51.25285144551061,-13.071239692943022,8.218501552613619,-468.17763843860774,-165.86839570543793
1771947785.865502,-32.709845464045166,26.333911985061757,44.3041368877169,25.925169236866278,-48.301727212962284,-10.640848994302242,-93.38829996168904,-462.4152073483131,344.9048888513044,86.34709693794142,-115.52837278541489,91.40264398222733,-952.9782452611685,36.51728858420618,-775.2270681410602,214.3739636139292,113.7310753456294,-17.18872741220766,-134.17227696390253,-331.1100551221976,210.2049536157635,17.639272743640916,111.27816535684431,41.167880497895645,-5.048216016108715,-2.125445840597051,12.129043152929832,-30.576587532899364
1771947785.869399,-28.575072257753185,10.779417872320142,17.00166923809994,29.77326991250571,-20.80762898176711,364.89955431534423,241.18704402362124,-480.9616802639981,342.80958936280337,43.02932108694515,-69.10553323557026,51.88664447065109,-404.07530610326313,-87.07138779416601,-750.4203785146884,190.93145528599214,165.1085681132273,133.52889069932834,-9.982142126747416,-235.88655690062953,-299.0123351979085,20.483988045431925,99.74680168676569,28.87072984525364,4.919345517348275,-10.061358888536008,459.5890940036254,247.13423926578176
1771947785.8732965,-24.13776971674456,-4.302625374377612,-13.925225213129515,26.706742076693885,9.952452230218773,277.5133870898944,-271.61917721501777,-497.9895999254091,335.91815021387714,-6.020805315546102,-24.065131913840613,-8.097100696646374,620.9943029139655,69.1948628384027,-722.2584982638888,163.36908186279925,207.96458296123265,245.11139751464827,127.84762384920185,228.61603586063978,-138.94797576811746,23.171505157302096,87.16142774350745,15.239964539089545,16.35261211893888,-18.944932149525044,331.3511582511517,-331.63903774811104
1771947785.877194,-19.39006195226873,-18.663420923988845,-46.61590288506372,24.430742132602845,28.473673305691882,-92.05888927196207,159.22108215258368,-513.3166324621056,324.28755628192397,-57.66041797993554,20.582448599470613,-57.359111901452565,731.4947992147333,134.79557575153197,-690.7648097225604,132.38328935281754,238.89022416180225,278.8575530027622,188.11391151276317,450.7999474891726,488.1058110465161,25.715913105137595,73.63974258498764,1.1908227040340287,26.94662944331897,-24.413819774952966,-186.91399144678095,226.00638023685858
1771947785.881091,-14.326210966761069,-32.091285004188066,-78.91801752626164,29.411873747681035,32.693489549448884,-316.1684145052982,1.2789025555959115,-526.7655054530005,308.0267362650003,-108.34980607578815,69.05652413138704,-76.52383285387016,-103.83904080777475,-204.0036658106268,-655.9805937923735,98.75837549635969,255.22119665877258,224.96870676669985,127.81841311761598,71.18465106880538,-159.51911346376815,28.13322616073023,59.30465243390355,-12.38544458693223,33.12761725302822,-16.155033583342615,-457.122089306632,-44.046958225002975
1771947785.8849883,-8.942843077565136,-44.415011519986265,-108.53232379006289,43.4533027078675,27.265139692987802,-201.7556381541253,-128.32031130035045,-538.1656108417211,287.2939209960055,-154.4087275010279,121.82508404637309,-61.46932110665997,-681.9239350480024,74.49497316030329,-617.9653336046565,63.34287283201455,255.25523362562006,105.79939540173477,-18.07861873966296,-448.8639071998136,-378.46588015408787,30.441072955874727,44.28536720306164,-24.676109623056327,31.421819789712007,9.098558218194327,-171.21254949837865,-113.43914754832221
1771947785.8888855,-3.239158445621914,-55.50555690606293,-133.18003585273593,62.08029330303066,14.16954347210405,112.08677649800244,189.9377020436692,-547.3546047340957,262.29434241794326,-192.2991490951921,170.7388617356778,-19.579841933909346,-315.3398523455873,-2.116505266159428,-576.7969124393773,27.02381828810018,238.4008034781456,-34.551929591571785,-157.68043189423634,-403.55637643352685,377.7693810169154,32.65836457629882,28.718531616212616,-34.99214306357474,20.313910669186434,37.66309028886186,301.46326615090913,229.47559961403155
1771947785.8927832,2.7828795739004866,-65.27603497767295,-150.78030894655174,75.7676637954591,-7.691071186609462,317.3385582805655,-162.57440782108523,-554.1799892721854,233.27837372093865,-218.91203321479077,199.8386304713695,33.71560495521232,366.65477076128775,-81.1914917324351,-532.5717006408512,-9.30024270068054,205.24468206220735,-148.80229999785016,-200.58867240996895,179.81032168041935,53.48891923586146,34.80494606492475,12.749267917449126,-42.80177924693239,1.7737172357341893,45.48874945974851,382.6580528289112,-267.14491072884726
1771947785.8967335,9.118378318495301,-73.68008167494123,-159.6237771384112,73.74774731111282,-34.23542258239748,180.50339368165257,71.83370934803187,-558.50066149601,200.5401507159111,-231.8342244237572,192.1951065237012,76.69766971923762,466.14526153082954,281.5622146276283,-485.4045267217273,-44.74660772949309,157.53233125874561,-204.21475014284832,-116.30503073797178,544.3614692151444,-290.2252915093491,36.90123593567554,-3.4679914957421536,-47.7513037431072,-18.659351879141127,18.788654615926358,-2.543484448094481,154.31026433853376
1771947785.900631,15.759375739742358,-80.70871736345782,-158.5275797909903,48.89636987003758,-50.8947976954482,-192.934858576074,-9.09754802567967,-560.1884140181784,164.4166501001986,-229.57194541397024,139.30323197592674,86.31447698306873,-5.525796433709473,-255.13304466752078,-435.42852847925246,-78.47518739558487,98.06187003231307,-191.99034659490394,44.77347952933456,213.15210889186403,113.23296238834604,38.96785843387219,-19.768996241806967,-49.672959767735094,-33.80939119755035,-29.366595996608087,-345.56361329837205,40.4338224470694
1771947785.9045284,22.69472888526517,-86.38589626978438,-146.95804372651753,1.7135716425022283,-40.22018912888265,-365.90284681407064,-1.3414510765741623,-559.1293723784411,125.28713706467093,-211.70994821312516,47.65048050799063,49.78886509297004,-357.52982890819356,-137.6087539012483,-382.7948807147158,-109.71376448540907,30.499197979585954,-125.80723802617317,181.63812612179282,-380.2748991870097,150.59908925684272,41.025273392623305,-35.97959696104508,-48.580826320206704,-38.10721181279639,-64.02319564717486,-223.607698243504,-98.20894850709027
1771947785.9084256,29.91003317405881,-90.76298643395918,-125.10916104438746,-58.221252873312764,1.2736228293840384,-68.75148051934266,66.86855121541693,-555.225354080434,83.57283705322422,-178.98986635773713,-61.51586046360703,-22.321470653713256,-220.42477055887116,387.15863484254453,-327.6723969906948,-137.78085584710377,-40.8720118604923,-32.35701287958906,206.01427006790988,-481.5981212406418,-119.82766654407524,43.093408591556404,-51.916175986363974,-44.65630153656268,-30.344412571950134,-54.483765784740264,152.16973539755736,38.82600352085749
1771947785.912323,37.38757434627379,-93.91246782346464,-93.92810821838523,-114.12439963572305,52.79663767881219,350.98599501371905,-214.7843143899388,-548.3951345889386,39.73663661929294,-133.29748761304884,-159.43028688022713,-93.67505961335385,121.99970601840653,-185.734775884632,-270.2470037674554,-162.10536676986968,-111.44669228672421,60.281643253092014,99.38789994335814,6.852004540448822,-162.97030403284398,45.19129947963396,-67.38665442296883,-38.22538594062602,-14.230223791680244,-1.3152212244536097,262.44931825172034,-183.2730478583829
1771947785.9162204,45.10631454501308,-95.92116934180468,-55.08307216849839,-147.0632983008115,78.74637628880679,305.1889428413655,280.2362382179217,-538.5756060517489,-5.717422405925354,-77.55606179668315,-220.55246812229254,-118.63551051257501,250.21681234446854,-69.83037512801074,-210.72108624689875,-182.24233607044548,-176.61885370644708,130.96908980745192,-72.90954384987883,451.30600572343377,267.2511609060071,47.3367409720593,-82.19211820554015,-29.730275028864625,3.6086019208073665,59.53130467597863,17.123261103165007,470.7177988637381
1771947785.9201176,53.04191352318647,-96.88338512850918,-10.873263776822728,-142.95691254199366,54.52055515572312,-180.9965268241639,-173.5217246020782,-525.7228152217277,-52.24512059071718,-15.530774153084492,-231.71519428611734,-71.92342000710707,89.69478200743633,76.31921158107947,-149.31270632446285,-197.88420728228982,-232.10214342922905,168.00830431313744,-201.32532307038474,329.4740859560978,15.401027040055126,49.54595581301627,-96.12908119144339,-19.697828625494083,16.924838047865375,81.75719417932679,-171.54983708516613,-310.91643065876167
1771947785.924015,61.16678551023223,-96.89421467796093,35.91418151882767,-99.13562369138569,-11.063571897250045,-417.17521147135545,-38.7491374274892,-509.81286795773906,-99.26379065640123,48.44254845225812,-195.6973210657406,28.169152040656833,-133.11820197693723,-104.26493169617463,-86.25469417193369,-208.86722205111738,-274.2266751940962,166.9924109896146,-202.04887440800488,-156.3430143736937,-349.4510886683201,51.83328375744543,-108.99237622539569,-8.707299406943951,22.494663688391743,44.7597094580233,-57.958821102904764,-373.0585558322641
1771947785.9279122,69.45019183898913,-96.04345914242359,82.19111185729031,-27.429918886542247,-76.8891536148935,-38.95206669465802,366.87105871167785,-490.84268874026935,-146.15507789161754,109.78430476368284,-128.1895543544526,123.23046307883652,-185.07362799779528,286.81716620525987,-21.79361610202563,-215.1727095183911,-300.1903697815158,127.64180724094497,-72.74495250730483,-410.3684248978783,346.903439760041,54.21089557346022,-120.57863615734966,2.64068139080602,20.798267117786292,-28.06221638499847,93.45165535802353,762.0519132572745
1771947785.9318097,77.85836900072896,-94.41037858948698,124.78579004483296,48.53047614357713,-96.70191925776473,400.4527937446745,-671.2900500231243,-468.8306248264962,-192.26899015406227,164.0277405073813,-50.26513487588774,148.63626649407095,-29.94002218974437,-235.0313979090451,43.81137750204793,-216.9232338521204,-308.24678810081156,53.17514872360591,103.69843954370346,-182.06369469746272,-37.66584317371232,56.68853557395229,-130.69029776975364,13.752378732211318,14.775650538880955,-84.6186748611718,11.292861027390549,-385.29999261941305
1771947785.935707,86.3546913490269,-92.05957341339497,160.67457056537162,101.79538783629171,-53.17949335404474,233.45251658486345,419.6607840805543,-443.8168859730882,-236.9294584440319,207.17596289428923,19.729385825427112,78.40472400339901,151.9320332387826,-184.60801995936868,110.289819233046,-214.37375526872026,-297.8165436195869,-46.9410621519973,212.29832150878775,210.866274184547,-298.9864780594805,59.27329603442215,-139.14003404739003,24.065577032956256,7.778548157602002,-82.51634619622324,-112.33838128932396,-174.24840663235264
1771947785.9396043,94.89986723617314,-89.03819866816788,187.20984198633462,113.33761668242734,27.42403109882571,-289.81851462713536,455.65121003912435,-415.86381205138963,-279.44157340265525,236.02894434190148,71.24337001241895,-50.747925406802274,145.38243992308054,445.47944934214195,177.36130049199835,-207.89815100691862,-269.5154207137356,-153.5909291944955,182.2277306436209,326.05445718340366,430.57153206489704,61.969426458115784,-145.75549506237618,33.070192455831595,2.064415057890325,-21.33064589363408,7.2727345672506685,343.99248956559495
1771947785.9435432,103.4521669888823,-85.37465398304444,202.32603288521744,81.08890650255073,92.3293267466193,-369.5030818145636,-962.6600548422009,-385.05596234189153,-319.1005912407789,248.4517665270739,102.00422230041023,-157.2701475224801,-41.4635040627772,-232.24303895962987,244.73694867639765,-197.97162340767292,-225.0987871690373,-238.47400608016736,34.744214700709726,86.48714374846645,-252.97324224175443,64.77818022127556,-150.38421580721374,40.32498428195607,-1.459781936720828,56.18676947728576,191.10947533128515,-312.2082426353651
1771947785.9474406,111.96768083544795,-81.07881637714,204.70680118814408,22.181714899445847,98.88647172968692,110.19592283043148,427.57899637919604,-351.5000217981084,-355.2027170431954,243.5596614707198,115.0010855663208,-167.08571023384766,-166.27391322716272,-45.84579754994633,312.1209971115956,-185.1496839751222,-167.32823027463374,-271.26080027043037,-131.02808843541595,-207.20887469531425,-139.15414516224308,67.69770066828772,-152.8985317097336,45.47080899868683,-2.5610755144554243,95.11690734174559,70.98393621459029,298.17778301438324
1771947785.951338,120.40060465557494,-76.14380286098876,193.8993064816212,-33.460609425217356,43.724012085725526,414.19833646183,344.2791267671375,-315.32452110809515,-387.0575779464783,221.8020599288885,114.73812028471716,-66.2091918235423,-69.28532939499719,97.96554641193134,379.21243801406877,-170.0445380005725,-99.77205117239215,-231.81843108823597,-205.66394710108298,-248.5861588835592,442.32467592041166,70.72294824053482,-153.20032999311871,48.24102785466732,-1.053523841649792,68.23320966599903,-227.87429654491473,-127.98049891960466
1771947785.9552352,128.70355119640084,-70.54916895808883,170.36548302529505,-56.1682235857242,-36.47869154650948,104.22927948731152,-449.7113868471467,-276.67936897536055,-414.0021985117544,184.93631942933513,105.2515744629197,84.44336829449838,105.44908157571872,-221.30842400229747,445.70674773576053,-153.29979910831395,-26.555878829139385,-121.62580156811057,-143.64475727351305,-32.84607943124691,-379.8058128179873,73.84566973871019,-151.22545776729444,48.4696733479118,3.010026399938536,-4.907491879559882,-212.0100487957282,-173.54310052743588
1771947785.959133,136.8278841880854,-64.26537202594899,135.4651619380904,-30.811635206094774,-91.528942683046,-326.70996666803325,248.24691713769005,-235.7351967084038,-435.4161912656411,135.8913469053388,90.41493749649061,186.0249849787347,122.0695248461275,447.09820909112875,511.2976725258106,-135.5645332945054,47.917127773909485,32.45426563688329,7.648606952043329,185.02267058936545,5.4669758430946125,77.05441033941855,-146.94760638540407,46.0978160610106,8.451745997341032,-73.02727982597844,157.4633008459729,311.1984022447268
1771947785.96303,144.7240726275798,-57.259257698989344,91.3713268823376,34.401412954093466,-90.78965584009401,-269.33057520529445,-230.70251226258756,-192.682516927765,-450.7377816699613,78.53110713002413,74.91226522737672,167.91977358829655,-16.176982728006955,-251.37451242285894,575.6790620778071,-117.4676641118123,119.25545513224647,185.51234914755514,143.70182919641428,183.77729615576746,311.13628072057776,80.33456849275859,-140.38149716793055,41.17828174246728,12.311384129500563,-90.16882254664613,322.0038012676679,-273.00550925447243
1771947785.9669275,152.3420623611338,-49.50026791648742,40.92326460721693,109.60279584158246,-39.593347636233574,117.19782211976137,34.67489798530093,-147.73069992069972,-459.4802027988332,17.33712653636906,63.67143189028238,37.87217280071457,-105.9984021361299,-372.9841359666399,638.5467372829637,-99.59376113604424,183.3569175411929,290.69784030214106,176.51978393729368,-2.288323417879917,-294.8296819561595,83.66849331094629,-131.58520654305295,33.87850102496084,10.388878543851245,-47.20493829168613,-2.554581921937462,196.93227485307685
1771947785.9708247,159.6316619339267,-40.96702410538471,-12.571586205665703,155.75081267485476,29.216146903972696,277.55394885486703,401.9459487762709,-101.10677286919719,-461.24792515601695,-42.96329921686294,59.03789302096425,-120.18515357211798,-49.35702538861389,636.0806360314722,699.6003779697975,-82.46118067830565,236.65580442924764,316.97720019478834,93.08289105067043,-153.20356648971028,67.53376716209559,87.03562354196781,-120.66148844853815,24.480899191846554,-0.7670303418368911,24.0996671694067,-331.3815215142888,-1.7542683950985167
1771947785.974722,166.54293948672304,-31.653911615419116,-65.57210950748531,142.73880962332848,78.27678542651601,102.22687442179766,-364.62354144877594,-53.05404886434103,-455.7521363385711,-97.79115841565803,57.36566489019716,-201.2293659901773,49.274953854408,-228.66302988810568,758.5454160249947,-66.50343166716817,276.32372986912685,260.46208030147636,-41.44791852664574,-122.01802684097154,86.83997520220534,90.41266673125351,-107.75797765798328,13.379923534759659,-21.189889653358243,75.39032838345265,-155.3426065133737,-265.1215017345094
1771947785.9786196,173.02662732316372,-21.577281703835578,-114.55637211528311,64.59657110935807,85.61772469565659,-98.03268396353127,-165.87490657765565,-3.8305943219413017,-442.8248580374534,-143.09750575442567,48.07921684707923,-150.30021329922914,69.88719602373283,-193.74324614776847,815.0949191388663,-52.05450495289709,300.4127996554296,144.4519050659639,-134.36637302175694,21.571057510581355,-100.41321805491017,93.7738167042728,-93.06618911795935,1.0746237790167503,-45.64239784576551,75.2993349909522,244.0002482558804,310.7534119672554
1771947785.9825168,179.0345306917641,-10.780895017507765,-156.2734340230505,-55.793214909547565,51.1754230416217,-167.04662099281992,273.84609636467843,46.2924548797786,-422.43108679413103,-175.6990782549604,17.405222227784822,-0.544674585788934,13.591570958650676,220.70942965102535,868.9714504436009,-39.3387378694477,307.93474433196235,8.776687104765374,-130.383651798364,107.84832837050082,81.01770340212639,97.09100703649354,-76.81926505191896,-11.84430598846999,-64.10333767515507,28.47940013167835,244.44584729642168,-163.01082393845502
1771947785.9864142,184.51993730046587,0.6597438012300981,-187.97476892555727,-175.1477405158516,-7.967419078646342,-152.30768776519045,148.60455369099643,97.03271654194603,-394.678370985575,-193.53762214931663,-43.80726254540138,148.67013430405467,-50.184712293571145,-251.22308206185602,919.9088894641523,-28.46559580804296,298.87487118430425,-106.23734021323662,-44.47597472625036,69.08384072241411,-65.03782982742999,100.33419772062196,-59.28846234147418,-24.713916383912895,-65.22920506628313,-31.261381090563532,-122.31098282366031,75.97616527033148
1771947785.990426,189.43802405091787,12.63446650423903,-207.6076442779608,-247.8071028356161,-65.83010950875,-3.2129316063360913,-202.28361814598986,148.0985109476731,-359.8232894956863,-195.83942710706637,-131.84296538128427,198.8474601052079,-61.55542288572991,418.34724347920593,967.6542000582187,-19.429547240749656,274.1445959499549,-174.0141377513102,56.76274944026875,-18.45092685831167,15.910306850504313,103.47169182467242,-40.778415602544285,-36.8253003253433,-41.80553555265216,-66.06049145776781,-251.82115630962448,83.39323251804272
1771947785.9943235,193.74625741429418,24.997180905079148,-213.95594890497995,-245.20164239187204,-95.36884143102328,267.09520390131695,-193.5202679917775,199.19092017685378,-318.274375961663,-183.16045851279893,-226.47380787558671,118.51903999195432,0.380429366939571,-161.77382533423753,1011.9691313766215,-12.114996748979973,235.48051644257708,-188.59107676516737,106.31823029895651,-58.67331806902097,44.646493465728845,106.47047857245953,-21.62125472142303,-47.45666698678733,4.342898643376253,-58.28985295611972,32.00769880252818,-416.5543688654291
1771947785.9982207,197.40478377612237,37.566437438513034,-206.7182665340755,-167.97931985984445,-77.77175317975586,307.4838798306348,176.10924696118028,250.0059413802968,-270.59113361974903,-157.31284922585112,-295.35457459716224,-36.747627353237206,79.58788351873139,-549.332005757373,1052.631838325024,-6.306030950698384,185.3011709793964,-162.35534351115342,81.05780083543434,-37.62165698473109,-62.21448799179837,109.29659895026981,-2.1696984001916335,-55.912309925833085,60.87290973899238,-18.28392861108959,221.31803607417302,408.18172271565794
1771947786.002118,200.37680597396798,50.12790262688108,-186.5180926478269,-45.42426797370002,-14.01181024882279,-113.79075708451516,224.62910153594152,300.23671620084787,-217.47890621568746,-121.17940666538418,-305.9282644868892,-163.3581363156236,66.57126387545998,764.9317961749656,1089.4384085491802,-1.7005334026381833,126.53459016874571,-117.02882228504873,9.87632341790998,0.2829190114047695,40.212114639353366,111.9155296306382,17.210713617767823,-61.56577439425189,108.38216374413156,26.638507083265008,7.708736760462019,178.6452811261634
1771947786.0060155,202.62894217076388,62.438725742332856,-154.84652843708213,77.40538356216702,68.01694327219681,-516.5028371441758,-128.94055279786107,349.57581741143184,-159.77950633792034,-78.43319141160283,-240.03948825251413,-179.88879047645455,-51.53396734769209,-54.245663660760805,1122.2042835954433,2.071955307463263,62.43043903033398,-72.8039624279305,-54.07300393576708,22.44156766342269,-14.957931436638734,114.29258072715226,36.15004956988686,-63.904740197105205,127.81510289389745,51.272567036536266,-208.59583921159089,-567.9584272429853
1771947786.009913,204.13156318508697,74.23369037955393,-113.94308443668208,158.9220695072285,121.50943222593094,-241.01804657366017,-338.58906755486476,397.7175728687477,-98.45764903713626,-33.18813852757307,-104.33971984348466,-80.13563268255878,-121.70033569166947,-643.4921283437246,1150.765562612592,5.429409686178214,-3.629975082639307,-40.57222249523249,-72.12132112030055,26.22907357273016,-5.147222075176537,116.39330269617027,54.28284469977928,-62.57446305949234,108.65039743460541,46.108232298853466,-32.34623228911365,187.6337189099652
1771947786.0138104,204.85910444934248,85.23295200142957,-66.62493876802094,177.9797650715033,106.71465771436965,450.6463020110288,286.9226022272955,444.36040608618174,-34.583389675405456,10.386749040265995,69.05219310172586,66.00553473704429,-22.90421807389349,459.8745291985914,1174.9801777562918,8.814422302597208,-68.3141037677189,-20.06067417917757,-41.93820240531515,16.25009471290975,24.55932481487934,118.18389759550485,71.25713572912441,-57.41615374682188,54.078909325280435,18.631190504506307,230.2012953759005,339.7685007219971
1771947786.0177076,204.79034887727744,95.15107989136725,-16.078738561743965,140.99155840747613,21.254106936330913,569.7975258692504,144.6690032298427,489.2091721447081,30.689085925503548,48.45356582321853,232.78696638471382,162.1060963275733,125.7103311266039,129.9611331457956,1194.7289313296242,12.670220226798621,-128.4995550798143,-3.6289343764457636,8.364127603748972,-3.6979261617914108,-32.293867932098784,119.63162987391281,86.74340129730865,-48.496508326195624,-19.397094938375346,-14.727427544091062,94.51272009345249,-333.5065589098441
1771947786.021605,203.90867711068864,103.70705169351811,34.36848147109349,76.15856419789745,-88.94445456401928,-128.14299343747845,-229.60815058325332,531.97746731948,96.14583037149846,77.85581845571085,341.3191915255161,149.60474668802624,108.62244939486915,-276.1423807377162,1209.9163856376122,17.416621079293293,-181.40982870951444,17.04883472445719,43.92115322862615,-21.807592110874314,21.494004027255926,120.70523188641904,100.44313282964316,-36.12479807038163,-88.01431946581279,-38.25634695374835,-246.86800388250802,50.587114153277
1771947786.0255024,202.20228192829538,110.63479526286865,81.48163501572216,17.9806424801827,-152.88792971971327,-663.0751722987139,180.47209365945795,572.3898907550752,160.54004864571922,96.39999897360067,367.30676348122245,43.473613023839505,-63.13779973325362,48.17112390104144,1220.4715975458191,23.426956242676773,-224.72059478412353,45.13327873128288,45.53282483639251,-22.890846680511398,-4.133847959235154,121.37529941518815,112.09676368753458,-20.854510330212975,-129.8753574480758,-42.72650759823526,-210.6855245391646,139.78456860353927
1771947786.0294,199.66434403626835,115.69383837063778,122.33595495668958,-9.879569267414526,-121.64054901436215,-253.96881115888766,-371.10313140148173,610.1842368205631,222.6208391393667,103.04202569407852,310.3693183642681,-82.49002337951036,-150.59859253660088,31.519963206763656,1226.348690807844,31.006948192811993,-256.6353888048065,76.44145282487588,17.66794079671551,-5.290380108644192,-8.76612930745127,121.61467260856888,121.49069709645147,-3.4674918748908103,-133.11853857582642,-26.94284540664491,195.25498146060124,-329.27430524095524
1771947786.033297,196.29316693413367,118.67961156621983,154.50593953986012,-4.5878542710320245,-6.960318682503018,489.0328499935902,218.28838879892712,645.1135974022857,281.16296481143064,97.96123648810969,195.03699546774249,-147.43500706978574,-32.75133573217725,52.49507859813722,1227.5272603585192,40.37644810446878,-275.9318128553016,101.67962680129713,-18.577096954103133,15.522173504124558,16.650860151205688,121.39879789914461,128.46319435451576,15.060167483063843,-99.65532042444846,2.529607376299163,335.436996704331,385.9845218843481
1771947786.0372975,192.09226897842274,119.43295208765085,176.2123042623684,17.615437694133686,119.86917407492349,487.3665058008194,520.9107512388233,676.9483542812409,334.9968051391827,82.51539957008062,59.72462871866464,-115.59236872535308,119.74237557536557,-29.059834213988584,1224.0126039531344,51.654822286307144,-281.98093217740217,111.56844534843941,-39.70878316019648,22.128526017836627,-17.827946459541952,120.70606662399682,132.90891380453368,33.60975879522713,-43.24777694126509,32.60810548431772,-44.4629082919481,32.100758168506665
1771947786.041195,187.07043116928722,117.84837771398074,186.41809961996782,32.856298388885065,173.31772331587445,-190.45220403466078,-853.1884661462732,705.478042832674,383.03761443394905,59.081646401557805,-57.85989775480864,-15.012534350112867,100.53602328030522,-64.32923883048196,1215.8357777620113,64.85062648226757,-274.7434615590663,101.97728492144415,-32.73539543727532,10.909905438324234,10.899987256472254,119.51812628558896,134.78192828236752,50.98672903268523,16.695174471087096,47.609584401154194,-385.7349001885379,-591.6534250403596
1771947786.0450923,181.24169965390055,113.88074035367393,184.86939187305492,23.685293129139765,113.44352056213052,-507.23666290406544,235.79199717225183,730.5130695467531,424.3132148033625,30.799219218609338,-132.79245339152573,85.97721283746142,-41.95123581274661,51.251131087836235,1203.0534737978696,79.85603178694987,-254.7465691766576,76.2958518945034,-1.769750491524479,-6.5875773730057,-2.6755569525937997,117.8201606890922,134.09709398758952,65.99871371215808,62.61211584620463,36.91037874228546,-166.39578476795498,569.7119064566243
1771947786.0489898,174.62534251208993,107.54992933434383,172.0802826392476,-11.888517906312062,-23.143692900159216,-61.95058572901547,469.02739459248477,751.8862672852052,457.9892825493599,1.2393940223640527,-158.45653322129058,125.33064195432277,-102.03867326639602,14.934810787953175,1185.7477183538851,96.4462720218842,-223.04479447456285,43.750452578217136,33.646201424712714,-16.113313496839247,-3.060788512213987,115.60113555589835,130.92969532390487,77.5396168569108,84.48835902246239,3.1437801380966275,299.9308405649991,14.406563317862846
1771947786.0528872,167.2457609999852,98.94336995420001,149.26618941409245,-60.444336978893716,-145.83117904871057,396.03010566265755,-538.5859102767467,769.4542737458987,483.3914443435474,-25.965033332475073,-144.80459544372397,85.00857739420364,-22.527695294577278,-8.46292394826207,1164.0253919560996,114.28417779115776,-181.16785577100836,14.494954965449212,48.657959257105524,-14.147432862922026,11.670211139630068,112.85400661236845,125.41334592979202,84.67357096784737,81.80117312270626,-35.798443348560205,340.31088545877896,-481.69202714818744
1771947786.0567846,159.13235600013923,88.21614905706949,118.23288841455212,-101.15714598324982,-171.97348332646774,203.41973579600008,303.0698034058089,783.0987202911474,500.0234825532768,-47.49441075182841,-111.5271659926578,-2.6775197094464827,55.02174335606199,-24.21384340905532,1138.017572677459,132.92965536609572,-131.05722627574818,-5.946302828878708,28.57035212887618,-6.846040168336214,-19.421525981419105,109.57588759144758,117.73618414612159,86.71213001543092,61.5096627285969,-55.49005563381208,-89.473738695275,476.96696107076235
1771947786.060682,150.3193509507395,75.58869246446778,81.2315796261195,-116.73397321817184,-84.52523340797136,-260.833312958423,-128.67207022372523,792.7272200906478,507.58105527043307,-60.68436579087349,-79.59130355492425,-80.26071237477825,31.55950841615667,2.3608507431229535,1107.8787060144105,151.8537673974374,-74.99250611799337,-19.80072924516248,-18.45750870473836,3.3014134363369214,13.324613500689107,105.76817608721733,108.13546013151863,83.27812737603234,33.61684146582437,-40.97133474228274,-379.40805724422927,-190.7136375040479
1771947786.0645792,140.84557301930693,61.342015722940495,40.79201209201977,-101.35026835596283,56.167146249537694,-273.72138334756335,-103.35663059443078,798.2741464203178,505.96046288406046,-63.80189648264071,-64.19235098893358,-102.52561652753405,-16.22792883903794,22.31855059721771,1073.7856058825237,170.4568853131668,-15.508012148218649,-35.70855701018268,-61.867618218664305,18.947303343709052,0.32474549898083466,101.43663575900409,96.8906694020778,74.35029387877893,6.769608949414494,0.9617069946708416,-155.14078599005586,-104.103678019839
1771947786.068477,130.75419473741982,45.81066577774218,-0.45356070647102187,-61.917809750012495,154.92072676732482,130.431622125831,369.4536678253508,799.701193927173,495.26213577817134,-56.22830600206676,-70.75655180965164,-61.993487839680874,2.0159495233146347,3.7444657324628867,1035.9362926365307,188.0902176369068,44.70020385729325,-63.112411167582316,-66.66898572320603,30.11642798560006,-3.550402467623944,96.59143394514287,84.31544051368066,60.2839443893624,-14.04641954794892,43.799904749414964,249.32062445633264,281.64279721305655
1771947786.072374,120.09243870130882,29.373562661971395,-39.94311210433517,-13.001251331629776,147.86965983309105,314.09162178358184,-401.22059832900084,796.997717700533,475.78867274047695,-38.530902834395896,-94.21779922024903,11.087199923231605,29.505422747166836,-13.577089924503248,994.5486753537429,204.0798809745278,102.8764350059337,-104.94028119979488,-20.04828197067198,12.59386034371658,6.936673318508887,91.2471342787365,70.74843004003688,41.804719994121086,-27.21886701822164,58.50608608594388,311.1962716610282,-311.965231492989
1771947786.0762715,108.91124827622667,12.443033783113176,-75.34296470920742,30.914962804945006,45.03013834736062,27.705494147952958,176.79748357079723,790.180847063641,448.0374223306168,-12.416173034339325,-121.01116499768672,70.78089720435723,-21.711130846352027,-35.89287838538601,949.8590869289052,217.75257653252075,156.3152879263836,-152.49455414370686,52.89342339726017,-34.27290533566893,-27.92367590634393,85.42264440092933,56.54351426072187,19.97439389145949,-32.80420102031657,34.38851852285028,-7.111475657597529,200.35733622604926
1771947786.080169,97.2649275528054,-4.547593507412089,-104.6819113606454,61.238391828492354,-79.86497295517032,-294.9349399931725,89.76497877308317,779.2953730992614,412.6877648741647,19.431375562531546,-133.09892541881962,83.77995530864338,-83.2128211997627,54.658240628651455,902.1206818038477,228.46186884801645,202.47720522984665,-185.95167129496363,100.49216475023832,-61.5320099711292,35.89048448483593,79.14111937050491,42.059593367454276,-3.8700413663099096,-31.195421953724825,-12.184069091986528,-293.2952175950529,16.88824614536114
1771947786.0843234,85.21075410535335,-21.15741509785172,-126.45433535141737,76.5063314242968,-142.9668810314482,-213.02603247658334,-266.18853574803666,764.4134110298544,370.58341585157507,53.609407044697875,-113.42007873699747,47.00877154269138,-20.42649345395921,4.90171970071613,851.6017073871911,235.61403749218843,239.10584378412284,-181.49521582632545,80.30673871298097,-19.844748933725352,0.07726915025365569,72.4298218829966,27.65033976798333,-28.200569810022095,-23.142663727963548,-48.8640282586005,-224.92183194863415,-221.45125529952506
1771947786.0882208,72.80856836702128,-36.95191858185513,-139.6879820658036,79.57630856572285,-107.80959382143133,152.62512025704004,307.9751529073868,745.633840669326,322.7102271431892,86.33208238889921,-51.94633215677461,-13.926497529004239,115.26748763125657,-35.49172835347448,798.5836613981273,238.6924877880736,264.34221456694746,-122.77281802280203,-4.917399030591275,61.65346385166088,-32.74998072541742,65.31994090572411,13.65422584633369,-51.40016490598773,-10.674896971227396,-50.70403226123267,102.15486241189242,262.82297575830484
1771947786.0921185,60.12034362347928,-51.51700045328963,-143.97471997272592,73.57511351804634,-6.534502572100316,338.7187307019631,-185.2401909151314,723.08153023107,270.1701058936766,113.80639237250368,49.062648164215524,-62.089877833036226,113.0574094036655,1.3683377919781239,743.3593484841067,237.27976232280565,276.8292888276951,-11.638118911104037,-100.92064021942024,87.81142734315377,20.617764485530415,57.84637076215629,0.3851571259987879,-71.87549693252734,2.36374365621756,-18.29593713286721,320.73604936920475,-134.64299156206243
1771947786.0960157,47.20974072718594,-64.47252897398063,-139.46514593024787,59.541219030723454,87.46504310148435,111.54758122996301,-26.075737199001587,696.9063507981282,214.151796955193,132.6142502407253,172.57185496329882,-70.93006804005695,-67.98847435812601,-44.4148974011396,686.2308505052378,231.07628885511724,275.79999212304807,127.48029399452554,-136.06883656103392,13.005625482920902,-29.6867483531755,50.04745305077633,-11.875985640925215,-88.17208524383219,11.108684296127885,23.303651530108176,171.72873320748363,-13.804672837644882
1771947786.0999131,34.141651682699695,-75.48496214342384,-126.83006897034451,37.02161308870577,112.98263726702766,-283.83846729639185,162.03989576711385,667.2819907182047,155.89937964745786,140.06345399832645,288.8861777986298,-38.12892789394557,-184.07434129198998,150.12436622834585,627.5074258384128,219.9151281997287,261.1413293728586,253.06796203628969,-74.9886816414897,-87.91486633459982,83.17394503971629,41.964684094769034,-22.888625641973174,-99.0831528032094,11.6795885182237,44.03042078105126,-212.6035096269769,81.1022523734016
1771947786.1038103,20.98173628494316,-84.27856034725681,-107.19363059275958,6.763733236699362,61.44113228535062,-378.07924959057885,-185.5873159676871,634.4045810617946,96.67940917012172,134.47352270646894,362.9604257420732,14.992094486301635,-50.14656203686051,-51.05600329072159,567.5033539217544,203.77214250359552,233.427935082996,321.0299751333057,48.75175685977966,-99.97540047754285,-28.494437182825003,33.64239092310257,-32.45836344797002,-103.74363627435393,3.371666569687249,31.440085045750276,-385.24549449846575,-118.97021849935791
1771947786.107708,7.795956001756123,-90.64478004834372,-82.04403294258981,-26.66881619657888,-22.652972659519275,6.863041012044622,198.89525563032106,598.4911450592361,37.74768433005757,115.36855408723285,365.38075041442386,56.85359547853627,160.52174119914204,-237.42564838101785,506.53574202520156,182.7711835386612,193.91966640324014,302.7564524617642,150.0275902051024,-3.654448758611549,-182.0786271992975,25.127379071647997,-40.44126822284093,-101.70169552110492,-10.210939708151749,-1.090425610088999,-70.79648367073393,180.69215207967696
1771947786.1116054,-5.34989075536549,-94.44949738832548,-53.1285510182257,-54.5098690916733,-78.08846500793867,463.58855705995614,-149.80079113276125,559.7778860961653,-19.683355991283385,83.5580419586322,283.43321617857,63.71597165811075,155.91495124290245,267.1728297001246,444.92231188646963,157.18409484106206,144.51990433174035,198.72440206592697,151.8336485399752,102.39814365212874,247.17978972088477,16.46855572547466,-46.74646723456324,-92.96160453614623,-21.92832594717556,-26.559634645830855,404.29592760007085,-144.2907656316035
1771947786.1155028,-18.39062795032994,-95.63778689641414,-22.339742762662915,-66.57887628917828,-71.38081575410068,380.20213250995744,-121.06793277527669,518.5183303813785,-74.47561641184268,41.097179140127224,127.85758349699773,32.63937848881599,-43.929575373420334,68.7529931919513,382.9791843840218,127.42552274190204,87.69386113172835,40.74462795625403,44.64329125045433,108.27035754696257,57.88091742784318,7.716531880596725,-51.33697604690415,-77.99398550381606,-23.88150398692337,-26.57141799948018,402.0048054734327,-101.51106941904298
1771947786.1194005,-31.262151981455972,-94.23606728808298,8.40039418661786,-56.325946870290515,-17.11640149251378,-251.30391272486057,392.5436053914628,474.9813417887986,-125.59376112647723,-8.87046647203934,-67.94811841149854,-17.360683060505796,-157.57677541827488,-248.05141422218205,321.0186808179448,94.04273122500481,26.34919168330913,-119.25185602621396,-101.01641653122084,2.1725155142002426,-379.9650766407844,-1.0767926907212413,-54.2287754395562,-57.711807130009824,-11.348172033112657,-5.3742901904006635,-173.68643714276297,305.85920949365686
1771947786.1232977,-43.901868814699455,-90.35151951631896,37.25205947063713,-25.541983429387514,38.195119603508246,-649.7932307207204,-227.0195977209534,429.44902758344114,-172.13019092437642,-62.373968773131246,-256.6467917208822,-56.34799786048542,-72.46380128697758,46.782567003429975,259.3471596080802,57.70080550065462,-36.31570419927529,-229.60157585502378,-182.11844723120356,-116.51772659126595,214.5888705192028,-9.858657794134443,-55.48820323196972,-33.413208089291466,13.858269636869657,15.485822409200193,-598.6660345894309,-134.62221312522888
1771947786.1271951,-56.24911471513913,-84.16877829701247,62.55954575104854,14.316794946237243,53.885377510805206,-198.8380713086913,-206.85260401666602,382.21455471101024,-213.32581715608518,-114.95614391096456,-390.762641387122,-60.7360056541214,45.68955511127727,57.77097324536438,198.2629072417716,19.163800453178688,-96.98743013806154,-259.4410535678626,-137.99623566748147,-123.04499225248003,265.16331853270583,-18.575880524133712,-55.22778726402456,-6.694813840770275,42.6334848377409,16.867025103290356,-231.1977203535667,-192.38723232161865
1771947786.1312573,-68.24555732845741,-75.94399458327352,82.93873027884473,45.830300710995374,24.868240157840976,598.9089749303296,303.2598814837986,333.5798969977277,-248.5860060411176,-162.06373213308487,-436.752130472237,-27.377281413710147,75.44254707966122,121.10517153336748,138.05410205039055,-20.727465267832507,-152.42678018463084,-209.97317555510136,3.3094894233320686,6.616620844132341,-379.45534192329427,-27.17529832460208,-53.60069843949983,20.658416837056073,61.56714838011621,-1.0057911539283133,514.7674908652472,200.14553911241984
1771947786.1351547,-79.83557415176784,-65.99646000256459,97.34644822763994,53.179665541172966,-18.383603655073426,653.0636943313075,-44.75034147292133,283.8535339486823,-277.491229881832,-199.45122220920655,-384.64692100129616,23.743146693070436,78.01487735273601,-82.24946613912105,78.99686884333038,-61.08015654538016,-199.659166408357,-111.4753502931044,143.36818321823188,143.22169850567676,-27.71522642495279,-35.60421341805982,-50.79404870889509,46.798842662386654,58.8403203932114,-19.097610421106168,613.5904608852967,24.703556986181837
1771947786.1390522,-90.96660574126412,-54.69807088981008,105.12901941803607,29.922034285660036,-37.53966601068543,-199.63832112633574,-107.1759196388274,233.34812188106454,-299.80214428809177,-223.56177115390156,-250.41172570132537,60.668575667645726,60.60764642804552,-266.9836206181102,21.353441613357518,-100.975820706075,-236.15344193735913,-8.018092022299845,184.0501306960931,125.11856391128889,341.05959317997406,-43.810834692842704,-47.02129589283863,69.94797958257884,30.30620393729669,-17.33777016026886,-142.5009444061881,-100.38948517685944
1771947786.1429498,-101.5894812594446,-42.460984576259634,106.04820663758922,-17.071991143981403,-18.38498561898395,-838.2227433235989,96.14111423909858,182.37815793021196,-315.45900472494606,-231.8509388345194,-70.70322306238018,58.98814111397448,-74.86053429751219,268.7718300703478,-34.62954949185204,-139.49750760520934,-259.9766455733955,62.325133871653094,98.32322157232755,-40.97893722929076,-145.41153200843718,-51.744713187502015,-42.51404258847078,88.52461484808957,-17.392775541826364,5.964577205423697,-751.2774947764203,66.12758464027094
1771947786.1468472,-111.65871415431347,-29.72388127871532,100.28389852123655,-69.56022274970452,18.796533281934597,-355.61655134377565,-99.29940124512251,131.2576570527624,-324.575533675601,-223.02433081010014,108.00435008599327,18.251058567771675,-228.55016937101476,186.86466409632104,-88.72265190064941,-175.75667519191063,-269.9135704801505,82.35903339531703,-51.36792439562137,-161.24111486172595,-181.81425983190115,-59.35716732298825,-37.51352891220744,101.25946501525317,-68.364117508724,30.769893678381106,-350.26027778284936,-76.35926534109097
1771947786.150745,-121.13276596501727,-16.937291225477054,88.41381319449134,-104.86607816377472,38.151168383711756,624.5872781767695,26.792531910652624,80.29786154840654,-327.42754349550154,-197.168172312912,242.52000573237237,-35.902171334698096,-105.71191407166731,-303.0913000182424,-140.71501129272562,-208.91897351256193,-265.54234248467816,59.5109836157157,-159.9157910746801,-89.54934972462763,173.0282450649575,-66.6016940687123,-32.26211982384951,107.28760411670159,-103.08095581168747,32.15939976176641,539.3563782122869,5.055593719178293
1771947786.154642,-129.974276536584,-4.548478921293334,71.37149564635318,-104.89415841790333,20.04296580382513,764.5030356945082,118.43450296938992,29.805001864655047,-324.4368016156014,-155.76154583153217,304.4693615669685,-67.16073524840328,260.4027461271059,-119.13139414040506,-190.41562685450745,-238.2280610042245,-247.26021290061004,18.17834474699309,-155.51793173874134,80.21675529544477,33.351968679477,-73.43436235648336,-26.995079138173217,106.21153575991221,-105.83722898993233,3.439028704536541,701.7972069293231,131.09428936578587
1771947786.1585395,-138.1502592747937,7.013606812051164,50.38483289905803,-63.80222663523028,-21.314848639627908,-121.75728802970058,-133.42665835439112,-19.92187342999274,-316.1507867128539,-101.56959478288951,287.08438110516306,-52.97268677260447,359.47089055126315,244.77155354705707,-237.65443029577435,-263.02669773951766,-216.2572951309281,-14.2192211724625,-48.37288247207589,138.4377125859465,-88.60392666059107,-79.81418526047845,-21.932904335043904,98.12999802075663,-71.3004412365963,-35.14120067019485,-77.39473150504544,-131.02611852803767
1771947786.162437,-145.63226039073308,17.352809681247113,26.89823985859452,8.54991650431592,-49.499236356559436,-811.4242273905854,71.9775925816654,-68.59298159762758,-303.2191204608129,-38.42745417438072,205.48608697897768,-1.571343501219645,-69.28343121236341,170.2177964734793,-282.2831795043264,-282.77447690038287,-174.4397224458062,-20.221099861677978,81.72078480540016,33.00172877060307,10.30844029388386,-85.70346766417725,-17.274468097155,83.6302133303183,-7.7109582718162315,-51.25187065153867,-722.4849845710852,67.02874690636708
1771947786.1663344,-152.39648133669482,26.119182292260273,2.482554272647937,89.08079412660045,-37.195068462355636,-392.53726929638435,-29.310841318726748,-115.92978775372453,-286.3675642370054,29.065919132076775,90.61941221171534,51.78385945835771,-491.0235252916705,-298.02123559731433,-324.1761595200724,-297.061692281963,-124.3073683507264,1.3464325421152628,146.06123670268283,-85.5228348350362,9.4759117884647,-91.06812630134215,-13.191174667404292,63.74412576955564,64.90482156710631,-27.677658345217566,-382.90489170207115,-24.894189196435896
1771947786.1702318,-158.42386388078404,33.02089109540997,-21.262534052640856,149.65612438277893,9.305970784675251,504.5164398182442,-157.5728429572113,-161.66687021958776,-266.3705399678313,95.91729118500999,-21.037523174614883,68.87094405397808,-258.4034779744231,-121.59737767290987,-363.2306853776748,-305.61898946962054,-68.79454951613121,37.4508177762863,108.95656443360306,-82.98094066982699,20.694877103990102,-95.87797923953495,-9.822294546497828,39.87196996913586,121.5595038272548,21.159838891873946,423.7123723143313,-170.63536711986987
1771947786.1741292,-163.70013757642153,37.834208791945485,-42.808078944682755,168.12911315402718,53.61255753290403,660.1469359617931,356.2729738796045,-205.5536556578006,-244.02316778251978,157.14026749054713,-98.60040566809877,36.67360482360815,369.5487283907634,330.2915492349186,-399.3674032681872,-308.32260498934494,-11.084760041596184,69.02222441345627,6.677821460474444,2.2045489304648287,-3.8500065343210603,-100.10700213590663,-7.271593185452103,13.679051887082236,141.92685717666268,58.48741466944162,605.1690331835008,375.92224803250804
1771947786.1780975,-168.21582973331354,40.41125507418395,-60.791677948744194,137.48494660580636,58.58063535402596,-49.5360305898699,-127.42598209275894,-247.35601176455003,-220.11381081669273,208.15395114233309,-125.36772457903987,-21.674415421955764,512.2640611664718,-62.69468898671439,-432.5303883847404,-305.1951549377029,45.58774015302219,80.55034713417521,-85.6604534275062,53.134358668758736,-30.380877910203168,-103.73354891962627,-5.605319788110737,-13.026311365799257,118.6362694940397,53.942700310421564,-1.9524362407802254,-139.93531659183375
1771947786.1819952,-171.96623829676616,40.685220683971394,-74.10356623031596,68.66543526474399,17.446264408477717,-600.6698134526382,-352.9791573135064,-286.8576867287359,-195.39807997222775,245.14585968422236,-102.62460423719172,-63.10359237208536,-47.136122957241774,-131.91724650514558,-462.6870397271089,-296.40208640663997,98.13587096767704,66.59952198452049,-110.03336193009629,34.936013673184554,19.269394688278133,-106.74053485993974,-4.851571200652013,-38.42430326356397,60.22398255011407,8.59650924907871,-521.4102258323696,-357.878208074407
1771947786.1858926,-174.9513682478359,38.67289449006661,-81.95734734389495,-14.363092742494528,-39.28176002876092,-308.4423151690115,417.54781206616593,-323.86158615133206,-170.57517928524894,265.36940894065316,-47.88596712097305,-57.07627082848005,-521.4841741137263,101.74530812003478,-489.82777402761957,-282.24404600251194,143.80384213963066,32.87284502460419,-62.05334841181959,-0.5573740575493029,7.574205755231926,-109.11558021958041,-5.000994163043618,-60.81447741169973,-12.739174788072281,-44.61397390486233,-310.579686810087,434.79101568057126
1771947786.18979,-177.1758323098858,34.47440421735288,-83.94035539583486,-84.79904163252219,-67.45144148192676,324.7606962551618,-31.920708568813556,-358.1908796067894,-146.26736822761077,267.3523284192448,11.871618088512877,-9.377412990130988,-271.93321024402144,-131.95777937117614,-513.965522809887,-263.14554519524916,180.32529229795898,-7.72370932149194,14.78224847228007,-15.202962871025697,-7.174179115906501,-110.85111292541771,-6.008740283826844,-78.7359956606049,-76.32849430622144,-65.96312698095451,248.50905469098714,-45.72134410561665
1771947786.1936874,-178.64871697915544,28.270173354915222,-80.03972094731478,-123.51769540627933,-44.56952383949415,439.7242650332686,-229.71581400055973,-389.68993054689565,-123.00318598469192,251.00030195598606,50.13777515974537,42.294035406473476,295.23260264797017,101.65149734824774,-535.1350383865542,-239.6404082528855,206.0454297671153,-41.44508803007429,66.63246866791428,-17.750440089414774,-1.0024282186899547,-111.94442899812456,-7.797545891851604,-91.0681682919933,-112.5132505538426,-39.61697336114432,400.38197163159293,-219.42740823182243
1771947786.1975849,-179.38341520159685,20.31518624368733,-70.64169053615274,-125.28381871609699,11.845523709814346,-17.345887677790813,170.49789459465325,-418.2250448274861,-101.20493082012133,217.58919115435384,50.79076389668773,58.315430611608086,395.12507681548345,154.89450397278537,-553.392016327564,-212.3545722109474,219.99994465105397,-59.32251574800784,67.06934516846582,-16.57497623804113,-5.470628687475127,-112.39770988590581,-10.26177532646496,-97.10389778638779,-114.93670596367109,14.43258916760565,30.662097417948385,151.72935997155687
1771947786.2014823,-179.39742733760772,10.930738891746243,-56.50354105013009,-98.50054356826469,57.893053746323886,-367.4956490327048,-81.21587006240175,-443.6850347471088,-81.18072058671666,169.64859521342817,14.231774105674988,28.754924687623742,-10.609496563455888,-264.16656335613686,-568.8120435723431,-181.9868678150253,221.94671357500047,-59.75887675056882,28.60209401091002,-1.928739904422305,9.7840656018736,-112.21799629058371,-13.272241081574464,-96.59089008480365,-89.29755078443227,56.21332917747847,-308.17344018616933,-72.67331059308054
1771947786.20538,-178.7121323480233,0.49393305965713996,-38.69940786171992,-59.3917876752269,58.11303548227178,-191.50623806202208,96.78427327855758,-465.98159705210037,-63.12128338089637,110.74842908234702,-43.02528731601852,-19.49378691046598,-295.2275955293707,5.831158777977921,-581.4893829044115,-149.28844482574837,212.34976392863325,-47.56867401338426,-14.905478987029303,20.621881296428054,-0.47219889636475976,-111.41711851430574,-16.68159713105276,-89.7381514899049,-48.99813175153839,56.320944295276824,-201.8432273296423,129.88187057671635
1771947786.2092774,-177.35253140739604,-10.574756979338035,-18.543356364457257,-23.79927159903482,13.600957143489614,193.5977121611744,-56.67270019479164,-485.0495048543687,-47.10144666467122,45.2079203009715,-95.37780832962947,-46.13321392727131,-145.0578699474407,200.74938987544854,-591.5356059431151,-115.04151468008219,192.31833683702436,-30.57275474614372,-36.26917773642769,24.056896418531977,-6.962737663360802,-110.01158379364044,-20.33009301023286,-77.18810604935564,-8.593490887348443,17.162856824233216,142.6878981171754,-105.17150698001265
1771947786.2131748,-175.34696642432644,-21.82545444282188,2.5051013135271742,-0.5043615797251267,-39.136332502457876,268.93361139376236,-114.67809705056862,-500.846614867221,-33.08611701073312,-22.247694319130552,-118.81677268337872,-31.61173306197143,111.42268147626189,-78.79281312291333,-599.0780881232936,-80.03806941265569,163.50693699668093,-15.703639952929251,-31.090337230201296,0.46029031536357695,4.006198759105665,-108.02242153985672,-24.051476047605874,-59.95740749904241,21.87916547228539,-30.72771720707498,255.88065898343282,-107.913267829074
1771947786.2170722,-172.72681621492606,-32.7939473641833,22.94628899483723,11.014773297095774,-57.685890302877,-8.21996133995562,246.06686509002017,-513.353692843295,-20.940379070530234,-86.85390036988764,-100.6785640688373,7.259751298849386,128.96878839320797,-73.00901429336761,-604.2583803197371,-45.05919996545111,127.98476795643204,-6.401599633654108,-13.26512261120824,-22.206741541974722,-0.6561746068813076,-105.47498786281632,-27.678836928567538,-39.3519471832439,39.41004260022565,-52.940789300382924,20.293333214701022,275.42147912488326
1771947786.2209697,-169.52617330221645,-43.0173778475331,41.34862601516001,17.778833387045452,-27.944759427883522,-238.47171249453635,-177.47463389723464,-522.5740615982954,-10.443197695655067,-144.16712591535008,-44.47494704948462,33.61213801941707,-1.067683895285227,36.464807263508256,-607.2304728204691,-10.855582290292812,88.08475887577461,-2.1578420967581406,1.3257486086315926,-18.03519408569754,1.573914901846285,-102.39873119238926,-31.050208136278368,-16.863467308615746,46.80095621252091,-36.38265731850244,-227.63461603647067,-195.16148675245654
1771947786.224929,-165.78150448102207,-52.050055426058364,56.451591252629825,27.40583426129227,24.482645640038825,-140.1007910251384,4.351449698867145,-528.5330774835896,-1.304085730687539,-190.38996443886992,31.846292404860556,24.19216713127906,-46.557050907401404,15.842456613841609,-608.1589682536659,21.870370715490672,46.24338932751325,0.05805070721302509,7.203128047616645,3.374113404146366,-0.7463594046086613,-98.82692120223815,-34.01374429379174,5.943579457832718,49.002533164770355,3.30550866796256,-158.4232662177725,8.346920634429383
1771947786.2288263,-161.53129840768838,-59.47888879450844,67.25535954595587,42.57589300815539,55.087842253894664,129.90131886234198,95.43176947294688,-531.2774425900017,6.817994813009714,-222.63667613735385,103.04510372396534,-9.700242473962334,-4.510141806625455,7.27630099377299,-607.2171808210949,52.48027569510221,4.84267366293157,3.5309541185279474,8.9675818631118,15.267728605704367,-2.6656492162797054,-94.79634359038243,-36.43233710118733,27.5458161222077,49.335729273997,35.85742504794865,131.7577041025757,82.08896232155887
1771947786.232724,-156.81570357289385,-64.93793776460922,73.09001675254629,58.94282331565567,37.01445202005186,221.57751295078472,-136.35450103227572,-530.8743613026197,14.294296057967417,-239.11990933393022,145.96054469911317,-33.06785269881888,11.207539397885663,9.60232931055944,-604.5851797813599,80.41313829077504,-33.93499830870695,9.901546046995366,12.088928154394837,9.44203038821281,3.331878815542182,-90.34696359948349,-38.187544810570614,46.56657797404158,47.64495994902139,39.483494190111905,252.7382306782377,-127.78903842496531
1771947786.2366214,-151.67616009519625,-68.12161030215985,73.65884049120476,67.54010949261065,-16.056334349552667,28.217526698465466,187.2060896173508,-527.410551070001,21.505344514310597,-239.24661065643716,147.42713113048657,-20.427164814640598,-6.402743546927871,-45.9195420303422,-600.4477955552923,105.19607444898762,-68.22986732036489,18.43854062268169,15.465744707000603,-1.3879385059402947,-0.8991442228525878,-85.52156146909012,-39.18274593196157,61.86564380189731,41.069956580147334,15.251845441596448,30.49517741999264,198.89072369728768
1771947786.2405188,-146.15502880466775,-68.79606679226059,69.05224066403352,60.263017691477025,-59.71149033279082,-205.494233629194,-157.46367888481544,-520.9911183912841,28.82023388020174,-223.61884341900515,108.02312425580563,18.82518523775863,-18.46350893292165,1.9208227690857003,-594.9926070911946,126.45225695344867,-96.59836115506468,26.60044015208314,12.771381486795436,-6.281529701164358,-0.6387338051193505,-80.36534327519355,-39.34545737689994,72.6069593647321,26.616612213187405,-16.462805493954495,-253.1054437848809,-168.59214037412858
1771947786.2444162,-140.29522105184017,-66.80844393729446,59.73141211500863,35.43551597843048,-54.43653916348514,-186.76725650043693,-9.445101881239493,-511.73831205315054,36.576958178562435,-193.94303739095903,40.782664992223324,47.01484594813981,-35.310915387473415,35.322571097501346,-588.4079292282854,143.90604169806093,-118.07233704640437,31.40183727709462,0.2998992913496566,-5.725538407696351,0.6535758363300976,-74.92553080851994,-38.628787010071605,78.30035215048825,3.922169798629338,-32.5886313263737,-216.37852791641455,-5.797583081743151
1771947786.248314,-134.1398325983485,-62.09357317476205,46.483337794883674,0.42120549564197407,0.8761602010126656,76.2796640779989,166.86792021674128,-499.7901665582579,45.064535995856275,-152.85840248127744,-34.09292509306614,32.42546550032856,-25.85767074955913,-3.3339837166908617,-580.8808187328837,157.3853128295231,-132.18181520583786,30.827959925384704,-17.030501437866903,-2.961356253973471,-1.0247666228906849,-69.25093428932637,-37.01201909568432,78.81557736962004,-23.256005136960805,-23.62417098756059,115.56253170574077,150.85084054444073
1771947786.252211,-127.73178485998362,-54.67794248367537,30.351248009806312,-30.450072537367106,64.89979639838315,269.76581444693267,-191.4394982823957,-485.299049471702,54.50759307409941,-103.7012831773443,-96.21507512170977,-19.069834925162425,73.76402306641712,50.736106453377374,-572.5951174551822,166.82116138546823,-138.9417172541425,24.657093926493722,-27.740640084699354,1.2992744534540939,1.4512757360150172,-63.39151184922533,-34.50035845901988,74.36938952058739,-47.61374413294385,1.5304442212600846,322.691238841292,-173.4098467316801
1771947786.2561088,-121.11347668977768,-44.680734149720735,12.546752590902594,-42.252076892846524,84.29239309212599,132.34935752802517,138.50317105925856,-468.4301270673348,65.05396413948249,-50.226660142303864,-131.07595116398235,-64.81675590547769,158.72392230731293,-147.8118093239993,-563.7295506677082,172.2450764320513,-138.80567807239163,14.426391435749615,-22.538536939784855,5.132147886624193,-0.6882382008303087,-57.39791983839426,-31.123884844006902,65.48848808904381,-60.86753510517767,23.7079380954868,124.71872801238463,142.59481765825757
1771947786.2600062,-114.32644978098591,-32.311861481502966,-5.648583717567725,-27.524970367691157,36.29596922193417,-206.12617627660305,-77.61136451474495,-449.35976317750936,76.7657500256864,3.6894765716867006,-133.26365633493418,-60.71775813303429,14.997505767255959,-1.0796210584652879,-554.4558981038006,173.78387962614164,-132.59222780318336,2.695746071235109,-2.358973592149809,4.938783162026471,-0.5727545006720279,-51.32105811004518,-26.935791639899815,52.952960808556384,-57.3789254207192,27.33285379211299,-248.86955273421964,-87.31078789090498
1771947786.2639036,-107.41107061314848,-17.86702140603321,-22.98360868607618,7.984983648713958,-49.660160064446444,-324.57509082756417,-15.460286685768466,-428.27386653516334,89.61412784769362,54.34267770000858,-106.17639367992159,-1.7418498586957591,-268.9315774425725,300.24668707136203,-544.9372545208784,171.65267292684385,-121.39039989324513,-7.9649145681760585,21.115164939057124,0.5035780158064723,1.048375905276606,-45.211614466816464,-22.010001769862964,37.726107719921636,-37.20879062959964,10.431920701796582,-333.305561260592,-6.246537322895708
1771947786.2678013,-100.40623167219395,-1.7198748100542183,-38.33123626105257,45.571485723833945,-110.00878401140058,-16.697751642150934,150.3696187257456,-405.366202143736,103.47806558420105,98.46481270051272,-59.00825564383472,68.70873281338994,-258.1678482218989,-230.41821713760345,-535.3263957752982,166.1460948507092,-106.45300649914141,-15.804674904822996,33.07094521423608,-4.0126634695742345,-0.8379102785597276,-39.11961243889915,-16.43826805143449,20.87718684829681,-6.911468534664668,-14.81873030763314,-4.50572421577093,104.40438128159177
1771947786.2717507,-93.34907448378328,15.68843967204775,-50.76750510281124,60.9665330940638,-93.63585851244167,375.42325532401213,-231.54053676242856,-380.83668231579725,118.1469435236323,133.44166938665322,-2.7901034313875757,91.69074257396865,183.06554153602698,-174.68258513167737,-525.7642654206454,157.62819380604006,-89.08637221264277,-20.243849300312945,25.607772659938227,-4.824060329898907,0.534832919633526,-33.09396653688048,-10.326876382274092,3.5036482526277024,22.70275787219696,-30.3898152817298,354.3878854339933,-174.0737021808786
1771947786.275648,-86.27473682200817,33.86216269314321,-59.629684626771876,36.300136692177205,-3.0500108691389105,315.3135806423276,167.9305389474472,-354.8896529804563,133.32693926080188,157.4686917027132,52.555934608278704,42.283733760943335,500.02611876904035,267.0404228375545,-516.378595737833,146.52122879120188,-70.54521329565672,-21.711243578556154,2.9676111504744274,-1.7477993161804162,-0.1168787476491052,-27.182049094401687,-3.793077808584947,-13.341145563600175,41.01131104082074,-24.229792551769453,299.2851563277194,188.5600798329484
1771947786.2795455,-79.21612626610329,52.26576376344566,-64.5491909939991,-28.990297966373177,102.02005000762209,-203.43236743459548,-32.4654468984214,-327.73219065640933,148.6508959624049,169.63587796517854,99.01079170972716,-46.10670631675995,145.87887402112196,12.901116059572802,-507.28267588280886,133.29369967651147,-51.94061844758462,-21.144754320348866,-21.371699812234684,2.4927661166081365,-0.4993304787552044,-21.429272755320266,3.0386208898284126,-28.709778371668754,42.10521086157108,1.2704014345278059,-135.09567210258882,-108.12264345769802
1771947786.2834432,-72.20372203862449,70.34033375802967,-65.45757435760088,-114.24872568249239,144.37310817597728,-526.8916707081934,-68.67670355999479,-299.57242509097466,163.69127097390606,169.93904022531436,129.50661741667088,-105.2677172708708,-508.9360330795633,-52.68858847302242,-498.57427850627926,118.44789331217149,-34.16779492009001,-19.430244182936427,-33.26275763713131,4.24020175481729,0.9703783555342063,-15.878692529046223,10.040179850339172,-41.80869762048024,27.184528193254845,29.527657140318833,-438.19639696475986,-38.52553803173459
1771947786.2873406,-65.2654067680446,87.52101334981633,-62.5664654379022,-183.75638585733208,85.78241907470107,-155.04014158781894,198.5069145804973,-270.6179019601208,177.97565798039747,159.22074311044935,137.05537928861904,-86.2760067185123,-545.0927234283834,-167.3621220309798,-490.3347547707537,102.50720992124157,-17.858491994442772,-17.01895957924393,-26.272346971982532,1.9190673361318111,-0.9296485758857583,-10.570631138292143,17.083639860580508,-52.0302711493338,3.775397068463179,39.69205929902785,-211.75555961944994,154.095043549903
1771947786.291238,-58.42632951665204,103.25490814005948,-56.324864808150465,-201.25801469220315,-40.985790197144446,493.304398381724,-331.43733390487415,-241.07399925352448,191.00429312178915,139.0497811444334,115.93086120808869,-0.2667241116602369,188.38201037874134,68.28605725189848,-482.6283061752044,86.00350882550954,-3.3609320887446525,-13.84320614048324,-4.915081867152603,-1.4877258293369007,0.34213601164403623,-5.542331158364083,24.044514487680956,-58.96868646756822,-17.69766031847205,21.180166954339583,308.234299033976,-190.28465334328868
1771947786.2951355,-51.70880113729633,117.0189152085469,-47.35927308442156,-146.87223143478437,-150.33568054376016,529.6863543477731,177.2750934946947,-211.1424101116176,202.26889427943675,111.55256540701767,65.21978223873961,88.34806047826427,734.459385167288,301.7275132750501,-475.5014400091781,69.46468563823858,9.252182226442342,-9.51137666099057,18.530681063596408,-1.8009806681992686,0.45267697639994514,-0.8276372304298183,30.804859567236942,-62.42088095520359,-28.386177560902063,-16.70292442724622,472.72669408490583,178.75170046960443
1771947786.2990332,-45.132222760655324,128.3368775097623,-36.40367448069603,-28.650339245820472,-162.33887855373828,-175.90169733552656,237.4958099808283,-181.01970396585983,211.2721442056436,79.21293821209035,-7.39185972814474,111.81484951588247,312.3136214108622,-336.83527095077096,-468.9826136092896,53.402666592814036,20.149298486371666,-3.662165944104621,31.187006586206515,-0.2332162814802689,-0.9544942281107996,3.543288591565008,37.2559327930175,-62.37489490591699,-24.708911554608367,-48.32108986932208,27.769297467444666,-146.05152536328504
1771947786.3029306,-38.71304792866677,136.79549377417564,-24.227135314031823,117.27197879650734,-61.17474127825032,-699.6926608053467,-355.77198787582756,-150.89597680558987,217.547114368207,44.658528844609904,-84.88665481233434,52.24221206782678,-549.510574369716,-39.394636672839596,-463.0820708951242,38.30198133305282,29.683133669518796,3.6815153084449133,26.562979588004044,-1.4444778263909137,1.0356596104002134,7.544215571411846,43.300372633575535,-58.98885006051342,-9.79210792812211,-48.50759141997214,-484.2732508092659,24.24041724383127
1771947786.306828,-32.46477856388574,142.0584429264835,-11.566681992781872,239.3289635671712,89.31427757944506,-286.0530697682528,20.146435512290914,-120.95360021183357,220.6759383432992,10.451755780273041,-145.10580049074395,-44.611693263732846,-696.0553696561423,346.35847433750655,-457.79187293250703,24.609054576001174,38.316976046296205,11.900326664950937,7.782114683710061,-3.7775312755253188,-0.901514650337707,11.15305464082054,48.853844837412574,-52.56411570568941,8.067044176751391,-12.107924441321627,-372.94185889313616,244.76525305257317
1771947786.3107257,-26.397994627776004,143.87823236964545,0.9278037413813432,291.430740955468,186.69363918564963,542.4013159407756,177.41568665858898,-91.36607751714195,220.30707914910965,-21.097953046054293,-168.63014918626808,-105.61200677240197,73.51342004435035,-267.18114081085224,-453.0861225239433,12.722340447378967,46.54127109794239,19.79328885308308,-14.43003912125101,0.0986167808445936,0.3065206852657753,14.352028266534658,53.84612501718264,-43.51613477451615,19.500536557076778,38.737228389332536,247.21419606983164,-448.18773444993184
1771947786.3146229,-20.520416996848653,142.10534711474867,12.731585131434295,252.96931966051545,160.7031040099845,645.3670551776956,62.67965795737295,-62.29701418313769,216.1705899040561,-48.0870145056663,-146.66931616923546,-87.03976130287442,734.1010688906686,-94.37010443360077,-448.92138107305493,2.9834113896821366,54.788457752850704,25.83083643043665,-27.85120345949104,8.609093618423225,1.0596893369453377,17.127798069034974,58.22160574879081,-32.34589688473918,18.96287075544606,67.56655298547656,540.1193560849246,287.8322551704037
1771947786.3185644,-14.837002732408957,136.6943608099195,23.463076925380356,138.2736264810663,24.092308431461213,-133.08082470693435,-289.8934295026222,-33.899208285275975,208.09083839320476,-69.12579140595456,-85.1329384529675,-6.814310580719172,426.9709632546538,319.5001531606949,-445.237274226361,-4.330893721870727,63.354266945243374,28.580659050901275,-25.649308816332326,8.292341804220097,-2.180614038680855,19.471548754532105,61.9392359956862,-19.6142514530851,7.827304771300853,49.78557343232039,89.16611878668735,70.30232588108706
1771947786.322462,-9.350071466037615,127.70676935068643,32.88147724942887,-9.475858120298073,-133.42911135926735,-713.8251432061811,114.53218331916803,-6.313865811062234,195.9962522689517,-83.39660033631598,-3.008681146322616,72.07680017583635,-414.88949484909233,-76.26421529439159,-441.9572810760695,-9.015160790624032,72.33328664062802,27.175553082107395,-10.100018887442994,-5.355154246496489,1.678957082458776,21.3790272904561,64.97192025455769,-5.920264187121807,-6.291714923935916,-6.800214293018544,-476.09709156896173,-237.88407071063304
1771947786.3263595,-4.059461077789183,115.31041945111451,40.8661733218018,-137.09924299202746,-205.33004024706065,-302.6858507971735,333.4536632197277,20.330055757791097,179.9257417101807,-90.66093374201812,74.25637332527381,91.89800325970646,-688.307120229951,-333.16614732544184,-438.989700025841,-10.940829611480357,81.57554644242181,21.657027759639448,9.19742052284689,-15.237325788123382,-0.2777613178486159,22.850536699377592,67.30542495597705,8.116230805861761,-13.8790359533857,-64.10938222287673,-352.39487200243036,326.20617744143897
1771947786.330257,1.0372896768096698,99.77552177610158,47.38230559185053,-203.80747312338997,-141.2555399342465,490.6123800725843,-635.0889975976943,45.91637340470601,160.03156759789297,-91.21958343200596,123.77220232534616,43.51617217476668,-74.16523339814835,280.40738594894424,-436.2287827916867,-10.060257688130388,90.66923808681287,13.044071704600878,21.5510302577488,-5.698106450330409,-0.5440656629714485,23.890884336402202,68.93685906694857,21.868693209419526,-9.099536452298473,-79.61976435803139,265.69825980378914,-521.4536260746684
1771947786.3341544,5.944734319108591,81.46735427540219,52.43853586425686,-196.54545365835418,17.780996755328633,553.7856590976099,349.17549247800434,70.34207319570982,136.57854082558234,-85.83309739666308,133.20896797336454,-30.36101967550709,602.0576426393384,229.77034670622132,-433.55602644588697,-6.409313560773399,98.95256874380568,3.056065940558555,21.70034568323682,11.194936469366924,1.6808990013811902,24.509284982187133,69.87281235534213,34.71609342804078,6.655679964339087,-38.28268774313761,464.2569871330467,348.8629703555004
1771947786.338052,10.669290549103396,60.83587210088242,56.04395324621252,-131.94771288687622,166.45890739154697,-138.83831935019782,434.2485108048877,93.51757390475251,109.93955756078834,-75.61282295903388,104.66245948236433,-72.02602071827593,481.8224332177544,-527.1906971986851,-430.84161192626084,-0.1083939795439894,105.55528668617826,-6.44926581548497,12.133453492179068,12.353141646230979,-3.813839328546663,24.719219500992253,70.12724726295302,46.05521899148798,25.2776560455238,33.68452777058606,-30.578750629734227,436.25692615187484
1771947786.3419497,15.218994046923246,38.4025440931139,58.17107442934826,-45.538296130839576,205.89480267354492,-559.8513819285052,-859.2847391254722,115.3668611956895,80.58759322368462,-61.8944884791598,52.75054926586993,-54.348350790537076,-244.4733606235612,218.84831350217755,-427.9459760389423,8.638237891400344,109.46780187293294,-14.122011458859753,-0.1721603966137373,-0.19121863769347464,3.610357501362906,24.538250223726124,69.7192494312102,55.31501422480901,36.11349942338096,85.36168745087271,-451.9357238198924,-947.6195884870274
1771947786.345847,19.603237511713015,14.744830457391465,58.731057051156185,25.4752847478189,109.87501046419283,-158.71210440266822,402.300253091081,135.8274951224959,49.084392374012786,-46.1067667428617,-2.2016787435690413,1.1459058014713306,-629.9210445149431,333.8913791644126,-424.7215026920912,19.544888164258992,109.63324840814475,-19.568372572734088,-9.523092926760498,-5.305652851445268,0.867429603743703,23.987794668966448,68.67074849860069,61.97452252585198,31.480127768064882,77.70166644277641,-166.88780306241202,469.42677736625234
1771947786.3497443,23.83249846262546,-9.52120144082716,57.56563726143766,57.54487023054774,-57.91518046254384,405.65235092860706,288.4930332066082,154.85049491467223,16.066198834404123,-29.646588577966504,-42.65739003637771,45.940754623424496,-195.01372919467593,-506.4424850951509,-421.0143179220356,32.248722285821984,105.05551189519053,-23.356904818147925,-14.735903545945478,-1.394550186530531,-4.481728480386252,23.092859695219563,67.00432424398743,65.58528334739019,10.694687277164526,13.542190352988715,368.2827145404038,306.81007289911963
1771947786.353642,27.918059463287452,-33.759560252021615,54.45809635236552,48.02133651851915,-186.63307543791657,321.7830417692245,-462.1229250644776,172.40010613249243,-17.773034695291965,-13.771294319879763,-60.0588035717542,45.84132227217084,479.67987442414136,174.74063180116767,-416.66617222277586,46.315967714272844,94.91437611266575,-26.510656170862745,-17.246973318749315,-6.115936151626695,3.6202093855089372,21.881738630423,64.7412120154898,65.79805556803106,-19.323210633164084,-62.27434468564275,326.41150911797604,-502.36838841110966
1771947786.3575394,31.871724507505927,-57.33370283216228,49.16300355098812,12.476078356891847,-191.92423545484706,-206.9766901598359,305.7432766078212,188.45345625196032,-51.70043947087374,0.4847376978704707,-56.186076935281115,7.323897835569901,516.5171662463227,176.93684627665547,-411.5163927742579,61.25005667702633,78.67771079609312,-29.666621701475908,-16.632135368745296,-14.566697309856936,-3.5592646357578386,20.385674337406623,61.89961528870918,62.39261913727543,-47.12121089234576,-94.50558835415859,-224.09316675937103,325.96280649196314
1771947786.3614368,35.70553535268727,-79.625958399871,41.45187031695182,-25.100955973322613,-71.44763093396607,-372.1954083716245,-209.03360499360483,203.00010558905507,-84.96444690372738,12.364280565178017,-39.86837393681924,-31.52033744726147,-123.55871439962914,-205.1393339703883,-405.40388739309134,76.50169682152472,56.20016686570013,-32.30502481033883,-9.04833402321489,0.5324742197946035,5.576128006400349,18.63849157749332,58.49342292783789,55.308302813568105,-61.87571974824932,-58.461562322494196,-441.37851659900633,-234.89605091489244
1771947786.3654497,39.43149160730785,-100.05636165758517,31.169489775986722,-43.74211711988295,94.16689586505329,17.779875700109887,51.960284806127106,216.04150125388503,-116.81580596995562,21.4106804651885,-21.421628592277997,-35.77806542416377,-592.4330781616582,139.93983307943395,-398.1691814091378,91.4808093195105,27.798254565339246,-32.511383907391405,8.389761163543376,31.667698156765326,0.11469698509197321,16.676202424386492,54.531414409877044,44.67195442723227,-58.015826224239134,20.41171620565925,5.743186462654449,91.95349687609523
1771947786.369347,43.06127832337664,-118.10026855492585,18.293899320316246,-33.44463044138388,195.1785732693847,346.7526779046312,230.11090315905062,227.59034255921677,-146.52875497832076,27.461927115624857,-7.716109585553557,-3.7384922057041226,-270.47698408652445,-173.0314263295049,-389.65646820925076,105.57021798569139,-5.707024180115249,-27.559012450449394,30.693559230350857,27.965963683503226,-12.540745781016758,14.53658880627842,50.01701714770898,30.81945047399791,-37.114263714918835,84.16284891237805,456.0855681409739,209.6026683892141
1771947786.3732448,46.60600469467336,-133.30416779304446,2.9918244888073633,2.760821826139561,165.64356050824554,159.34137777012128,-356.0427305219412,237.6698669442822,-173.42169614096673,30.61939189629916,0.1221383867809851,33.06139487157982,408.8123117117603,91.58463454586867,-379.71565389084975,118.14091067112011,-42.98668524748828,-15.223067821905332,43.33092070201717,-22.96459970380901,13.042391448126624,12.258766492502048,44.94865620793457,14.306650371421485,-6.53266262927234,85.21933128072891,253.70643860274438,-376.8691221451272
1771947786.3771422,50.07595725724034,-145.29916122911172,-14.338699679869576,51.815803074761725,27.073393205634112,-237.39844857464294,244.34608604521438,246.31306595354982,-196.87673793452564,31.197228144534275,5.752889299268178,38.77235902358309,534.3788166701438,147.1525000613388,-368.204376337193,128.5686276038945,-82.24326357849418,4.686508596106901,30.7540346574947,-54.010126583328834,-0.4528755343847275,9.882735030138008,39.32070991521807,-4.093978863510725,23.95924959387262,22.681371132598205,-307.9261762018222,279.6151256954685
1771947786.3810396,53.48037077918141,-153.811664028643,-33.04601106581113,96.19769763159911,-126.31293580966444,-298.15504039455755,-89.37870744895827,253.56184114435098,-216.3575069659181,29.659637794130862,14.076973034727494,5.526103391610457,-58.51430220815251,-254.0814980014683,-354.98997906613675,136.25146299648088,-121.29378835825298,29.338145964168035,-9.071666104709482,-13.194716792899875,-2.0094249772400707,7.448918321433749,33.125057143985536,-23.413980314206995,45.73653887296479,-56.028439357171,-443.6932477774109,-101.31459041650832
1771947786.3849373,56.82721981018746,-158.67096831168877,-52.228530382000095,119.6834455230842,-191.25711735038777,24.763083939070487,-64.64241280228093,259.4661100564317,-231.42468501923162,26.55360688621079,26.906574579612453,-38.89901028309998,-566.6551813334687,167.1935031075433,-339.95142041649547,140.62809906062907,-157.69307379976433,53.10517262425621,-56.261358202428745,45.28979811043595,-2.4504138477678787,4.997700705723597,26.353174382263575,-42.52832101896437,53.75537142630065,-90.60529059225088,14.23057041859113,-53.518357444480166
1771947786.3888347,60.12303359356236,-159.81342017794373,-70.76769128584658,112.00329740807919,-125.5284528753678,312.9443018055421,256.0119684073218,264.0828725909889,-241.74879569062696,22.444330114984908,40.32129592329612,-54.59579240786746,-306.92709169012176,-59.93949249703111,-322.98109902115436,141.1962288116546,-188.89054329455962,69.1951967930196,-77.28634073280313,39.40955700521734,-15.538336795646199,2.568963517198209,18.998712785468275,-60.21341251605836,47.512322491913785,-54.2585148905455,437.3523338752828,199.84636085746385
1771947786.392732,63.372736699352075,-157.28307649054867,-87.39022712097662,71.82685007508066,23.32532950301262,236.95215781601615,-331.8572537567944,267.47524826663096,-247.11984758026867,17.85947295544003,45.674157454272034,-24.113143586764014,363.72099601018766,-56.14221352250146,-303.98657707277636,137.53066911367506,-212.4105045047764,72.18456843847056,-48.270863462836644,-8.616106704434737,36.489219524838695,0.20162710157389635,11.060457859610128,-75.22158429771166,30.681020877340252,24.614189320513983,290.51826780486135,-279.0944944044452
1771947786.3966298,66.57951734133556,-151.2288301689368,-100.75667430743678,7.646257113003118,151.02941482029314,-121.8860800206889,174.80344728936393,269.7114947833164,-247.45353639923184,13.246809873177918,34.26326706814243,31.33612533391284,540.3548423070991,194.96717551054334,-282.892183613852,129.3006217367055,-226.0431165284566,60.3879431878502,22.553956628347414,-17.94334905691687,-9.2338598138767,-2.066796784599608,2.5455489219162333,-86.36786316833737,9.666222750742719,83.3740009919917,-201.90028578094942,208.85243871406215
1771947786.4005272,69.7447249378958,-141.89811577567642,-109.56979245577296,-63.890904613490264,169.5023624198951,-389.2011117959755,42.36906829008186,270.86401814214526,-242.79381354915972,8.947834992374165,3.276746015763803,67.94059163493473,-9.643971492606678,-219.4897458239685,-259.64048097411904,116.28551103072625,-228.03150376400126,36.87068082497481,92.74329758911139,-0.23785270741352432,-34.451601181233144,-4.2006373540038515,-6.527185678831326,-92.62309819694323,-8.57290856292788,73.99328345004784,-421.7419770332086,-28.457375888225886
1771947786.404425,72.86779808119617,-129.62742631552177,-112.69390044908837,-122.24564689266796,68.93841747778593,-235.78893893279675,-149.60019905407455,271.00838430732597,-233.31173908172374,5.1879044381610555,-40.53620306139018,54.55806822057924,-547.0881691817194,91.39641456450929,-234.19357852979724,98.38881511186204,-217.23978144529897,8.40184443751167,110.7373888136464,-30.03181732140692,20.926504801713357,-6.166477215494135,-16.123937209323568,-93.2060516950197,-18.770950933315852,2.325680005814206,-139.76550243451564,-112.76571134758059
1771947786.4083223,75.94622366462518,-114.82998386001765,-109.27420054733626,-149.05742140933577,-75.56897289996634,260.6457390838283,241.88049588365595,270.22234209776514,-219.30064831522492,2.081565206940034,-81.96049511943062,-1.6608013487774231,-356.6904802534874,63.50928459237164,-206.5342791640223,75.64931565285977,-193.2872906698265,-17.39160554372013,53.69373281210119,-65.33172871774305,1.625120139577971,-7.9335402789093585,-26.192838746170224,-87.66624885801033,-18.85793147535635,-74.1624021830251,279.59989510495353,133.61617847393933
1771947786.412325,78.97552745757619,-97.98100756855371,-98.84425476467379,-134.36666253152538,-158.8051888502867,550.4779805895885,-331.0823923969756,268.5848666267354,-201.1677713998949,-0.3498584951990315,-103.08173253017998,-60.013855149085344,311.019880410391,-144.6141099708212,-176.66704515832922,48.249221282126044,-156.6361242990952,-35.4056840482352,-49.80404057724883,19.829817961273584,49.990699564323826,-9.474050824834706,-36.66127518322136,-75.94929159249935,-10.233666428307236,-90.84571055265076,365.65687362247144,-131.21779099572666
1771947786.4162223,81.94929591812179,-79.60110904774515,-81.4100319649645,-80.88293010113077,-122.632129442633,166.9281800387065,144.47143654388938,266.17523211384724,-179.42255199572165,-2.152475216971402,-91.17200454293841,-77.33989423623196,579.2450007509944,120.64203301716975,-144.61877173167625,16.518672253778362,-108.6219816185225,-45.2183619873462,-132.75502518869547,165.94935001324254,-66.57447309723351,-10.76355976384051,-47.433753615245195,-58.43707000368562,3.015177058535069,-29.193242072195343,52.00687453869638,184.36635580850074
1771947786.42012,84.85922853945371,-60.23841260983056,-57.50038307310836,-4.392498921859078,1.4067256233053451,-551.9966558203512,289.23933751969963,263.07212227499383,-154.66201193906332,-3.410460096975281,-45.09569745168899,-40.64092195886304,89.75525503421251,-59.34627446465664,-110.43935805555498,-19.063790396616554,-51.42233588498957,-50.67178281038365,-133.8851468297568,114.16189177565053,-79.28926320829011,-11.781234482555679,-58.390497254987835,-35.956837545485946,15.385733438807847,64.24350310603465,-309.0599686992643,-167.4621974323364
1771947786.4240174,87.69521956875818,-40.450043498923506,-28.176330313235027,70.61270419358023,116.81983946071462,-668.7280879570243,-423.5339622510695,259.3527858130075,-127.55359907799937,-4.217724404937332,22.769274980846053,23.947561824142365,-534.3674602839225,79.15507185637104,-74.20206729903221,-57.875110359577796,12.03944375556987,-56.78433132453449,-43.278373111453085,-176.2589547333746,196.93226746099444,-12.510109051294881,-69.38690817092231,-9.755362760475018,21.29953750090539,111.58473848077607,-336.98705866668837,-22.616180955149495
1771947786.427915,90.4454675133172,-20.783648854950403,5.005026769535653,119.24010797319504,136.44434504409415,129.99282592960122,89.75485743579735,255.09224383427548,-98.81603163370494,-4.654655266979524,90.31236109853346,71.57957808204563,-483.87897807181724,-92.66773209130893,-36.00366908270245,-99.15615745932068,78.250360742162,-65.4836438824309,84.89877701279121,-318.54053582429344,-51.353248423823345,-12.937291963228683,-80.25401844553609,18.56282844570923,16.47696389904721,66.65676601791687,0.7264267009719779,232.40777146241427
1771947786.4318123,93.09661043609148,-1.7596136586333324,40.07217391523787,125.54017678775826,49.51952725971683,889.0509497029715,163.3077621153388,250.36255529604475,-69.1987125710381,-4.772918847063001,134.00991639141958,71.4452034372938,200.79698665710552,-94.01008993625781,4.035640368979676,-142.024790817055,143.31582805612172,-72.70720654749309,165.4066931717788,-5.032000261697391,-162.07788573824664,-13.054129018727942,-90.80001725686283,47.130974508853136,-0.6251291577065006,-42.65799851206319,353.06282106415347,-271.29453240757226
1771947786.43571,95.63388465630452,16.145393218774608,74.76235954753787,88.81277754711833,-71.07161011988255,521.4777821442539,-68.27037127851322,245.23214581203072,-39.46033068997224,-4.589965204892314,138.40505119009987,26.757040874481664,659.0425362898278,341.0244127019308,45.77254310870845,-185.49346049882365,203.20635143389433,-69.18205924982905,140.10336808586587,421.56002886274933,148.9657355786294,-12.856319459868685,-100.81290387797289,73.94403312017613,-27.63679295385206,-130.2933274502713,328.6625870500273,177.27328304064474
1771947786.4396076,98.04130417906929,32.51296012226837,106.67817579806173,23.717267322881398,-127.79635777877661,-608.7010823534276,-12.605334772547945,239.7652043223436,-10.347290082779686,-4.093377214520344,102.41689113809458,-31.131523295978266,285.4733639064761,-296.98124356680626,89.04113009168722,-228.49110590670162,254.02610212197365,-45.44814621327222,20.45969504961936,326.66923001943337,-38.73636574672878,-12.343983961292675,-110.06427409286574,97.00280588680657,-58.00295313648079,-118.60597848383809,-75.60764801308616,-79.05368288240419
1771947786.443505,100.30185803603413,46.99505504647399,133.46595588958158,-45.94472328937724,-77.06567464422245,-1000.4565932378564,-65.60452626927525,234.02115133604283,17.427385895102116,-3.2537446526364957,39.39280644070348,-66.80470881434908,-479.0028011395888,-53.54044730237559,133.6536562349532,-269.88894621334543,292.2841973546073,0.9582300264085146,-117.15016551905244,-269.03215100811343,2.140627621910191,-11.521683563676108,-118.31420092124776,114.46758844471454,-82.09953401062786,-4.883857896251734,-418.3675750360959,-41.829707962583235
1771947786.4474027,102.39772267744357,59.32332082788333,153.00184255607712,-96.58177976585353,36.038294943602786,-54.508815663520295,97.14459714404809,228.05418172928222,43.20404691818728,-2.0434892575297483,-29.026299718649632,-63.15357516602596,-663.2049056934687,355.7385655961606,179.4015166161813,-308.5295962863629,315.1485421570911,60.37934973544537,-181.842544013362,-578.4834059955498,118.34391792584306,-10.398389106521337,-125.31712197667031,124.8091291800077,-89.66282201010677,128.14856423818006,-284.5105075326648,245.4465921738009
1771947786.4513,104.31048649623862,69.31524554269821,163.56999147795665,-112.86275407812094,115.6222510830775,991.5014102287168,-74.06224001431373,221.9128843911518,66.394711665265,-0.45817656530627815,-81.92545232184055,-27.15511421396786,1.7518596648792077,-322.6600381517422,226.05643856949592,-343.25878776296855,320.66270949247337,112.14602302558022,-129.8240215858194,-115.62036804606115,-255.17337137370194,-8.987401215817583,-130.82859819919221,126.94410531147004,-72.96041176777732,172.30349300354692,195.3892599458306,-379.37812872222736
1771947786.4551976,106.02138343775621,76.87702986125178,164.01731266778094,-91.57082176930814,94.78160591089436,712.2111721047252,31.868263992677434,215.63994027028278,86.49912789520744,1.4635528066269032,-106.55081125693489,20.14284026389119,691.7243060238119,41.98734967481025,273.3718824854038,-372.95883719317294,307.90853734596243,133.11700997164928,5.688975997481253,545.1386744888445,34.45875376966585,-7.306221446165661,-134.6127646013862,120.34285926953423,-29.95810712374206,81.1718298134033,449.3024178782516,234.51964482559217
1771947786.4591897,107.5115325383835,82.00309809301618,153.87049027309337,-41.06400938266007,-8.534329384097049,-508.2253878380558,97.10460477060296,209.2718995618865,103.1181239675479,3.6251640395906515,-101.21834209763996,57.237494631552735,512.4754178313999,142.585988603372,321.0846421542738,-396.58288867121865,277.1007620809865,110.14050364770581,136.82947438551903,507.5690462366847,345.7318692094764,-5.3763757343189065,-136.45025433711385,105.09880189000984,33.32651444704473,-85.4647638458793,158.94674592473527,56.533896352355406
1771947786.463087,108.76218025666964,84.77232819409102,133.40370448541265,22.236546471460315,-106.36204297160414,-999.1583107805421,-144.6399834365005,202.83903794994382,115.96385932423183,5.865607234834457,-73.58607519356849,69.23316721662452,-327.2527071938169,-117.438985789008,368.91663356540363,-413.1888720898417,229.6048354291699,49.486386523859984,179.7868886649008,-196.27456510991695,-249.27936703181973,-3.223191835054973,-136.146343461042,81.95160113001543,102.32818415722751,-200.73870684545665,-313.3130671280492,-198.25202200209213
1771947786.4669847,109.75494261208314,85.34120318907704,103.64930929379207,78.94994964213774,-114.43061459614313,-137.6839190171898,25.106610208937713,196.3652910662423,124.8666743632221,7.9629194930646925,-36.243245709603855,48.95627493772382,-752.1449071540485,124.30571178841637,416.57685927744575,-421.9720635234396,167.87473361261277,-23.11849081985655,109.45260234084984,-638.1042336305908,-214.8083259924851,-0.8755328536990329,-133.53903640117005,52.259845545149346,156.49107200744078,-168.08758386420757,-374.3302771660408,247.07846686076536
1771947786.4708824,110.47204431774797,83.93420474089244,66.34836648683515,112.49807501779053,-23.420647705575984,830.5400414438615,-62.92130366525671,189.86826566469261,129.77834337376325,9.648729358312938,-1.8865528701821224,-0.7845784385372778,-217.6394965447416,-194.82271449988468,463.7635338387937,-422.2951152623793,95.31361570457061,-73.37553451259356,-26.23065701394003,-261.7293115116453,338.27118233420174,1.6345106067393862,-128.50679382812166,17.923009152279487,175.385763684528,-1.5493267948316762,25.16985481088152,-379.14130034618086
1771947786.4747798,110.89655219801766,80.83187240232375,23.842990471462837,114.26757065565144,92.05941000033086,601.78162844379,216.61985367347287,183.35932537808102,130.77164326300235,10.632866044623835,20.452091184714856,-61.87875952065294,573.2732565347198,52.66692663829505,510.1663541913757,-413.71444471678984,16.066119471464702,-75.44760034585741,-139.9724930896429,408.10327420947306,-36.01177833481329,4.271966747453361,-120.97559795012175,-18.743113674598792,147.00146813573247,177.74207218679413,338.7055198790839,352.5531569633852
1771947786.4786775,111.012600263025,76.3570364817927,-21.082513775560606,86.25316138243376,134.87711984674573,-398.96811421913014,39.99511880403774,176.84374827351147,128.03626116196972,10.635836531260383,27.459997238179046,-100.94401456073983,607.8752050181976,211.40171665754116,555.4688974647871,-396.0019374625575,-65.24360763829374,-26.478868152682658,-162.57516494636727,529.81128046475,-192.10223864057855,6.9993639450990734,-110.9250564865899,-55.16917667966001,74.64508628558066,231.2886555134076,177.80325527923605,97.59198719575734
1771947786.482575,110.80560397937327,70.85979780972887,-65.40016724460746,39.67319766153199,66.39800126682401,-744.2606279024402,-516.9705130417503,170.32095278251913,121.87117303826334,9.425712068732688,21.63533450245438,-84.56207220875977,-110.36426422270853,-217.15209124141316,599.3511270770967,-369.1610298870796,-143.8097983980824,49.31766659650513,-85.67506048304519,24.64314819165388,185.34620518631652,9.77714339906863,-98.39326484721117,-88.72132925498357,-21.741480128363143,111.6135667476356,-175.92517307505443,-624.2845974038297
1771947786.4864724,110.26246155535625,64.70187216718831,-106.06123868990572,-10.06982724974056,-60.28684919675616,-43.52074238102557,413.6461485644422,163.78478803159416,112.6737317411132,6.855126594187731,9.600440008418277,-6.176211978987428,-625.6727127213975,53.89370383237681,641.4919866884665,-333.4363875178427,-214.9576924010854,110.06350399692602,36.833718097829184,-442.3325979797729,-105.56145718479301,12.56409893461029,-83.48017498708019,-116.90192021568227,-111.88550810617983,-96.62535608685883,-210.81295524728114,677.3695928899258
1771947786.49037,109.37174035653292,58.24093688847031,-140.22586652824097,-49.65351006608487,-142.8247282016154,634.7019910637011,186.295149853966,157.22388416437593,100.92580383540984,2.893745889958034,-0.5830727285383625,96.13695411063017,-325.91960574053627,-23.501959271865886,681.5720603621231,-289.31658129608206,-274.4485116523736,115.64232600677857,127.02519804849334,-360.40584707356714,-48.50310677362663,15.317839591429092,-66.34925878466122,-137.5457165129234,-167.06246172590028,-238.06298307237407,72.59757600381988,-220.23734230227973
1771947786.4942677,108.12384678851423,51.815609290735715,-165.4807239991129,-72.29248771270886,-112.99685404685799,369.75534502735036,-456.0645334933043,150.6220578658462,87.17738558110585,-2.3482395088704804,-2.040408164003927,153.49547175292886,321.3637655164866,-33.371855414102114,719.2762762725548,-237.5293806555937,-318.7549358158259,48.47949805118832,133.68034789349508,92.339287663826,249.35424722234805,17.995270387917195,-47.227304196875146,-148.99534799096585,-172.0153893300194,-204.99196061008848,195.00918755770516,-361.10137373927085
1771947786.4981651,106.51117814011585,45.73165185224291,-180.02673617274996,-78.54431116758867,7.417715354247618,-385.87526301840455,266.3093166713769,143.95876790488202,72.02820510344448,-8.609330975324708,8.981585795608233,112.12977653085395,487.6190121816386,255.9763058031285,754.2966304460424,-179.02952302702857,-345.28747131770604,-74.48215121411612,61.98413171226627,384.7367644013727,-219.38702584305474,20.55308637597296,-26.402243482753775,-150.24097818994613,-130.8748440782482,-20.736686677813633,-52.45747231322687,685.4673330451545
1771947786.5020626,104.5282550390892,40.24994064387047,-182.821096784702,-73.62521850784371,123.88282792702552,-562.262246407826,-99.0698668023863,137.20961512186975,56.10787821143501,-15.481210149606563,31.844741682604663,-18.80188092405844,54.621432935738504,-256.69071672921086,786.3349063396549,-114.97907600104963,-352.555873270582,-205.49822695495772,-35.52823567478372,244.9184323577598,-112.70434280008297,22.948274800927866,-4.218982125784383,-141.01184897592728,-64.03093112372702,177.5482219423853,-265.59770506651546,-549.0688249637318
1771947786.5060449,102.17183334729235,35.57665434925144,-173.66146731360064,-63.080304736614416,144.97165737058296,44.825783245730705,-3.5964031036239734,130.3468809785161,40.055229365397246,-22.429535957131932,60.84763208485398,-158.92160025837103,-359.6899071428949,-134.10539835560544,815.1053656049216,-46.72077089737145,-340.2547502285103,-285.2729940855086,-97.70320621805683,-128.06978029830364,322.76872860381883,25.13861989832055,18.926728892197648,-121.81114027150976,2.269231193735999,243.4859063782404,-36.20300443838554,42.08009985172791
1771947786.5099423,99.4409944711107,31.856043823819217,-153.20497092859264,-49.36439951321115,54.936631784558195,587.8784977698239,264.32039151089134,123.34009859090983,24.497416365413706,-28.83035981379715,85.728976042087,-205.0572459482218,-272.60508936581715,386.46636996712454,840.3373851656788,24.25505524199326,-309.26824796721934,-269.7955576580233,-94.73801413243454,-331.25955874250496,-87.52691880720626,27.083204638571914,42.59626010641222,-93.8902005982514,47.95980853392991,131.94185853173258,364.43149458162924,457.3394501224652
1771947786.51384,96.33721317648863,29.16603053907029,-122.92001286955228,-31.335997463191383,-75.18977503125292,345.50786029612055,-450.30015980637074,116.15665003455273,10.029505363790365,-34.01972991153713,94.26413944649944,-108.15066518235533,117.18995599100084,-127.63658742187103,861.778015748072,96.34902760547399,-261.5948014050443,-152.25214976469488,-42.159586849298314,-171.59419377116123,-249.22545211072836,28.742903607477047,66.31772102545268,-59.16323584712605,66.53511945235174,-69.76466239427084,298.8867237517912,-589.144259702485
1771947786.5177376,92.86440212533749,27.51676234161862,-84.9745840281709,-6.910015031471379,-145.33060278355214,-369.0599510854,192.36925933438155,108.76238357665044,-2.8048700593378686,-37.35250390778908,76.97963125503841,79.49949997803836,288.9273109172846,-240.86074264287782,879.194437203093,167.8957079419345,-200.1988725824026,31.019672207216594,17.928707324621993,151.19967406079977,187.92894832325655,30.080861212364734,89.59697449900362,-20.068548545828005,64.43131539016063,-211.71051975481208,-275.48123211515673,280.81550702677146
1771947786.521635,89.0289325357069,26.852132790946037,-42.070033094278664,23.048318213233113,-104.96382551183443,-639.3437686381777,288.23396516276443,101.12224435427736,-13.531165500617066,-38.265195192221434,32.23721983896104,230.06043770840898,68.69887010697143,234.8488395466933,892.3762863578738,237.20968172175373,-128.8018781799309,214.27873919981707,50.72267880726757,275.48242839245717,131.31670905609667,31.06294953817936,111.92973940276102,20.61304310865875,53.88071220485893,-195.3693581533488,-600.0090135591422,197.92920838386286
1771947786.5255327,84.83963059175328,27.05415049229956,2.7661424798140977,52.617354520500555,10.243387008106408,-91.39633124039007,-400.6090711210028,93.20091192783856,-21.759349670445655,-36.33696658400933,-31.221329239818576,228.79486253242186,-210.56378557457086,-0.15247176114108557,901.137833773982,302.6333162414031,-51.62872319972569,329.98166974490755,50.422413173918,93.25365511328108,-211.41922168720447,31.658200408130238,132.81442897104967,59.968302490806664,44.36360438150442,-43.22179599246071,-117.04567400651507,-390.1376324398861
1771947786.5294302,80.30774943321207,27.949930824467355,46.41152874090344,72.5034589903604,110.46700511048978,625.5545516431272,73.78916264366023,84.96343813896874,-27.196615091032196,-31.34273506110473,-96.43125469583698,62.8673930759897,-168.69697092543012,-90.67425121507038,905.3199867628229,362.58465012062993,26.87083807794977,337.511768406866,34.77781789282531,-145.42969555588027,7.512211862861547,31.83920646939955,151.76533941335208,95.17338882894715,37.96015718734708,126.0650968975109,640.168646039095,161.63918219708722
1771947786.5333278,75.44691671979668,29.32097842207913,85.88513984999837,74.8252990294872,123.43579787589934,595.672748088584,149.59039699172882,76.37587878881055,-29.656976623297652,-23.2927915679273,-144.6814680788777,-159.5018573363308,128.05754751630568,80.92932758556556,904.7920973585673,415.6038340362341,102.30559825017895,239.7625829815846,21.390706640112846,-177.0548342835261,136.29598728529007,31.582486406479152,168.3257830911812,123.70949664558628,30.677446405050375,191.824532574949,634.1330913629442,62.98582697364802
1771947786.5372252,70.27305794768253,30.91434006141736,118.56964577024007,57.92016180116842,47.4371981933376,-216.43028649580924,-44.7670158527451,67.40591279059493,-29.067452794087643,-12.454347484988919,-163.1635203536538,-280.808395339546,246.9082720824716,-158.0821803192479,899.4535556473793,460.3965613284686,170.61109222713756,80.23630720009328,9.872233080255404,-40.38267670579494,-98.74135209732711,30.868809735442586,182.08075468470943,143.5548521734659,17.67535911914167,118.96631108944273,-248.7886801399184,-3.5702806417329853
1771947786.541123,64.80429596716809,32.45513931607138,142.40160517810293,27.939150520934916,-53.83561638765084,-825.9052823626214,-10.615158829134064,58.02344260161778,-25.47062913393736,0.648087080238912,-149.60666924292173,-208.498015102929,-19.88723465984071,134.38552939063493,889.2351508207456,495.87300421709597,228.28463320146852,-77.44570064324644,-12.917238654922562,60.49330203999357,20.025403701776987,29.68347712520496,192.66872952900033,153.33752202438208,-1.7980735339247025,-25.722331098593024,-901.5629713125151,-34.6459994961125
1771947786.5450203,59.06082751882665,33.65995904649085,156.0147189136289,-3.7909236970665035,-105.35306169864826,-408.43085183696195,-103.29943621392948,48.20116989388271,-19.023514361325077,15.254745018452706,-111.29962135857065,13.160927184911605,-313.9132393117009,159.3099422605274,874.1001844944735,521.1809036789265,272.57253292074887,-177.72911885782773,-50.4330082481818,73.33988346569329,25.647238845785704,28.01655283034177,199.79222040527742,152.43675011082328,-22.918552105368786,-133.35324302534056,-407.85718861111667,-103.49169315814022
1771947786.548918,53.06477798112424,34.25051477758651,158.82527107997097,-25.92597100266247,-77.3514328118394,581.0591951769425,67.78372521209378,37.91514059722993,-9.992715368219033,30.41430215739328,-59.28708710043204,230.32133796242655,-169.2423841297348,-348.6246650450122,854.0453231748742,535.7316440055082,301.59912252584047,-195.99308986568113,-81.0924291427572,84.95081830579464,-48.31775735457599,25.863046509450527,203.22675931987766,141.02483848507993,-37.62790713183065,-135.91941077887822,663.9497154985638,109.94126990992491
1771947786.55289,46.84003581065222,33.96705955187694,151.0539408862206,-31.894013889430173,-1.100184434633518,879.2533916789322,83.15234058053603,27.14525366623994,1.2539286092650963,45.04648781428289,-1.6556393278933663,289.0957465518394,278.3146958412727,113.8656872209623,829.1011792332113,539.2183704930217,314.4320365772293,-146.01235307078736,-69.91445217520905,74.89287188244398,58.354244835004685,23.22304234119973,202.82802033377982,120.04653634116383,-38.98067936916528,-48.49139932819895,920.6976543631471,29.70802386063604
1771947786.5567875,40.412068365591644,32.58097880676429,133.68359945162217,-22.234828204535816,62.836267602645,40.094296806445676,-42.73452027740647,15.875728202412702,14.259002623115926,58.019095501692505,59.383469745638294,147.39769311456843,392.0029384087842,177.96398756904077,799.3326123437364,531.6254727954373,311.08322084259555,-69.3543001527017,-1.8566853897676356,-59.77493311612039,-94.62585884551257,20.10177394125265,198.53685666765364,91.1380726836518,-25.10660253091443,54.576619859785424,-14.684116514590047,-6.832002934366466
1771947786.5606852,33.8077210291664,29.906073354307047,108.3580867416145,-3.959000924824899,73.10180275719965,-891.8076237875754,-66.87196006884521,4.095523934386518,28.490112713842187,68.23351524558599,124.27122641779535,-94.20291625662118,-61.9390915734048,-167.37684517675092,764.8387460248865,513.2290479779904,292.4498630335112,-12.480129680954695,92.48977541138153,-224.12017879894944,110.27398752876161,16.50964421943385,190.38209030194784,56.492934294746156,-0.9602670876114939,101.95031253419228,-949.723092691626,-86.27401149937597
1771947786.5645828,27.05500184366128,25.808088925522334,77.23183214901181,12.546641382598601,33.7123941692792,-686.0880072470405,-0.884099394000208,-8.201289448421058,43.35698388531092,74.71206459479858,188.78463023556958,-265.7310119339553,-491.18999824262727,112.97072441178759,725.7526966726172,484.58826593221954,260.20355956846856,-2.9210835633830396,147.4860234006263,-150.87246896493448,56.308097816508656,12.46219004390101,178.480964001828,18.685836081922417,23.086391258558145,74.36157483169548,-664.7690692958167,-11.637125168793634
1771947786.5684805,20.182854160228125,20.212127723117405,42.784106990257655,18.004868128351372,-17.889707350916158,424.20415610905445,94.69229946122327,-21.015218007614003,58.23054750068838,76.68014184117652,238.31318857148977,-250.45455289640597,-265.8650665790927,-161.8257648403018,682.2410152639471,446.5278745070215,216.6392287660382,-36.14341256721524,109.2764274388191,171.93651408919646,-320.68549544913327,7.979992325098285,163.03724002291776,-19.530324238070616,35.598976857580986,7.163901739691133,473.3998946007704,145.7721788661938
1771947786.572378,13.220920002985348,13.107665337809866,7.614331677740315,8.509202370653636,-44.79123224472912,991.8305839723625,-50.94765675226124,-34.341087558771974,72.4634486334476,73.63656093123173,249.45344370818904,-66.25572715592462,347.1172326581369,-13.774624148389327,634.5028447117298,400.11239107317056,164.4973632652141,-79.46067838380861,-15.242312524369844,350.7177408718361,286.9524037601149,3.0885327919415526,144.3370018009986,-55.43768705636417,29.641841314275712,-46.41792096365775,985.2343930547889,-101.11321543167688
1771947786.5762756,6.199296929429838,4.550991421179983,-25.764004834046553,-12.44579408317135,-36.632682290567374,259.8812058694937,-32.617178530069374,-48.167848576145765,85.4113617178251,65.40629755232948,200.364852432802,152.31002584665657,507.925438651049,351.01788856172186,582.7687986422266,346.6128199295024,106.77408767484076,-90.95848790964146,-150.2453138273566,90.15533989642677,123.28107522648486,-2.1820007029787094,122.74228221543368,-86.55940044542457,6.647644867045726,-56.41678548451732,220.09733936006953,-25.056886181057042
1771947786.580173,-0.8517087681662506,-5.335007020231632,-55.11367464417694,-35.51339539774379,-9.837976237279117,-809.3426801356718,77.64035333562497,-62.47844398206448,96.45447740438293,52.17119219737904,85.18288615143724,254.381036557195,-13.878465154138455,-294.78754398089376,527.299570115737,287.46700003552564,46.53316211357655,-43.780108582472764,-198.3813012117237,-325.5341307121125,-429.34470874300035,-7.796957958913309,98.68270450802042,-110.84180520261019,-23.82859241425312,-30.596100884605924,-803.5000035974361,95.7873021579489
1771947786.5840707,-7.901829573079641,-16.363697401367904,-78.6330414891295,-50.0546393661082,12.06998442076552,-800.7188135733395,-56.75331710578803,-77.24974111264281,105.01851712574437,34.47580701328781,-76.03613995159728,179.23053105678204,-503.9056413952903,-147.97992326848734,468.38428147232514,224.23491461312344,-13.267345108653416,56.914164805176576,-113.30714534441142,-353.8129070882727,287.55975832647584,-13.717516300074061,72.64537903660312,-126.79857259131863,-48.5807552265405,2.106018443343237,-754.2679902458899,-72.15417198220143
1771947786.587968,-14.921081929375084,-28.29006483913802,-95.07231320506597,-49.22087715109441,17.90864694068349,264.2047357143987,-35.90323898597945,-92.45252836465731,110.59464532485248,13.207478553170201,-239.00799804515933,-7.8474997491320115,-309.5238108874355,339.04785878186,406.3385889906014,158.5504735709675,-69.9233147451746,173.5910807157752,58.235764963259065,62.48885402524433,75.93613413200893,-19.901012994576313,45.16334771949567,-133.6059757719147,-56.95250099407118,19.019757375677568,268.29761241931135,-18.737529177559107
1771947786.5918658,-21.8800060906815,-40.81837041401237,-103.79878757557636,-32.7937065424137,12.726481263001642,957.5057930349159,60.4317281724697,-108.05157621381493,112.75768052737546,-10.448516174827427,-349.79507416829153,-170.93092184866606,267.2187333103594,-66.7888906093274,341.502558335403,92.07140374531379,-121.10033680910945,253.36136157665283,201.8776182101978,393.4351493315229,-300.6082740549181,-26.301316229047213,16.802904614746762,-131.14279645645135,-45.39199961773872,18.186873762971622,897.5554154669289,40.18333620978147
1771947786.5957634,-28.749897782741908,-53.611807029316836,-104.80790145252723,-6.645464687559839,7.154243363966964,362.5380441220023,21.89936156540329,-124.00576155675289,111.18205208364303,-35.076018602189095,-366.497153268005,-203.65208353306483,441.0399896465592,-210.26058987310805,274.23832883836246,26.428946350071644,-164.91286921474475,253.88655660313557,214.97683880986298,231.29177291281374,268.16189221486707,-32.869230363142606,-11.849855625038035,-119.97318018782458,-18.361622523215377,11.795114252758859,324.5878557840465,27.979952375200625
1771947786.5997264,-35.50302903981903,-66.30378738654062,-98.68176061522648,20.24137032409205,5.300457721607169,-702.8243108343898,-22.18477858000871,-140.26825371202534,105.65500728393096,-59.11312214235615,-278.1060088823507,-99.38253945385165,37.04732958269701,125.07063031255724,204.92758655787514,-36.82093501540306,-199.96603925094482,164.85281310860205,82.6238655369874,-184.40284925811304,-43.45339889107267,-39.552930971779276,-40.20289785891257,-101.27561337836048,14.134386190017185,9.621138869810936,-649.858120401116,-13.957735023093631
1771947786.603624,-42.11285574393619,-78.51044334895123,-86.50136395463967,39.36001566109758,2.7106152211352237,-802.17671504851,-47.28202636709225,-156.78675989203046,96.08664305089431,-80.95007440663636,-111.34004958579882,55.19958230958221,-347.7463781137924,159.2413362136257,133.96886783672736,-96.24318805299441,-225.36240914424624,14.065496881271894,-107.71641746565133,-329.64888754397333,-176.85522070142088,-46.298424952508206,-67.6721489989966,-76.72566065986922,40.73841383454819,9.61251734935147,-718.6263780125182,-52.3186742047135
1771947786.6075215,-48.55420954062258,-89.84387564471204,-69.72253955760405,45.50165754539668,-5.609804648081233,180.8080930022726,2.5604334739575263,-173.50382748823563,82.51641713868158,-99.03385629221603,78.41498901921328,150.64981462091123,-232.73390306186127,-229.388742281417,61.774716675792426,-150.56461335851648,-240.678592269598,-144.59226227697832,-226.26572905865152,-83.42764850747568,187.8121862593485,-53.05003074936499,-93.69508345815626,-48.34378936100344,52.900822444746076,3.092741845771798,175.90284339588098,2.16008945129738
1771947786.6114192,-54.80347201520888,-99.92567070243808,-50.02837241394039,38.220582052096454,-16.89864541993189,902.0497638532285,54.92308099203795,-190.35720007578806,65.11588469680618,-111.97293788734326,228.60603639761197,132.6599920171666,140.6212409608694,-45.749399200920735,-11.231279426169106,-198.70875049116398,-245.9184928788545,-254.82345266938427,-192.75571588065165,196.33890943443512,-37.27241780158757,-59.75087360934749,-117.74364901172254,-18.322224144864787,47.75122567374909,-12.685847589426043,796.8881535157572,44.67332010933439
1771947786.6153166,-60.83872932362246,-108.40019868063591,-29.17240973609053,21.673317352143528,-21.27541647403763,389.7328398654699,7.035800483914773,-207.28022362975088,44.187505693862505,-118.63566621294873,294.1121665360503,31.71774807833448,253.52347615627573,303.70892029530887,-84.61754953593434,-239.82356745885247,-241.45104972012038,-281.3971821143835,-32.78072047288854,199.6992882290191,-53.144215393466084,-66.34339077709848,-139.33621784298822,11.153883514056371,28.81249257322437,-28.27326304787972,314.7869878885296,36.3559581238809
1771947786.6192143,-66.63990580746092,-114.9472215005999,-8.827070549114133,2.775936926736116,-11.092233691395284,-646.1697785259378,-28.031393121690574,-224.20229903486555,20.159475423806164,-118.2360291244519,264.0258213681105,-70.26434616647299,33.59072245468694,-174.5395426456235,-157.94766900341568,-273.3010788624166,-227.94065221824874,-222.7238885297098,142.07200796340558,7.217756337867465,31.610587185708965,-72.7698415818169,-158.04828225284595,38.07572078122185,4.224514366662045,-28.86994992712346,-578.5335012264255,-55.68062024054398
1771947786.6231115,-72.18887539995659,-119.29336911414173,9.549519914716175,-11.709232729647587,10.114072774318453,-794.6980265689706,-22.757130163378857,-241.04937653938273,-6.423357707106408,-110.40112891611679,163.34023885242368,-104.52201660630806,-156.96894690216644,-149.7653111430856,-230.78353227762503,-298.78831691453325,-206.27788621489844,-107.99035713318465,214.44752221971214,-123.76870240101393,-17.742105992115796,-78.97281740274953,-173.52165356170966,60.756651654630694,-16.83446512915106,-8.293791940871069,-651.6665635552886,-29.71494115379549
1771947786.6270094,-77.4695498625704,-121.22208541180905,24.81744144924671,-17.771244341041434,28.197961947439865,137.6328820183054,-17.010658452665446,-257.74448735257823,-34.91230850160602,-95.21556013898605,39.430898137881975,-61.24897252144759,-97.21843111756804,225.22398815967148,-302.68854221143044,-316.1893984539961,-177.5170392535154,18.0917707600538,142.449946705056,-100.45523825201538,41.369042938232745,-84.89574653253916,-185.47196517879536,77.94334714694382,-27.820212700612384,22.919318642332765,170.06216787845105,21.81831877272549
1771947786.630907,-82.46794317105648,-120.58170250286545,36.222099691628955,-15.122122142797274,28.9543551338338,878.9730633209433,52.44052098532406,-274.2083071657012,-64.5711141753248,-73.23900164838356,-59.714093255897644,13.308274426275634,50.35908113100093,-42.08652555177788,-373.23078941073646,-325.65875703092235,-142.82500195532322,114.69897249065146,-15.86433499356365,-13.691622609649244,-31.67428471102176,-90.48338907408542,-193.69432732464787,88.88442462971798,-26.836335311320315,43.380913873200626,734.8653216658287,14.221770998995366
1771947786.6348045,-87.17221173146518,-117.29137228045799,43.42086557590065,-6.368978750268688,9.86240279607487,428.3234155929111,36.020625680736984,-290.3597460519884,-94.59523907513034,-45.494686710687716,-105.16122243398681,59.38729606144347,70.84344079821307,-76.46170461988427,-441.98619555327673,-327.5859295599714,-103.44404286277832,159.56527851097468,-148.90838622946,47.979757013781054,-12.466138546442709,-95.68231723961834,-198.0670309745948,93.3528816219178,-16.380528008439427,36.68657782207735,277.53564046898424,64.72035722811539
1771947786.6387022,-91.57267047880585,-111.34466298243686,46.46956444724512,4.62049073527967,-17.07001296149437,-597.8805915724201,-64.83018877786948,-306.1165589955403,-124.13373147558043,-13.427975690169154,-96.00448603157086,49.391844440523236,-3.3232882186311565,41.67135889055396,-508.54159516730266,-322.5725898401825,-60.66864248196985,153.46115668591264,-171.73044212514122,68.03505215367268,31.016966904606075,-100.44137670744124,-198.55324949868304,91.62287312457426,-1.559594944233587,4.611394635028159,-546.2360140274171,-78.03855817505813
1771947786.6425996,-95.66178520571202,-102.81071100708716,45.77296706560758,14.076030004510015,-33.84587483460735,-816.6454700755557,-8.666579933118824,-321.3959711898884,-152.31305536995043,21.164029938939038,-54.727075977668996,2.928659135052025,-26.69765076153333,-10.419628655404386,-572.497731112558,-311.4027951689588,-15.834392244285672,114.41172136347679,-81.39749810509993,44.952592663723856,-18.26615478645296,-104.71212495755444,-195.20073527784706,84.40545890105237,12.045354546703555,-32.92768366576236,-603.2739759387878,-49.32198971417012
1771947786.6465516,-99.4341416953291,-91.83290193152779,42.006690981763846,19.14539885941985,-29.404286022091036,56.721427924852286,-3.271393457782909,-336.11531220876793,-178.26225088415276,56.22909826187756,-12.594903772689998,-35.54998023491985,10.695409179595055,26.83413385485391,-633.4721399359332,-295.00764731262086,29.68487192030269,66.12005441839504,48.9920371641263,-16.349826151667667,9.288181328122754,-108.44924276250305,-188.13955452973087,72.75146617777071,20.147820257956834,-51.25484396096887,158.3618227790486,81.53517597748231
1771947786.6504493,-102.8863924811985,-78.62513879684083,36.02029904124768,18.48847351402691,-6.880996190518099,846.7614833681068,26.430954653586742,-350.1926531720912,-201.13872397178116,89.57818114789893,6.969198432661367,-34.7292713388742,16.448168131797956,-15.38085920513065,-691.1019043722531,-274.42575680645456,74.47682521072863,26.81587360159682,128.08618296113107,-67.26898173051129,-7.19464017812209,-111.6109153269477,-177.57794758579274,57.93225058554826,20.936365321006004,-37.73908665567092,682.6066682653236,-13.282021241990462
1771947786.6543467,-106.01718236966023,-63.46583849090685,28.73267118448894,12.654046641495016,19.480253176091274,507.5943808044337,79.95381101532033,-363.5474411053893,-220.15393120073114,119.01923682405429,-1.1570729345422262,0.5623178911187168,-22.092714331279662,-19.739458040920464,-745.0462515161731,-250.76103340128094,117.09302839343765,3.369153908320845,110.77202659268184,-52.846230293154775,-2.513144883044915,-114.15917997616253,-163.79644389232686,41.31066613255953,15.440651393372367,-0.16424218585860842,275.40058805644196,41.92624253630712
1771947786.6582444,-108.82705417041163,-46.68987421509674,21.030847003314584,3.752773918781389,34.17885546821039,-494.48137491847154,-124.16392223893106,-376.101124818252,-234.59821016658677,142.49892203429567,-24.054053961160662,36.97434272747169,-32.65722622821802,25.35725349950777,-794.9889765928986,-225.13940102118465,156.0594920863064,-7.855590089507544,23.7333360199736,11.082704086935115,12.693471112431281,-116.06023773027458,-147.14039907044798,24.214869077340182,6.783655465885335,38.49709499589599,-483.241727635589,-73.07189118482245
1771947786.662142,-111.31833629817238,-28.678748986065745,13.682532465407595,-5.7763319719749555,29.48205250686404,-829.2799613241867,-5.91486988538045,-387.7777668039767,-243.8640113852785,158.24342497052916,-40.703516307004755,41.72317199433388,4.266838178523285,-7.691599990097261,-840.6406737915477,-198.6660506710611,189.90008001278204,-15.380180228279052,-61.94603109589671,54.58774654245869,-12.304763663266167,-117.28472649988589,-128.01115341250653,7.82669391693058,-1.5359756445540016,54.65256436032037,-573.1951651631872,-37.54732299220906
1771947786.6660397,-113.49501403716057,-9.849339933556095,7.270472520846831,-14.579791564658422,8.504199815409878,-73.07883918917902,103.27628955642736,-398.5046358861952,-247.4668139627315,164.88909226111844,-35.781258622858125,8.859654572838508,32.07461026554678,-9.205734075235164,-881.7407572831152,-172.38479946342537,217.17579596435925,-26.096547643867833,-86.5083688348089,43.83828772975687,6.6845762018650525,-117.80795401132342,-106.85603720255865,-6.905634861928527,-7.4549507553174665,38.34895582754981,94.5501634811281,128.86728732708602
1771947786.6699371,-115.36258639002598,9.358403697735781,2.1541304008086515,-22.826755409360125,-17.599128515881418,757.4523421358749,-90.21447177117776,-408.21277560589147,-245.06305491225197,161.59345998082287,-9.67738017712539,-36.96051461124366,22.444871784940574,20.182631281849183,-918.0592573123605,-147.24102072632812,236.54086752550046,-41.39123009457618,-43.118877097933165,5.176556817321713,-1.991468975214493,-117.610088982569,-84.15746965327465,-19.323549548182203,-11.17218740409722,-1.1584441663399887,609.1660191109484,-88.47685105519159
1771947786.6738348,-116.92791061738977,28.494394409781147,-1.5391185286530389,-31.24983967161029,-35.30119478861471,576.1545371649593,78.80662164512874,-416.83754365084513,-236.46447012022531,148.11790335845816,20.84651065238041,-60.21692817441438,4.693323010692638,-6.237671699983204,-949.3983781163931,-124.04945356977913,246.81409723779345,-57.39865106370081,23.35768208395121,-30.32232278752148,-1.888664445771363,-116.6763095476456,-60.421415539655655,-29.07948727516642,-14.571878502864982,-41.05522281535415,304.8795674904038,43.17290270282549
1771947786.6777322,-118.1990367602333,47.11153992850397,-3.8944180884587016,-39.578566275189345,-34.65113005729072,-346.32864114113664,-51.595992386528856,-424.3191179757412,-221.64833248423878,124.87440486765054,32.08393903732211,-41.40119574717511,-9.767475867720332,-26.498511147355952,-975.593806368801,-103.46799684776556,247.06145743115914,-68.37920424021137,55.91586628680628,-49.82002530787518,2.842202235561098,-114.99690841346363,-36.165475451108556,-36.12376259566759,-19.72637829665206,-58.055665541425306,-381.77377793924103,-25.646083641645156
1771947786.68163,-119.18503453802532,64.77864239017998,-5.165721237173098,-45.605120864412854,-14.150774137705353,-778.1103174936094,-54.81710346460506,-430.6029656413175,-200.7631779036272,92.93088670101271,8.222748322134988,8.95672525549881,-38.847609362094545,23.87997186338645,-996.5157608631727,-85.97835036891732,236.68363473930094,-70.62737447730196,31.09964980079461,-34.137568501915666,-2.925069686879392,-112.56735466679731,-11.906890516836421,-40.660722484502415,-27.32369493566959,-41.578224014681155,-536.1948748729117,-67.52532525933073
1771947786.6855276,-119.89581502239331,81.09264389055944,-5.714689615400089,-45.506063016903475,17.031590551152597,-177.72675595108322,182.57302959881434,-435.6402708110925,-174.12973024183808,53.97208463183359,-46.35295206774877,58.042793348082824,-53.81169681247466,4.357314082935383,-1012.0697762199205,-71.87409505594209,215.5004512311111,-64.367356886927,-24.183573511679224,23.731526403098936,9.021235135272752,-109.38831253670647,11.849259264958505,-43.080984004243,-35.6360174253406,0.025669747724719815,16.048374824553292,208.28533580687494
1771947786.689425,-120.34194947472814,95.68982738486216,-5.940652448748386,-35.18880407849875,41.844886011250914,616.6510528323986,-216.9759061221638,-439.38831878034216,-142.2368691961434,10.215920329764941,-104.65439581800176,73.2594803991769,7.046853899436012,14.43303703709558,-1022.1972155114314,-61.25651409381824,183.82303122049865,-52.61074443341744,-56.68351014761574,72.33986349354566,-13.36778690431212,-105.46561781570406,34.621390836938126,-43.87881922063516,-40.38831666426054,43.58324763913978,514.2531396058442,-224.12081257384253
1771947786.693528,-120.53448776253786,108.25562160226218,-6.210798360684599,-12.140615855409255,43.93613152366556,554.0897499470531,58.836057496419166,-441.8108333698174,-105.73262678772922,-35.7114318589651,-127.45590531713306,43.35981729530088,108.00248899846086,-26.48355543760155,-1026.8755088386959,-54.038160079244136,142.5044145000094,-37.98809908560165,-32.17993609968845,44.78433605867213,2.7795103104106116,-100.81021307473246,55.9620270341047,-43.56502689146879,-35.86789723008032,63.660313502040424,307.62761661388646,18.84909522881632
1771947786.6974256,-120.48477879759399,118.53270904696177,-6.799454870191828,22.634597744153183,18.487397667862417,-222.57168561279963,191.73747793962596,-442.8782654918217,-65.41034506978173,-80.93532394123847,-82.85350539812501,-15.033986771043905,101.87886015322536,-82.50047112958336,-1026.118117043606,-49.953880080931924,92.96012458226193,-19.935596934677864,33.888395294198176,-37.080016922693915,8.813998582765425,-95.43804322758905,75.46743417039767,-42.585792621380214,-17.426690017076133,47.09435177457837,-286.15520562010784,239.24228795220523
1771947786.701323,-120.20429538839389,126.32719740844512,-7.843984928637541,63.17059926484109,-21.974695158004838,-635.7480933317398,-234.8801837788593,-442.56803118419896,-22.190275439294854,-122.51777256204429,33.97231578269556,-68.00035565990534,-64.54372915856968,168.38284529177767,-1019.9742218910197,-48.578732358525166,37.15197660752811,5.4845362129979796,85.89035749983036,-74.34858353129384,-3.6279582917292563,-89.36991334953089,92.78606663124232,-41.257074522730896,15.261288731951579,1.4695916029992244,-453.45768974762865,-261.75832810142316
1771947786.7052207,-119.70446574597406,131.512685219868,-9.322650886804391,98.63431255320678,-52.77722632267215,-178.6846226568297,86.8101879915075,-440.8646979038419,22.90295581659051,-157.6559481362264,191.2348895378671,-84.17636818641641,-206.26950835454167,18.285559548031994,-1008.5281461894974,-49.351975595289154,-22.468952564360478,42.41955495458844,72.15257327233661,-29.952430766902953,4.646032281335622,-82.63131092448053,107.62562590122745,-39.72206869842084,55.84982095338935,-47.833641512613035,-8.258258612712687,93.07104474476286
1771947786.7091184,-118.99651368386215,134.03212854637778,-11.057022608604104,115.96504760462238,-52.19701953480922,450.96689021698364,-85.34407967399527,-437.7601183703314,68.76645497938578,-183.88023989122138,327.9727989526355,-52.29700183944006,-99.04691393030068,-286.13272416889504,-991.898509425468,-51.606093132510345,-83.06096931151917,90.20957448983215,-9.77741397029099,25.171763144370978,-28.1912179747923,-75.25219492962852,119.75857511615473,-37.93652908465048,91.78560243231898,-71.37508774626193,395.7706677389701,-38.902768916114105
1771947786.713016,-118.09130937509752,133.89749266664464,-12.738462015974212,104.8574727750531,-17.180091604167526,405.6303798679275,114.06459270781816,-433.25351174498115,114.248057181678,-199.237318168417,377.44866388109693,12.294190835511415,183.75314052205763,168.96723526279953,-970.2371265488142,-54.59963869642129,-141.52911513845433,139.59656685944879,-103.89887404433601,37.49142344862794,26.582454678456127,-67.26675440017405,129.02598701845312,-35.68343997601991,108.331262177092,-53.10811399941956,223.54138822844791,22.888787883009257
1771947786.7169137,-116.99923236455385,131.18724862069251,-13.975241817362734,63.112010662698495,32.00156120063994,-153.17839949445758,222.1718993584137,-427.3514924052807,158.17742121426915,-202.44391506394285,297.3087928184244,74.82580630370165,286.7545667578297,248.43703696508274,-943.7276595550063,-57.55256263077,-194.69457861427014,173.1871262233945,-134.004841576897,41.81629718087168,23.304054262553954,-58.71313933030568,135.33964286823002,-32.61510903295267,94.85070243766923,-1.354834103008376,-214.91264607154156,251.60098026978167
1771947786.7208111,-115.7300483214626,126.0418479748507,-14.354275531608792,-0.5232924093302647,63.34124994440735,-407.2618057173752,-567.9457712302791,-420.06804699697915,199.39834834821102,-192.99850185830107,92.76081608544406,98.75147797537022,16.12873831430226,-325.1275393545625,-912.5840334467688,-59.68260292622368,-239.4860844651009,171.29921340269127,-63.603010644784604,48.31975324128209,-44.20065019955656,-49.63316690983961,138.68234277745506,-28.317517692300637,50.49491381397414,54.23942044536152,-286.80700541001926,-483.2901275407576
1771947786.7247088,-114.29280072976591,118.65737828413378,-13.509537471081543,-68.01151600097685,54.49487647970373,-88.33993713050381,257.47683353301085,-411.4244607793131,236.80139245403893,-171.2406149966352,-179.02753932066776,66.15801271928379,-337.88608069352665,-124.97716888027928,-877.0486300139387,-60.24130555119326,-273.14039055604275,121.37491686899529,68.61207571345665,-16.339748881077366,4.008194160157482,-40.07200615573475,139.1064334778859,-22.389076263294463,-13.641906138529928,79.47679787236284,35.33868117049285,165.33934074127748
1771947786.7286065,-112.69571840482483,109.27766294469282,-11.188263548683732,-118.01178880993554,9.302799963187566,258.17571852878586,355.37324436691983,-401.4491945276605,269.35579886818164,-138.35113685712565,-427.0994774266415,-9.321590748442155,-299.8691926010766,449.8731912333936,-837.3902746311223,-58.54827379515606,-293.39719008153816,26.64336981438321,169.2863908828425,-140.8558726599906,-7.170241280075292,-30.077844013908102,136.7306057067726,-14.524080209960783,-77.39200559110623,56.89778174029262,224.52994653178928,343.7586594319043
1771947786.732504,-110.94613945919882,98.18511884788222,-7.30607889755196,-133.90284828886774,-43.184933255590714,180.0012652431081,-426.9487481317035,-390.1777134881542,296.13980811595434,-96.29115079624734,-560.9157099423588,-86.05169177715513,156.25742844148613,-110.71650875697654,-793.9020329268308,-54.0223344869671,-298.67306399384773,-90.84759308918261,157.03498534850027,-134.7024951851688,65.70640239393572,-19.701536019358205,131.73505812742832,-4.590365852122387,-118.72217158762501,-1.8061461158782888,51.95086966351119,-352.5503362552623
1771947786.7364016,-109.05045212036379,85.69072180660585,-1.9833038651700927,-110.53011600057143,-67.86226046115019,-88.74427834912822,105.43554795327258,-377.6522701629481,316.3683869410995,-47.681752991332104,-526.4695581373262,-116.16041343130264,474.76660429662553,-455.0593370569887,-746.898835713274,-46.20844598864258,-288.19978506545306,-195.69189251758766,27.361604036258555,99.82355099240792,-6.859860308112114,-8.99624460565776,124.35516700280868,7.308983290053132,-122.5620381725686,-61.367086531901755,-130.22569217336638,82.22344368287808
1771947786.7404206,-107.01405259033793,72.12345296403575,4.44327046669968,-56.72427757805754,-48.019786302437026,-133.67083498311246,-70.3135459096452,-363.9216430552381,329.4175029972844,4.367969925019889,-328.92910184995003,-75.66405960081644,191.94682732341596,437.91677959725365,-696.7149519717306,-34.79935289298579,-262.1142501878222,-251.99108606052283,-135.54537310860258,296.8990187394226,-158.53031520763994,1.982931875719634,114.87384019317325,20.798547461602357,-87.46862568633686,-84.42021000190914,-39.031444379927414,-112.59049983561965
1771947786.7443182,-104.84131992139551,57.819609010050414,11.436089775810386,7.757742203435431,2.5890146947286374,4.001317844511132,162.10771366680657,-349.04083387496695,334.8441415301443,56.473129992854844,-31.997794299643534,15.903901974309631,-388.2635931341412,108.5481895561784,-643.7013309536851,-19.65120787658459,-221.49049851946936,-238.48832462211243,-214.55781885336242,117.19620119160179,137.86861902059974,13.179336421793744,103.61276925060399,35.22429476361704,-26.89266213305121,-55.68043780533911,95.57469766690842,172.9321480823713
1771947786.7482157,-102.53560768555447,43.11235448344765,18.299801087969925,59.87628562749072,49.3638757838393,37.05718642625191,152.25460885366724,-333.0707260405415,332.4013724218805,105.21006394774808,265.9822823908728,102.7272299035067,-501.8555193729364,-395.21206551276197,-588.2228355724907,-0.7926233838875213,-168.30842959217222,-158.86288797568085,-145.48687345849834,-292.22017976034306,87.15113508826475,24.535133980598903,90.92282289521665,49.68108991428285,35.953986356666654,7.37765485075576,-3.6200682306483074,213.64203910071996
1771947786.752113,-100.09925204146413,28.321876129686714,24.24799652601877,82.41586625929469,61.49723314854012,-31.749360601660193,-552.1376023595984,-316.07770756493596,322.04791275860634,147.36037405837743,469.355000750744,126.88373431213867,54.555377881270715,222.9749529807526,-530.6553902142502,21.573125003161785,-105.35863749563387,-41.592836872270695,30.91215487825423,-374.83357013554587,-143.05955376348612,35.99169249802703,77.17384828282745,63.07330927145398,77.63046820787666,65.27082864845312,-145.51553704360026,-585.2151797203343
1771947786.756011,-97.53359562759933,13.7464686912976,28.48729924213368,70.61305849555848,33.4977614324734,8.74315660505535,370.6207691817633,-298.13326156664544,303.9517906387804,180.1431159909622,520.4524244712643,68.82121356105489,570.0214678986393,-125.25705463857719,-471.38306687911574,47.07275586240018,-36.087823009862696,71.49525575803489,193.042209322806,57.01099420571987,-4.218828893398702,47.489961608729544,62.74416327037963,74.20418851867905,84.18029853111025,82.10442025502951,-15.293643595290021,296.5261735352444
1771947786.759909,-94.8390265222993,-0.34515973196177885,30.31002747602292,33.38592342572749,-12.337779696239602,117.6460252312176,191.69510134038737,-279.3135276851195,278.4878960138531,201.41681414028358,418.41624820479154,-35.31245675703797,339.2904154200168,135.5783662467433,-410.79513415547376,75.17425054229908,35.60590359227946,143.10014005201347,224.60820736936026,459.49712380964587,-31.502120061712557,58.9708463099735,48.010033130124434,81.88617762184137,56.58272166009963,48.83265615386036,220.07173379330555,283.80044747422824
1771947786.7638063,-92.0150313167947,-13.720125033794707,29.185250094037155,-11.294706344654386,-43.82974106761402,47.50521745207969,-418.65235892305503,-259.6988375799491,246.22939896804118,209.83512808999603,214.4336407087709,-115.60154954632549,-345.8993130341255,225.9849838540461,-349.28309388498303,105.20423708140946,105.61429677139513,156.1471684413536,100.27266316158949,268.4098773275611,177.7626114974662,70.37557313483812,33.33542818735414,85.06192495706195,9.453840240350837,-11.67783935620638,133.05258656174345,-410.53964565763124
1771947786.767704,-89.06026115663138,-26.185967370072095,24.837707763361074,-44.606402199378316,-42.82494556635079,-167.09775851140174,203.0594649800692,-239.37322744487074,207.93321867650425,204.94357615827482,-13.132275225056242,-117.05788010730548,-563.6447976564614,-683.0875708312359,-287.23773042837365,136.37077253090516,169.8800970419916,119.48844131494948,-93.80721415630913,-279.18703924088453,27.517036170697946,81.64604655273185,19.062354209527594,82.92384941906147,-36.23791270852468,-60.91578772254515,-220.899852877821,123.43321799602583
1771947786.7716017,-85.97260943286568,-37.59349818888658,17.304883392561653,-54.70115548127752,-16.51543004817286,-176.34749116829846,7.848118753181368,-218.42393014350543,164.5199284760711,187.209433595024,-191.44753943688607,-40.10442168852733,-31.12195166236838,442.7356413190574,-225.0461971458058,167.7906204951942,224.65939204155436,60.99215282347045,-221.41746449705434,-450.1018288877398,-379.9429692605632,92.72519356649994,5.502034743520113,75.0197806850303,-62.71907497143304,-70.46846305928719,-296.7104467452161,65.35794567637802
1771947786.775499,-82.74929967397925,-47.83784554637936,6.964406045060099,-40.558866755995844,11.695615056829393,111.66621336735273,-17.00340459882404,-196.9408493067216,117.04867354883386,157.9823348974938,-278.93518240418945,58.84433627093954,510.66795038745363,328.00213164433376,-163.0891640967135,198.51997443906765,266.76622099599683,12.193435536897645,-194.72174781526147,-40.21767332808936,237.18779068967672,103.5572947140627,-7.072796770796344,61.33292869914102,-62.464919801011526,-39.180297375929825,91.87201061759396,-29.779100141755627
1771947786.7793968,-79.38698212042958,-56.85771892120684,-5.4732077805965424,-10.494565715743503,22.784811292460837,290.64297537630483,2.7338350330481593,-175.01601760504025,66.6878486333454,119.38873581358708,-274.0132346480444,109.10356730179514,342.67778228535184,-694.6349691722833,-101.73805014285935,227.58747319491857,293.7815525711223,-7.063540863578331,-36.59390337344923,371.3053714161952,244.7453907289567,114.08829987900612,-18.434268014541292,42.32643456533178,-39.571074291935616,9.293096112151302,398.5711157083818,-15.606641767432347
1771947786.7832944,-75.88183743954626,-64.63298350209152,-19.00799929270192,23.23045860749392,16.250062220949093,43.46710689028617,-82.39839064611614,-152.74304139004155,14.682428382022314,74.1687466909434,-205.91071603523523,78.68612645630728,-254.60816145890604,409.21890364400195,-41.35236167656974,254.0282942551919,304.2113097350991,3.712662516211324,138.68968624194432,268.64356825973033,-343.3295673221596,124.26612746904348,-28.40421427126656,18.945793903803178,-5.513556854276392,44.91323469729483,130.61739308859723,-35.94696348296386
1771947786.787295,-72.22968602686923,-71.18069847608692,-32.42793681503693,50.440280118720864,6.408153170941178,-308.59079682080477,152.7106903622609,-130.2165339057224,-37.6810410209456,25.46848578277415,-114.88392032924294,-2.7422665377937085,-450.9014884415272,2.2361634211509935,17.722840927166196,276.91809449975744,297.58187482620775,28.547732040811017,210.17381962189233,-129.54256818219466,25.102142380857103,134.04094567108447,-36.85735897703268,-7.423732182817044,27.665985879305058,51.07706044804615,-357.67278701494223,107.02333045791202
1771947786.7911928,-68.42610132860743,-76.54983152714217,-44.41423258168494,66.58787097208365,5.6685483909492635,-226.69839818715445,-102.04513186990256,-107.53153928490352,-89.11069743880468,-23.395373749990654,-32.70791944502204,-69.25315525818169,-33.78099100766199,-226.3656861943305,75.15932938304802,295.4055979555965,274.4661885149091,45.57308685966517,136.03008072319395,-279.0405857965783,149.37172026809512,143.36543466451369,-43.72273808969457,-35.043341662062936,52.7385690701549,31.929615682521028,-340.5125520069018,-95.36769881501768
1771947786.7950904,-64.46652562412284,-80.81491081727906,-53.66538042751035,72.42832967681562,11.259952479685293,208.5478895761959,1.6503210068029333,-84.78294960868078,-138.345728266435,-69.18007899929539,27.675969808352463,-72.0350654437265,367.6625296169182,341.2350604635565,130.64792792116464,308.74270411290416,236.43877841779272,39.034180740436014,-22.046991317975568,-72.54817446775742,-53.37871051412766,152.19502885887215,-48.98333283415502,-61.94488166903002,68.56788080170388,4.227458593873111,180.3090938122327,25.04160985487519
1771947786.798988,-60.34638674758624,-84.06891485558639,-59.02826203167043,70.67932148056953,8.4995421415948,354.0409829355083,22.65371143594583,-62.06491744310536,-184.1917023614938,-108.95098934236032,70.20938794993849,-17.43794559211532,223.7764080860477,-359.2084435378007,183.90055165487593,316.3111032602196,185.96338309598156,6.737893500252097,-149.8568696061058,137.95928069997774,0.5612687459163895,160.48813838560642,-52.673932940159816,-86.08343341861803,77.26233101569007,-17.258578320585723,438.37310341286457,1.5385382152346123
1771947786.8028858,-56.06121430228431,-86.41572839165617,-59.62334812590054,62.085313239602435,-12.013264088743458,-33.52159990289194,-34.97358888833575,-39.47026645081276,-225.55375820050824,-140.2872742810117,104.75143680697725,41.294591721497454,-194.75483109050634,184.27007902828157,234.65204835690713,317.6445307742856,126.22183425291898,-39.96673324831944,-164.91931991986232,116.70333432169151,-54.58031091694277,168.2063492034275,-54.87731125735109,-105.50560577606265,79.54389317954103,-28.30530354561161,48.50628748369313,-22.632167015150426
1771947786.8067834,-51.60675400501289,-87.96250721581326,-54.950976765935096,43.54080138972278,-39.929672453550715,-381.9576336757503,125.21590851508374,-17.0899028636009,-261.46660870484027,-161.44349850959998,134.6216407294469,51.28100565859265,-286.01276265811606,127.70557867975477,282.66183106640335,312.445963409467,60.89712090036775,-82.62486355791961,-70.56435436266739,-6.823053214672956,36.17007972038149,175.31460129624256,-55.71884810637606,-118.51884204709265,71.65830365590456,-32.240691066974016,-397.0644097306075,112.21362308875136
1771947786.810681,-46.979078875873256,-88.81229560757076,-44.96697213159343,9.808658143588898,-49.22546707101042,-149.8188509335508,-136.96621179399222,4.98776921939457,-291.1204286579204,-171.45532625458702,150.4146872943088,6.145169513290729,23.396065352638445,-342.8793609405621,327.7152909638367,300.59925020084233,-6.073247699693276,-104.65865990670041,56.08686445241123,-46.32173296902154,47.633538931120114,181.7813445759705,-55.35979733521406,-123.84636335030827,46.3383436465131,-30.76021808048306,-230.2103213759458,-122.40795294046964
1771947786.8145783,-42.174696077614755,-89.0572275186093,-30.118394969022994,-41.6750746245977,-20.48296457726022,317.7515989717335,1.5053688573756918,26.67742555553915,-313.88182786872807,-170.18234634787265,134.06043453384015,-48.56240329462089,253.04793519397606,311.43271938179265,369.62498200351496,282.17487119868406,-70.75557344143846,-98.44853942369824,126.66504927047478,-19.86825111257667,-59.21950239690354,187.57867223712157,-53.989434145358075,-120.75312458349785,-1.9753500084487499,-19.2508789070305,267.0143429648787,-3.400719741547624
1771947786.8184762,-37.19064833723194,-88.77261754057375,-11.333782568659979,-105.51405737847435,36.87532490163548,293.32415786347934,11.381388608563512,47.897389138820856,-329.3092780198367,-158.28629385887504,71.15834346051679,-56.07688856247656,104.21485513363213,-152.69895788162705,408.23157086672484,257.42972143434844,-129.471522514603,-67.6135238322753,103.98162855799626,-19.1501322354065,10.423548401674541,192.68243141060944,-51.81636631212164,-109.13031935552263,-70.26886168556393,7.493287345451517,317.6163427327827,-9.198184674655778
1771947786.822374,-32.02460905071923,-88.01221118659971,10.03348258886743,-166.14695790733774,83.97808372010557,-192.86171138077754,89.88684527408586,68.57018364348212,-337.1625476291886,-137.14826696184963,-35.4134056799261,-0.8787722926715243,-160.39275163362652,21.127968895835643,443.40454787449454,226.80101806467104,-179.0253870958527,-24.197454484809892,19.73230756564223,-25.90225216914397,5.721665220440473,197.07231102111587,-49.05932396777409,-89.52937136367713,-142.85159553203061,44.08138544805433,-125.29698841738578,130.16656643072457
1771947786.8262715,-26.674970347650415,-86.80481656755204,32.30545361503595,-201.22494741386532,78.97862927097388,-376.4954573135396,124.29907292864831,88.6230691236295,-337.40590080577397,-108.73345207413334,-158.99159392707827,73.08088740166093,-167.13097707088585,157.09577787109876,475.04269656045756,190.89461882939324,-216.89181124811736,17.2289121933726,-58.91313556932218,14.31514265456229,3.2301521957289254,200.73190679405334,-45.937766464550364,-63.14069460047878,-193.81188262583532,69.96541684897774,-330.25520331061404,102.22697845665863
1771947786.8301692,-21.14092355257128,-85.15248234336768,53.61589771609312,-190.19677548496955,12.50084438178338,37.57289694305442,-484.1136462302301,107.98855596666944,-330.20502442952323,-75.41596347948847,-254.9525698935836,96.73257167284851,40.6840714622446,-389.65302551157765,503.0743216349844,150.46821376419734,-241.3520963465849,45.52254725657888,-82.10448693258648,58.39930108250753,10.550794122879296,203.64876341201278,-42.6626561314334,-31.717399449405328,-196.65036230729393,59.964035748056,16.2993739005869,-500.52368810324305
1771947786.834159,-15.422531639974528,-83.0303223097316,72.07109011435271,-124.54890142663932,-77.18237068517682,392.0762931537008,233.4540603414668,126.60489290811081,-315.9178582314512,-39.77934325355664,-277.91511342753597,36.259576048516124,146.94808602945807,360.2150968911181,527.4572370561201,106.4100044019087,-251.5713525108333,56.45029241179566,-48.30232212985601,31.542036151816625,-26.939653712797266,205.81439387626472,-39.42774739079547,2.5508825701246205,-137.4818754477184,5.42877448807538,316.4672617223073,254.3127609166318
1771947786.8380563,-9.520793465411282,-80.38801813710418,85.92080693154026,-14.58335286681114,-125.85975649412876,120.43517969083118,442.9438761596339,144.41652471918258,-295.07970598743935,-4.4098239927914555,-203.2028208273066,-71.56997949771892,51.891818515090385,43.61420405176606,548.178517846379,59.7136113417951,-247.61335308965565,52.69220517245646,5.16386225946215,-37.80670161076173,13.949966185079715,207.22427615865135,-36.401725954986276,37.20425055518336,-25.34123640993175,-70.39289608237826,68.29790525615238,448.0052285827133
1771947786.841954,-3.4376997570101206,-77.15296094800924,93.72367764171226,111.30377856550797,-90.02465148824477,-339.7854570829146,-496.8575559122716,161.37451499606314,-268.38319615565024,28.30048086514781,-42.35508361611607,-142.21051025487654,-57.78922155241171,-360.5747034123116,565.254021143574,11.45004904884561,-230.39460555468943,41.0476569565686,37.520245673355035,-56.04223349436533,7.105775776558306,207.87782723840368,-33.72150660451193,69.70523346663562,106.55186033242218,-119.15312539261592,-300.97006653486176,-497.1772257935561
1771947786.8458517,2.823718975729147,-73.23492124719445,94.4910435099219,215.6075641635905,15.875297120108982,-250.39280597779253,-46.980205953252145,177.4369293455148,-236.6538293509409,56.32470890009904,155.8420737659094,-109.9249764294281,-57.99039093561022,262.6622760581911,578.7276837361503,-37.26232581816624,-201.58351051696735,28.60183690911921,34.599469492734556,-6.3169868870560055,-10.105846133791484,207.77835465044882,-31.48695888892166,97.64167276825964,211.07964671840782,-97.79193410905516,-159.51913290735482,-82.07541592182682
1771947786.849749,9.259352338825064,-68.53206745176149,87.79501029400078,265.7689506894101,122.7263884667711,235.18237495814208,154.05174396767603,192.5691741984289,-200.8219916769211,78.13369436561798,321.26860181324724,14.563929777832538,-27.761969609087135,-78.55205509274579,588.6706049976614,-85.28895009875178,-163.4542164305229,19.712885914466938,11.981880414481957,37.41067037530251,5.876772516172401,206.9329857523007,-29.757278480814282,118.92234851148203,246.1024101846105,-3.867672253110383,264.29583118621366,184.58453721788493
1771947786.853647,15.8639773920388,-62.938089173482204,73.82936621941178,247.2649086523488,152.84302376021122,329.111801209723,151.07691971267002,206.74428649957628,-161.8924220498512,92.78052014145145,389.833060917935,144.45378106786606,-23.799078416786013,72.6813320198653,595.1799256909366,-131.51032616877396,-118.70762991044582,14.946633945216396,-5.481819532271918,27.334381964502818,-7.3082282924338715,205.35257502726316,-28.549159938163264,131.94831915879863,194.07586306192553,111.9142798712243,262.2916519440629,164.07480354347365
1771947786.857545,22.631233004059297,-56.35012535831189,53.416199010274404,169.52347585450642,77.46802752942703,-108.66017479209897,54.37635487680818,219.94316964295055,-120.9121940606243,99.93246972709981,330.70120288173274,179.53818102858358,24.070928630474004,62.951144004539564,598.3775145512266,-174.85250698827204,-70.27383098284552,11.999709788594409,-6.468309979204532,-4.363590635933819,6.027628084411015,203.05158987360156,-27.836856686857132,135.7449194508317,72.84989221336608,171.68201352132266,-171.37709798533587,37.312890488247604
1771947786.8614423,29.553600805104267,-48.6771510972364,27.95600972355585,61.51353274127697,-57.56160166559779,-357.0931630429359,-551.8374322170803,232.15477128620844,-78.93830553138038,99.85045773850868,160.882331953727,84.54606870694649,109.28936318928551,-412.0906336525033,598.4084758714906,-214.3159224542676,-21.11078127669713,7.761048655186935,0.9018979384227769,-14.664572475416968,2.4618507550392374,200.04797551526747,-27.55413802718232,130.04273241078937,-68.88603793178169,122.99100115753728,-334.8235986164776,-549.6624091152559
1771947786.86534,36.622392399361004,-39.84844243352721,-0.6755854345749723,-41.0613337178324,-160.08223223367153,-17.8630544137309,341.3431622555628,243.37619909925263,-37.00596075087265,93.32064247360388,-60.15243843587754,-78.80981034256817,78.37589529207833,394.986478359231,595.439492495536,-249.00175125120958,25.986292563910403,0.3240187909840659,1.7728108645143266,-8.17070963495528,-7.930374189027148,196.36299992094226,-27.598073687866187,115.30031637990906,-171.09650235153984,-17.497774857316738,23.516251454695603,286.49113682236356
1771947786.8692377,43.82774259370387,-29.821719258556506,-30.276376779053273,-110.71908405047479,-156.11379542960506,348.7287199318224,354.2268717820557,253.61277104786123,3.9014168889675918,81.5469587230954,-254.0794825037541,-193.83995088446915,-97.37251326026808,189.43515311107817,589.6570196706906,-278.1351389244437,68.55201332880557,-9.980038991032846,-8.608156446228177,-5.785658885512329,5.47795653394031,192.0210798744557,-27.83449859239229,92.66660395204126,-188.86919145263016,-164.54260313731433,321.18831681389264,443.99589362256404
1771947786.873135,51.15860842802145,-18.590565545155517,-58.498730852942735,-138.07732504685853,-44.38044925359333,146.58226859750417,-512.3520189621355,262.87799742199667,42.87948669328019,66.01638031181781,-355.25886022388795,-175.0235627767147,-186.86877534234057,-574.0296025898758,581.265346117023,-301.0846760041899,104.58407254663885,-20.83149933577191,-20.031171342035563,-3.447152510137322,-1.6332412457001355,187.049589529868,-28.104939014809716,63.88620971968485,-113.76676283872091,-216.14857304642544,117.81576462908029,-484.2004545054434
1771947786.877033,58.602773752286424,-6.190744346465404,-83.04759183862062,-132.28563507779242,100.0735514853641,-300.0589974951265,143.92822753555174,271.1934924294309,79.12676464520665,48.350558309891746,-336.15465391204697,-32.88669964051084,-24.489870042206604,216.74233515115918,570.4845394319389,-317.3776753485597,132.63524431233736,-29.118778263961318,-17.975551937976377,8.651346139422193,0.1217774421911021,181.47865290350774,-28.23471934971355,31.15589628243189,20.43388756344608,-125.39151442744944,-214.5946026092047,10.540020889912663
1771947786.8810143,66.14685903126998,7.294939201494577,-101.87771927300747,-112.61409561205998,177.59072205078292,-279.47593344296837,43.239509103002774,278.5888137438413,111.9641651016054,30.15794295297795,-215.6430484844048,132.44063588186285,192.32311129531118,300.15587435117453,557.54829356555,-326.71092102605223,151.86034733107206,-32.37646794005878,1.1451112883761023,16.982363324472413,1.592168587439198,175.3409218382606,-28.04191810048935,-3.0552995177098836,151.32820876460096,58.963264662518824,-171.33255685241565,50.657623254071964
1771947786.884912,73.77633598807554,21.733521811845396,-113.37242621404735,-96.21782010573132,134.41133051448912,182.02670278477098,-45.65691791917705,285.10122891562867,140.84976322606212,12.899594286115008,-47.52193606946104,204.50394323461643,159.89479272281255,-285.2687494843035,542.7016965729312,-328.95669765233987,162.01787195654063,-29.77734715080078,24.706255909898797,5.070432780790384,-3.6110633135339647,168.67134103246067,-27.346804271289,-36.20666760320321,215.50131561853752,217.3162372594076,88.71592625411361,62.59576553917723
1771947786.8888097,81.47554661509257,36.94074178103832,-116.48760161895144,-88.78812052715169,0.9259977366034404,378.34281672609944,220.12499067404568,290.7754080767399,165.3884041430308,-2.2202251066184764,104.23510019183469,135.1767843181995,-80.2764492617113,-23.57663508565246,526.1989371747186,-324.1640449669018,163.4293763674003,-22.311123420988086,33.63398442314053,-14.731072417371495,3.1419197592085113,161.506901754346,-25.98136274186264,-65.88984719032936,177.80983095739742,238.37622243957014,117.77528581245606,319.3810647444593
1771947786.892707,89.22772600147023,52.68202601897489,-110.84783791493538,-82.93965411751384,-130.17982053166259,14.783996601878655,-345.6348706056796,295.6630429760393,185.33596920389778,-14.330626426473208,191.5154952799167,-22.559005417985713,-199.03937764728323,99.57955023407584,508.30096883894373,-312.5553137412356,156.9027208275977,-12.20642107361894,18.710433749235374,-16.596944903870607,-0.5819837357615376,153.8863858951567,-23.798509657846935,-90.01882751964844,48.500086840288986,99.31708228427996,-46.40083336325773,-638.4813870232829
1771947786.896605,97.01502838356569,68.67567104725019,-96.78574925831457,-64.72062858746212,-169.83182797899923,-371.35318844544526,92.35076213396253,299.82239309772604,200.59830007948852,-22.93341993919746,198.17068096634966,-156.35424547230315,-57.03258259114561,3.6974024185751215,489.2731501369622,-294.51822243587776,143.6275492709893,-1.971158001064551,-10.78948228422113,0.7148840569997892,-1.2129817462747414,145.85010209068585,-20.680605877586117,-106.9898959961479,-120.31896020178023,-112.0691789321826,-41.32751013402822,80.14085367997008
1771947786.9005027,104.81855582183175,84.59819583802124,-75.32065667400668,-24.034661681069238,-94.59122387073594,-231.3340683857764,260.4860155981613,303.31776040586607,211.2249703821017,-27.904602835623095,140.76797873422646,-177.01232059830338,125.2391225936048,-0.07768841407465413,469.38288002816466,-270.5937264517223,125.05299872006785,6.480638432343726,-33.67396207541006,13.876125286747111,1.547342863016685,137.43961574888223,-16.54689832677758,-115.79832867444327,-257.54028930069853,-253.67916048649863,114.47515026705689,737.9091701147198
1771947786.9044003,112.61838890823786,100.09175435481049,-48.07826159939766,37.28601777854096,39.41220635838692,219.78024050097602,-278.17090508442504,306.2188950745006,217.39827464095592,-29.461083211656863,56.01408478502043,-79.50765502666657,117.49863997334835,-62.5103323996723,448.8972464959864,-241.46011098402832,102.7583396784881,12.277071115240005,-33.26763475854529,9.259919078520868,-1.4857125678171728,128.69747489611134,-11.359556580188508,-116.1026003716403,-304.6259929968909,-227.32163595936865,64.13066870565923,-684.4780595268545
1771947786.908298,120.39361888856632,114.77340757827028,-17.158224264606158,104.35214028308837,138.90908179040113,357.7712960461371,35.81302854347273,308.60033537801223,219.4179689965648,-28.098852490961683,-17.70268926093519,60.197320497338026,-18.63511155770851,27.58973129876435,428.08070659650645,-207.91380258900784,78.3271121947114,15.523858156631274,-10.266891640830117,-2.5402750418457027,1.1363207450636794,119.66693374877993,-5.128024953935719,-108.23166608049942,-241.11352035823845,-49.17549186089928,-192.83033409404874,-88.76050079157068
1771947786.9121957,128.12238057234183,128.2459729883561,15.03878887816443,155.44064643340133,139.7584643511841,22.941612584756456,98.8950452596163,310.54068571882055,217.68244117637838,-24.511153352190256,-55.911342956526056,145.1955998028292,-83.69059283625668,38.9936168598839,407.19281549625407,-170.8474623885652,53.23437484475402,16.876456940717894,18.1869578720038,-7.106624273395271,-0.14114650642344184,110.39167582459834,2.088523017040503,-93.13598698359003,-92.40722166558571,159.7266118135397,-216.47763137983014,564.7148336046553
1771947786.916093,135.78188545740198,140.11009870052357,46.00946006502435,171.93330417349645,49.027901545893144,-316.8520509581076,-34.46081491137508,312.121837550526,212.6671042777179,-19.496529412215864,-54.793195042168655,126.42470666839075,-34.30132960238866,-30.856287603660707,386.4860214739836,-131.22597469394137,28.75503691345497,17.020689286209315,32.0228294442731,-4.2729844546510405,-0.8883131097041679,100.91553824211138,10.180763624810345,-72.28796296762306,83.05441188961206,257.8894760355614,136.08801984820533,-390.02362554367306
1771947786.919991,143.34845464782472,149.97715339883675,73.35429212268478,146.72533746767598,-65.16395826717549,-232.30926818591522,-18.091452181803625,313.4281387059086,204.90089569759934,-13.86690263599463,-27.921327004013165,30.34694981181615,19.69207548754007,-2.284364647912396,366.2035431489492,-90.06097855848375,5.899053826301718,16.311899492511095,23.22776270376412,-0.9573467284616667,1.1513732925214826,91.28223865460446,18.990887697731388,-47.54181955117605,220.24719258939845,182.35246418050897,378.8516128759406,19.78720996448791
1771947786.9238887,150.7975513709647,157.48248364042774,94.97434041558164,87.20078646672481,-125.15499021360095,132.3180221798433,-34.061328660710544,314.54551735251357,194.94181639515458,-8.365032965090828,3.631549398937313,-69.28377978508796,18.976424894371046,-3.6238122810877287,346.5773443829195,-48.384606662917996,-14.623277817114197,14.696927632535678,0.65686827205566,1.3418411566703607,-0.739002709532808,81.53510609874077,28.316318012712212,-20.966367180748023,274.62174878277517,-9.168009880974369,94.95107810985863,152.486903409228
1771947786.9278607,158.10381314666554,162.2985673101167,109.2413817009548,11.922055564770142,-97.30592914497547,301.60275543588705,58.399947644190114,315.5605674659955,183.3524649219743,-3.5990057693632505,22.241803701529754,-108.34008075581863,7.957079683004195,12.544411361151369,327.8262213925555,-7.223096672126076,-32.40537792076647,11.8909861139314,-18.254921676517345,4.181603695774738,0.16788230669033036,71.71681697550167,37.915365031071296,5.333902641315817,237.61723724568472,-182.52666934434367,-377.751640695664,-147.60360864282865
1771947786.9317584,165.24108389051042,164.1475859730362,115.12720982598802,-56.90920690981823,-10.21039028286289,86.53343533596136,-19.5064588116754,316.55960332537563,170.67650491443635,0.0010112877910081553,20.793886606137466,-73.69860384714289,15.555421684223848,6.675929528219402,310.1540156109278,32.429074222743104,-47.31986729441536,7.674861832998022,-21.356980285748136,4.994658841167257,0.29064791857945843,61.86913742172024,47.51463203167411,29.39335881611919,135.20189185597025,-223.70655284104743,-370.3096103087317,128.98808829766259
1771947786.935656,172.18244644695565,162.81294996422983,112.28148868167776,-101.65677439320818,71.57273911791299,-214.90345879883606,23.609853754711732,317.62769108770544,157.41695485436358,2.2013141824798215,3.5711789331250183,-2.4628051173608885,9.20895264992179,-19.965497991125762,293.74796476026006,69.63390920770844,-59.469907039000155,2.1523681015392593,-9.98223513752673,0.48142252020804516,-0.5109174065677242,52.03267341249645,56.817914347409804,49.54031176278653,12.542675468455716,-116.3847691893292,151.5637916812501,-121.86724138175221
1771947786.9395535,178.90025626619524,158.1493383674251,101.05220566519758,-114.7504903658513,95.35449836586733,-225.7446986897488,-29.187985729776067,318.8476659856332,144.0171069155041,2.958989798894611,-18.14692238103472,53.05533834829737,-22.115017867736128,7.653370474404181,278.7772034511003,103.53288467557442,-69.12273243383777,-4.144498441317347,4.270398159396533,-5.91558131537165,0.41112198536479966,42.246629985376636,65.51627988446384,64.51981122503945,-86.36466390890419,54.09924557427625,493.1511758676035,42.29572771179341
1771947786.9434514,185.36617715329518,150.0908604593969,82.44782433468538,-99.62984005497914,54.24890538486752,43.386863426189116,-62.11415245480146,320.29914410385834,130.84477079109703,2.3951863185084847,-32.74925314278249,63.40399342101249,-33.39229878636153,4.223694378526129,265.3914234148356,133.36768629516484,-76.63305004229957,-10.33237786092327,10.304038276666907,-6.634161946682285,-0.13082577155781136,32.54858097029423,73.29897082764538,73.57470303265704,-134.7279059276779,168.53258511016975,181.81638888787364,81.39097256255356
1771947786.947349,191.55122019828508,138.65700351216273,58.04526997886126,-67.39324131976113,-14.501783059866556,236.58761807656373,117.86230529020749,322.05753802387795,118.1804027161813,0.752667388571203,-33.78547907158352,35.592919131658824,-0.7750478727260613,-2.1755954196803615,253.71970221570052,158.49821987712085,-82.364620147127,-15.38973237290847,6.286784696788254,-0.0012346483164694094,-0.04984065987633849,22.974250580346993,79.86473190632034,76.47960151458336,-129.08561833978877,159.37521072912804,-369.0514630387184,-135.6043643419136
1771947786.9512467,197.42578712480667,123.9561017120458,29.85244959701898,-31.216656084784145,-61.113927944960565,116.8969835919094,-14.277079315094868,324.1930858758652,106.20952448787307,-1.655553334607843,-22.051807374492974,-1.8585185132388216,32.78850660135759,1.323792363812615,243.86950798414364,178.4174976721193,-86.61828166873283,-18.420529963062123,-0.570738226593613,6.818400493407927,0.030550652320175946,13.55730821402024,84.93315112825353,73.52689939010129,-85.28498828517975,51.16795532420089,-421.79153987006,132.96717762339952
1771947786.9551444,202.95971938874072,106.1861404257282,0.13772051355984805,-1.2657768168183718,-58.95541553603776,-143.95236317426014,-67.06221656247013,326.7699034977727,95.0196678566996,-4.499102070390204,-3.9929043623816907,-24.580637182413774,23.022586542117754,-6.217153060195545,235.92588637460273,192.76307610921884,-89.57390462618096,-18.881606721569046,-2.0533714768148608,6.237590120495872,0.030662680901920616,4.329177836873122,88.25559511197956,65.46832571695278,-28.169784864663434,-68.69957097964472,78.0708240858992,-105.64896631281896
1771947786.959042,208.12235443900514,85.63279699849734,-28.758720743717873,17.90434207325373,-19.01571556266679,-203.30776561460573,-19.328134531381387,329.8450694713818,84.60190239967773,-7.477560622106073,12.154527052350762,-27.050986178191284,-11.189364329766907,5.5297264141334175,229.95083458639385,201.32480116057246,-91.25234013136229,-16.71218685230784,2.9725330851345877,-0.7907214381005232,0.047685581466715206,-4.681136695227215,89.62533213395216,53.419461192997495,19.58655417680637,-119.94868089093141,444.3685161894253,-23.590806797525108
1771947786.96294,212.88259061341714,62.66471066296432,-54.6153503503375,27.018485590597752,23.959089827737042,7.348085221385761,81.82368105197358,333.4677527803693,74.85682634119061,-10.35624022043536,20.314124401130016,-18.484969841499225,-23.48732687059708,1.2390705724095712,225.9828659054568,204.04870108474273,-91.50149278406072,-12.338128211692082,7.760585501834738,-6.2352789865743175,-0.22924454191330296,-13.44720906467621,88.88646075809106,38.737677742842806,44.94824448781261,-84.26731871078721,204.08735078395176,176.80478821607295
1771947786.9668376,217.208962154242,37.726066265067445,-75.50576788821049,29.755490796636156,39.85565178772156,201.9988964162177,42.151540875240784,337.67839271471433,65.6047262493605,-12.98625954186948,18.828582611631173,-9.046204696186491,-7.194616157356324,-4.259576076004935,224.03676683593213,201.03695190199878,-90.00831947446241,-6.555216563881194,4.702262127585119,-4.715282676432048,0.28803606102864904,-21.94532944458715,85.94130019320585,22.88593464216073,46.228790526273514,-6.888823446298592,-276.6363789257632,-127.22682749452628
1771947786.9707353,221.06972578020566,11.326666083667034,-89.94670924852511,29.924792440839017,23.816969576716126,119.72950882593852,-180.21678912816716,342.50794042796707,56.599449405534195,-15.30704477810218,10.338769193514224,-1.0962434398606749,8.478435752140768,2.3380595422713966,224.10354750260808,192.5439272968392,-86.33604748134992,-0.32297246907036564,-6.444030361129319,0.7218230077446621,-0.13307223147309175,-30.154623806880647,80.75594999954981,7.295599522282791,29.90290984129116,48.65429386738113,-342.0016229643651,-41.66410496942108
1771947786.9746952,224.43296016528484,-15.97025143744934,-97.00601975074383,29.42700410896296,-4.677051089551515,-129.36791937322894,126.12055948554074,347.9771712389705,47.54538781966074,-17.33182661624313,-0.20241463278487962,8.097636461000588,8.370146062205237,-1.214045852897869,226.15058462661702,178.9684304738161,-79.98340742262113,5.475949066352001,-16.95012495998268,3.770756254733243,-0.009297781622042704,-38.057152455029915,73.36378972653009,-6.759053620536454,5.3819852156156,51.41573629509984,44.75491672985187,40.320930174477134
1771947786.9785929,227.2666795694174,-43.56211004006969,-96.36267192670574,27.69145058370042,-20.620214765535312,-204.27306016044056,46.00813014416301,354.0960763583858,38.11685063187918,-19.119059745441884,-8.128205357106149,18.164838190205494,3.165559496039239,1.2799901360505945,230.1219550156281,160.8422895845756,-70.46040134601117,10.238761049142774,-16.186741934456055,3.132021634221075,-0.0016491334354694796,-45.637986703745376,63.86676040310124,-18.263697408366564,-19.190941819969662,19.407609953393063,312.6116502676121,65.41813902936698
1771947786.9824903,229.53896273311463,-70.82260803171265,-88.31516752854836,22.61805675610972,-13.774151104859616,10.07788013102347,-138.9384277295259,360.86334221455616,27.979006493482373,-20.734656891361873,-10.983322742494918,22.475402645397647,1.0053958833904721,0.26767403231017994,235.93895617420554,138.81557947240324,-57.373270297671745,13.735767795189007,-1.547904409503751,1.829754856179618,-0.14072071946692064,-52.88526272534086,52.434346353235796,-26.53583036430705,-38.55857772183254,-6.286459405398017,128.00032336065735,-24.390485015300587
1771947786.9863884,231.21809796296301,-97.11838753778675,-73.73910805746023,12.429501821951169,5.224647824451415,226.92519616662685,123.52127452923439,368.2659249554931,16.80951299949895,-22.21127670152346,-9.04831408870088,14.059301472147638,-2.5099834254460798,-2.159680854026826,243.50080933774555,113.63880940563358,-40.510060069889406,16.049473429615134,17.64487930671675,0.14307135917270472,0.5784209933104235,-59.79021170828002,39.30025525925467,-31.260683223531544,-49.79531924480839,-2.338151927902421,-183.1202865936569,-75.99543228375421
1771947786.990286,232.2727450917677,-121.82626428638402,-53.998966146942784,-2.5796012935527504,16.224245652733433,129.47178143007133,-106.69870899261673,376.2787270176234,4.319918813343659,-23.51146747623585,-4.516741444811602,-5.553917925993428,-7.12798540379221,1.8564313299771131,252.68553897194894,86.14248792388139,-19.917639042942557,17.372658017747707,26.468486731405086,-4.07330259408978,-0.6818042146157604,-66.34716559904994,24.756874638576996,-32.48981031829393,-51.13762346977567,17.706105232803985,-184.7539245999378,49.18844821637834
1771947786.9941838,232.672114715021,-144.35049822043348,-30.822780020453436,-19.379564473306132,7.84165405232167,-173.5740937520818,75.81884371636023,384.8643818818318,-9.724072923716827,-24.50116874085526,0.012290172167599183,-24.3642677730939,-4.533597183210093,-0.30178951919418273,263.35102156630626,57.214540596259226,4.038723905245977,17.748847050645217,16.44022132683065,-7.394607246921578,0.02659697619090883,-72.55353782918209,9.14766102846927,-30.604652371739167,-41.55566041573049,20.775663270352688,48.463331532545325,-10.665364281557263
1771947786.9980814,232.38616480896502,-164.13957795641488,-6.151322599044086,-33.038344172822214,-12.622187674729638,-254.46909826075932,77.91452761003845,393.9731522885776,-25.484353892871276,-24.93892884248679,2.875935697222024,-28.238660209186875,4.6940488808607315,-0.47592027188503544,275.33619539140795,27.776113050919744,30.641044006756005,16.888708017592023,-6.6414221249831344,-2.193011313851148,0.5879990981708378,-78.40977859503245,-7.1423092184976,-26.25061442239747,-21.39257473836035,-9.950706976725149,140.6983100633302,78.7257794218109
1771947787.001979,231.38581452886507,-180.70200118279823,18.024948763011405,-38.63431918068616,-25.54804411847606,39.637898328027376,-256.21934939452166,403.54294626259133,-43.03497588144663,-24.484324009287388,3.9169830710878415,-12.882355731273973,8.428183215242624,0.5245719125467787,288.4624217925543,-1.2436612761363603,58.81555522295376,14.190441080498612,-26.147402246982367,9.307609573134728,-0.4861273295249636,-83.91930446884905,-23.697334274780925,-20.249790956300824,6.604473550140408,-54.546314165986864,18.560519333537062,-112.02536851215537
1771947787.0058768,229.64317465294775,-193.62055875348966,39.827287195183295,-33.28918544144653,-16.219061081214072,316.68889902684924,224.35878032093476,413.49945431081903,-62.35023364260461,-22.726662515069716,4.1590143917990705,11.390157644092483,1.6096169860358749,-0.57067301443762,302.5349875622778,-28.93331295816183,87.16439761621332,9.015139536345155,-27.305701176047933,12.094312012841282,0.4894123663963919,-89.08840235273408,-40.083278635999235,-13.502160250156264,36.937650426804076,-70.75317010754782,-59.88212497661022,13.498595062862329
1771947787.0097744,227.13179376996504,-202.56467201311372,57.63514395900986,-17.418109762174996,11.374417823196467,153.2045401475148,-17.1129437115799,423.75641011258347,-83.29683775444352,-19.232391459295958,4.922467643845198,27.03279798670148,-6.09710595774129,0.431650624064386,317.34473697778094,-54.42446810795882,114.03260276181602,1.1394233570740282,-9.084970333777301,-1.0570216079075923,-1.0317947117506685,-93.92610801791785,-55.860571490465325,-6.885726159273164,62.43780936824725,-31.867477906118406,4.361915785828121,132.37678068390176
1771947787.013672,223.82691892844184,-207.30038913433285,70.2062190502261,5.218739277429721,35.9398085034233,-266.4499852679506,-140.87102625523724,434.215975926788,-105.63059772758167,-13.606995393775977,6.93368561475393,23.044212689755327,-5.480480943210903,0.07469014486632206,332.6698212113016,-76.9164089771705,137.60771969047286,-8.816366344667225,14.663058855093974,-14.68708437856241,0.6047027436372859,-98.44405969886466,-70.59759024124543,-1.165681928820298,76.64316860464572,44.78314720191447,21.40890553199724,-259.43201833650994
1771947787.0175698,219.705769106641,-207.69771459848988,76.76118441785486,28.582115698460058,35.310049596635395,-343.1707918170228,219.3188491671256,444.7692528064679,-128.99786577824662,-5.5648934439394715,9.89086709787414,3.568370825902858,0.5821980502975751,-0.4554635470907038,348.2775520270016,-95.6991166064674,156.04623795654075,-19.234613125399502,26.159492167245205,-10.235523934205009,1.2689867218877482,-102.65632744535147,-83.8839912397144,3.0787120384550173,76.40580000630442,105.12995785938364,-77.171435195714,276.2660084844414
1771947787.0215344,214.74781953137133,-203.73502431614125,77.02748679175605,46.15669522564722,5.361573613694154,84.33767112337887,-240.66189664199769,455.29691454576454,-152.94181022713443,5.000814920689601,12.647061609149134,-15.913321243276311,4.6323604846442965,0.25366389315825055,363.92634597168194,-110.17416741400794,167.6180729962502,-27.795772690729677,17.945063721717293,5.882511642118744,-2.1298700472994008,-106.57921917658598,-95.34354795235058,5.5030326897955435,63.22147232382716,98.45316876550515,-74.17530522477519,-27.5005595854263
1771947787.025432,208.93509455024406,-195.50040553623768,71.24028041011167,52.92276581104783,-34.08622024608707,439.2432365745817,72.15495626738812,465.66996309864004,-176.9134009180233,17.957713749861448,13.830989893864896,-21.368027416919915,4.136650275318681,0.32438413555830053,379.36774465259253,-119.87289038095436,170.8580524845839,-32.203970178605424,-1.473719539738518,11.793931449840644,0.9694229294513701,-110.23106461910683,-104.64606957349977,6.018625324252166,42.264877667404605,19.32858230957247,115.21546065144732,-358.52530358599864
1771947787.0293298,202.25246643865407,-183.18985334492203,60.102200770650725,46.816280080265244,-52.56713493412251,186.1013587305385,216.6786834542743,475.7506020129457,-200.28680414949042,32.89132487959457,12.524637170793408,-11.010233110208768,0.030710826763279988,-0.6002051753304856,394.34849617749006,-124.4712423762885,164.7118208763721,-31.089561046737348,-15.442199210152832,4.015489420302291,-0.4068740839982945,-113.63197853527475,-111.51800002121882,4.7848196551421385,19.40062403491962,-82.89514324647614,196.17329553384295,459.99602957659476
1771947787.0332274,194.6879572288293,-167.102350890457,44.707057153559646,29.15024208887185,-32.538060887457895,-365.0231472753493,-287.45343274946504,485.39322322873517,-222.37870817886935,49.087833635203104,8.63671335963785,4.710591034720437,-5.340736056738364,0.2507285963278823,408.6126824130963,-123.80092600288718,148.6630494357659,-24.67762705676273,-13.765323384845818,-1.1237892007705221,0.6505135300403868,-116.80360486164689,-115.75133758556916,2.1746581507285447,-2.172014844185619,-136.89338381177544,-45.68715184451103,-174.08777423032862
1771947787.037125,186.2330404151688,-147.63195504108216,26.435320154520916,3.9772523502490236,14.926650017243142,-436.50880795328004,99.23547437057738,494.44550140714676,-242.4709389768555,65.54771786480268,2.818314866805487,13.077250319408414,-6.171112741889013,0.2280770594024583,421.90387640093394,-117.85635653101852,122.82941443681699,-14.836952072377372,-1.284988805552552,-0.08877921865367318,1.8799567788480214,-119.76884358268421,-117.21056822539026,-1.2810115424516768,-23.422017653733636,-101.10462965045944,-297.3443023040665,-143.2516021348254
1771947787.0410228,176.88293920563638,-125.25710056862789,6.831289929846961,-23.108011167966875,55.84743224231037,113.69530254751079,54.170586575586874,502.7495887971698,-259.83558572177697,81.03279194843091,-3.964172283720302,9.70842669634799,1.4425406449227438,-0.4636494736442064,433.96731405640367,-106.79718090484904,88.01651237548234,-4.364417223136492,7.395257627077997,-6.879862856908786,-5.35648123043056,-122.55156237418629,-115.83736926125202,-4.964201957628169,-47.75674030233761,4.392904882377069,-130.1359031991418,271.51295516711014
1771947787.0449207,166.63691780909843,-100.52742253178506,-12.527096738422717,-46.18463224898495,57.97076214255239,539.0458427233814,-87.94149178851838,510.1434025236363,-273.76174199067276,94.14575515033351,-10.901101993424946,0.6545358868251658,9.746411156857668,0.8763322518164438,444.5520641696575,-90.94616083037255,45.721646947461146,4.2646753899917575,2.5195080126541516,-17.497093933797352,2.847559554321997,-125.17629527737445,-111.65291333766672,-8.247088188923533,-76.6899630979277,110.24046773778232,280.5903630841389,-286.6226779891208
1771947787.0488183,155.49856206093165,-74.04847601329533,-30.1547808965849,-60.11348965071486,16.341699262240066,227.34211682525523,112.16719166596556,516.4619951022789,-283.5828863222216,103.43774472776919,-17.556399169839676,-4.883897607081081,6.185897044933778,-1.2701007408053153,453.4131807265127,-70.78235141922988,-1.916919927109037,10.11293763919082,-10.378631809750843,-5.304848631831476,3.0840142843345326,-127.66793091581006,-104.75768281074653,-10.567465120674497,-105.61887314409648,145.7337855460527,325.70713132890285,201.5605044079955
1771947787.052716,143.47604553970373,-46.46480122595288,-44.772241001831716,-61.68118532094095,-40.50382804606899,-417.6562631093165,-105.78077638911641,521.5389979679396,-288.70387833638694,107.53600803538365,-23.70336143746674,-3.541905864932326,-6.67435161525606,0.3912951793061574,460.3138216749789,-46.92963409945102,-52.225368903945544,14.29280133325238,-14.799741835087143,27.725218887030273,-2.6577040350795205,-130.05139301738612,-95.3287888665875,-11.494395902935173,-123.06128981206929,87.54228797382615,-116.87291440360222,-29.923173557182622
1771947787.0566137,130.5823772623264,-18.441836969635503,-55.395801480729375,-50.62346814398233,-70.2186484350616,-507.73908819141514,46.00315706468011,525.208126851044,-288.6265362453638,105.28099126084943,-28.905722635322775,0.15744845493144868,-11.43843869121043,1.4479489819612055,465.02731847800254,-20.140794364451597,-102.14989549599544,19.34509537737838,0.2346580226414362,33.68843662498663,0.0028169826484501074,-132.3513162070371,-83.61487378402906,-10.7773933340805,-115.04102962383683,-25.32695902342396,-426.19729107710475,-86.31703461982575
1771947787.0605114,116.83562704809401,9.352774966574898,-61.39940741156597,-29.89325107645775,-48.57281787794398,99.2253956909035,5.843971752082836,527.3047369659981,-282.97278942888084,95.86022170891655,-32.1571139513149,0.06473504546977955,-1.646279389842144,-2.0225999552751066,467.3391811152684,8.722532142803237,-148.45345135045554,27.592199645708657,26.37300517277958,-10.371894711380337,-6.34838596662931,-134.59172017778943,-69.92875563005668,-8.374404124087228,-73.05396126201936,-119.49341267755699,-130.51926180285292,215.154219795515
1771947787.064409,102.25912465857364,36.26792774699519,-62.54440439164104,-4.658998532665729,10.658871978729767,586.5530247790605,-79.91895376662593,527.667415193512,-271.5044654633667,78.92558647530021,-31.90021140311975,-4.006943916957235,8.044184442599494,1.241873701048179,467.04902362526786,38.713591606214514,-187.9406006726869,39.17890040025565,39.27985833551845,-49.80939549862732,10.498024169671508,-136.79568546108123,-54.638050344289866,-4.456205606247633,-1.2747170626548163,-136.73409753451227,365.41715160371353,-476.37452722749265
1771947787.0683496,86.88162883474587,61.68725510586985,-58.97673695465954,19.62383854950923,64.19006760081402,288.2731175151603,169.77872815002004,526.1395957567006,-254.1388729046143,54.681129402938176,-26.554549966921137,-5.66375306363081,6.116668997328893,-1.195711573143338,463.9723958116564,68.82734527951587,-217.69423834332196,50.86942826520009,19.303867626260732,-24.87098729181286,4.3889085830821735,-138.9850341379462,-38.154074894202324,0.6126690092605411,81.6339852067982,-70.38328161958474,348.93264413039685,444.63068777147737
1771947787.0722473,70.7374624188886,85.04624001183059,-51.19373703780146,38.94022553212897,71.0844776304295,-404.29005262098303,-126.92686001610029,522.5711853171908,-230.95947620220312,23.930323347998982,-15.377645792888995,0.5990899028174338,1.1618204368967955,0.7442168514037943,457.94250737285114,98.0297151165994,-235.3058987741052,56.51789144268957,-27.16593023060942,31.69653127916555,-18.013464451222333,-141.1800189475027,-20.91939428574155,6.313947516535152,148.17479022565402,34.27291759857453,-160.45589323771063,252.46086860034143
1771947787.076145,53.86660992943089,105.84769132656864,-39.985070584578224,51.268231245077565,24.396587152364614,-568.2005960058814,-35.67864371128144,516.8201829606393,-202.22112308478458,-11.925182111054635,0.7707645522784166,11.498042851136642,1.3819761087345896,2.880167388885065,448.81183144792175,125.28845606128242,-239.0807961658685,49.432328932251814,-66.19931408716161,40.422402814596985,4.876796494326081,-143.3990243011581,-3.394421308227513,12.031976757024967,173.22504962519537,112.34376577663237,-441.79434338169733,-881.6908161567538
1771947787.0800426,36.31477424881979,123.67510182492605,-26.354258011184225,55.97491544396776,-42.02406331906214,20.032861140803824,131.2125730094283,508.7542802085014,-168.3494721773444,-50.9393201825238,19.24112151736595,15.77262616092069,-2.81213817466619,-6.071775679640681,436.4535754015377,149.60479157888054,-228.19971394001095,25.861375410461022,-60.5420202757768,1.5524827780792254,6.186953836746426,-145.6582826609882,13.956491515871914,17.120291566434275,145.7491650361586,120.33825809788921,-108.64208977359716,489.47232232211655
1771947787.0839405,18.13338942423304,138.20346549953985,-11.428366997015033,52.922544642565676,-78.00543516120416,593.0877240491014,-135.33907234153415,498.2524259911311,-129.9344731093131,-90.72720650408128,36.24228921761506,4.774525038549653,-14.981086540865126,3.0351320712529932,420.76300759184875,170.04489403479096,-202.82241040638547,-11.98093085804964,-2.6747626002166314,-14.242726543037612,12.51019001287121,-147.97160961117999,30.67901369541155,20.971404504394883,75.22637000481484,59.481698020458246,367.0775467275141,436.8676044526422
1771947787.0878382,-0.6204130716184241,149.20721003633523,3.636058173296047,42.117283216358715,-55.175157996026535,400.12132935124646,110.14040569944879,485.20634145178263,-87.71796580478814,-128.6170493180873,48.16917047231864,-16.569059441929518,-12.844025228353113,2.0793757511572717,401.65862987280997,185.77026228671923,-164.12119776983278,-55.08718736143841,71.48430434933309,0.3619590349274767,-11.379874713134598,-150.3501607855058,46.34239892775632,23.082685843654954,-10.952135598272957,-30.13791755218521,339.38260799259723,-617.3440279999455
1771947787.0917358,-19.883886886683925,156.56499019649854,17.743014018901906,24.061663681066236,10.33865152513113,-320.48641941716465,-6.116815711365439,469.5219695261871,-42.57568235612043,-161.83822491655772,53.03938059659536,-30.26154534629415,15.706283541430661,-2.1454537874181847,379.0831866710728,196.066047706073,-114.23851640174452,-90.01207236622167,104.26603725819359,-19.488649130146786,-37.94240626141408,-152.80221360748092,60.55221037680705,23.11176543649969,-78.76732775510048,-96.68236000596667,-142.62751127993693,-27.948142665466282
1771947787.0956335,-39.58880393492945,160.26118810906394,29.936083000677822,0.43221566458882615,68.9649282405123,-645.6236573597425,-144.47025563305837,451.1208444612252,4.505854039862873,-187.7314600329925,51.290012769767046,-19.698729325523196,35.354814562658426,2.8662651097885807,353.004502640972,200.36640831782984,-56.168281514423306,-103.94929769328047,60.897539158862784,-59.193019388493035,46.455091533119365,-155.33297652529748,72.96180307684443,20.916071273173962,-102.73611874243119,-106.15675705002258,-437.96338545699376,384.05524602844787
1771947787.0995312,-59.66163937635407,160.38407393337263,39.46100907964979,-25.37938806474637,75.22410579059914,-143.53033449868815,182.5159914372819,429.94136680075087,52.45684104025436,-203.96425932446198,45.39093588750977,13.153903261005496,7.350925556685421,-9.912839027854867,323.4161421325501,198.27602945992172,6.432949984963206,-90.54345232163529,-37.37902799353228,-8.841806282813927,24.00200436151026,-157.94442810592975,83.28220218351991,16.57277804745706,-77.6832253383353,-58.08853443202589,-159.76510552971598,49.98659685800655
1771947787.1034288,-80.02380909472153,157.12069009759438,45.80807855588012,-48.24686260019495,23.329417986674226,564.91489614855,-78.31354803953806,405.93996987744674,100.15525148661332,-208.73333842406947,38.286910214749035,44.3348248797747,-39.204552724060626,9.38990643809348,290.3378849995562,189.58703791601747,69.49288636321234,-53.652609464534315,-121.65577162772966,120.2919118340111,-40.76981163912561,-160.6351880549305,91.29007088952102,10.377383811648274,-21.085049267389532,18.196124061398404,344.2949629032331,-504.6781902696573
1771947787.1073267,-100.59195979387579,150.74862981572167,48.732515205723026,-62.191137205764,-47.246964593401934,570.5657596640299,-62.422325743482624,379.09216450598393,146.46041316205523,-200.93606269798534,31.352200368300377,44.79346114276783,-37.270663259830755,7.217316196441158,253.81601461891518,174.29065341050523,128.81106534190565,-6.791608219669057,-124.25445203945931,124.22810432637748,-29.91066320963918,-163.4004219704842,96.83352498428131,2.821166248881465,35.43926086366703,81.30917739466855,424.2064899024632,212.42396548083025
1771947787.1112244,-121.27831129530607,141.6249830260855,48.253019553006595,-62.31797985828264,-81.69407344519081,-166.344512750119,144.83667114970947,349.3934493725529,190.24798277011965,-180.29479212393977,22.978781527396013,6.094472002564013,13.860012475951368,-16.55807983629394,213.92341538163666,152.58306413606908,180.36559327417226,32.1910982183921,-33.12714753469327,-86.7276877882475,-8.042666721988459,-166.23178138305448,99.83562117431366,-5.450290896549743,61.37971546430572,99.03012409862781,-62.57567947412033,477.2878190926357
1771947787.1152346,-141.99105003236195,130.17281822754137,44.63033556414196,-47.222580119320675,-52.682326284602496,-721.333622390731,-116.47021862463907,316.86007555546365,230.44510783268512,-147.42147931060242,8.825502676163994,-47.188570534856865,41.270272872541156,4.995178223663438,170.75947833832876,124.86517802806311,220.61516369565283,49.23460497520953,92.09595580912064,-250.58820244751766,144.92576545957834,-169.11738032247993,100.29542246470346,-13.69362643995542,41.842650410481916,63.38717809418382,-520.3655630518858,-679.7601424427318
1771947787.1191325,-162.63477210433203,116.86565370274116,38.32917956588088,-20.45815289550641,17.609934161665887,-357.15658078411354,26.16708332230743,281.52965468599757,266.06453794316263,-103.81459434419148,-15.940142598228936,-72.37391239203974,13.939698150192637,-2.2612558330287276,124.44981513067813,91.7360842427477,246.77198114105107,41.19949298057074,159.58007772168162,-77.55643505077701,-36.31665345719986,-172.04180926999456,98.28662429441128,-21.13411467229673,-15.60237350615452,-6.096973504439657,-314.3361715397633,184.43765355232355
1771947787.1230302,-183.1109736474989,102.2104418265854,29.967908850924914,10.242042183644726,74.3402086660578,492.62880619159716,39.49264472391441,243.4616014616362,296.2364595712623,-51.78605946271084,-53.129966299278024,-42.52059659099062,-11.960160206432317,16.574462230505638,75.1457818032966,53.98025430899483,257.02279364827865,18.122176473456097,113.93156178530481,258.9552362877189,-282.31215274533974,-174.98618692749955,93.9538063842089,-27.03598617687747,-84.67436721382916,-72.06688670700434,362.6619603640536,454.18301577694035
1771947787.126928,-203.31858575770073,86.72964186752839,20.260882541243554,35.95144621678132,73.03267500810563,724.7508227782301,-104.00315397249936,202.73740254737965,320.23688696775787,5.6781257167687045,-98.39266450948055,27.501159863393873,-2.213615360340614,0.1296792226235482,23.02381555761528,12.548713562252097,250.67881483143054,-1.303866133383417,-18.197063906016155,281.69504316472353,221.04310122808576,-177.92824983553666,87.50645330650148,-30.770423970838074,-132.61504643033064,-98.20705832679064,618.8987834434282,-671.9528446294781
1771947787.1308255,-223.1545507327926,70.94298879351327,9.958577540692614,50.084725928406996,14.775327312034516,4.343557176827814,136.66380237007394,159.4607053358481,337.5115445537183,65.11404767289696,-140.32986632313506,86.75625131166656,-8.5116850920879,-46.118081426483705,-31.71541103000642,-31.46538593270443,228.24065692298603,0.49564985201893813,-143.27423429050188,-93.5296600302579,279.8460143194746,-180.8424795152858,79.21095870154807,-31.87529640780095,-135.10494936232453,-69.02371898633879,24.721907410833815,303.00993631222684
1771947787.1347232,-242.51443591394852,55.349578840616786,-0.20977922529780046,50.423076562868914,-54.62551592956685,-737.7499577430212,-8.824528582416612,113.75722157264741,347.6943207059914,122.81817467073495,-163.04984986920428,85.56682358942201,-50.8663840036546,37.23409858856013,-88.84801236460328,-76.85616674670702,191.37109563882845,29.63280803418722,-168.66175610442562,-368.5763534270492,-405.75274576425664,-183.70026645943844,69.38089255195885,-30.101475366217578,-87.10297817336976,0.0504199126297927,-679.9363269363413,325.13808001400315
1771947787.138621,-261.293080862913,40.41088710793754,-9.586939490826374,38.82998839894302,-80.96166058639697,-506.50480423308966,-142.16110959499977,65.77444247821076,350.6195546485861,175.10919072022057,-151.83165740712846,16.87673816248775,-35.892391821567465,23.521187194189615,-148.1280814143804,-122.33859950587998,142.77600322312145,75.58686340877739,-72.79422815207941,-153.3520428251755,-130.12203153149272,-186.4701099287186,58.36586660205068,-25.441774442230223,-4.79868825184781,69.61550978430482,-487.7529075305003,-544.4099739673469
1771947787.1425188,-279.3852730871713,26.5353065767519,-17.628497146147467,19.567675417499576,-44.334369006622836,400.7706416394827,66.34862394465817,15.681163697951716,346.32763129647384,218.5924266755756,-99.89276099387168,-72.74388240598208,81.26000753486629,-19.848938912253352,-209.28904188731073,-166.58529081684298,86.00147988352944,114.79001774678692,76.51493934010341,259.16050655584536,463.0038294991538,-189.11785215844372,46.539377473272296,-18.140014699834474,82.03370304425121,98.51030150172912,423.8827708085845,164.9850711416034
1771947787.1464164,-296.6864471110115,14.064750145979978,-23.931729785061524,-2.2932607842816677,25.76952463682146,763.1690191498054,59.895444689214536,-36.333179825126734,335.06359610808533,250.4054396647603,-13.248798993359916,-115.06483976231455,142.34846421757962,-24.149206128328327,-272.04515124282085,-208.2654023822765,25.162414395338686,121.91352971353656,171.20566940385297,310.50655486733604,-65.71365835191095,-191.6069452820209,34.28603812116496,-8.679357848456613,143.4154015848209,68.98666889266,804.0676429273885,167.35296176325355
1771947787.150314,-313.093401400554,3.2637886349142673,-28.25140037550882,-21.72042079503964,74.53926288296448,96.40476486148268,18.49007003417293,-90.05936715250857,317.2687549161065,268.42470243890875,89.01291837232634,-73.00165145068806,-11.275383844361258,-48.40095226454315,-336.09314378721535,-246.08452627691642,-35.37622558017764,83.24447200828813,143.1034674553688,-33.10649428378833,-367.3545741995193,-193.8987490167538,21.9886256262938,2.249301463216083,161.63667060454057,-1.3188937194453265,61.842644427674244,-73.44136565886524
1771947787.154212,-328.50502740890147,-5.688287829944819,-30.502596713105703,-34.261973319053865,65.15287439046675,-677.7821454971718,-83.98341029882047,-145.26942908521562,293.5654831314506,271.41658900440603,179.97065715779758,27.232547214910902,-221.47245350985875,142.84762970195402,-401.11400218659344,-278.82428605313555,-91.3396833184625,5.006004734298942,14.250706801493438,-281.37743132973793,201.42229164576304,-195.95285685851775,10.015378189649033,13.796560114918968,136.9285387230005,-69.57437452950848,-804.1572302582674,20.699982930738386
1771947787.1581097,-342.8230447528966,-12.702195872348621,-30.751644097060687,-36.87077487242151,6.722650662511943,-510.12287753178737,-46.44975504700843,-201.71786473822203,264.7357249603357,259.1206021500986,234.02421889061966,112.43331079857296,-157.86107622198784,9.627254272116206,-466.7748448760045,-305.3804166899016,-138.87730887864367,-87.943409301569,-120.58739482281075,-143.88247735729288,164.32467616751094,-197.7274481535266,-1.2920325503875072,25.0177222689211,84.42865988621607,-94.46483127674753,-560.7768749643949,-199.57534723257433
1771947787.1621096,-355.95273630242184,-17.779991809873355,-29.19689150844365,-28.894136636028257,-54.47144470075092,332.273419702854,121.86307993250779,-259.1430295134274,231.69390649810074,232.25864996691763,236.28436347683854,117.20100233788553,167.14915049956414,-250.15782395317026,-532.7309161086475,-324.7981011564763,-174.86217345237117,-162.4804948578037,-165.1525910343657,124.61912657968574,-182.65661572239097,-199.17966302000235,-11.629447496075874,34.94537664688681,25.251265354205877,-62.11695695036892,473.5337315161209,147.63468639702933
1771947787.1660075,-367.8036768407812,-21.01294828948319,-26.1417213028565,-12.578983443429648,-72.12772785178402,677.2297417108642,-37.456883955453264,-317.26868520617245,195.45520714398714,192.47059724940456,188.00808859458655,35.307592875807536,315.4056373354414,129.98223499311558,-598.6276648417361,-336.3034090557319,-197.1310344617969,-191.4889294807174,-91.99227099953733,171.06864705376609,-0.7280562542284603,-200.26599678871392,-20.739712758573003,42.66602903119176,-23.076419079519116,5.861825786576136,843.9089539969771,128.95186311388642
1771947787.1699052,-378.2904489593867,-22.57603403795235,-21.962456814791306,7.34933898254113,-35.29082682518747,92.89663311259878,-9.570492060040577,-375.8057011978626,157.10032268582145,142.18268808340247,105.48113488981937,-73.55803597026767,31.038791682749995,208.22798981447949,-664.1028983104524,-339.3297921519279,-204.64407302954677,-165.18008750624514,40.625970518644145,16.644400523316314,50.28900572457535,-200.94271044203396,-28.420396798791273,47.39515671873874,-52.41775730493038,67.08273580139466,37.56802686220768,-147.50655861763326
1771947787.1738029,-387.3333399159746,-22.719178285837494,-17.07393673368537,24.93171375174021,25.315168225021814,-568.6129154873383,30.70266332957312,-434.45389396900777,117.7380024828322,84.4211504302105,12.849048565991193,-128.4788594656794,-326.5368996368784,-173.5221963129473,-728.7889959702723,-333.53873871127774,-197.55050389749954,-94.4453279688975,135.5009537433231,-86.64449410580242,-8.700186741976529,-201.16625337456182,-34.52947041789427,48.54509399753291,-64.48418429715531,85.39310928366368,-792.8522429573949,3.2038315216930418
1771947787.1777008,-394.8590132553662,-21.755617488535982,-11.89540394146728,34.665978294185514,63.18852665447582,-419.5589974624468,-115.3197524106706,-492.9039905513057,78.46674523473818,22.5878021466701,-67.55005739001953,-89.18761667690656,-253.61494526156392,-152.96451637199831,-792.3151694517392,-318.8338679109908,-177.15416266696434,-5.305081382260925,129.05018659954735,-52.34332029809447,24.63137173509921,-200.89369461135138,-38.988756412201795,45.780567973173056,-66.998240752461,52.40261267054706,-500.6841221081326,-54.61613726449656
1771947787.1815984,-400.80114908692684,-20.047728390553857,-6.819061413522697,33.25559395200149,52.2245815542204,265.95367322700884,91.10605443692953,-550.8397000910531,40.33708671125162,-39.782656051131994,-122.59469892764245,13.404172561857605,160.80148795670675,132.87170528031135,-854.3097542338811,-295.36795037482585,-145.78181233174826,72.37091168635827,34.52046142263769,2.9718383226239484,-45.47769202384053,-200.0831584475578,-41.785030876311836,39.05744637574912,-68.03931749487148,-9.366442586710193,450.8130711587529,98.75660838043856
1771947787.185496,-405.1010470911129,-17.99084583785832,-2.1832349478587334,20.91577552758392,4.6997026651196006,534.2646454260026,79.19631559167561,-607.9398764910586,4.315904305316848,-99.2630238344396,-150.28798020439748,101.91228309052715,346.9349886946689,189.4802487204193,-914.402518875961,-263.5425637528605,-106.56541820912655,116.50216016064267,-73.87994061363662,7.350607491604827,2.932893185565618,-198.69426040234958,-42.96873963383151,28.64127789695852,-71.34075028129699,-61.973661449528635,727.3629989571938,71.78528759255417
1771947787.189394,-407.70818659566135,-15.995642804552727,1.7483990372624567,1.565510128740575,-41.312913459409685,87.9008966377725,-121.73025184511829,-663.8807541542845,-28.745903349130035,-152.75205558094802,-156.24884489782778,112.41199258422564,70.50040142795741,-178.3203093204634,-972.2269778370596,-224.0003254274354,-63.15725623617176,119.90440018104101,-119.6184718853851,9.984678224214493,36.294502800647756,-196.68853941698882,-42.65037855362141,15.103450354429215,-74.65954707585931,-75.26908642237544,16.327792284656365,-155.50489990962774
1771947787.1932917,-408.5807383660679,-14.469709696974386,4.800577573578798,-18.50258916282446,-52.882096447285704,-413.99804269575895,-10.84313657670444,-718.3382381239096,-58.14112501599774,-197.6542502958905,-147.8119035999239,42.07906984506782,-259.71610077000213,-160.3007902812115,-1027.4226941508805,-177.609879987731,-19.402752347874358,90.5453974509603,-78.55355776406357,35.15193048978864,-21.74682008572831,-194.02988229580848,-40.99467088009196,-0.7057819283773786,-71.77604108680248,-43.71531025942365,-647.7884631601703,19.802307041959995
1771947787.197189,-407.68602305689484,-13.799006977464586,6.8927816204855015,-33.03234311312975,-26.115347367339403,-339.26357114270047,64.26226339299282,-770.9902293575163,-83.32826821284662,-232.00861794996803,-129.4885487170796,-52.01834448718896,-212.81702151023447,235.9107051905233,-1079.6375585032058,-125.44404918344556,21.00015930060534,45.850759556262254,9.872421851024278,28.268233680402375,0.4448658687836199,-190.68493644053387,-38.21275408195084,-17.706601299285264,-56.70919492805678,12.00164895007824,-407.1253448412214,50.858827828289606
1771947787.2010872,-405.00091160148656,-14.329878743844999,8.03819265014729,-38.06436261374215,14.581347832690266,132.92935142977572,15.007954704667842,-821.518965504829,-103.94706250082186,-254.55947377286773,-101.96061166706026,-99.75677608851899,81.52289372710653,19.155774997460536,-1128.5300315766617,-68.75176901373017,54.82499952133109,4.322981410148873,78.4894333644495,-26.606422021858254,-3.4840826009370294,-186.6235070048101,-34.55266125904345,-34.658873814770445,-27.55657189184051,58.14561790648393,323.25411420574153,23.004575912801595
1771947787.204985,-400.5121632345441,-16.352305715310692,8.335758326662646,-32.90472936373787,38.507812907389805,381.0937938427886,-57.617798331480415,-869.613357423907,-119.82683520306666,-264.7681887513024,-64.29808628871324,-71.53944625454264,202.54516011014567,-148.34620393080942,-1173.7713368777213,-8.924635307649522,79.59516999235848,-21.654223360967194,83.67531161817507,-56.777620199672405,2.6044824689923565,-181.81893476167866,-30.288446718381607,-50.24742872075264,12.108739590188339,67.70825952127814,567.6648004912769,-44.04127643179078
1771947787.2089765,-394.21669734945135,-20.085044247775386,7.956201501195052,-19.618285060132198,32.29276616109442,160.09770193375965,18.854120592650652,-914.971301776238,-130.98743831609264,-262.7705511675201,-17.321025115964428,3.2778216111156597,51.016167069643245,41.53611244323954,-1215.0475916406872,52.54095078057828,93.79187498471943,-29.087082450289717,32.677040439751636,-14.39939806127727,12.008556517387142,-176.24845122349154,-25.708359316876184,-63.178090519041696,54.574752073667995,35.7994254701785,91.18021679211755,-27.268768972359222
1771947787.2128742,-386.1217959369382,-25.663243054128788,7.123094143260375,-1.8121496190240558,6.613406941116042,-208.81589440447632,25.531415307568093,-957.3019503493513,-137.63269892437572,-249.28937064643898,34.251557983211455,64.5665817515192,-103.01033385662438,25.427007098374467,-1252.0618638099627,114.08490795331902,96.97273928153491,-23.092370210367122,-29.732979588931983,43.80595442260626,-15.22322369205479,-169.89350780644492,-21.102506718159784,-72.27805940273525,90.79282762325106,-17.62591009279433,-444.32534014334965,81.5815455216991
1771947787.2167718,-376.24523388602535,-33.12905168766962,6.090352598428602,16.400597528567403,-16.589387342596385,-309.98787917479115,-50.95619797747531,-996.3279172268143,-140.13666178368618,-225.51567020249746,82.18775143491057,70.1678680819797,-75.85694626600927,17.30544311928786,-1284.5361435331438,174.1266396582274,89.79024196347315,-12.477574271587493,-59.5054257917773,41.96803194537939,2.8088444601466653,-162.74007604140377,-16.75047606924324,-76.5934486920684,113.10037544117952,-59.339281150027084,-408.238700206421,-75.46502086405039
1771947787.2206695,-364.6153349582969,-42.42563708755215,5.117693837312353,30.998153912818182,-22.940182885541752,-67.65122893866649,60.73100180223886,-1031.7874055386612,-139.02317970260248,-192.97389681581518,117.41262495554061,25.27119688567632,20.814003040229142,-15.161571931699388,-1312.2132180519332,231.10894567921764,73.90806962625557,-4.6968795002741865,-44.343386790631016,-7.377456244954464,5.0092219600320025,-154.7789160287809,-12.909381489136745,-75.4764389692203,117.0573840782764,-62.70195100871007,102.24008449902446,23.81478640938285
1771947787.2245674,-351.27095181318373,-53.39491067674235,4.445715640500723,38.55610862559238,-14.27163362275321,243.6996076290849,-33.45696034437708,-1063.4362362697857,-134.9396733245131,-153.3868556337594,133.4777499710761,-28.310211684695947,34.796545720999305,-40.63703893593904,-1334.858439354841,283.5413666965937,51.82274860111648,-2.551994890396677,-5.696506008245046,-34.92990127435845,-3.764596832852222,-146.0058105810611,-9.802797314915349,-68.6546882685132,102.30268589372484,-24.67800419637676,479.11101200417886,35.80411370828709
1771947787.228465,-336.2613690854934,-65.77914286634726,4.272317873228239,36.98842447409509,-2.1511736490147233,284.5892857587304,-25.57236841285304,-1091.0497624708948,-128.62611617318623,-108.5545582736055,129.01888939499491,-49.684968062335834,-4.279758596992845,40.79279272129019,-1352.2613744549733,330.04166907290033,26.606615699108072,-3.8592972970197397,24.509934286207272,-16.873950666580086,4.045867870612821,-136.42176280828915,-7.611008888734956,-56.27639896449781,72.44694932616876,30.71692883681718,293.1432361542309,-59.77743886947418
1771947787.232363,-319.64612917028387,-79.22650793046694,4.732162635484836,26.3528562701643,4.780188179020102,-13.603991929922259,65.02555974515633,-1114.424653197928,-120.88049391954985,-60.25809249940553,108.01346587769319,-30.09334764407824,-2.358892786558334,4.602431098455704,-1364.237328678396,369.3742388753034,1.5955404629916943,-3.7881362064068282,29.781674242169306,9.190637064097666,-5.508648271988725,-126.0331552304275,-6.462969433461831,-38.925786153181214,33.902783228330655,66.30942515015492,-260.20748993646947,54.01444997531064
1771947787.236261,-301.4947810101838,-93.30046358661842,5.880773746601731,9.201741350109353,6.915046202051355,-324.3182091274281,-65.0046011287434,-1133.3805325931003,-112.52213093357625,-10.195363569604307,77.80762963057778,6.17400468366383,24.39112983429525,-16.007217368019738,-1370.6287328946028,400.4842543915996,-19.949862655199667,1.6174978543247882,16.851528790406267,13.413794536826849,1.5112346363487732,-114.85186879292294,-6.430292389440401,-17.605571903995507,-6.175377963474069,56.054036014553986,-537.7749221143351,-55.38287514041676
1771947787.2401586,-281.8865527929384,-107.4927307359674,7.684689496693001,-9.884652917378443,8.96661874735021,-243.37830158166167,54.20135184293486,-1147.7614607054009,-104.35436641151668,40.04934847334121,45.96027929508057,27.33841420938017,7.914311892848619,0.9035982193873405,-1371.3063861919443,422.52664163181726,-35.17800647278074,12.622835168012557,2.9299156166262006,7.0336296445595226,4.070295110944716,-102.89536042545492,-7.523535626724742,6.3145438910448615,-42.05659003735424,4.445567593459109,-150.57406918541116,54.48464714922229
1771947787.2440562,-260.9099500797333,-121.23950524224492,10.018790165450135,-25.507786323538042,11.587929789774885,178.1299429361053,-12.527058538087768,-1157.4372439215701,-97.1280929831831,89.00503038590227,17.440956225527763,21.107230206520683,-33.429520160580736,-5.167171363275008,-1366.1705460993373,434.8889829228668,-41.943603118101684,25.10186393194852,-2.4673151553131816,5.093190981396333,-4.456743085258785,-90.18669807538006,-9.690951051732066,31.181844380618436,-70.65247134533415,-53.522347218033126,485.9297467230342,13.351695326554228
1771947787.247954,-238.6622815283255,-133.94041089571098,12.67151267162885,-33.03696105060549,9.481459513097695,396.77090881108154,-82.56169977295447,-1162.3045642311633,-91.50764128135114,135.2902026266808,-6.5613861354726275,0.4262849678290513,-28.475998121998717,15.908426899115575,-1355.1518590832604,437.20773914785957,-39.039862344913914,32.282698290380054,-3.81577546162141,-0.6785611524144167,2.2145224763278812,-76.75455250201514,-12.819784013415893,55.17262489135702,-91.26395843395873,-74.83440441697184,542.6645892793533,-138.1066317887836
1771947787.2518518,-215.2491150421169,-144.9795951688701,15.358145782078687,-30.162411859438645,-1.6625423206477525,71.43211986846549,114.08681873278803,-1162.2879179718723,-88.04040543523796,177.57656479548174,-27.820592919705653,-13.216266041965538,19.190007891172176,-6.096616656125466,-1338.2121247082553,429.3773551472486,-26.34260717275619,28.087620319853052,-10.04721612379952,-15.40362086811157,-1.3078577771147095,-62.63314550681928,-16.740114032841195,76.42525651836337,-104.25997741171305,-39.95461535563743,-140.40618777266616,144.8185156551867
1771947787.255832,-190.78366782638764,-153.74828012907466,17.741797180433704,-17.98267828483047,-17.26124692831994,-387.6180110326901,-15.048203801733866,-1157.3403561842615,-87.13146010331135,214.55260157751232,-48.84439747088819,-10.474843636331268,36.06264385878416,-7.558301160754718,-1315.3448875422855,411.55203843419775,-4.851058149325269,10.446329303940852,-20.831928188205623,-18.79536871753327,-0.8557941624810621,-47.86215464159166,-21.231133697390643,93.18493730747622,-109.63066136856781,29.436063034122196,-696.6522442908026,27.46640078074683
1771947787.2597296,-165.38613443652235,-159.6680127407174,19.460977137268568,-1.0893895376333815,-24.737701653732245,-316.9925999373113,-32.58281283823269,-1147.4440202387038,-89.02422496634678,244.8998210039097,-70.48966004701516,0.4184347809120958,-0.6878138632895383,5.5236065338632425,-1286.5758516177098,384.14022651172024,23.380670271977056,-17.06979854630019,-23.89778025732532,4.596016923790968,4.554841324124208,-32.486574766947896,-26.02966911662979,103.94907291430724,-106.18399791943473,82.38654777090392,-328.5355189106446,-106.59868002944883
1771947787.2636275,-139.18295747222746,-162.21381489820672,20.162096767146178,13.78592103515079,-14.328443590285353,228.16843313387517,-32.86201601272775,-1132.6104679716852,-93.78799503806451,267.29260858229196,-90.699334402103,5.893981365473989,-30.408367625565145,-0.9349778007256863,-1251.9631130265623,347.7919804604926,55.417307068525346,-46.21342847021926,-7.303502596689307,30.341234552863657,-3.966927147087516,-16.556537167139975,-30.840657489036804,107.60132444594358,-91.67494597154293,75.2190227857283,516.1372668635686,-16.68097193521657
1771947787.2675252,-112.30604613640394,-160.9364166586371,19.534583141054565,20.386129453190126,9.883426077344712,474.09457632912887,-31.26088487847124,-1112.880787173761,-101.3128839098412,280.4293845261422,-105.03224703635028,2.2351382877704675,-8.961276224123411,5.122583565935854,-1211.5972070372986,303.3797549915182,87.70750560804535,-67.35152255570725,24.85056955141725,20.359119876200495,-0.7147230611307495,-0.12708730282528632,-35.349219231631416,103.5224164118872,-63.859692571303064,6.987777712055412,671.7826147872778,5.548200319508331
1771947787.271423,-84.89194843510082,-155.48276742373054,17.345831588290345,15.74476374327134,30.299478105151444,31.70147098066863,192.85774297855124,-1088.3254948972128,-111.31243268100174,283.0982106333465,-108.7191239648464,-2.2253367750717787,25.066149477801652,-6.96752007702051,-1165.6009669708146,251.97319110456834,116.4176114536257,-73.65532715058113,49.812554415101964,-19.11806009285678,1.993267162137766,16.7420773234122,-39.23389618257376,91.66690066746274,-22.28463885792615,-74.7602264503749,-96.7508406658728,162.510628729006
1771947787.2753208,-57.08098329980032,-145.61405843487205,13.472916983160218,1.7385988045968475,29.351656132039643,-485.04574391092467,-83.05754472624339,-1059.0442226877365,-123.3338313454209,274.2747284996507,-99.16287195095474,0.9633221483888448,16.44417202593907,1.4379962511991276,-1114.1291929675963,194.8087507341135,137.80457831751437,-64.19663043039236,42.46151827671453,-37.70537462848214,-0.7745507864372128,33.98690737205466,-42.180574597131965,72.59722689044524,29.83094300555856,-106.36534832659042,-714.6130779216084,-32.684480538128426
1771947787.2792184,-29.01633932516206,-131.22055431290042,7.927930344095273,-15.523468731566041,5.317704206183758,-317.283408461507,-190.62642400871897,-1025.1651894811064,-136.77539382819091,253.24494310669192,-77.51390703088741,8.48865532287247,-20.394383883628368,1.192925274042052,-1057.368129715953,133.25515796164294,148.59415817177106,-44.29796944721566,-1.3808953880193486,-9.298355681637382,4.44735659369697,51.53933786532884,-43.896573544330344,47.46957170004356,84.8401773410332,-57.05977387829148,-331.71062503263863,-235.64848637261582
1771947787.2831163,-0.8431471492517787,-112.33262034379828,0.8740282095135046,-28.20074464443608,-24.16093392785005,317.78379390678947,147.9175822739625,-986.8444655325322,-150.91063475823498,219.7405505130668,-48.36299405149625,7.71215074863001,-27.38368159753759,-0.8699477206492063,-995.5347531934457,68.77572414776662,146.32914850888864,-22.68620472471987,-55.29557618482109,29.046369284895075,-6.967960072803908,69.32765807247459,-44.124358898187936,17.969707054139885,132.1513054225259,43.01413887271755,465.45093301088224,7.3956942762290785
1771947787.287014,27.292467193883947,-89.12744452659392,-7.370214248003398,-29.933674808500157,-35.5310779488975,519.4283923257752,80.93395585934134,-944.265032353193,-164.9180270654662,174.0708614812036,-17.546646617762168,-7.82257604615192,6.278315716411514,7.428062845152722,-928.8758674991071,2.8887114061526558,129.65431400521808,-6.596464281644621,-77.92866932943262,29.45099833924141,-2.4230407424965277,87.27691250402624,-42.65434326871545,-13.798566286316449,161.74925742218744,120.50175882225946,556.7420828179419,352.37684038218606
1771947787.290912,55.24434034035493,-61.931086035268756,-16.339782767296647,-18.450852509620123,-19.17861469762809,-0.29532840337315136,-25.766545352573,-897.6356452050971,-177.91528536637009,117.23340122794984,10.884909371468614,-26.497259864436096,30.29773838540332,-14.44094875429386,-857.6670139213347,-62.87307188119859,98.5095136748856,2.7669936022595514,-44.847459958076314,-0.3837942819319911,11.545031600729434,105.30933013805907,-39.33625318324959,-45.46559263253453,167.8707796511169,112.55997676284497,-94.48309152773726,7.933696047902633
1771947787.2948096,82.86723326807154,-31.215629551901635,-25.446161887781845,3.3734874544549096,11.656057709016455,-517.5068826640402,-115.36529821477664,-847.1895062419208,-188.99683030755003,50.98530663924562,36.86690683123862,-25.780000416900304,12.801921688967992,8.037549798177968,-782.2111954929753,-127.0022491461486,54.21018049565843,11.783439663469823,28.10735326925661,-18.13898344559591,-3.75372203279824,123.34477876332248,-34.08858428145082,-74.57783650696167,150.50965580604304,17.10819847570148,-511.7666875408715,-565.3026333211156
1771947787.2987075,110.01778867219281,2.4086176050794186,-34.01366900692126,28.44837978664227,31.56336117696485,-338.5776981054202,-68.22473334480961,-793.1827578698832,-197.27295134928167,-22.14017869487595,64.21581169810237,4.742656351398368,-14.642935341217074,3.3445184052339565,-702.8374214277655,-188.0552704483764,-0.5960107938308797,31.476142556976097,90.96876429677887,-15.419094138151111,-3.8431157335489017,141.30124120190328,-26.90572111555133,-98.7955830311297,113.92436793489644,-100.40359151625505,-195.13837225716046,228.95929110152065
1771947787.3027575,136.55547614430282,38.20578587749365,-41.32735487191499,48.17094789999457,24.69371682492999,265.5408125659516,260.99794499231217,-735.892807329233,-201.90910567042124,-98.88360311915199,97.79304722918657,46.253119461325575,-14.407208838505829,-5.797541443421053,-619.8990770065712,-244.68814108572792,-62.096520058078106,70.73066173180523,94.37713459083545,-15.580000903093616,-6.976129100543162,159.09531010953927,-17.862370297250315,-116.09009117466694,63.5552857756459,-152.30101967146447,287.11913855822763,494.5667166279908
1771947787.3066554,162.34351729888215,75.33169779575489,-46.68941295097031,55.845409821274195,-1.4948955380692528,502.5064958945762,-35.95061756580328,-675.6164948538873,-202.1637725048982,-175.38119259867835,138.98374002251632,60.18344387393523,-2.615668527577143,11.93463604678299,-533.7721256824093,-295.6885085052464,-125.59437873850864,128.59533066242238,28.357610210639,-11.425859495493667,6.803395810005165,176.6426979505192,-7.115044388255886,-124.92309666520376,3.802795540603089,-94.33761888829662,291.8943436881069,-393.6604975462429
1771947787.310553,187.24978308558133,112.85529320688244,-49.47997003053277,49.16529288926827,-23.09969358528258,122.2023113945377,-269.3426280590071,-612.6681190447504,-197.42332642781895,-247.35727003699384,181.7436450596699,21.761393445562447,-9.025534170410104,-29.09835902191438,-444.85315139363837,-340.0032689394906,-185.88020931496592,189.81062834060256,-65.39433875109047,26.58338526890763,22.938847566880344,193.8587585944449,5.0995633397986575,-124.39225921912421,-61.78648224361118,37.79913729682957,-38.544926861982276,-187.38203012453172
1771947787.314451,211.14765573263597,149.78365419921653,-49.217324865496316,30.491359471583525,-21.504823633609902,-361.8203624873638,182.4445209238566,-547.3773342820383,-187.23249858654503,-310.3782519840711,211.71213959614235,-50.47866154134722,-11.316186097176367,24.521573638919087,-353.5572503075286,-376.76101659869346,-237.66553711833052,227.00848980838833,-120.13422378342484,66.50742124922502,-28.593819405514207,210.65901684318362,18.469361104923312,-114.32838665860818,-128.33730029603254,150.7354160131079,-208.12799175407463,164.50904166202957
1771947787.3183486,233.91684811403437,185.0899273829821,-45.612259932425204,5.019490754868364,-0.30167839932266005,-399.7629493605774,90.5841390842545,-480.08693609460863,-171.31915788022533,-360.1520830235064,209.8500525404061,-99.91821397478206,24.870278133703344,15.485344457797224,-260.31578245321646,-405.28883834878405,-276.040804262788,210.33069147182445,-92.39243123943581,24.909204137297564,-14.589671124423527,226.9597020976703,32.61472882710736,-95.3339132960231,-187.43557198219438,160.3364159189108,-111.48211017158386,183.53299026018757
1771947787.3222466,255.4441737784092,217.74333070414428,-38.611060093793455,-21.724939450472345,18.480780595075537,-9.573725897516958,-142.4044495173244,-411.1505513912618,-149.61235858578237,-392.85088274148876,160.02089269066974,-75.24335290411425,57.54619655164278,-41.06099079784587,-165.5739949343897,-425.1231492059546,-296.9183269041465,121.5070231031727,3.551098328813725,-87.49838686935907,25.00953608525818,242.6782822955442,47.0992896538609,-68.75689348100839,-227.07326433952574,54.63236541615034,32.61239052510228,18.56354457887323
1771947787.3261442,275.6242613608169,246.74034475651447,-28.422384999646475,-45.418658192639406,15.764374089347795,361.50076533200104,41.15298262208468,-340.93025133199126,-122.25285877395604,-405.43029264963695,57.75014706283379,20.65385967007465,10.067293328345365,31.050195913313047,-69.78852962755701,-436.0144619059736,-297.42074935319005,-33.57926877034273,102.39490429206677,-119.16763811723604,20.909329243360506,257.7339941816644,61.44328151795066,-36.60030024910258,-234.69479294782286,-94.59742932032327,113.65818192595047,-399.5598724980436
1771947787.330042,294.3602076049032,271.13612764682557,-15.524159355597781,-62.90678064514471,-5.593243937107563,344.9853221131673,-23.96890653468999,-269.79410536841283,-89.59560512795706,-395.91706510651466,-83.83316466896302,120.8389458832684,-84.59662784695834,-38.38500752123281,26.575170539787564,-437.92618033743304,-276.17938366184586,-220.41814560420565,133.16951004949286,19.871512656152266,0.9659009016092498,272.048365929213,75.13912078305832,-1.3722055614751139,-202.28821857423267,-181.72019879447186,127.01699194402863,152.18539742295175
1771947787.3339398,311.5641637853044,290.07516126883917,-0.6481081660847435,-71.37609523518559,-22.85507607376089,-29.182565131464628,16.873551092744247,-198.11369560476675,-52.20399312150415,-363.6371595708863,-234.3339360007109,140.47455915376,-87.5661600158418,43.84750128768457,123.04554148740696,-431.0276949301908,-233.51390562430672,-383.46367143732914,71.0901503461634,174.28551347632853,-96.2534462597333,285.5457281151045,87.6686556692414,34.11207108175546,-130.91513490171175,-143.13075174768446,11.9863488150099,316.73409115370686
1771947787.3378377,327.15785097480995,302.82013795801805,15.25863471173679,-68.02736578391185,-15.632825423775166,-381.4785780748625,89.16112709321351,-126.26161111713941,-10.836034596072977,-309.36007028702704,-353.81964586449794,47.74273958445276,39.26624050580592,65.26117747591833,219.14764771564364,-415.6822316615533,-171.47463363818505,-464.6482297111288,-42.56604447436459,114.93659332502625,48.084532786153616,298.1537090651481,98.52152889060707,66.96005343242875,-32.03028302218911,-3.8064592016407284,-179.8932074406088,-231.2943533601113
1771947787.3417356,341.07300034487446,308.77813058490415,31.0934181470295,-50.896109491255714,12.49938817073439,-333.0550830525818,-110.46523762515488,-54.608942212502875,33.57711525179615,-235.34109522849218,-405.76689037891344,-99.28801947512662,135.56493827511102,-215.08957759303965,314.4059844999792,-392.43005924082644,-93.74021961046671,-426.21307055317243,-128.4342443255694,-117.21002795365558,159.01640432630757,309.80371063337935,107.2140104492854,94.44522091894348,75.46636663358132,139.6978342800193,-186.09894033407267,-74.32671612555234
1771947787.3456333,353.251715474417,307.5231547559564,45.676007147631054,-20.379743214884122,34.76437259293442,89.64733510946951,-45.84423993048063,16.477205195365332,79.95951547006817,-145.25129717844808,-370.3387879665567,-187.74869401337983,57.93486396080098,115.95527341758657,408.3473142197786,-361.96778608266516,-5.3760239639179535,-268.1622257688871,-125.53152752232268,-218.34860441742435,-181.61407587083636,320.4313605881448,113.30762603714894,114.24215049050945,171.17737769182423,187.6381739174446,85.79277785569816,1.4960998830488008
1771947787.349593,363.646754420493,298.81432639441215,57.839214296189425,19.54111254713124,25.742706178659475,426.67244850659466,112.78236936915695,86.63615487634371,127.1246499208295,-43.99430914978019,-252.4114125518854,-137.2527731054966,-93.79478465747115,228.755207605254,500.5035176364145,-325.12457563759006,87.52936974752403,-31.901290194049732,-35.34429172220392,-35.14857131215285,-86.19711314808039,329.9769379551441,116.42689610889116,124.63279530636277,239.19049241296634,107.38169639476997,293.37276422613735,97.63255539017005
1771947787.3534908,372.2217300707779,282.60893917267447,66.52533461940722,61.15302921029277,-12.296074900916324,283.5922181490456,25.411007738117835,155.5160451537592,173.8142235080766,62.58095714154934,-80.68416969406499,28.507003869481274,-114.36995056294509,-346.7135805710549,590.414440198204,-282.83617222260045,178.32121470432725,212.8047574846005,78.78015923678898,199.1870244414774,241.22042150644546,338.38576792484145,116.27551653520926,124.6650303626827,271.1493298045974,-44.642452586450545,109.13643992779276,149.09273066186444
1771947787.3573887,378.9512280939384,259.0699318692614,70.88045193329629,94.14329921145777,-47.28687346377957,-179.85692278601442,-86.86147425482656,222.7761335908401,218.7400912833185,168.05316270123154,101.97533052067263,188.8339829635687,0.08052562960528882,5.378469428688727,677.6307128803883,-236.1176571492103,260.29246078662493,392.89014532733205,136.7428416213536,176.1355622514419,-52.09085433077753,345.60858329276164,112.65035420251073,114.24840708486799,265.37289709193834,-163.92207638013488,-244.70697854691983,-229.37876790508724
1771947787.3612864,383.8208426645026,228.5673824842374,70.33830079914419,107.92798042474963,-44.440093767611735,-423.91458879517296,-29.88242888028906,288.08900228421066,260.6277409371678,265.8602835650367,252.874727389629,214.88586162880574,69.07998659814996,336.91250221443596,761.7165267472982,-186.0358449159102,327.21228470664886,458.6529274815929,98.7124263045999,-64.0842154845113,-150.71128563932382,351.60184987028214,105.45269879154318,94.1773461156198,223.67831834108745,-171.1099896213397,-279.39547593800984,-116.46260678269589
1771947787.3651843,386.82713103761057,191.67384838850973,64.68571369096861,94.95583288629213,0.39380875567974605,-185.06888786012257,50.825107313822166,351.1426453729942,298.2596874190864,349.7575978405069,342.42026708535985,74.36384456283365,32.36249479333665,-244.15234930904836,842.2523404270228,-133.68218148442855,373.82544804039344,400.7415428552496,-6.990796143515708,-202.4464002121368,88.75290431234147,356.32805382586906,94.69630163052402,66.07828736282019,149.1087264515189,-65.19014087471675,50.65603543066037,219.92244028085196
1771947787.369082,387.97748891285585,149.1535626931812,54.10276203226382,54.31009207208566,52.39973972403233,229.22161761741808,76.7177076723505,411.64242148931277,330.5171449996154,414.26606294363717,360.52383400048507,-133.75930195167325,14.668920645035248,-45.55509600615212,918.8375000306456,-80.14692430032464,396.2807416718087,250.69341900208502,-104.81705645132236,-83.36905290696328,44.22398450791026,359.7559494108674,80.51183891509119,32.28402831178271,46.81980180196188,79.30616405543823,298.81873440578113,161.74618717546755
1771947787.37298,387.2899493049993,101.94568936570535,39.17245391236628,-5.886756554967686,65.21228645036626,354.5407102529985,-47.20662781790862,469.31285530090094,356.41841687420754,455.07514013952334,314.95985529619054,-249.32220821540687,50.706123425392036,162.8549967277428,991.0927516697857,-26.49527310200808,392.4525007936121,65.76031841389991,-126.17559325381876,108.31317399140353,-32.14816266987067,361.8607659584902,63.147555242641914,-4.3550034331837795,-72.51873221327395,166.04383864902397,167.69158565824455,-268.53901342326793
1771947787.3768775,384.7929083453466,51.1420277185232,20.857168720700308,-69.13067180195056,22.202821200553284,105.44965191977731,-185.709476880008,523.8992739852312,375.1525811319185,469.3672027411377,224.2089610854895,-176.15486533365583,-0.8743011106592237,-189.27287216272688,1058.662627548552,26.25401028757855,362.1280072645877,-94.54801340061385,-57.89330363306302,137.28438444479352,-23.687481477387415,362.6243734547438,42.96597102905681,-40.707074403060425,-190.07358877311162,141.8834471165016,-139.9143900608175,-184.51421893644905
1771947787.3807757,380.5247821086015,-2.0402642571167764,0.4417248012494499,-115.17399462167144,-45.122226893380756,-209.123075785208,234.61022079632397,575.1692663462921,386.1072467558089,456.0366529707413,109.52293692342388,36.733328610852,-152.08279835943816,215.5410494687842,1121.2176875776076,77.14709797746792,307.04474825095446,-189.9226644205983,49.33016624248817,14.482299199515023,0.7567783071754092,362.0354063971237,20.436670337900047,-73.62319196340361,-280.46073749587094,28.764478042123137,-260.70933805583593,412.0730760928068
1771947787.3846734,374.5335991954897,-56.29019432311839,-20.554126614452148,-127.43913488711024,-80.48112712098654,-281.13657196330155,95.9377926424395,622.913954269006,388.8893944120992,415.78524096220025,-9.870304736672264,227.1591002661351,-154.0866366032862,-21.154708577510245,1178.4565995566786,125.31046008672855,230.77399062922984,-210.33186522993444,117.90213029246014,-82.09872694886172,29.492446032305764,360.0893460520664,-3.874681192646212,-100.20632727355418,-318.6956869803895,-95.91347471045513,-97.18747835442308,-21.551838119756614
1771947787.388571,366.87653435227804,-110.23783222661014,-40.48816362471711,-100.02977469835939,-50.354589965647854,-83.64127903730267,-429.64049780352747,666.9490682601852,383.3385931514725,351.08508326045006,-117.51251853993985,244.9027372113186,109.34774777881249,-341.06605353428165,1230.1080421864342,169.9629938483525,138.45987320054684,-173.61271202386257,99.05744393689199,-66.25927977093819,-3.6738247319714556,356.7885615384122,-29.32081102101966,-118.06259110455251,-290.0441179808008,-153.00433810218405,161.7602304954671,-312.85629936451375
1771947787.392469,357.61938882008616,-162.49158641452857,-57.725004585359216,-40.84117255950663,24.850000975587154,174.10061381012753,310.99786974840566,707.1158209230317,369.53218395072213,266.0116290000956,-198.55343879322996,72.35052311574684,315.89839620891223,396.410805845103,1275.9324164915574,210.42494999105375,36.43511792632162,-112.47517434115834,7.689705679774933,-4.750581398575907,-17.38331228772034,352.14231037597733,-55.19041228211129,-125.5125275302726,-197.98188283489873,-111.62943992307338,256.69990169721683,152.7649600238958
1771947787.3964186,346.8360233628615,-211.67678590050372,-70.77224251562522,30.951352920313543,84.5893878502402,251.67274638089611,166.56555998831232,743.2815743319585,347.7823317858604,165.9593698227013,-239.8732533000073,-157.6474932519586,112.57323101694283,-61.44499491366734,1315.723352654437,246.12380866674067,-68.25549126961701,-57.882089962579066,-88.43495282411544,27.36343257935601,-2.0760256755533706,346.1666992600699,-80.72831571506538,-121.74401723602755,-65.73950030382748,-4.2735067124614385,66.9372167715239,29.41617466246088
1771947787.4003162,334.60775005693927,-256.47444118155806,-78.41222179978466,91.9190151154085,77.56036442566369,74.19069552567265,-489.12263745651296,775.3402993905854,318.62515690297636,57.262510967499665,-233.11660639180647,-264.6390078728422,-295.146224463571,-202.81344557303538,1349.3090007634592,276.59735715341685,-168.38535296018537,-26.40379963238214,-117.65127665111703,33.800279652289454,14.560014136348187,338.8846058892128,-105.15767425956614,-106.89323855694,70.27602031108512,98.67166065652751,-236.7542453488731,52.174097584631376
1771947787.404214,321.0226889982707,-295.65904079750425,-79.81801111530945,122.72323124881592,5.815005096573669,-180.56156510938712,351.2268756550602,803.2128273275595,282.8024503787674,-53.24969812979489,-179.32103584572755,-164.02484214935515,-349.0289756801409,242.9535040035946,1376.5530955613513,301.4942979452354,-257.0874247772481,-16.471919798608525,-56.9584432638855,35.176035291006876,-0.5485984695650277,330.32556272820096,-127.70350275476758,-82.04626477156125,173.00011826014173,134.9477356731242,-284.8092525795759,-0.0021180167463205153
1771947787.408112,306.17509613080983,-328.13425614696916,-74.64281851318381,114.3821320210824,-74.40534104669076,-229.6733796757593,59.24246366833983,826.8468954477098,241.2367465086369,-158.7283665815829,-91.7694419727607,64.27673292605603,59.701313389405904,-307.3106099723069,1397.3557869271701,320.5727664972476,-328.3636398439553,-13.95924016506366,49.71064282941961,13.188935131913542,-7.226046678715851,320.52560366485517,-147.61686275678562,-49.16062749658102,218.027518180354,87.19889630977961,48.634071237448445,-245.84562953674842
1771947787.4120097,290.1646684009209,-352.9654767423304,-63.07374263138842,70.5089574882022,-97.4397782555185,-10.381281287814868,-344.350335177597,846.2169910501394,195.00075413073284,-252.77454303398991,5.823036971809975,238.81365712794135,391.56075324729875,293.96255763217783,1411.654229529922,333.69716211125683,-377.5223427746284,-3.2728491733416916,121.95280729950066,-40.23276443292461,4.267043210271674,309.5270746201794,-164.19894999553833,-10.912954077947674,201.9881571216262,-10.261046196830502,367.26843737162596,182.38073840806564
1771947787.4159076,273.09583235633926,-369.4081809782822,-45.8432803921461,5.451762749768599,-42.29539456552601,202.36800425990378,326.96569991323594,861.3239990503581,145.28233302643528,-329.8675391407894,85.98507682435883,221.75276813149043,211.41917800576303,100.45400831055218,1419.4229268417837,340.83369394005,-401.51005855939707,22.05684015763486,101.83253296250693,-72.10807055644024,-12.753692591647173,297.3784092898512,-176.82433069403123,29.514991319701654,142.30236834747026,-95.6751237952868,205.59206060528493,154.2256934290507
1771947787.4198053,255.07702211889995,-376.93126188402573,-24.195254047226964,-60.47456680676102,48.85381823806586,133.93721512029524,-147.91152119658847,872.1946603653126,93.34633592507981,-385.7205684171615,126.3566261074662,29.24680992293884,-207.96607934902954,-586.9020186689705,1420.673826483685,342.0450188950134,-399.11292096366486,54.677239717298306,-0.8497252984712883,-25.92681826092718,20.58848353448149,284.13387133843133,-184.96258328774425,68.69439233954424,68.48958932138243,-118.33054721396721,-270.94271637835146,-180.1936999080638
1771947787.4237032,236.21995238695845,-375.23456963574205,0.19446096796603465,-107.07812108700936,103.68027561799128,-98.41366351040644,-41.07211974419168,878.8808495938541,40.49471915026817,-417.53874711552726,117.02317854776638,-182.4571719337159,-308.4342450207598,553.1706819242868,1415.4561656846513,337.4843026012601,-371.0139825733529,76.93951556963717,-111.64043037321258,64.42940426277276,-4.4318414114759515,269.8532645478813,-188.19763386019275,103.23048034541716,9.128838086549273,-68.04904522160574,-401.3580357618759,-56.3551894283319
1771947787.427601,216.6388917984439,-364.26009805660374,25.338129411434295,-120.18383807825943,77.71156885329123,-141.26629327674675,245.38220347031728,881.4586819271531,-11.97364644153522,-424.1628309854473,63.6962397386232,-243.81609448619702,-27.003992650494943,-3.397105881821623,1403.856067457753,327.38897267795966,-319.7044655751809,70.91221923201738,-143.96881527325226,94.28549261148243,-17.500821087723665,254.60161261277494,-186.24412705500652,130.0436770205519,-19.437561521258388,20.840989588773255,38.74936456162,22.699190830207097
1771947787.4314988,196.44994162820052,-344.196425753916,49.08924734686101,-95.92151657944191,-9.746866702940386,55.63892270610861,-363.9254726027181,880.0274604713954,-62.80205917117805,-406.0915005103011,-13.879160272583116,-108.52015281381539,203.02147078955872,-447.6984426981983,1385.9958899186645,312.07436049520516,-249.25878958685055,29.856680880281203,-65.09629365383017,18.087844074991914,22.82084603759864,238.44881041847293,-178.9602496589262,146.62783909198282,-17.71125029671402,92.20095447298957,451.05413698539735,160.5610853471454
1771947787.435397,175.7703244012904,-315.4762187326802,69.31724396556092,-42.151009462655885,-90.74115267771946,142.28272915645275,170.3544422824344,874.7084762006909,-110.81264026157547,-365.38473978577207,-87.43605484106351,110.91042777503543,124.60404795038332,416.1341230504227,1362.033332986544,291.92734860195014,-164.99395461976962,-34.88046145458681,73.83067039636543,-82.3685322090907,-28.56704941708482,221.46924871466607,-166.35652025444958,151.26455505666263,0.3090760668847947,103.11329376804431,235.6239952573321,-19.365178551682906
1771947787.4392943,154.7176865728012,-278.7668047374904,84.09003349860248,23.725540720069283,-102.37215557661469,-67.07342960189436,205.9306839894818,865.6436735882754,-154.93936226332463,-305.460052992736,-128.21270242709608,236.28121778857903,-51.81789524306763,-134.88026919325736,1332.1603085000097,267.40006182837493,-73.04269501298134,-95.78902196451787,169.9248237581795,-94.53381002790222,36.10616828341331,203.74141415635668,-148.60017173300412,143.1760185304644,15.727085971060225,49.82245580880536,-327.40848226606266,-249.78941033008036
1771947787.4433148,133.4094189678281,-234.9540340182156,91.84923287823955,80.28487842593367,-35.92637669382297,-235.05710206960939,-313.3443599544575,852.994195630868,-194.25642750642066,-230.80116700400436,-115.88978713341311,168.55059737520367,-70.09642440547292,-12.722768718403143,1296.6015815422127,239.00356610188243,20.123936774688023,-120.16347884056954,143.75730153923973,-11.794386778523442,-3.9898931651038607,185.34746678865835,-126.01487966002598,122.6039574116713,13.927265041812829,-31.254810755723263,-446.63155377374153,170.72759471153458
1771947787.4472127,111.96199821765529,-185.11984017806353,91.56267199104089,109.34863121195269,57.16991936124043,-4.742320482506759,102.03634671798638,836.9388225213861,-228.00117497774428,-146.60485816403678,-46.35555896841924,-33.74158003599207,3.468949566946538,51.864161601096576,1255.6131924872034,207.3014753144823,108.18570813087427,-85.83918991839565,3.301431385204425,72.70118919025391,-58.43232940437001,166.37279719263722,-99.07572529855223,90.80801247986214,-9.647715126825629,-87.84085535316063,61.61112535120447,124.52451048649064
1771947787.4511104,90.49035198814006,-130.51410204055188,82.83995545680335,102.40216067036654,106.1468275589868,352.0886434351325,33.9784383068843,817.6723186494761,-255.59092029159098,-58.39518907033743,64.38458899987168,-204.81736317085299,-3.942999139151603,-237.8341838755896,1209.4806709437937,172.90331748357212,185.43527549095927,5.527077271237254,-154.13717091743558,88.4752108422883,74.7012770370073,146.9055656259489,-68.39942520679546,49.98333777352796,-48.79536279801411,-85.68297711097475,502.3723864445381,-215.52857780386122
1771947787.4550085,69.1072503857691,-72.52157736712886,65.99926107984311,63.5256180671455,75.38448749081613,243.199405818166,-4.270201932961042,795.4037029028988,-276.6333736635725,28.36445445818121,182.6593584942036,-207.58606942960193,-49.17719020105254,417.8821782767782,1158.5170543718984,136.4574803780439,247.17761810746504,124.64258154708655,-209.20439273512594,41.59086610640369,-45.03908172739756,127.03622555419841,-34.73000634655869,3.103523430952677,-90.22126722533176,-29.894932636090076,261.02984618994594,79.8888868593435
1771947787.4589062,47.92272556716427,-12.624826399730493,42.07713897809416,7.45116542108473,-9.794504024281776,-305.46430707396286,53.82504603860211,770.3544573940657,-290.9305255627111,108.63254789768268,266.70636476390337,-43.438189596455324,-0.5869031280489291,-140.09106213407378,1103.0607256689461,98.64354605165144,290.0373162602483,223.562247934968,-110.78081979613233,-40.043897831687936,42.25422980135809,106.8570340067309,1.0797484987035666,-46.29926694809943,-119.35432074911829,40.17281343289414,-350.1314743128799,45.52192924688155
1771947787.4628038,27.043521288515556,47.63583701926961,12.7775549661681,-46.44281185488836,-84.52015001266098,-533.8990735870473,-155.2274683082736,742.7566897604077,-298.47612913163954,178.0985441066546,281.09631705835795,152.18728746816961,80.82620792898312,-418.30548710629864,1043.4730854596057,60.1638344184323,312.1524526054215,254.98110074339263,79.04257422960242,-122.6032212443098,-1.2228889207931268,86.46155123958272,38.09062085565169,-94.40022813383653,-125.69250718492427,78.59428599166375,-509.1696923859227,-87.51443353831158
1771947787.4667015,6.57257389120776,106.70423942209251,-19.63854917320054,-81.42399291832255,-94.55404655624902,-9.757799836392879,113.68465876532282,712.8512641190616,-299.44713283098923,233.42017340686905,210.84744456780496,222.01854583016822,46.3922966493772,428.4256969115521,980.1360761601953,21.7340079083493,313.24372208008754,193.94911870973502,223.9304214182709,-119.24985854791014,-201.34694117037583,65.94413223882039,75.30244956931777,-137.3736926526386,-105.72815903279147,63.66902752838226,15.137819414743879,117.26299527506778
1771947787.4705997,-13.391474029445293,163.0509012278819,-52.51674882673433,-88.7693238347019,-36.03221438953003,628.708167227288,6.323459277360299,680.8859156245666,-294.1896175085053,272.37601230995534,69.14745017606127,113.59821407780382,-52.90957144510132,209.01810849664744,913.4495761194141,-15.927359149483552,294.55779845597635,51.90165647087101,212.28689998556283,40.75396699787516,352.5650743368898,45.39941261078454,111.68208975936798,-171.6885968900779,-62.92094936243349,10.553389013182056,545.1401348697293,-104.1926637647072
1771947787.4744973,-32.75472631227708,215.21503838440847,-83.01441329625172,-69.355969710452,44.394786695695444,466.32064286129395,-86.94444414261302,647.1133633963768,-283.19996234458455,293.9278769306423,-105.3550016409581,-81.924354819645,-48.89879155289898,-441.6482719233509,843.828683249427,-52.110274183352445,258.6942387219844,-124.56897213800067,43.7337517625176,232.61954622115678,-46.185188481132144,24.92179137029568,146.19303467122336,-194.3852190012463,-5.6564516898049035,-42.20831166858629,372.25490098141694,-46.48461027516023
1771947787.4783952,-51.428451595115135,261.84480917346207,-108.33239673596067,-31.731886608716934,86.90236239667799,-366.6472183731432,130.71022183659719,611.7894363444567,-267.10209905131035,298.19503215115617,-261.3202301414565,-207.15071178593507,30.488979755868534,-208.5540627501487,771.700908542815,-86.12582917632045,209.3343654836258,-271.1148525679027,-164.4991618383063,184.45730460657933,-531.4329876208888,4.604913093727155,177.82582403718007,-203.31218775844215,55.241774603572146,-61.1466415160751,-306.0970798318254,195.48660909438226
1771947787.4822931,-69.32946688239892,301.7346474899798,-125.95478892551542,11.737730790208683,63.45940738179743,-769.1230300309045,-68.10530287667252,575.1712260840435,-246.62181094663788,286.3489671732145,-352.56412778572985,-165.88620057364514,12.377744843085871,634.997278894474,697.5033006929738,-117.31956909793055,150.89791754271405,-332.2448328794221,-260.5556876330314,-142.53222747979592,565.1340111790781,-15.458848098795825,205.62831632089654,-197.30570489970899,108.45164713142128,-39.84108633887557,-612.5074510921545,-84.58906846547194
1771947787.4861908,-86.3804859667022,333.85860314558994,-133.87680692887042,48.97789870890577,-3.3640414407793195,-157.90892350778384,-72.10107661816296,537.5152806319683,-222.55909281384285,260.4430302901634,-353.6945775998596,3.0795997242359214,-75.62905599731602,41.67769030895941,621.6795236434599,-145.0854912430343,88.1582331079822,-285.11859319972905,-170.73594160288707,-366.8828450600004,157.77701470710585,-35.178900227509025,228.73488542191348,-176.29716136073415,143.67410356385312,0.8620710097350626,-122.5681490232385,-131.44445284697426
1771947787.4902,-102.5104324592167,357.39872053250525,-130.8009731066376,71.45045148324014,-60.360562809133754,684.546045697525,49.83028393523804,499.07585189374885,-195.75960904820772,223.19515134707527,-267.4828825955729,162.42138122957815,-26.461866984713314,-829.7282049216856,544.67690922567,-168.8803545707518,25.848978909884092,-149.23593546176332,43.11846210680047,-134.6313742375149,-686.5487106832866,-54.46693826201904,246.39361538467756,-141.34054880922983,153.38157783385103,31.997152932614455,549.5605441869615,58.9958243731742
1771947787.494098,-117.65471731173362,371.76762535522533,-116.28349310395419,75.84761758345061,-65.67400551633743,639.174459362094,94.8542044559264,460.1032091223007,-167.0862716501207,177.7440036738568,-121.83911361404937,188.94151297207392,140.0284844662137,445.7854040078743,466.94350708120123,-188.2379026220744,-31.70513937057441,22.665224297191454,227.0565454189534,319.68017968826706,305.9032582132319,-73.23743951054695,257.9906091384236,-94.55689743798986,134.83427987693878,37.962561178864966,521.2933137290761,162.53830092776562
1771947787.497996,-131.75548082891382,376.6246522167784,-90.81613695037073,63.852415092778116,-20.262328129016684,-233.96741180081574,-37.79788624836329,420.84202960738423,-137.39190730189728,127.39924386116435,41.28827604884007,69.32979495339148,134.20846948156165,531.5392845999129,388.9251538355602,-202.78254267447343,-80.90450350696959,167.97915510206855,248.32375113742827,395.28056300640344,314.30793545107184,-91.40814703960915,263.0705995929004,-38.99898909350209,91.41847724910868,23.54688541626487,-191.0165720488715,-76.03728632995427
1771947787.5018935,-144.76179920064396,371.885030925564,-55.833706300744765,40.24823959447339,34.93600116895029,-782.2250078695085,-159.8820195492,381.5298768781641,-107.4938967812581,75.40505651563414,179.93635717263183,-95.77330574458482,-113.02684825304749,-684.6910647702554,311.0625830666107,-212.24197979589553,-119.11391515347836,240.4371346819106,93.47645330572536,-45.3068625957454,-300.7217043601124,-108.90053850090406,261.3531534944434,21.554628530313163,32.19923536481907,3.8251520978995295,-662.0214155289401,-204.0341703991406
1771947787.5057914,-156.62985551730486,357.7218516010415,-13.642993030332194,10.550116177848908,53.395697264848685,-313.2363265580036,156.4364020176711,342.39577571247827,-78.15155410975677,24.7333979774438,263.807680816653,-177.19161369943717,-253.06480833993945,25.215127335521053,233.7885970833491,-216.45827872839868,-144.80879488178473,226.89727034962465,-122.85226667281131,-431.05840183749854,-34.334021791838474,-125.64027759221226,252.74388778985536,82.86216253997685,-30.44745256736536,-10.821185728617436,-271.06247204716436,219.7241157969252
1771947787.509689,-167.3230751418328,334.5607404588157,32.7244376544977,-20.419605882564735,21.623699078156232,518.0909108929263,13.359317808506072,303.65889226846923,-50.04687240862473,-22.08055205908224,280.4648165191622,-119.19049095994457,-36.44076627167225,370.4395925121314,157.52532093771657,-215.39682094350474,-157.62027146686611,148.03493623587295,-244.52575967552986,-255.36217432015323,34.152731615808975,-141.55764522926657,237.340269299677,140.51930167682386,-84.09919682864727,-20.008088012570354,464.5869208622268,5.9040524228967
1771947787.5135872,-176.8122252758599,303.0673916921127,79.72678127658821,-48.50353423020902,-29.331956643211925,637.2964406832479,-100.6053649231186,265.5273266568676,-23.769105760435895,-63.05274283547049,235.60160702538485,23.102998263235353,256.3939789911736,-216.99026887541672,82.68155837714912,-209.15264217669355,-158.27990734338385,44.69186834763242,-189.2785374007934,223.4024570601936,98.8699130774903,-156.58794743167533,215.43173489195897,190.27690074625258,-119.15286950493294,-26.12448070433347,577.9067081781282,-149.20942175705108
1771947787.517485,-185.07547855721788,264.12831029405186,123.57892067467255,-69.5873573037506,-50.10031546287263,-40.500524652210785,104.20593666478547,228.19702422435046,0.19651074361387044,-96.81114841629679,148.73934057167534,135.19935965685815,205.8791590629718,40.94528485825904,9.65026851947999,-197.95368047399526,-148.47317904350717,-41.91843175016239,-5.779243034600675,369.41431024461747,39.54145508379765,-170.67189691638058,187.4940461406882,228.3529054710209,-130.6113338276581,-25.37156441455532,-56.13531383786102,149.52174512918953
1771947787.5213828,-192.0984404910562,218.8253215171562,160.55176416512316,-79.72082868718583,-16.817159292836852,-591.7766402944283,-101.04430572065458,191.85081074627814,21.475770555787612,-122.60447038924606,46.292355117946855,136.18803868070924,-116.84072638890774,-3.758789445497273,-61.193819119562875,-182.16053655676816,-130.61818661378072,-86.52905259021901,168.21469323993173,50.422081889291064,-190.6012979581828,-183.75596537919807,154.17797558458906,251.7159085352625,-118.74596496426743,-9.496964397543303,-577.7753158845745,-100.66415657849859
1771947787.5252807,-197.8741404242898,168.40458949371825,187.28044758866477,-76.43063615020581,44.176654512705255,-353.24319203578364,54.663712981885716,156.65755567400652,39.80826937216916,-140.26387532701096,-46.03762404373974,37.132018452720985,-261.39095766094965,-94.04678166220845,-129.49643492695492,-162.26244428219184,-107.59182419811631,-86.35297015653278,211.09254766007882,-258.42930688677245,50.884549168495106,-195.79270340505028,116.29260574879368,258.31942941864367,-88.69346753134771,21.732998586867033,-321.45709787305793,30.309518498630194
1771947787.5291784,-202.4029856828254,114.2410532794313,201.0561328096064,-60.32884401354356,74.67493579679024,278.5463554015482,40.291111773216855,122.77146654462989,55.04613436869798,-150.1261383582718,-109.67774105911958,-77.08792049483259,-60.079948643036744,169.1174136277082,-194.92582990873964,-138.86926515829146,-82.42937114109026,-56.98694644894564,104.35636470963807,-193.76854309168402,120.3890522776999,-206.7410249316264,74.78369971328617,247.26920713126722,-48.945195093141734,51.18328628873934,317.3211635154743,50.785895606052705
1771947787.5330763,-205.69267847176016,57.799326507715584,200.076474929712,-35.61243840931637,34.9230106124135,476.7801360225708,-139.7867968110543,90.33151659883693,67.14904035421053,-152.92872699405444,-136.8471047620889,-120.49938053525041,174.2607143526607,-56.46813670144936,-257.1746533992189,-112.69945341843574,-58.02490931124381,-21.547682682898994,-62.21859222619714,62.72780922177323,-64.68118739537307,-216.56645325795805,30.70776578228583,218.9102855807506,-8.93785306792801,52.20219207647936,480.75097090514197,-151.13094853114612
1771947787.5370753,-207.75809519004906,0.5922126411422001,183.6322863723307,-8.747604235858976,-55.030653765244615,67.91290136442709,179.7921310974859,59.46100653834937,76.17596173231995,-149.68847819146862,-130.65673793602846,-71.04090596888625,145.98838903653456,-87.53812588574894,-315.9616359208805,-84.56408290221236,-36.859083083327626,0.9956052690161006,-165.31386549988866,157.72099807261728,-37.52356908003158,-225.24132573444598,-14.7974168551658,174.82617609918495,23.516778660484057,11.83140464567587,16.867246855680172,218.73620018321864
1771947787.5409732,-208.62112787616556,-55.861940571960986,152.21238476344877,14.192348380336172,-121.92130246863206,-351.3228451595107,-61.510945707142504,30.2672602009387,82.27420068699303,-141.57561671989788,-101.98147566032985,21.419271729227475,-38.72005884920612,77.50556536866868,-371.033067017502,-55.347178663448744,-20.777625845937244,3.169257607506229,-140.78432047465742,53.91164872722842,8.121811771784373,-232.74495443927796,-60.544923508805496,117.74855336762705,44.04395391169185,-50.34272509665108,-396.9090847683561,-82.33265333372373
1771947787.544871,-208.3104875473663,-110.08178800906207,107.51477740308133,30.30072785491101,-95.99336990883785,-268.80465131086066,-147.379958057322,2.8414527764514967,85.66629594518479,-129.7940271365971,-64.52077934574594,82.93774770717658,-112.00445225622437,-6.880755091486109,-422.16405960473156,-25.982748616538288,-10.839083969225559,-10.248575283112542,-23.665748543922977,-44.116634671916856,35.191884571053436,-239.06374030780538,-105.33247835094437,51.38237042107776,52.32034062498515,-88.79297086700123,-243.39779577189552,-207.4360077884865
1771947787.548769,-206.86146925862212,-160.66417821379434,52.35973986936345,41.3766991465141,24.37116427351475,127.35723908521967,186.67985595363228,-22.741430933987747,86.63545244754441,-115.47707904064548,-29.97579964342639,74.66059078620205,-35.12655348635074,3.7883020155189557,-469.15959413557096,2.570942851623162,-7.243724302173638,-27.0679994520107,89.44294491512875,-44.2995324241716,5.874834882014407,-244.19123837402404,-147.9768730440399,-19.842488854854867,51.71188042700252,-65.34648445682187,182.62481577266794,276.862974928888
1771947787.552667,-204.31567885083763,-206.32277319985306,-9.491608846592884,53.20196848757556,156.46452064338698,296.0331168726341,-19.299400206549308,-46.422511782126556,85.51014077796633,-99.6061140555696,-4.989445941880056,15.98240296938445,34.073977696354206,-16.493719146629743,-511.85533764448013,29.359182853985352,-9.348271465423974,-34.91551271861463,119.37218921353761,-22.468058707459594,-39.79527174738649,-248.12817207112994,-187.34793777923832,-91.07632800522154,48.28802122238257,15.183211877347496,291.84332607356254,-21.437266006371114
1771947787.5565646,-200.72072159718337,-245.9229625419198,-73.60161593844741,72.21413265321135,188.56139525733326,65.78861974849723,-86.67986037033019,-68.15880963218028,82.64849768979819,-82.95615510134208,9.405504557382397,-40.57524559088202,23.765389038784505,-15.474144049332313,-550.1182344994936,53.45990664744232,-15.763505904646713,-27.227842839199383,60.42604132133472,-20.455763190424936,9.712415645224402,-250.88239493931317,-222.40100301631495,-157.3903466660727,49.1435354665051,99.12329844760168,19.683621648382957,-180.5779797162566
1771947787.5604625,-196.1298532458218,-278.51205382115324,-135.1843627986903,100.45697106967131,71.0205788105934,-215.94364585967458,24.735197510131844,-87.92292032235403,78.42311788604795,-66.07071926133267,16.169466826543083,-55.2450616091818,3.714503057599924,39.24371757812519,-583.8468674441958,74.01319707355655,-24.524494740563753,-5.604151030951039,-26.64471770027218,5.03008216293847,16.446098336726063,-252.4687985620685,-252.2068366792054,-214.12870832804865,59.7347366293328,119.38183413334424,-202.87966228928897,102.7556237863259
1771947787.5643604,-190.60159425197511,-303.3438691813796,-189.47301009630704,131.1895281518815,-129.42053696923912,-188.85537144004743,28.304175701641977,-105.70258259125123,73.20676554785027,-49.26501642549896,19.597838792696514,-28.233837092600726,14.65163276531453,-16.75206759958808,-612.9715892387977,90.25023615300897,-33.31691950819969,21.877421568546673,-71.64757985128148,50.76497459770401,-4.306808428071098,-252.90916605538075,-275.9781220645068,-257.2463854373775,80.53469409756953,49.07775534906299,-123.00260836133907,39.18785730660881
1771947787.5682583,-184.19930830098414,-319.8970523247672,-232.09729503305752,148.29022850721867,-264.6783273225425,81.32684479464629,11.811939229303121,-121.50014210513892,67.35945579440279,-32.65448101488428,22.9449729957601,9.561966129908264,11.427012337190249,-8.696564194644797,-637.4544269007982,101.52072536590256,-39.738119312476705,44.96723121139787,-51.00802940825474,45.3345296508717,-3.000288947251165,-252.23197097013687,-293.0916538087013,-283.6077063631234,104.43121462647936,-69.59272916325763,64.03883030480812,-58.706647049388614
1771947787.572156,-176.99074658920625,-327.8865873716121,-259.44054178230357,131.4849404652233,-214.2680432394888,238.20076624868247,-35.72397019916051,-135.33192040701445,61.217265595477365,-16.20366068101894,27.25672925497686,27.740955791353745,-22.842362357745387,8.23740983940528,-657.2887621904309,107.31779289988941,-41.56847390917058,55.88615722530102,1.6925083514629535,-21.264377511447854,-8.612050697747254,-250.47212206077302,-303.1055698346743,-291.22292052756853,116.9181612959063,-149.5355384406863,109.8508799075116,27.118557104505346
1771947787.576054,-169.0475597718249,-327.2682449667156,-268.9463858015956,66.42708874598482,11.7393317628611,90.33710298369562,7.327472521332894,-147.22749720175793,55.08313520302028,0.2109211322405851,31.609919825019478,19.90044177499258,-34.782007867361074,-5.297389427173132,-672.4987935746285,107.299443857807,-37.027846416889254,52.253848087985354,33.56145400399809,-63.727678745700025,8.892312500745561,-247.67065502517335,-305.77110163246545,-279.40425934798844,100.4339618552371,-123.23761509977321,41.25632547055033,-5.388571800977099
1771947787.5799518,-160.4447799843789,-318.2358945471873,-259.3488062339626,-44.74585133031379,261.7178083937742,-178.98799450741578,-17.273847666399725,-157.22891489072907,49.21981953853884,16.73114140197415,34.27327817717965,1.9807213917995952,0.44584876875665247,11.253888239133342,-683.1387864266661,101.30568313756946,-24.99305840637739,37.30787484893372,21.22357842978734,-28.60681958976227,5.847632170811551,-243.87437301062224,-301.0385074345151,-248.82864105739503,42.22035544454619,0.6315843500939893,-12.398263674903594,-34.320625149664416
1771947787.584098,-151.26027585930007,-301.21184669182037,-230.80478061008915,-178.35322930555608,344.63463485396693,-244.55147173053408,59.21833308308831,-165.3898146723055,43.84504864778037,33.448338442169884,33.971022541671104,-7.480423248257008,31.7294068905893,-8.982231848320238,-689.2921196688039,89.37054910944583,-5.155675968097857,17.707731999170402,-12.453030719312691,32.18875776527528,-11.871374347101183,-239.1354383822002,-289.05704595270106,-201.50095783291658,-57.23658189596591,135.78058654195263,-51.93390937046772,73.40302631354503
1771947787.587996,-141.57418396465692,-276.8306080474881,-184.91648690005914,-293.91507347853917,176.43265606392833,-14.57609116326122,-6.161656589594504,-171.7745138313338,39.12886147458762,50.34216021131473,30.551181198808948,-4.134246389601311,17.421581668141624,-3.647028686217058,-691.0701384347171,71.72843664123624,21.895526102468974,0.18549715625440735,-25.526555448007233,47.670217694019726,4.74633113448393,-233.5109189441904,-270.16904523167983,-140.61930260456603,-179.40393667758315,178.9744841008158,-96.95911108944533,-83.47678069839527
1771947787.591894,-131.4683205843581,-245.9166362185531,-124.63887016205855,-348.43706467950466,-142.0096658215415,260.0298600476723,-119.94891085347525,-176.45703405046433,35.19299149376125,67.23343576684866,24.81389621289764,2.4687338270563948,-12.079470263119271,9.965446442713452,-688.6108236106037,48.81425648824575,54.676597787133886,-11.375816202708561,-0.30606828029349686,17.129112401968925,2.4450077244624513,-227.06229247867816,-244.89831473066386,-70.35098114584935,-290.00876302475814,89.77174966960241,-48.24304243683586,52.91252432520183
1771947787.5957918,-121.02557823773542,-209.4568665323626,-54.077828440962975,-314.69295947328567,-384.5928733843845,254.67629189573054,109.74235658982893,-179.52009069094453,32.11210924849625,83.7559949094815,17.77067212765842,2.1401150423359674,-13.562316815616096,-5.869691599118845,-682.077290302669,21.25716942154341,90.89682125724549,-17.2084279852574,38.22244333931243,-19.199963919798016,-5.091882008004202,-219.85491410812077,-213.93333206799005,4.46487341859401,-349.12159308762807,-72.9432875329,122.13832392478372,88.56196933853481
1771947787.5996895,-110.329311794993,-168.5689405828952,21.80654777429996,-194.8853974659516,-363.066301589451,-58.348632149649426,51.72167937222177,-181.05405301157242,29.916667918763416,99.35070739476343,9.909786819060928,-5.038494779619294,2.4688401156161226,1.0118158883791202,-671.6561283689728,-10.132158453149417,127.62782378272799,-20.844294824157604,46.20388574186293,-38.28845363751253,6.088430667951473,-211.95745159066314,-178.1058024614846,78.66637833987458,-325.9548561626948,-189.98338339025872,196.98681703718302,-294.73612192447524
1771947787.6035876,-99.46271947010645,-124.46619245993263,97.56912614718368,-22.27651598239872,-74.06908128990747,-343.0975262540666,-79.79829982351794,-181.15588522488855,28.59705528069516,113.2831322610628,0.9903018752712354,-10.440909504711826,3.8861672645754344,0.9059980416876666,-657.5555991408847,-44.38061491389568,161.54055980675568,-26.6952713420216,5.084178004398788,-29.95545322894423,-6.4750363188739355,-203.4412942089702,-138.36533292359778,147.14366095642993,-212.48701080634362,-170.552031927076,-5.435176461231562,251.77079994533236
1771947787.6074855,-88.50822434980368,-78.4205382022202,167.69237623106886,151.1724700668746,285.69490144203934,-253.4426495741014,-98.11750781089881,-179.92807813278253,28.10872957161337,124.68418500476781,-9.474643083427814,-7.388696145823958,-6.256174268472568,-2.821864323931209,-640.003703339781,-80.37763110172571,189.19113258139356,-37.17441830835354,-55.453649353367666,10.997034317306413,4.607405580807614,-194.379941404639,-95.75107969506345,205.2109575783655,-29.722127218935956,-23.59180355484071,-267.1909263483035,153.9140716253618
1771947787.6113834,-77.54686242624726,-31.724464016745397,227.00963195178085,275.9134625791049,456.2883668896607,149.8808238687356,122.23285549331503,-177.4775808436784,28.378007814752518,132.61127478927102,-21.344479468021326,1.7641944899238913,-5.4240040448880045,4.511038232004171,-619.2461359649309,-116.90550265907622,207.3317332258519,-50.706124084600326,-79.56986799842764,53.24755805115995,3.9712523908214687,-184.84837772440315,-51.3613121057111,248.94758947051793,176.88975158837872,144.99706330909478,-198.94034517980964,-441.7572572797663
1771947787.615281,-66.65768329949084,14.346683158978253,271.10486903162064,324.4001933274923,306.2000277778685,416.67032802919294,193.78613458156585,-173.91474175513903,29.30818228223098,136.12556376918903,-33.181394805937416,9.031935702586551,5.078776929012419,-3.0952795953544077,-595.5441445862107,-152.67424316941077,213.22019497551625,-61.638479422574264,-35.624362619992404,40.94108516332604,-17.122261185613137,-174.92244095455374,-6.321885892475272,275.48151407558487,351.6872685102434,210.07056647645211,165.40288817115172,208.85833875912047
1771947787.6191792,-55.917169732519284,58.57093451171784,296.6565610240631,299.26549445947495,-65.3392620680892,210.07201607361125,-441.54234324972083,-169.35226759445854,30.785662492988187,134.3794776847708,-42.32646485937224,9.802524114741823,9.19026363428376,-1.819066695261141,-569.1723080183563,-186.35999097250672,204.90105551047395,-62.30596584044108,49.65092275198825,-24.616749933174955,18.138117695940974,-164.67819049042987,38.245368005260325,283.1934665271336,447.1305221528491,121.85631828595054,338.36017070191474,149.63625259977897
1771947787.6230772,-45.398682017407,99.81337747661262,301.6976284704718,226.379897149404,-395.9845957889918,-260.26881642433085,169.24108004637827,-163.90420885146114,32.685874370745125,126.70746080149445,-45.86935698981795,6.822003199035522,6.646905189124335,6.460130074576735,-540.4162527805097,-216.64583911501197,181.43268092492605,-46.55485050366074,106.81671536027407,-65.36303393849711,-0.7569291972242868,-154.1912829777118,81.25335762917028,271.8258695473298,438.86042359996605,-55.35615030163243,62.15185035226233,-105.58589946611644
1771947787.626975,-35.1719326664128,137.05629961776324,285.77034992826833,137.70938663746136,-450.43138713681594,-440.79811810883535,409.98553476614785,-157.68497941859184,34.878692371984094,112.71231061783574,-42.1152301026401,4.884160947048323,3.1478790639889995,-5.3539184711656524,-509.5703250549434,-242.263841363463,143.0388385905201,-13.292112564356405,80.66711336022483,-30.79961441700123,-12.071891581910743,-143.53636203865855,121.67862644403289,242.4882178258247,331.87671691628555,-191.04528655601007,-292.3171801388973,-81.54744248912125
1771947787.6309595,-25.30249638656797,169.42497214393165,249.96374864195045,54.618960827397686,-191.72186542922387,-101.70905726394886,-630.8434884562067,-150.8084176801236,37.23323165023424,92.33931579368429,-31.75820431621097,3.165739220593912,-8.07081636204477,-1.0768343477996816,-476.93523605167144,-262.036870001243,91.16884126135086,31.609481080919952,-18.316276824078503,30.006161283228465,9.90846460853865,-132.78646847177328,158.5876048176585,197.55891542767787,156.56471133150777,-186.54124133297242,-247.56973463555877,-102.67645230669036
1771947787.6348577,-15.851359749866626,196.20841603699196,196.83063214046214,-18.678214848020335,193.97071664938056,349.4380537063402,258.3052711338721,-143.3868956718573,39.621882582037294,65.93089128115984,-17.979221042894856,-4.448254010902765,-24.097845967218536,4.914370255378824,-442.81569876127645,-274.9189673921811,28.4575886809249,76.23633632952344,-114.64246808068705,48.99228125877862,-18.98192134080037,-122.01247676963554,191.15950894217752,140.4918522290042,-42.34467283179139,-48.202186153974125,100.39570425762739,458.26857056430595
1771947787.6387556,-6.874514476877125,216.87467676561735,130.19130088768975,-88.87921870431174,435.61405722603416,363.77264139746035,239.08504487009742,-135.53048227220782,41.92352614154301,34.25545863989907,-5.160679793188961,-19.663418570246847,-17.05155453188713,-4.096345589838486,-407.5180740372338,-280.0328453823911,-41.415056438142145,106.47036514037272,-125.77321680920758,32.10139898152951,35.965527379697036,-111.282563238447,218.70531747575018,75.54362360047251,-218.8016458019727,119.68696947445942,257.8797021132302,-377.2010613856905
1771947787.6426537,1.5774022357172612,231.08032454881726,54.84012247628021,-160.372635725758,372.95172659715996,-45.67772466711872,-442.4616225170047,-127.34616569234552,44.02592269070532,-1.4940818924054466,3.3373244193750944,-31.56349136547762,21.591244382397882,6.196294344502722,-371.348043792265,-276.7032452846972,-113.95775286673044,111.47832814513139,-32.66374370564282,9.259896859878149,-8.537633885168953,-100.6617104670941,240.6824053887145,7.443569127042976,-336.25070340135153,195.1144238455519,65.55396550479354,-225.85737306401762
1771947787.6465514,9.459417470468301,238.67409101872522,-23.821071192273674,-225.09223490347813,64.44174572062064,-337.9405412972539,453.52996888268433,-118.93713981446206,45.8273160208197,-39.73487839795864,7.241237141791851,-22.285441074891455,46.47260997806928,-8.42315971090884,-334.60832882217863,-264.4849755295185,-184.17827951088256,88.60635224683814,97.13556958979338,-36.705017925941256,-52.231742501204316,-90.21125236375451,256.7045695183407,-58.966796985272595,-374.3623065649949,128.78538893575825,-133.10431958953464,780.278461744669
1771947787.6504493,16.73248020626437,239.6947437653276,-100.19310269935252,-262.84334281798454,-266.50531266221634,-181.50745101621473,-343.0317952325115,-110.40215819061393,47.23733658555492,-78.56183875789677,10.009279968477108,14.294193991816316,15.577396902564054,-3.081074004623175,-297.5964683870321,-243.18459147383288,-246.94865410059697,45.33651085642419,158.35516491616158,-96.25095451072396,57.30669190339833,-79.98846343318446,266.5473359049113,-119.09622939364812,-331.6929752847012,-23.577196928351167,-77.49432911077787,-687.8141513564306
1771947787.6543472,23.363665254180827,234.36347969698303,-168.90024463357284,-252.07646941771145,-398.14654040435875,134.85518634861918,-90.22574961368208,-101.83495876726282,48.17732093054826,-115.84612118709315,17.32328880924152,57.99044394716805,-38.05893700104088,19.823377566559394,-260.60267818541257,-212.87486810998018,-297.3970143936643,-3.0189818360873617,93.61866049125909,-65.4502481878783,-12.8431349521569,-70.04619541748593,270.1485895139319,-168.93957463058334,-224.80250767985663,-148.25497949526923,43.778585656413135,-45.691138705245756
1771947787.658245,29.326322567647257,223.07127834918145,-225.18844862416873,-184.04729035380996,-262.14816215551684,177.58197525502374,646.6723672066122,-93.32376164974201,48.580187029263165,-149.35940753878182,33.757620452367654,70.58067688102682,-47.49561426229723,-15.198724806670862,-223.90780275571035,-173.90143577172108,-331.2954920155728,-39.371529156998626,-53.97422418068329,98.32705902467664,17.566740863186414,-60.43256389296395,267.60470707251926,-205.36107855138061,-84.00726928872425,-159.98724549580345,-11.118937927235436,741.8873176306346
1771947787.662143,34.60017145320092,206.36179156684406,-265.27012820713236,-71.15731540468626,25.77057249025747,-11.452920079840208,-693.4666907127546,-84.95084147339992,48.390016861202824,-176.91657395203407,59.08373833893749,26.958544571422312,-9.647826048614549,-2.4965930590612277,-187.7813776313147,-126.88119432398338,-345.41274732560106,-52.257041658013634,-168.67331777009542,208.21534328929312,-16.301592072624384,-51.19068692402395,259.1624990261192,-226.30399138346303,54.1088758294582,-60.9360888182392,-100.83958953564073,-757.394828660576
1771947787.666041,39.17133958775052,184.91045400211405,-286.58948424032513,55.99231404910329,264.83391365693126,-68.79144297670123,144.26676716679648,-76.79217521082155,47.561498020502775,-196.52738939713188,86.24742728445763,-55.0694458617242,22.739319382930958,0.9560814221310429,-152.47981576784926,-72.69238456591792,-337.801826262593,-41.200959275338356,-153.16006240756934,49.27081448004116,-124.08708690963654,-42.35847741271978,245.2073741512106,-230.91166464934946,156.38632270224647,69.06751859047039,25.886245299999487,218.7166830410455
1771947787.6699388,43.032347107663846,159.50057933387583,-287.98925441657946,161.38538455354313,312.78974001560164,67.18664477350909,370.73489538035244,-68.91716552371949,46.059365934789454,-206.54648215333395,102.6406845243734,-116.6785073639917,33.64816326573095,2.106326164233755,-118.24473185291117,-12.456467657833906,-307.99844105984806,-17.248242371901096,-10.948910857803824,-242.5938590841295,223.34077784333013,-33.96849031354942,226.24822877209962,-219.5528090290925,202.47081695864063,137.3939255466922,224.95121996055826,269.2612803669589
1771947787.6738367,46.182036422383526,130.9972603787499,-269.7680477502079,219.01736539618287,168.77697453286683,81.30602282221773,-473.016503293377,-61.38843906987295,43.85796849087746,-205.8101732215377,94.88593068905553,-99.25252173564047,44.50285404653467,30.225813459502692,-85.30141710390986,52.48776526343709,-257.1113540032405,2.039650109457904,149.61044804664104,-263.7005964754406,15.901471715116061,-26.0478253741733,202.89963123865948,-193.7514891311335,190.506387954754,105.41588516070809,127.51613667120401,-445.1658469555304
1771947787.6778057,48.62544883963588,100.31991795145412,-233.62636016909076,222.5210743387212,-50.91533674780768,-141.0293271308868,357.37365547578196,-54.261718505534944,40.941047093767196,-193.7489913304259,55.500138592668634,3.1900438054641054,28.18906262159209,-50.4518483390435,-53.85747605426655,120.61717032798221,-187.79475971693785,1.084258133319561,198.2426596120456,83.56616320978897,-338.56852362010335,-18.618085497986158,175.8619210710683,-156.03009079479722,136.5216460342282,8.493916157784458,-225.79327237349244,428.7597713617472
1771947787.6817036,50.37364957014043,68.414344411241,-182.50820199307228,184.30315256546697,-207.65833804282724,-253.37716869617498,-178.33557856609733,-47.585766287241825,37.30179442987027,-170.4658012050998,-11.585922417641138,125.75421283637314,-60.18518967562471,-2.5612035214598357,-24.1016356104674,190.26339167786566,-104.10177147667176,-25.72377677157281,88.83092964659194,362.54248897346565,201.3492153046124,-11.695390205156983,145.89987094092044,-109.68027321337026,67.32911454773111,-79.1678684070062,-340.8001334036047,-254.1374996412392
1771947787.6856017,51.443503175468464,36.22506423923977,-120.35328695177088,125.75683792493098,-227.86744592898955,20.058605110966024,-94.0142485320735,-41.402397778692325,32.94321176915023,-136.77146783876867,-89.76437040235413,172.66345608239635,-141.3943415270988,52.26218364428787,3.7972646883388017,259.65703172533324,-11.227579271884974,-70.57642747192266,-98.11212411343377,175.82257975461977,214.47869137870632,-5.290443028750961,113.82056822782512,-58.4822760147106,9.713499284299823,-101.61157283161302,12.64762652694587,-53.16908300719361
1771947787.6894994,51.857401978691016,4.6687867831957774,-51.78131778956821,64.99254399333938,-128.21790794419704,374.3735204861312,326.33218018600934,-35.74656061255798,27.878750008372062,-94.17274166234132,-154.31234702703645,92.04406934355843,-53.51992259986379,-13.597899843642912,29.69109378255992,326.97554446992984,84.8402134176606,-115.17470691688276,-215.06543232680153,-241.85651877405485,-218.74743934519674,0.591348918683371,80.45116104687706,-6.396495021184417,-19.559197380307864,-55.983720809857104,397.5429007720099,276.10573824219836
1771947787.6933973,51.642950342260335,-25.390342308918356,18.26542617914958,9.266554350765718,18.979676899653327,285.6660182571496,-347.150440843023,-30.646476747461474,22.133181361302526,-44.810406994289245,-181.6701369384776,-72.99796246404755,172.8942082536775,2.696778185583856,53.453055815272776,390.39341768159596,177.73889145442908,-138.54503843574193,-164.82765065312205,-331.229384202557,-131.89681904558532,5.949705499057998,46.61708230587681,42.74726568297304,-18.860627939309758,15.58852858623178,287.2016160923926,-317.6173132023937
1771947787.6972952,50.83260804994072,-53.16307056699558,84.8925554360595,-44.149136642676346,138.26483635050033,-218.95282903288964,223.98259400256018,-26.123843200087943,15.743615088012147,8.650549644873575,-159.71334536025097,-204.6483222244744,241.92943755620507,-108.43138624062733,74.9781184876433,448.1331306336428,261.1846135677005,-125.76227845931439,18.539934089967186,-1.294229732969931,145.68453867183592,10.78925698348663,13.121317244519314,85.5380801421139,-0.23712559192864174,63.12960823206996,-192.21276539752276,295.6674594896298
1771947787.701193,49.46329634909701,-77.95442759336943,143.60836620707192,-100.1590377993979,183.30516856911922,-514.0182469390397,-68.91679897821746,-22.19408702409541,8.760543155412968,63.17320879103236,-94.15918069764716,-195.59398020804016,-21.573902511188987,100.13610262510406,94.18324089843517,498.5153450403227,329.42874666139124,-73.51702767820021,192.8706315103519,271.0928571712794,193.3194910986782,15.119283582023366,-19.274781281865664,119.22757149501568,17.51060974204816,63.055009114079624,-430.35376267195613,-179.482242805631
1771947787.7050912,47.575970524275455,-99.17975944714192,190.6364453315419,-156.60989056386273,142.36607966977638,-182.53632245235687,-142.84073462778258,-18.86666975309685,1.2487821336638163,115.5343336784672,-7.4652953756048595,-36.788239042417416,-329.8466969373906,182.51239753087222,111.00740056809099,540.0068085535892,377.68153335695223,9.272621862958612,219.48630382541364,157.46582552281194,-250.55148429594962,18.953414730684408,-49.86869663119279,141.91117717314532,18.042243223974097,26.71764844751987,-148.59466898470004,-119.66239022401257
1771947787.7089891,45.215163148501084,-116.37710772875107,223.1637864841417,-199.9011374663455,33.51104255982591,405.40789220529484,377.51956174762154,-16.145436225258432,-6.71183256837132,162.53123714231228,70.08293737772213,164.41009621139872,-244.5541556388298,-366.91814217572477,125.4114212568268,571.2645230950814,402.47019763356326,104.79860925091123,74.59758618563643,-96.9212499213122,-63.33683249007764,22.309292203719316,-78.03161706871089,152.63489337684425,-4.856884544395243,-15.9340029159429,282.081301654154,370.2853750637874
1771947787.712887,42.42850236422746,-129.2157482406043,239.5079452213605,-208.98052166977052,-98.3414115491857,531.354363297125,-416.16175639451035,-14.02900246004914,-15.026143843298136,201.19562346506123,113.39866562685472,257.93295496621323,186.89865000698518,72.58455958801008,137.37760520385777,591.1748532155966,401.90338688337744,191.27346579289377,-129.92287781243576,-126.67387702581742,257.76980840372374,25.208201446301164,-103.2206995858817,151.42185494337582,-44.326898072340285,-39.699075612018646,365.0341772834503,-311.5817568634899
1771947787.716785,39.2662096949571,-137.50081843748546,239.1936640784042,-166.4159568143043,-189.32244245834315,23.178828301329897,90.52251001154272,-12.511177052657525,-23.583893960215605,228.99899306443623,113.48165085729148,165.26108828500708,414.9103651997308,376.4439395336645,146.90917552142923,598.8864178965929,375.82095069315426,247.61733958442358,-234.42836110585807,9.522680971488017,-196.57428150625503,27.674675780493214,-124.98854607403577,139.21981564784386,-83.5172437389796,-37.12414515836322,53.413881291736935,101.95058715350693
1771947787.7206829,35.78058201844072,-141.17407181976938,222.9367956707813,-70.69995323931289,-182.3226515150331,-525.6736268534222,366.81676749770355,-11.581410359265217,-32.2605796675166,244.0342523961951,80.51936896504176,-54.44168024407224,117.76380836263314,-407.34052453862967,154.02953659688103,593.8358150348546,325.81689539662415,257.5385517983406,-157.9702206001715,24.282282862109962,115.36248525972114,29.73607836163406,-142.98979490516413,117.77698642417278,-103.4400202754261,-16.594574949581002,-289.06674454445124,-0.01056350662686765
1771947787.724642,32.025462447921484,-140.31089810199978,192.54063340727006,57.67796044975552,-65.5538018668313,-465.89661218819185,-427.79712662126684,-11.225265529373463,-40.91901786350833,245.15946334340262,37.4597861417872,-242.34337881323566,-331.29761605214645,31.038685942658617,158.78136241649153,575.7654622981008,255.13320714474514,213.35192997913032,38.25453661490262,-78.1180350306218,-0.40354299403000166,31.422166959006233,-156.98481302695848,89.45925040113679,-92.02437706555448,7.463047374452118,-318.70434734138934,-68.65980683552769
1771947787.72854,28.055704928445135,-135.11383911684925,150.71634310988583,181.14954676064374,104.51207480035345,140.21566320531653,-6.289215033061575,-11.42490520217457,-49.4116556353734,232.0921286715825,7.568369713143532,-257.67262032301466,-356.092564054165,315.60064866215566,161.22552468334558,544.7330918474782,168.43229937550944,119.29770264614763,200.91489069386634,-39.04017120298164,-273.2476480708852,32.76464676241154,-166.84055079458207,57.02606772051744,-50.06526392398101,23.213503276745836,-14.363008657758128,231.62056918903343
1771947787.7324378,23.92663732485806,-125.90291106963755,100.84457132068586,259.71685963854037,224.8067867710711,589.3486967577046,319.5811270991919,-12.159587493732,-57.58361065265283,205.44586075745593,2.873615623581745,-85.83954277517756,51.538846521243364,-356.19694184203223,161.43987443199845,501.1127001964921,71.46529112495922,-7.089283032852507,206.56934816625582,159.1897505767102,466.7964936349751,33.79671643295709,-172.52869311143127,23.38509347927714,8.764529929909017,25.158452333398234,320.04421185066786,-315.20243872457627
1771947787.7363358,19.693527681359864,-113.10311206556881,46.699110403763676,268.13711733219395,209.7210790299482,349.98545212396067,-75.73630816830122,-13.406164844643904,-65.27637977059807,166.70544765889377,19.644572701789542,148.01554040846648,354.3954601243684,94.26342103310249,159.5178925237488,445.5870187696021,-29.338610001887687,-137.48530947706953,57.03451663009118,199.92587475065054,-246.13100825089256,34.55261252671568,-174.121304410567,-8.65350700148817,63.684779518159075,14.416452985000104,312.80633554430915,149.13233235557195
1771947787.7402337,15.411058252820732,-97.22954705848034,-7.844500107832204,206.4918061851845,56.09212394480911,-310.21617405444084,-291.8377193342843,-15.139579387798621,-72.33210842800108,118.14088932996638,42.60273488207043,272.49170549144117,204.2963231915156,233.29973389425749,155.56722591460814,379.13182625849356,-127.33031723677902,-239.88167277007193,-126.90794083547857,-68.07713932168215,-262.32739573675366,35.06715727129163,-171.7842192781081,-36.60285779651808,95.4278727028722,-2.4581285792770595,-75.24913597467526,77.63004166710579
1771947787.7441316,11.13281190831541,-78.87063889282317,-59.092441438579705,98.61219031293895,-143.09959551495993,-608.6030110538458,210.04950210429598,-17.33334867053908,-78.59827228856732,62.66557882242118,54.44831618981106,198.96810385389298,-152.101883816216,-281.06063813722193,149.70812788600225,302.99266160570636,-216.111858427938,-288.5029650103238,-204.79092518859454,-325.0059030291789,568.9019134631139,35.37531451269401,-165.76847325708744,-58.4875164115782,93.74197987448797,-16.143788737926,-405.08243178591823,-142.67770402245463
1771947787.7480297,6.910775544152962,-58.669915422856874,-103.78687300549612,-20.15776738175431,-255.42451863833617,-164.7730471388878,164.43653867093647,-19.960035755760227,-83.93258650976405,3.648091700037498,44.78555673591755,-13.345850409934386,-269.49952763475244,20.782913660297584,142.07182145341906,218.6547076896297,-289.9846417814248,-272.57161330388175,-126.03020194111406,-189.5182296475412,-392.1497391174526,35.511758477096485,-156.4000991648467,-72.97997392665836,60.83595777304891,-19.132210342806456,-229.81521588200087,161.807862177272
1771947787.7519276,2.794865094641658,-37.30687259630411,-139.31305795036403,-118.56456047205906,-200.86549439247392,496.77033575794485,-313.48446840319644,-22.99169792346548,-88.2079291801441,-55.30932697340795,13.911230860147741,-205.49690376429592,-64.7035052008991,166.02611345645795,132.79880585501172,127.8067930849013,-344.3416169316208,-199.82792168926227,37.35046808356735,220.3278536328089,-46.50205245908684,35.51045977281998,-144.06863408443664,-79.47631979613243,9.949438103850115,-10.389899951471058,265.9241149713078,-244.71782586978884
1771947787.7558255,-1.1675234854922294,-15.477414842010388,-163.8461146033217,-180.07446512897062,-12.034137214416052,537.1950583189071,162.20155415864667,-26.400308455272324,-91.31704722578978,-110.60983650426952,-29.28794587976361,-240.6321250364812,167.39792753366888,-67.88904806458493,122.03712634829739,32.3005977619163,-375.97472317239465,-93.07684290899267,155.90680152197575,394.8380287674872,325.0587330417267,35.404292756256815,-129.214692367429,-78.10727131938734,-39.8648671770859,3.5390696229782,413.00682612186023,206.4075546125022
1771947787.7597234,-4.931933244038681,6.125632545976134,-176.42970836858643,-204.06521722325823,184.6555412656432,-125.80386046108259,-38.99119077242496,-30.158146369934492,-93.17680839606768,-158.90145121737763,-72.67761627130292,-104.23143648324057,164.11181709193397,-65.12489866106398,109.94062754904148,-65.8937534376288,-383.2759811736111,18.488095472731985,147.39374742157239,92.18635747686534,-322.564373939874,35.22466800894693,-112.3169610529109,-69.68629197521442,-70.66113305080175,12.862567116626652,-19.71306973428856,-0.7965310202184706
1771947787.763621,-8.457231642208797,26.831460120815837,-176.98491665000637,-198.98274560810808,256.29847904481045,-635.013556574588,4.742391754405701,-34.23814949463998,-93.73177276798194,-197.29957840685222,-105.75926865168353,92.59750888618214,-30.90226256282607,16.77875213576183,96.66721030788544,-164.73446752309687,-366.31912696869495,109.04444935156899,34.88893624508262,-334.54557022475865,217.98831455449908,35.00119326778821,-93.87896589246766,-55.60171509453376,-71.91513278969411,11.677784945881779,-424.1050183510395,-154.41589747978136
1771947787.7675192,-11.705959147306606,46.00920645233372,-166.2532524032878,-173.0755281190235,156.6919296120378,-286.85550979513744,220.4969374036138,-38.614226868255095,-92.9568807155273,-223.57659414441008,-121.80996271849126,204.12316918326385,-165.49692140596642,47.30066747442718,82.37711169455265,-262.15596813641287,-326.8180761583774,162.94932469415127,-83.4532293012361,-372.49420754287655,-86.0999625955519,34.761365748259756,-74.415939025149,-37.66422912845872,-44.1713709584315,2.3302224052250238,-199.78676420551793,294.18120947187515
1771947787.7714696,-14.644638228188446,63.084465811218585,-145.68293502015223,-128.794882412783,-42.4531767786781,467.50770817616626,-507.5043578009647,-43.26152714298883,-90.85908986634983,-236.30488884218602,-117.45518919516516,160.30802752936302,-69.73557562240373,27.58285217001297,67.23122704366423,-356.11664272733555,-267.96797116885085,176.74176090804468,-120.07294558228416,23.19169135533397,-119.13617505276731,34.53029838532043,-54.44209491557961,-17.924430050211416,1.3012924488773556,-6.751409706745639,324.84975464842773,-513.0505311496531
1771947787.7753675,-17.244040446417422,77.5539920665719,-117.27154348677324,-63.9740347166381,-204.2069927926378,574.9802826998426,276.5808840541049,-48.156660360834735,-87.47783931154528,-234.94333364411426,-91.5803632809423,11.294581082979924,141.24729551360466,-54.56697363153261,51.389492167128545,-444.6452579328173,-194.18335711763572,157.00578578942051,-64.36698840986814,387.3574055176135,281.08663889046704,34.330482057021825,-34.45859154933297,1.5228309744352837,46.82719465856432,-8.099218321429989,348.4244554385008,371.956830506831
1771947787.7792654,-19.479409844119616,88.99826647167026,-83.38087189918548,21.563053888315363,-223.20024033169327,-139.5524308019813,363.4052702875462,-53.27787121957121,-82.88427298069558,-219.861390376572,-45.44572549242903,-122.41645475013617,170.2813990554368,-103.97993129767207,35.00934274091561,-525.8849322891244,-110.75547680961188,116.10531417269317,21.628989983402192,303.2700624539914,-242.27682675752445,34.18158536186554,-14.94242022041673,18.73000862621665,75.0164277672397,-1.2951629435619008,-177.8341643118894,378.92169079388304
1771947787.7831635,-21.33064132598359,97.09165062083392,-46.540954435993,118.81628283100319,-96.00816848016382,-665.8014686809069,-524.2740355988333,-58.605162700408506,-77.17921297481104,-192.29976858326953,15.696499068068253,-147.64114208044052,-79.87191009992662,176.9276645338924,18.244266575198818,-598.1336652367507,-23.456216481276122,67.72045920565618,65.75530477866586,-123.72796302425162,79.67958373652664,34.10029304532755,3.663570317823955,32.067936824868994,75.23521220538198,6.934549508660666,-442.94766184724205,-921.319652089768
1771947787.7870617,-22.78241318359656,101.6099059807822,-9.259807882712805,207.3507063782113,83.10202576504416,-233.431214942686,96.25536785327543,-64.12036969590847,-70.48993479100305,-154.27125077559643,81.01567643253956,-64.58746612133731,-290.08247159822685,56.96279714133519,1.2424630422631768,-659.8805514595097,61.880517135213616,23.35383609963266,46.67565682130252,-402.2483744513874,41.077799218829206,34.10018375065743,20.959350518559106,40.36227483688541,47.41187345565794,8.577967974049384,-14.98934607683927,500.5521485832796
1771947787.7909594,-23.824273332772698,102.43492656370414,26.146418998064092,260.7249097716988,193.1709370633675,544.7381407473589,57.79262663580289,-69.80718304259794,-62.965856632010606,-108.40969116898786,134.7683949301607,46.20100675734282,-95.90444377067956,-292.5999810206037,-15.854377609701864,-709.8369544576474,139.76843500176096,-9.726174370923149,1.597575290539952,-214.9718859359022,-100.9192712554298,34.191647383501774,36.59496517565321,42.98457125933722,1.8578827496716013,1.1885664491417471,469.35915730003256,275.4704347890207
1771947787.7948573,-24.4506792570569,99.55659963670294,57.69124087548451,257.5992495752193,169.72373350452116,540.0487735326749,160.31684620581183,-75.6511251159554,-54.77331118012236,-57.778905727727356,160.3590915113113,97.05163016664353,328.17363287182394,180.58329203994782,-32.9121640101857,-746.9620685622986,205.4396402410623,-29.10232126232392,-18.933400430165374,222.02614261502748,147.09073102731844,34.38184199083885,50.27628643383931,39.89138474843894,-44.75863539192363,-9.859702006722669,259.50806909365593,-492.45305756097173
1771947787.7987552,-24.660992039702915,93.07178025283787,83.81580137187795,192.64226897659273,41.74262694476623,-241.36627502151248,39.86948762553767,-81.63947886584745,-46.08961710141912,-5.655932556527726,146.70815251572822,62.16828206703903,375.0911411208945,97.42338664148696,-49.80535327435781,-770.4824600588635,255.15056034353265,-36.713740828377205,-1.8169867836654514,396.2591609602342,-155.64666999020804,34.67468967350684,61.7692241627381,31.609533327841127,-75.79863420522716,-15.388874164846262,-359.64441508725906,307.70457351352223
1771947787.802653,-24.459425145831876,83.18043901751588,103.44353215909932,81.0412560630964,-97.85472923725554,-669.793385629883,-569.0806835902553,-87.76117282094373,-37.09670586707347,44.69524881684152,93.96396061717797,-11.704266730022217,-141.78062517267685,-224.29938937571112,-66.41775320587007,-779.9053405209688,286.40280514396,-37.71699374237673,20.419256962179826,91.53064252652787,85.83474692680113,35.070910717813845,70.90239143527816,19.17022464706556,-80.93321869210617,-9.452854495950925,-482.17664376577574,-231.29471933267834
1771947787.806551,-23.854948779779345,70.17911714325282,115.9923074569025,-46.06451875697885,-160.28041079453976,-147.01262114702763,513.3334603322205,-94.00662513238264,-27.974584473817433,90.24309618528228,15.431593682906662,-54.45925417994874,-576.4976397299039,212.67376296299906,-82.64317183974899,-775.0254833066758,298.06580765507294,-38.958534346020606,8.893298742229353,-330.21557183650236,9.237263919127798,35.568094833868436,77.56825810542976,3.9991540032312822,-59.736075141631964,5.8526896902365,79.61373181584466,146.01731804674898
1771947787.810449,-22.86115079215448,54.45189404217745,121.34871434393689,-153.02305485000235,-116.91974794836882,555.5971746152205,124.02307360566564,-100.36755016325212,-18.894925213256222,128.38543210456388,-65.70744096080386,-34.51553442730217,-261.99664865896204,-107.25560160738101,-98.385911077019,-755.925842908835,290.3959447307002,-46.9140395337441,-35.915227946144356,-340.2557052087788,-45.652400867384024,36.16080807149055,81.72285577031278,-12.226716660610466,-21.14431572613189,21.066616396024315,537.0864432335014,144.38646198265235
1771947787.814347,-21.496055346230303,36.459136103864985,119.81204695017402,-212.5936548051257,-8.420850071028118,460.9185744379486,-492.98295272439196,-106.83673151937695,-10.015070649889855,157.11039942159283,-123.89165622599953,19.141564165048948,477.101298687449,-126.61110081662761,-113.56110316789473,-722.9720737930179,264.95479030894694,-64.9214268721063,-68.93927458797974,88.59167702650915,77.4858428565967,36.84073363615361,83.38412202425998,-27.742354513761057,20.674367955569277,24.986990746334786,271.7290474673167,-383.14634969191036
1771947787.8182886,-19.781900862702805,16.724349380748816,112.01754289693952,-214.86481802989087,91.14668447616005,-237.92062082892085,367.261457744821,-113.40776581072303,-1.472726767363892,175.11089272736228,-140.16234926726116,49.06104472087798,649.2751227194553,286.0514208467543,-128.09489082268664,-676.8012690308668,224.43660358090852,-90.26394234048018,-43.605652409599244,407.67191768186285,-190.26750445658743,37.59684450187038,82.62899201205639,-40.863033542109804,51.910869664118096,11.931160450243189,-332.0875449287874,351.3352778965646
1771947787.8221865,-17.74487906894533,-4.180496011191388,98.84910684540172,-168.9648571288962,124.2542623364589,-554.2448663343773,-166.5638671596003,-120.07478181213521,6.618409961070583,181.8455754138754,-109.40266654316311,23.368108865962945,-43.022598399610935,-192.59148305477868,-141.92445375815305,-618.3053479681081,172.4215456117911,-112.72440897849962,36.68390542561324,188.40151459237185,244.6724816093561,38.41560546939306,79.58936219349938,-50.14292179856969,63.78312251826125,-13.355420858674398,-484.9906696532972,-164.9936748786919
1771947787.8260844,-15.414837254871857,-25.650766353524187,81.35132911645148,-97.54856372105202,80.67767853335741,-128.11269570840142,27.797835072525913,-126.83213998663832,14.171885490074148,177.5436675337436,-43.070111085215004,-36.09205260649899,-718.9250008311452,42.218277021523164,-154.99788646759444,-548.609614483198,113.07601091851939,-116.53349362785673,110.10895060627394,-286.9998149617681,-82.6454697491816,39.28120213696754,74.44706487494912,-54.50998800968681,54.8749521755466,-36.27371386468993,-46.20404716955609,-36.49875087207715
1771947787.8299825,-12.824946117964055,-47.06566178980364,60.649142537826656,-26.852098615549934,-4.835641403470059,391.9786799924938,172.5822647726595,-133.67411750972732,21.130426209586975,163.15487268766344,34.155523250240854,-73.94704120091157,-480.39443635541124,66.85232180932977,-167.27393387618275,-469.04708170738047,50.82455001117119,-86.37621291909811,105.33323140502243,-377.61076366876773,-141.3603872449399,40.17579408214703,67.42800138895586,-53.365580365893294,30.916290245378576,-39.585812042241756,399.59551140693344,217.7947488615725
1771947787.8338802,-10.011335891455268,-67.80497087158206,37.88120992525627,23.353427082833164,-79.0613651758169,355.2125449910088,-347.405400611613,-140.59458403585597,27.46648648798597,140.249785305008,93.35747407827287,-50.309453981025904,367.90880569586335,-299.6221605412653,-178.72159328948163,-381.1292155074013,-9.981016861750453,-15.71313325388894,8.288637260636289,43.841429142565936,271.6130317521798,41.079789365288725,58.795586416935805,-46.64023670222568,2.412061729176993,-14.96956772411808,353.73232583239377,-323.16551405320996
1771947787.837778,-7.0127037654544,-87.26564217947568,14.150422631252278,45.8710655491675,-101.30664034177248,-82.91699580985018,317.7596379040069,-147.58667354567774,33.18137349224055,110.87958811439539,112.89635619521438,23.652169899666976,735.7644213733698,444.114831979573,-189.3195926782224,-286.5137889815915,-65.37054771904485,86.39004224086564,-114.10670441412437,403.0382792585495,-405.6583926812179,41.97213728444135,48.84365693845749,-34.80117175202526,-19.257295385235384,27.66346060608919,-61.65541833136895,287.77255806573027
1771947787.841676,-3.8698958828390895,-104.87774369591006,-9.507919768804099,46.25442875155909,-62.85146195749051,-340.4879650723156,-99.67135791737199,-154.6424576965386,38.30298163839561,77.40657763002719,87.38706834730554,92.6097122936187,191.12260039127034,-85.52361356414798,-199.05575686572027,-186.97056504957624,-112.02053200307797,193.97814215345895,-161.1486035121525,213.917829112515,389.59407382803164,42.830636185828396,37.88899833125293,-18.811114424356795,-26.2899545242573,61.432605856406134,-369.86928760723623,-116.20542053881535
1771947787.845574,-0.6254674079264532,-120.11940143501822,-32.14223849894957,37.86150789494423,11.433342773724767,-187.8575558155424,-141.63002720216366,-161.75262608539052,42.882234008627336,42.318880721565925,29.563137777578753,99.99136982499871,-541.291747410589,-480.4190411360958,-207.92627454967248,-84.34553441861969,-147.45723957999414,270.56049712308567,-82.50379512885972,-252.3295281967743,177.54295049707252,43.6322530755351,26.263638023080446,-0.04237917418735445,-17.92162567419529,57.933564982278725,-280.97383429253887,-114.000861681593
1771947787.849472,2.6767756381753713,-132.53034007361234,-52.88911896907479,34.67001042522925,77.41195675828148,124.86692470906158,266.1792062171899,-168.90617866664775,46.98839175919962,8.043548555382035,-36.157294179846595,32.576167048040645,-580.9733262194701,549.9296060532312,-215.93488023720198,19.47556791553003,-170.1856724168081,281.85893126224187,71.60996174881029,-361.57170764688533,-933.6051276280915,44.35345174828569,14.30705336035382,19.846093084235026,-1.159498895583657,9.603445669873347,87.87098455231789,289.46713969763607
1771947787.85337,5.99224886839897,-141.7236900213065,-70.97133103810609,45.08482801479844,95.3060213970215,275.06693812616135,-248.6508201804417,-176.09013529802402,50.70345078250193,-23.22801026248451,-85.12539714280653,-67.26422016865651,42.61375650270462,-109.82240544495394,-223.0919660779766,122.60376165989722,-179.73805782939652,210.44803391111031,182.11728265546967,2.879659050328555,806.246679046728,44.97052610677984,2.3584344256859007,39.05780877789257,12.084697792791452,-57.638589914423235,367.37189559934643,-316.5739624391332
1771947787.857268,9.276072216069108,-147.39577621957412,-85.69506421439034,68.79754955155546,52.49978507573329,146.16868528285855,151.34851077244707,-183.2892671193672,54.11589247317646,-49.68954867331638,-103.0042445311825,-130.24165915849008,552.5318280415884,-261.14376445940997,-229.4136392635388,223.18265771481796,-176.64198948457872,66.05708853572516,155.11799638710687,321.6818805611379,324.1785388177392,45.45993529270644,-9.250865152049185,55.820748594182255,10.622263408055874,-95.8713343953423,264.8016407907528,186.9481075214525
1771947787.8611658,12.483558498045703,-149.33366150055443,-96.45149245673772,97.17037819389353,-26.52936328163828,-149.25978679972124,-27.417046284572272,-190.48585424516025,57.314089114856685,-70.03392318856142,-90.27208601530731,-108.6390089977387,403.28697371445486,324.1374795017087,-234.92074113063498,319.42299098035636,-162.31444389788072,-113.83953422944194,2.809496561688049,195.8506967609038,-1123.8560921193866,45.79863723165795,-20.20456443784726,68.54806824227963,-10.040646515860915,-68.55153444495627,-139.68527867636607,-0.7202734020069499
1771947787.8651748,15.570703416018278,-147.42027923483755,-102.72645642074232,116.55334329945417,-91.70917017598485,-318.53607639170156,-114.80903836331457,-197.6594740236828,60.37968363874337,-83.52385266785426,-59.08782400113133,-10.64645225899954,-168.81306469012065,-285.1713483140008,-239.63784433317028,409.6352530134607,-138.89332406927028,-274.88080418595916,-158.8507002778292,-140.16048693421303,619.638490989033,45.96441724260026,-30.20826097868684,75.98330345508836,-44.22440795750707,16.706953857446788,-410.50137260731407,-134.88119024540106
1771947787.869073,18.494672489338388,-141.6370549786201,-104.12012229474946,113.47333893561328,-97.53574981010637,-111.26323719390184,237.31997936634127,-204.78682382438188,63.381268813684024,-90.01531673945796,-24.928820172650557,102.69602276619761,-507.3544982221682,208.14532584838696,-243.59224441787808,492.2598796233658,-109.0225242818075,-364.72903522299424,-199.70573730420855,-226.19993636758528,445.9891346999475,45.93620846445611,-38.9956957092145,77.31723591493015,-76.96562604260595,104.34504411981644,-210.13117669085247,225.82382515251757
1771947787.8729708,21.21428035380425,-132.06398417740786,-100.37622402728381,80.26044776215491,-35.01040439445016,304.0353531937404,-238.87953451462653,-211.84158195130226,66.36868224741978,-89.93309195168733,2.1973152840200734,156.1180200672453,-265.65162607185727,53.39488266031151,-246.81296190090023,565.8945046389015,-75.60948657288202,-352.55425316861044,-82.1969258062363,-26.3058063886951,-751.8302256314511,45.69440096220356,-46.33437435981786,72.26600243844368,-89.38570892690845,126.25210473958408,251.84221419805786,-286.9433743678417
1771947787.8768687,23.6904577931441,-118.87720130350019,-91.41823160248826,19.209807180179737,57.34915403373873,380.2733426918559,105.82263086953567,-218.79430988104906,69.36821041129353,-84.20157990323246,22.289704693119923,109.65182311837486,255.35106165565787,-392.58107552829176,-249.32977055281137,629.3178497317423,-41.57565256289745,-240.91537710041212,103.32699654079309,116.17404126598747,180.14087135269222,45.22113646547433,-52.030452067457134,61.103349408181394,-66.86297585841149,54.74007743803938,411.3799812804156,221.4917240966591
1771947787.8807666,25.88670182418264,-102.344142513319,-77.38781624057697,-56.677714554308274,115.4787816346334,-96.43716431862515,7.444578723266637,-225.61239861844962,72.37895753924681,-74.13745846722863,43.2850790349518,-12.728223378005115,456.14913850417173,457.0534323289786,-251.17226706353665,681.5098808538781,-9.62003283865005,-65.05358228537673,207.95599596100027,46.6588399067668,311.96837752018934,44.500585785603164,-55.93279832332293,44.64387630344863,-7.014612308043426,-68.18033073931468,61.5103555115718,-15.145376446925155
1771947787.8846643,27.769504179663308,-82.81646607614309,-58.67957044424196,-127.32842121981254,93.78271842768679,-534.9069516935338,-65.2709630053419,-232.26006153611183,75.37058567240724,-61.313540179184955,73.49201576919377,-134.91788090690247,117.49572106717834,-200.9887268764793,-252.3689965407561,721.6679253951386,17.98564027603983,119.91425396211494,144.97603813080232,-24.20465344008738,-226.41852868540457,43.51920609856412,-57.936170004396295,24.1783549054548,76.05535511822174,-153.9192226787115,-346.14517940005663,-173.6917302725654
1771947787.888563,29.30875363561633,-60.72095049949522,-35.96529345865254,-172.5987843426415,1.1071799477720576,-243.17812553315724,251.7571142703035,-238.69837557156342,78.28257347888781,-47.405341433976304,112.8002949631402,-175.72246970566866,-333.92005124782224,-81.67908100307008,-252.9466473439808,749.2185120298125,39.554888339738376,258.4346589447043,-36.66204474382351,48.232614678573285,10.08821489364769,42.265975486865706,-57.98343086045887,1.366398972075985,154.1222539085033,-131.84983077644137,-288.28248293276556,297.7401612687372
1771947787.8924606,30.478107776813278,-36.54863883012576,-10.201395680518836,-179.80249973392654,-100.0250181761603,480.90342256841313,-444.4043003670207,-244.8853720815818,81.02507665160003,-34.0331016472453,148.20971814537526,-102.72162336105902,-342.8515015146752,297.5155627736209,-252.92932753088567,763.8247685564199,54.08663734598242,312.9603326563522,-189.14403912882102,76.30431816468807,-4.435647526563718,40.73260236755694,-56.06676754862705,-21.904471276530458,194.41536632049994,-7.791936777414828,123.68841116353562,-412.9459535782475
1771947787.8963585,31.255329944605577,-10.842538700791703,17.385871555089786,-148.41638888547283,-135.04340490832706,594.5432260717384,182.51210488137139,-250.77617803882802,83.48140347074556,-22.612265195281676,157.48684201779608,42.409797125825776,65.82521913805836,-513.067503123193,-252.33793370646384,765.3892915148344,61.30171745905339,274.99564844154503,-185.84023644806868,-93.35254593531849,-74.63019993298573,38.91370765074719,-52.2278664082229,-43.68130969462218,173.48808517205472,132.30518021036892,315.47684502633285,345.65754249427357
1771947787.9002564,31.62258727323193,15.815779916842914,45.34068922052792,-89.84698621543964,-72.48701451202818,-182.81329579818222,382.6803489957612,-256.3232076602468,85.51204708855983,-14.224742458050708,120.3471800002834,166.73398961401145,330.50336832529894,492.32356375217796,-251.18962138572027,754.052483142779,61.61537040890676,165.75758562578238,-27.058686553169068,-222.43255743672844,280.92731141603457,36.80697767553076,-46.55703171980725,-62.11571466212574,89.41167404544375,182.55238049327514,62.47341622494804,88.52804370865961
1771947787.9041543,31.56670594197736,42.820325574958474,72.04420181346418,-22.39018497312432,48.45361339837684,-793.0767309905535,-479.71507107637075,-261.4764039907414,86.96014412159897,-9.521648400202356,31.707123284679444,185.69558936589212,128.6930232352186,-5.276341983687288,-249.49738417575597,730.1864341530317,56.050799302617506,27.226492999344497,157.13262746498975,-26.4449592901823,-120.49699830897754,34.41328620730078,-39.191244034794074,-75.62643622689637,-34.122153356425656,98.63914694185468,-224.34837542974427,-602.617862819345
1771947787.9080524,31.07938008426608,69.55519137721005,95.80515779812109,36.34839835922511,141.90467384085835,-288.12818809679237,71.60036821067166,-266.1835293830852,87.65816147187101,-8.665778756540018,-90.65341068621699,81.5264085895134,-196.11653375260954,-599.1537666492247,-247.26974719716205,694.3845131250329,46.10361573691932,-92.85249336537164,212.27214848653887,284.766989165919,-382.84514238321884,31.73678408735233,-30.311175392275256,-83.04024479748128,-155.0392581810885,-63.159146209963446,-132.67598609746636,709.9781993680176
1771947787.9120507,30.157331179657934,95.4090545037102,114.96959161857222,76.1352638826728,136.72584068103123,694.3941653607526,103.75687002399054,-270.3905031777286,87.43555386228549,-11.318983909407956,-209.41913606107428,-80.49015448240557,-172.62205464749422,765.1220068438009,-244.51057822776255,647.446903484111,33.570908056963496,-157.08802734973395,88.10837189356306,237.59986206566717,431.2495349984106,28.784955474453948,-20.13719737972637,-83.69842307629825,-229.2292410106254,-183.8153232474385,152.37502622627636,-315.8627660388665
1771947787.9159489,28.802415176107665,119.7893098034748,128.04186941979202,96.70288760350994,30.98607187491111,739.3891023882749,17.29597434679378,-274.04178422359075,86.12708539426774,-16.676056979279036,-281.73335683960886,-192.61911124519668,102.72912955050208,-392.2507907803282,-241.21901809208464,590.3624055475556,20.36126231116201,-150.6774808217468,-116.26581648075887,-157.04076884005875,126.11690505401245,25.56863994285208,-8.924439343778317,-77.51911820356405,-228.935503892189,-170.80844285500694,162.60495452711712,-288.9281916230479
1771947787.9198468,27.02167507334239,142.1355006371422,133.80742791537725,104.9239577027371,-102.70624088741558,-279.0544508811414,83.46718100447603,-277.08079526843045,83.58147010046547,-23.543025270475905,-277.6161443182199,-177.40423567000667,158.88562210841286,-225.0970842699975,-237.38952986628013,524.2868923612093,8.303214408590618,-85.78951946308955,-230.75772946226778,-350.09225669178016,-398.2062534959625,22.102019963057852,3.0430219324106003,-65.0095769529588,-154.69322642323723,-30.638898724465765,-122.80633714895458,715.2657883326112
1771947787.923745,24.82733731144329,161.9317436279372,131.44641665430981,108.25007965846093,-167.81633219588105,-936.4419691708953,-256.86993183907157,-279.4503857343693,79.66995980653991,-30.454095033217854,-193.86884706069156,-42.78432555272749,-87.88657771860265,693.6045249489636,-233.01206456000236,450.5188722093899,-1.0307754200678547,3.7240136649560225,-154.33480182077366,-70.0834547991141,74.91878316866236,18.402573499831238,15.458734062244355,-47.226660343000056,-35.16303631980653,133.34826706429865,-240.7349604113536,-649.1382814620089
1771947787.9276426,22.236751049430787,178.71788674802835,120.62736490101004,108.63215764778026,-114.54979691678936,-290.2287765288034,128.91687596910415,-281.093328975988,74.29449437977415,-35.81820995011088,-56.53610530100209,120.74494981486878,-204.22765846531956,-666.3957757930731,-228.07233913394813,370.4726655459044,-6.469599271412798,75.89941133577153,57.95717450712706,264.4785829046051,80.1622881077023,14.490991647030858,28.001069724152824,-25.68860809587085,85.0847198130359,198.45796146526843,39.29766823951237,138.06071965645012
1771947787.9315407,19.27227017868545,192.09918787945892,101.57097084950648,101.10391884681336,22.048612158387638,751.1734643563243,-14.975141911340764,-281.95284976363075,67.3950315866765,-38.08348326435015,89.41198944690922,201.54349973579764,50.186173234496266,175.19473547900523,-222.55222106402567,285.64974788212663,-7.345956324805878,97.63771963157511,234.8589692498688,203.45167703914368,135.68592709323508,10.391061414695384,40.340899853887294,-2.2453850275488825,164.10378321248058,116.37663842753341,326.2414300414256,352.36307415221904
1771947787.9354386,15.961078598269891,201.75434947602477,75.07608395249653,78.07759457632055,145.9232752305656,738.6026366997576,92.55818274388618,-281.97317741017383,58.95569274125439,-35.90586063942114,198.3097539530847,144.84411465204516,297.92172946460624,299.7221984980499,-216.4302121559451,197.60884280249545,-3.5480460526387594,58.15440886802987,226.4875195018645,-77.96627772485175,-26.43568797761218,6.129514022786722,52.149563383539004,21.081308566764974,178.91981615519302,-49.8803067555733,159.49574076696445,-482.65453200564843
1771947787.9393363,12.334959912263779,207.4417931136548,42.50277376840971,36.27776067905038,168.9575484341429,-264.3972907225553,96.2302528599509,-281.10011963666267,49.009396727518975,-28.307432946866175,241.4468575165465,-8.36316943988295,106.25148018111433,-441.66461667971095,-209.6820228861899,107.93537191179479,4.482723776374877,-26.969815300945857,29.143133551841114,-151.94199387695085,-340.2916655934353,1.735839368135221,63.10694357871561,42.27448879356085,132.6802624364598,-174.83993006571896,-283.1976677222357,370.0323717184609
1771947787.9432347,8.430013396854218,209.00410637941349,5.710830911705422,-18.674743100944095,74.42448095265722,-846.3434143247855,-496.62100273025914,-279.28165192655996,37.64070851422103,-14.809960400076854,216.37487184212722,-150.4294930042354,-306.9931822378106,392.8761981683682,-202.28122718047996,18.210881289029256,15.806370945663172,-122.82426915580723,-205.54787374933068,-25.52060863096879,132.03373473903667,-2.7579322782008053,72.90945363449563,59.49935279034546,50.42513310457363,-166.93842629431106,-382.0456951978348,-201.02813574528022
1771947787.9471326,4.286318854283557,206.37064286890762,-33.04417121469182,-73.28657096963545,-71.40212397628801,-272.693389180978,412.6569810767783,-276.4685167470014,24.986697259316873,4.469553225112075,144.5848996156585,-183.84331710645537,-335.5437719945307,-263.36111811188715,-194.19998630963582,-70.01693495885887,29.085072812246093,-189.8138123711753,-288.07809260274144,9.724784002265265,381.14105685669233,-7.317479861262813,81.27773280262545,71.26608784835099,-33.29065187958171,-37.09607931046764,49.508499328035136,-25.736572875042228
1771947787.9510305,-0.052446278200776734,199.55830036903714,-71.25136878651371,-112.23007162430555,-167.1573395389903,587.7960683342706,146.40387928495184,-272.6148266618316,11.235679953284707,28.771997390744065,59.888975386979375,-90.17412736875004,124.38853906601388,-22.43998847756081,-185.4098295785701,-155.2630064922034,42.719811839472214,-199.19490841753674,-143.30255243784856,-34.880097923100195,-111.31867729993152,-11.906470549623348,87.96385754154187,76.56351260461335,-88.60330559988903,112.9651649779976,451.5020915177201,273.5986873254589
1771947787.9549284,-4.53943357571811,188.67053896261606,-106.31240107927162,-125.713105769367,-148.10481848873692,595.1107217558057,-460.3211770283018,-267.6786650925981,-3.37618547587638,56.70533379189441,-6.426274646878804,58.945781259026084,467.6814122078536,327.0677194771662,-175.8824787444276,-236.1318741647653,55.00977606136006,-143.08009667145305,124.58031199079731,58.30346798751625,-619.7608361561702,-16.486865964868837,92.75787946566734,74.95147302876195,-100.47647659996977,171.3399797736823,262.5893095827997,-403.9523141232414
1771947787.9589171,-9.125089555047413,173.89472919130944,-135.72458329703807,-113.9543028929457,-29.993906274046807,-138.28630307435935,336.0399669185777,-261.62267832669045,-18.570402765139686,86.31287838657569,-37.26716242538333,156.1418840135589,199.91981296232623,-398.5239495623336,-165.5907026065906,-311.3423550465257,64.31961555481068,-35.77411393960577,308.7769254732044,177.2366093688399,414.5367269307804,-21.019253141468273,95.49351410448817,66.60343453316659,-71.76460461971378,100.84223114551465,-284.5192157790918,337.43100859836386
1771947787.9628153,-13.757655989117449,155.49794225497118,-157.265801329396,-86.36377421048418,104.68570951207211,-582.0627686992832,-151.4892809463089,-254.41465229065315,-34.03358988720898,115.19892201458606,-34.23124179955874,136.94975776627945,-358.19390042094864,276.8009001988922,-154.50918793375618,-379.74940094748314,69.23927651178386,92.5266755695293,260.52843326217453,21.025239699659572,621.111381863051,-25.463197409202106,96.05282267396443,52.295023888001005,-19.484741704886726,-37.331716279008624,-454.04875947474085,-103.58894878477442
1771947787.9667132,-18.383699318970606,133.8213107363211,-169.16682646479674,-55.935875583280406,165.73944938106266,-246.390334071876,30.32253048582915,-246.02806755743765,-49.426647772866055,140.7049033324933,-14.302217193215661,24.3366931092981,-474.2066774870889,-118.56302359536524,-142.61541279378946,-440.3627305218623,68.72213179989693,205.89022547767294,8.057442193463078,-262.31411603860283,-941.1800897700624,-29.77761405885306,94.3697528164494,33.33901014873565,33.234421991695605,-136.1768295352775,-19.407037472874723,-149.90185964616032
1771947787.970611,-22.948663551543813,109.27309948282453,-170.25726824394476,-31.934140649332964,116.35725945481798,311.99088251006026,155.19612364578987,-236.4426260480878,-64.39533017250416,160.12452794381892,-0.9017802127952458,-92.87904540879504,23.48989967485123,-99.30538663756188,-129.8905083845,-492.3618871131871,62.189389196315034,272.7074870101428,-260.6706434276759,-190.29179734801676,164.0434953801812,-33.92115535667195,90.43243188222992,11.471953077570053,66.23082184084866,-126.76159151877665,417.5417495713969,277.5701767734699
1771947787.9745092,-27.397440808573485,82.32063230672874,-160.07304265304666,-15.011675053327902,-5.594600432681457,387.43724314324345,-339.58346765133655,-225.6447429719475,-78.58183016723221,170.94202172227344,-13.09141206459739,-129.46052852155597,506.7097530970556,366.38263509140825,-116.32009562260653,-535.1074530764623,49.5920510293477,273.4026796750556,-340.0452177851762,217.87783452866208,579.5217456053939,-37.85260925143759,84.28413632192884,-11.297930757997843,69.28053664947853,-26.897004152255544,269.8916950795929,-346.9146686420071
1771947787.9784071,-31.674953550551255,53.48122275544051,-138.91590055176903,2.2286001192100633,-117.57510087046317,7.492716049452702,351.844554904658,-213.62799775035276,-91.636944917987,171.07451814502681,-57.065999588695774,-67.12027186009352,353.9249506430201,-463.0296242466794,-101.89508308780583,-568.1482363122464,31.425685269483886,205.2157280480313,-164.83787857402783,343.3263873602396,-689.616642386389,-41.53130595225797,76.02289286951542,-32.86860935350156,44.73726036379931,80.20567379824026,-218.31844115466862,403.6220626995018
1771947787.982305,-35.72674239359993,23.31225872493947,-107.85902056748976,29.265774550434074,-149.36820208465053,-278.8163859745161,-191.41588732668293,-200.3935379544305,-103.23234377829648,159.09777313435183,-123.07011061866261,36.1275009772557,-250.05547382878575,238.93575093495295,-86.61241347506375,-591.224335573425,8.69755697810866,83.8177748979035,137.8137902734578,-62.12040864652315,493.8969344160661,-44.91752840117074,65.79970172182354,-51.232290962416364,5.205305122213886,115.2079358685298,-351.188331605926,-174.84818476400181
1771947787.9862032,-39.499553351802476,-7.599407336209169,-68.69664795404441,69.68547821641779,-86.89088441855405,-181.19157314354845,-36.276079609113694,-185.95043061146862,-113.07244680115375,134.43425546508192,-188.6842666739192,95.88472173521552,-544.9769712337958,123.47880368650651,-70.47574644886073,-604.2660854122316,-17.15013781076765,-59.06464803900648,342.97868175837243,-403.77918307142886,-68.26024624106923,-47.972922509784,53.8154083074714,-64.65711152747325,-32.48225558114937,62.21216243320656,10.33013212982032,-399.29074290869846
1771947787.990101,-42.94191830713921,-38.64860828365293,-23.839952332088508,116.16336471894022,24.367578934297047,68.89899609544712,296.15550499918476,-170.315955597133,-120.90542224846365,97.48432508838187,-226.903763532975,69.58641716805491,-157.48832537192914,-311.48281663809666,-53.49606667588713,-607.3889766832281,-44.35347183036045,-182.93857295657463,297.11496247081175,-141.93841165347874,-589.0323576597108,-50.66090291051537,40.316286678604165,-71.84622893204956,-54.29597854801739,-26.624370470037714,293.3441095510493,723.1948285233053
1771947787.993999,-46.00472257359343,-69.22339482228526,23.834633954867265,151.8983680936254,113.66806272800906,149.96775876163224,-535.5544437865913,-153.51583627953855,-126.53283456170288,49.684679131084366,-215.76370894568475,-11.642964663032787,425.91546587762565,319.97977249812004,-35.69220683929129,-600.8847424822324,-70.9660316285049,-250.32377557957412,33.27220390640301,339.7051275356241,870.091838301826,-52.94704993203644,25.588432101218103,-72.05989834946426,-54.165829801314196,-79.61472282708627,105.43352845555151,-382.08184433081095
1771947787.9978971,-48.64175357743082,-98.7167893556285,71.17466269138357,158.20601706752353,130.40417294144356,57.77871356348464,506.69895274470565,-135.5844031493063,-129.81751877023726,-6.516649095074626,-146.15277052913254,-72.40212672078458,474.46144437425096,-374.8148277390284,-17.091276626411364,-585.2088907597038,-95.01193522222918,-240.11543068181103,-254.31455112997153,316.18732969390715,-402.0243681850328,-54.79949354520854,9.95109213676218,-65.18920434139429,-35.40706398094379,-63.62708628046926,-203.1428780463037,-147.3992542737423
1771947788.001795,-50.8102248757873,-126.538593496419,114.9655983300564,124.25034302160063,71.0082470083096,-15.499217866104043,-16.635237146776078,-116.56468683529788,-130.68932165770926,-67.773024689569,-25.59214609599829,-58.71090804794804,-64.12042168267322,320.7515750444625,2.2710099767788874,-560.9650513420372,-114.63963536066343,-157.39077946390807,-355.6542823709375,-162.08333833611832,-264.0938016496038,-56.18928011167204,-6.250905775946794,-51.77426793451638,-8.2181763943955,-4.6192434189152065,-139.65289074003644,321.87514109316487
1771947788.0057738,-52.471269936816256,-152.12707228301022,152.15448858382905,53.56978744335515,-25.34243175759776,-19.214261364991,-598.6362177381906,-96.50843761206679,-129.14843064924375,-130.0366715548901,122.78114070573838,15.077930772015309,-508.4980909270409,243.53286672660397,22.350115290178945,-528.8865838836563,-128.26398615548013,-34.27615161504279,-199.9520452778657,-379.2826421413583,615.8910950161741,-57.09071789524719,-22.655447095794603,-32.964577491562174,15.382608486152384,41.8590686088644,151.77652688651654,-301.26119594287826
1771947788.009672,-53.59040030483901,-174.9603264135142,180.06748463214674,-36.10960443494938,-103.57937157851988,-54.56552597311816,710.6484114005622,-75.47606921715928,-125.26610458052,-188.83026800369532,265.626946759345,78.38155608948433,-316.39139108593946,-945.6848076620631,43.092571083612064,-489.8159619210078,-134.6855920896127,80.67334031655736,95.33353488013088,-58.296509257355815,-712.7601708948533,-57.481697482782636,-38.89193965777506,-10.424195771154237,26.848338052871938,40.77394795054976,161.97042317197273,320.1829657131593
1771947788.0135698,-54.137923013219265,-194.56715169438183,196.60551021722873,-119.55548683006714,-122.83989163896426,-108.57044392451805,-247.73788200068236,-53.53652552824083,-119.18272310975495,-239.57487760131534,367.90299727344285,66.69294094288466,246.35476957022152,786.0503693422309,64.43598723330587,-444.68250469886067,-133.1788765756942,141.79394242204978,314.9773214712941,290.310052388866,436.15107717431835,-57.34398350100562,-54.590420761192064,13.810475941497689,24.281365638160917,4.47079497254732,-129.29525891699635,-189.01474967653982
1771947788.0174675,-54.08931243280776,-210.537174882831,200.4036928458933,-173.68383347424268,-74.47432595884872,-28.80295974053781,-213.7217635852269,-30.767069428426193,-111.10318024640361,-277.95026277523186,402.26079675592206,-18.339687228582882,478.40198140159293,260.65417771429037,86.30917713578516,-394.4790700275031,-123.54332203309109,126.31556365835203,305.1076533864804,204.7368625738783,392.1334895392569,-56.66347427918218,-69.39073218262001,37.50838470079525,12.220404911370704,-24.454698170671943,-217.0739211655033,-135.82243295759025
1771947788.021366,-53.425532172337775,-222.5300490840598,190.94251249340078,-185.572741430012,16.481495610520145,167.0582611434877,327.17880697328366,-7.25299399166683,-101.28975758289367,-300.2591653174096,356.5707415884174,-104.42452104470996,129.4611456063299,-974.3945922174421,108.63239943413149,-340.2383444305276,-106.11561537311326,45.30881729536117,81.79517808688496,-104.07932893047743,-1068.7307336197268,-55.43042638216476,-82.95152781996333,58.44166843838661,-1.5554956871497854,-15.905667700359293,81.67898780122773,333.41427569016554
1771947788.0252638,-52.13330316821232,-230.2834910282279,168.60183731606242,-155.63363598735808,103.14115071569763,200.40502869904054,-309.8842511625663,16.912743119754612,-90.0527184329598,-303.76488153334924,237.23081009407142,-107.9228806777275,-337.3191876658732,653.7233240650969,131.31771404636356,-283.0093684569982,-81.743651894987,-60.56456742709257,-188.03297842760216,-197.13448926627242,658.702955887403,-53.639641243919854,-94.9588788389131,74.58636403907421,-10.37908202909143,19.05540826640022,288.87215439161804,-284.99795018278064
1771947788.029162,-50.205314692291736,-233.6199476666858,134.65289169150566,-95.51933384326301,137.17242143412795,-61.29932682983288,298.50797614460856,41.62996046608412,-77.73896036663051,-286.9717705936479,67.44214547053828,-9.5866760799299,-367.6087447807944,41.09341395560442,154.26944904923002,-223.83491518266283,-51.72622332347829,-139.21235561943877,-313.3288835062464,-48.03799458186712,430.8087603193954,-51.29061148209481,-105.13424770763685,84.30819476880521,-11.95446836835546,39.43437348768897,28.407477242937716,165.03408240963384
1771947788.0330598,-47.64037563670134,-232.4516909800234,91.18748705447528,-22.76045961467555,92.7727936444798,-301.7955154384745,-124.21260967268229,66.79176659742666,-64.71914810139671,-249.82137454173542,-118.60286851466563,119.20003632745953,22.995611934916106,-354.5813491601417,177.3847735977529,-163.73030094235202,-17.724528494107467,-150.74625356246585,-215.76691948986362,72.48796850244115,-870.5817178575687,-48.38762485389757,-113.24161512011715,86.51671913856588,-8.949395306602883,14.98349855327265,-321.8364388467117,-35.81237544893056
1771947788.0369575,-44.44350407831108,-226.7841579817949,40.98825776705299,45.057883440193244,-14.548690807930386,-150.63127718291784,-161.20138479696337,92.28514379795874,-51.373819557574386,-193.7825153154381,-283.69878046630504,168.14395823408793,335.7925814714812,394.66180198342886,200.5543707039467,-103.66415179657304,18.34674466701365,-85.33829154696171,22.404985456325928,67.27905325698022,324.15073135775293,-44.939824201469996,-119.09356201370966,80.77368544289465,-6.689952822372021,-40.999107333119866,-188.55141425972278,-120.8744743047122
1771947788.040856,-40.62595378269051,-216.7173783052434,-12.652117683808504,94.54411737625357,-127.4057222400141,228.18762227132376,281.5728331117476,117.99159804198342,-38.079012121164205,-121.82171646369437,-395.82857167215343,80.52881906619952,227.25186641198226,-428.25261081526315,223.66320237341546,-44.54157873750952,54.44018284721683,32.93822655613242,227.64388585367828,41.08751654890436,274.0905787020323,-40.961222136122494,-122.5561326483443,67.3452849785318,-9.171790761567303,-78.19202183573515,264.65022859991524,222.24487654158628
1771947788.0447538,-36.20517699380158,-202.44536520619403,-66.15096345213364,118.55635227324201,-173.04679372141467,308.107692146831,-252.72898091767286,143.78787060291836,-25.191990066939972,-38.2499717232367,-434.98315372756423,-90.02457789070705,-114.28291858003371,219.12635741570222,246.5913583600601,12.809869671783394,88.49961456808549,157.45702330584896,263.22040837749336,21.949168973305653,-283.7271808033607,-36.470669644591304,-123.55233417926289,47.1928066694018,-15.588469622737923,-52.43904317519259,340.0225055008377,-232.38606187621332
1771947788.048652,-31.20472356899428,-184.2533872334661,-115.88015051241375,116.49270999013706,-109.11847277095758,-29.024117075650754,234.01515756710796,169.54670599852835,-13.037664739685486,51.54755275457554,-397.1900341631938,-211.61552330484253,-263.0227837997444,339.4874824532456,269.21497871656527,67.65120540950694,118.57928208358943,239.52208119320278,120.4317104212714,-45.602387710442244,56.50315759455143,-31.491778265872277,-122.06416281437636,21.901555305042773,-19.582202872147658,30.522674012621962,-108.20124965869688,178.56795366383588
1771947788.0526197,-25.65407723185649,-162.51308615291407,-158.4183113152545,93.50122210272184,38.959201323825276,-297.58234096991947,-114.75755789040248,195.13767024566027,-1.8962851443036104,141.4817697359667,-294.56920437034415,-176.71920267649406,-92.4449979446464,-663.1535796118199,291.40723945529396,119.339785566606,142.9514275573968,248.254784154962,-87.8975166959513,-104.56525598304404,-19.992230175751224,-26.052795958566822,-118.13308523826322,-6.446656359523764,-12.19520918710974,110.63488084351006,-408.57664206231397,-29.941531956557757
1771947788.0565176,-19.588430407959738,-137.6754606668003,-190.79297714592505,58.975493801642784,180.96393235637936,-136.04697173123597,-154.6417776368133,220.4280127225954,8.00706175378984,225.20324885564895,-151.07430364982866,4.833233327024051,128.19636698832673,285.48784617664853,313.039390004192,167.33383363082692,160.19708599786517,181.46869422967987,-217.10264307530116,-39.412713511201765,57.67427657849926,-20.186437238853163,-111.85894528773521,-35.447071918328255,12.540557615189922,117.32297350422165,-96.94989996020242,-150.08665359307437
1771947788.0604155,-13.048399788400623,-110.26179402209753,-210.69520637176635,24.272485068562094,214.72987862732097,162.9278208618589,303.3535557633906,245.28356429402947,16.510663528748097,296.58492272310184,4.80811882161498,201.8777109243595,142.0033398270221,299.97700891775656,333.9818307060788,211.19376403663918,169.27661531791577,64.06898944228406,-191.88338669983486,94.94536528263015,17.21411703489771,-13.929668629620314,-103.39730919976756,-62.57702614759245,52.20902201400669,29.251868114354313,352.941959891886,211.16943458712328
1771947788.0643137,-6.079685445760856,-80.85266546589013,-216.65084453414462,-0.4806570447225081,100.03559311967074,153.09466755441315,-262.9750901014455,269.5696637829883,23.521714444521372,350.20489348966686,147.54301993668113,258.17318787221456,13.545482887176034,-385.55362791876144,354.1052183243123,250.580489050736,169.57817505353322,-63.79385178880697,-47.741657860286196,114.16618101313027,-92.95967438025185,-7.3234509373626775,-92.95530741243658,-85.4148792921611,94.04590542071593,-99.40568627247852,260.93594629738624,-210.17253779579235
1771947788.0682118,1.2673230086600775,-50.075248417433464,-208.13531440045375,-10.06074299587874,-100.18238884826832,-62.40323280918979,265.37789887970575,293.1521044551302,29.01887987723337,381.7888059097597,259.12270967204694,117.33920650060864,-56.7854068001873,117.72089587033399,373.28158736465303,285.2509909192415,160.94381733505176,-162.80552454836834,107.73721423183582,-12.778429641897642,56.05095158875194,-0.41244035165514376,-80.78607538993145,-101.85380546741072,118.31265614872497,-172.47386831739107,-204.43810779777743,228.2152061004404
1771947788.0721097,8.937989123013613,-18.589159227939348,-185.62261268575824,-6.90003037720811,-250.6466928247234,-72.4616573953537,-203.9761034843852,315.8980919769177,33.051730228453316,388.5733524085062,329.36477527009146,-124.11999120356724,-44.262213341357054,-5.615197346304558,391.3854749981916,315.0515332102679,143.6739627262323,-208.1427892638449,175.73750797473247,-108.70675676053526,1.490980201754315,6.755349190008661,-67.18193826384267,-110.29157397771581,106.431752106192,-124.15695481285456,-315.98127258505707,-68.3818100501815
1771947788.0760076,16.873916503180247,12.928823099033295,-150.56375029365313,-0.9564377806227231,-235.44173194802548,101.54541698148391,-216.88751625871092,337.6772053126133,35.737019620246485,369.5581153912229,353.290826915474,-283.88018260631225,-41.83214362053239,-29.26787279782689,408.29503747148624,339.90895984798635,118.51175324386686,-196.10452559356042,128.07702677919357,-56.34732695291088,5.079191545587704,14.12891952129882,-52.46652276493517,-109.77931190349481,50.74888286324081,24.60248770309087,54.53876276796962,-271.4166585470727
1771947788.0799055,25.013474746081354,43.80079570338339,-105.29491233278858,-5.527877424668069,-48.29982740706627,59.671235597636446,678.7001907955662,358.36235217531856,37.25192873458664,325.62171501812514,328.7379304799303,-233.8209629477665,-26.54425464948921,218.1370887131574,423.89314611462265,359.82058553083397,86.6091271144411,-142.45404960055504,12.286881477665355,44.20548072514837,-17.76741441556741,21.654694407663055,-36.986014319203576,-100.11561634494772,-38.7186463921604,172.72876900837952,275.99731143899317,363.81345749176086
1771947788.0838037,33.29235876005787,73.3641167828178,-52.8807798308216,-30.027330086897905,189.647240704449,-208.38398332179506,-571.4526712513028,377.8307108895177,37.82453336679524,259.48938916614856,256.8189850536108,-3.9611617202158778,67.02440180599373,-231.3026499332932,438.0684514017561,374.8432149310241,49.47652591277323,-74.24575536489702,-92.40659344698493,56.81725263702308,-16.682314015314528,29.27695471363975,-21.09980655555724,-81.87702078287717,-134.73106672350573,209.10175835907827,19.831842240817465,-164.42268706141076
1771947788.0877018,41.64417539145966,100.98769331153854,3.0966387185655933,-73.12344045462173,307.94949578699516,-211.94715935559188,-13.208746309533684,395.9646508316045,37.72189333096997,175.5517155794383,145.24638827256285,234.76925082174296,121.82566604649493,-137.53539098683652,450.7164039768285,385.0818390439223,8.918048419995849,-18.686977075771814,-129.18314393554326,6.006394197169346,46.80854780278053,36.938298572452105,-5.170813211343585,-56.38131444540485,-201.88897210479348,96.50223138147452,-227.59575252844516,127.12602327377093
1771947788.0915997,50.00105093581703,126.08771113801339,58.7890576718237,-120.46557583665634,210.8726475456011,195.46170292478604,477.5522836940487,412.6526239815074,37.23627367911723,79.54706748356897,11.649377320361653,299.90110505947564,-14.911455235501137,303.556500631908,461.7402221236822,390.67854499017596,-33.046249757876176,7.064341063412754,-91.07005817198231,-10.627533920158617,-25.197848406623713,44.58012224628429,10.444273299186808,-25.586083338116545,-211.43542234060806,-94.48567481081258,-30.732195816512192,-121.95804376935024
1771947788.0954978,58.294252886041306,148.1423456821814,110.35497378312672,-149.44844943071485,-44.337019635545516,429.27475039006856,-557.9249244306299,427.7900205366158,36.67010587132195,-21.867606194348326,-117.01881274654338,139.57822239316127,-187.92608871734998,86.28704314324958,471.0517958279315,391.8021411172989,-74.2692084910675,1.9796271010654587,-11.940239206710693,2.4886019559506773,1.7744754135253142,52.14311712359952,25.404487301265206,8.06943081466182,-155.20053041658159,-230.76551536492371,241.93381117822747,-371.43327591358917
1771947788.099458,66.4548191636177,166.70500679047925,154.23487646974118,-139.71523437417767,-279.5970603431479,37.34525584364395,315.19712914010256,441.2799819992946,36.32036550784823,-121.62308686910734,-211.03997983591185,-124.98985618636587,-88.34271821346361,-321.16036641986307,478.57251834008554,388.6389439716216,-112.57463609152396,-18.752427452810007,62.25944326912539,-18.849433920079278,-26.196523953936694,59.56777808551291,39.39357354218813,41.8659779730046,-51.369379992835256,-211.35358014534273,67.42374594130358,827.1337060824104
1771947788.103356,74.41418809309428,181.41570351609502,187.40823454107885,-84.35477764852693,-322.1958443118061,-493.00642269162734,109.58018215337191,453.034165626238,36.463081285696035,-212.77964749814262,-248.68634810332443,-292.25787788904535,201.99272361830484,-111.92869769346228,484.2340369971383,381.38510004791726,-145.86216081878882,-29.86092267413516,98.41626177137184,-48.2409812359982,33.73901542448447,66.79491826458806,52.12817541602743,73.03230477478506,61.91289514553734,-42.76892466720431,-291.42838443176856,-265.73909851623904
1771947788.107254,82.1048224954913,192.01016266354438,207.61291861566332,4.545572689558884,-134.19582323949075,-372.1469769076496,-337.0794697965056,462.9734545732605,37.338693667032416,-289.0592450485636,-226.03163904342128,-236.64525184557272,225.25573274437383,458.8047059871672,487.9789159840685,370.24072636741266,-172.21563361510502,-6.757742402829572,85.59060613256814,-5.6559894701447755,41.11786618111847,73.76618504554875,63.36497494684648,98.97987649372922,143.05524249199794,161.50339219245808,-194.44094146164673,-718.4087098380916
1771947788.111152,89.46082144542306,198.32639660021275,213.51025694181558,99.81810438470264,153.8779348352538,285.36853878645184,131.23567990387923,471.02860843976566,39.13894984116326,-345.3237323669319,-160.13555915808277,-5.402391329256651,-130.65607444444834,-40.63126904337946,489.7612047077649,355.40605371396754,-190.01087057120614,62.4251898898967,32.561094428487685,75.52130827543662,-102.03641205692668,80.42457206451198,72.90656232006775,117.52391375821777,166.025857814071,259.3647522360542,269.7147428649877,654.8016867841181
1771947788.11505,96.41851343076348,200.30848872195534,204.78280537142695,171.1110057647455,334.9539845815665,566.3122552807046,58.47506625013009,477.14084922081616,41.99595537953276,-377.959266333869,-82.83385703567393,220.40479262223232,-350.58742618601013,-476.83521340841145,489.5469065036625,337.07964907936434,-198.01747714396822,168.0422521708811,-37.59659023227309,65.73631503565277,46.903908058703934,86.71492196976881,80.60585261623979,127.07140065396447,132.2229952942533,180.80620674199213,364.09152883693906,234.76026024692052
1771947788.118948,102.91702490844521,198.00744774815672,182.156878239641,198.35218692333083,277.29143184509064,81.87035643281045,176.90441863745687,481.26237796048736,45.97390664950014,-385.1352441549567,-27.196453019201734,269.2092171630589,-49.12671468634115,312.11129639152625,487.31434348922886,315.4586841393085,-195.48856946445468,277.70219874609893,-93.17848729066039,-49.611602354511554,1.666521245818949,92.58441482166752,86.36891555095225,126.75952182000675,68.65089349124307,-21.630056135955922,-106.26180641642506,-431.282650466245
1771947788.122846,108.89881864870362,191.57907401882485,147.34758459124782,179.28511680903998,22.700661025083726,-478.231643401754,-389.2614735610006,483.3568177046508,51.06390689825631,-366.91707489097394,-12.802291472871085,112.11320120110356,368.1651242465177,135.99934202859967,483.0544145073713,290.7411091215026,-182.2316046834113,344.8422940420312,-103.77460281371185,-112.6261333045828,58.8821856240098,97.98303725701913,90.15613936620439,116.53229071780409,12.866738719405069,-209.19807969203902,-445.52310388785145,-221.87481111825252
1771947788.126744,114.3101968450358,181.27887998777285,102.93011042122707,127.33091101628499,-243.83547744959398,-367.49956268214623,93.49438799785624,483.399578691817,57.18212901217299,-325.224880442905,-37.028827908915204,-119.35272061721815,271.86685898047614,-246.41414435885875,476.770744255521,263.12949087363836,-158.65344798195528,325.64203525127505,-56.20846249410111,-18.59979824827025,6.8036841573444695,102.8640279115962,91.98171015244378,97.14855259447972,-7.4477742054373435,-254.05575907236368,-144.18249811905594,481.69394358425154
1771947788.130642,119.10176466886223,167.4542079021169,52.146788890958575,62.114270935949946,-331.008019979327,187.89915688358946,367.12724145480814,481.3781421267914,64.17143648822547,-263.64364058578946,-76.78636092449119,-242.48654011496865,-214.50285176282253,185.540468092327,468.4797228607248,232.83618465145452,-125.77339610581447,198.7088064312043,31.43035438118282,110.80338114935279,-331.18866115155095,107.18429499091403,91.91144832876036,70.12057945040979,10.882045640003824,-127.82164345849789,347.0947867545749,50.004178676685214
1771947788.13454,123.22885063566514,150.533783366239,-1.3353953593303904,-0.8079627565327919,-181.5043052085173,415.4061890661994,-518.3671885054691,477.29225937584084,71.8064186115502,-187.10311746969657,-99.85715212224022,-169.34621282830096,-385.5273855572231,-172.9790178195442,458.21043632505354,200.08943502155338,-85.19923712205278,-20.594897709825656,111.54966269968646,90.45141370292757,411.8370150473617,110.90480222189821,90.05910051433904,37.58856216311453,45.796890638127365,80.59297308205737,334.2305238433837,-565.9446952916198
1771947788.138438,126.65188075354435,131.01502885386694,-53.69825826970871,-54.83839421320654,89.23021547960452,98.69076576600905,389.2529288700784,471.1540639724277,79.80164260780028,-101.45695304236857,-80.16279115940647,28.439474945960132,-28.261986878774938,-15.588882585207378,446.00448941678394,165.1399456020168,-39.06355631145059,-278.6084884910019,131.29331544428203,-58.20283740447864,189.28819939533705,113.99091972570874,86.58123593317048,2.141902804340587,63.517897884075545,228.78872265157145,-107.30963873021166,518.5901360263983
1771947788.142336,129.3367039750842,109.44953379163535,-101.25572890412835,-99.92064654323683,282.77280967416993,-258.7925553628378,-46.76463691544344,462.9880943703164,87.82278026739358,-12.998638764708602,-9.666184555149568,185.25945243480643,296.1768794859129,321.79893647992714,431.915723707647,128.26742265947752,10.079698648238157,-497.6062330801713,68.25257397849897,-130.4919861383829,-820.1660550930881,116.41273670010283,81.67094175419248,-33.39716908361842,38.74460932055783,219.70227327293276,-344.5712354988103,-63.56860702171545
1771947788.146287,131.25486702288904,86.42713629912048,-140.72512724034206,-135.88251317034062,265.69685283407125,-232.6075717810931,-476.6866646446648,452.83122591648663,95.50013565945187,72.04312534045629,98.08222540090638,179.64776723618797,165.92017322224032,-321.02212705008355,416.00983452739234,89.78658519210647,59.395099650171296,-602.0926068493119,-47.20934632588361,-23.516857976482026,463.70919708204934,118.1453332217402,75.55055062383528,-66.2088925898516,-29.59809618150642,65.97517791718889,-130.63607309282943,-449.2444804155614
1771947788.1501849,132.38383721679847,62.55911431022118,-169.46547590054004,-157.16618641756128,63.64245760912389,40.09415638848446,703.6768690931327,440.73251110169537,102.44399151501683,147.98625346465627,213.2967292603111,29.83173894692081,-105.02357153345498,18.566442824929464,398.3638915721843,50.052143980015636,105.93529723939857,-547.4935716945984,-143.82948585652025,120.89393843371869,575.8827269635822,119.1690089475088,68.46366416715628,-93.70984980842738,-115.69754385775975,-123.1192989479417,176.61722122805529,608.0746622410917
1771947788.154083,132.7071724658395,38.4610086160764,-185.6645761981377,-153.32256512071828,-166.24113163105355,200.971638920467,-229.7157560958134,426.7529278524146,108.2611112855417,210.1138928276935,300.9093549897447,-129.62563768871823,-92.14884515977741,201.85458061169456,379.06576871751696,9.462283427898681,146.83016153495106,-339.4591487547858,-153.65118905596304,105.28313447738007,-902.9720425069618,119.46946696033314,60.66675629267813,-113.76532467355042,-178.91283795961965,-219.98872330841573,225.86204344890132,-195.62800616518095
1771947788.157981,132.21463807363787,14.735606155676802,-188.46072783024863,-115.58034927859978,-258.1695072453735,123.26905871634378,-398.2702759572846,410.9650364642772,112.57168560636518,254.99611497187217,332.33944000683863,-165.7241620158504,38.21581860874185,-241.39999381143843,358.2134892577334,-31.539767444753846,179.48262111878233,-35.069072685618906,-60.88671086747023,-59.58304606563433,94.5237042560114,119.03795143629937,52.42064842246112,-124.86207737455923,-184.47498705718107,-165.78812825565404,53.74313591441639,-319.4599289724417
1771947788.161879,130.9022704401183,-8.043401237242447,-177.9902652273768,-45.45822355730095,-159.3214553436954,-69.55390080147046,377.5095509307108,393.4525466961976,115.02599682461619,280.6905513417123,294.1093764190396,-57.599752965846605,-62.007503769766245,193.59089105527693,335.91449336983317,-72.46641503378194,201.75643997930925,275.6024309226888,80.45894186907421,-156.68605781906777,671.6505718300778,117.87133820265643,43.98214517259453,-126.2270811037074,-122.2135203614265,-6.400194962733404,-133.62621893709718,293.05844613508907
1771947788.165777,128.7723881272442,-29.346598452783073,-155.35807890070706,40.55206107594172,40.37218012275942,-185.55580885709583,49.85169952618401,374.30979749316657,115.3200925897198,286.8094154053797,191.2630978276901,92.26622716670525,-199.07485917991235,-21.060667740410608,312.2848351167472,-112.7888793132805,212.14051898417208,500.86316010618236,177.42701996607167,-39.92376873077899,-448.2351905717841,115.97217761510072,35.59610416293404,-117.88263385660196,-13.568636399757816,144.64481106209533,-198.47157185778048,62.227998042873196
1771947788.169675,125.83355108923926,-48.702432285733664,-122.53448326639311,114.42223797281669,186.44404301743745,-93.27162242511515,-82.10356479543904,353.6411527554355,113.20980752496182,274.45277078453915,45.40158575178858,151.50125123221505,37.894624643658524,-196.26191577367103,287.4483167993371,-151.9430070342191,209.87507639132855,579.3684764955922,160.25555757219556,150.5993646897523,-165.7228299909908,113.34868950795018,27.488188574960585,-100.63392213292472,97.01833138538075,187.17993042451218,-73.47962719819765,-56.5016890815684
1771947788.173573,122.10046916389867,-65.70882449962747,-82.18765957773944,147.74241163124844,179.79399116546287,139.5842903044124,-217.90266967436904,331.56031750887627,108.5225479904855,246.01998144757795,-111.57490090604475,72.65243840134865,415.79764991155497,232.8438568151079,261.5355689802326,-189.3377327388828,195.02730712462426,499.9912020393607,33.51240964088704,144.69882249091597,231.04134231038972,110.01471027897216,19.85851763900326,-75.99105212468012,162.39417863121398,101.54976035643233,170.39162134841578,-233.7901271650613
1771947788.1774712,117.59386121776559,-80.04250845730081,-37.46594676098283,125.45887139824883,44.84441841225913,227.97856657988757,189.83337500608727,308.18957974520055,101.16635509269821,204.92188387265267,-246.1270165973668,-69.33565799897266,263.0315549133997,-124.67429409312881,234.68308504614927,-224.3660672951269,168.5077300130387,302.1852841869284,-121.87872505771273,-77.6815478289597,22.051980488124737,105.98959249782216,12.876390988967682,-46.03323250442597,154.85613989970497,-43.458448528337414,256.8696824129668,196.37452103203137
1771947788.181369,112.34026666156967,-91.46586306611559,8.251946393758042,54.985478610187215,-101.50645380668578,1.8951053191140235,102.5049425831354,283.65898407758743,91.13588051090615,155.2243834022979,-331.6985520001127,-146.51859655659166,-390.03506534460195,34.132463939292364,207.03221970440458,-256.4183585884977,132.02312397735975,57.848650399931834,-200.8138929357701,-210.53965094869932,96.51030241860467,101.29805779996894,6.676220249562072,-13.227681879054808,79.45027602790692,-144.07053604645324,6.9289032605956535,91.74294631757307
1771947788.1852672,106.37181140850828,-99.83109949251345,51.61848141565268,-34.63993389676328,-148.20105152232162,-271.517946545544,-136.46800759980368,258.1054441674542,78.51504241544905,101.25918227447465,-354.7117750501226,-91.1659063784968,-630.1369036854122,105.50446918321329,178.72816125591706,-284.89743988050685,87.96730678833046,-156.70849168298162,-146.33093354999912,-40.763356524897254,-328.8845146737722,95.97000424913497,1.3547572001020103,19.78048047950457,-27.941790467807937,-135.78043714124357,-300.5854418310625,-124.44982041447298
1771947788.189165,99.72593071953209,-105.08173899478503,89.5697139611816,-103.99283821949555,-74.32453964585378,-184.93189326231786,101.51380665032325,231.67180156477824,63.476267714669056,47.238797586187644,-316.09909488085674,46.35673759884925,15.696366907035554,-261.43474949110663,149.91888777851833,-309.23516612533246,39.25650940444706,-286.77173538513114,8.554187216577175,204.93932346757992,32.292986634530706,90.0402697991905,-3.0303364070489596,50.38892067868332,-116.68551604536161,-35.28886826681793,-219.5337480860332,98.31159375564093
1771947788.1932578,92.44505172337676,-107.25140259866158,119.54890945307719,-120.0976834128053,44.7142801271055,185.81764767987866,-378.84850470278695,204.50583910815104,46.27636495966618,-3.089117124170901,-228.37244633461802,143.9221287499051,725.2349854152997,173.37574922249527,120.75411742888718,-328.9097444337117,-10.878803275759514,-313.54321673929593,160.65217016450666,159.34341246603034,462.1435345769595,83.5483539142329,-6.460576321392643,76.25038992702454,-143.99913008199184,77.56830665294464,183.37334666330494,-387.0017961470528
1771947788.1971557,84.57623866770442,-106.46001370296807,139.68441811574692,-71.29131654270364,107.16139957621887,316.1057208311647,422.195808841275,176.75925734949075,27.249203938270494,-46.71855011638237,-110.33831182191065,115.65454452517636,478.3164292824456,54.92874321410667,91.38426291769571,-343.463196959728,-59.12963438284768,-253.3390929399332,206.284300683104,-125.62245230628434,-391.72442863170676,76.53809976449193,-8.955442933161356,95.45881217105163,-93.82069588628056,121.54378499052775,342.84663784323504,432.6750031590275
1771947788.201054,76.17080415046617,-102.90759062015869,148.90895917978403,26.520766936086222,69.20236335964815,-3.9043036258780215,284.61500186605855,148.5866226791817,6.795500090693145,-81.5714538836365,17.58675000784015,-13.55843322184063,-420.6186572716503,-78.80344091827428,61.959399881929336,-352.518255206893,-102.35281380680095,-144.92694315733598,113.10189384639949,-229.9868338332905,-67.37903616400038,69.05733970371877,-10.569951863108644,106.69399478157922,16.068852182350906,72.46648868690018,16.812651835874394,281.7885002478905
1771947788.2049518,67.28388975236619,-96.86587401667431,147.01251268637765,135.03129034056917,-25.01095765510162,-321.6726876192159,-891.4837651975738,120.1442960191442,-14.629888068598488,-106.58183192916097,135.7677633106263,-131.22493577124538,-732.0615003764663,47.27579288094794,32.628258428366024,-355.7939751250986,-137.8039597280539,-32.207893476096835,-56.468330095144694,2.0398696505473297,237.721254966906,61.15750700514337,-11.391128594345231,109.31372251683456,141.1975564741555,-23.744824581919605,-323.9366976924969,-892.1797442669715
1771947788.20885,57.97401969200722,-88.66809119300304,134.62660001210713,208.21693611920892,-87.65969623516875,-179.12582521066716,432.2441995035012,91.58935113062732,-36.53264619263878,-121.67630340382316,226.1730512497511,-136.1402111405568,-67.14587654904605,-196.00525495506665,3.5372465660392476,-353.11938316234676,-163.33960156509252,50.53582473478877,-187.4161349971496,221.87309105909426,-153.8254426737538,52.89321713751085,-11.533537671167801,103.38681715305667,228.46401449846778,-90.43661366582518,-189.97947323924242,427.0059625538908
1771947788.212748,48.30263134000463,-78.697204102378,113.14336977285114,210.84721265519238,-64.44496802670017,206.57077635324669,433.01277025879654,63.07849167243653,-58.39510064523377,-127.66002985736401,273.7654309206764,-25.73978719173579,595.9816549120097,181.4330335817695,-25.170486422439946,-344.44451455721355,-177.57141956912704,86.50466133307125,-191.16365852305196,113.72031047280916,195.7848376387715,44.32182218414328,-11.134039665235706,89.66601365382584,237.6818870336479,-79.81026274511456,200.2645395530159,438.82460157818207
1771947788.216646,38.33358660722591,-67.37302123904162,84.57811088018627,133.4376843815901,21.002324177102732,277.6294628851143,-501.69537091687624,34.766976085336545,-79.69310098956169,-126.02575881048874,269.70739299039695,103.57726494137121,390.30187601837656,141.74648694518746,-53.355939378004834,-329.8482846071117,-179.95954217903605,76.809164201955,-66.42604659517151,-137.2643764922673,-206.45322490579375,35.502942294517446,-10.345965326577069,69.50473104429167,158.04967465314084,-7.039559327153838,272.6258892078309,-499.39329475496146
1771947788.220544,28.13266836018989,-55.13857474341292,51.38815888248586,-2.63647730519524,90.57870880159686,-42.14266731415527,-17.265487928700747,6.807559210367545,-99.91304273391778,-118.71047466799233,215.28419163309687,141.59262184258876,-251.086233976226,-214.94151274568995,-80.88509494634195,-309.5427378847945,-170.83706342219375,35.71975705175276,100.51717934576546,-164.68909843600142,-43.877777123467105,26.49797830218088,-9.332906160286178,44.726536381109625,13.013674921733125,65.52887511468954,-46.20277008916205,-19.292816844345523
1771947788.224442,17.76706614890188,-42.44617246654589,16.264304271194987,-152.35973213684653,80.44595508822239,-272.8594209614465,99.7226778197295,-20.650540638191565,-118.56838650152902,-107.82814433580674,123.8462994400315,59.302449992111306,-396.3555469958944,-91.52548359697226,-107.62969590305602,-283.87334536150206,-151.3639251865527,-16.110893187745383,196.05320054914696,23.052265578552504,265.5947631611268,17.369609878428545,-8.262323476523184,17.45991113058213,-148.42130412336712,79.57778703458425,-267.4447524054513,97.7378613023762
1771947788.22834,7.304855656104318,-29.74353079274691,-18.087483750575675,-263.9860760556741,-4.03196642368305,-101.92008763334435,289.7601324525132,-47.46264060791462,-135.21505503207894,-95.40800130333272,18.602488306535204,-68.54367363785097,-1.4294794127541843,119.08274001029659,-133.4679573643193,-253.31516062252132,-123.41450354252464,-58.10174435209066,157.52418327459912,123.76872062480038,-250.90666390252653,8.181283813243953,-7.299174255717455,-10.046484532446287,-270.40610078722494,26.40663295851576,-89.64327907422614,275.2635678056025
1771947788.2322383,-3.1855236596916274,-17.46037968871441,-49.156050952369796,-298.8080745516164,-92.72658585481999,196.9576543981257,-317.67390523925616,-73.48954996412768,-149.465138580707,-83.1657549912792,-73.7364069069996,-131.0193889138742,227.09732139953192,236.52063068864342,-158.2852110290153,-218.46479827701833,-89.40906686320602,-74.8853139692843,14.946992650341107,42.964730034347774,235.6206515247202,-1.0033028297973814,-6.599743763503256,-35.61169551358916,-311.4091839967404,-48.25037183845699,200.60487983170262,-284.0580206343153
1771947788.2361362,-13.635788289503255,-5.995908555451866,-74.81017229249356,-245.68286254798917,-109.68147062613407,198.94016383195472,-222.05938036897606,-98.59847656928177,-160.99841207804224,-72.33036919368122,-131.24241077639223,-77.8487001847897,34.22229252816817,-284.7135336541943,-181.97447849269986,-180.02835384254746,-52.10418627104411,-59.902303886265294,-132.0600506912718,-30.276469916824222,-213.7517907170875,-10.120719887767192,-6.3058632576475375,-57.29748248645806,-259.37562990285966,-82.49879643106568,191.49945379934,-231.46417107880708
1771947788.240142,-23.97832346031415,4.292609008564165,-93.44491545231057,-124.45804661808617,-36.81339195690153,-78.9763990349392,618.8883711095572,-122.6638758199028,-169.5712609738475,-63.54219605885324,-143.7457342533119,39.1979138048792,-118.5673724048819,-87.0280058693318,-204.43697153793795,-138.8055385102098,-14.36071222080226,-17.046521414143744,-184.542757312118,-8.159085018968709,-148.3204195904092,-19.10831685824505,-6.53967689222593,-73.55617914729227,-135.05345756673273,-48.26094045063656,-82.62326184545762,578.2076137710759
1771947788.2440405,-34.14668488291241,13.099710892662324,-104.07917637681247,22.799060191137354,70.25272536739838,-241.03823858682298,-381.7836796740788,-145.56823530782484,-175.02272227682806,-56.83003512073714,-115.7675252424526,114.79043496374625,37.0100675676853,266.42613402745786,-225.58251814793894,-95.67044865534059,21.09024494742541,40.41866328050697,-111.60102254433899,-19.651293420178835,637.7967788069037,-27.90472664072977,-7.399105101026338,-83.34005006860134,17.385131519599966,26.791966527427622,-238.03484437383972,-333.9897301384775
1771947788.2479384,-44.07608561782085,20.17990603720277,-106.39879705606597,148.7079895849118,126.73604901388717,-68.71024968711905,-127.27094499263634,-167.202789181292,-177.2774678661468,-51.6659778904919,-64.30851092476568,83.87830188850667,152.3191435907478,-135.4939611806378,-245.32991382157184,-51.549523449839384,51.862945809224726,94.0895068710566,31.57778914297498,-92.71838944554,-569.9262975144544,-36.45035585761191,-8.954132170825952,-86.16461235259857,148.1086235881,82.10582027893064,-74.92490025508995,-134.4731440229679
1771947788.2518363,-53.70386448938663,25.35389160747235,-100.7444343610983,218.28882047038272,86.84276179663179,203.27211400631316,360.24620360629007,-187.4681569535209,-176.34568345989945,-47.088589632042904,-12.372141864165215,-22.15043806986066,-40.01870931303491,92.69904221086843,-263.6071985717627,-7.397358985196407,76.0958039824208,126.8966516761665,145.42454616188596,-49.27668396335504,-66.87063191239008,-44.6878575889349,-11.244023100789198,-82.12268111344596,220.21177682754984,72.95505850986959,188.64415015061238,340.94361599153365
1771947788.2557344,-62.96993274521798,28.512677346658414,-88.04795149243141,220.18104502457922,-19.694155139995647,211.78033161776662,-294.5593851171427,-206.27490231534597,-172.3199229679418,-41.8778969143732,19.40599543494355,-105.40863202229728,-222.69372718448668,-116.64359992712126,-280.3518607308212,35.82886131985662,92.57847490827412,129.41929403210855,155.84800717324296,143.63299031276233,526.9440620858848,-52.562582602053695,-14.275549067131726,-71.85027021135346,221.5901690088593,5.952987757304673,217.40850889438516,-276.1171555192752
1771947788.2596326,-71.81719590220698,29.61952701774499,-69.72515931596617,167.3087501240882,-111.41573025470338,-63.43394055949427,176.81248739256205,-223.54400833291245,-165.36913877826302,-34.760475533691775,20.12449985961555,-89.7585923022901,-57.106921741590924,-46.64608740018236,-295.51096933674376,77.19549678561131,100.81736879707161,103.10929523265239,62.721442626396325,205.46233687847234,-454.44116968235085,-60.0230053951213,-18.022271971402244,-56.449527958972524,165.8299979854805,-66.57035006103914,-29.449520097639816,148.0532882511783
1771947788.2635305,-80.19194792729648,28.7096903976616,-47.535922082054874,87.87167266164575,-119.24844255303468,-273.62403745642524,-43.34847363213966,-239.2072662559694,-155.73019917549382,-24.620149109162732,-7.523988551115677,11.136174514175766,209.2022546421966,227.3285694289351,-309.0412374146307,115.8182841011989,101.03553855719947,58.673192619517366,-64.93124254350236,-44.18814761160508,196.07771208544136,-67.02112158497762,-22.424906992077663,-37.377267952192376,82.87160346301411,-88.23114785405443,-254.50696304567663,-5.204161460915451
1771947788.2674286,-88.04423508357756,25.887963962492154,-23.42473799436281,11.792902730527603,-39.48456752696272,-140.03976791339187,-137.63738688204427,-253.20757603592637,-143.6973004716704,-10.689646076268177,-48.35066684803031,105.87753944320211,152.05853490158145,-226.48082527895644,-320.9090188876637,150.88702018016352,94.10903579195119,10.373276239090922,-140.1885561176355,-312.4748373988716,-4.569123694833351,-73.5128133654763,-27.392748948370546,-16.310109116476955,4.6620216338350025,-42.79874839122301,-174.3368788900812,-140.81080477509434
1771947788.2713268,-95.32818697713371,21.324181234774223,0.6441997228901057,-40.80192150932784,65.43938442671265,186.07463865523764,238.4161681750969,-265.49915753567944,-129.6097594165483,7.299017264302882,-80.63763613346336,106.64115257469913,-120.66591160994835,207.76745223711268,-331.0902421778012,181.68826810360022,81.44768222851194,-30.61392284580638,-117.66026956292757,-183.78809177803947,-207.7741278489391,-79.45817998776131,-32.80611574902622,5.0013865786965095,-47.29895645323377,33.895764845981944,133.4214656726331,190.0533552265103
1771947788.2752247,-102.00231260558245,15.246792049585869,22.84376292074511,-64.44938220088183,117.04490272490547,295.40167836828203,-177.24363336245017,-276.0476722679965,-113.83872731780075,29.022956349801092,-85.06505866901087,8.072188071278008,-166.45136188798537,-155.2816206612884,-339.57028384489416,207.62532131090785,64.83319946096324,-60.08497826559524,-20.247762886634177,239.40814501771527,386.1489232373777,-84.82183051175019,-38.519732267326454,24.876943527831482,-67.443943839942,82.94809739035982,297.4017436261356,-123.44575386276242
1771947788.2791228,-108.02975952425201,7.934742362507572,41.62018954339,-65.89208838782724,80.86550212573808,32.04109102336505,52.75521465284538,-284.8302563107394,-96.77339877995969,53.546699071885335,-53.19251855499422,-105.81663050604327,52.27162136349098,-196.56281546220086,-346.3437859014434,228.23474753670692,46.23129869700702,-80.04702978395565,81.91325414362564,391.25328514289583,-308.15214246780954,-89.57313644322464,-44.366951475291096,41.837368561971104,-63.67376324820881,68.47353780911848,94.8053854202453,35.10671247559263
1771947788.283021,-113.3785345644328,-0.29208768622115666,55.7990008978296,-57.1858920739359,-10.231348098373967,-289.1724801406178,34.546639914433705,-291.8354658325148,-78.80729459903067,79.37382785914468,8.184562311974952,-133.5882903071393,139.84872867131054,600.2515086270653,-351.41442070914354,243.1989437835926,27.596322894268216,-94.39089429899892,121.83934226155449,16.464608643638357,11.008120610953549,-93.68644225831994,-50.164686324177524,54.7118992008604,-49.86022348128247,4.30422674399756,-245.3418876588494,17.307841141277336
1771947788.287018,-118.02168483295864,-9.083590532901303,64.65365926766128,-48.594286266152494,-85.21406600597251,-259.4056956137224,-72.30727087721883,-297.063137437024,-60.32518066815876,104.56761375902373,79.01767738530013,-45.26809413600555,-42.530232934786575,-451.8963638520149,-354.79460756358765,252.35426420371405,10.687198320809488,-104.20324257287312,79.19489587856323,-416.22763934489035,202.16712823101227,-97.14123219085177,-55.718905527903765,62.71462100304575,-37.90425529728811,-58.76445089140324,-293.660251228867,-34.16085128732354
1771947788.2909162,-121.93743801346194,-18.070955080977654,67.93353638032559,-44.47517441545039,-90.91612339695513,102.07064737528054,84.9439841820161,-300.5241662822795,-41.691143567149425,126.9288940304092,133.80163872639147,88.97638494764091,-155.1641223207939,-155.94486535742865,-356.5051851850886,255.69443010084467,-3.0881899639318995,-105.84329590155419,-10.91299034492745,-312.57150349258774,-194.9244516719597,-99.9222520269848,-60.83052993196552,65.48548295342867,-33.00442694052726,-73.63331017064532,34.20954242400473,44.54615275064187
1771947788.2948143,-125.10930131485502,-26.878659406302635,65.8512933145173,-43.1703290538053,-30.341925982586677,349.4650523924197,-101.45771000020075,-302.2402056185194,-23.238280195260153,144.2133019600633,151.94197376007045,156.18815055528964,24.605609566635334,504.9977389710686,-356.5750443881985,253.3690895441833,-12.786346343139398,-92.92182753234671,-85.89360831411368,216.38115102535352,163.37797410802625,-102.0195850518885,-65.3015548986751,63.09463865652272,-33.39756673266873,-32.66823463734755,335.5004089473313,-87.09673631495808
1771947788.2987125,-127.52611877852708,-35.13657420674262,59.033089854941245,-39.911737071787016,44.57204330246225,163.03356909941806,99.58758352164244,-302.2432919962259,-5.260375966275284,154.3656628920164,126.14059240805852,96.08248372817965,211.91370610513826,-350.27662298526513,-355.04072524611405,245.67755680152723,-17.989923617327282,-60.88221250205881,-98.51993240920508,467.29437840515504,-227.14218542794885,-103.42868173731277,-68.94121879138818,56.011940243109706,-33.532646515026634,28.851569693457225,215.70900825662935,118.68254847324394
1771947788.3026104,-129.18208702711786,-42.49181943795041,48.43789311474009,-30.693675406003347,76.58242110235906,-235.86429554669715,-33.170026233851736,-300.5754009135626,11.994152602683931,155.74734287454794,65.09178786647176,-46.33567168723218,74.8281193676876,78.52619127177618,-351.94598310974396,233.05792315676686,-18.813926231988575,-11.434718493317195,-45.85379679860665,97.15947951170992,117.50758713572705,-104.1503432176131,-71.57203768697637,45.04616067445195,-28.38183131028241,62.52177705217205,-188.93097082407553,-62.66134783642614
1771947788.3065083,-130.07672987658322,-48.62002642088314,35.254342985318715,-15.008689865478239,46.882310035840945,-347.58883447516774,-48.86225357557101,-297.2879380882764,28.325885295966003,147.33276527822693,-10.513514987185488,-156.14471854736846,-215.58351602711843,62.734082705455855,-347.3413278544645,216.0718859398987,-15.857993972564289,45.78714355298815,32.5970099044057,-394.2170130646109,305.2830313953881,-104.19065903391932,-73.03553096798808,31.2607176366121,-16.54483681086579,44.91172408578187,-361.5324217463621,-27.14131909956043
1771947788.3104067,-130.2148325406072,-53.23567663167948,20.785016361350618,3.8551155752082957,-14.410610830011032,-21.517007401543918,76.59201337379608,-292.44117186078057,43.585546435359916,128.8541370780666,-76.47213208311379,-142.91500184067948,-225.70352278649668,-148.36852675850275,-341.28354067705357,195.38578733372444,-10.111692789654397,95.58720329523456,83.50225384560731,-346.7653792859044,-544.4533758197556,-103.56090002506826,-73.19747121291067,15.874172937159965,-0.7256975051452483,-5.999642238749942,-67.73925388491043,64.95627986463289
1771947788.3143046,-129.6063364653524,-56.10121667397252,6.328440751695216,20.890428923344277,-56.13976369371384,340.9259326978747,-90.14103980861071,-286.10361250799906,57.672741072280495,100.87835025982511,-113.92656387827235,-15.565128139752389,90.77572406363626,200.72827715706768,-333.83517265308245,171.74848381011688,-2.824196175649186,122.85665663146227,75.05907265540702,153.3611520358793,177.49746853733078,-102.27736763868312,-71.95250532770626,0.1545024456077208,14.34278723113263,-47.519368569249174,323.57538619712,-93.26245826162018
1771947788.3182027,-128.26619616137918,-57.034686278348374,-6.931155493562654,32.39351242226406,-47.64866943491027,278.3276967601801,115.41964447991887,-278.3513445167054,70.53245608940608,64.80654417822831,-114.90243752665006,124.49478698364682,310.96153594826416,-162.64215033625345,-325.0640291232518,145.96677576295085,4.6470594834692385,119.04067113421802,16.4675165027672,414.3752072200263,331.5758117243901,-100.36120134716934,-69.22801233625641,-14.683937411814425,25.01616458224355,-47.189161225035505,301.4735684936455,134.88925222252712
1771947788.3221009,-126.2141997243826,-55.915641024622104,-18.01752512886238,37.951100466293596,-0.8269058684844365,-144.11874362572456,-84.48752964048425,-269.26731813005307,82.14960169653887,22.794289501052706,-83.08269531583805,165.95207262362482,125.64093293850993,64.1328465234168,-315.04264382133016,118.87921096457643,10.992510017114824,86.24778405553035,-49.98673381629368,109.65443233444557,-354.64862068922173,-97.83814626076196,-64.98708574767119,-27.572616875299598,30.816752506169923,-7.768492401216852,-119.80946328030234,-107.15071292810107
1771947788.325999,-123.47475501986409,-52.68920177407414,-26.232494256505706,40.11929235827301,42.805392270771335,-394.73649542862756,-7.102351797148735,-258.94060669871027,92.54195280172033,-22.401937019470914,-30.81504790273809,77.49114195294219,-240.50028746624878,33.88183374558928,-303.847746460074,91.32913256689554,15.095185030275774,36.761457835881984,-78.2913444189675,-304.8390173419048,79.80424959976553,-94.73828339449491,-59.230553484041934,-37.663485807037596,34.13803690746263,36.72378372796334,-397.0870269929878,5.194384466081053
1771947788.329897,-120.07664374531566,-47.36811711736062,-31.19772921336598,42.076617947485985,47.273890537914895,-138.9404181381804,88.34946068593136,-247.46563649963235,101.75191657803398,-67.63911357660697,25.500668049401927,-68.43509909602341,-313.30937782962656,-113.61317755432688,-291.55972723171317,64.13787097025156,16.149488948858103,-11.974906636748454,-50.02841349075801,-272.0166716882544,26.726440829621215,-91.09572536000209,-51.99797517264397,-44.381194023519505,37.86337876322582,49.425771179049136,-153.87684289116999,89.25435577837547
1771947788.333884,-116.05274580936873,-40.03278281761189,-32.8660085162596,44.847066514576014,10.57876247182299,310.87896855599246,-145.12635367039616,-234.94139573656733,109.8375993671898,-109.6439904818014,69.88225359367874,-155.94599178999525,26.817241735137905,160.0247683780272,-278.26210139238714,38.0789770216002,13.742622873755156,-44.45445049351231,13.22987291038701,110.50863565369184,-32.827324669692466,-86.94828054611962,-43.36758521106598,-47.4501224202339,42.567813389955944,20.183029025422844,307.4177369556675,-158.25931636639203
1771947788.337782,-111.4397367034308,-30.82922225192015,-31.502466727205498,45.89595686334513,-35.46062014550667,365.0198121083914,173.92482834303962,-221.4706294459389,116.86367012364715,-145.2882569898018,90.34270582085954,-119.26474734184174,365.7131574982421,-144.90210642050965,-264.0409768505754,13.854360066894259,7.891408290474863,-52.91250395426553,65.18878885977617,297.9520923914985,134.35225080606637,-82.33708914763957,-33.45518021759698,-46.89567689763021,45.19128639568318,-26.99564173515227,372.2087276749392,193.98364885277658
1771947788.3416803,-106.27776076676622,-19.965092105393207,-27.638771976514665,40.02342219117156,-52.216116827865875,-71.03475761844477,-124.6454704258084,-207.1590270232433,122.8925175551254,-171.85741105409076,81.44249387146712,6.963747469971422,240.5667317738258,65.63272313598601,-248.98452748521606,-7.926870980483375,-0.9679278635333775,-39.43831988189614,67.82350949130196,73.09318847098747,-173.3055731652274,-77.30623467938699,-22.41198001626727,-43.02140686677836,40.129462012421335,-53.69350092493426,-69.6815544771872,-138.3288159371304
1771947788.3455784,-100.61008342017125,-7.7038354333528964,-22.005357102452287,22.224600805157188,-25.54557319753978,-428.17100565088606,-12.068291120885954,-192.11440903839537,127.97617470027718,-187.28852214665005,45.637641356054914,119.49965621653259,-243.9396932891408,35.72082436814673,-233.18247473902534,-26.766159043018316,-12.034525909739088,-13.986556818391833,19.19121246158917,-219.83467693213217,41.75053436236135,-71.90233483139872,-10.421520373113381,-36.365353196745964,22.329539529079693,-37.77737417915901,-436.13241749178746,-13.5185783440161
