lsl_timestamp,TP9_delta,TP9_theta,TP9_alpha,TP9_beta,TP9_low_gamma,TP9_high_gamma,TP9_very_high,AF7_delta,AF7_theta,AF7_alpha,AF7_beta,AF7_low_gamma,AF7_high_gamma,AF7_very_high,AF8_delta,AF8_theta,AF8_alpha,AF8_beta,AF8_low_gamma,AF8_high_gamma,AF8_very_high,TP10_delta,TP10_theta,TP10_alpha,TP10_beta,TP10_low_gamma,TP10_high_gamma,TP10_very_high
1771947935.689728,411.8193984292761,-123.87693461708726,47.51171141016657,-24.27150964629974,12.42345137713368,0.5771479613857103,6.576664763060819,-133.31302462968586,33.84511479681836,5.094139931439876,2.0791388112083107,5.8323901637262985,-9.404907208800845,-6.229793779786721,-175.23908793636866,45.90660056693396,-4.5776012887037005,10.149794597130185,0.04376597489541943,-8.03271659439079,-6.042355891485083,408.7749060791333,-123.28917174726145,47.43298484948482,-24.428279732461704,12.689425071764465,0.7174443671769558,6.462030550477393
1771947935.693623,434.37210759586355,-115.53717151746513,98.3981711518623,148.27716660874094,119.47012309646367,285.43891981517356,262.97305476081635,-111.10629944716767,63.714953600893935,30.99265926792937,88.15533588965886,183.4231991842253,-397.2040993488095,214.92630117895115,-152.53492726425372,94.22002554366104,10.512160787013872,112.56873993145045,29.07604812138932,-444.4011735620289,214.321263835396,426.49498879088657,-110.38143989676763,110.96020517807277,124.19701829474096,112.30110996221616,345.73555057148235,242.3709760555818
1771947935.697518,455.3989163803333,-104.12782936484787,141.1632476716814,268.04344558274244,136.15671851284617,296.50767448518394,-326.4221473039237,-88.5671357457251,92.0547062193641,55.13099864468565,152.29042620133833,249.25592679376393,-271.7078340023372,-85.59131641034793,-129.3544254785558,140.53061465011154,26.074504168844335,176.12343330567063,49.11295766103103,-274.40802275579875,16.93792973440891,442.72235970933406,-94.62631756212174,165.94463148735824,226.9798737093201,141.20385402857977,344.03055956999253,-305.3375231968444
1771947935.701413,474.83827243078304,-90.04867935569668,173.4110787294441,299.51678363565316,50.98511695486583,6.940762890885176,203.64779489681737,-65.81921178097843,118.37907789037094,75.4885532483527,183.92227304265143,165.1722604955281,196.12423935918181,-239.45369486360394,-105.83337027060848,183.90962136128326,40.86955185767371,180.36327830204823,52.19326054616031,272.6228090976308,-374.19663167083314,457.4228522218188,-76.63264644361766,209.5794386745998,252.9463404412378,83.83624433496767,-15.169747546468498,190.68063267792274
1771947935.7053075,492.6361698509166,-73.76301010361783,193.55199447346334,241.96003599926303,-68.02936015715012,-315.4614009014546,-41.21598570941445,-42.98653629703481,142.25721477172536,90.36564479894325,185.51600089151597,-18.458823765726716,392.82466009099403,336.62450841895725,-82.10825163697442,223.49834174272254,53.661985197700744,128.27790438014557,30.020421501092727,442.7616649455303,324.08087312447054,470.56945357532635,-57.056451373981666,239.85953402118741,201.8228595505378,-19.79155656856821,-377.1146462185683,-34.83494440313813
1771947935.7092028,508.74636473032206,-55.78091180891484,200.88112664530212,126.53496465241493,-129.94037338964623,-330.96642139210695,-84.6378435618954,-20.192544870081917,163.32017337142432,98.53425624039713,168.59422871921217,-191.51407506839246,78.28859132794967,-129.15365754174195,-58.31522033209276,258.5269605215289,63.327857110774275,44.214170447060944,-14.989269065916673,-4.675904035451969,-7.837031508685681,482.14233517292615,-36.576632175883816,255.66379557596886,100.60986606169546,-104.93408958192838,-354.94978732616124,-72.78376813812879
1771947935.7130976,523.1305462667776,-36.64179258713731,195.58937251254662,0.5247407714978221,-93.15914771755887,23.98632996576563,176.52373432012536,2.440789350389871,181.2664949598283,99.34349038176448,144.79720865434223,-248.49640048495363,-307.42104097615646,-81.98596057715218,-34.58906332447421,288.3310064009872,68.95368617632485,-37.33028317014659,-61.77706750845502,-441.928120416828,-145.05106599598776,492.128842551771,-15.87078283668895,256.7768904066055,-11.066221902059699,-125.30746086170893,59.49378530547418,142.0792480803074
1771947935.7169926,535.7584621519061,-16.896765646504214,178.70826255530793,-93.1735382507799,5.7191231241322384,396.67983672188683,-223.18122684430242,24.79382252204206,195.8658059394462,92.77023970892472,117.688582875981,-152.67725230308272,-257.2635477397229,209.30820632702807,-11.06220582190565,312.3650345431652,69.91903403472372,-86.83349748995883,-78.7191183728186,-243.99073844968186,274.02136047435425,500.5234450142477,4.407968937490037,243.85281444704086,-98.59586490915345,-77.50503299628208,436.01936546195424,-194.8967845375
1771947935.7208874,546.6079972509393,2.90848012007759,151.99543276564228,-132.02554633653946,87.01270816543489,339.4507467805395,191.57962513779324,46.750077095482375,206.9604360783649,79.41107917986625,80.86214976963069,38.76164702967502,117.7084700786316,-385.9508310228803,12.136251101984033,330.21323888859075,65.95526258782849,-91.72782065757366,-46.410154518863905,304.4691148459309,-552.3193882559723,507.32764521720406,23.652278354865036,218.32611999835436,-144.48042424289486,5.469215062097931,339.4604451416887,190.09009470768197
1771947935.7247825,555.6652049517855,22.24976096213262,117.77185954567486,-119.25569397056938,93.96822364453926,-142.53249823182585,-90.88879912459572,68.1970418804873,214.4651145281309,60.41723208335147,24.05442661207839,207.0888792350322,278.7285268627626,425.9153128428616,34.8814488269474,341.5967871251525,57.175288779379166,-59.85677791942956,22.321827354476717,400.51776249841316,418.66369527090774,512.549849337201,41.3193318847433,182.2799388656042,-150.3335624353057,79.42202777446056,-155.45031969551144,-99.58487951610667
1771947935.7286773,562.9242909270464,40.63893213612858,78.72542830960896,-77.8766576885806,33.91842007803951,-490.5806198472172,-54.14198966989975,89.02692867630847,218.36486584952013,37.380009992705254,-56.353231256195706,245.45924054087752,34.95053726296147,-32.82373967954312,57.05363760403931,346.3777634362112,44.07169996210556,-13.460740219322552,84.66198176978396,-99.60432589376556,404.16330361486894,516.2051987611889,56.946427278617094,138.28219224428895,-129.8309005233101,111.85075280775948,-488.9881365745631,-31.679222843431955
1771947935.7325723,568.3875494471896,57.63645922637085,37.69751874293825,-37.297962951737524,-36.18400350193151,-234.92997102467697,238.53823446107634,109.13737951856707,218.71128361694795,12.178837811096626,-149.35630277327314,128.33137624526208,-215.03023890100604,-538.6996981311999,78.53898390068403,344.5596970023931,27.483337550835547,22.61659879087554,95.50710185703794,-450.79577988337206,-965.3654571426055,518.3153646015456,70.1629295146477,89.20270006339888,-97.83542291285009,91.25573775690957,-252.68413630610007,173.57847512027465
1771947935.7365673,572.0652527636788,72.86170534669043,-2.530045309277349,-18.986443483325882,-62.09968466996139,339.12464413482326,-351.7040232158691,128.4321192559648,215.61740640395809,-13.192616757194733,-229.71765512849072,-69.56781248118051,-103.03371319757727,719.0748445363052,99.23031228844782,336.28474602715346,8.533164616008985,32.461243569382475,41.83393645795017,-122.43523522955066,489.2813972796887,518.908306660167,80.69830386080216,38.02423499330578,-62.01903764304398,26.43380037386201,285.304275825907,-291.71492947699676
1771947935.7404623,573.9754944126146,86.0007129281591,-39.431130473993335,-27.439697751952583,-35.205775394211955,479.1120892832312,230.72967147140298,146.82154889010894,209.25145780147253,-36.80491334250873,-267.68646811023063,-220.3269689574847,165.61887603813358,-353.7529484351154,119.02777636281022,321.8276948014838,-11.457334086361515,15.1486868025445,-43.57238409272899,398.6027248841776,314.1972415134539,518.0179987342711,88.38608954617298,-12.34003841582235,-21.251539682052286,-56.467407404829004,471.72311374440716,267.2532437463459
1771947935.744357,574.1439875855897,96.81136152158243,-70.90010084977752,-50.07057322693623,8.502003025693456,-22.888475781663484,14.06870787081264,164.22327582148313,199.82973594488982,-56.958629842899725,-243.34042564497784,-226.9402614795482,149.8195445202831,-246.63937164505845,137.83945408218366,301.58700135295095,-31.070028629518294,-16.79816734126324,-102.49325164191576,329.44454463776026,-517.2132123869583,515.6841223821499,93.1638390202717,-59.211713478381995,28.989559407275344,-118.9088920075454,83.36626796029665,-76.61706099755668
1771947935.7482522,572.6038200200996,105.12588523654149,-95.37412638471179,-65.4685428134586,26.98083930748443,-483.46861071308234,-153.73031423126594,180.56257780290457,187.6089474781874,-72.32197373653652,-157.83250672794853,-88.0258703037046,-136.4953986040346,670.972768993761,155.58186381793863,276.0732032355828,-48.8998139424344,-45.0161004382064,-92.7668433423688,-236.75283226923787,324.46869989993627,511.9517314959404,95.0692032557739,-100.28589528164855,88.03971767382534,-123.35273133923017,-377.4877311349255,-122.01273123940793
1771947935.7521472,569.395167196369,110.85083173611653,-111.90584260828577,-55.589465838418825,10.395294608097103,-256.86093641464356,310.6387655516409,195.77279801395102,172.87827641189452,-82.02802782669329,-35.19509894249465,101.86460022739226,-236.52911067145442,-616.9700644175537,172.18039834282595,245.89504808888142,-63.66304120129921,-54.755905777816416,-20.034320802017834,-468.3126557766797,-224.58518603846272,506.87089027857706,94.2324875649204,-133.7370340689137,144.26654769122305,-55.83975069870381,-334.9783982732097,273.9968919010418
1771947935.756042,564.5649659560528,113.96463479962696,-120.18364275015647,-15.646425994169617,-14.724459013251899,322.0166345107047,-562.672248128581,209.79566925984128,155.95146151559598,-85.7239084433989,86.69627128438869,217.24336219198685,45.854751028110094,132.81886847720327,187.56967493855308,211.74376235812713,-74.29590309638182,-41.429933207586714,65.15528886213234,-23.518870946955033,83.91021027348906,500.49628745745696,90.8661288531367,-158.287983706058,176.7711771702366,55.71487170282363,109.54384486246649,-429.02691863601757
1771947935.759937,558.1665509305146,114.51305016792051,-120.5013353892558,43.12652941850935,-15.801848345705485,404.28140906639794,396.09666997563767,222.58156589172157,137.1591289046351,-83.5692275207192,171.6503010266464,186.80951725508558,315.96677358559225,335.6216928979015,201.69380071500026,174.37590406112753,-80.03493358819314,-11.411886098616606,103.70145959152565,460.9380815206084,227.62836003850254,492.88682973874063,85.25164855280353,-173.24111278761737,164.88013998917674,147.31476860627646,346.32850745832525,400.69580888027235
1771947935.763832,550.2592563785007,112.60276724133604,-113.68298991532616,98.82684927750715,11.838049916183873,-117.89591674569076,409.45333391418944,234.08968266911688,116.84159192866429,-76.18645651199223,199.4819643992861,39.26341559103951,149.608377021043,-452.4378914831861,214.5065530758605,134.59526300068202,-80.47339477813468,22.45386920260188,70.70121081346296,303.71837490492436,-406.6067646891579,484.105217612363,77.72471226205037,-178.4728045549756,100.63793273534041,155.06490506075724,103.35188951391703,24.79477922669118
1771947935.767727,540.9079862349702,108.3935567111199,-100.97217207405944,129.25880319963443,39.762451157633556,-444.46860203730694,-958.8281397375986,244.28814046496075,95.34229109784962,-64.57053979178026,172.32713382811457,-121.06928130972908,-265.69905613654686,324.5069620402888,225.97147607458217,93.23427565058904,-75.58941646529468,47.50840620492973,-7.537217171622253,-265.53405190941453,283.4940816263099,474.2175067095574,68.65897631733561,-174.39485685553498,-3.0775791014278298,61.90482263364384,-218.55968341955344,-579.204165176127
1771947935.771622,530.1827554064345,102.0893463523029,-83.89717491855505,122.08550207814862,34.37575761805605,-77.5270816175384,510.5871989300529,253.15401945174648,73.0020048300433,-49.968916859355176,110.67559660642515,-189.18265481144812,-358.44054163311165,-145.63897121860634,236.06189422295753,51.13541393905871,-65.74412802926537,56.480506270025,-74.44367240943069,-467.56835168226456,-53.12534488385699,463.2926580318746,58.44942299719361,-161.88801877229204,-114.36948472734134,-80.84763451268884,-166.41352674471136,741.555498890219
1771947935.7755167,518.1582055941722,93.92863316692686,-64.12511790181811,80.07678373890079,-8.669471384359404,417.76794702074807,279.9557765258936,260.6733211567322,50.15391828226702,-33.74562689622096,42.24322574096586,-130.135442718083,32.156307774898394,-63.17012345378935,244.76084612727405,9.1329881156739,-51.65047113149203,49.20815499570393,-85.27416780433077,-54.23252292416503,-114.43484960355174,451.4020804889257,47.495879234613675,-142.21411691881343,-194.28283874555746,-180.32829649103405,119.02184436280695,-355.943504599371
1771947935.7794118,504.9130991381678,84.17463898281748,-43.317873912453535,19.36221916554173,-56.37725696092357,273.7880501601702,-510.69222479424144,266.8408614609391,27.119592776244822,-17.244177561743005,-10.098835624390716,3.5344741780585505,410.35645502947716,253.68487744043017,252.06094107232454,-31.964226217548532,-34.315708976577824,31.07397535755548,-38.17639554390736,407.79168049086206,214.59027622395996,438.6191692370296,36.187378233127184,-116.91392223695689,-213.44096638856283,-164.76012800707164,165.3789308720128,-283.8634515933177
1771947935.7833998,490.5297945503108,73.10559930237801,-23.00174704341872,-38.115760003222285,-65.47691616823101,-305.8311393940742,342.98523513215747,271.66009720719154,4.205833585047496,-1.663309990102205,-35.771507284426804,116.01391923339897,274.7321271254282,-310.4936958530104,257.96414231211776,-71.3891672853788,-14.962671538747975,9.734135255769605,28.079225550272785,335.8778267866314,-246.86114122810147,425.0188432652799,24.88796063431022,-87.69810904774404,-165.14746932228516,-37.932252736486156,-90.76150933148774,716.3546414226865
1771947935.7872949,475.0937075774853,61.00554382676567,-4.4608114379047485,-74.13451371905288,-21.37230809631002,-448.67850828110073,-241.74444241787748,275.1428896085141,-18.29758816165103,12.042216146858657,-37.106006664955885,137.886571127241,-216.6670146523407,219.10006904347998,262.4814813774029,-108.43115138131725,5.063663756052393,-8.137895498470638,65.68435704521636,-140.15488648716035,172.30072104817697,410.6770855411256,13.924425522493365,-56.338402029231034,-68.42963733694141,117.64714421685918,-214.6571441926581,-611.1113913924185
1771947935.7911897,458.69276179133175,48.15588328347256,11.338931416656044,-81.14259498006172,45.82505141418721,75.2880418010882,100.15085098168758,277.30920815840176,-40.11944002960112,23.226913349254882,-24.578857157351557,69.89288345376195,-447.04489976240114,-44.9520012144838,265.6327082193878,-142.44875447514337,24.39668000135281,-18.93780128065183,53.0083558695777,-415.7830834292461,-4.75915542632702,395.67048883869177,3.576436697163771,-24.565349096778636,40.40672198650186,195.90359354053587,34.895288897337345,97.8405183725139
1771947935.7950847,441.4168327869177,34.828062041660914,23.790618129804002,-63.66516271688431,83.59565642985321,511.1068095782983,197.46703358319954,278.1867792411774,-61.00786896545227,31.581084730842587,-10.11284521401362,-27.407664990731316,-127.1370816749436,-133.87774463218682,267.4458824863829,-172.88069969595213,41.74780993685822,-22.56125852134335,7.064477027496793,-184.3547221137255,-142.91277554320698,380.07581016503104,-5.930727884466329,6.0218315714253485,123.42489694436338,142.59760798924125,297.2387266308145,323.8625635773567
1771947935.7989798,423.35719007209445,21.27747189485464,32.65218516794942,-34.27799479885981,59.81089887641473,228.9092180025197,-381.80396726905724,277.8106840766384,-80.73070963373854,37.118151974195555,-1.803503045122673,-84.57103693695058,348.1355004094406,226.05202381033317,267.95691163581444,-199.2545972135462,55.99780855021446,-21.31305867904924,-33.83856829235149,245.15022290428598,174.42596195134982,363.96953650442686,-14.43061969024041,34.02912261589645,156.29631447054814,-4.898969596412967,134.31990760923148,-406.8525641490444
1771947935.8028746,404.60594069334604,7.738753510901264,38.01917178290042,-6.921832122030917,-9.888639214542126,-375.2914226931778,307.74853097164043,276.2229109678645,-99.07540668562376,40.1266879070822,-1.9548719176998812,-73.31701613072123,399.1228375953146,-204.44320937350304,267.2090418759133,-221.19344208322732,66.27290620684722,-18.03433698587886,-41.26109764955717,369.69777414455274,-133.9430272774856,347.4274644479906,-21.81721701899385,58.32249010011629,136.23831861825593,-144.09214727482257,-278.5295535040785,331.53239939875044
1771947935.8067696,385.2554786229138,-5.577457338992876,40.26995538507746,8.951244728417143,-73.39155403077424,-465.90497449091356,-120.65385826467119,273.47186706566174,-115.84870421988738,41.09478814641621,-8.411554010493377,-19.395488749509678,-29.96372069201225,118.25000429137978,265.25230811402,-238.41983393317838,72.00052549339924,-14.551065265169084,-16.65464583270051,68.15632047539363,91.89266703170738,330.5242961770103,-28.043756730952623,78.0622351687716,79.92670909694334,-180.98214341948497,-352.1438238172496,-208.12966036445357
1771947935.810665,365.397943913106,-18.486348878035844,39.9908103832574,11.126287062346304,-83.02378259829307,64.7752819156838,-68.70294951983708,269.6118550621797,-130.87625376871114,40.617201278778964,-17.60992380205331,26.47137122866657,-417.01772913986883,1.4185976583692808,262.1429492061548,-250.75793743767727,72.9410005225125,-11.2782972833834,13.917305244396955,-302.9054203241937,-22.45800677228527,313.33325419213577,-33.11899167879182,92.7169953543197,13.758964690323142,-96.09205490851453,70.00677266662696,-31.23605658118521
1771947935.8145597,345.12469555136914,-30.829391442349674,37.88947507132951,3.9122718125802125,-32.64815932687752,491.98594416794316,223.85607697499503,264.7025203993669,-144.0022811663153,39.2971930305219,-27.125694113122012,32.26143426170891,-300.5670155534505,-117.26865456229025,257.9427948851803,-258.1332524001862,69.19371377276819,-7.933073001598049,23.786028391010383,-324.90565679899163,-73.3099978823509,295.92571706707633,-37.10116453509202,102.05875807013919,-38.00241958708034,45.323594212951775,441.72393685400897,278.5865250123777
1771947935.8184545,324.52580179813344,-42.473566375206154,34.70632482501686,-4.993095183029854,38.67665705584733,270.02718827609084,-282.61216264617286,258.8082746950323,-155.08943407086494,37.65530032292328,-36.135758088928995,7.217929266292996,171.68981160559716,159.39442227381826,252.71863077362767,-260.570306486792,61.1780940721852,-4.474736838536894,7.772916404661517,28.844154974237625,119.4961498997634,278.37087832979597,-40.09007355481573,106.14131132988572,-61.83214637870049,144.09571306454802,245.11931446694194,-337.5461195377652
1771947935.8223495,303.6895515931664,-53.309546996530884,31.131803751446558,-8.47509075585969,78.24019098351258,-277.7312687538485,216.0984331313244,251.99770110995263,-164.01890772466461,36.05593782835904,-43.88747536322937,-12.624233263646927,430.7806572669582,-125.76992801795832,246.54154782219737,-258.1884225073285,49.59183061032298,-1.34944257939576,-15.313427858101418,361.0390854903694,-111.96828838493458,260.73543037220054,-42.21767250633958,105.2653526177566,-57.550466484909514,138.73232486393417,-285.3179130655797,227.79632690750265
1771947935.8262444,282.7019904238626,-63.24905108375951,27.737560563094842,-3.2245216938567154,60.07493564540319,-445.580520801132,-53.03669716887389,244.34294730523985,-170.69091803165452,34.66040950920676,-47.910249094119436,-0.9480213936661582,171.41697366655615,72.62718314715272,239.48628234937155,-251.19574540969478,35.35030465306872,1.0962216920748495,-20.754794910687963,277.88178975691534,102.73122218329387,243.083275109944,-43.63769238145512,99.9339834034296,-35.312217550055045,44.57970557708456,-460.1607227165796,-60.86169670351719
1771947935.830216,261.64648386203396,-72.2216097848793,24.926922821432075,9.028166532295442,2.3285331177562236,-58.43967992704649,-129.80312800518516,235.91911151412427,-175.0255586742722,33.4115438746173,-44.02974363071691,32.74105764479938,-287.35391787060973,-18.288284736559987,231.6305526312969,-239.88174073140925,19.512511273395248,3.3159335128056697,-0.7223509892913093,-150.9134284300904,-74.15417309383828,225.47526295657195,-44.514795454422135,90.8025246934548,-9.386021017452347,-64.96016732222016,-50.837320657686305,-117.97353638128779
1771947935.834111,240.60331175005567,-80.17101112477087,22.908119976907724,22.718383246205477,-50.09260437246387,369.62054614251747,221.8120985131364,226.8036271112376,-176.964043644891,32.05130189317821,-28.849116270290224,50.45409701191711,-392.248754375212,-33.21713346802135,223.0543977466264,-224.6083952179367,3.1995613556193923,6.550271114959977,27.727820778678133,-423.63089340769415,-7.91728787605347,207.96896149360478,-45.01377371772043,78.62650199622495,8.290343750175339,-116.0291382619051,416.1795568260775,235.55885302001792
1771947935.838006,219.64929572222607,-87.05167788500661,21.691251765396597,31.405688752743504,-61.350493527384806,325.1116622309274,-194.70205185825262,217.07565089172675,-176.4703003710967,30.168733143748966,-3.2297577818803167,21.09421636126862,-23.813505924152295,80.13813474205969,213.83952411691303,-205.8003620332789,-12.487826165402037,11.93698888198607,36.69758749568133,-178.7228837112461,111.87800005798393,190.6184549786521,-45.289285081581866,64.21129268306551,12.315957828052815,-85.10273532263334,356.5997799459606,-228.29029133283495
1771947935.8419008,198.8574624058852,-92.82522949849809,21.107630891830926,30.904292055046525,-29.815137517655668,-99.14837369876338,118.06244450874694,206.8154600324609,-173.53284436856976,27.272013565132028,25.902097800473705,-46.20241951198345,363.9717735693906,-141.1882106047751,204.06866486244402,-183.93429886575987,-26.546621696882408,19.337809150232793,12.294648389763646,316.893355532259,-180.183611739601,173.4741755607503,-45.4765828565726,48.36635852287805,4.548682162087304,-7.371346694639737,-133.01052953794684,138.67322220106996
1771947935.845796,178.2967443077049,-97.45745545243359,20.848031791470437,21.02193204528358,15.491448580115142,-377.28188547819684,-19.73050222675815,196.10386238759003,-168.16683610433017,22.875387230705414,47.39128478943836,-101.34321674454736,300.66599507146856,170.27843696977916,193.82495669625442,-159.52764840335686,-38.138019654923106,26.678527883795258,-30.691664346978065,432.23896996065974,178.53683558924507,156.5827668145956,-45.68363792664078,31.866271548224,-8.3392862980787,57.50253861074275,-436.73762750640697,-17.478189153454476
1771947935.849691,158.0317200691267,-100.9158945460837,20.514732781647496,5.285884695591918,40.94170953685954,-199.43963064335307,-98.32004829862467,185.02162440870535,-160.41619523777325,16.589981500203567,51.1210381406525,-90.30754840464051,-126.47287916263868,-86.98761080575783,183.19133863543888,-133.1271071363667,-46.63872762175953,30.257109146743336,-57.91106902151075,-20.87542938657861,-112.4055413328486,139.98697997715584,-45.98498111921847,15.419952762786924,-18.81045803120585,71.14607867776044,-206.2646133102901,-112.24520058232297
1771947935.853586,138.12239543868927,-103.16817277852678,19.681169749322656,-10.83558761434623,33.82518101593066,198.4536211180136,169.61527634424243,173.64892062255936,-150.35562697231444,8.206881103065651,34.25010771747243,-2.8472256990851927,-384.8909537359157,-58.05854154029402,172.24997637010696,-105.29701980187409,-51.673890557271676,26.027106465844422,-42.73119270163588,-470.2666515905861,-11.385489564164718,123.72560303623129,-46.41750974073756,-0.35125747082224423,-21.831550059744742,38.60363046245383,248.91497663901333,185.92003051460378
1771947935.8574808,118.62402592359727,-104.18120558309234,17.952588422124176,-22.174609922453946,7.617901984654377,350.0249181017299,-153.77019751420883,162.0648082517121,-138.092401021111,-2.238402688442389,4.9337038899547485,108.95226080473833,-158.96732482415499,155.32939097515512,161.08171571341984,-76.60792343971299,-53.13006754825575,11.554594924239664,9.844975654778798,-297.27857140638406,201.58697366553235,107.8334225450279,-46.978411608919885,-14.92683378336505,-16.32604110427225,-5.338333726677475,387.45636505768107,-165.4444185000408
1771947935.8613758,99.58698165863368,-103.921319655613,15.02129783411275,-25.700292637633,-14.007804121050578,95.08123508232855,92.78779999893248,150.3467301898205,-123.76771749646272,-14.428934171237449,-19.242434809068246,161.7232542600098,257.3012592153624,-195.96023588762924,149.76556812946845,-47.6254485864099,-51.148269285245874,-11.973893419338532,63.169303373795344,289.6798321813807,-344.5840426429431,92.3412177302465,-47.62526580209561,-27.892393957959484,-4.695260359344576,-28.77030121244214,76.54281396495458,93.00716438188945
1771947935.8652709,81.05665461243545,-102.35529709669022,10.710944919753825,-21.47625598256957,-18.06961986744202,-265.3040748497256,-17.61904981473777,138.57004911930645,-107.55749709776622,-27.762669956374925,-18.662001882891182,103.1552544007417,332.4929201666749,181.30327470728133,138.3782308655845,-18.899767205599918,-46.09859060367107,-38.72339466257475,75.1852322072495,481.7557312675798,251.7542733690433,77.27578616873537,-48.27828460300744,-38.93840913083364,8.70367290253768,-25.52759665302579,-304.9402029504687,-6.981669269612764
1771947935.8691657,63.07340786680801,-99.45229180944966,5.00554857499023,-12.484308942994847,-9.897232910881735,-320.8421203797754,-62.04786847716057,126.80761511002841,-89.67244496202854,-41.38420965894715,17.544610327047046,-41.03403789311552,-23.163765664151615,-76.21282616250963,126.99364371776132,9.044242111056336,-38.539316825580826,-59.27420625267064,31.72539584976373,-3.2780315154185846,-8.990864105604595,62.66000005464211,-48.82456897728567,-47.85389865611273,19.24354693647749,-12.086410699772633,-329.3534858756875,-74.24288053409707
1771947935.8730607,45.67256633532434,-95.18651792932452,-1.9392989548621429,-3.238348498961195,-3.150876619641524,-3.5855394252123243,116.24631492999053,115.12936861106384,-70.35725719823354,-54.25007256073671,82.37959610448057,-175.59046235399865,-336.73649634711103,-73.84455077778644,115.68258398719678,35.71596201839516,-29.164439774217772,-64.08927744815257,-39.58588161005949,-478.75729555372016,-148.0726386931588,48.51289184223096,-49.12416457552083,-54.5168369633074,23.508916187771664,-6.115635656495878,19.89112307976371,120.4965566657343
1771947935.8771975,28.884447896713745,-89.54056563763112,-9.803813358326765,2.425994128277274,-4.08393558881013,333.05837118380924,-132.0910802550137,103.60198035685664,-49.888865661170996,-65.2217001987747,149.13926488964262,-199.9349049981701,-188.76369817303498,206.1138676737539,104.51230077504788,60.66701061888063,-18.744213940092514,-48.155087585839766,-87.43884182128814,-255.6868420167418,318.3714196151217,34.849767790139886,-49.01763088947486,-58.88294991286814,20.47179941476964,-8.761906754819899,351.087505396364,-127.11782415177424
1771947935.8810923,12.734433502668224,-82.5091631119452,-18.12889807211085,3.3631909602159498,-5.9763653205719045,291.59668267013916,117.66942869329974,92.2885293193053,-28.573649929468807,-73.17706249560838,179.97193718329683,-84.05544078099167,218.34401384155257,-321.21292052631094,93.54618938487478,83.49811903335278,-8.063681631091226,-14.35008301050098,-74.71145275258971,336.29018593374565,-568.5741350979753,21.682347647356593,-48.334775691492496,-60.97437746914997,12.049484210530718,-6.640506206899707,284.57957471990255,109.68814300771069
1771947935.8849876,-2.756925581394577,-74.10317529205147,-26.35577635979251,1.701877046554039,1.3712047818906685,-111.47985565280358,-69.25809447586653,81.2482194148888,-6.743585379419963,-77.12936804955744,142.82022996923683,101.63290749025347,315.73860263188215,324.89283545986797,82.8435062102001,103.86483249366614,2.1359995689914566,26.64880279251569,-7.543946475227112,416.7647184325607,390.05877688420026,9.018928450728268,-46.90416145140283,-60.869355704703736,2.5398881152520065,10.233259721029519,-127.45159366275242,-64.33781976422235
1771947935.8888826,-17.573765587808726,-64.35361085374467,-33.876279744101375,1.453829892171213,17.53617796218471,-413.6700675986898,-13.419403042915208,70.53613523728859,15.24865919141085,-76.34021517572961,29.477415513285056,229.65741937272918,-47.51639692480747,-47.07284634468526,72.45912407701104,121.48197717908735,11.209058081899387,60.313683516186614,67.32585660276241,-131.33185207298197,422.3992847132137,-3.135429810151486,-44.56296063368803,-58.693661114183165,-3.198195378652227,33.52841510781361,-416.2781728914769,-12.756821846186748
1771947935.8927777,-31.704735582080193,-53.31539918021509,-40.088773238750164,5.848253398942132,28.212520256977914,-218.1581591039602,116.13150437376342,60.203036686993585,37.03561479799291,-70.41470216417224,-134.63906140983886,205.06735248338967,-359.4745059055146,-428.88466657670307,62.44332764350653,136.12685712693727,18.6458596321266,74.3045357261056,96.0690762328562,-476.0502567007094,-962.579655935097,-14.778699066068183,-41.16672364702383,-54.61411452220065,-2.133915268520171,40.76754567432584,-206.57815178495673,110.62319989392357
1771947935.8966725,-45.14279306147638,-41.07070059080372,-44.4542770975204,14.97140121244842,17.867770854184386,280.8575035496078,-198.63054337814182,50.29519204311612,58.24179169831131,-59.367537515588495,-295.53077945126506,36.95140394806761,-145.50219353812668,680.6158278234983,52.841648179352035,147.64116861048038,24.100377331834842,63.72693616214089,57.44080424177855,-91.53616233692912,498.99455245710783,-25.91166113462192,-36.598628003314765,-48.834018430602136,5.212026898077815,16.4070936114916,289.6374723125355,-193.57571024963943
1771947935.9005675,-57.884972831228524,-27.731526280554217,-46.547453025665064,25.11683464892331,-12.822802642649323,457.35516501031464,198.79810863939025,40.85424874186486,78.49119760822174,-43.65191596221367,-390.1708190501563,-162.68342300099255,318.8234102920597,-340.1416244218829,43.694736836289565,155.9316427399405,27.40305576687157,33.17805037270562,-21.226188633481847,440.64223892266125,296.5014377833927,-36.5376715008479,-30.77780016580016,-41.59005067921292,14.675795822240541,-29.394225928180845,451.04207812242004,198.90612536576563
1771947935.9044626,-69.93213243374218,-13.441468355636653,-46.097728009170694,30.22080179489892,-42.396648329053775,38.174182183968334,-108.97940697877313,31.917140837392303,97.41540745675155,-24.146591291383523,-372.85826410792345,-255.43462356541255,346.3373872199517,-385.9221359220095,35.03827533159315,160.96944926699368,28.55899564429786,-5.324350225854161,-83.90807345765099,310.63393624598655,-523.8441594336009,-46.662411790881556,-23.666340969789054,-33.14989011632356,20.08166459981173,-63.491345659409234,24.15239714862073,-110.76070036442717
1771947935.9083576,-81.28867760364898,1.6236270531267145,-43.01684985674117,24.685836247964616,-44.0996630795054,-462.9918951244702,-35.816572721239936,23.516031802047383,114.66196184062254,-2.1008107887928342,-236.5747601586537,-174.9085815000847,-160.23226625113347,721.3161702046168,26.90292279242162,162.7884152951384,27.732575082149953,-37.57537962750365,-86.81940341585025,-295.34712283222484,351.214966653595,-56.29363391868751,-15.274738504203613,-23.809720687302377,15.894818370464705,-54.951367264908946,-465.76291385825004,-36.43851655290388
1771947935.912253,-91.96227133539179,17.256171092168607,-37.41049395365651,6.385118069018218,-9.911273488495361,-362.4712489188531,225.79373007140043,15.678290990598029,129.90284213805504,20.95886576921782,-19.031085391602183,24.57906573430643,-491.2782215337533,-253.74494141686483,19.31429738725832,161.48213234678482,25.220660060925578,-53.1298167740445,-29.819812915945526,-477.1276142638386,-236.3543051333983,-65.44089891224777,-5.665416317911074,-13.890755106326619,-0.0916113450739214,-2.83951015110928,-347.68611691806416,224.1390279482449
1771947935.9161477,-101.96353021307803,33.21860972281429,-29.57304488336926,-21.35619933419834,38.36299730654639,239.09804343990555,-355.8517517809184,8.42650177354114,142.84274972161387,43.351822871678834,210.2671826208164,205.5193387439189,-122.06142705408315,-318.5628566400393,12.292991292308248,157.20004356263453,21.417359108638358,-49.130535389958744,44.752991233649716,37.70954175148271,72.56894625907934,-74.11531341180331,5.045762006564933,-3.7340398207573426,-24.971955144686277,58.0828211919986,253.52090602293055,-348.8885184302967
1771947935.9200428,-111.30571170912025,49.24649825176847,-19.966224073646462,-49.792149892441394,63.19555090279353,523.2775725904467,250.36372356038098,1.7784990660586495,153.22690689241648,63.38544108481179,376.82021992037056,244.45577571601675,470.7638586423688,178.90996146429003,5.854617452168422,150.14261823660715,16.773781988098182,-30.34946237894871,84.10630026990394,505.5609549878776,232.9466388835337,-82.32926682246973,16.690130353252176,6.306960977737416,-50.69287421205294,81.50194534742201,516.3757785514811,245.12319176185673
1771947935.9240882,-120.00439620704888,65.0528492377127,-9.183682627453841,-67.33239931473884,41.3372916948848,80.203559693819,0.6978650723477047,-4.252566222732802,160.8480998047556,79.50255359283568,430.02915627709234,118.52006695116083,432.1422066344895,223.72002993483838,0.009886476351971365,140.55573285048567,11.756440024248128,-5.914099645269466,63.25840673187419,263.51868046477506,-394.97417797165343,-90.09617209256942,29.04901346999801,15.876184025634345,-66.34497979166899,46.04219907967599,58.42360981518595,-1.878313007371645
1771947935.9279833,-128.07716749670695,80.33367579379072,2.0951103536121,-64.2148002475929,-14.85859083872331,-469.8918933201568,-172.10974831980917,-9.658138369733086,165.5527002603156,90.42017591173584,361.3732228225201,-80.99155485683245,-228.31754789219463,0.3295165362492022,-5.235288087745417,128.72438730938677,6.807788810708802,15.109352893819066,1.2263665053085082,-337.3933562957901,286.7495390245617,-97.43021302852267,41.85860576656549,24.62701272169073,-62.505957156821175,-25.44326766250881,-477.4554896548091,-162.7674702580844
1771947935.9318783,-135.54329539290185,94.77460095335809,13.157488371283177,-37.477149455519665,-64.08540979502439,-339.08564529489746,359.15778203928255,-14.434146096591096,167.24543443874433,95.24609193576497,204.3813684148759,-216.15955964729562,-598.7541813843311,-509.6108042320982,-9.879657900331253,114.9658933372629,2.312001768916161,26.969198631219054,-55.53806512081328,-469.6928970331314,-84.18741034167077,-104.34610091582967,54.816784930788465,32.23602821372377,-36.02946986775189,-80.9648053024964,-320.260910075779,347.17785940590704
1771947935.9357734,-142.42342396724922,108.05835691827575,23.312065630527012,6.368867263615297,-67.41391757742801,273.34777486553935,-586.3539820272177,-18.580872107576454,165.89271054581968,93.56196832051164,17.82062303852023,-200.1677502682592,-150.08152762760432,375.9292466705809,-13.926483171076622,99.6226786418209,-1.4315743993556322,28.257344390909836,-68.35739830650675,18.810731044993773,-98.53776403883754,-110.858843022409,67.59163624545408,38.417645288834656,7.2057930028974715,-78.55492921170907,294.10182179160057,-581.6353224301572
1771947935.9396684,-148.73926871246377,119.87295631118378,31.940393661811537,52.85663607730202,-19.809489637245786,461.63190225241493,341.7086693130816,-22.102804826965965,161.5243693144417,85.46488978238384,-138.91525924413895,-54.28352054626902,502.7634393314352,235.63557878620765,-17.383352964195176,83.05485409149955,-4.2256357643071585,21.090583244157465,-33.201783642963164,456.79558529637467,241.38246945598573,-116.9835253706316,79.83139792726269,42.93858697024549,53.50029596279809,-19.046963385793575,455.4808307069957,354.0261854253985
1771947935.9435637,-154.5133257914789,129.9202824639742,38.54150453257389,85.05771838857517,44.163177781025475,-39.912325312035996,492.44022945937843,-25.008474056979043,154.2337764192475,71.56320481728415,-226.9307204546925,114.14626111907528,468.5646960643996,-481.1586463808763,-20.26198426012008,65.63269102417742,-5.982060591621552,9.45081575742596,19.73093155668954,294.2348447399062,-279.19764585168275,-122.73511198835854,91.17548237456057,45.631025226600926,86.41616087234372,53.76998167707306,-65.1816902661626,472.9733707115167
1771947935.9474585,-159.76859631154525,137.92481995592524,42.76580972998836,90.61288913922955,76.19341064386572,-462.12339174713196,-966.4242141082574,-27.31027215613658,144.17623189014677,52.926935556177185,-237.5305852029619,191.9738328121626,-182.26122818517229,250.99284547134206,-22.57800160253714,47.729152692431356,-6.719129349324005,-2.494340091038565,51.152821909539426,-216.49522677847244,175.87924632531897,-128.12826263679852,101.26618608815497,46.40321308896338,93.51112721362713,86.27428895529883,-471.90623198107045,-961.9891693253237
1771947935.9513535,-164.52832825785757,143.64223234474588,44.43588484007994,67.00319758282151,51.71915711794256,-170.47725839834874,443.11514614479097,-29.02426221989939,131.5657280406336,30.997312143604272,-188.79605486793852,137.79420175275783,-557.3390394395819,-17.99841476176791,-24.35069915679131,29.712618989798507,-6.549808570785372,-11.647336283891311,41.98466546461566,-426.134693550155,4.934538522333456,-133.17717071697518,109.76067480378946,45.246566543649486,71.59706875072047,55.67918649862964,-151.47136609514428,455.82130688750055
1771947935.9552486,-168.81577834134856,146.86749155946913,43.55292009584134,22.667806174214846,-10.728706986199082,377.8911792063591,330.5081276629949,-30.169974601277204,116.67014281616866,7.463824253984656,-112.95607615474171,2.5525726983986243,-188.74938596258727,-65.4300289774762,-25.602786961802217,11.939937212487209,-5.662761848256959,-16.55926807942133,4.939628123182157,-117.12024300003934,-152.01318343479966,-137.8954226972739,116.34282042966036,42.23840679667102,28.16224878601754,-13.386730422669906,399.3994757424472,318.8193831283651
1771947935.9591436,-172.65399562261848,147.4422715260565,40.28892276651208,-26.474572797196124,-63.87172967498277,344.4211056865653,-515.2339661850756,-30.770192979778443,99.80500686664746,-15.879832546354638,-41.317621876505825,-115.56840067376808,386.72638674885576,140.71632754337858,-26.360123117806918,-5.250077231794216,-4.298243839545494,-17.23975414394159,-28.51404410284249,301.59817335941165,193.08823483514342,-142.29588004192718,120.73447153737543,37.53990856064353,-21.622774962943055,-68.80962488240432,339.34087003023006,-512.8955652879752
1771947935.9630387,-176.06562838844224,145.26133660544812,34.96599197537468,-63.54297896792102,-68.36294495324303,-216.4120086899804,339.66302151779416,-30.8507311113743,81.32602738510126,-37.28768120288693,6.855151263876136,-143.22839661455006,421.2427063807431,-216.23164179293678,-26.65143365447983,-21.54257826403047,-2.7213151968028044,-14.45729835945043,-33.86928606326064,344.90731134731186,-153.34546036350653,-146.39058427077478,122.70575867195909,31.389179686882724,-60.99665493269003,-71.15355934907576,-240.59196729353715,340.5571941082248
1771947935.9669335,-179.07275535058469,140.27768342666303,28.025042511606472,-77.36984370728096,-22.73674454671931,-457.4479228830837,-226.94328202364338,-30.440201355062516,61.62058874607014,-55.207451354910454,27.931541647428972,-77.465608327264,-69.39543557713516,190.41057752903325,-26.508021855620907,-36.651967429936,-1.1948756388728343,-9.117580336031963,-11.54151306713037,-3.1266858212371607,86.66153117287307,-150.19068541411133,122.08406945828115,24.089787348106324,-78.13223705397446,-22.51609915058612,-468.1470400113916,-229.52977883213435
1771947935.9709597,-181.69674181055296,132.5062317477278,19.98714199425521,-66.36811362738767,36.705510708328866,-21.268673641230563,49.948144241244805,-29.569776026790816,41.09847922020527,-68.40755770878675,30.201401999249903,23.440269873383965,-421.5209389237451,-49.482828442257386,-25.9634688331073,-50.32643159052606,0.045148982139174634,-2.183433692855156,15.998455583523457,-330.58577156645157,4.213096799648451,-153.70639374584263,118.76137498954192,15.995407249866084,-70.217762862971,37.5642703053197,-4.7675731114855395,57.844166662155516
1771947935.9748547,-183.95812103753877,122.02590374699993,11.411078981273377,-38.00764970773409,65.15519549240965,448.45319881171343,242.04854130101964,-28.272942558134545,20.18211425641952,-76.07393433277359,26.206261713493657,89.40259809641364,-225.0588044613043,-103.30990943002921,-25.053327123256384,-62.35167475907785,0.8104869511805671,4.999014002429066,24.28514568422445,-277.4958973089834,-93.45344476377277,-156.94695433369793,112.69964540390363,7.49156408840439,-43.43747691856132,64.32304001778016,470.19072545338304,233.5558449569733
1771947935.9787498,-185.8765007656675,108.97997966458098,2.85087190983994,-4.572568232512326,43.83712653589449,279.229046109791,-362.3214720483525,-26.585253362092818,-0.7034610869527184,-77.86853130254721,25.533120738338273,87.34584606892457,220.16578480930346,166.22804968951138,-23.81480905013767,-72.55379573600561,0.9755936886551401,10.608934947133696,7.373702609694526,89.8189537064488,119.50198811064605,-159.92064366094672,103.9341563370936,-1.024373123768136,-9.315430309553744,41.73791614498661,278.22064506448913,-363.99425235135715
1771947935.9826448,-187.4704943960564,93.5746702783838,-5.18331966808743,22.352357791581266,-7.302578203819432,-272.37594442162384,247.1113902482426,-24.54407126804419,-21.14050600804245,-73.94492966492083,31.21606361064288,35.31162998174324,361.3632671462332,-149.54302322802175,-22.286471601695204,-80.80128136615352,0.4862323935632926,12.964357634682962,-17.721423401739738,360.88496145578654,-102.49781893523186,-162.63478731242623,92.57455777829614,-9.163682989885647,20.39130611730636,-7.951884668855288,-294.72762090924,260.1538784866701
1771947935.9865398,-188.75767614436472,76.07590271769256,-12.257955383822173,36.006959763737136,-47.50342882708185,-438.01693197944024,-91.80681884944393,-22.188311379406397,-40.72817743654312,-64.92053063387287,40.32623783335609,-21.589384825137046,65.63170515980866,105.45921252288403,-20.507899596974703,-87.00610435126495,-0.6387066050245469,11.563940868414113,-26.106987630210742,219.419599551427,96.64749068797785,-165.09579743259928,78.8036514890019,-16.566012576961334,37.799633923363366,-44.699007316686725,-453.61472810577015,-103.02135591180034
1771947935.990435,-189.75455901370356,56.804373626478785,-18.040372824315998,35.78572000951577,-47.93740822268316,-23.012025050885146,-53.59210613039364,-19.558180192624352,-59.09152269947755,-51.80873749157443,47.17260070889615,-48.46464914799001,-288.17919585409595,-30.901109434371033,-18.519388946692235,-91.12393326854918,-2.311824116575932,7.701172235669663,-7.20368435300571,-194.06140636840456,-67.32183641509972,-167.30922836375396,62.873899879741636,-22.917155671413013,40.65233245532179,-42.886034072844254,-12.20089295968225,-56.798910708158964
1771947935.99433,-190.4765941493426,36.128979602538,-22.313265541824045,25.975052134172312,-12.793237926017326,392.3378463356881,217.62093530083962,-16.69491277327038,-75.88963433089751,-35.91810313228079,46.87632173944821,-41.18146271738922,-289.99290104363115,-58.3082652730572,-16.3616317919679,-93.1534796302988,-4.3874207408158625,3.994861083251908,24.569305752846255,-398.7487295627732,-24.157870634236357,-169.2798486123697,45.101764281315106,-27.963885539110056,31.761000229996846,-9.3628767082241,416.66200748576443,231.57448889222883
1771947935.998225,-190.93818987934543,14.458786579235687,-24.979047690217705,13.041097237042775,26.94086258668368,289.75039099260465,-294.8446105310587,-13.640508740737197,-90.82276007501606,-18.728248705427056,37.74182586850525,-18.80400257653549,50.36101033780254,107.38277565078295,-14.075405261123683,-93.13502248856211,-6.67603827151814,2.986203190019579,40.47438137593111,-118.28525891528281,124.54592685653552,-171.0117271033299,25.860040700096423,-31.525074775958192,16.969650785981944,25.479868604794163,297.5975005195932,-305.52442967443807
1771947936.0021205,-191.15274854263825,-7.766253751574671,-26.05467607873672,2.722022338805503,40.07314783610836,-149.3517539060481,193.08389668137283,-10.437467810394551,-103.63819777460543,-1.7542345068062404,21.874575721773947,-0.8045689745267153,336.10384424963536,-123.94213334352153,-11.701265555334913,-91.14816600759993,-8.96181501856784,5.622538108573702,21.89602180907575,336.3132326897134,-168.11559479836185,-172.5083315403316,5.568424757304173,-33.4986087520582,2.5701583512808535,34.12387810190508,-168.44445299765616,192.6009957657743
1771947936.0060153,-191.13271901182847,-30.08559174511274,-25.658271859794816,-2.084595715603428,19.693577417905388,-369.95413825130083,6.615705716042373,-7.128525687910399,-114.1348467975263,13.588162920991882,4.186045141417237,8.431092148974635,226.23675956948463,131.13469008244996,-9.279249079660863,-87.30889979480739,-11.021039727456353,10.466483014289452,-21.4321806691696,386.3211951005636,149.15752757326507,-173.77263655332362,-15.317406387859064,-33.8638792890722,-7.002080357957694,13.401896673333567,-393.0890355452232,16.13051369723677
1771947936.0099103,-190.8896626284411,-52.02908945988638,-23.9894601491947,-1.9695549506818335,-13.620923876537077,-149.9410335720527,-150.4674528898978,-3.7563911657637377,-122.16633248547946,26.104192003636257,-9.715793866089719,16.095042611726303,-171.06919625428208,-84.97002699274353,-6.848582346542795,-81.76604463228459,-12.640346979779629,14.006436463412362,-55.916132559703364,-72.75884867360585,-93.57961544618895,-174.8072391779185,-36.3178604039393,-32.67990929258395,-10.438717975614408,-15.524666091486953,-148.06598867766948,-161.5160607861064
1771947936.0138054,-190.43433012323857,-73.12844512462839,-21.305694886288585,-0.004644408147084581,-30.80110926022605,214.049197403975,176.1241390282187,-0.3634852981668211,-127.64266532290551,34.91828137282163,-15.942534309260894,26.115003763515226,-385.8562216253163,-27.05942732745503,-4.447402350761168,-74.69717632923043,-13.633182598997397,11.995095520247611,-49.979614557135996,-460.66306330361647,-7.88334281762238,-175.6144791212246,-56.942274384466906,-30.07939750839105,-9.32634027443552,-26.795913487862222,239.54508915626556,180.6535045468336
1771947936.01782,-189.77674703072228,-92.92871132798533,-17.89695112686015,0.3769363744067566,-18.71360152502078,316.95865008622724,-136.3624115366022,3.0083164652045795,-130.53044076184153,39.540403736370465,-14.021465547611571,30.552826227589136,-124.32057140810662,134.80059985872523,-2.1124890438311157,-66.30412746137881,-13.85344920460751,1.4845025864425536,-1.5501132691527781,-238.7034545283764,184.04591376142068,-176.19656126147999,-76.70214577143226,-26.259179540853033,-6.626294352586767,-11.752550184272115,334.41559573988945,-133.582108487318
1771947936.021715,-188.9263051171887,-110.99958263291093,-14.06105673402213,-2.57465807348498,9.966949548441397,73.22293034703137,85.80477773979534,6.317938281876052,-130.85162846474074,39.89551854421202,-7.0673104111542555,17.04547502885451,325.9843484737054,-180.68498978118507,0.1209885380183947,-56.80817164356841,-13.205588783006482,-17.065617151888972,56.1054518311241,319.91287072617996,-324.8370444876196,-176.5556778950455,-95.12434960736124,-21.467766616092327,-4.819746707220425,14.763929272876991,60.07007905092669,81.22507298448681
1771947936.02561,-187.89185738406664,-126.94613500261886,-10.08162428875673,-8.120480425473108,28.643341650595804,-245.33136277451095,-23.109781562066992,9.525353082863083,-128.6810403601572,36.314414035232886,-0.3758823258118473,-15.077916361924652,387.2386419912037,158.59222711435703,2.2197109800718593,-46.44499847114479,-11.650735480621655,-38.639103008013066,77.54964752232355,443.485032983741,238.61031699748017,-176.69412833838956,-111.76394675373653,-15.990735261745282,-4.820345530992702,27.95678191005221,-272.8647346015978,-16.184528745452397
1771947936.0295053,-186.68181425527388,-140.41871508796686,-6.210076161146963,-13.793214849556291,19.864594969523274,-298.90766208033165,-45.21734152559172,12.591825845061075,-124.14260349880702,29.487777036922765,0.8123247638416761,-47.28170224749574,-66.41239372102679,-89.90789999021511,4.1524305431408814,-35.45958895521541,-9.20893370969023,-54.59093282333073,41.06536568875868,-58.78139348899788,-5.857400080876304,-176.614433586287,-126.21620403607383,-10.134794954665027,-6.094820527778238,14.600095356756126,-305.4938612479786,-57.336280269145576
1771947936.0334003,-185.30423862629817,-151.1217019368651,-2.652695039916243,-16.99346124685321,-9.604621648393366,-14.87591222122862,99.17208545079767,15.480149856240905,-117.40459414019277,20.388574899368272,-6.615580671893795,-53.16572039939431,-466.6502979472076,-14.81882631998429,5.890175138040927,-24.101099985771718,-5.957719307547714,-55.970597798932516,-31.163791223991872,-477.26711943259266,-138.80142757334195,-176.31944383972376,-138.12747500886076,-4.211365725362977,-7.507921887317221,-15.266841703528417,8.208842013652744,105.82584733004923
1771947936.037295,-183.766937581547,-158.82089713688416,0.43694906803939076,-16.267091169544216,-34.04502890765973,310.66739367303086,-142.06334891975368,18.15487484078794,-108.67401280050979,10.170555264437818,-22.360409483773328,-21.082950253875488,-255.71813625278588,172.7038004232027,7.406432908601896,-12.617861606027903,-2.0275748190259786,-38.04019766122325,-86.55109157505417,-200.30659957243657,292.59519094533465,-175.8124368871999,-147.20462903249725,1.4795309595595687,-8.03673757929562,-36.03203934533368,333.381739707404,-129.94542353911854
1771947936.0411904,-182.07754878531634,-163.3493409537828,2.9603825169762317,-11.60027449147114,-30.219604270005295,291.1299225027253,149.77986439813773,20.58252579535699,-98.19029654428653,0.05262185661844601,-42.38490206414929,31.76324832464188,318.94585361952494,-308.2207962316019,8.677316249986074,-1.2525836088263143,2.405113288480915,-3.6017948748782143,-81.13726562392041,370.2552841964049,-539.4920651510284,-175.09720555954848,-153.22276540615667,6.664316570285245,-6.930901647418283,-27.58672236132432,283.5995401076296,127.33297650839715
1771947936.0450854,-180.2436197874617,-164.61139957599607,4.872058394324801,-3.936635795854556,2.307021002235738,-95.82182880830678,-80.06919175273732,22.731811327363296,-86.21857520765384,-8.800129504082179,-59.63419644656839,68.27952945441427,473.62350832653874,255.83624303373142,9.681704202826095,9.762140469623066,7.126938869355631,37.004090631215156,-14.700880104584623,385.3484877040367,388.8627067078356,-174.17813274489285,-156.03100584910695,11.109157187633912,-3.587152069216938,7.009762909413566,-123.55309259171719,-69.3751488234782
1771947936.0489805,-178.27267871629067,-162.58501965206702,6.173598504961821,5.4201423635777415,38.830073938271354,-402.999066993221,-35.667429227899085,24.573820209482893,-73.04268212297505,-15.38789202897949,-65.9743398174056,58.920203922264164,-29.13854741949969,-50.67677470507419,10.401362252153907,20.207953240833934,11.897592355481432,69.64621398559936,66.26493114000996,-182.6622778997771,390.31996880126115,-173.06025270556552,-155.5562197933982,14.630940378285855,2.3594947499752403,41.87415370744578,-413.73342399735645,-26.86595611574598
1771947936.0528755,-176.17229505243807,-157.3220992089713,6.905600065306461,15.066031968049446,48.1326058150094,-214.9956887716878,133.18311497423903,26.082204811250396,-58.958126235174205,-18.970237633434582,-55.19755074313743,6.302372429406796,-495.7924839675327,-125.26997142708636,10.8210386746198,29.884409764139793,16.460709871546555,82.24909509826581,101.88201427077001,-478.52235682710386,-929.4181781246592,-171.74929768041213,-151.80460070469212,17.105458162234328,10.592850871120843,47.55503618843404,-194.12736143887577,116.45552628752189
1771947936.0567708,-173.95012941855518,-148.9469778918985,7.138197646696412,23.443972304897667,18.18821610303251,277.03061186981586,-190.6825321857898,27.233350071710316,-44.26522104319068,-19.134659435448583,-26.115402078500217,-53.79904553044929,-258.8073522488746,330.7324812608647,10.928536756865517,38.61215651182974,20.555106679605938,69.98922297429647,64.12205296094125,-46.98970564069659,487.45143703333736,-170.25172901722792,-144.8610767721967,18.47244685383173,19.661042364779316,15.035468586191028,301.0920243752896,-179.35037802858997
1771947936.0606658,-171.61397160251522,-137.6531032160294,6.9614659672624795,28.745173171778205,-31.654549657593183,437.28956614504045,188.84995396856502,28.00652670582444,-29.262547941504607,-15.83383000346818,15.863714707997499,-77.71337171743708,344.68908041082017,-577.5586730640975,10.714762428839856,46.235574528237144,23.926199304043767,37.4318769933971,-20.847474441391043,468.772267362238,288.07878786886283,-168.57475238268515,-134.88660432958392,18.737255124895277,26.936647324195484,-34.538766835186664,431.11518782841245,184.919114056934
1771947936.0647602,-169.1717663346728,-123.69798111837873,6.476532691265343,28.977825829046132,-63.18008239171222,14.0449237392497,-109.51592617588382,28.384027346694392,-14.240909241871519,-9.388701072968725,59.878331380555025,-46.77188120411968,438.37199376987184,394.89941434316995,10.173747071276061,52.624863542963745,26.337534085030395,-3.3988400287273164,-91.239223652313,288.68335843633406,-494.6904324560366,-166.7263169165322,-122.11345478633176,17.969036729404277,29.147466278576246,-63.590106508277714,-14.400641329698015,-109.29429125709594
1771947936.0686553,-166.63162661674335,-107.39656603546837,5.787987938973548,22.343099718462348,-48.52174774428526,-451.1473603932297,-38.81491832766496,28.35128431820983,0.5220996032089364,-0.45761737601682595,93.29458163637156,17.688334630273623,-109.031611443124,388.5315293047397,9.302645468634031,57.67755852959747,27.582386438623605,-38.19309931888507,-95.7069368061113,-330.64447490867025,311.2571974714899,-164.7150984860936,-106.83866277453727,16.29550247732552,23.38770658847663,-46.51340270307371,-462.1085461222919,-31.334733494524976
1771947936.0725503,-164.00183463452348,-89.11328638033369,4.997873810240777,8.04540066258399,6.153361881301444,-310.01057834592564,232.72928718294713,27.89696776277644,14.766798416580933,10.025426893833975,106.32473032631556,69.3953180177755,-482.1720412902621,-936.1799657394968,8.10170912206494,61.319484739286736,27.495363810865747,-56.364457757806484,-31.82162612830151,-478.0844143391934,-225.25051122548436,-162.55046744094074,-89.41585274659306,13.89441917266553,8.444665347472178,8.608273629777738,-287.03002024305476,212.7944572713071
1771947936.0764456,-161.2908305101421,-69.25293537750046,4.201249015622906,-12.547330118389661,62.167380621851194,266.5682737570462,-349.0553030045026,27.01306295761637,28.255343875703904,20.937650434291882,95.52527258406396,71.27294965199889,-130.6663489350663,547.6186105422378,6.574235397540809,63.50517079720783,25.963831665262155,-54.98946762531326,52.584004608590945,64.97489540982177,109.71277824864224,-160.2424414989339,-70.2457029129393,10.982202815968963,-13.873318764835318,62.97942956030126,291.93627456144736,-331.3144460715548
1771947936.0803406,-158.50718939823344,-48.25068480919357,3.4830812792746104,-35.008666296002474,76.03622855601549,472.64471569247195,225.7882665680232,25.694925817651182,40.774830867623486,31.071667751476532,64.7480852276183,22.816078110284295,411.1410901250332,222.00048040610508,4.726493204146511,64.21775029764257,22.93879041599252,-38.89335649221817,96.04188634442946,519.5763366521437,188.62361232065575,-157.8016246496627,-49.765339060194705,7.800108527625156,-38.09413018111444,74.66854303059027,463.8061943850688,231.63030865371604
1771947936.084236,-155.65958769407573,-26.561499504651675,2.916054245397545,-52.24119696597124,33.33539501261526,6.061462077089327,23.45262638146793,23.941315752262195,52.139573114476015,39.24783010115938,23.274221413343586,-39.96531110588016,330.9697844967819,-538.6168833759031,2.5676260597598994,63.468389851621545,18.44458989324791,-17.2912602100142,69.50027760793422,249.1790553709483,-388.74176811473905,-155.23913322736638,-28.43697544186753,4.5986664583595624,-56.01553409772681,31.062960810954976,-26.00238188996023,-0.1729399909145497
1771947936.088131,-152.75675935022943,-4.649241828131672,2.558812410101777,-56.75689098288291,-37.75139186285159,-462.2307910011634,-159.6845403588882,21.754405215169477,62.19259281847919,44.42498270519324,-17.991219203607677,-71.72394519676264,-246.790387233886,435.0052447202438,0.10953355667598617,61.29528685859551,12.58662880839845,0.8188825248938745,-3.5812303168122503,-355.09429826040304,307.2224763576546,-152.56651053225332,-6.736133981522633,1.621152249502452,-59.552702895188716,-39.022396056992164,-472.4586005287826,-142.88192745184855
1771947936.092026,-149.8074434607786,17.02424281620669,2.454215669845443,-44.19543419162009,-85.33237431548555,-247.23007052845747,300.28296457241873,19.139765498387295,70.80637632270802,45.8001315590296,-50.539310293670994,-51.24631839508155,-459.4339775584882,-258.2231320381814,-2.633267562020355,57.7622846038374,5.556007492930513,10.111396017685223,-67.52811104431697,-467.07430075828984,-97.93655009406923,-149.79563153873778,14.860224264422232,-0.9129934856416899,-44.56001477538121,-84.60483756121212,-219.97361997345473,297.9786325458086
1771947936.095921,-146.820324394618,38.00977552049218,2.6273181373252825,-16.21134467487869,-72.325378284462,327.9582055546443,-538.9305436858583,16.106328568799924,77.8829758669263,42.88851971908526,-70.61632561293057,3.9500643028215467,6.5524564157833165,13.932578450663405,-5.6438012793834025,52.95715533946095,-2.369972972458868,10.054844841731072,-77.84293694242572,35.085358759951326,-90.1219556953419,-146.93859934983726,35.885329122687125,-2.82378804240748,-13.615781240521576,-70.19967264225609,355.29576648875917,-543.9743500680501
1771947936.0998163,-143.80396588953064,57.880958815303956,3.082990923382733,19.18166936878658,-5.5772375034700605,399.2575872371885,380.6074935303214,12.666324976423883,83.35355437703824,35.57728222515317,-78.9251669449233,52.200730508173066,467.90912028607215,263.06169226950294,-8.902807507416604,46.98960250591317,-10.832515805537126,3.9735356447459087,-33.25738494635652,465.30222972594385,222.12627764063095,-144.0076351855851,55.89368292784189,-3.98432333044105,24.06844554706989,-3.678386557350157,388.14111102809755,391.6338780025041
1771947936.1037114,-140.76674066196443,76.24350814229022,3.803341339622164,50.37694620941963,67.46740396064503,-137.72202361453353,400.88911783750626,8.835198048878905,87.17747971363407,24.14803000218444,-78.24910925358168,59.48642435410939,260.07443960327026,-357.80544041901817,-12.388932861759185,39.98903070439295,-19.402081807941677,-2.9828410809323525,27.407898133325997,285.4170719534347,-265.1079080577161,-141.01496383051375,74.4713081453605,-4.331355113031911,55.951289625201795,67.75000313284205,-172.2763367004555,386.72563244054174
1771947936.1076064,-137.71675719302158,92.74357855451973,4.745311975332232,66.83579247616007,93.23781301623804,-461.731238529523,-936.8708116287256,4.631494759642057,89.34107756386489,9.266233201829035,-70.7862908848812,23.948987101464613,-314.74696163989165,251.86846133264973,-16.07893516224971,32.10212752784787,-27.595666631548923,-6.070117961511133,58.580739965736406,-234.1394423518341,195.1881209428676,-137.97269655901607,91.24490770799109,-3.871938683883543,71.21168977676098,91.71747731760358,-472.01324368706963,-929.6828475609475
1771947936.1116023,-134.66178537512832,107.07489975353461,5.839040510059427,63.415484724710296,52.12632685512595,-73.74695248238253,501.10037291869224,0.0767338634015486,89.85614946815042,-8.062056284056299,-56.91214658585896,-24.863782645512934,-451.5231598726971,-90.0643067925071,-19.94789970801034,23.490296487898355,-34.900554194021446,-2.750963035450115,43.142617190891464,-434.4493841763447,-35.8967577356471,-134.89271356641441,105.88972489460517,-2.685347239094849,65.16701014690346,49.866776195621455,-46.187249690908736,503.13490398248723
1771947936.1154976,-131.6091826638525,118.98457220022499,6.987685111998175,42.364068982171204,-26.34698706249654,437.4858880255893,269.1484736372209,-4.804747875312591,88.7583546978705,-26.56298869892868,-35.87334375928938,-50.14021631868077,23.162128183759577,-70.88206021449153,-23.969465253844294,14.32697558356554,-40.80385671237726,6.442249283173084,1.7333037298426663,-102.12838506307482,-130.82612485120728,-131.7865478787594,118.1359355253937,-0.9197445530395482,41.04918167519024,-27.817430388534724,464.4414886610911,262.24743338495773
1771947936.1193929,-128.56582232218904,128.27741942232683,8.069433480315146,12.102400465155563,-85.23421785762119,289.3438562834307,-501.0144455534261,-9.985970324669713,86.10554141111305,-44.79169469774513,-7.605115258318968,-35.844807982492256,455.8000477402519,197.53649395455594,-28.11605752164197,4.794870934040706,-44.82645815330484,18.295656351796325,-28.842563940589976,330.80194188153666,206.66047114903373,-128.66527264212212,127.77345430269133,1.2166035770715589,8.370195481485638,-84.94044520610558,279.9190580094048,-488.1722298979902
1771947936.123288,-125.53802527135873,134.81883532010406,8.942298711411636,-16.621910232062856,-82.49530451450345,-305.5391264305221,353.4273422093031,-15.437504307156857,81.9760940427679,-61.24562204788881,25.63256200934976,2.831336273423883,287.1968752653402,-241.13574002898557,-32.35912805264254,-4.916871061719693,-46.55931146797138,28.36777926342641,-27.714767965173532,353.51070123024465,-182.24324794059083,-125.53939360063856,134.6550876240184,3.469415571521107,-21.357326220985158,-80.61776853692464,-336.31307909299125,339.1169812200659
1771947936.1271832,-122.531496938455,138.53610959539628,9.45206681362923,-35.34372413009567,-21.840060787176036,-460.6512890984864,-258.9180356023452,-21.12768427541611,76.46734217486816,-74.48563701428323,58.75001004603647,33.601223001444104,-236.28597075344828,211.05969334557065,-36.66939622779286,-14.615535522701787,-45.69947728119645,32.77977359348796,-5.007417858624003,-37.46901357673959,110.68438524599974,-122.41874842676836,138.69801623974828,5.557194907591321,-39.496052516952815,-19.580797919265603,-470.99805496118705,-258.4318202207122
1771947936.1310782,-119.55127032613385,139.41825778306452,9.443413954361203,-40.95953746957303,51.161092759486685,58.965871402727736,96.78659595903922,-27.022837860250497,69.69405371950637,-83.25539346952702,84.75873745934841,33.53506103221904,-446.24268360147096,-101.2986674245443,-41.01709230756641,-24.107741715681417,-42.08290196052749,29.52719222483436,11.541997356529324,-374.82046163047977,-3.5977128815273907,-119.31241437887671,139.88364079807548,7.193729477511524,-43.35676866381991,52.333407851627875,79.8906743824068,112.4300211415825
1771947936.1349733,-116.60165637682206,137.5144222032919,8.773781650349258,-35.871602643183905,84.09305557804028,501.388397638018,222.69654555150854,-33.08753062214063,61.78701367283607,-86.58947462809893,96.89388530508987,6.5218686964039705,-108.86619259916297,-96.66723644480996,-45.372199351131314,-33.202365440934415,-35.71078021245844,18.966558440962075,4.73673221803463,-270.0660899433546,-109.34265274078949,-116.22862558671133,138.25586879242488,8.112854812526722,-36.0911011097032,83.37342202485975,523.0830587668671,208.45716117306594
1771947936.1388686,-113.68620258310337,132.93094493928112,7.329131687388442,-25.56167974536679,56.468560539747365,238.1664619107077,-401.547382699126,-39.284824164820215,52.89166931578518,-83.90153030970517,91.20183987003043,-21.742156383224913,343.56809123352105,260.0232235240828,-49.7046918994521,-41.713470332414786,-26.766485814423984,3.651374388551774,-15.348087416386242,152.87983536938398,148.54244634958258,-113.17470112285591,133.9179610092007,8.093683130033732,-23.9169996892182,54.269253480060314,233.7058133155563,-400.1340882404185
1771947936.1427636,-110.80766066380215,125.82724385016802,5.040267181115738,-15.362358343558238,-7.215276128924564,-349.9373826909934,302.13271595770425,-45.57654564547073,43.166804003336786,-75.04502757787637,68.44951186896515,-26.43937710113943,379.1454375595266,-251.33289463411205,-53.98476938838597,-49.46323650526945,-15.620513059864052,-12.25102675488259,-21.62861210038743,401.9613110911525,-115.68989341622887,-110.15698486108332,127.02808937771148,6.984245975517039,-12.622855353162388,-9.465050656343195,-370.4584390741843,308.01449580084426
1771947936.146659,-107.96796393759524,116.41064806638349,1.8980720019039377,-8.250383532779644,-58.76138398393154,-452.02364193713066,-99.29819711882439,-51.92356662462484,32.78318614940385,-60.34120916350413,34.22394102818308,-4.92877233662927,-25.368969028928188,111.08030783189804,-58.183082394238454,-56.28487323459522,-2.821640350965132,-24.032468137025603,1.805116752176126,177.7696336924679,79.47774906319694,-107.18079790537928,117.79378648340014,4.721402888411596,-5.277929718312923,-59.519154280276325,-460.88619364363785,-105.16405111406581
1771947936.150554,-105.16821479964537,104.9303695452427,-2.0341589126359625,-4.395741743915547,-63.69596518467828,44.29273712114329,-85.63743723250288,-58.286089097624604,21.922129656030382,-40.57127056633218,-3.112415655687721,21.26715224398512,-396.2093028706552,32.16051462570959,-62.270949962120824,-62.025498625639884,10.92644595285562,-28.12633662032132,39.91166053309991,-268.54610524734295,-39.16131654834359,-104.25040411568662,106.46548895634518,1.3449598776348193,-1.8688996969466278,-62.376591042189396,54.908507688639524,-81.79848410456746
1771947936.154449,-102.40868250039013,91.6708004716133,-6.6131183700207075,-2.0406036157905594,-25.190185715185304,458.22615205976433,228.69297853456877,-64.62393643057838,10.77389775516315,-16.932453875896883,-35.666434218101145,25.774471053294693,-308.8552455485373,-117.67447586736833,-66.22056639338106,-66.54896295885725,24.80262645795704,-23.97948375771048,55.75197445444924,-406.7979265837632,-32.21267383459149,-101.36898901957647,93.3293907829065,-2.9957750236045166,-0.34379372327030994,-22.65702559817944,471.4839880302599,228.0913191842468
1771947936.1584306,-99.68881126813062,76.94433191267628,-11.614220888442695,1.1252191349495984,22.75913090181898,270.38852791715834,-276.097835778978,-70.896846829508,-0.46411655540034913,9.039469968835569,-58.695780179387725,1.7921569650419191,139.6303937983735,148.22047967433463,-70.00519598759546,-69.73858429711863,37.91820061375177,-15.021270141386715,23.539013493686713,-53.625846378755895,104.76477652757731,-98.5386522121579,78.69982766693242,-8.044302763961301,1.868534864284668,24.71912852574925,270.72569678612814,-278.4047498256301
1771947936.162326,-97.00723867764164,61.083888199974936,-16.737849911475024,6.685921919085615,44.85674978195438,-237.7446241887651,202.48069715883366,-77.06476694613316,-11.589494502585195,35.576195098454505,-71.34106502175402,-29.88170914738505,432.18849484571786,-136.9130000727533,-73.59935438865062,-71.49975651802472,49.376145369240824,-7.660385388857667,-42.525903055845646,379.2119731657916,-141.7034043997834,-95.76041317705443,62.911411016717416,-13.44877458595796,6.511078969747504,44.79793072787853,-247.34783394150895,204.47410886247582
1771947936.166221,-94.36182400000806,44.435365614399636,-21.623669638636393,14.631864216518975,31.442078424352015,-422.0109926016609,-45.13001863048361,-83.08814326380269,-22.397230607690027,60.803866989856374,-75.35119004913045,-37.77324419809862,217.9934884956451,90.15921768833576,-76.97897538653426,-71.76238207955718,58.335716803462184,-8.245846484889944,-91.91092234759971,358.36751174664306,133.06309854165733,-93.03423026264785,46.31112167791684,-18.7832489769333,13.639783284490944,29.371009205022474,-428.7268424996612,-44.97835146589303
1771947936.170116,-91.74968607431335,27.35015375982379,-25.872776099006597,23.164366311585045,1.7179233269060576,-92.12668418201082,-128.230734747172,-88.92820896573464,-32.68254179130641,82.88174216326172,-72.9679161301187,-8.570302664344348,-258.81470373280797,-30.762581096233422,-80.12156224179064,-70.4830743440789,64.0775173240533,-19.28017012424708,-76.27482133930556,-107.02665345006059,-86.46351293594974,-90.35903232134237,29.25055994622898,-23.577392397129895,21.485234991409317,-0.8333579683070791,-89.51377183616326,-129.11760251339894
1771947936.1740112,-89.16725006617504,10.17790321077922,-29.076614470160095,29.342339478800255,-16.805636295800173,323.09699463304565,229.54425718739054,-94.54726402813996,-42.24406020898673,100.14204602919622,-65.36589293695725,37.2953217314766,-426.23726819389645,-14.939901954934008,-83.00632278494136,-67.64706681898541,66.06372538633131,-36.87982518634849,6.379471185369633,-445.81916711182384,10.887061561747863,-87.73276231400742,12.07852947265153,-27.352798892962248,27.16100811973388,-17.89366865054934,330.6648824782728,229.6478583025856
1771947936.1779065,-86.6103023573979,-6.740316347630817,-30.850763330151846,30.355939356738595,-13.042083718643546,340.378898289846,-210.68960516081563,-99.90894631615876,-50.88739794319825,111.22018696775933,-52.33355088889847,59.386891093036255,-80.97305668563725,91.4144739597683,-85.61428769702275,-63.26975990470272,63.98821623698067,-51.07414918916207,100.73595303238677,-229.63348488761682,117.26405932155656,-85.15243203390742,-4.865891371056648,-29.663343353343656,27.963211755818435,-11.81732113965938,344.17648195964733,-210.0050188834973
1771947936.1818016,-84.07405272964995,-23.078345836248698,-30.870970255142197,24.785376470137606,0.4577507310036935,-33.67226528424095,101.23503667421778,-104.97849153423373,-58.42904403240503,115.16495640616316,-33.01023783515109,31.700235748263378,347.6289251188622,-220.50298078755623,-87.92841153918424,-57.39783133700014,57.81181258859909,-49.33681482973227,131.43461688101564,268.87910621575344,-265.0008584082031,-82.61418699809349,-21.259664677951047,-30.136393670505388,22.597661541961454,3.038609818528585,-38.222822621282376,100.0752417339715
1771947936.1856966,-81.55320291985267,-38.5306563969003,-28.908296857514596,13.212750489614923,2.9598715750319826,-357.731384664174,33.005061887973525,-109.72298001274093,-64.70052641297154,111.5196440714688,-7.101548972263485,-30.814244351519413,337.61265424436436,244.26882205732284,-89.93365629820865,-50.10983583059854,47.77887194950299,-22.371494058584695,63.42067705696249,413.6441325526523,270.07302407257504,-80.11338044527183,-36.801397553877365,-28.511352490041883,11.713967189472521,4.8415126980263805,-365.9066384260146,34.17531569488726
1771947936.189592,-79.04202052226634,-52.81738442234372,-24.859967017900928,-1.940604327422254,-11.683842673282335,-267.1762729009712,-115.0947160681317,-114.11156846737777,-69.55274391469237,100.36705654459362,23.966282510202344,-78.93813498860638,-66.75350508787672,-60.54471204415151,-91.61705742961553,-41.51622251649897,34.41278456994602,29.96843843661903,-63.114595885343206,33.273635487278185,-81.73404035287825,-77.64465525397948,-51.216167298490554,-24.67193247420643,-2.337167215132316,-12.026129715113566,-268.32790255327427,-115.21562414796635
1771947936.193487,-76.53441712680814,-65.68863065294813,-18.772568211429256,-16.999848633364028,-26.950709852777596,132.2220058302731,114.18821634386043,-118.11570500007234,-72.8603469361007,82.33411513270892,56.419897323430504,-67.7828936703457,-343.8370360165471,-126.33018538964862,-92.9677725601343,-31.758704828043317,18.48962724973786,95.39966625189753,-155.92124374231588,-357.47369865266825,-117.21902781536765,-75.20203248913481,-64.25952630014483,-18.668828188252625,-16.118299379624453,-29.251953016472818,141.82723803561,113.39126480040542
1771947936.197382,-74.02402955682163,-76.92799492051306,-10.854662076000528,-27.743604387575775,-19.0582265121857,385.9037316100143,-96.93656598846714,-121.70932571219585,-74.52602125163425,58.55483016650398,84.49696973061693,2.8260377777571843,-186.7661751663833,172.53536187243805,-93.9771131356543,-21.008926319846797,0.991057376073571,151.05044550127087,-139.28798911997032,-256.35512467396023,245.01416819404733,-72.77900524109499,-75.72067283813115,-10.730042674653165,-25.758475628436955,-21.432439502217477,394.8039407168336,-96.72732798662885
1771947936.2012773,-71.50430310226484,-86.3553400554578,-1.4766033167877937,-30.360049748816767,17.23342301468544,194.10051652468877,105.70875657036912,-124.86903141262835,-74.48451009585668,30.593754019359228,101.97420404914781,81.76375822817766,146.72134399844535,-256.25779035169774,-94.63855940296395,-9.466378457125058,-16.96063126897859,171.1609209989649,-16.117611824777335,156.8616418376074,-382.9997609006863,-70.36863643875438,-85.42479943401406,-1.2570266779445851,-27.785712448157874,16.7748995439599,188.06616271608448,104.75546595713605
1771947936.2052443,-68.9685756936916,-93.82879773127819,8.843611646941463,-22.91485591270628,56.942744320197285,-236.9611905632359,-73.02768873683834,-127.57424306367234,-72.70619758635662,0.3352298720683927,104.35084915071899,103.86882141655947,241.09465728758076,370.2251948126062,-94.94775923998614,2.6444562369273066,-34.18071418484843,138.39680288801932,127.71301356926512,302.4308601869941,386.750102054732,-67.96365935382708,-93.23465233402656,9.194077392451957,-20.45288284276971,58.83466111082374,-253.08804371779357,-68.47972930259111
1771947936.2091398,-66.41016199169357,-99.246044218595,19.468431912205116,-7.034215916337025,61.53569083372107,-405.0966666725829,-31.11028702414648,-129.8073348056243,-69.200072596681,-30.15339125739849,90.51543378647406,43.799576482180356,54.34690037506184,-139.85958995906068,-94.90251149791554,15.077740446161119,-49.5076152535382,53.777415661720994,184.66852186361268,21.347860499251134,-12.58905650486414,-65.55657953060734,-99.05135265182551,19.94552309402356,-5.326433533031132,64.24588712177479,-409.0069695318978,-35.23186837845727
1771947936.2130349,-63.822436385311654,-102.54488510395169,29.681442481498717,11.297844819540199,13.305660885578105,-91.47586187358885,128.7074624945127,-131.55374358853587,-64.0158961098767,-58.77413869299945,62.85072996011513,-58.14288931313166,-123.40241439061182,-423.17771448794247,-94.50273463914253,27.570677869084594,-61.889131177942446,-60.28210232971428,107.7664884427831,-236.8481245884965,-531.1260794356864,-63.13977688482481,-102.81454155420487,30.243514023535056,11.911238343139914,14.55910158145122,-73.86725581806324,125.11133411396636
1771947936.2169302,-61.19891394164497,-103.70319589137868,38.73805657750206,23.04941525573449,-61.74091015314856,349.9084440595535,-161.99598775707,-132.802054594606,-57.24540685589188,-83.554540850789,25.781619152601294,-123.10415663818094,-106.0351383193828,676.0216483978879,-93.75042151159866,39.84862278802685,-70.46229485588272,-166.59481295612724,-50.43189091033038,-102.75007954558784,723.8743753678744,-60.70560675767064,-104.50191951438265,39.31313970878898,22.65448317885893,-63.071641220763695,367.241499675005,-153.67882642708105
1771947936.2208252,-58.53332844507128,-102.73827059273945,45.92249356488763,19.77959004707431,-106.29021305406398,382.9183776191486,140.98323429591147,-133.54406178752777,-49.02242054843783,-102.79510933636519,-16.056477042642047,-95.53586093651352,3.2401235188490913,-288.7736075149475,-92.64958111978908,51.63083064257747,-74.62020581400522,-227.47699574430553,-174.60896645905098,178.550715649325,-368.5178249807392,-58.24649880364446,-104.12825363148328,46.41858687564682,18.824098159828363,-109.19587299178428,373.8533924703088,136.3743388286042
1771947936.2247202,-55.819706778095096,-99.70563250322598,50.606488571005045,-1.7203506478858281,-75.27339205153673,-54.65161637810944,-86.43918896121963,-133.77480312136316,-39.521708100191624,-115.19636564369407,-58.591888219309666,9.3316604776392,38.059111753237474,-227.61837591913715,-91.20616829452383,62.63674839791239,-74.06010252328453,-220.45850551554017,-172.90540657009055,148.10581042302636,-261.94095916169783,-55.75505270248739,-101.74392692629267,50.923807754178775,-2.664855416833003,-77.38104522224371,-81.30824194861118,-85.05635424144818
1771947936.2286155,-53.05243898428978,-94.69735979669399,52.304725057817535,-36.11014506460828,22.338509882499782,-437.74068581819347,-1.1299084870192562,-133.49257019240267,-28.95657732719008,-119.9551434074278,-97.54464104259995,113.04230355233604,0.016017016248395646,345.81457478763724,-89.42800225684937,72.59271405477493,-68.80844419373594,-148.05183104515487,-46.605771407353174,-151.99942141731592,702.1881605117864,-53.224129773948704,-97.4330989173671,52.34851589380111,-36.645713350114974,22.827093493723783,-445.6107525594461,-0.45600925442874685
1771947936.2325106,-50.22634341275528,-87.83997388482561,50.72197525194658,-69.59749677314005,120.51069716947269,-284.7770035150446,137.8832272960515,-132.6988924037421,-17.575129134832157,-116.8223509817703,-127.06475991708676,133.70972652595108,-0.40844666748455716,-252.33203707271235,-87.32467520343494,81.23890593076072,-59.220678268356544,-36.82498103707569,110.76472091325722,-236.55514119181035,-606.5878854016172,-50.64693963721306,-91.31153835242442,50.41451957810753,-69.69577779247338,123.30576142071001,-260.30803064922793,128.21250919298873
1771947936.2364058,-47.336726410781715,-79.29193232262254,45.78739293858938,-84.2089558928809,141.11503124208213,221.85992503066436,-270.6160966797235,-131.39849601055485,-5.655210726377524,-106.11752492969694,-139.5405223577464,51.686816965800396,60.27325252754303,297.72038965415,-84.9074521815064,88.33635660043929,-45.95551617612202,73.87077241203913,184.33428100727346,71.60608498896087,90.5622416578926,-48.01712113358738,-83.524178553922,45.077996094328796,-84.19369787532304,144.01995140978838,246.74948986924048,-255.51117319016583
1771947936.240301,-44.37943613977604,-69.24076200649263,37.672302753810264,-65.21199730411652,56.202056863584694,444.126393709205,259.52508204734966,-129.59923870256824,6.50185759393554,-88.69907595501502,-127.75145609715186,-72.30871005572537,74.30931603754242,-275.91478330792705,-82.18916364135657,93.67382590188761,-29.925719041492947,148.19233242314746,123.88430053249509,334.03079085430664,332.0665877335798,-45.328816852546446,-74.2424351564354,36.544318872210646,-65.54083035087201,56.86826068639865,434.3883166969904,257.60025712958554
1771947936.2441962,-41.350910224228585,-57.899862951825945,26.78910865427927,-9.044162991542677,-82.18693118971287,105.72158926422095,-90.20924107084981,-127.31202064528632,18.578651541788275,-65.89281444087808,-88.81122519017626,-143.05891151357395,-37.01146476400269,-141.46658955011074,-79.18409212236567,97.07431436020329,-12.229397643516872,167.52199386384976,-20.924745947851683,125.75981580221033,-393.2516321999126,-42.57674074943073,-63.661315623433126,25.263404166503733,-10.021049548573536,-84.35602453603852,73.46154919259233,-104.8586291674497
1771947936.2480912,-38.24821705672546,-45.505007674214745,13.770506770363832,71.83706088475613,-173.60975206043764,-343.3449332053432,-94.82546624750306,-124.55067314912229,30.249925857888446,-39.38482092547055,-27.65555371274921,-105.38312964913496,-169.1303625484115,629.5395617258904,-75.90785451433334,98.4009945567943,5.9325335177388085,135.633393531114,-141.46745488123537,-309.09793920957435,300.0094591618138,-39.7562384693244,-51.996339627276605,11.90514439089693,70.25696865725203,-176.95917044427785,-353.95088745348,-82.09497030634854
1771947936.252137,-35.06909064881562,-32.310556247858095,-0.5700968710885801,150.41530828689648,-143.4925626108278,-324.9241859871331,270.0106026715098,-121.33182638102384,41.19158195759287,-11.087691221944734,42.49936603629242,12.043840394599863,-120.8631058122556,-572.9734074102142,-72.37728123114528,97.56234425094127,23.345988044985585,73.89131251711908,-153.33643069183978,-360.64572834779216,-197.85223694593296,-36.863340073951136,-39.48027954339137,-2.683791544672548,148.63610621764613,-145.42327701652925,-299.2262903140231,268.5310283036791
1771947936.256032,-31.811958965807687,-18.585403775850157,-15.294356466234076,193.95697555415813,-4.222650022484703,98.29976788062031,-452.93843389734,-117.67475777557334,51.090050427153884,17.008629757452844,103.82998359632361,118.96198388267318,123.07199757676837,29.70402728925308,-68.61029347835836,94.51628068702335,38.87314888602345,9.953272939784844,-56.89148144475349,85.0655299637401,-11.157618587154426,-33.89480493768719,-26.35972251086689,-17.53884340427997,192.5822968039759,-3.2411564259139523,124.64876385643345,-455.05030721922066
1771947936.2599273,-28.4759657579615,-4.608676848195944,-29.406808461685245,177.69398823427306,147.26735532652162,336.23340462823114,405.559582368351,-113.60122301927024,59.65178723505109,42.989008609326554,140.3685463574041,134.253980312195,283.81829497618725,368.6924301825078,-64.62577965672374,89.2731187148103,51.53455561199331,-34.0614879894308,69.2580430526594,452.16197355638184,264.047410362141,-30.848158678481763,-12.891451465217107,-31.64772484581307,177.2841261151655,150.3994604347727,327.3363397713526,407.7874392604641
1771947936.2638223,-25.06098600120032,9.334801092223527,-41.929409912567984,97.46801133631641,198.48589460433752,101.53289351056841,54.898331048180026,-109.1352716412415,66.61256285390361,65.15575444745457,144.08117031184307,48.70823760642463,102.40021448216875,-375.1324443991353,-60.44347184557854,81.89720497542307,60.57739208754807,-48.85446604545675,132.50171628775672,242.7628264214866,-342.7818911858097,-27.7217221157286,0.6613573602515898,-44.026355483527844,98.31569176658222,201.3856358930281,70.91714643220342,49.15151184935275
1771947936.2677176,-21.567635135287908,22.959249824263434,-51.97670260718302,-25.297229270264523,106.7914969015488,-220.6997136014944,-597.029647365834,-104.3030493156302,71.7462173710153,82.15019662342772,117.44533318638594,-69.64065195291666,-262.8304881024829,268.9051383329401,-56.08382321442925,72.50711657766021,65.52478380531396,-38.686235258575365,95.45062541604597,-286.68436368760194,230.31548602147606,-24.514632345998518,14.03311976665111,-53.79439377483617,-23.292914037165925,107.31756175746628,-230.47288582873566,-588.7898276611037
1771947936.271613,-17.997272293213683,35.982845163652435,-58.825281159033686,-149.92801010647298,-64.94576172678798,-170.25254393625733,721.5657794224965,-99.13258895486676,74.87256289926522,93.04369710406466,71.41560259102634,-130.45042255584718,-350.3572728803189,-167.35460373793148,-51.56788707026236,61.274355450039636,66.20259396554127,-16.722217200805744,-2.4600553915450227,-459.2470889690389,-55.50878511170641,-21.226856057757267,26.960005662631193,-60.24407536951333,-147.24738349989786,-67.09246971946601,-147.22577203590117,715.3149966262552
1771947936.275508,-14.351997675500533,48.13276309067127,-61.97157901045163,-232.2381324270067,-192.41029709380905,122.25699267446787,-333.54362677744166,-93.65359258531772,75.86413622720832,97.39140904645855,20.268458189556764,-91.29274356294914,9.916890775746282,-56.97041637968483,-46.91719806975976,48.4205173541173,62.74215501995236,2.103207258118236,-82.86956653711512,-59.32198669528106,-118.41944953295132,-17.85919519307313,39.184263708339905,-62.89648923325855,-229.59141630307943,-195.55968091202212,144.88674088235092,-334.04005617939725
1771947936.2794032,-10.63464420688994,59.15030206856023,-61.172886205321156,-242.76809090967112,-182.08033453525215,176.20105734637454,-284.5701754288787,-87.8972059128154,74.6515374606285,95.24545015124195,-23.76122945400859,12.346203312045143,401.5624553210921,305.825926211105,-42.153655964351856,34.21296449025969,55.559402587407575,7.578173140186137,-91.2224293812833,404.9460089400056,241.19339193226705,-14.41328507647547,50.45868229482658,-61.54039730351742,-240.8657012202943,-183.9434743430647,168.03603518785883,-274.29448416607454
1771947936.2832985,-6.848763665720426,68.79601530977152,-56.467913009791054,-179.0381601681919,-41.620652754980675,-84.47072775765805,716.00268794326,-81.89578743603059,71.22713256933496,87.12773137355411,-53.67526610058373,98.74522807278409,312.66342821858154,-338.4107658081661,-37.29941213818507,18.959080133978713,45.31280692363717,-2.2658432703750018,-34.02582901529205,364.5628380951112,-245.38564041880178,-10.891585210982692,60.551144172070174,-56.250152526781,-178.36670271548397,-40.994050528382886,-110.24614683723911,702.5507250279155
1771947936.2871935,-2.998607589769883,76.85476732399285,-48.17498730450918,-66.09712080516782,125.78740874739898,-220.554714330613,-617.4679421224841,-75.68267391883822,65.64694853866868,73.96614610648348,-68.09240134749916,105.2388934428024,-178.6503138771578,164.58110356056392,-32.37675912371783,2.999231553817317,32.84416362702423,-21.5682010839736,34.86761900629896,-109.19113557656922,132.0318872656392,-7.297363079143254,69.24921238341973,-47.38106517627746,-66.77792729894198,128.2620346106177,-228.2742479042853,-612.847630791106
1771947936.2910886,0.9108966003302306,83.14061143266038,-36.867947345972446,54.69470281346536,198.9778207045339,23.466467833618406,88.68782371985186,-69.29194394147407,58.030648554192325,57.00087810794158,-69.65434738535068,34.33349297339151,-463.80595106443315,32.38609497630254,-27.408023190625514,-13.30138704915068,19.107582956236456,-40.33263170946128,62.28246241696213,-430.75822079777373,29.521033698739853,-3.6346714477370523,76.36466440173592,-35.54253512445245,52.92874842234138,201.4624230672484,42.653184533733466,94.00957907180587
1771947936.294984,4.874173695931836,87.50136932435026,-23.331767277215803,143.1209220249925,128.7061128296934,291.4861143675466,346.7709432504552,-62.75818111507316,48.55953921207764,37.66995989083482,-62.7400799819136,-53.7158596281688,-177.9489856135777,-149.69342786788292,-22.415459990499894,-29.561818096251912,5.092811179829344,-49.385080166053676,36.53829012703645,-231.91192145138763,-144.11208296233693,0.09168017772273641,81.73787180754472,-21.55121387985254,140.83638296386312,129.58463933693156,310.3897456317186,338.6742017445277
1771947936.2990184,8.885032372233136,89.8227822443678,-8.501732880658217,175.60312606497087,-28.326824912483364,138.90751974294074,-413.2267353058064,-56.11623841584767,37.472628642878725,17.48469842420815,-51.440050355021974,-91.95418152344541,324.69891793834887,179.9472551559492,-17.421153142455275,-45.39506170819581,-8.250730629711331,-44.195307722521534,-10.094515437908825,224.88162413064833,154.9607998563119,3.8761592011401427,85.24190674081929,-6.368191976063841,173.49312276201883,-29.390653580198766,133.06540968159027,-404.2770346148109
1771947936.3029134,12.93669979103528,90.03209781985336,6.608605833829324,152.04715425047397,-155.45406044212694,-266.97502415062706,318.73300458404253,-49.40100501625138,25.06082027748977,-2.093938178322982,-38.31405051174675,-58.20989106886561,423.3927831765398,-156.08229979940245,-12.446915605998555,-60.41817847430686,-20.083104975477333,-26.05335295546051,-34.50859579711575,399.4971883239773,-111.8975123126362,7.712547912842237,86.78624567496718,8.97444439651662,150.71477911992355,-157.51786561235838,-288.2509476069581,311.45335265426763
1771947936.3068087,17.021858563265436,88.10095782258689,20.984572201084596,92.0762120906277,-164.48677138436827,-343.8013985426128,-200.89581073235942,-42.64717694999325,11.65938971269589,-19.76742417898964,-24.193761467180657,12.91268170754607,11.435332764249916,101.23952495264336,-7.514193703399963,-74.26248083034508,-29.730933706571562,-0.6834700789845707,-20.3463237936286,108.60470194932292,77.26632878650146,11.593985079526743,86.31993700481222,23.451503236117272,91.8329293150353,-166.1897210729328,-352.634621409485,-204.56301209392197
1771947936.3107038,21.132685619431065,84.04745998918732,33.686125295759844,23.887216978893356,-58.311355298914826,63.87806133833296,-33.82103250036216,-35.889032898536755,-2.361049316310743,-34.491198451216185,-8.978694767639414,63.05924447689272,-396.3111814523755,-2.407861904740714,-2.6439736798071514,-86.58351198989627,-36.728326836271194,24.43036193110155,11.537648035491296,-296.67982417650717,-22.9910136804238,15.513010535914956,83.83410127313185,36.12057006254873,24.641398538428493,-58.8018939180284,77.57776970152503,-19.249172879663963
1771947936.314599,25.26089263764562,77.93728004226936,43.91603278608898,-28.184201509591336,77.77017998835406,424.11769219643134,293.2444093866373,-29.16021630257021,-16.6048308757378,-45.53877291538637,7.10505826412071,57.903343983354624,-319.53802014419904,-104.23592060911942,2.143309306092386,-97.07051235037194,-40.839100271464794,42.62024829121472,25.974484737118594,-353.5431547079653,-59.51023515064836,19.461612254469408,79.3636404170564,46.189737235023706,-26.889060964305568,78.49590979532456,442.286680765901,283.9156992443153
1771947936.3184943,29.39776773633035,69.88375758063496,51.075033392787034,-51.93985152603311,144.84568564732487,238.02391808279245,-346.64440244940425,-22.49352490731014,-30.662470701538552,-52.534366919493635,22.629322204928457,10.676123148785884,124.7228713009334,135.13313529570718,6.82785986748855,-105.45508373873398,-42.05936785318403,49.794810074861864,7.374936291128603,-1.2859366403592833,106.46647413821458,23.43127541488668,72.98804470268972,53.071866021700515,-50.73784287624131,146.2325245633882,238.54680410270757,-352.7351070914354
1771947936.3223894,33.53421818708937,60.04687205587457,54.799823565769024,-49.01538448383066,103.51899778643941,-267.5118558620069,206.30370152509886,-15.920708787401448,-44.12250951017013,-55.4530445134846,35.060050904977906,-34.58894056825501,405.181218394609,-98.93070518948961,11.39060882000449,-111.51878253064227,-40.60125433593012,45.290270774130136,-25.841774708332178,358.9152482636023,-107.94968710421233,27.413033035958435,64.83120380616393,56.42134828887311,-48.45702876449561,104.91770979992475,-284.6935819857035,217.52581136893684
1771947936.3262846,37.66081398812197,48.63106316788141,54.98130042439824,-30.850594378731284,-3.561675807988062,-438.154823242022,-33.484214374903054,-9.472277871136185,-56.58360457010859,-54.59034250176181,41.6942640327966,-42.43724467599194,209.95852795642114,65.29952167812226,15.813297341618027,-115.0994032490616,-36.860011406677394,31.838226362964548,-38.64202213561401,304.84270537159506,103.80656188103019,31.397517815556718,55.06015252764303,56.15094004048321,-31.182041071541615,-2.6642891062117586,-452.2676765530664,-36.09263599551929
1771947936.33018,41.76783225392951,35.88188276153442,51.76227483140524,-11.757119372465377,-91.94347535507578,-58.46255644619187,-114.76438097797336,-3.1773199560047054,-67.66649732149047,-50.506074483182964,40.757543703208455,-13.765956425221978,-223.48104659988093,-33.83351432103668,20.07855875019809,-116.09575296590653,-31.368099896195474,14.577845244773268,-12.770752103111406,-123.18227406191978,-78.7654749968037,35.37501494235884,43.88271106558236,52.42801297766218,-12.832151149876307,-91.92735818893898,-52.49411431253535,-119.12966178663834
1771947936.334075,45.84530247111142,22.081500450124746,45.515656516294634,-2.2968827660740816,-102.0400020396454,383.79177223655057,217.71125341790943,2.93666985623579,-77.02548503358047,-43.949131966790574,32.077897378319314,19.69331785608351,-398.03115393816387,-17.53049753906706,24.16999771990946,-114.47076156100843,-24.740725690052855,-0.7759617239944089,33.901251727910164,-427.60330627424014,1.5877048755687944,39.33551574142235,31.544012457243937,45.65133709659629,-3.649738409354415,-103.09736887783072,403.16440434751144,220.47100851345562
1771947936.3379705,49.883052707686915,7.543120744033125,36.80573738778008,-5.461460242668949,-39.469418683244115,344.8938671422984,-224.4405633899617,8.843947463556704,-84.35903625114082,-35.77149993919363,17.266751724644102,26.51002556034584,-107.98756411683449,68.18814923947441,28.072266716321714,-110.2528223298666,-17.61782432176073,-10.016692994937584,60.32442916852048,-212.55061764369862,104.29595688501163,43.26877205950654,18.32194380722475,36.411101196478974,-6.500983630427293,-41.35300475536747,354.32950349177196,-226.60710044395032
1771947936.3418655,53.87075686490283,-7.395595312257201,26.336520836178554,-16.771018858460764,38.236231663777865,-101.88115508380407,133.75559934585763,14.520665030460076,-89.41921378812442,-26.840264714351623,-0.37493285213624905,3.661039162115375,325.2896296221698,-107.18268728601343,31.771139373284196,-103.53531099246769,-10.607563737488494,-11.908097276909578,37.777067815053655,294.8860778493621,-181.28938207721023,47.164351306859984,4.521562636037172,25.436165485613785,-17.01457497174007,36.40390388214019,-114.8506214738737,138.93450362150978
1771947936.3460631,57.797983072070835,-22.379976252618683,14.89196384193141,-27.738067503813248,72.05604939880557,-402.80455744213384,-0.10346691734104248,19.9450024636259,-92.01960500777015,-17.956099207172773,-16.231676155978413,-22.710595157866848,387.67377432774543,133.8934319498322,35.253580436184855,-94.47428775805136,-4.236093986918517,-8.429503283785031,-22.308635610869242,453.1076841215114,186.062973201441,51.01169209749726,-9.531415014129172,13.533426407119753,-26.993539900058984,71.49923660079925,-423.0776341126869,-0.1511559349229205
1771947936.3499584,61.65424336074072,-37.0464929995041,3.273451446513007,-30.708164777619864,46.047098751427285,-219.60271096592624,-109.30612901007895,25.097284350498576,-92.04150522822727,-9.785620901088846,-25.349957682409443,-23.338056058073747,-32.19518514464321,-122.8904158955112,38.50781177997749,-83.28444435495666,1.0924417845904582,-3.8245085104374548,-73.56057085393508,16.832033375537037,-124.67493684917929,54.800160483190574,-23.497923148138053,1.5245990473573308,-29.131943736857504,47.523989804641715,-221.34358224989526,-121.34358897512783
1771947936.3538537,65.42904478069602,-51.031427515243074,-7.760216221775031,-22.6166504513286,-7.399077428671128,202.14865501982396,152.22035151073547,29.960081653536736,-89.43815374277077,-2.8132582205993852,-24.141714002091607,5.502862046446573,-447.469040186478,42.03629009546644,41.52337392498917,-70.23341282844673,5.1226437167301055,-2.88511088418505,-71.1188586283365,-468.0160069718467,0.6944941415373627,58.51910682151057,-37.03348710556104,-9.814335812398573,-20.624952923152797,-4.3983284604451205,222.5183315296827,163.78820566007607
1771947936.3577487,69.11194209809051,-63.979842251866856,-17.54555558138393,-6.021773979882043,-40.61737289525922,370.7038938360157,-147.68857848393546,34.51829752948838,-84.23688121999142,2.6839739873201975,-12.239839311631522,37.01910711084377,-313.8326015675885,111.76058016865973,44.29118243554081,-55.634603261988424,7.759587318364574,-8.936756669759687,-10.318866585342061,-334.8724829234813,207.7249013189944,62.15792331525004,-49.796605986251464,-19.806292985634393,-4.103113120876816,-37.889417239361435,387.5322034757956,-143.32405431023483
1771947936.361644,72.69259214832188,-75.55461775897082,-25.555994131047104,12.621000992089657,-31.140860934638614,115.22801499659737,114.78005226530293,38.7592367195245,-76.5390911345506,6.637857607715026,6.586902903216622,37.840469731732675,248.3322732807873,-251.06993404781082,46.803578561474005,-39.838782557353554,9.065141652021206,-21.989788743421155,65.36404550081856,264.96699992701605,-371.98008166882886,65.70610221358362,-61.4573628086495,-27.915036257335764,14.087345221249738,-30.71325022266794,105.64156416711735,100.18953386736501
1771947936.3655393,76.16080984290092,-85.44531468556673,-31.429675339777358,26.147837519009727,3.706176990320626,-260.8959916953333,-27.87757317801158,42.67265799723619,-66.51806514031459,9.168026131122627,25.259498246108226,0.017828715037056606,517.9953148074641,242.43239456653868,49.05437343044212,-23.224645495445078,9.239789831152404,-37.780007829303464,96.17859026499464,504.7417389767427,268.30486597350614,69.15329461640835,-71.70603293863067,-33.77329852076868,26.965658768054677,1.0997146287837107,-285.5020493388349,-18.605649845311945
1771947936.3694346,79.50662577941178,-93.37661171240022,-34.9821832455582,29.718438570060155,27.03118585034784,-338.77876161209633,-82.87738623276833,46.2508091828678,-54.41465040184051,10.542389132215842,35.80402463346556,-48.025629227076564,99.590793220594,-100.98777366081255,51.038885028319264,-6.188660992714898,8.592073621530067,-48.6090755497586,53.881561904200524,33.94150895067849,7.133992168222769,72.4893698007344,-80.26145115286873,-37.1957857051123,29.815649823000157,22.77884038289001,-345.5930774910192,-82.73998954802258
1771947936.37333,82.72034536122878,-99.11607347257234,-36.204284784032446,22.610548764364168,17.071766162161214,-31.39360237738643,128.84810748333123,49.48844428624435,-40.53095242832536,11.124350359037495,32.37003559699076,-63.291014264894756,-474.9265480138999,-55.780788071900616,52.753967169162024,10.865501522667723,7.49878630455786,-46.35758125646657,-33.147040390410524,-479.63993668370586,-173.47487062944955,75.704474972825,-86.87889446103836,-38.17714770144725,21.923035318159027,13.998690822433604,-9.941150654402868,123.35680056761711
1771947936.3772252,85.79260926114652,-102.48101335434555,-35.246080246981634,8.409760726703443,-14.262498473825744,324.44439041177907,-109.01632128069748,52.38282245582051,-25.22221717600351,11.313359342582553,13.699830144918376,-25.735867910658538,-410.49971275634516,225.07287176307022,54.198029688638314,27.53764987211041,6.359769156733157,-26.704170719405273,-99.34189306847874,-290.8289446168351,325.24865310213795,78.78909530148923,-91.35724284482112,-36.87627099441731,6.829056429330559,-13.804475755002228,346.00874877020505,-100.71198868825454
1771947936.3811204,88.71445494949155,-103.34423541147497,-32.390036930323795,-6.338149807344254,-33.96251312997407,316.54590273666895,95.28214017774857,54.93368855505056,-8.887139995548491,11.485744436396221,-15.770632789510376,40.72650892004545,225.79342121122147,-361.19779500718056,55.37104916729397,43.441535305856235,5.5515704085203526,7.634790850984203,-92.30615530479982,317.64898983854886,-559.7676982523891,81.73411399630238,-93.5451937221422,-33.5893168404395,-8.882036905108023,-29.910744269567257,307.97991404970395,86.90842041871689
1771947936.3850155,91.47737888529551,-101.63846629019989,-28.016165057792897,-14.659218602358537,-19.29103482498486,-78.5046582240122,-89.97401518503013,57.14323530514026,8.043113946207242,11.942446385799222,-46.65537928655804,83.79254287406559,543.4579009501679,263.67554139091555,56.274569545836115,58.214800864890165,5.384265846378428,46.75695177539441,-14.746035692565663,437.7958207367394,376.36112883983594,84.53087209467445,-93.34632718828881,-28.714705398779028,-18.017177739721312,-14.176869059540339,-107.08084191478724,-86.26984362524628
1771947936.3889108,94.07339887769214,-97.35932057343953,-22.563018324429756,-12.092120070161283,20.17615249817754,-412.4722490574442,26.793071421618233,59.01604701704373,25.116854070248106,12.869259338132991,-67.38839269721056,64.47851841983224,87.52517772938664,15.069375531703159,56.9116920223454,71.5281240065891,6.065417751692058,77.04859232393753,75.86307238935287,-103.55247103689683,435.05589169847684,87.17122755296428,-90.72284653537145,-22.713672034885633,-15.74265141898208,22.83069976134226,-421.8506744003973,31.280032562022356
1771947936.392938,96.49511606325717,-90.56668043091094,-16.48824870000565,1.1576076620364344,49.51161069452273,-251.20504097195604,113.0841326385545,60.55902503414156,41.874421140478816,14.313621388636028,-68.5601490203605,-8.68817490314464,-478.946840814489,-189.66187588994416,57.28705367197561,83.09329327237026,7.674502207257721,86.7782745061535,110.74200226904169,-478.88067595135357,-960.6570468139373,89.64761319624473,-85.69785160840289,-16.070082937917626,-1.8985848559370488,47.672427306184595,-226.6628498747547,102.63646586974482
1771947936.3968334,98.73577587668221,-81.3844128152216,-10.232144963384432,19.95426537152803,38.8734973389497,254.15710270997067,-236.58202326732288,61.78129516108347,57.86098721064616,16.180061577509687,-47.30244730429822,-82.43628111854277,-331.4413468700953,327.0753533196015,57.40679435127964,92.66999601154782,10.150225464821714,71.17464155776361,62.91440385005258,-116.7403926306557,478.0372853255536,91.95309302967415,-78.35604127630239,-9.252921234945306,18.519485853438866,33.56450776450293,279.95146048800694,-228.64445182188413
1771947936.4007287,100.78932729239587,-69.99839404895465,-4.186995360129788,36.12892654422265,-8.701302249885766,468.30007293969686,227.9641805861496,62.694097540185446,72.63922490225316,18.24430945209654,-9.48586866911578,-98.61355065342045,294.1273155444136,-549.6895506428783,57.2785116238017,100.07113922078119,13.292046448764301,34.65904506853172,-31.657752297662313,428.7974878700427,311.78873380991143,94.08141632756566,-68.84278516929737,-2.6842980361197135,37.09748153383323,-13.9592281825722,458.52623361037655,226.4478758907006
1771947936.404624,102.65047950677761,-56.65286059739904,1.325688543080328,41.69842261679102,-56.77787514412434,69.75835182710432,-102.85117640791647,63.310659594983456,85.80147810937852,20.184017964341432,31.91487929879363,-40.53769112053148,456.1136415514777,379.1498043070505,56.911203617281785,105.16657555935546,16.776000058973207,-10.764814088212285,-101.65040679413283,325.3902707499451,-511.1156030313829,96.02706881953362,-57.36155198203281,3.2849240142481873,45.22193713908225,-58.36016929887925,35.995632431770154,-101.88076690258285
1771947936.4085193,104.31475516451877,-41.64515347659697,6.0689814186603614,31.990962626071997,-64.25001586129464,-449.9133452590764,-57.78710589586574,63.64605277430605,96.98108220460247,21.622250248521507,62.00708194374208,51.45411192687938,-74.01474553826823,429.2134899369493,56.31519988736231,107.88515957488477,20.18366629801055,-50.27586369359004,-95.16465901998247,-275.7815634676314,326.3776458858193,97.785320237147,-44.169729462516386,8.3907027084959,37.40240089300638,-60.98406833878568,-460.9923606699261,-56.80182489127858
1771947936.4124146,105.7785392298096,-25.318970148394367,9.895244193279158,7.546686100910612,-20.21796768747702,-378.710868332676,245.88115519771895,63.71703394937819,105.86250845200041,22.178526925194383,70.3788204983771,108.99309950480587,-477.9771880659072,-978.4950104493445,55.50208055100994,108.21511400931914,23.04195513124295,-72.0299876288957,-18.967529589536028,-477.8975107111805,-229.94796980944207,99.35226748868176,-29.5729178091608,12.462322841221486,13.50182380067278,-14.256630785333641,-350.1066431969161,231.05302943056174
1771947936.4163098,107.03912263005455,-8.056281300412646,12.742461077977463,-25.642997512439624,44.37159070613372,217.79064973269502,-370.0444626739752,63.54187249180675,112.19004494329022,21.521465243275525,55.59682195446202,87.65465782742525,-144.69205745641602,500.5455987658078,54.48458415870772,106.20274070695461,24.87036902220563,-71.35209963249557,68.02868675798712,18.12107955997838,87.0629573655773,100.7248727587743,-13.917823007608702,15.42044335849354,-20.71567352945889,49.015037412632054,247.44433073626047,-348.5285872593259
1771947936.420205,108.09473980769752,9.731889564097418,14.623684615346145,-57.537609594120845,79.37283179987108,520.0817968417853,242.2579777040374,63.1401642758573,115.77477336501359,19.41693221943041,25.626443251734393,1.630789211797677,410.80661650927874,323.1106408332573,53.27650494555515,101.94956207086196,25.23164075708714,-51.58006733475216,101.07680955545932,491.88748464099564,218.1615138840343,101.90099583639194,2.416080585090379,17.268005506704256,-54.87180135700601,79.59709980113323,509.1083977400862,241.4386609043891
1771947936.4241004,108.94459930111351,27.61558947594066,15.611558079305029,-76.93139805245342,55.17817135606503,92.75022881965499,36.92045134518797,62.532634049774,116.4996544655347,15.766172535270682,-6.028832864293999,-86.19517760229593,346.5974185341471,-541.3413925185516,51.892580218348996,95.60802511592982,23.781191345629058,-21.6635937937207,58.80990904819072,274.55893257568425,-389.9813024845577,102.87941995843738,19.025909690582292,18.075826111357593,-77.01407120735901,50.90594728956236,55.51118205976659,13.064441127019922
1771947936.4279957,109.58890648592711,45.156698202639014,15.820132800400618,-75.34634361807893,-12.436267712289418,-458.19221048452897,-195.97531397514922,61.7409277979374,114.32259322158542,10.629489707768485,-26.648930510812686,-111.44942187958775,-239.2386830810241,333.9153237270588,50.34836874345618,87.37594059495366,20.310769823126723,7.814052150402097,-22.762769502944913,-313.1044100359936,286.7988890311956,103.65987046555693,35.495511226839845,17.964969792190058,-77.85384081250727,-18.274827904872804,-470.3037368064624,-174.42479683694268
1771947936.431891,110.02887768138388,61.92004375523415,15.386199281884734,-50.738123011645754,-73.07381156050812,-338.1074187318347,333.641446199281,60.7873969003367,109.2774162541175,4.232635600811074,-30.010986172492572,-56.489366116873725,-479.9973346436406,-223.01826764332762,48.660121147509486,77.48986439616978,14.781955666469223,28.24958707249742,-80.81810473905213,-464.0924440748851,-89.35603287159276,104.24302563522006,51.406112750663176,17.08803085005084,-54.80843526067543,-76.61165294398852,-308.42962514305884,330.02793668516074
1771947936.4357862,110.26674494065992,77.48457279733951,14.452124613871158,-9.247799481950116,-80.33595956423504,266.00698461555936,-546.909784105915,59.69487608166594,101.47275690705875,-3.045072473231646,-18.61835487665927,37.155186562342664,-30.888195621018596,90.45447933510624,46.84464351756147,66.21765617877074,7.345914883888138,35.19437431265002,-75.01054474736752,-6.036035233911476,-86.39408366142254,104.63051915903944,66.34719786339117,15.611275620226134,-13.900474382474004,-79.38592200403599,296.26450243875473,-553.9202686702349
1771947936.439785,110.30575094430591,91.45427252175185,13.151770903448586,36.3269564363155,-27.987554646694917,454.3376159429669,349.1712175366156,58.48645727690087,91.08890443410696,-10.699940523655307,-1.388083655006553,100.94264657505073,459.51294698308436,233.46476098314292,44.91915553204386,53.85046896570851,-1.6531486984645205,29.005603177400356,-16.25149175286869,432.184554974826,234.38712734779807,104.82493381288522,79.92730956159383,13.699231750578173,31.859138940407473,-23.395778228079447,444.0631477054079,361.33879949837353
1771947936.4436803,110.15013348737746,103.46854328195445,11.600520474628551,71.11578663702524,44.92593037221882,-40.68960245903144,452.3376495148459,57.18526160318373,78.3727306779868,-18.147599311732915,11.679046992996101,90.65645380383766,313.2059627553032,-439.9216814242989,42.9011445370675,40.69443201638853,-11.69209234667309,14.242638262199408,46.07603503225696,306.32906245773484,-286.3460430044952,104.8297859194502,91.78448145204631,11.502818387862929,67.28475845693681,50.02284753009002,-76.01728500475639,437.1336954736143
1771947936.4475756,109.8050991413589,113.21173294069439,9.889833784763313,83.90219426320974,84.03398653116582,-457.3790540510858,-961.9193517980309,55.814211663216206,63.630859913546544,-24.776896431936578,14.641950745827927,17.696237845144317,-245.39545870364677,296.8703775869044,40.80821703262967,27.06228840126171,-22.100246110862503,-2.028999386977474,65.58175756592904,-180.30874372114303,180.82439171751776,104.64950027402361,101.59600272477951,9.151566006005128,80.95899421725619,86.40111118296728,-469.1760531854238,-953.3458338499736
1771947936.4514709,109.27678583135324,120.42156547779967,8.086195350027104,71.4325827425653,61.10479233639802,-166.84192821510212,482.66937104103846,54.39580646318512,47.221294929476905,-30.008569855059985,7.77500772752893,-62.21080316633549,-461.5825889177386,-12.758855596571546,38.657949097664094,13.265239728465959,-32.106356819052436,-12.777743584248794,34.29353671605308,-416.99133563118926,15.515117345937222,104.28937534276868,109.08723887811036,6.749950732746514,69.62543685870736,59.48570518035774,-140.96213514808764,487.20944393093737
1771947936.455366,108.572214281646,124.89622697812295,6.233820595260253,39.459455624183136,-5.198946605932317,377.5016573896019,309.2592292225861,52.9519013001427,29.54375350670187,-33.35275612709744,-3.9414702127330825,-92.2648954504913,-82.94196127984753,-152.92784188005317,36.467737365745585,-0.3947658859857032,-40.897809857270204,-13.662182981697766,-15.519109035442991,-151.14028529449507,-157.66557507738605,103.75553873073191,114.03925562920566,4.377419178850454,39.149452113172906,-9.465555156835833,404.1015589729714,296.4378075694865
1771947936.4592614,107.69922849310699,126.49990954127162,4.360138752347013,0.15531658012479624,-64.73964300151488,343.96602326490654,-539.2850031002544,51.5034950029924,11.029001845820035,-34.459458700066776,-14.440148098924755,-55.78437454579596,373.7497883744291,194.3159808593864,34.25465221882282,-13.632090510822442,-47.68760914927573,-4.703063402819388,-41.82589930698702,272.7932295711866,174.47406675837914,103.05489309979414,116.29502626112122,2.0913384172340073,1.740861600911707,-68.8155605382233,336.4556113016452,-526.1185283037955
1771947936.4631567,106.66642561064104,125.16665650341598,2.482858115580517,-32.94152655507623,-74.5963899861963,-215.46102212200793,366.9375912601309,50.070526858216816,-7.872506469177148,-33.15677960719252,-19.87513455327249,15.018346680507273,348.51166764871414,-204.16067978690518,32.03529485300606,-26.183627196096936,-51.78366826320744,9.83794882833643,-28.23809582010892,365.2796476049117,-130.21134277204044,102.19505288505862,115.76404167019295,-0.06810571571786884,-29.279360412206003,-76.06302081617915,-244.05077926620348,361.1166164484336
1771947936.467052,105.48307574954063,120.90240009358223,0.61737250684278,-50.22394095140583,-30.661346728043597,-460.27725203260246,-230.16506291080353,48.6716854342942,-26.702365661215207,-29.472925224777995,-19.94559890721371,66.71306569260483,-86.38996364927944,164.22032153059206,29.825659797553442,-37.8140418234437,-52.654472405949775,23.313297101327485,5.289659020105576,37.00293937277062,86.16477921119942,101.18427234482002,112.42518719899148,-2.072108694924737,-44.81397038973678,-28.947348310030304,-470.97669337871645,-236.12981274821098
1771947936.4709473,104.15903257441649,113.78513381531879,-1.2166295230580957,-49.19245771431974,31.536530642964454,-27.767237004509536,49.70078866229738,47.32423138794505,-45.00600422720199,-23.639599983991683,-17.01860156915666,65.36186163436523,-391.45112481279983,-20.035195249888602,27.641004382889932,-48.31993379038651,-49.985169560798795,29.42329813439187,23.76246994533096,-332.12275765086764,-13.554361902782404,100.03136568075473,106.32779956796742,-3.897531355024425,-43.001533136568234,35.052235254513185,-8.980978515491314,60.16547348374737
1771947936.4748423,102.70463561467156,103.9632138402865,-2.990272157045021,-34.22241282026578,65.76588929272525,449.2749143154947,243.2351938532321,46.04383621526418,-62.34420557715639,-16.076232627449933,-13.968688889429412,19.062271671532738,-229.49235194012104,-135.05273277304335,25.495726584869384,-57.53285514768611,-43.71866036210578,24.753387711627123,10.306138519680138,-319.84056563054827,-76.87322248748255,98.74562013072908,97.59086825299474,-5.522092697507575,-28.679117046487605,68.85128773677671,470.31442593012,239.15193779741446
1771947936.4787378,101.13060543180887,91.65183450102299,-4.662939625433481,-13.468222128628366,50.07479003086052,291.17563001611313,-390.41959310223564,44.84443877481115,-78.30406001678848,-7.356358131858955,-12.058778701431638,-32.68274959505543,185.64763089260865,164.41181974080123,23.40325259966454,-65.32116953119605,-34.077267222662485,10.285853297138017,-18.51231368632216,70.60504665431318,111.112031358759,97.33670304350441,86.40039652213748,-6.921070201060428,-10.008792072425237,51.077780477044755,287.9085102000253,-390.920006374326
1771947936.482633,99.44793286138189,77.12777202389363,-6.1823469892348255,5.118365030464477,0.951189262997649,-265.6457787084967,282.26139008986087,43.73812121814493,-92.50906827845691,1.8407752891847902,-10.015691528186153,-51.724845623704084,376.71512915819517,-113.45548398722399,21.37593538585865,-71.5907732380697,-21.562019274216226,-8.639148528397447,-28.850183239017273,394.9264541756021,-97.20656496958034,95.81456403110698,73.00498754984606,-8.065842365009956,5.5836717406043554,-0.3623480840753698,-286.1266287581938,280.4185811272661
1771947936.4866211,97.66776368170383,60.72253771451055,-7.487167905017799,16.608184480552833,-42.46246946736653,-450.48179163891484,-76.17148626341401,42.735005716166576,-104.62814768860126,10.788862285836453,-4.881104871225718,-29.544083375220627,135.8513149807352,89.81827169027223,19.424965240651577,-76.2847397712677,-6.928387666533019,-24.169876269481705,-2.9661352808585693,258.02931457230176,91.65144570241993,94.18933340757489,57.70977030578186,-8.924332008377537,14.047520368532696,-45.05064922585265,-460.9665933610696,-75.44002659299755
1771947936.4905164,95.80128020703988,42.81412551759468,-8.511831358713536,19.853832759207112,-49.666257101295855,-39.15777977630889,-110.99613088850211,41.8431731096196,-114.38332869408335,18.77795617081124,5.698128940115829,9.883071572102912,-263.0140436014133,-55.05898695909905,17.560293293914967,-79.38198385684484,8.860701554368,-29.3172851772135,40.4668902560151,-204.5937343285886,-74.6190341691357,92.47121825430456,40.868826737098146,-9.463152899555864,15.112319819903952,-52.030380373218435,-28.080684213002996,-104.77998389182046
1771947936.494412,93.8595814146392,23.817576880486225,-9.192846988831095,16.603784495719637,-20.507811930071913,398.82748847628517,237.03744935786645,41.068604373513786,-121.5559698471863,25.176699233797716,21.055562441478127,32.52398096810409,-365.33422579677256,-43.80701671212123,15.790568645634792,-80.89506927623889,24.7017345478549,-21.663718890409424,59.27467371913986,-442.6132582222044,7.253031021843485,90.67039754907033,22.876323590199995,-9.651060930420668,11.055804992320837,-21.546794740948496,415.8422588007281,229.4625553912008
1771947936.4983072,91.85356326020094,4.1746164028002255,-9.475862773398804,9.949914097037157,18.265007651212535,312.8717348999923,-250.59407523587348,40.41514555440009,-125.99136256105508,29.487565247291922,36.658729860689704,22.5242027430521,-38.16277080350769,134.57717787098255,14.123089732669172,-80.86730615231845,39.4326515246551,-5.471173884198349,25.38813484584948,-141.65756534564463,92.59979742369886,88.79691782557497,4.156587150624349,-9.463185784732781,4.977191790824795,18.842478965865794,314.8235837057742,-251.28436495535303
1771947936.5022025,89.79380083785176,-15.657365372999497,-9.322604993579763,2.8745773577042533,36.449843729610464,-144.48910667185788,153.19188530529178,39.88449657728868,-127.60164267922647,31.390011273142772,45.761309657675746,-6.498615790185586,354.11840087684266,-148.7376594782848,12.563770349702677,-79.36929799164797,51.9238125211736,9.462740889956072,-44.793229968324255,353.9126155782998,-173.2041460075167,86.86059081826329,-14.846613114950904,-8.88547059351315,-0.5919407861779268,38.20733462271499,-159.02345580513452,160.92839804971067
1771947936.5060978,87.69043404404937,-35.216689945757885,-8.716888110345266,-2.7283831451673466,23.818876842022622,-394.06487531349933,-10.85672867873929,39.47622401632611,-126.3669731327263,30.767614316417866,42.880232001445215,-25.234324135961526,336.00767767474315,104.80095530391172,11.117120546478253,-76.49510704942594,61.17055708847068,12.30583090870137,-96.38531926263427,426.07302103958017,175.48511547321797,84.87089454058973,-33.68128514676692,-7.918762519090342,-4.4160180141363,25.91715187386792,-406.8305661172252,-15.328624108617904
1771947936.509993,85.55305841927688,-54.048829070931156,-7.66899787085376,-6.366049689643912,-4.510718688103881,-168.57275931465261,-108.08891485749803,39.18779761825662,-122.33500856877191,27.71681032675373,27.093560525112732,-15.187676974069323,-105.71027071236304,-42.29878994789211,9.786242407872296,-72.35820779102954,66.37953934522577,-2.836777311976059,-78.4194792750065,-37.58973652509065,-96.34202378581192,82.83687925294221,-51.898638500706085,-6.582063434396732,-6.561670247728541,-2.9881014625057247,-163.7844406786654,-111.79500771632605
1771947936.5138884,83.39062282800063,-71.71760255215459,-6.2179323023952735,-8.528507460663826,-23.08670330752102,230.62197496124975,165.93518491374772,39.01465010335733,-115.61869667955118,22.53660973830197,3.132900660746844,14.619501105233581,-445.14570554449915,-18.19483165170626,8.572840542139872,-67.08739159153849,67.04120246707257,-32.49582382325607,9.775167273905437,-463.7550253446918,-5.454797164231677,80.76707975887807,-69.06440626362051,-4.9145580390534676,-7.764853369943185,-22.856945487147726,247.44378854029395,172.03181913218216
1771947936.5177836,81.2113355576295,-87.81584403170748,-4.431214785964122,-9.808342529203935,-17.777833541155807,346.52453162542344,-165.3822718078294,38.95025954359709,-106.39251109582388,15.700459641262928,-20.44352643831679,35.118450346474326,-231.09764408984915,84.5332346567678,7.477246965981004,-60.82277174787894,62.98162745360597,-63.50121394071042,108.59471047476573,-306.42096783476296,127.10198541268635,78.66943538667097,-84.76976292228167,-2.9761753933144504,-8.522607492635622,-19.077097526050956,354.4130026597689,-167.31922035252754
1771947936.521679,79.02258027920777,-101.97526094849628,-2.402242632405111,-10.189012027934428,3.661040670705158,72.3487629508517,115.62386763170157,38.986253389407246,-94.88724733785818,7.8130740580934654,-35.04459027105019,23.040353870772897,301.0598063752992,-158.35187804939653,6.4984599450990785,-53.71201821625679,54.38849691391614,-77.51584590261712,138.68172738819973,235.8085399576365,-265.3951183634319,76.55121887686755,-98.64154968391126,-0.8465884944206938,-8.539245619059606,1.3119233492395528,60.245271189793456,112.88677405426678
1771947936.5255742,76.83084316024777,-113.87523963492805,-0.2453691669624434,-9.067871908904646,19.770593053025284,-276.48669071039257,-21.490769161648753,39.112532952315455,-81.38354650962958,-0.4436033520369457,-35.91787397757727,-16.632430077996357,462.3946916908851,188.13045787355605,5.634196187044964,-45.90692829679627,41.807942995949915,-59.07608819061484,64.34084780744512,463.6269942853079,281.517789194122,74.41897525072169,-110.35153961133429,1.377309453980139,-6.990035649429197,17.531006651117988,-294.2851798355824,-15.354588347389377
1771947936.5294695,74.64165228126777,-123.2503769720028,1.9108899237808836,-5.963114267354868,14.632994113035009,-316.12705101879294,-68.6197589954163,39.31741686973181,-66.20434013378815,-8.370226282108296,-24.341579620085554,-51.704955511399675,8.387787399507841,-135.729802619976,4.880955600706386,-37.5604137752599,26.111443554038335,-4.059057300846193,-70.73828372236031,95.62605788906714,-107.2785884361035,72.27847160595724,-119.62450216776202,3.5853104014205437,-3.4017400824026187,13.848821808427646,-316.0951899525884,-75.34599059050247
1771947936.5334482,72.45953036366299,-129.89655567162868,3.9319962046920307,-1.2038050978684496,-8.007076718525363,5.348680831342142,111.25326051842706,39.58780183041172,-49.70643208383582,-15.310170095325509,-7.183130895640963,-48.4516905612537,-472.3138297773893,5.59058133240236,4.234097684351232,-28.823956955143963,8.434502673901632,75.28017834319465,-168.66798055352533,-364.4509830464659,-105.6893682954097,70.13465865449706,-126.24486009216939,5.658965966012894,1.6573234622928632,-6.624850657360666,25.05697600737239,111.37878911059654
1771947936.5373435,70.28796162914685,-133.67542101250686,5.6862595208250735,4.1085629173596985,-27.44177243750116,338.71037958206017,-136.91219660365118,39.90933864683563,-32.27144911971275,-20.70456906544055,6.12404748182108,-1.7692311291830327,-313.80543095595266,202.71913871780004,3.6879285099220573,-19.845558316944047,-9.908618069658061,151.93259821798978,-149.5365000271381,-318.5146478355211,277.07523264567766,67.99164464224796,-130.06177096061103,7.477571727426385,6.7831067242874274,-24.457379126777024,353.02408075760314,-127.7016614782463
1771947936.5412388,68.12937337210954,-134.51716178420077,7.053794204108242,8.876685094590622,-23.56632005906798,289.6070846489049,151.14310293999097,40.26662159463009,-14.296400615278253,-24.137492767561593,8.097386451192513,56.101730433332875,281.89113079430894,-369.75232197698983,3.2357972061426072,-10.76816934918897,-27.52759817716055,193.28062255125508,-16.509082019761284,124.69905174028523,-438.39571272700107,65.85268206712192,-130.9925104096123,8.924771884179279,10.733574395025144,-20.710623087797956,278.22405195659275,141.21945346931463
1771947936.545134,65.98513257266794,-132.42154519524422,7.934936271263751,12.790479774264016,4.8509638730476095,-120.63724883862875,-89.54107638872868,40.6433887618786,3.8159084341922127,-25.367534068771878,-2.7688900197744073,78.17833487859482,479.89924520500324,274.662241150532,2.8702007588708573,-1.728577913492171,-43.06791492235073,174.9651484693524,139.27245189289445,340.6512121323993,400.82209554119555,63.72016737689955,-129.02408167325763,9.89548004220759,13.34397465517356,5.670594412355071,-144.35407923633915,-87.52535467917362
1771947936.5490294,63.855557652530216,-127.45720231233915,8.257569601020352,16.34309614345246,36.628665164751496,-416.72144847546446,-44.60123719845942,41.02273097346436,21.66636924725664,-24.343446953688826,-20.665954898278315,40.67528028106468,-6.670872077564731,7.47637641085359,2.582895842985535,7.143308432981697,-55.322513890749825,93.44550245630869,202.65496301204416,75.40760192572202,36.20020003259108,61.59565362549941,-124.21302453587793,10.302809871203186,15.506586709909893,34.649495212724496,-421.07142235586645,-39.5805240778527
1771947936.5529249,61.739945279687966,-119.75920597259027,7.982916445327227,19.996562786136526,43.694957592443124,-204.89298323913923,159.46744928679172,41.38730673017651,38.868732966300406,-21.203006889130194,-34.97241023675769,-34.25595235681539,-474.5436686582793,-180.87488780966163,2.365016328774843,15.724853674467838,-63.333670772734365,-29.335867949006325,121.38611717680793,-239.46487200148775,-582.3030218389644,59.47987589357604,-116.68344478177978,10.084710077953872,18.15514006326314,40.00562502728435,-182.52834497297127,151.89739016458628
1771947936.5568202,59.63661192458874,-109.52502679094336,7.109466937921781,23.155787959895324,14.55551489748295,292.90620978763906,-198.01573683356202,41.71956056116616,55.05822920734095,-16.255810942581782,-35.66055346034905,-91.52967648654553,-239.5009015708455,307.9749698195415,2.207195109450635,23.900845781477503,-66.47598675402375,-152.61902743152297,-50.866358049831696,-156.35125803469606,721.2586193629036,57.37278909826769,-106.62333242014527,9.20998724014977,21.011835711291976,11.541322975461963,312.9063839589235,-191.54040121521118
1771947936.5607154,57.54294963463033,-97.00899441041939,5.6748341195087235,23.75692329031257,-33.18007400832412,442.2685129441126,165.92343985325138,42.00194220179532,69.89944405856006,-9.952146336965974,-18.79629837650683,-84.39684396399375,345.6978351266604,-526.899571549294,2.0996889502440097,31.563506144245046,-64.51285325457508,-232.70866288761937,-190.87491848819505,146.90363172733163,-333.8148215266946,55.27361760296649,-94.27928275736444,7.68337073465746,22.018267118798885,-33.41854820379411,432.54974387488085,163.60973294401236
1771947936.5646107,55.455495248452046,-82.51542898985542,3.755418939036105,18.83946712393022,-63.137292250296845,9.299720438024078,-88.4392282809292,42.21712402147264,83.09328743621816,-2.8412146127663243,10.94008949690767,-12.580995989552651,404.55670478324,390.44279513897925,2.032505095548132,38.612453958087485,-57.620858483600934,-241.06677818857133,-196.3460813050248,180.32066280944707,-277.6702331459148,53.18091581618868,-79.94977703487002,5.549234743264165,17.89906755346686,-60.31912848569256,-17.848068531618367,-90.1572336467179
1771947936.568506,53.37001206318567,-66.39064012402153,1.4638567880449507,5.941097467841035,-47.69972172851211,-460.1316150719907,-34.05954575111141,42.34821412790352,94.38290762679324,4.477194084706553,42.14631316001756,73.8556710681163,-149.63799585782263,375.2264511662437,1.9955283474815946,44.954717802785744,-46.379324013698366,-176.18361466649134,-62.51428714329617,-99.25878349924699,693.4505431563815,51.09263878579693,-63.97721667700034,2.893561425122227,5.709522587819016,-43.68101167747882,-468.38339099768376,-29.199960629330945
1771947936.5724013,51.281582811227736,-49.01401590351439,-1.0557042715268345,-15.153644395626252,7.938353035396338,-320.0180129996214,214.70385252130822,42.37896261449021,103.55844171314774,11.403095859911367,62.0048639677901,110.3202589043982,-479.0433632281706,-943.5165597147596,1.978647257413898,50.50487374160341,-31.72521784024403,-63.67778557557347,113.76820079278825,-233.65108994021887,-605.2184667641324,49.006221663518474,-46.738935995216586,-0.1562769981724505,-15.168045690624597,10.409193726261735,-298.3401851992372,205.2958492812725
1771947936.5762966,49.18471266399816,-30.788443955338025,-3.6343753495239364,-40.97958547608926,65.4851857051608,265.2810697782833,-339.72265841649215,42.293958539225855,110.46052452974072,17.384355989915193,62.29553685867576,66.98495492503856,-84.16360711247314,530.0350741756616,1.9718779858060413,55.185370861264644,-14.876807420844466,55.23202626750114,205.9395914290296,19.807270277733032,106.67950527622075,46.918666799051536,-28.637442594949107,-3.4343119503487176,-41.37390584893195,64.7299623632614,287.505086137272,-330.51940584739106
1771947936.5802658,47.07344081970539,-12.130319644227914,-6.087172026470698,-64.15676019706923,80.14351525611362,488.69875712021116,234.1078316143711,42.07881540643052,114.98251440201055,21.958433068588036,43.190696634738956,-26.711185814335476,445.45330519756425,273.51630940810395,1.9654843200615346,58.927083318954935,2.7677072748093074,141.19368240623365,151.04407725541716,295.24115196264063,328.17040302423885,44.82663708529912,-10.090153061077997,-6.741672554724569,-65.27671045328364,76.77344823868486,482.0027948957758,236.19098679961823
1771947936.584161,44.94145905924435,6.540596249756465,-8.223296232777786,-75.16619064670121,35.52649879777813,24.81647026850987,2.5875644195476024,41.72034311997439,117.07142909932419,24.7846895850086,13.03934110634976,-102.59419359639037,320.84671064984667,-531.441429928141,1.9500923263351604,61.67010476316122,19.7479874377116,171.86995490042287,-5.973247501493067,152.59368937530704,-421.1477313892908,42.726554027771236,8.481096928971244,-9.855377229553891,-76.89062832690078,31.96722990160298,-0.5646593149014267,-10.451323296030282
1771947936.5880566,42.78223551924475,24.811208369351228,-9.857737353396715,-66.12274722683817,-40.38551249295403,-469.13480461759764,-149.82916857834581,41.20670458888385,116.72761919793841,25.66518387663879,-15.737377989163937,-104.6981539839775,-275.8499440397806,353.57867054121033,1.916798177788017,63.36477847336085,34.66558872531149,148.18317480226364,-149.02590856615933,-249.5174735811608,329.1786198722333,40.61469890251494,26.660485546734364,-12.540220243766298,-67.91346699311877,-41.713611276291424,-478.668265592858,-139.0892241577102
1771947936.5919518,40.58914186558384,42.284752483702555,-10.823763722865932,-35.117247620328556,-92.85623114465888,-278.32141974653007,324.84066815352327,40.527555427457926,114.00323827189102,24.55303206095403,-32.56257671965807,-31.68624167501358,-480.20488804330694,-233.093900323556,1.8572678582216378,63.97293615502507,46.30337435022423,89.95157471655074,-178.60269967032065,-347.0533259413711,-191.05485491394663,38.48731532686683,44.04830384071825,-14.563477135020745,-36.299964290142945,-91.28919740378477,-260.74999421720736,322.83734466617216
1771947936.5958471,38.35558202837424,58.58985784797615,-10.985739585419283,11.290752008992083,-80.53171770097491,313.73011695317075,-575.8404094642365,39.674165489263935,108.9995988561527,21.548599241539215,-33.377722725207846,62.20564050900042,-10.298676679105997,91.0266995084674,1.7638276505163457,63.469300208599016,53.7297629705357,24.488475157923034,-82.93041690508572,31.249389134573153,-42.8307124162367,36.340711567037744,60.27045745914874,-15.711826624798288,11.183271350183686,-77.4938177103934,332.9769647869954,-579.2260583133193
1771947936.5997424,36.07512063076863,73.3887888267055,-10.251560197496174,59.35285214805536,-8.230894915813979,427.4927047389503,376.2591694927396,38.63952124880092,101.86352787902985,16.884821418090603,-21.769157233276726,108.52325081223924,464.1186735119254,222.70521270327717,1.629544519305769,61.842987814470014,56.378537628649276,-25.512909903827357,59.561932308446245,400.0240608828936,288.22939068830544,34.171360896825355,74.98712769267435,-15.809543875687442,60.370142307618806,-5.961795992288435,423.0640787678612,383.6732858165095
1771947936.6036377,33.74160920307059,86.38467379029593,-8.583866580374,93.14390310698431,73.7874823305169,-101.4137927363831,449.4680892469571,37.418408273405646,92.7828542174774,10.903775593854917,-6.348868593278115,76.05293885203629,303.43809461022454,-428.36012048101685,1.4482956562995375,59.09904039768514,54.097054920777936,-49.402253376110345,144.24445980917957,264.4244048714695,-348.2705792915724,31.9759982997358,87.90037426390424,-14.736697937708982,94.94432399602536,73.99203377970859,-121.18082987474163,440.13993722901836
1771947936.6075332,31.349308272355053,97.32755973737304,-6.00909478988828,101.09592754105223,105.51971949789922,-469.7499515775575,-967.2994752046625,36.00747325400994,81.98117494544678,4.027150288665824,3.7837183218316914,-7.367153326194618,-243.7647586179003,308.70114757876013,1.2148266059205273,55.25989039232124,47.158465959469524,-49.273243235383,118.60336908355166,-215.6839568820255,212.85974934237777,29.75171182556759,98.76049438514964,-12.445818723145692,103.17606156964209,104.09917476143877,-477.16171815039706,-963.3448391921877
1771947936.6114285,28.89300350278319,106.0191667761312,-2.623351188808083,80.91823396630346,62.05045075619614,-119.68113861308555,475.5321196334326,34.405265334776374,69.71205679197497,-3.2764975030980086,3.0558788413230484,-78.55561427090055,-448.68586534803006,-38.80506806782929,0.924797575106466,50.3666703875146,36.23675129983164,-35.3839671568478,15.347716106575952,-434.73703355915205,-16.776600327987452,27.49602701696306,107.37099111428624,-8.975323741665576,82.90409254837853,60.45860126208587,-106.24246401497328,479.3877121273793
1771947936.6153238,26.368114214643466,112.3162560139384,1.405883018914955,40.5544344889572,-26.592033172207454,415.7550265384158,314.93643761789514,32.612256787581266,56.25283511687235,-10.524875190496807,-8.64487835007085,-88.1556801033703,-83.39725125961941,-149.53616396928493,0.5748177533295854,44.48026806688439,22.346691729825118,-19.56203201912424,-80.80176562500213,-120.07295749895013,-143.38666117285644,25.206982990775664,113.59204732122139,-4.457959405771651,42.386554553876685,-27.321035489489976,430.11999630715746,308.5897707084826
1771947936.619219,23.770792776629758,116.13256508431674,5.843092580465889,-5.292260284784263,-96.61372138570304,323.68505660834427,-515.4634973265952,30.63084335912606,41.89817316600579,-17.252984003563167,-26.31230531795594,-36.1517529831831,355.73271569215757,218.4564631223923,0.16246767708826002,37.68203285419477,6.75403510865992,-9.778979900586698,-101.86006127971868,338.33081264828166,217.3894004507921,22.88319893900729,117.34244703132828,0.8773395712654808,-3.3897228269493076,-96.6407136726655,319.64588883015193,-510.08249258482346
1771947936.6231143,21.098013535710567,117.43930599076099,10.393737359802438,-41.497945171654216,-97.51080497662362,-260.1145913500138,329.6304554283725,28.46532483575216,26.953538911783127,-23.040092284377963,-41.820120867458584,32.76527864190733,337.97302826986265,-214.8032681012197,-0.31369017358662243,30.074045916117818,-9.13621653869104,-7.820649750803361,-45.492677592209276,387.69264302314946,-195.8435995824224,20.523929995973152,118.5999319137025,6.711415520134313,-39.25793721502033,-97.64547885375744,-276.02934589371256,326.0373581721849
1771947936.627157,18.347650153238877,116.26425966304599,14.719174232552295,-58.76440662082589,-29.566341249533068,-464.7215429678627,-227.77116416878167,26.12186654114738,11.728746411427547,-27.531364133270458,-46.84095899308261,67.43789723870506,-75.66425840969399,143.13226562378566,-0.8541122483501313,21.77887436268676,-23.90352563176928,-10.351342056691841,31.49037498574669,-21.31319455320047,110.50542053376952,18.12911163403352,117.40002653492795,12.649370220775634,-56.19833481598175,-30.061975256460006,-470.6295381496401,-228.69357600035374
1771947936.6310525,15.51854044818566,112.68953929629967,18.457244277681916,-56.774832311937956,56.802544537842486,11.485235666111103,87.34005725482787,23.60844265264078,-3.468304804541854,-30.453543072259034,-35.97792951912949,49.501299337434226,-376.13474234335655,-9.308032731835178,-1.458285857334176,12.93874401665848,-36.23660218994497,-12.193863681045203,64.87178043938617,-399.77621828519,6.193813022700586,15.699391991779002,113.83341012386207,18.243536448547765,-54.38008174432725,56.769910686993256,23.568983234623374,92.80570111114508
1771947936.6349478,12.610538056905565,106.84812795104611,21.247699225655907,-42.84539788768003,99.27559128362712,472.3280848842333,212.186899434344,20.934762410964687,-18.337574015556708,-31.624713273043266,-9.214385519797919,2.725468145399532,-225.60320776048525,-106.46065265617897,-2.1247516090543628,3.7140831495664295,-45.04821822393786,-9.772794122739343,35.310799297993036,-308.15389992981136,-104.13358653747201,13.236151752780108,108.04195246741232,23.024066875785387,-41.544198676651924,100.75717177203666,486.66026415847995,207.5291164328511
1771947936.638843,9.624550383929186,98.91932376045776,22.761026211154007,-27.129993205455914,69.97168581273385,261.89793798854635,-392.74360454001976,18.112180473710612,-32.59240590993728,-30.95865396815557,27.337478714187007,-31.984362328902456,184.00166112634093,144.10127805965337,-2.8511356715341236,-5.718589103678532,-49.56991543074694,-2.83898219763864,-20.607076478457078,142.33149404765982,134.12390350398877,10.74151136055537,100.21356564496901,26.53537677517374,-27.921301172297458,72.77048582245128,259.30045800550636,-392.14227177860613
1771947936.6427383,6.562562483083832,89.12324885083783,22.728654100059,-17.23721528043073,-5.480812005529273,-306.1401131957026,296.0242028950172,15.153592782534908,-45.96455696332375,-28.46462634770584,62.98534962883469,-32.064229604640424,373.1655013079487,-150.49887836815816,-3.634191087081183,-15.169433000812015,-49.41827654819562,6.1579365439812035,-46.59363785310679,428.2243954215733,-121.8720516652561,8.218325521118729,90.57605180796752,28.375840898381806,-20.705580186864392,-3.330701755319863,-323.7456828465881,296.9734268630759
1771947936.646634,3.427646719820572,77.71459644806114,20.97207009304636,-15.078320904893792,-69.81641284561888,-440.0957435130029,-77.76436118532223,12.073319379465502,-58.208658900334676,-24.243566783880002,85.9407950548537,-8.750242816468225,118.73886571067986,136.5517267761756,-4.4698473369592815,-24.438696714987934,-44.626987699652645,14.095383398790407,-17.539897822826084,214.35056689941476,102.47423079714018,5.670165155981176,79.39015058478607,28.237474508872936,-20.99886276784929,-70.72286745719514,-450.76412818659645,-78.2747677347395
1771947936.6505291,0.22395831179157258,64.97580408489873,17.42811002118038,-17.100478859144985,-78.6157357112647,15.115651072612167,-108.37015790053343,8.88697566152377,-69.10607558984051,-18.48160704862674,87.48318894909949,8.619674182707394,-285.8062140461803,-29.217940241155997,-5.353267329044841,-33.32071797436026,-35.64198521984029,18.867903149978414,38.32506422517119,-257.35799772791347,-46.41633425791749,3.1012872122350155,66.94200712837834,25.94191646675864,-24.35205297580078,-83.10752893384824,26.706798663890407,-105.74201765054832
1771947936.6544244,-3.043282931535135,51.20984790881267,12.167657396245454,-17.110760090747075,-32.23004205039711,423.36763615393244,209.0083923465597,5.611333639152875,-78.46812649930088,-11.441631428110826,65.28990810447064,2.8925558974350767,-354.33508200397574,-121.25025702629758,-6.278910933589037,-41.60844793106761,-23.280271861714397,19.62037080514563,64.54463252633799,-433.2717901322076,-45.125287059528425,0.5165929537021264,53.535291635941235,21.468944929107508,-23.974014212758416,-37.73242152973063,444.79954915299686,203.49765440981636
1771947936.6583197,-6.3678241816913665,36.73285314090023,5.405226833143764,-9.885768693870295,28.677872071519804,265.90755611119255,-216.71659237977866,2.264174847246079,-86.13866419910639,-3.4532729412830316,24.79181437234169,-14.616173257434285,14.881162039225481,157.40333766008243,-7.24060413102441,-49.09840085011681,-8.656209271145073,15.840132996866084,27.574442297259253,-91.76011399000467,112.91224253870611,-2.0784244853402054,39.483202507868015,14.974036651454611,-14.6258690344517,26.459394425189537,269.64516864656804,-215.56170568071153
1771947936.6622152,-9.742423851686484,21.866709678143327,-2.502566658166127,6.098037018572639,58.088197497398056,-209.0966088865524,169.56836504278155,-1.1358633973917858,-91.9960061104362,5.098575139364808,-21.99439084815587,-16.7965738944103,384.4119564065719,-79.56789308729853,-8.231612804844312,-55.59590990714317,6.918035257464145,6.629335870497757,-49.70731581986579,370.64837048511487,-136.64779360705376,-4.677742378492411,25.100579013309147,6.79214708060441,4.602379843303404,61.82286928118223,-230.64303310903676,178.42674130819321
1771947936.6661105,-13.158907768853545,6.931871280375876,-11.070850199751492,27.763836119950994,40.456683112574865,-389.9864822552474,-80.19439970615547,-4.569446711788165,-95.95423202371174,13.786925136322479,-60.115994476453885,9.661076200429143,286.61633783152155,25.445837522591496,-9.244720232869739,-60.92054974709638,22.048942092044992,-8.756678356566022,-102.33306435232062,389.64786253441565,129.71108177529175,-7.274879475225526,10.696336962551063,-2.5740789150319228,29.621061656813776,48.49624962603518,-411.0433528128977,-89.65669686067221
1771947936.6700058,-16.608236312549984,-7.7594974288391265,-19.712819246904694,48.56130829698612,-1.0821656299745102,-91.36643840911911,-66.65268922036589,-8.016705699513388,-97.96386815033837,22.157885494829376,-77.0272666998677,46.19872074105825,-181.82877542516943,-39.8517014013547,-10.272307373698142,-64.91157068985017,35.384588744620196,-29.19401417106386,-76.4278360893271,-71.91924532529788,-93.65455242699281,-9.862974659178716,-3.4335767463254134,-12.482126016629588,52.885579650030735,5.784995849872348,-83.50612423868655,-70.22091911258894
1771947936.6740386,-20.080581414624525,-21.909879987562345,-27.777557228569936,61.128227416132326,-28.541395819511376,288.99297253585814,204.32395136512395,-11.457399741987743,-98.01198478900126,29.748227032435633,-67.87237343605518,55.09853032835846,-441.9951902083526,49.74782766361796,-11.306435069843733,-67.43317736100072,45.733177348904526,-50.00066215669893,21.43122958758844,-447.18087157725944,20.54139265035972,-12.434871861076743,-17.012537912986648,-22.19240743540794,66.47577519456613,-28.336818361910915,318.04216651874185,217.48062838625637
1771947936.6779342,-23.56541221850752,-35.24214892703827,-34.597171801644485,60.37202212287685,-22.770184823813786,309.68769243883906,-228.40309807880527,-14.871080964999251,-96.12173835938624,36.10551001905119,-38.30683052785465,14.508483261545283,-148.34873219554936,22.64244026401237,-12.338927291469082,-68.37947668892419,52.16669361410245,-62.76360253048843,121.37893281609486,-262.6304541047249,116.81989040736511,-14.983209809281986,-29.78876276505736,-30.923449874958987,65.38763747163085,-30.309489018626586,322.7899943989811,-236.78885883814496
1771947936.6818297,-27.051588131456295,-47.50458883411676,-39.539976900646025,45.59041571644667,2.1987055562495335,-21.181510613644,131.9563244297964,-18.237256886601397,-92.35139077295155,40.810625226111235,-2.94431075642032,-54.97670402185478,347.6346409319865,-159.92889337133778,-13.361454563144635,-67.67891813829728,54.10065357255308,-57.576401145236375,140.98063084468987,245.75965341812514,-274.96820099867585,-17.500515160495958,-41.53987758904575,-37.91544577951182,49.542648231209384,-8.336683552296543,-42.23975644910238,129.68845885356419
1771947936.685725,-30.52745794502472,-58.475127574776465,-42.06556244049478,20.689734791521513,15.520247172646892,-315.4535404727734,3.4259219765005113,-21.53555037678575,-86.79284071842721,43.50213925760291,20.637020338825163,-99.14899505393672,415.7036409013748,223.73797797483346,-14.365616781423995,-65.2980538851117,51.343091172315624,-27.461113355954407,52.2988527109633,424.610266649006,280.55438604451274,-19.97929751302515,-52.07646239379441,-42.49699959613076,23.63236620234138,9.477805704436475,-343.99507625040917,14.466918774078026
1771947936.6896205,-33.98096362840667,-67.96472677114853,-41.777020837589966,-7.426741416085914,0.8259448594164922,-251.8932699949662,-96.53342695323832,-24.745855710011266,-79.56970217066934,43.90130877121182,20.046421807564816,-72.40749455436719,-45.371754662619054,-131.2394498963792,-15.343024723833603,-61.244458116719244,44.108730744718606,26.532337640638787,-88.74472065549362,58.860938532427426,-84.7934038255238,-22.41214475468281,-61.24452531940084,-44.14915060864841,-4.92038956374514,3.9861102437637124,-250.68272187358895,-110.89657019338132
1771947936.6935155,-37.399747348933175,-75.81990733896951,-38.46543375571701,-31.32821643559176,-26.587174083509147,97.66919774675164,127.47428706707599,-27.848489619646994,-70.83496455845592,41.836126899598845,-5.325689194621563,19.476119964851325,-454.8789571630438,-19.492882443489655,-16.285379619533682,-55.56866155033274,32.99742635273321,92.10130193287036,-178.33546977419607,-349.00603168714787,-120.25218062495443,-24.79181717204427,-68.9268991674757,-42.56053768607924,-28.678704873408627,-16.025595768396357,126.61305111797137,131.8538095173882
1771947936.697411,-40.77126028210033,-81.92441028953746,-32.142021902636216,-45.264806770242394,-33.34334121030436,351.07598169016455,-133.4777507960594,-30.82433635291493,-60.76826667605885,37.26237392370675,-42.60813565357854,114.2222851752842,-287.16480114283655,141.0255730264145,-17.18455017567094,-48.364978879535116,18.939152076823145,147.02063467744014,-142.57804267267363,-269.0216369813135,251.8902673114506,-27.111338787343502,-75.04358597953288,-37.66795143505857,-42.354137233393466,-22.6056859681634,369.44369329505116,-119.94769553385845
1771947936.7013063,-44.08287184226027,-86.20001639481052,-23.054132654090118,-46.557486101387326,-1.2726434662865331,212.31272447138568,123.14838827226556,-33.65498581040102,-49.57281395438844,30.27943265538161,-69.98621337413863,135.92709388579595,241.50399187243073,-245.81125767636127,-18.032646464564017,-39.77113361983095,3.110795821562414,166.20466679625434,2.008273552197299,143.93367192560314,-392.63683268685605,-29.364084493015387,-79.55110888312637,-29.67750187434386,-43.91573722171234,2.2072331657058593,197.1644241548828,105.8980058273535
1771947936.705202,-47.321978057829924,-88.60656916264341,-11.68243687272129,-36.21115878088374,49.93972653942558,-191.70109651939453,-60.4260347014443,-36.32286397479492,-37.47196757702606,21.138648777411678,-66.16844106648102,56.038435337311874,449.30784815693414,271.97047260801713,-18.82209012361534,-29.966617330211374,-13.167533202037227,132.6585534586815,154.66945035227877,303.27967886732375,390.7866744603819,-31.54386168110234,-82.44096041773248,-19.06315040712755,-34.85462767609769,43.90470100178126,-218.58698426627117,-57.47102972553354
1771947936.7090971,-50.476107896370074,-89.1412624859779,1.2817663429495163,-18.859019072486046,74.08438888542027,-404.4202864346897,-40.83346569166437,-38.81135498003223,-24.705534369318432,10.242302602406085,-21.169908460999615,-76.73899353002376,81.59715613897946,-141.52372684102406,-19.545680402600368,-19.16975767206862,-28.547247016854207,47.463018889153346,202.556645561462,29.113356060001802,-3.7960131066029184,-33.6449851799731,-83.73726145116386,-6.54129057886532,-19.875027229196508,62.915109068986574,-407.85785088303356,-32.15625632099462
1771947936.7129924,-53.53302641886608,-87.83726702952966,14.978506170671785,-1.8158332894295404,38.0157532316267,-141.99879101542572,120.29472475407826,-41.104914297298265,-11.525787641908527,-1.8681783231159645,56.38091745193751,-166.21066238851338,-363.37426674320704,-72.1365993742309,-20.196655661332464,-7.633510044771283,-41.766783163568185,-66.87062305057046,105.93325054478339,-234.6538435258516,-541.683158228841,-35.662344421368566,-83.4937640214665,6.9777524811289515,-5.874798082119379,29.296354326042106,-119.98693332593841,111.93499193391231
1771947936.716888,-56.48083374142992,-84.76177848646796,28.437939543458548,7.061634638650638,-43.31928111678861,324.7301323619855,-154.3802708779632,-43.18917259474382,1.806749062742359,-14.535325007760372,139.5791786568635,-140.00311891237212,-311.48910779471123,291.7032790966192,-20.768749937506247,4.3599714165096914,-51.75766794223431,-172.77655227084213,-69.05589943337317,-107.02810366582406,720.3254974586208,-37.5914619020457,-81.79034529526382,20.458194936541663,0.0805737031685023,-44.29453682830928,341.562911208402,-149.43141027115615
1771947936.720906,-59.30805892162809,-80.01357662533125,40.65189933420307,2.4521435974603447,-109.77182707750656,428.8687617493866,151.5663730043193,-45.051029893976136,15.027720192991362,-27.01962193472535,192.59133146534174,-8.437361548828582,127.48335580814599,-476.49786190563896,-21.25624419557478,16.505886517867935,-57.731945641004955,-231.9706034312113,-197.02873089261365,176.64200354525093,-359.1275936124805,-39.428542190202464,-78.72914833713479,32.822054780747585,-6.4190016150500275,-103.32103929007958,419.76808385082535,149.8331337076115
1771947936.7248015,-62.00374803786138,-73.7201860451756,50.652705335486964,-15.506969551268755,-100.60413402549189,0.12196884487262129,-117.95390933663498,-46.67873974215507,27.87351758503472,-38.54289663779276,186.06434501734452,137.23324554732997,345.193101368734,416.87973755567,-21.65401189334444,28.484327000968538,-59.24362151614062,-221.53309666524828,-185.62535823612387,153.41592194550628,-256.01664843374533,-41.170510926257,-74.43052770205794,43.040324062007954,-24.522639619517555,-91.612487864502,-20.484723218015752,-121.27005273201614
1771947936.7286968,-64.55754585164074,-66.03472709901729,57.5928006365931,-39.923343217813404,-7.720992091246049,-458.60723222384485,30.622820186673167,-48.06198323882599,40.08597232934392,-48.338576532078136,111.85090812226349,189.89792807334243,83.6000298172574,44.18117845763858,-21.957558594951344,39.96862062010691,-56.21926136363129,-144.12653425235666,-43.8849222495692,-146.08028524217644,687.2671388345468,-42.815043436948585,-69.02895312246899,50.22406567455004,-47.100528704477725,-1.6212521227850512,-463.2397943602428,36.22844927629566
1771947936.7325923,-66.95977052787816,-57.13253890674827,60.818378147694546,-58.50402722051447,108.01596949280243,-359.1217416666713,152.1035894298672,-49.191932846028244,51.41710183421203,-55.705390885673054,-10.480553215552073,107.3165758640184,-243.3887558956964,-599.2782567657092,-22.163055503505205,50.634263656622466,-48.95579344536632,-27.27854196345182,125.03721590332334,-240.45835863549686,-612.4966740158162,-44.36058271581328,-62.66901307852741,53.707056935270735,-62.23360404038287,108.758062907281,-343.3275351808311,149.79679736873248
1771947936.7364876,-69.20148097520276,-47.207647344406354,59.93037467882467,-57.591054891241164,156.97410174510523,198.23477185761087,-338.0151017366192,-50.06130592731423,61.63384692905037,-60.06044177448751,-139.5385687838065,-53.70212211352357,-177.47078262226137,743.3893860556017,-22.26736695307444,60.16819073325962,-38.086581604404415,88.10866605734715,200.87468043706565,58.87712018819825,117.50153332270048,-45.80634666042302,-55.50164343357456,53.111999322366884,-57.17352048621777,153.39447155017885,212.51726384000955,-338.4687438775424
1771947936.740383,-71.27453649236091,-36.46914099208026,54.827034140703354,-27.876791578685243,90.83453704606957,507.98640184563436,307.3328864556445,-50.664407932863455,70.52272641416518,-60.98725056368669,-228.54594332837357,-177.53945722491264,135.15616327002286,-342.7933374982604,-22.26807205583548,68.27810465248025,-24.519685382398766,164.63464063691472,134.19337130167966,328.2502838374911,324.3736498242954,-47.1523246314922,-47.68068629611302,48.393491863659804,-23.775198729227085,85.45682470281194,502.36522831046506,305.58991884234223
1771947936.7442784,-73.1716485535531,-25.137507713238158,45.723628209153325,30.03284345261183,-52.710591144854575,170.935888931026,-62.393826365463454,-50.99716514466648,77.89432826750925,-58.274478645445825,-244.9987009847392,-175.0787563183279,200.31259409800623,-302.8441055309463,-22.163480813001556,74.70157243878856,-9.354620529034216,182.78271286469462,-20.61753100987879,138.64636581675396,-421.9854029098092,-48.39926359415392,-39.359861466080694,39.85284909023901,36.34683959058046,-57.959593238443496,153.60587934620114,-58.64406511140848
1771947936.7481737,-74.88642468086526,-13.440973350778817,33.14677372406312,102.60601617120265,-170.65412246935855,-364.5575228261788,-153.81506163652674,-51.05714696171398,83.58754732619258,-51.94154885123306,-184.38781953532325,-49.55524305156845,-70.79504389606173,725.1713216112101,-21.952645035828684,79.21458863768709,6.214339763134307,146.4824613219006,-149.85199237605667,-290.0397130284792,325.42224198096284,-49.54864426198572,-30.690207067168082,28.122290271473247,109.19506754640985,-174.70110927462602,-370.65058902867645,-152.1071086468462
1771947936.7520692,-76.41340440252647,-1.6118720019823127,17.90294953768398,165.2585392154469,-170.27780678574698,-400.7490404353742,296.6497667551962,-50.84357783061011,87.4734696975793,-42.248325527245086,-71.61222034077983,106.86005080631065,-237.17647629217905,-597.6755834311493,-21.635364376170887,81.63931400315107,20.999369970283706,78.23125403609728,-165.90687179800838,-361.1583548678971,-184.8685296543259,-50.60264775695838,-21.818017745220484,14.118824481316286,170.47432844005678,-171.81715257909661,-387.89519864024044,285.4560408328516
1771947936.7559645,-77.74808731113939,10.116933993597343,1.0230925059785188,190.07750298612146,-43.00358994696222,69.2191228240886,-449.7911637517117,-50.3573390765323,89.45879622856292,-29.687263510906533,50.360751178002225,182.3829856808117,-11.449554899682994,74.56556329037433,-21.21218767469883,81.8507160953525,33.91580253169387,7.299771995284558,-68.12159999332734,61.25734805688753,-39.26415619414743,-51.564113353264844,-12.883280187671536,-1.0289603343520828,193.23144585143532,-40.1869774795885,83.8899668585114,-439.0210488541301
1771947936.75986,-78.88695327590744,21.51557468758026,-16.31267887730835,157.53786610508084,123.06363125326871,384.51203983130785,391.8161749589976,-49.60096102784652,89.48869291939425,-14.957888056186333,139.0059284057916,127.54859143393463,280.7529199447421,335.92150856989394,-20.684409765967267,79.78186602987924,44.06611781984013,-42.72624179110505,64.22278094154821,433.97478999789774,270.4624329106549,-52.43648794845522,-4.018579429285086,-16.075317428383567,159.1775537014899,130.93912385861518,381.85578242136256,395.53501823785075
1771947936.763755,-79.82747494226354,32.360628781336416,-32.864313770679146,67.3257051519834,205.74839483725702,156.389154895642,83.61962199626636,-48.578605926520524,87.54895678858327,1.075024205662346,169.21875943069915,-11.679153225097652,172.25397692049074,-405.6931306536861,-20.054063860344623,75.42768127531728,50.80447666834526,-61.64713577443847,136.30659010494878,255.55666557369457,-331.88777297241063,-53.22376801474889,4.6515729887238475,-29.76488317796853,68.9369847508188,215.93052299732733,140.48911005386555,68.18961518858869
1771947936.7677624,-80.56812272041613,42.43851221591592,-47.42779189354253,-57.64188470489976,140.92380874848098,-225.47129083590306,-623.5275585294432,-47.296042150958876,83.66739260749158,17.436777836691604,141.30681565680163,-132.1871831469243,-228.64348273272108,323.0563228525907,-19.323909616438048,68.84694782576824,53.77709626704979,-53.42012984557496,107.04483050585837,-257.5367361426673,221.5345911866951,-53.93043487544516,13.011056596961662,-40.943756037080476,-54.43697823464692,147.2067826804285,-233.33816292734,-613.9088668233435
1771947936.7716577,-81.10836246892255,51.548795594809896,-58.92980228541991,-177.48113166271844,-26.896597171042444,-214.97606223109378,712.189877290531,-45.760610237025006,77.91430966161425,33.10763267410073,77.34985323394085,-151.49151248806666,-352.94364705531723,-191.07233295267665,-18.497416974844036,60.16250612440313,52.936151768776845,-31.241357107577873,11.694312345360805,-451.21882033156436,-47.76967016168217,-54.56138417492071,20.952188148777562,-48.663896299251164,-171.89520530776838,-30.4256285116935,-205.40382874987537,716.2952201935177
1771947936.7755532,-81.44864603694423,59.50744443197636,-66.51310890656472,-250.3206210931217,-176.00727899764226,98.98941396333353,-304.2039006388459,-43.98118109631584,70.4020674516269,47.09239490834411,8.959663775307655,-65.35092340354164,15.666791468296749,-50.1711238480529,-17.578745746739568,49.55954213696689,48.52737286182431,-10.124004112667407,-73.76202835409603,-82.61206926709609,-125.43087278204646,-55.121850383410006,28.375589898038626,-52.27096032928793,-243.06959695669485,-189.6819338192202,111.69012981067125,-312.26758155866264
1771947936.7794485,-81.59039481055939,66.14996991041382,-69.60527865648649,-249.58532180196798,-198.12109766154478,192.5081350971938,-287.06252041520247,-41.96810675803749,61.283623172703535,58.48944981766411,-37.01892763385921,55.73017105348034,400.4849918967554,282.7512714549561,-16.572720888994752,37.28198495406991,41.05385067691433,-0.3463298715780098,-93.09625377818666,380.9056409615488,234.04379038768906,-55.61732716978227,35.18997764116277,-51.466985283377866,-242.8753178520849,-214.4968904352307,191.6665018183364,-285.3172756936243
1771947936.783344,-81.53597646473177,71.33446700955123,-67.96484081964506,-175.46541120117703,-79.0197751222796,-61.336359672407994,696.6815759904857,-39.73316393334021,50.75006049822662,66.55394670605615,-48.476885681293496,123.81324020061618,272.5987225811866,-324.90445480015126,-15.484803387516873,23.627072416191012,31.220556305922283,-4.141434887552396,-46.98958648901061,369.4989738095823,-227.11474335324183,-56.05348453451542,41.31196238054992,-46.34152421932662,-172.21692049913116,-86.80381764712673,-71.85047701085576,698.824948833595
1771947936.7872393,-81.28867524613156,74.94450249446821,-61.70090241190534,-54.977183166721076,92.2021367462168,-217.24199393620458,-622.6049628803942,-37.28949068996147,39.027108480545905,70.75027489739,-30.322773758800835,98.1028459366349,-218.986306409883,214.6103525804767,-14.32105669389367,8.93820495792294,19.86553288697856,-16.41606947169506,17.680061101866126,-84.45424600272324,126.4694232554669,-56.43608371238507,46.66594836689012,-37.3677027226701,-57.57762835106923,99.99196639158009,-221.31761258916438,-619.9204372235083
1771947936.7911348,-80.85265626390812,76.89179941646385,-51.26457059119153,69.49723987448812,191.30224729350815,15.098398170452569,118.32939135844607,-34.65151648342256,26.370691373731308,70.78980958636845,0.49024237428289996,8.9266426492243,-440.7088667298059,-56.12798458093728,-13.088108670596405,-6.403735698401063,7.88455724779877,-28.5726301415387,51.23892722727687,-418.46001062026835,16.767775701400023,-56.77089099161164,51.18419354735751,-25.362950717696375,60.35755878744903,211.09894283122938,21.077994982780112,110.2828501957865
1771947936.79503,-80.2329244050859,77.1186497428561,-37.41300193653965,157.74600583484553,151.20346011189037,288.01873707004233,342.1748172088718,-31.834885716079093,13.061583776162648,66.65108304262809,24.042227842160845,-72.30441810062797,-111.70985510446877,-127.62460394949782,-11.793108982458172,-21.99037376149127,-3.843766931899025,-33.23334620838177,39.03506414639286,-244.13727249525667,-135.49882295865538,-57.06359171395738,54.80707812712924,-11.417531911212688,143.58375161176613,170.18610108072593,292.193122987868,344.58486461194826
1771947936.7989256,-79.43527858509292,75.59997464206417,-21.149268352102236,187.1452133904555,8.365760601757026,139.31155397617036,-445.43637647968336,-28.856374932939122,-0.6007216919863108,58.58093776095389,26.497003061172084,-89.46615827226962,347.7672415572731,261.1511534249675,-10.443681862556666,-37.396857122257366,-14.52600856356523,-27.481902659313125,5.110969139115976,207.34639165405454,162.48209730075865,-57.319705785528555,57.48360509803645,3.202889891710361,171.23303820777198,13.280256055150288,135.13938996275337,-435.0982199492457
1771947936.802821,-78.46626206450902,72.34494461460697,-3.6432749856861792,159.2126482103553,-129.42973097092252,-271.0007838703103,340.72892854267076,-25.733803750774324,-14.304797124737433,47.07671477637872,5.553567318652502,-40.31293002715795,376.1326856079163,-237.81459504081414,-9.047874220411085,-52.19359316058378,-23.509586987741006,-13.336492678920061,-15.76011161710074,397.49511204498975,-117.22285533259661,-57.54450601291649,59.17213513001503,17.17185868792165,145.30586812831166,-142.31541644189625,-275.05203144073346,327.7130455289656
1771947936.8067164,-77.33310950223905,67.39807013978927,13.859497980066125,95.31308037430584,-165.7557134950238,-349.16358645510286,-188.1278286513721,-22.48593963962033,-27.734549473108384,32.85099708098615,-29.57564518741538,28.901304100932457,-38.27312531070544,86.02733782673407,-7.61409914633019,-65.95836331214937,-30.322215856740808,4.133093622405516,-9.919163893988394,119.59335994311216,64.21881933119947,-57.74294047552496,59.84133849599002,29.223393323021938,86.11825545582037,-187.53524069704625,-345.0659439223593,-186.45978190189842
1771947936.8106115,-76.04369130933173,60.83967747064183,30.133753425466946,24.874069907870588,-84.25548500176394,66.42557175223436,-47.733459869868696,-19.132396688421448,-40.57679310170084,16.781750285825684,-63.18750632082982,63.72834615731866,-389.04656845269517,60.326927483694504,-6.151074954166602,-78.28846050231499,-34.692965100749674,19.49087552248438,6.9049443153316865,-288.7995649631123,-8.711797529229068,-57.91955998978469,59.47132880593642,38.2686638706084,21.00937984497143,-99.97345079377199,73.07465612755976,-40.048940745045826
1771947936.8146083,-74.60645577971061,52.78569240218089,44.06674185016423,-27.53699556869109,46.35164854448047,434.2135091671172,286.10257939562655,-15.693528474318798,-52.52892241844895,-0.14822401545001007,-80.47813109358674,43.07550771479823,-280.7117484677115,-107.25081637223094,-4.667759964455047,-88.81248709146107,-36.55462879856323,28.95096267537767,9.29043159144896,-355.2346921590257,-48.60926575773166,-58.078451578748364,58.05492659553603,43.497151441144794,-27.52623068933523,46.453635975430245,433.8042128727863,279.8998342526842
1771947936.818504,-73.03036943187578,43.386666619729944,54.739804844626335,-50.545958420708814,129.54232097009415,246.19235942572334,-346.5182603470326,-12.190315153806214,-63.30647124249698,-16.917871454682714,-73.75181671174356,-8.867953223570021,140.37980064336128,84.18467369523474,-3.173283278667069,-97.20145540136352,-36.02881567460204,31.179887602339356,-10.545256339864817,-5.954812594115401,79.30635518622925,-58.22317875869332,55.59898538235442,44.45272005311546,-49.06406534191851,143.19280920059978,238.95631335273393,-343.19478300387834
1771947936.8223991,-71.32485596588319,32.825997214597855,61.492763147666544,-47.19451661509772,112.96490223253932,-268.2043986674503,228.78726818284431,-8.644244948104408,-72.65034261403683,-32.5355158760345,-44.80546553091052,-46.10055878709423,392.7473109254821,-96.58214193670183,-1.6768718747816667,-103.17884918162072,-33.396648632815605,27.160618596809673,-33.64057635034408,356.95685305594066,-100.13439189986232,-58.356729357828506,52.125700211363956,41.077298453535036,-45.911349302820106,128.8977920325003,-275.16603821684856,224.42804828433475
1771947936.826295,-69.49973417611758,21.317310843925213,63.9664272120351,-30.1017598222388,21.0058977576126,-448.80313293083344,-44.848989132796426,-5.077190306518404,-80.33349818173289,-46.102624132512965,-3.035164532873026,-38.736938746744066,198.27431383554978,145.36345160079827,-0.1877744762177978,-106.52933241318424,-29.0590481483038,19.54979796440035,-31.94724382489805,304.19539814156445,124.9132116157213,-58.481471443681436,47.67381068183095,33.71785216970834,-28.623845486162946,28.887930735111112,-450.19245080022176,-43.229047093847285
1771947936.8301902,-67.56515506419066,9.101009142953206,62.12047981365724,-13.811909362687027,-71.71067957889586,-75.3650471681124,-135.7420148229744,-1.5112791576833473,-86.16690910102366,-56.86925027511867,39.08836975857924,4.417636932435426,-226.82110441944633,-100.88390181246672,1.2848172248448118,-107.1058300260182,-23.491196771014526,11.708247382289743,3.2517243776582183,-123.81401581591906,-99.32061560846208,-58.59911775825655,42.29960733208346,23.095742337954505,-9.53366881731973,-73.36985905163465,-67.61093878426107,-129.33745086180085
1771947936.8340857,-65.5315383161095,-3.560000617257848,56.226116730914384,-7.962659133754415,-99.99009437897065,374.78626344150223,240.09843254783516,2.031238240692923,-90.00458927839118,-64.27748967267844,70.70687460051153,44.80829083477417,-400.60795738089945,-58.63173021869726,2.731849314397124,-104.83475134402775,-17.195904168683676,6.5002544260509225,48.565338639165816,-425.9201586894949,-1.0342933358800857,-58.71069889424218,36.07765109489326,10.241087984254401,2.635658566951767,-104.83338575577841,390.7012825667938,231.11135275830114
1771947936.837981,-63.40950827952875,-16.38533782844492,46.83493314880611,-13.929468337795376,-53.584027565237186,363.14479827434405,-220.75507248718876,5.52812626340481,-91.74755635773424,-67.99030797147766,85.55780370764685,46.21938137397353,-101.84124654932998,179.8563640058083,4.144487638724112,-99.71918001400931,-10.660239234029797,5.188505768256623,64.87026599334492,-208.83355416360814,117.32568744433372,-58.81654532845594,29.101119530724873,-3.60196601601096,5.192750301769252,-55.76289892676679,371.5856842428048,-218.55322247958762
1771947936.8418765,-61.209829582769444,-29.082864409376235,34.72743131739096,-25.852299325031343,22.807006378120448,-62.83006962423327,122.64124467383643,8.957304005985621,-91.34659615942505,-67.90430659483297,82.63480549518894,4.56099543512183,341.2878154607356,-170.74745197851095,5.514200222786706,-91.83991318517059,-4.319046247590533,6.9182405967831535,30.82853270427412,295.9662405899333,-185.09092325274798,-58.916278342730244,21.481701082748042,-17.090429354021737,0.6461982591057384,21.66914751894279,-81.72040382836346,125.89687253727129
1771947936.8457718,-58.943342531351185,-41.354977464095356,20.84605249171198,-34.98179753451282,69.33918503648297,-389.43613515740026,-4.184585133713904,12.296987690573314,-88.8037417407365,-64.14624656704865,64.95414742202856,-47.79446141058143,382.86649759251384,107.23147163765621,6.83283923159448,-81.35429664671301,1.4720723772264084,9.054774935080111,-34.87439814694667,450.2199580131958,183.37859953364455,-59.008809761676886,13.348970600989512,-28.907498847341223,-6.2336250924154015,62.268834629413035,-424.24603263571225,-4.353572546606372
1771947936.8496673,-56.6208983842557,-52.90534554056235,6.218690488114397,-34.80600730576911,56.63782581691573,-265.89364209153933,-101.76086229829669,15.525834457025985,-84.17241697171269,-57.05436878972132,37.414880961924666,-66.79907205527593,-67.89749161338281,-71.3830408863956,8.09272147947141,-68.49286903686054,6.45291892409842,8.196813013424867,-83.5744296816314,14.585872658356264,-126.21648595991502,-59.092350306484434,4.849195877907514,-37.8858728588192,-11.491650668772017,41.19139367874728,-270.5156190625854,-105.2350727124268
1771947936.8535626,-54.25329458480622,-63.445931756490225,-8.12084894834365,-24.218549396388784,3.2704460552427417,140.53900749310301,156.276834587386,18.623086524176877,-77.55623431879116,-47.146621808790556,4.904660654052226,-32.02780430746694,-456.051415567823,11.116712068340743,9.286706429857785,-53.553893985946054,10.463847985178564,1.4783247354188607,-73.73153578622858,-467.6266682188369,4.344429152968011,-59.16442623928377,-3.8564554025873146,-43.11787967512036,-13.497535255980164,-10.985559141703584,186.2069998922528,155.36360885638328
1771947936.857458,-51.851210040713376,-72.70412841970645,-21.20904317409473,-7.301999736470176,-44.18078202747954,379.69305479217246,-154.6701772812134,21.568714661613736,-69.10647615798516,-35.07876157979415,-28.43234422178078,34.80421374697048,-251.35296488330636,156.42090412499675,10.408270619942828,-36.895921818401916,13.440870295825222,-12.11470009159708,-6.173836880126406,-335.77429097892536,207.9919520837315,-59.22190389507094,-12.594317675686169,-44.04213114882152,-12.467952327961864,-40.36151159059842,424.13942426653495,-144.766938696996
1771947936.8614442,-49.42514061276481,-80.4298148875751,-32.219702914502,9.63194865061263,-49.40682546398088,199.50445981968338,123.60817685778724,24.343559863141955,-59.01832811435682,-21.59587396301601,-58.60206582128927,83.61194092023212,303.7167164303145,-315.55676834477015,11.451577453923502,-18.928581162790127,15.402605094317867,-30.63414790896974,72.2446195769286,262.79107876579695,-374.7547542752772,-59.261021665310885,-21.181225681735807,-40.498560429644776,-9.053287209011692,-19.121351080766633,178.45177325027836,107.84579860313863
1771947936.8653395,-46.98533503982986,-86.40214299595729,-40.517127895727775,21.629191511473074,-12.820650634666867,-207.62284615181107,-55.884526783720545,26.929472027167446,-47.52597109571756,-7.481162958285645,-80.72445836660964,73.2772633192538,452.2239192943226,254.2659522188749,12.411541295040168,-0.10185468117763379,16.43159608901532,-48.773638985946185,102.15642351724618,508.6419308535274,273.25136852861243,-59.27742896663349,-29.428072689767312,-32.74661191074172,-3.563607762996886,30.24671662721208,-274.13081596480737,-45.21779750019164
1771947936.869235,-44.54173156654807,-90.43585219122224,-45.69199525021676,27.205153642523953,32.184110835407935,-393.16296192695336,-54.666566503582814,29.309444346532185,-34.89667409143648,6.494166284503275,-89.02045488309211,4.955208515267308,-31.98460982772981,-45.004113766449,13.283884758517223,19.105859740700375,16.652790879760552,-58.95259539516623,57.66686408887825,43.78918856839268,-1.9401524055366388,-59.26623166862512,-37.1438681521335,-21.444746769057833,3.44214119679198,55.97378451856865,-418.15284919305543,-43.98450873362251
1771947936.8731306,-42.10389556259969,-92.38692018575391,-47.57817930075686,28.135935684034738,47.6974275254929,-121.94632172884589,158.4270160308365,31.46774204345783,-21.424059987691493,19.616415286626015,-78.69653160836367,-74.96607159687196,-471.3394161502171,-107.22186330809649,14.06518811762571,38.20056331004423,16.211937881387517,-54.19329726663177,-31.466193422550003,-478.9486248495049,-169.25084832241572,-59.22204338428369,-44.14020990855186,-7.592996104882159,9.949360735886145,24.86854195922972,-74.9985478382824,126.70286772081766
1771947936.8770258,-39.680958468966246,-92.15736562938325,-46.25032887370258,27.52061028731022,21.326216241380028,319.30753628254854,-195.249746273154,33.39002407975738,-7.420739976700358,31.267358630566207,-49.02914771629797,-106.81653618971114,-226.94764247500106,317.5782118276024,14.75292981662791,56.6859808272642,15.2563186687795,-31.85552115020683,-100.27372428081884,-307.4952405830466,337.6254383859562,-59.13904198881761,-50.236063929819466,7.556288465646865,12.190347054644763,-44.401298957604276,369.2749350692964,-170.10133467326546
1771947936.8809214,-37.2815584926371,-89.69903721795255,-42.00357463940654,27.436080225226597,-24.930437327852314,389.562410985058,155.2946060159566,35.063456497439745,6.789471440697259,40.95252335624633,-5.602948159832632,-62.33061616497342,348.0567494807015,-608.854446996338,15.34551720826969,74.07701528483533,13.919665835481117,3.8247823267431444,-97.14445868249045,303.28758968240936,-579.1705243802189,-59.01103074274539,-55.2627258668123,22.611385011594574,6.1913560789428805,-92.67399138527031,383.3938707775229,152.0844363617458
1771947936.884817,-34.913783565429185,-85.01624774525989,-35.31807448943762,27.4177613483796,-52.78142190796635,-40.90552647405448,-75.25015409013717,36.47681605371501,20.879538773705463,48.31854713974548,40.24248329333553,31.449403971927836,399.35345790061,421.56686962465375,15.842306742160126,89.9129483489586,12.3123915909809,42.27498496316237,-23.364184306319775,450.74401901404616,381.2228688899716,-58.831503420829364,-59.06882337817314,36.167545018867415,-9.359220071996475,-69.3637026260655,-69.42905361272024,-79.03720717542146
1771947936.8887124,-32.58511714111234,-78.16714022848826,-26.812124545787032,24.502330344737995,-38.15776771520809,-442.6004567073354,-38.91919217757663,37.620582809153895,34.527159687883604,53.15933788861957,75.08317691828424,108.74818056447027,-153.0383115232161,429.48956352044036,16.24361291150478,103.77000886404136,10.517464293163394,70.4534971454934,67.17627126294026,-74.78877403555933,447.05964130134026,-58.5937128460443,-61.525206058726866,46.93517686314785,-30.618516073351646,20.577609359982752,-445.85399248813076,-18.34095456371041
1771947936.8926077,-30.302387421999644,-69.2637055172805,-17.188203055992837,14.949344885745598,9.431633397949748,-265.0977460389773,214.70079084454858,38.48702036350273,47.422470095150736,55.411688208274235,88.58060639023722,111.97140635143899,-474.60050263483697,-980.5212263044854,16.550705370240397,115.2729493961731,8.591523765279502,78.31377285909532,108.24586212685163,-474.86754698108444,-975.7425147442336,-58.29074219510624,-62.52956139143975,53.858143350096164,-48.27461162124613,112.79906956614114,-272.9307324378945,147.40557356923796
1771947936.8965032,-28.07172061920467,-58.470406741640424,-7.17655532700199,-2.996569514095687,53.60055531275181,281.3250706389398,-340.22286033836536,39.070242553779025,59.275292676179426,55.14183262692469,77.62984034638085,35.07096191881729,-71.02125209393219,498.8494729008311,16.765793809547155,124.10530085255941,6.570214013634005,63.18901366154987,70.76553143230385,-148.63743507061227,489.28823947041457,-57.91557841978659,-62.010592042794094,56.211357995536225,-50.298121729948015,130.4620916759269,237.38828034739757,-277.16792692893307
1771947936.9003987,-25.898498893806938,-46.0014053359236,2.519213514186628,-26.72319386382093,58.91814080578993,443.9254118239096,223.60039908643037,39.36626561103026,69.8217422980801,52.52510016426995,47.52214312952492,-69.58196621756395,452.2162432166,293.38257274608424,16.89200041363602,130.01801602883796,4.476292659248709,30.99662662852382,-16.149771416573156,403.00837495540975,308.23065824008796,-57.46118715021608,-59.93159324325903,53.668765278283715,-27.249180279494905,47.31739908323775,435.83110212138035,258.3254210995677
1771947936.904294,-23.787323684786788,-32.11642467670783,11.270555354269158,-48.92830270485556,18.726327431582234,-21.480619366529837,31.891522058205844,39.37304496126112,78.83002815208394,47.82124548041762,9.618021409276354,-127.60150705963231,299.0716563933194,-494.0003126884682,16.933319942562377,132.8362619267371,2.328874423394159,-6.290876448970468,-88.0824296301613,344.14237508343626,-522.6090969130604,-56.92058849627537,-56.29327877236719,46.335505743181294,21.761316266997014,-84.2969511231723,78.69723069430682,-58.646928151460806
1771947936.908271,-21.741985155084596,-17.11532816791255,18.563191141546376,-60.19953634501529,-38.556910063148955,-452.1050230429173,-167.1962332550587,39.09049604524565,86.10532284566219,41.34820248155468,-23.38294096251902,-96.57293331103574,-312.59018530731703,331.06858891598216,16.894567701978698,132.46417599778997,0.15218424068761416,-35.75273148277066,-93.9081721475987,-236.65206051662662,347.5713882881783,-56.286933191568885,-51.13571904450649,34.74135258078185,85.31888679710735,-167.09724736394696,-348.91395564911164,-132.99661094038825
1771947936.9121666,-19.765438454518875,-1.3315270279336728,24.02487448076428,-53.59112055332967,-70.06145234624896,-214.45358493372942,290.9897422335194,38.5204987528104,91.49360256832738,33.45689027963733,-42.375983968096996,2.256534081500501,-476.31863664738574,-270.09718525083616,16.781315888056675,128.88746210280397,-2.0175823151136365,-48.82586134084377,-32.85025776502104,-473.77310335003085,-242.70286929151106,-55.55357850815563,-44.539274257161345,19.796059631475877,140.9561559573733,-132.14827376614798,-292.005063714514,250.41147100476246
1771947936.916062,-17.85978743765694,14.875631430995513,27.4405353083487,-28.771500826700535,-50.840887805238125,340.23984921919595,-518.6837999600067,37.666885309646275,94.88439819737741,24.5093281246718,-44.71352210647376,98.76379939807678,53.938662278332465,125.4210112929029,16.599819036497983,122.17376597792446,-4.1283116046350345,-44.287185289041524,47.3360921257545,-18.50209491318674,82.36451520804151,-54.714163341577866,-36.624429964531416,2.7107447799895064,162.5086401257822,4.241198160075029,127.74933257128191,-383.86938366877644
1771947936.9199574,-16.026276434324025,31.12931160886276,28.754701589171717,6.75632131053989,6.563574064408619,373.67148862036373,371.7813391509804,36.5354116649585,96.21243220423834,14.861717905417303,-33.91768555159019,124.87148259316787,513.5404965049935,229.88504445873008,16.35692950708555,112.47083428191429,-6.111482225591337,-27.6214047534944,88.00085816717063,467.5197376603055,237.43443135692516,-53.76268187346549,-27.550472413500593,-15.107484967007816,131.55563133650392,146.77634227716493,315.6268680720944,379.0686400628006
1771947936.923853,-14.265290653644906,47.04426137306456,28.062076283730445,40.304343076674094,60.64231924245732,-170.63771676576732,392.5366009098427,35.13371259030896,95.45814885056171,4.853394548960211,-16.98394869772743,63.90610820110679,252.22952411241056,-433.7693364848263,16.060004077746477,100.00252350869444,-7.885176064495124,-7.510691457334834,63.16358538853126,295.93244387283846,-413.53691972870826,-52.693555265142386,-17.512975829278847,-32.178065224641195,47.90594976106332,189.65501308241664,53.16168800412384,5.407729689827423
1771947936.9277484,-12.57636576049629,62.23627297800384,25.587973548544873,59.33031408123949,71.57439622736244,-459.02387596380805,-924.0257760540219,33.47124086262289,92.64717549607255,-5.1982812864193155,-1.1609172119058773,-38.320370599371635,-352.15862491701665,302.5225346316381,15.716802845087598,85.06278440589958,-9.360160246710787,8.329582673134812,-3.8092537447954675,-279.70418157414997,291.4710506363285,-51.5017008706739,-6.7401114320581765,-47.07556407443669,-66.66739186162198,96.82574364149424,-229.65099486809555,-543.6404193118066
1771947936.9316435,-10.958207056869922,76.33178351950806,21.660947255571674,56.8942501294901,31.050357328188973,-34.8486966884215,489.91402024208753,31.55919111329033,87.84878103003905,-14.997807882564231,8.230621003640028,-108.47686571671233,-467.353389226814,-68.79270356996494,15.335381778995263,68.00780354127484,-10.448212122629393,15.810136109924086,-61.112953234363346,-466.44104229556194,-63.21527117129129,-50.182598443624265,4.512173709235759,-58.55275975784069,-174.61168724684302,-67.98091616260609,-124.11687848688008,718.5523145472326
1771947936.9355392,-9.408718550806697,88.9773583289473,16.680341724469784,34.68735614897827,-31.367479579640168,464.77265903358114,277.0054886824267,29.410409159317695,81.17342220265168,-24.267601121487523,8.64474016409257,-99.74464991740638,37.26031256564253,-94.22052170270548,14.923980447178563,49.246534569098905,-11.0715797953754,14.83644546406831,-68.77691708424749,-36.44017166946595,-112.14964378143644,-48.73235277327983,15.966021446244477,-65.64723179980048,-236.9411727553315,-186.35836426184832,161.24556646090306,-356.7314597960675
1771947936.9394348,-7.9250420470078184,99.84880087475578,11.081641264855746,2.222981743749182,-70.28271624519549,267.377252217559,-495.24848545153196,27.03928782803511,72.76948788053298,-32.74211734741159,0.4592879225922782,-24.163567723168093,469.3526409935165,211.62651471755726,14.49090655555287,29.229894910113646,-11.172344477117603,8.053682574347869,-26.83032110829014,419.2692056124416,224.44030898383255,-47.14775218456227,27.32844571195534,-67.76210129359697,-229.51730833873887,-172.62347111581306,155.01573527083434,-262.91923519972454
1771947936.9433303,-6.5036062431201325,108.65964014262627,5.3024022328431295,-27.46490725832427,-58.22600256695434,-351.8868764443907,331.67560076644196,24.461650414602214,62.81936396253195,-40.16218708850447,-13.071621891611828,59.86874050549028,282.1597903447079,-276.55372506839535,14.044419007771332,8.438937068447157,-10.720489918028973,-0.8502606781573191,28.620031953428054,325.22629289964675,-260.1213063169326,-45.42632240441013,38.29887053681502,-64.71402601357713,-153.62084379636372,-37.43573113554094,-135.3921335456991,694.378489258806
1771947936.9472256,-5.1401856300843045,115.16876171180242,-0.24874747500126587,-43.55901588660202,-5.5714855551160385,-471.61699555711937,-239.69847995333328,21.694623005905836,51.534948655085906,-46.27168509609879,-26.287128337326468,93.35056582573027,-244.96522509748175,211.5767249688787,13.592611196354927,-12.627672539660301,-9.71966992974421,-8.5037797626356,55.67889006284291,-159.9995538807322,179.33973592276496,-43.5663754229769,48.57722334925153,-56.74464070105409,-35.69036005526546,120.67070343979283,-232.45059127772163,-608.121449351408
1771947936.951121,-3.829968787694292,119.18697109454811,-5.218021062562551,-41.80490976990956,48.20651204627779,99.67759714344535,99.32835710344689,18.756497016048453,39.152750451622715,-50.81834953275356,-32.546667527406846,59.48291611598806,-437.4256198669926,-17.683809659478648,13.143296247207484,-33.46651991084924,-8.209958437921586,-12.671355304584289,38.30016180601578,-420.00417567000727,-3.4619242385411315,-41.567053128294454,57.872352650479506,-44.49502544913454,83.71975797815115,188.97550320742266,62.51876698656259,110.06685206649662
1771947936.9552605,-2.5676354947033944,120.58230543180574,-9.325863916745966,-25.45575728003095,64.68688428626966,541.9172032189546,198.19159329677268,15.666583411423225,25.928700001606103,-53.55998583761029,-26.618057551673722,-8.42767977536119,-88.10865907407725,-158.69113555257732,12.703895960263184,-53.582302274995534,-6.2672239212409675,-12.560981207416377,-4.550072386923198,-167.86537444788922,-148.84040932827776,-39.42836563468999,65.9105149100845,-28.946151992373274,166.5399035482196,123.09305718142201,326.25854563255587,314.05377519197185
1771947936.9591558,-1.3474419529126767,119.28394124794303,-12.379041871372145,-2.7925412418373465,34.655636605234264,225.44076833861382,-375.2146951034287,12.445060211315917,12.132801570983963,-54.2765151710455,-7.175405222704998,-57.271001138675224,345.23304532165895,188.6085437132479,12.281335182855848,-72.50033144623342,-3.999151747545393,-8.647111505500854,-36.99475573180543,261.7981228655258,179.90541617108812,-37.15122432556548,72.44366053773417,-11.331274077205167,191.63157523647962,-23.56638741167052,126.38540620843952,-405.2343011192407
1771947936.9630513,-0.16331330745330835,115.28458201925787,-14.275295106782186,17.021196078775038,-16.882183734424927,-399.14623402475524,301.4286288055051,9.112814893601012,-1.9562602274122505,-52.78744338017183,21.82238890509697,-56.27706406287697,345.55268063275525,-143.47973000238204,11.881943279005839,-89.77834909068372,-1.5383044369045573,-2.1567617366762586,-35.420696189534894,366.38944450269025,-139.41183999873655,-34.73746965998218,77.25724475287359,6.971387995651195,160.81786654046408,-143.352782680653,-304.8376636538364,336.13469526288657
1771947936.9669468,0.991057515777907,108.64124998056069,-15.001010896876979,27.566986873929856,-51.4369122850561,-472.8139432413815,-126.51091130305637,5.691283326879695,-16.056456154945025,-48.9734308971998,51.72898716698657,-17.27799648023738,-60.84337329049272,128.93661267573614,11.511364224419825,-105.01734652615058,0.9670815903064716,5.420357762948867,-5.539614873683854,50.00203547443987,100.77677584558121,-32.18989374070277,80.17729680156403,24.555775288859763,94.75176291279523,-155.17987628285445,-357.4277333815761,-216.5298788879728
1771947936.9708424,2.122105820684175,99.47445036221245,-14.622848432831303,26.96864481494334,-46.31399113849907,78.38333423432093,-64.90589874266948,2.2022868367881516,-29.88760295938669,-42.799833817674255,71.85258897724542,20.916112250728094,-381.4521079613871,-62.88095288446531,11.174476709188431,-117.87111482085166,3.3636536524507683,12.488255584833995,24.7931230413228,-313.0255193706613,-25.873711432223754,-29.512257547022745,81.07649932599739,40.10444678340075,21.848566534442725,-60.66540145044593,87.13602171515659,-30.79665408256774
1771947936.974738,3.2362873149183335,87.9657205144983,-13.274605303090766,17.712983645969178,-9.748893654148212,500.2894570407026,237.30983974699424,-1.3321309819816427,-43.17633585594606,-34.33945881284195,73.42240415299064,28.18353480595773,-248.5196961801042,-112.78577350167421,10.875325497202816,-128.0542902661251,5.50385628167356,17.28619228916269,29.710036535452,-315.8291105018609,-89.60332122928533,-26.709302663583518,79.8790567718795,52.49425627264304,-33.80435388738546,64.11623704580578,451.7699976753255,292.3413207571554
1771947936.9786334,4.339967850309532,74.35361932294506,-11.140836770850315,5.0102462620096615,28.365127636646772,263.9028976781102,-290.79168077057653,-4.889866101416961,-55.66080395174013,-23.79142096373694,53.5157053476277,7.513226156273286,173.7881360116893,225.70777527682066,10.617065153164658,-135.3487050279022,7.256232205983569,18.106550252881874,6.4730664497707355,43.720449922639595,143.19297989741014,-23.78675731271992,76.56416607688939,60.88241131707211,-60.33370020602491,130.10581560251075,237.6760988639376,-345.7608896613344
1771947936.982529,5.439312193508867,58.92825364108901,-8.438816837323774,-5.600476934437852,40.904196625329725,-282.4603891313058,197.99611837647535,-8.448912987804382,-67.09504344003078,-11.492982529686103,17.199401679694713,-11.944633476272656,393.66586431615895,-147.19007918073024,10.401917065113745,-139.60790255197267,8.514272334376294,14.079843587669183,-23.074564281555507,363.36349135498597,-111.10511528233057,-20.751336486308883,71.16794427601494,64.76609922416587,-59.512627312395296,99.99274742421699,-292.40657011295394,215.57295869552374
1771947936.9864242,6.540173370342079,42.02447815794781,-5.400365828246561,-10.564477627779576,23.067205428239724,-442.0160744607462,-36.136417402355654,-11.987519158028157,-77.25299605415574,2.078390078425343,-23.594220733001688,-5.455310170415274,153.23128864008967,10.717115411422716,10.231140457336595,-140.75973080958232,9.203179808921929,6.124598286512883,-31.440251685981917,267.8912496094842,76.62682090114177,-17.61073592718099,63.78371581068393,64.0114376464486,-42.660092672271894,8.345135570884466,-457.5000671144008,-48.78596789373691
1771947936.9903195,7.647984220431872,24.013941974997405,-2.2548846933305717,-9.601058636500435,-7.230145236479221,-58.66291744012951,-118.33608373083652,-15.484333995890573,-85.9321503925214,16.314801322326396,-54.6648908060304,21.654605173986287,-275.5416839903595,24.834687509549106,10.105017845033197,-138.8069812894554,9.284164699299147,-2.8184385834373815,-9.233785250279048,-158.52443719388324,-58.845662573008696,-14.373619636776871,54.56061544981979,58.850373482364354,-23.806283907086407,-72.67480378281009,-50.39324050222793,-112.76582837791416
1771947936.9942153,8.767652853465256,5.296186973324909,0.7853307670742294,-5.334056789517593,-26.09995926669498,362.74521246130126,208.2056598510496,-18.918550533909617,-92.95679047111837,30.50057108301449,-65.88659745679662,37.60000980211881,-390.9667154904102,1.2732072391963143,10.022855166773892,-133.82609536856694,8.756155518403723,-8.821941750664763,25.821447580682392,-421.5212664429784,3.69072732946215,-11.049600537665572,43.70051775720939,49.84703218041296,-13.269047403285285,-90.16168478349282,410.05285556963975,232.55645835649477
1771947936.9981108,9.903463681412733,-13.710971850756295,3.536733610918116,-1.4817161213827412,-22.510811773280494,326.80217852204265,-205.1798974034347,-22.270038986394784,-98.18083977478716,43.847554072782835,-56.14926120397989,15.110704948126946,-40.63373103669749,34.84878003058546,9.982996636315782,-125.964011087121,7.6550640300826425,-8.90518571992548,42.651410501869904,-173.49336183531213,97.38539351071827,-7.649213930125802,31.45335828674182,37.83764246294377,-14.051122839959056,-44.995221242834766,358.7026406715205,-238.3080441169385
1771947937.0021532,11.058985634524515,-32.581535650219315,5.852692485089775,-0.6973747922120476,-4.345547552144938,-85.64695914727368,125.06602310324666,-25.519470949384477,-101.49029129207686,55.541595476717006,-34.04003667313904,-37.934278253556,374.96190737946756,-136.61451897337068,9.982854141297677,-115.43327206366985,6.0509331308976675,-2.778199712232444,22.989237530106745,318.42802713011315,-181.24297524842504,-4.183883427136335,18.110963851235937,23.85030577107349,-22.083087693688203,18.333080632314193,-118.75776375858517,134.96122606070574
1771947937.006049,12.236989100329831,-50.89162010677957,7.628069218799891,-3.3073876305996506,11.25540828068168,-373.0866854338613,-0.09262133649744185,-28.64843336949394,-102.80521494706518,64.79726297465643,-13.509894445771112,-78.18139863949636,350.6195965506763,180.7284616502284,10.018950762408199,-102.50556558361218,4.0434102398461915,6.607196359229788,-21.329466326086727,431.8468885107377,183.8601477358729,-0.6658790839313431,3.999558621686133,9.012380208619069,-29.653974524816807,52.2303793824474,-431.96000169135266,7.405671567704082
1771947937.0099442,13.439373067461306,-68.22969658262733,8.800390924972858,-7.4863652817755195,13.296868352930616,-215.85649512239453,-111.3036098076537,-31.639531586722324,-102.0813328941143,70.91684704224673,-6.504820870581843,-61.580378925351305,-105.86661592773964,-108.08561343262726,10.086977722407534,-87.50389697404712,1.7560190061875114,14.007023591029311,-55.26918332302322,-20.371383028489955,-111.50533541792761,2.8917325542364094,-10.528841980401555,-5.545999858956167,-29.984796183034973,41.5044498976061,-223.6882803182721,-119.5878031397753
1771947937.0138395,14.667103875238114,-84.20651101998767,9.348043364433458,-10.473856549144573,4.678264496982282,183.63099887801846,149.99129202980913,-34.476480928539694,-99.31114969915654,73.34878872976849,-16.25862333176194,14.225852557388272,-444.8951312611841,-9.42763440586741,10.18186384936849,-70.79364012653416,-0.6703347852225959,13.960388577109624,-47.979647693819054,-471.3853528709135,-11.359585558205437,6.475146740756387,-25.105899120652374,-18.783786266377675,-20.559278102495302,7.584958365089384,232.11275113678016,160.42029331081332
1771947937.0177352,15.920166828272036,-98.46442491402941,9.286083177235238,-10.012567440810615,-3.1793865916462214,360.17616061904346,-134.28934484251863,-37.14418646821001,-94.52461901874268,71.7402872369901,-34.724504060342596,98.2513670243367,-237.50666837470956,131.18802770393143,10.297856467106905,-52.77272839333296,-3.084272048759458,3.2923793818913,0.51975997364114,-301.3581788760176,197.54295460536318,10.069887332097174,-39.35700009842381,-29.828576380099978,-3.8001013157620442,-16.516106096990374,397.1833399584147,-146.44913745927306
1771947937.0216308,17.197531739746033,-110.68593965862851,8.660360956221966,-5.397855452106429,-2.5259904848320653,116.49753764206986,100.69788792417523,-39.628810697167665,-87.78932270276692,65.97892292243525,-45.73639934884749,120.93205910349104,265.2507978392984,-251.70136616646352,10.428612473013276,-33.86126643374034,-5.331027385982312,-16.789961403372217,55.800898072010504,287.94591831725353,-344.863550342137,13.660882166325198,-52.91158986200416,-38.03763198256724,14.679082624726158,-15.603027532382004,99.54341258740733,102.72008088570676
1771947937.0255263,18.49713326152526,-120.60118866662695,7.540674252830729,2.104787349251764,3.46296335240021,-263.2292864106024,-28.169591275869923,-41.91782903119809,-79.21013389952672,56.21872349958536,-32.92231981908274,51.39380042254581,427.51254278971857,261.5451928672978,10.567298191288808,-14.490852599204986,-7.259599770189766,-39.99229481939961,73.7475931984095,486.45025327940226,256.8758080073742,17.232546952582517,-65.41347448405021,-43.03605094742644,28.845386425282417,-1.1933845562594472,-301.6909208599946,-18.19907325187181
1771947937.0294218,19.81586667384268,-127.99420958119603,6.013641056402555,9.591241855480073,4.930089733596444,-338.6561245848028,-66.12624363184736,-44.00007325511405,-68.92833314346049,42.88717826269673,10.87888957360988,-69.8121642495589,49.325007287690596,-101.54572276662155,10.706696409287476,4.906097179305994,-8.729951151603297,-56.49024619260127,35.64669395055459,2.3603107318323002,-9.703267610724433,20.768877515366512,-76.53078547300895,-44.729997245226585,34.602188391852245,4.637347072387579,-347.30393837302955,-75.51806832056533
1771947937.033317,21.149599624280985,-132.7078413245865,4.175906208417359,13.6822030238415,-3.3349097019520277,-13.846912625709098,112.40041457369449,-45.86576316167459,-57.1201451856491,26.671197486900557,77.15457105778579,-154.0436820674365,-365.32267151152587,-94.34863435474823,10.839318868096028,23.906740349844235,-9.620278904601406,-56.77826802352553,-34.24991385444036,-480.3285209514943,-152.4378127147557,24.253550151875828,-85.96530240659617,-43.295181247661205,31.0375899160879,-6.899157746095956,10.115632691757385,115.36973515798465
1771947937.0372128,22.493200085072328,-134.64712779889734,2.1281698709749723,12.273208843373995,-14.805018960277001,341.20693740319115,-116.9565100182594,-47.50652673771827,-43.994664738732304,8.481800131087098,142.13279884702067,-130.98043178446102,-282.53406967852976,254.62832539026383,10.957522415856475,42.1076461849211,-9.834352964381365,-36.39575822118168,-84.37354177773199,-262.7696430285623,319.14586297059344,27.670029739890058,-93.46085047489471,-39.14294320439138,20.554039743330073,-22.354497183545927,360.0924692214462,-118.57039007855244
1771947937.0411084,23.840580529589136,-133.78115104189806,-0.029629955354166276,6.039390938311921,-16.133348132563366,299.9659276389649,123.6295160076667,-48.915409328064825,-29.79114279124429,-10.600774583676902,175.35654771258638,-7.28854562384208,147.47817065935214,-415.85338729438666,11.053627014375959,59.13383826658345,-9.308800670607132,0.9293202473009404,-74.49679757394956,333.4110340719184,-564.0046014517808,31.001685067416293,-98.81051875564212,-32.868144516964136,8.027338766187592,-19.87850798011189,290.5059243220883,121.6043150497321
1771947937.045004,25.184758050407527,-130.1432596113183,-2.201818948204044,-1.3889335151049471,-0.5784757182724088,-114.7142854669448,-98.0392599171527,-50.08687231083087,-14.77561322962467,-29.397986757500988,153.60385040544088,131.5033236548735,324.3824758341519,402.44670243999707,11.120033764523804,74.64682700153713,-8.02006348527687,43.767778512557804,-8.003705044649676,421.9121847757879,387.4163860312821,34.23191068108315,-101.86248258515613,-25.18445905672972,-0.9109613621293057,7.3782363768820485,-135.78764293510022,-84.5710749981603
1771947937.0490303,26.51792989578191,-123.82970079030214,-4.29917178464599,-5.071314397957353,22.55395673152353,-415.54688072807284,-3.9142674096831627,-51.01678194228082,0.7631476924277979,-46.7147978933675,73.78354571153278,182.00910188474245,45.55144383592999,1.3896177118173307,11.149341078485218,88.35145199607433,-5.99056542940374,77.2849949770267,68.17318338665349,-125.3961943490707,419.0740900423848,37.344254410299904,-102.52425701702941,-16.85347361790235,-2.141124875721944,40.617522760207684,-417.8416988714588,-18.256448907864588
1771947937.0529258,27.83156368959842,-114.99670676577257,-6.239922567327079,-1.5336283143687592,32.894296812269424,-209.74800829450453,142.3919804946824,-51.70238912203785,16.518320279465303,-61.426006224529615,-42.18337248634305,102.06168803927432,-241.66451073748902,-550.6317419181224,11.134457129373217,100.00139249685422,-3.293448057968354,89.4006662138949,97.49956026340075,-477.1153478891372,-956.5590441786329,40.32254961713836,-100.76525669985035,-8.614210020863695,4.948051965711764,48.98863936787458,-188.8273986008576,135.99162310726658
1771947937.056821,29.116501383653045,-103.85612509124992,-7.9498605622321685,8.87968378226073,16.376606967565653,283.39714209504456,-228.15172719480782,-52.14230085239925,32.170371489078086,-72.56009555543139,-154.15088186350883,-54.03932702173102,-126.43116594284577,733.0903007875743,11.068706795778306,109.40324685924055,-0.05507323281360167,75.87749893281378,56.57771725373466,-97.68447551257573,494.8444365266429,43.151051108248204,-96.61758993363661,-1.119292489936317,16.75573430628399,17.224760364042517,299.4942692017707,-204.85580928055313
1771947937.0607169,30.36307574442752,-90.66972211353173,-9.361864779141074,21.483618610677123,-19.484780702453836,441.00360978471144,201.65642977171095,-52.336444145208766,47.392968089326224,-79.37352850182528,-220.02054958481483,-173.66207698773317,168.30893104855315,-372.22099821279687,10.94593147021537,116.41912732325302,3.54558220533801,41.99369317456132,-26.16521110981905,437.45128742191264,295.72919132449425,45.81457350000914,-90.1750700874279,5.116927012751706,26.594861557911617,-36.75134362525874,427.0237690793094,187.31593433639316
1771947937.0646124,31.561237922516234,-75.74232310074972,-10.415288238798409,28.953691807151422,-47.4809427256737,23.055998474108133,-85.97109091465079,-52.286023129454314,61.859400670118134,-81.40902536277675,-214.17611107922806,-169.68127881525618,157.98485472188838,-265.6210962436272,10.760580263962007,120.96776161359273,7.281471054403926,0.08702674079502558,-90.84363059808787,313.93491553087193,-516.1127889085528,48.298630676450436,-81.59048361229694,9.75430195286872,27.284909715494422,-71.7123031499978,-6.810989170362091,-89.66340593978161
1771947937.068508,32.700694440769034,-59.41398250473877,-11.055610927851761,24.537779818106188,-41.292328029896055,-449.3109278465797,-68.61938706794065,-51.993470166893374,75.24941913249822,-78.53260789553889,-139.23159494382844,-45.835405096793686,-142.23420901911064,718.866535215652,10.50779131090566,123.02413648104633,10.88659879983177,-35.86651077035809,-90.57025244771397,-289.93919921927875,339.72329789165127,50.58957486923858,-71.07120764303998,12.644516115532827,14.19574732035797,-55.268329687330684,-454.22723323455693,-55.46521009459942
1771947937.0724034,33.77105178722675,-42.05140091335632,-11.234734690998243,5.472634744067401,0.7804925413190436,-332.0461499286978,243.69137937396113,-51.46239187922197,87.25635162695092,-70.94594722600871,-25.252058473937662,106.72735379261687,-235.57956131647154,-622.310773126203,10.183462082543265,122.61775968399833,14.070024140387837,-56.06728772306281,-26.268331906413614,-475.7812144807663,-231.81046781518916,52.67473383514689,-58.873319602056334,13.829783824411942,-12.350841594114055,7.136395367177001,-299.5486102255035,224.36784834601352
1771947937.076299,34.7619666808834,-24.03882196975286,-10.912201660186025,-24.766810856468844,49.85171138479242,243.90291628649237,-335.6672424419062,-50.697511097159705,97.59435107554002,-59.172671245302965,83.35727496066073,178.54034099624735,74.77988984647874,86.79673404397255,9.784307865919503,119.82965463029967,16.534562371431342,-58.294095033859335,54.60665539072093,33.85743851986453,81.47979905180084,54.54254457390273,-45.294385593324535,13.523727200150086,-46.15657402991538,71.71784559571789,273.58670296211903,-319.00359761130807
1771947937.0801945,35.66329995191051,-5.7686534422934495,-10.05749340246542,-56.52167100240988,66.32126875529285,490.4448995318622,203.86432910883963,-49.70460582742793,106.00558883692763,-44.01955389983238,147.1062433355064,122.77867942863115,338.825025934255,350.7265733863193,9.307907771114447,114.7882336470816,17.999440203453734,-47.39754928682301,94.0724709841551,500.8770257040751,219.95167910271155,56.18268197817241,-30.665153288345234,12.07706315890865,-76.2630521432568,87.8350748441463,474.4447767717452,209.81720235936606
1771947937.08409,36.46527184738592,12.367938594382338,-8.653418648697562,-76.85931291127311,31.890715469691266,51.176399172982514,25.29418264546477,-48.490446367366054,112.26719612109896,-26.515705055134703,147.7480381130167,-13.46869816533304,114.92783801570538,-407.8052691039163,8.752737804651208,107.66422038313416,18.22552878816035,-31.61094897708072,66.42940297321424,262.83742035779545,-389.9963572448465,57.586180745496016,-15.340407096076678,9.931955123082702,-90.27928329131572,38.29515172414375,6.535088874287966,-0.9419115466241883
1771947937.0879855,37.158616485679026,29.990216025854597,-6.700426211435842,-74.75103453735777,-32.29547881786165,-454.6206086721037,-145.7717217122378,-47.06273165076441,116.19774250743471,-7.834791460298272,94.30508441385946,-128.99356002043484,-331.80928693576845,295.6079865072278,8.118190714511957,98.66480975220477,17.041199998017436,-18.077281131550173,-4.592951594520751,-333.74940211740324,284.9441619419066,58.74554885702813,0.31073340887208767,7.569717209521004,-79.23814011615364,-43.95797084851302,-468.262064925526,-127.20360940200725
1771947937.091881,37.7347331688044,46.73659938353491,-4.221495473862532,-46.49786715238929,-78.42733325534375,-297.73105567788866,312.6523004574423,-45.43002577561239,117.6630385766905,10.793233199509668,16.7371445255425,-145.5813515816488,-361.44000864873243,-171.5077044505051,7.4045825289355545,88.02726599320411,14.366400962051555,-9.999736942892062,-66.14715687723748,-465.75851674090023,-78.40377431961441,59.65487096747994,15.914777861347844,5.45695603007262,-42.15150511113201,-98.14947807917734,-259.73698207130354,312.9781741655193
1771947937.0958974,38.18583229747957,62.272724277811854,-1.267081647156474,1.3727369938944958,-68.22697806630462,286.44243478785785,-574.8417297825923,-43.601695486540294,116.58105590330139,28.17355289153646,-48.81131945790814,-62.3246649471132,118.26498107037187,-32.42921634621903,6.613145960902967,76.01216550326755,10.232299029185159,-6.393086672467477,-76.74894223153355,19.615170217833846,-92.12623949552727,60.309900126344694,31.10379525417477,3.995181057531927,12.125291391053448,-81.55655275305668,325.8948792821586,-582.0865876045459
1771947937.099793,38.505073668406965,76.29862747792954,2.0805451259509375,53.68836389444545,-4.701047920098216,429.650999763394,373.9424152877108,-41.587849229364146,112.92577117254054,43.23352650786202,-75.78755908202191,51.51750073945638,478.0959460903005,236.31258177619208,5.746011074280127,62.896489880589435,4.793865607107579,-3.809817668482186,-35.19240032870086,454.99505109719615,208.26238800465083,60.70813631456551,45.52501848880673,3.4784276106746352,67.2383214721122,-3.6523581324347902,417.2896399938463,383.363550770188
1771947937.1036885,38.68669495951257,88.55489345094648,5.704308814942124,92.39753664550067,66.9733277535181,-73.99184315552341,465.3206055214268,-39.3992782873266,106.72976140421119,55.09825233859424,-57.15728709259079,114.14594117258495,221.11189371699518,-283.6545399022614,4.8061737737027155,48.96676575308765,-1.6669248869255635,1.2937175258528104,22.945516153519787,291.6205086266809,-251.07801322145687,60.84889033109358,58.84984603794475,4.0625778937743,105.31219543105115,79.059839390486,-120.65228139610275,451.9240850755613
1771947937.107584,38.72612827738602,98.82762382555833,9.45144325190725,103.93705524180969,92.3217810957412,-454.8225813427761,-979.017026716071,-37.0474004073711,98.08540488285969,63.14865282853581,-6.141106792154908,91.22707027854199,-330.1826223421016,231.0829674292307,3.797452816851819,34.512432806834504,-8.748993176436286,10.65160990236362,55.66343151938881,-220.05959854592538,199.2249006647539,60.733331653339064,70.78198662977954,5.748932327034494,113.9666721502946,104.91887152038878,-472.3801863323865,-969.4503459327858
1771947937.1114795,38.620102800777026,106.95212883797434,13.135420292319665,84.7594103702196,49.759276671557934,-134.91153149893037,466.3973350460857,-34.544206179655326,87.14457802910026,67.05767806390784,51.32671779946189,13.4034737630114,-464.7542817892567,-140.65236623848213,2.724436202512626,19.81960195779839,-15.951967234288277,23.307329361243042,45.991473365196605,-429.40311970267567,-51.88821704022001,60.36451906952278,81.06452537554935,8.383287599944834,91.17331050805596,54.0287580479499,-101.93893831767015,467.82866545853136
1771947937.1153753,38.36673178788439,112.81527982605479,16.54126147507844,42.550928260935684,-31.143967712705983,394.1259736915816,333.4490755902789,-31.902208248660564,74.11678107302949,66.80220600661247,88.4465570132635,-56.18489378815612,-20.766314105882444,-64.59249333657613,1.592417965708394,5.165342926991432,-22.707610520188126,35.93228304583407,10.316399267726405,-113.95571182682647,-132.6110374354165,59.747413118513066,89.48572989258679,11.670425811997074,45.823300621240016,-36.11691506806972,430.408511099393,323.76529476654036
1771947937.1192708,37.96558246661282,116.35650267285432,19.43457496693665,-7.2745319626373135,-90.77265283673471,324.2581322493906,-527.3054545684486,-29.134393260331784,59.2656725549825,62.65037729668807,88.63087322773052,-72.94961843699423,431.93070935754014,305.13102314325135,0.4073265685277375,-9.187385411127202,-28.42134075411052,44.194391610890875,-20.087238873069037,313.99895170524525,231.97963358625918,58.888869617850915,95.88345992609918,15.202608243728301,-6.1453506263905755,-98.78832793219584,316.20201638882503,-514.2830901971065
1771947937.1231663,37.41772758118846,117.56743210192866,21.574339076931725,-48.128005687329654,-84.52854784742944,-242.41327917883396,334.27962363208167,-26.254176317936363,42.904042131589215,55.12623717134767,51.50673012325183,-39.21778502188519,346.96972100829714,-336.93545039601867,-0.8243538255926642,-22.99407742636754,-32.52110205524868,44.60332834318298,-26.232730342690452,354.26388018877213,-191.97615070832018,57.79761380245466,100.14809182598103,18.49949358424068,-48.29258594301036,-88.46692695846619,-279.484135127807,324.2142289039116
1771947937.1270618,36.7257776545043,116.49028529119576,22.72906460483906,-68.83147201753883,-17.022475521736197,-457.21751475891773,-225.05557550158824,-23.275357605222005,25.387301801138282,44.95547602624395,-8.188767556637364,7.805251829790585,-138.07031103900343,126.69610653611808,-2.0956678523153327,-36.032241827677154,-34.50978961669576,35.95783233806784,-13.987187230272582,-14.506496064145276,79.10001479562051,56.48419486572527,102.22391896530533,21.055952441222484,-69.95898325336151,-14.743854754685161,-471.88975070976613,-224.93880704763222
1771947937.1309574,35.893893337847786,113.21504908739463,22.695540335832373,-67.25032182734769,61.4230097967974,-0.2354532192136152,71.54449330593778,-20.21208069835793,7.105626631945062,32.99759844885066,-67.80449302970621,32.02605980147565,-430.5360967732914,102.69897944058498,-3.399277827176182,-48.10415720157011,-34.016634008293785,19.736699040355763,-3.204527980870938,-356.9719426656067,31.919208062184147,54.960920983953805,102.10903887822931,22.393591847098552,-69.48427532458469,66.17747346589097,23.238703055372618,79.223683986827
1771947937.134853,34.927777507716456,107.87560596432034,21.318932956422874,-49.54697580798396,93.31632116722365,462.216478983531,232.48273890255302,-17.07879193404178,-11.525074648913636,20.17087352877136,-106.46305342732526,25.73192027812351,-214.1366534385225,-179.89849316039368,-4.727555545559824,-59.03882545852228,-30.842543250276158,-0.5301778180966517,-5.590780031397682,-285.5629917090066,-100.83980073609736,53.24177516154733,99.85378467054122,22.111471452113022,-53.14655367530373,95.09913035061794,488.2650717625685,224.08967507798732
1771947937.1387484,33.834647012312075,100.64494849286393,18.512622460554386,-25.979576895673297,57.4209188139816,271.522098616628,-395.17790065019966,-13.890200084703054,-30.07313443908771,7.376834661998653,-112.83434855174346,7.851831741808997,227.65976675938097,137.14949712314245,-6.072675494376389,-68.69315215776014,-24.99446414243949,-20.30268430305034,-12.824543897903935,118.58994011211944,109.71040187886773,51.342312439514664,95.55780021018248,19.93150737373842,-30.893890088984197,54.23047944118649,266.828804267501,-386.8489690883566
1771947937.1427538,32.623184208511965,91.72965089634998,14.27586888495124,-5.844545859483596,-16.6212144855365,-290.88207745056883,278.9699513596219,-10.661235557697717,-48.10178488743063,-4.569126158390389,-87.99870677549323,0.10456324647092001,389.5701673266458,-87.9008646193888,-7.426707985118085,-76.95240616617426,-16.704406731763626,-34.965220332267116,-6.352941516911895,395.2349739362839,-91.97131292919492,49.27953920752428,89.36589556727974,15.734428552772208,-11.481121543439293,-21.694140423237204,-315.17433767272183,273.0388381944439
1771947937.1466494,31.30346870908521,81.36378000811963,8.707285058166237,5.888105709462583,-72.94377542926769,-446.6830003085924,-68.9877599295475,-7.407008373823937,-65.18021093763757,-14.99534609554983,-43.10533868213461,5.62443170865238,109.83842167265449,59.61021023999277,-8.781710799298365,-83.73003185751614,-6.429863650171628,-40.70969770586608,20.331803747349596,213.30660639303187,81.44130613513882,47.07177559781061,81.46285125890715,9.58285859330025,0.5694576493318277,-74.7159915276194,-456.9622023817337,-73.96467570566266
1771947937.150545,29.88689006781202,69.80243621982984,2.012170295087829,9.193425581060753,-72.82697886358494,-9.94425807897892,-98.8973433364792,-4.142764241183276,-80.89468927313374,-23.415253723768256,6.1497516881700225,9.171017625278786,-285.7622771509482,-9.659694521555936,-10.12981803951703,-88.96690344702627,5.166127440859343,-35.7193745817687,48.985801919336815,-235.52735957313013,-54.39728988522283,44.7385022031676,72.06736594262703,1.7290933491292557,5.326525272267808,-68.80906845003506,3.6610590524986812,-85.22103713765114
1771947937.1544404,28.38604241107256,57.31511654582524,-5.497946647629758,7.463317621455223,-22.353369103025273,416.71488587355367,212.9104356058481,-0.8838380870702696,-94.85949432731786,-29.54976277129518,45.44489816358445,-3.5543299365206944,-353.8961913407399,-49.179212474544464,-11.46332496450281,-92.63012176822258,17.2552118218913,-21.545740290887235,48.46224877185729,-423.17636388476564,-5.931627284009501,42.30019259282205,61.42536036469332,-7.393648323042791,5.8644651736664075,-15.133450868482097,433.13603759106843,206.05465908439743
1771947937.158336,26.814602245595555,44.17908624159456,-13.414706268406972,5.16134163313439,36.14137693094032,295.2553262669758,-247.04890954139768,2.3543955434763326,-106.727251820374,-33.329801973908836,66.08395916310663,-27.613003609592223,-12.923430066042588,80.59060329960319,-12.774767663321473,-94.71145886718995,28.902209218385643,-3.759882657683607,3.9607808357945675,-100.57409967953171,81.27287489891715,39.77813326752479,49.80285960439036,-17.19639729179331,6.063933368183736,40.88396961681614,294.5664774459506,-252.92692345981442
1771947937.1622317,25.187190857943676,30.672933612228732,-21.25172053761355,5.751630375034781,59.69388007842013,-179.83625400470015,178.61126790645676,5.556575728926408,-116.19843035371176,-34.8799441666546,66.71605779486875,-40.185393931290776,354.5595456191149,-106.09371267022622,-14.0569965328432,-95.22555623375463,39.13792022195731,9.255186919037822,-61.84038789469186,364.6853505221627,-149.49840914477983,37.194232827302265,37.47867671677967,-26.97457363947756,8.773847419216489,57.80960928924116,-193.40681413295894,186.2038095600936
1771947937.1661272,23.519222916944493,17.070466521249575,-28.472402753300873,10.45299299754605,37.43857410991603,-405.6958274955174,-35.598261115224204,8.707412423020928,-123.02968257940348,-34.48579548590826,52.548812900339726,-21.614650918997935,309.5907228677935,120.23040451643975,-15.303242681683031,-94.20797899972685,47.04061041766945,9.628393015413197,-98.39737085360072,397.0607098903087,166.1129760631235,34.57082226948588,24.73711525370224,-35.96034881241366,14.752601976400408,29.741899304270277,-414.3460438711075,-35.5814675990532
1771947937.1700227,21.82674310153664,3.6350896525489724,-34.52553154452048,18.01983442490846,-5.193513266783398,-137.1241377354822,-111.52545804236128,11.791747935820604,-127.0407780442935,-32.54918440967944,32.57637814230861,22.754879527280842,-122.0996455305742,-70.36436561305665,-16.507176562593486,-91.71322072020051,51.8192725063254,-5.753833948647321,-65.74576952951008,-66.80962297204664,-104.38027073461434,31.930448495794302,11.86089654495929,-43.383365647849374,22.526630225537147,-13.405219846734601,-132.06407762076478,-116.14149703107785
1771947937.1739182,20.12625276157976,-9.385221268549843,-38.886352435069895,25.518206739638508,-31.629708911820085,275.0463007595791,189.58151671360633,14.79462273664052,-128.1199081798642,-29.536127031307686,15.774312988473786,61.21007401019031,-426.2588851775316,-21.283924144292396,-17.662958288165918,-87.81274094708984,52.89109494215588,-32.22997752760236,27.199842324980636,-458.0168929428178,1.417667264570136,29.295663241350255,-0.8755002184414072,-48.5350995408189,29.1578589884935,-34.51267341213328,286.46519748701814,192.11599235523937
1771947937.177814,18.43452873928497,-21.762258233727994,-41.10023399978276,29.724182059749005,-25.48985128077057,349.5726371710438,-182.78146611099282,17.70134557130483,-126.22718899435553,-25.922970031154957,7.611917511042205,59.147538486377634,-199.12615232153726,94.33634328283878,-18.76527920416782,-82.59310132829563,49.94559238686796,-57.499420147070616,118.93489410553173,-276.9248141065246,126.46662762458799,26.688809706146433,-13.21192111242074,-50.831646427424324,31.609394771269905,-20.943868191165407,354.1350151040158,-181.11679405240633
1771947937.1817095,16.768436543036962,-33.29117077589922,-40.8253175677968,28.457105927990064,-1.4239277913329498,19.400417581740957,113.00189066308758,20.49756777199497,-121.39623847547601,-22.146015104442952,8.219406874316403,9.533309278704198,303.720869827588,-150.06426936526003,-19.809394418661068,-76.15424727672514,42.988614265176054,-65.58731047702227,136.2635852751712,250.36652827027288,-260.3479043657049,24.13180918090031,-24.907908720535392,-49.86963339224906,28.061186265393765,7.468613557538206,11.857903410201452,108.6180792432815
1771947937.185605,15.144740115559825,-43.793272992104896,-37.87030297143584,21.244920299745015,12.217506502053078,-328.48822877139344,-1.5239406180012867,23.16936148036964,-113.73376270600582,-18.55934480587128,12.869627388464748,-55.92767016033979,429.6341440567746,178.94136427669412,-20.79114614744677,-68.60796320538303,32.360907733068146,-43.66783438370323,52.604199137298764,447.25025669251926,273.0620359233464,21.645949958115462,-35.747257808732506,-45.47028377708203,18.560428595369114,19.502042041748044,-339.7619118885959,2.559132407511227
1771947937.1896024,13.579910495470658,-53.118060293223046,-32.22355357296791,9.248149373247413,1.8193005575436636,-297.15464566294855,-89.99509830013031,25.703301323809082,-103.41714502292928,-15.404571692520701,14.418075527463364,-87.35246280201602,-19.02603732453263,-130.5689657497351,-21.706977921623494,-60.076510596945226,18.72797214948308,10.70179679499265,-82.77462736774747,72.20122833845792,-106.59971739114864,19.25168082676916,-45.54168390131379,-37.70742042925154,4.886472113888225,2.849677651810252,-298.138702565801,-90.21660614228358
1771947937.193498,12.089935708612286,-61.14445283675708,-24.070116251158474,-5.143513413422066,-18.304465869580604,83.03862225057604,107.97893941380413,28.08654892757052,-90.69009323282431,-12.794922511574063,6.629327747126738,-55.424967390887744,-459.12126941397395,-6.752270126491129,-22.553939860857774,-50.69143960767905,3.0404453213605467,85.2499301501749,-173.21418691583767,-364.7843587139238,-97.80189121317275,16.968411438079972,-54.133565473081305,-26.9163227579392,-9.993072025106665,-23.86124552249678,95.33577557892569,104.44509167558432
1771947937.1973934,10.690134201908517,-67.78130521008008,-13.794037477604274,-18.691698397562003,-20.324551134828454,379.8352236995782,-103.9157521730479,30.306939529025698,-75.85645862724147,-10.714578616191378,-12.806971611888212,22.169819295530562,-276.91744566596066,194.13827318731,-23.329685321820442,-40.592546920170804,-13.533009389171673,154.55489944048597,-145.04600215898975,-297.6782904260333,266.78275033017496,14.814321758774708,-61.39775259513871,-13.68179918079512,-22.510984821336667,-28.596833316017033,390.6145968878985,-101.31687638777613
1771947937.2012892,9.394974042355635,-72.96724214001573,-1.9644708856927826,-27.822913886754858,7.926707603379304,236.41022645347772,124.68514699512757,32.353069852426536,-59.27239619299887,-9.032673723610523,-40.559410864985146,89.87551602138367,295.73105141021,-317.766537683764,-24.03245931617768,-29.926936845731753,-29.695652868871598,188.47278925874116,-7.698196654078068,137.7708415754959,-429.23594851875987,12.806182692607269,-67.24246583344456,1.194507207438238,-29.21118552652017,2.182048582782408,229.87259399342955,123.51008399347901
1771947937.2051847,8.217899985938852,-76.66989630873394,10.694574742210591,-29.696780497834972,46.36487241610631,-202.37130458208816,-102.31736748752208,34.21438626959534,-41.337086991055365,-7.529948343925593,-67.98747750058845,94.87637187177091,455.0718957143614,243.18788348896462,-24.66107920239563,-18.848131154275425,-44.12841125384378,164.98325915876518,145.71906574237522,329.03107273656457,399.79473770849205,10.95918979053246,-71.60933701581263,16.745830720501143,-27.887654126753276,46.359962105847316,-219.93670804406005,-96.93308997489228
1771947937.2090802,7.1711704147042505,-78.88463543955395,23.349525855889844,-23.784337080803358,56.394233932345905,-421.58179894197457,-9.705286074075216,35.88127212732279,-22.48228916755314,-5.93489914083513,-83.86243758357753,28.929846591237727,-36.61659723951583,-47.29058782825142,-25.214908288321958,-7.51516636816272,-55.602537038068014,81.86369280994307,203.06048602773657,55.83375870985056,22.45242406981239,9.286811824046282,-74.4726663712992,31.907606664808203,-19.019764743038618,61.57753704845565,-426.2396375904508,-16.42747831174798
1771947937.212976,6.265706039436498,-79.63287165450869,35.11479377424494,-13.05842099931219,16.011839308408167,-134.60349785052904,140.62780892130814,37.34513301541761,-3.161020788400071,-3.9654301674189565,-78.90659140680717,-62.09987930635934,-472.2243618349031,-103.41446727437597,-25.69382308395025,3.908385532418269,-63.08924869844197,-39.04517611590291,117.08634482187126,-239.4945149919038,-563.1797659275103,7.800655858673181,-75.83798804174232,45.59555922859889,-6.616902040745879,22.85363959158489,-117.25401365302088,135.5294202368942
1771947937.2168715,5.510952130551905,-78.96004772392331,45.11849634394223,-3.5713165430417724,-53.95991531923383,337.5148046879277,-203.13160690851592,38.5984787045512,16.164296147459886,-1.3715710201351063,-50.381442181266955,-110.68872572478668,-210.25546668038794,317.3707223663931,-26.098174976049595,15.255536585895328,-65.85622622897044,-158.28984084857225,-55.51358852040612,-135.89216342523704,716.2316283535682,6.5103502956415555,-75.74004866470389,56.78860739171422,2.6201642402638403,-49.51799677628876,354.60420712999314,-186.01376853578813
1771947937.220767,4.914755849599405,-76.93339300858398,52.571239808215836,-1.9352338309084063,-98.88861457111781,415.1627020111966,172.1996415596892,39.63500046914391,35.03388571252581,2.0251935958018468,-4.3658463206015945,-78.71520792233542,362.8279995091303,-602.3712568901793,-26.42874708413442,26.357201718240102,-63.54161335376221,-234.0016751135441,-192.40153280339032,159.56719631097133,-348.28176683525555,5.423447129816054,-74.24031198611269,64.60999211180015,2.107360851429181,-99.03991112476014,406.6790355220434,161.401087489983
1771947937.2246623,4.483260035290727,-73.63953643263024,56.832231508467835,-11.601654406988741,-72.61147676091628,-23.21983419830261,-83.20095085382118,40.449642482175165,53.002512005278284,6.300041775872731,45.81634080611597,12.151752459439722,386.3134807420184,420.0215298389097,-26.686707065916664,37.04376650747798,-56.197884715644406,-239.17829093006014,-194.71736170047174,165.23409820360698,-258.8050509384773,4.5453444301269,-71.42410569713923,68.3999085392254,-10.893385256154458,-76.72152274824631,-48.06637841360222,-88.96534042603406
1771947937.2285583,4.220814596195936,-69.1820542542143,57.4668773710689,-29.84691144712209,19.487744898088526,-448.55464418789757,-23.452607361193014,41.03866592923506,69.65087219176046,11.403673981006243,84.58631607092326,95.26612167980318,-180.16384274127176,411.6667782089108,-26.873556707389056,47.14693786585027,-44.30045767073603,-172.9874770311174,-60.45259410296822,-123.92789715575668,686.6515661523683,3.879229829744861,-67.39752418211705,67.77338100866672,-32.54292533982684,14.122227535773291,-455.2189423206155,-10.097683905734126
1771947937.2324538,4.1299064876973395,-63.67901724005862,54.29044574771864,-47.32080377749829,114.8445079084564,-320.5682352785415,161.06592456772165,41.399704493302394,84.59616059220248,17.15416379756443,100.22644594820129,108.80515389762417,-478.0861852287256,-965.3262409590126,-26.991079246139726,56.501891478245994,-28.71904611286398,-60.76933147191624,113.74575569922416,-232.44397715570736,-611.0879866453373,3.4260456244528283,-62.28419301853035,62.65813302202839,-52.4131674593167,111.23879349766442,-297.5095939625909,150.44114048636507
1771947937.2364457,4.211109069631348,-57.2605868117355,47.393335187853125,-50.9872561104651,136.56250938168782,210.46379335409708,-291.43409790133734,41.53180995154159,97.50150463528809,23.24283116483232,89.29563235199117,42.708519005168796,-45.38648229870256,513.4932371193809,-27.041285502824348,64.94970685995372,-10.65317678604024,57.13418538378713,203.99449501740898,50.29789651476376,117.27674951784297,3.184475882224359,-56.221989552190294,53.30870803078215,-56.823185876387114,136.4022014342631,232.44286645497084,-286.78678757701874
1771947937.2403412,4.463051419247704,-50.06669459852772,37.144899589711216,-29.832031652359007,55.26862907564587,470.90549883946716,264.2812698539052,41.435486777833255,108.08401286851588,29.253882509068774,57.475357779481094,-53.539316897710094,471.57233608011416,268.09082202864647,-27.02636000063387,72.34005726198644,8.463316019115586,142.25547150465297,149.78836898316592,315.40083030685685,314.902336173438,3.1509557313880157,-49.3598004047183,40.29497222554573,-34.73844797755928,58.21382318126284,460.10462162885375,266.8627316195667
1771947937.2442367,4.882407924350721,-42.24482527400467,24.1745509788575,18.672767705558016,-79.7757432297813,132.8897279639291,-65.31148385779741,41.1127148080495,116.12122246570105,34.69630760961265,16.682690108495144,-108.53749464112488,287.7455379283065,-496.9289369781547,-26.94860830354357,78.53409948881374,27.080972839689963,172.64293074059123,-4.1733639857016565,130.43004033227325,-409.7111821061042,3.319702734247058,-41.854381983006995,24.465230756927536,15.831965484717895,-75.64123773727616,102.73993283156172,-72.9156310538219
1771947937.2481325,5.463908253385634,-33.947908328226276,9.330834987430464,84.2950851092943,-170.26316505280337,-351.87060549475507,-125.8770423883971,40.56695919531159,121.45578700888164,39.04540230622503,-20.09533840750163,-83.0377135855878,-335.5373775699273,358.1961657011899,-26.81040677107054,83.40748994520217,43.66637124909283,148.9430690155148,-144.73154583358885,-289.5609147316318,334.91327731801107,3.6827700182638896,-33.86737376904268,6.886345971034821,83.83321760782663,-167.23255397854456,-359.5309613353682,-117.28231113207264
1771947937.252028,6.200367621223033,-25.332310755842403,-6.378818118541016,144.85078470364206,-141.74410591923495,-356.35288270681195,271.49725249246245,39.803167092298146,123.9983035770266,41.79039332919004,-43.821055104304214,1.233816358697458,-480.6659253166398,-280.7517843962114,-26.61415580092039,86.85343910064032,56.83513725608678,90.29923054894076,-175.37660863594627,-349.9972016340063,-215.38844358922483,4.230120654705444,-25.562496777465167,-11.23472509761453,146.31819064253074,-141.2422674519199,-329.952471415504,262.37870935491645
1771947937.2559235,7.082737112979164,-16.55591102889403,-21.86312051401979,173.3321697361332,-4.847807456023505,85.80657499509755,-431.97152134153475,38.827750736102736,123.72823902901442,42.484044073402565,-51.99195078466468,79.78842250250793,67.18817354003728,104.74205306474221,-26.362237449405352,88.78570685717352,65.47430948406677,23.488575761055976,-84.42591337938313,75.55215034851004,-25.39190000243246,4.949722615042052,-17.102952815747887,-28.641848865308486,175.84395508911163,-6.788882571292428,110.11963780429153,-426.4459554567456
1771947937.2598193,8.10017364291091,-7.776227065486177,-36.03070005402955,149.4728715049004,145.64812410542436,357.9569551515875,397.9126262774083,37.64855682296771,120.69297544301314,40.789855404992394,-47.8875280290701,95.58142035192715,522.3945928312196,251.71262840075605,-26.056978148279935,89.1414349621618,68.84280421861446,-28.698035777316317,53.15257361785526,435.37588395091257,293.2357612440267,5.827663449213458,-8.649026172784598,-44.12575095502896,152.1188145266764,142.61668143608975,346.47845002275767,405.0548862990787
1771947937.2637148,9.240128905835244,0.8514321811131896,-47.87561838775411,70.73574067586571,198.03584472132061,128.57085964646387,42.55311954812379,36.274822227619595,115.00505155298765,36.522562726472884,-37.484629768468736,41.59176163158338,251.20089277756873,-430.6055755124014,-25.700617103426158,87.88370928479226,66.64052805316999,-54.74303964457867,137.17458210326214,240.1754844999861,-361.80823508798767,6.848283614393506,-0.3558789276589763,-56.61724062849066,72.87757197999233,195.62248767246504,97.31600081733826,25.927067988942746
1771947937.2676103,10.488456477303172,9.175821394119026,-56.557283288696716,-43.216538636398376,108.38335680222548,-222.24389275844047,-591.6311585215001,34.71711629141497,106.83772996379359,29.678073862589343,-26.177933028187272,-36.83182275383011,-351.29120626491516,288.0490125568346,-25.29528083075087,85.00374548786844,59.0393917585613,-55.44700119546407,116.69929368003218,-271.93975673959034,225.14869634399014,7.994327191168577,7.62847648344484,-65.26979066344278,-41.85947747517593,107.66805401585502,-230.28012658172216,-580.6204124056871
1771947937.271506,11.829536083796231,17.051646709310567,-61.46772319750276,-155.98640336932445,-62.78003430891189,-196.86596930852983,736.2455253983978,32.98727011929519,96.4190683140431,20.44976921664667,-17.007572004716337,-79.89900397707227,-466.1441282687049,-64.58141510139176,-24.842964112135842,80.52259748651696,46.672862232700076,-40.009623760633865,21.254184714862912,-448.47276069276035,-32.14704809552319,9.247108601214023,15.16504916967761,-69.52442705667146,-155.4253540983106,-61.80765692602246,-171.7155038649134,735.9804473473031
1771947937.2754016,13.246413976659353,24.341507728044853,-62.28017455807379,-228.30424169445152,-192.42944770114585,104.32897923963854,-348.3153944704541,31.09829356578758,84.02471441683747,9.229136513517437,-10.644803075886378,-59.98974150377161,24.091693805697755,-96.35626151048939,-24.345517446256785,74.49229877527866,30.584440872599732,-20.063456745362203,-70.39381650877083,-69.98161093394674,-135.46875914609163,10.586693865295883,22.125610351191416,-69.15131535406927,-228.42086027019784,-190.6048598605139,127.25649217653967,-353.95668315721736
1771947937.279297,14.720958236296838,30.91790484075476,-58.97451688482404,-234.17779152012713,-185.7765631665514,187.1443180948444,-288.5643012726322,29.06428079148509,69.96967805246824,-3.410050911347564,-6.250971345708134,0.03917625908514851,450.3068041528619,224.34424682454036,-23.80464087967811,66.9963606210353,12.13922160509781,-4.520076596448302,-94.38877069126677,387.8305579654357,233.91880390457925,11.992094846915228,28.39432479328066,-64.26440559240983,-234.80907515735242,-184.07831575701778,177.66492629768675,-277.4129260166775
1771947937.28327,16.234027662878294,36.66530847826878,-51.83714666139794,-171.7385585802385,-47.22223216731428,-60.88892194614128,727.3689484773407,26.900305405223094,54.59935401449776,-16.74347795909516,-2.2995627616107095,49.464641413478965,291.04567781534706,-283.32866183850535,-23.221883970356185,58.149566945777806,-7.093896981341883,2.978640320876525,-47.085695204637226,370.71771922544485,-227.15405935323201,13.441474774985021,33.86928820896261,-55.30785274514095,-172.6822859009115,-46.22724153384405,-87.47104489886327,713.9329422619925
1771947937.2871654,17.765652687211276,41.482269009327865,-41.43521578378739,-63.688721034239464,122.73785541763485,-212.38908180692533,-617.0181753293981,24.622306309397597,38.28008265139077,-29.942099390952862,2.853403502859175,52.40590307469475,-204.2651549689845,197.40750300008366,-22.598651539391366,48.097023438941456,-25.47901192487642,3.6243633217522335,20.99474801916544,-83.2257148259323,129.99546124494518,14.912363140220739,38.463974420471864,-43.01544803582871,-64.67760468972334,122.92373569556297,-219.7761606407721,-613.2547982689642
1771947937.2910612,19.295226499916925,45.2835268205905,-28.567539000736616,52.65310838195821,202.32782884937967,11.469807439467012,83.9059443537299,22.246965487533153,21.389536675242777,-42.128943739676224,10.392208288989641,14.81488720873753,-417.09348970169486,0.5807659239622307,-21.936214760627994,37.012438637809154,-41.45685311887362,0.9773776580366565,52.39930121079971,-425.59550463701623,14.282860652059684,16.381877851085626,42.108582384365334,-28.346733449679796,51.944168200589424,201.79499617703652,30.320747128784742,92.74227268730046
1771947937.2949567,20.801704388394725,48.00206393631417,-14.196652179194,140.73877483588558,137.9755485460151,277.1038413078671,334.59770893902646,19.791579117221424,4.307216791170711,-52.44281015830823,20.372389215542192,-25.123558953840792,-129.1285009774373,-172.05450585269912,-21.23572700691782,25.095637157279782,-53.68233481061609,-1.7557542496864529,29.809125634556665,-264.8996400047402,-137.52842392880137,17.82695235327771,44.75125916233445,-12.405582844092606,140.62059579373712,136.80727210490366,294.4589114591974,324.18066106199956
1771947937.2988522,22.26380912007763,49.591023412453914,0.6317479716161465,178.36178349259373,-18.849839813491727,134.51299910415705,-387.41800908297085,17.273923510322966,-12.594676798111124,-60.10402868780288,31.285927683216936,-32.652813263936224,286.8214092269319,211.14297455756565,-20.498243752662987,12.569328431889517,-61.14353310287679,-3.1044357947025314,-14.74939441415312,197.15511512378762,168.28311875281616,19.224565293370194,46.35916249875449,3.6513972886889006,179.0096138050665,-20.458076653023895,128.88016490542722,-381.8069459426209
1771947937.302748,23.660240141195786,50.025412379813666,14.874614810792158,163.64322099330863,-153.29732468885604,-264.51561578778376,308.99513042619554,14.71211743463707,-28.95975481155365,-64.47709432722037,40.24312528068079,-6.395898929186204,352.5639670739146,-148.61104629753623,-19.724745767381332,-0.3248234248127299,-63.251196126364135,-2.9509495391487164,-32.999258027268525,424.08441396117036,-122.7957482119137,20.551970269113234,46.91931754025574,18.70842819341113,164.97962106312644,-154.78372295329424,-281.8821574880784,306.1878338794504
1771947937.3066435,24.969884380930772,49.30350003822653,27.574836028750344,111.91664079576563,-173.19108095506596,-337.1524932616099,-227.63776361171696,12.124482367969517,-44.455121769000115,-65.1250362501236,43.79728887315588,22.91178941876424,12.933023623227076,63.645484545401736,-18.916164823126696,-13.330762328443024,-59.89051192141841,-1.3467564289989595,-5.451802186969156,159.20293718873506,68.89003566871888,21.786923265220416,46.43921742573717,31.777786396738527,113.56859937824002,-173.67689984119545,-342.6461298145072,-228.7325909035761
1771947937.3105392,26.172026529601553,47.44782285966281,37.93456615067368,46.507698074144166,-73.64191643391831,77.46458815436345,14.053737495309406,9.529402223003414,-58.77805992362072,-61.85084950650451,39.105258431539234,22.694393866323274,-336.7719626760915,25.950069647443694,-18.07341113721773,-26.183149571368038,-51.430260047721454,2.0046088722327204,40.591347946775514,-291.14674494021307,-16.38949442465038,22.907905490303992,44.94711670995191,42.07312147344816,47.89203614739157,-72.48037955180486,87.74380378918806,20.515051790892358
1771947937.3144348,27.24655673823755,44.50571457185596,45.37224696580678,-11.34273561063595,66.03632391019572,435.36323253002075,266.24534997187095,6.945184083964622,-71.66158402460577,-54.72217304340155,25.09946143743378,-9.714319192997257,-296.22533065109195,-98.44641172261734,-17.19740174983136,-38.612915170501154,-38.68834297323566,6.955514675769151,55.48071766678209,-404.6048080839656,-45.332032054667096,23.894339447622546,42.49196871825708,49.06271243932722,-10.80758970468098,68.56636414776095,445.4221481745587,259.630847087525
1771947937.3183303,28.17417374107613,40.549287561192386,49.558617911333045,-49.02954089322672,146.0080471388159,226.11806573840562,-368.3014283169872,4.389921487512834,-82.87877994229841,-44.076597165274165,3.437737487379133,-42.74073095490364,95.87779840051277,106.32559406657326,-16.289089011364652,-50.35312971752458,-22.85668133069379,11.599320282119317,13.406154601856619,-40.61326861080727,97.05136094414435,24.726796164996614,39.1429624925251,52.49849771457108,-49.664709992263504,148.53878551909767,224.42165669971763,-365.9602505335044
1771947937.322226,28.936581466427572,35.67480573896951,50.42911377557303,-64.01635015483927,118.65712755561012,-300.15481164293953,253.7001359778215,1.881361718085119,-92.24588482834272,-30.50645045696273,-21.132534768803264,-38.724345671387816,388.44354478451993,-72.74409762995916,-15.349488369938523,-61.145061738556244,-5.392202597938124,11.974099345876763,-59.575159711214845,379.15656214117024,-127.57347897761264,25.387191613320073,34.988622775172026,52.41906974820105,-65.70703430557052,119.47042250718461,-308.47370153509405,253.8094648310535
1771947937.3261216,29.51667731796496,30.001407237738437,48.17236981647878,-61.22443435441154,16.465661494100814,-452.15429062053687,-58.492992986086406,-0.5632215337770743,-99.62411096661377,-14.823542673283908,-41.58216094261287,9.361906693455696,222.16290565375905,53.44456866423343,-14.379704718871697,-70.74427618093901,12.116190841703506,3.7297892018755987,-101.85163460116483,348.3542133307611,127.18385573338229,25.858970501913234,30.13544829458748,49.127325366441774,-63.43780309866795,14.744822584728128,-456.2389357428249,-60.034566001284716
1771947937.3300846,29.89873046910885,23.6691576771791,43.19686851982677,-48.69620803384703,-80.69284495263842,-26.296967016375763,-116.40800140019256,-2.927148944258584,-104.92025727207394,1.9940088014745923,-50.9402509797175,65.80770853019037,-227.3798869099409,-44.84108556405324,-13.380956653904343,-78.92662388118029,28.09252433827826,-14.765898627278272,-66.66978294430933,-108.10929952937134,-83.9632299879964,26.12727584234629,24.70607880633241,43.14585867976464,-50.70825823365187,-84.05869941009311,-23.0091936331809,-111.73748497414735
1771947937.3339803,30.068548665395728,16.83643907559659,36.07982694686622,-33.696301233619316,-108.21208323361014,428.2705708217241,209.1222270661108,-5.19444868059306,-108.08618917788806,18.86920899683047,-45.59742774224785,78.47002355451633,-419.1612496992601,23.792943330532434,-12.354598058980207,-85.49396898603466,41.11722728211593,-39.633304266683766,33.68202550758272,-434.45616214881665,7.763093604412057,26.179102866081575,18.836998051087463,35.155231211217966,-34.92524980634285,-111.04074586819374,433.9860051478934,203.90549930439684
1771947937.3378758,30.01363214026923,9.676704047501204,27.50402900824729,-20.553233392954866,-60.0339860329618,342.3412105107229,-213.92601141911686,-7.349960913041825,-109.11729836323414,34.70293077150451,-27.92370874212804,24.260774871022313,-95.77492660323037,30.96564745838011,-11.302136487020451,-90.2795014807347,50.05597077753481,-60.94022772213518,128.67974638051226,-221.11897367398933,108.47888448458636,26.003436031448846,12.675796548032618,25.921750115142924,-20.826952580347076,-60.34052416159677,344.42406957961504,-213.60401712591099
1771947937.3417716,29.723313340915453,2.374649270849222,18.189301754581095,-10.532078543915498,16.510641115744434,-152.40075398047196,177.86324165954156,-9.379432893190868,-108.05007838688243,48.45411630843975,-6.325094823336211,-64.51452076037988,363.9067626109376,-133.48428216236454,-10.225247867202738,-93.15248629129418,54.16196508379213,-65.48832783045624,139.95873727314753,262.8024033497006,-242.78907479047035,25.59136798494466,6.37803480889345,16.222193111994184,-10.140858539680053,19.01053434575687,-156.12764012360842,181.62879074345324
1771947937.3456671,29.18888127969588,-4.878113538117155,8.82563579005698,-3.112768591106814,63.69774143813844,-436.75549466080116,-85.41239225612077,-11.269603963297818,-104.95897059301822,59.217110333787055,8.024667077501043,-118.86904926888653,382.76032563158793,207.729550914515,-9.125787180449922,-94.02230958606165,53.142233680265896,-42.51411577841094,44.88156752552211,399.1800474443585,261.6578762800827,24.936199498366605,0.10376457025041617,6.772975744848574,-2.608130132078332,67.27293640581414,-442.6829496655902,-87.60447508916607
1771947937.349563,28.40368948681309,-11.88778741531141,0.014539667555752457,2.501281679508606,56.82849090273535,-195.545301987751,-83.1090995642002,-13.00828006155524,-99.95264563417687,66.28985221812083,6.659621979293439,-86.65417359701489,-81.36676849874789,-150.27420225661285,-8.005794878412699,-92.84169633645986,47.18169311452182,9.715568777742376,-97.71657592613589,26.414170001568007,-104.15191062519123,24.033519600193817,-5.9862174030739475,-1.8294300103326997,2.6626533683858757,58.95154130876874,-196.44843077965206,-83.30481929288909
1771947937.3534584,27.36324670610403,-18.463398063681048,-7.775856921712385,6.664414245374257,15.556855260359281,247.6517299070789,220.4917582582282,-14.584397457587533,-93.16988857188957,69.22724578910369,-11.07066318189787,20.563300642413875,-450.7193745434428,-6.510521019387929,-6.867498929770326,-89.60898961151908,36.92277906709803,79.60466013437545,-184.5795286977713,-348.4632771666054,-90.02085902043245,22.88126532136675,-11.734293066850851,-9.151374111460521,6.4392192263119306,14.785251879414705,254.48965039515465,219.9008855652086
1771947937.357354,26.065289611521038,-24.421940692397595,-14.23806289306971,9.536960530332541,-20.33320232412602,381.3281320083303,-226.15929466180305,-15.988075582549783,-84.77524994634669,67.87512750245163,-36.002636022911005,127.91619741255703,-252.56191971228233,161.6078725143265,-5.713312443312233,-84.3694008477892,23.402509881331675,143.3687034157451,-144.22467184188272,-240.04451532496503,246.52717788988465,21.4797606448795,-16.990022405731924,-14.94464148865208,9.38850165789738,-23.27051632139921,388.0692706376589,-225.61070958781553
1771947937.3612497,24.509836935360095,-29.593514945288522,-19.232961736297035,11.588066752472445,-26.2000150447152,91.23626940514761,141.18639792434436,-17.210658943971136,-74.95461301387708,62.38178088456989,-51.84846869309112,150.29727704004932,260.78513782433225,-261.1721491273077,-4.545826874044381,-77.21516201174275,7.9528745404699945,172.83881772407446,4.8172680605633715,162.55701623998903,-406.263380750645,19.831734393581176,-21.614107800742225,-19.147459837805993,12.2736465149132,-28.991338796549616,87.57398813584987,142.38808551426996
1771947937.3651452,22.699224531971094,-33.82628999847387,-22.778294258970476,13.5069925002262,-9.084591729527405,-280.9596592140194,-30.500755113890722,-18.2447482677254,-63.910810271428716,53.185772476698546,-42.19355513211008,60.01088526659043,429.5552985346835,249.37318926778133,-3.3678009085551537,-68.28453582182823,-7.92611227580643,147.70008194877198,160.94169088608865,289.50482907651497,399.00510622282303,17.942316952506808,-25.48220755787775,-21.86488072933678,15.640730088216536,-9.658057922244218,-292.2214383388815,-29.806171608187853
1771947937.369041,20.638121071624433,-36.99113936479139,-25.02024158730083,15.434605419400805,5.238623682301316,-343.0303536595451,-92.27191675165935,-19.08422117044406,-51.85940121258266,40.98086301941747,0.6841833862618005,-84.94053621800154,50.098755574176415,-112.66184630995052,-2.1821452421331955,-57.75966841196282,-22.708758673329193,66.70837432970606,210.68265002796628,3.6189706582252597,-3.731614801330306,15.81901591946981,-28.48848034008209,-23.331685753204933,19.040766380335143,7.104816120180574,-346.40297330514716,-95.94453318051481
1771947937.3729365,18.3335242385774,-38.98578792622165,-26.192257800310088,16.315535318772145,-0.21974292015031732,-34.10142476526653,188.69707454102647,-19.724242788808358,-39.024698261173356,26.66071363993943,69.18427164674128,-178.5988533596438,-363.5399114876744,-67.29607841646954,-0.9919035506044368,-45.863298215179064,-34.988042150978664,-48.28117975929726,113.02863306971763,-237.3476174187835,-539.0040345917623,13.471670979810073,-30.548743904093445,-23.86278012499511,20.616830326966888,2.352439999116091,-22.631775249498705,188.04763151673927
1771947937.376973,15.794737450325444,-39.738323351731296,-26.566630524154302,14.26061267510249,-17.427503518789212,329.28910558937923,-197.74849200290004,-20.161266861316644,-25.636100123311014,11.247885679151254,139.9770661357753,-146.02839596796844,-278.7460359592249,265.45737697839695,0.19977000948875673,-32.85436401391066,-43.60832586791314,-158.76498126655014,-67.02298680017525,-84.06295035790609,714.8678105114531,10.912388462896681,-31.603138385524144,-23.797306879942283,17.84483248347612,-16.36210991713144,340.9932159787433,-190.09361427365852
1771947937.3808684,13.033327212858142,-39.209940351690314,-26.404971751533314,7.948914835594348,-22.47882578155784,345.3142142973465,120.59733603680814,-20.39302780947161,-11.924763804548666,-4.1869487823476135,181.663590764165,-3.629558444256263,147.92730689417962,-462.42280828269213,1.3896364397013876,-19.02258407758492,-47.773881666735605,-224.59101810529452,-203.0566786900546,192.36045310452266,-360.57827620720286,8.155456151363751,-31.618196467659875,-23.44331592982256,9.273321198387842,-23.769358224429617,339.45610665593,115.03466993891895
1771947937.3847642,10.063061317037898,-37.39680781253212,-25.913876312020328,-1.9101940952051422,-0.8786237565618696,-51.1195540233776,-22.40372300242899,-20.418524442770263,1.8793791885034403,-18.608757750851062,168.3481465651453,148.0777866777483,321.508688976445,418.7060366990894,2.5744003174433088,-4.682107821099975,-47.122929475217106,-220.91373897687086,-198.50879193426542,137.6441980275759,-245.71726914075583,5.2172390176862375,-30.58823886280767,-23.029683871691603,-3.885628325338249,-3.3176824944850276,-68.43490120966273,-25.332819409908875
1771947937.3886597,6.899828205577183,-34.3309740805748,-25.211319046869644,-12.238294027636671,34.954421932647094,-435.09350621489716,-62.11635534934616,-20.237996008849386,15.550279194366508,-31.09772571629386,93.12899686711638,197.14676201350585,45.924449649736765,39.779626846851606,3.7507405470254707,9.835628631208088,-41.76017779565187,-149.0880955707599,-57.06993475716766,-172.71576245247365,677.7459644745072,2.116056697519016,-28.53603216011476,-22.671107640857908,-17.561755850735015,33.604717808032355,-439.3190123192156,-55.3178938797698
1771947937.3925557,3.5615379972938843,-30.08025372660309,-24.30806251348466,-18.777080139754617,53.29213937176411,-311.8390367252771,153.86767017391875,-19.852891371142075,28.868132947276568,-40.91784884975552,-25.602418429954735,104.60302802282293,-239.65316524028222,-588.6455178481922,4.915342867728558,24.18968249418629,-32.244815322311034,-36.186758298962104,120.33981410186072,-237.28644744168022,-611.0624779466218,-1.1279563285325491,-25.51266673607757,-22.35047677281931,-26.368402042917303,54.40222085346769,-294.9064880567601,148.94414775247137
1771947937.396451,0.0680058026321201,-24.747070095918787,-23.106558376952357,-18.159709315266923,30.818737642057418,234.54673644592856,-217.5409609896715,-19.26583208120019,41.62150757076374,-47.56868655083302,-149.26648307723846,-64.31758693005325,-132.10576081028012,722.8265429062526,6.064933395867355,38.03783306710248,-19.53517290936926,76.69596838211707,209.5420093833615,93.40557527040023,122.96618055322209,-4.493006728190439,-21.596635454951954,-21.920928792122435,-26.087018932586524,33.685675245862136,249.68451338840418,-215.9558041786749
1771947937.4003468,-3.55918193430523,-18.466261621568684,-21.417742737381275,-9.73187216542946,-23.398331938464093,526.1072578284343,172.4724070434783,-18.480570048510693,53.609286095245835,-50.81589852258097,-234.15473758656748,-187.3247541328847,159.27538880907932,-336.4114370133708,7.1963123460253415,51.04505039101791,-4.89542862696168,151.74968125729131,152.52124338917042,346.42547157741524,312.6941987503903,-7.955813277509443,-16.892119350991507,-21.12762330764792,-15.803176398207578,-21.066928658749724,516.5061375708672,174.35731438265262
1771947937.4042425,-7.2968172634763055,-11.401894746287962,-18.99396821981441,3.7505437222144633,-70.20044751094167,133.735328784377,-58.29440207392303,-17.5019404660673,64.64250058125752,-50.69812016555432,-249.71253439165983,-175.6876274868342,164.83740584483397,-278.4756536051364,8.306386995016897,62.89197962143545,10.226643230549318,169.1971831441697,-3.750223224490455,107.85992202446893,-407.0079236309156,-11.491791525263237,-11.526513106811981,-19.646967066898753,1.2911703384876325,-70.48594228575763,111.15731242663864,-61.82798749483621
1771947937.408138,-11.120235837569965,-3.7431599394397335,-15.574308334643256,16.86395548200732,-69.88517865148283,-465.06498493654044,-56.31864327507736,-16.335810666664333,74.54611502971647,-47.50991783822929,-191.42017992278133,-39.70876223967078,-119.3051760754207,700.3394002069674,9.392202955332102,73.28320958316938,24.339132326643387,132.98007238928633,-145.81046023209393,-333.5018381007686,321.8404490061543,-15.07525083299582,-5.647248759679186,-17.1389196616041,18.780973876029908,-72.96561759770537,-468.18724441361854,-53.5711066067353
1771947937.4120336,-15.003496284039612,4.300542154525203,-10.936829484761148,23.562984508052903,-15.973605719257367,-450.8094296214171,230.51996218651436,-14.98902565344393,83.16080908719834,-41.762810265616615,-82.19581251366179,120.23651449210234,-229.9555171974576,-602.1801047075882,10.450972922102363,81.95509537684362,36.04931445457316,65.76972138754367,-178.03367973668162,-354.59117751469176,-201.4643117748056,-18.67960235726437,0.5820008862478024,-13.306330854038793,29.408405186716738,-19.864628926170035,-427.92431105992546,228.10336110733624
1771947937.4159293,-18.919572679996215,12.505190358967136,-4.951346121966222,19.970010847155837,55.53263243978551,184.90078059250888,-383.3559582849478,-13.4693511361996,90.34479675665172,-34.128415922970234,38.13205522717266,189.2999871888028,42.54723129558962,88.1698278161203,11.480102205885172,88.68291410915268,44.197174748151,-3.017966672728881,-88.84962026967759,116.7944897857165,-17.493211432997825,-22.27757642785556,6.985637332189933,-7.95419954665247,28.26463663971034,53.606791875069405,202.35132343733844,-381.339294368231
1771947937.4198248,-22.84055886342777,20.638250587488866,2.3742029682134422,6.7844195194397,91.38599112205802,559.8886669878436,243.66611573149132,-11.785414979026951,95.97569393710239,-25.369471484027436,129.97819027711344,122.3457123449805,306.9734334175535,332.81927802522495,12.477210493931956,93.28714799094489,47.96645535404074,-49.79303351137157,48.20972379295498,466.20689352272825,259.8272972126271,-25.841447704741295,13.380850109286007,-1.0414390055011802,15.514611627218159,93.02291340350139,545.8112117891258,243.38065507351342
1771947937.4238515,-26.73788325143946,28.4651239456603,10.860230823376627,-10.180873321439027,62.31109634911909,141.0070448523248,96.0412988091953,-9.94664799394537,99.95242682431693,-16.26558205130346,169.54646675508906,-26.18244055697131,137.99929555567175,-392.32859742674606,13.440149369954048,95.63870920327187,46.96272858555834,-64.47361887389,134.60044358396345,217.87557617481667,-332.8858036807884,-29.343266471299362,19.582594199972903,7.281761997699053,-2.9525221016907786,66.78091640980772,113.33265170770483,96.09637284157732
1771947937.427747,-30.58253276627788,35.75574410492247,20.140175050143192,-22.289492158434822,-12.702733011937818,-458.79288980443505,-252.45022612451308,-7.963224970016978,102.19715216912341,-7.540986295233339,155.86898481017778,-146.60961368626874,-272.41603437146716,301.7390998219477,14.367015207150699,95.66294649728843,41.25116127930145,-51.171197818401794,119.10482544946426,-318.5255820741238,237.3591547732942,-32.75509439094277,25.408685754051316,16.65661356683594,-17.923508234771884,-8.034637773221524,-461.2938052214308,-250.09895125168183
1771947937.4316428,-34.34528434815151,42.29112659255453,29.66694283206743,-22.54277616176253,-79.43714122684817,-365.4922812799001,301.6630854215994,-5.84600669817579,102.65714171071099,0.19869887333846342,107.1674709827005,-156.22044402210983,-351.3606313287385,-206.4436690502594,15.256157179837025,93.34230493423937,31.350490895530818,-23.23490242784235,28.414048773730947,-457.0553354158753,-79.54003191662014,-36.04924297593221,30.684866329977304,26.522128600463176,-21.583868141881286,-77.4830085090144,-337.76045796335995,289.73265809276194
1771947937.4355383,-37.996942382222976,47.86967377680428,38.74245633523737,-9.854445176353265,-89.38916825400553,256.1150356942013,-465.63034557348044,-3.6064835745733945,101.3065671182686,6.514810588724992,49.73225770648886,-56.76360828111271,49.22846370841406,-3.7484855635451826,16.10618030815131,88.71754646345484,18.183908414317994,4.0763420577231475,-62.30526386263208,-28.056172227736013,-104.04956186985952,-39.19851291413489,35.249687212963565,36.14652876525875,-12.084381260076029,-91.59582164928207,276.86426055620814,-451.85637968397936
1771947937.439434,-41.50858025169424,52.31304617143979,46.569108068405846,9.565475350250896,-36.511099166733885,457.05767705181654,313.53361197305117,-1.2567212039745574,98.14810801138155,11.164713077526166,5.5500294988290975,73.1036190592358,420.23529181432764,273.63868583588675,16.915943604312183,81.88747791356037,2.991630412738037,19.923945083888277,-90.64539843324759,425.931264245192,248.75721321891749,-42.176432336645,38.9590707932542,44.682242293756026,4.868319109705226,-42.00320341466616,442.13487955839724,319.4965361867935
1771947937.4433298,-44.851784176803825,55.47142238565359,52.31939741588456,24.894340699155574,39.08805880559846,-49.893084977731164,433.3272228240211,1.1906916929086808,93.21429436448646,14.10929821780045,-15.657999138097008,140.0723705554614,267.1373103406566,-364.4807179655445,17.684553493789174,73.00717256800897,-12.786450008646293,20.974249258189033,-50.69284446047553,355.4361502864414,-260.56725893734847,-44.95749211115971,41.6904147553153,51.240404408558675,18.64449374375392,33.11799579916554,-81.13186127082795,408.7602623429581
1771947937.447225,-47.9988974662163,57.227987280487234,55.217737366572564,26.21918492156423,82.73954547869867,-463.51652672386956,-928.8107529070761,3.7226928738137297,86.56848747548794,15.498836746761786,-17.46756646706939,103.57807295691299,-232.51012062528596,232.53415595158478,18.411352763901316,62.28471129501972,-27.646851511533523,10.678388003606381,11.761229085253433,-132.02276231874646,147.14018865528556,-47.51737626787991,43.34611768731192,54.97838299453923,19.321125084409687,79.67772555591036,-469.8876897837918,-913.8327165974056
1771947937.451121,-50.92326324042154,57.5025113399281,54.62665608608193,10.000359447113551,66.4381520656287,-141.47478205669765,440.0090426669671,6.325793625115632,78.30540241855147,15.639331194761644,-11.83959931344291,-0.6044474812585252,-455.9327105056763,-27.833787769392185,19.095905391578114,49.976509229376056,-40.16442460813957,-4.109063152448766,43.18807833087996,-445.66900063452056,11.164930297279238,-49.83318565663348,43.85642241199168,55.19202402461281,3.3326035015370343,68.53577153512607,-114.84761271822488,447.1550551776653
1771947937.4550166,-53.59946359811796,56.25391288780115,50.12857906020425,-18.43951256983741,7.445239992560402,411.5920444594815,348.31285774983684,8.986123403474812,68.55107973638582,14.943511287032846,-11.443388860798786,-93.14908740205283,-124.868411301981,-137.26838236461018,19.73797772811958,36.38133336176765,-49.12669370642945,-16.96528676835223,26.543241276166324,-232.3797017444268,-136.80309048331338,-51.88365290899231,43.18149496821737,51.40325510829531,-23.916130310273438,14.420298111416797,436.7467223987488,334.22551736741093
1771947937.4589124,-56.00355313649036,53.48172644822189,41.59419887262445,-46.86053407523024,-48.556556524013395,333.4156318541461,-523.554863967575,11.689472365088653,57.46222387100544,13.872150675347955,-22.865551447500494,-111.18542176177986,357.4018173822804,217.377352667361,20.33751662875829,21.833153024661218,-53.64798034760309,-24.15816265908839,-9.838055600372886,239.61231193909344,175.9635943694102,-53.64934678442334,41.31268089713944,43.4335374217692,-50.06062561761903,-39.91823552646666,325.6124730609632,-513.6931868104442
1771947937.462808,-58.11328471206055,49.226434006120876,29.22918066617902,-61.74604617779948,-63.97460915080014,-268.398203913317,297.3500557245134,14.421332177113493,45.22483939607572,12.872307031244375,-43.51513338852059,-50.247949774462036,411.5301149474811,-203.1564473990859,20.894625166993194,6.692997233916112,-53.252635079433,-24.67781054435834,-22.911360250115216,424.52111907625437,-143.58276753402322,-55.11286401667714,38.272905434297044,31.454473263381843,-61.67616679593618,-58.676638045957006,-298.540941219381,290.6399300351947
1771947937.4667037,-59.90832530617879,43.568650827300296,13.592587146033946,-54.89443790182467,-35.53388490840171,-487.13156269593713,-181.82241055060936,17.166935556994815,32.052113558170305,12.319306885417326,-63.35853110448112,39.05583539775776,-21.09662381891693,124.29832748581192,21.409536575478455,-8.659980474546192,-47.919678306408855,-19.017724750576846,3.4792572744495573,120.83406098050904,90.52582412286601,-56.25900680930194,34.11621034630106,16.00862698007629,-51.14998055321061,-37.736897138687716,-502.06697218794983,-182.72043818792005
1771947937.4707186,-61.37045984185814,36.627192596968996,-4.417184679033128,-27.48650427053199,8.830021776814869,10.611506441564215,62.28878490142849,19.911295036516748,18.1815156108369,12.46880279334426,-70.5212430090188,91.96843564708408,-422.69359404660355,-18.283168720238006,21.882587052125555,-23.838007252632156,-38.08483254371525,-8.316709470380076,42.74691658814826,-319.0358134445914,-22.10578730923338,-57.07494416329784,28.926446446473978,-2.003832117775498,-20.790964029648777,-1.1916171463852296,28.590377312707478,75.17867297172099
1771947937.4746144,-62.48378083596281,28.55608365914645,-23.610193875086598,10.610786151791036,36.15801509724062,501.8101482733046,201.73224739532102,22.639241518980757,3.871109753360008,13.42408370928411,-57.96025838773054,75.49816221791127,-321.88520643870464,-78.48307312198654,22.314188090218533,-38.454526620015095,-24.59996172324531,5.338104099343705,49.530958133722194,-390.8439236074109,-60.73389606264435,-57.550355307323265,22.815165217532144,-21.373930210623406,18.22713619474466,23.20599510406152,529.9848760297757,188.7075952023748
1771947937.47851,-63.23486188067392,19.540595670434605,-42.58445328991571,45.86730935477887,33.751693652877506,287.6250262837942,-347.55895445235933,25.335463260077262,-10.604892421513291,15.122138658138393,-27.785298372064364,7.570785768536012,153.2895292495182,143.4494983592584,22.704799012999107,-52.13411356911282,-8.653937237185739,18.107176929858994,3.170985863803801,-7.001535847308686,123.0071954468195,-57.67755365832707,15.918774332957588,-40.6659818345003,51.56842398535792,26.02047085080975,291.284311212705,-349.43064639202936
1771947937.482406,-63.61291308509852,9.792432245908229,-59.831867152716306,67.56546713636978,13.540394741957925,-313.3106238125551,249.185848213068,27.98454591442766,-24.961284223925517,17.33993038706347,9.062964819058864,-60.255133629571404,436.753826921395,-180.13923212916566,23.054900373827458,-64.52221350700903,8.337446265726525,24.529830498644273,-67.51414939074704,390.90874795961463,-147.61252380068936,-57.45158991903755,8.395040753803782,-58.327431918046706,68.87149429814632,17.485446366141844,-338.2478919407779,261.3334707277869
1771947937.4863014,-63.609916720734645,-0.4558013470088819,-73.86241750139575,72.22944181807232,-4.1929285739755215,-468.8822740368426,-89.66839581573694,30.57101425029457,-38.90763569794725,19.72014498131552,37.68245125248954,-80.84086958394106,200.67266356933837,157.4380935620861,23.364968813492425,-75.29445218110317,24.86201692842162,19.448376717284486,-102.34878223837755,328.7594383991692,131.77997647059587,-56.87033306547931,0.4190422276874505,-72.81786130083415,68.39250560352629,11.063662986139528,-490.4740124626938,-95.68370989137452
1771947937.4901972,-63.2207414098023,-10.95668448649563,-83.33611518084074,63.92708362122974,-9.901479593498637,-7.37718130871555,-37.72716874475911,33.079376087287464,-52.15457086551019,21.813582297279332,46.24457762386053,-42.968600695700744,-260.6352910364156,-40.65245378973441,23.635453884002388,-84.16527281474671,39.449891247906685,1.158105161343751,-59.42610446866604,-130.42486561815795,-70.46853363679956,-55.934528100367565,-7.82131719818497,-82.74619491179205,56.79970907024277,8.133949532495867,2.049203050239479,-40.85634232942286
1771947937.494093,-62.443233324835816,-21.454449939563133,-87.19083528078819,50.70296168318869,-9.200875248956505,417.37689378103255,177.30758963956183,35.49416899107882,-64.42040830239928,23.133565148045648,31.862029847838297,23.71476103996358,-396.32074154038764,-92.20063284272058,23.86675729374393,-90.89567096977997,50.80725065132622,-25.941321885210016,43.75630528116218,-433.2855789714974,-20.111330707007358,-54.64782960030409,-16.130101257532573,-87.0037188038571,44.45365491719189,-0.5892142781810369,444.5164579539356,180.73744102246644
1771947937.4979885,-61.27828306148441,-31.691653303988677,-84.75384543011867,39.2616088609888,-11.339817867493707,277.1193460326584,-281.31364120495294,37.80001025135815,-75.43799755952247,23.216454299954716,2.6205708491794204,71.29216179872623,-63.0182463942626,151.74981497973184,24.059214998372568,-95.29981698486634,57.9327964039938,-51.05596106010682,134.62462145247213,-203.4793534711471,132.21690176437556,-53.016810296058594,-24.308312928022143,-84.8802121011084,38.75532775307289,-19.760704950417573,284.6764868877495,-286.2396193103607
1771947937.5018842,-59.72986707893671,-41.41585914085682,-75.82568762588704,30.681444264948425,-16.0533042377588,-172.6842202408113,234.24589035747874,39.981650629439244,-84.96156340356345,21.681685115400025,-25.234815240344197,67.01179360734584,322.3588700606027,-170.84458666512847,24.213082513336797,-97.25038085434409,60.20619671081093,-60.053789219796144,137.57372278774255,271.62983848925984,-240.24962931054802,-51.0509441686414,-32.1589096515124,-76.15141077672858,39.03027433810114,-38.08067065338537,-194.33988470920386,244.88670678514504
1771947937.50578,-57.805062829573856,-50.386162375475145,-60.72705584028287,19.41987878415419,-13.386981156142456,-341.2008193620614,-39.36559644396522,42.024032269025774,-92.77335580416405,18.28475305143487,-34.10130429098254,15.032209496924487,306.69495441019365,160.87823873437026,24.328523730271627,-96.68240528616711,57.44057725409706,-41.38762910048917,35.90270550091651,390.62955918048533,237.03049114163147,-48.76256377396579,-39.491730540014466,-61.12810225471681,35.797917358733365,-35.27819407929424,-359.5404212238069,-39.48512721388621
1771947937.5096755,-55.5140369134937,-58.3793705946083,-40.30228280678771,-3.547577940428922,3.43373827567577,-90.38239287965777,-140.13060589835166,43.91235104669018,-98.68989628602819,12.957270172478703,-13.33957699707996,-47.430361507568676,-62.73580046758774,-63.61890969684654,24.40560340371931,-93.5956082492167,49.894570225445364,7.176887610052855,-106.59369313931215,16.38336075966244,-84.80088553568899,-46.166791719166774,-46.12820859649816,-40.660254491068024,15.405646631132917,-2.8486774325646764,-78.0105437979885,-164.5392750661026
1771947937.5135713,-52.87000582769107,-65.19568484527433,-15.876775049668987,-44.565238615638414,26.35605245451716,199.23248460177052,179.0824188559638,45.6321235402416,-102.5676104034872,5.829526341145564,34.358504848347174,-76.31922584670629,-329.46306955661146,-67.94052513579966,24.444283384412177,-88.05503473423875,38.24329922974091,74.24018071514948,-186.53129664510988,-345.20884618621795,-91.26396283366668,-43.281446439694975,-51.9057493185154,-16.093463361767874,-31.59056154530698,41.76711003879607,222.68529793726995,202.4035892461836
1771947937.5175755,-49.88916916226162,-70.66373365410543,10.830104515289637,-101.04493326784566,35.97435788605892,204.38519860148304,-162.21863272939538,47.16925871604774,-104.30764211619308,-2.767220248080072,91.87047127852126,-51.30916742936273,-191.27818076485076,152.82279715375373,24.444422625992473,-80.19001755708331,23.511568248614616,135.9896653711915,-137.622630658626,-230.41572090329785,241.4933827465626,-40.1269226963448,-56.681669248756336,10.820676637516435,-102.25194512693348,64.24329108641479,201.08405376429553,-152.04531681488464
1771947937.5214715,-46.5906154136422,-74.64483631451954,37.830995731849725,-158.73632953887213,18.993329523620506,6.346418048334085,179.62345876706354,48.51013434107847,-103.85965992853356,-12.319420995671566,133.30500965415595,10.155549031544277,159.64314168520698,-256.88229544115615,24.40578094830387,-70.191448830757,6.97606246675004,164.13954457683775,14.793209988362664,162.2439299254496,-403.64085083126605,-36.726047508663534,-60.33660323950662,38.054310666574764,-177.97162442040232,41.29928158525827,-20.43207244156345,149.34321168624638
1771947937.5253673,-42.99620089642894,-77.03639534330732,63.025778356977746,-194.9067439314118,-16.503588344385328,-137.6372206941856,-98.54163218752747,49.64167798168365,-101.22448745703267,-22.169436617113263,134.7818828431988,65.0607075799732,293.8870155956739,343.89429104215003,24.32802646152658,-58.3074072921354,-9.953787534297204,138.28835550188526,166.09758818056952,278.75075360714044,393.05031843567326,-33.103912521907304,-62.77730584509396,63.46322330078091,-228.994915085894,-16.16347009335374,-145.70173146536197,-78.80526205935914
1771947937.529263,-39.13040251825597,-77.77434310111677,84.37341620988092,-186.9658330426232,-44.043710976347796,-122.8488832054789,-148.01363613252266,50.55145227999247,-96.45542170583025,-31.569816675295655,85.75055395508915,74.90010757152628,62.731756780311535,-134.84505869684185,24.210746450140288,-44.83723080206203,-25.864745841771782,57.178479813129194,206.41469518485036,-1.4085553472723955,6.850611376702998,-29.287684049041832,-63.93878934316284,84.96375502564784,-225.89333437703638,-67.07044485315723,-95.85284518892404,-155.2888967090731
1771947937.5331588,-35.02014545558409,-76.83459360493512,100.06569874870296,-123.05371080509903,-39.86896909150008,-10.440996827775084,290.9941573366017,51.22774405362342,-89.65813877979107,-39.74856481471602,-4.598374383322502,32.66821811465876,-232.12482454778564,-383.228803497037,24.05346143659671,-30.124165759281293,-39.46622979143324,-57.31852087739588,102.46268318471716,-228.18336288209773,-544.0149408596849,-25.30639226290745,-63.785758512151645,100.7115069784677,-153.29493797839774,-71.1894023991619,13.36422662682659,284.4935349989904
1771947937.5370543,-30.694607063194844,-74.23347754471074,108.68743022598439,-9.691860181343158,-4.432504269941758,104.7378535425135,-144.27197182334854,51.65965667077117,-80.98912747504755,-45.979149619167764,-109.25920305669179,-32.250491397998715,-213.6577126086617,653.1585301164168,23.855642125560156,-14.546764046617252,-49.70243334391173,-166.73169384580459,-75.11915510468576,-72.9232643680625,709.8098517149052,-21.190701272176437,-62.313320817599774,109.26586936753529,-19.47443172621204,-22.574408531179564,87.6064771134355,-105.8705192800342
1771947937.54095,-26.184998664617922,-70.02716569361067,109.34829293361534,127.3708535886644,35.570850295746624,124.29161542773895,-19.517423437527256,51.837205079088086,-70.65263573885048,-49.64850180701509,-193.1889786819828,-74.79767403178259,89.30439926101721,-249.10780006720483,23.616728942301766,1.4907668446273432,-55.83983225903942,-231.0273171742941,-201.38667892237893,190.55873620053617,-353.8139102492304,-16.97266209516581,-59.54696954010316,109.7251399797312,143.1009312646355,43.31643395054945,87.06430369176678,-68.88590600055392
1771947937.5448458,-21.52432716266021,-64.3101116224718,101.77369621473842,250.07201484123757,48.17589948481977,-7.556800555772903,-46.055513389818415,51.751412761581115,-58.89616323183077,-50.316405194217744,-226.76115588464214,-65.86288669435972,262.15105143979815,-362.19593932635763,23.33615386318941,17.569023206147058,-57.52234502678215,-225.50610826182478,-187.69022539101056,126.69128357949896,-249.11786861653772,-12.685450802663832,-55.54185510152408,101.81918617970776,287.24549804823175,76.51803246912499,-12.856967120637542,-48.497413061406625
1771947937.5487416,-16.74713863498401,-57.21256732644477,86.34527158932889,320.36159813213123,23.00376779213436,-164.93032434564483,73.67931626596099,51.39440973802713,-46.00458397714622,-47.7605233077913,-197.12075490503545,-12.363318036627245,55.12544697759995,383.32457571404314,23.013364161994474,33.264408666140895,-54.789711777644804,-151.56635259881855,-45.728337983156734,-178.02675087387254,684.1744989823343,-8.363094288210133,-50.38137497915394,85.95009347366768,367.1278679298559,52.29681948214911,-129.1293659395792,136.8853351893456
1771947937.552637,-11.88924622651439,-48.89724440953587,64.08600673470156,313.3684271575232,-19.33374187706613,-107.70342228954334,195.66489476783963,50.75953054441692,-32.293034073753226,-42.00271109685184,-112.78417676183652,48.26269314642351,-242.07160350752633,62.208122729393736,22.64784757592038,48.16039344253774,-48.05833725411811,-36.1137158027185,122.45989494264721,-233.99511586671963,-620.9799901369835,-4.0401862255389505,-44.17512461306766,63.17574390578715,354.6739680883201,-9.076933054297731,-77.84066283148552,143.20256288156546
1771947937.5565329,-6.987444730725422,-39.55520904930313,36.589936767085625,226.4998062619123,-44.138685659614026,150.06512626786036,-406.2977663326538,49.84141093316392,-18.098748037637165,-33.31408600762304,0.06585973119126465,74.75979342343358,-180.44040927336738,-84.85435596936843,22.23915825878643,61.85872440101823,-38.06754493692832,80.09895686654359,199.9691140156668,96.20549836856621,121.16339840420468,0.24840420447907646,-37.05626087945628,35.13637207389305,249.89795283136112,-59.13041379931838,135.28121622478184,-415.53303069460617
1771947937.5604286,-2.0792142840323606,-29.401111632828336,5.901368488697366,81.10968463810379,-31.819171899583964,231.94633655839277,161.72048492762724,48.63608186871918,-3.77207089554445,-22.198378045854003,107.59824224639688,50.59093061596606,176.3889529616637,-403.61673448638237,21.786942767067018,73.99027298019246,-25.79752843099543,159.54071347132634,138.66793001204596,347.6455030030148,333.1525960925046,4.467828274441983,-29.178336724862813,3.9293749825069253,81.26084130822548,-60.591756890536,192.5879836221425,202.98124782273445
1771947937.5645063,2.7975844000664254,-18.667862396992962,-25.64668473856205,-83.88918990453082,5.716832116970055,-73.22789626707642,208.83419562518156,47.14105926409666,10.33309060792692,-9.355130585510912,180.2708901894607,-5.776828828862363,292.1391900848013,416.36586281155024,21.290965252898047,84.22520997336191,-12.367923878767948,182.28678415930403,-10.479445834631017,115.49415256090806,-426.55491549169477,8.583555891284472,-20.711671473875445,-28.057502791053285,-103.87787348050188,-16.576767348827175,-87.50697510666505,183.40103856241558
1771947937.568402,7.605020839154959,-7.600873341893561,-55.62129539082446,-224.20005329220578,35.71286790273343,-360.58422699956935,-231.77782027961078,45.355427823479154,23.86908727960758,4.373824391535089,201.9480501082155,-55.2274007158531,-49.46385283184213,356.0880992344184,20.75113105111367,92.28220923572133,1.072398664868844,151.40830176768583,-139.7337220092233,-324.8567825398175,321.3489749108847,12.561673610345027,-11.83932732304027,-58.34050627586695,-254.9177343859279,34.23790571909367,-334.425642158473,-225.91064867906033
1771947937.5722978,12.305409214823447,3.548005209910807,-81.68940250244269,-303.8324292562997,33.01308303914333,-113.48558266608129,128.2438778911841,43.279917343679045,36.504310644856226,18.06972157163073,173.15775063209296,-65.70252473331244,-361.84499181703717,-854.6095108534902,20.167507953150952,97.93640671680852,13.4531697369911,87.98813773417285,-164.28482462577207,-364.4368777962227,-189.21247150247595,16.36918015279549,-2.7527695833882238,-84.54491386825927,-333.9475831490769,51.23823439414694,-81.35823403867266,124.54340600514846
1771947937.5761936,16.861623980975143,14.526717146843204,-101.81114938201452,-305.6467824363889,1.5257348412168026,416.67179580509594,-202.40806698919272,40.91696989932974,47.93262930171309,30.80819556991933,108.27918402894657,-33.24263828557663,-146.4649898093552,383.40405462355096,19.540344614696718,101.02587519324375,23.87761179645354,19.564727441172934,-79.04266090210216,89.76109417419248,-30.083288763614476,19.974277108560745,6.352703063571057,-104.60280724921554,-326.4408979680411,25.096096477223185,416.32474682390057,-204.6785983791545
1771947937.580089,21.23741411516696,25.08925799820597,-114.40977116094929,-235.42529537527412,-29.901813351484023,412.5346844227849,115.3195320735777,38.270796465800856,57.88217527845412,41.730364195047734,28.904031873092126,17.631591193874513,323.19688451118543,337.18546619940554,18.87008567654017,101.4564161334633,31.69545242876458,-31.679081970850238,46.23612034679339,457.0208245423686,280.9021119168623,23.346652461723515,15.282661635441336,-116.9260991228757,-243.5766964292443,-17.15441248819777,383.3300959387093,137.73632206758091
1771947937.5839849,25.397713361189314,35.00180586256708,-118.5030338848106,-118.55952572250814,-33.28530098647522,-270.18523015620764,289.6056883136916,35.34742166559197,66.12319493689398,50.10764277113146,-43.51139706511337,52.709668213443805,354.4727662336241,-505.2875384597786,18.1573832643919,99.20451651579158,36.54761436642302,-55.817712036813155,123.78114086455368,248.91339080446213,-355.9912963057973,26.457754493786048,23.84827552947715,-120.5394965473162,-116.27941483072978,-37.901597502062565,-290.32729016323964,257.3325122302552
1771947937.5878806,29.30894370363923,44.048569725370115,-113.784628059369,9.105919625091202,-6.089257239617416,-692.6443995964476,-415.005412164852,32.154715450839944,72.47470613340559,55.39501638651487,-93.29824807655264,51.45647704895821,-136.20995781658664,302.1846756335457,17.403104614474213,94.31836977721876,38.37921924147979,-55.457717115757866,110.22066730482369,-280.1965366754124,224.88977756691284,29.281053551529997,31.87094933327276,-115.1616497315625,16.230962277494825,-21.876277957006383,-679.9785405099248,-402.2526594392169
1771947937.5917764,32.93930925225896,52.03719829455046,-100.64838830926006,113.05340479527005,26.98355240949966,-129.0169524138221,36.950539086736306,28.702410696852365,76.80973997793647,57.268690087107245,-113.42982409251815,18.75011082886249,-461.4190696206877,-133.04327247429177,16.60833569617257,86.91691604209475,37.420898782874744,-41.01203986596342,29.59291691311144,-462.7978181931043,-25.6184717324248,31.792289140339193,39.18674339883615,-101.22739083063675,119.23861289131678,12.486491916782235,-102.91510012397465,55.19360514827509
1771947937.595672,36.25907768028401,58.803595992613765,-80.15332800798265,170.58708572778602,36.22830673444638,732.0036111872759,215.72831963297753,25.00210588654888,79.05899054279683,55.64554508487484,-105.5172961798084,-21.39750104904797,-147.19126556882412,-21.85401631514781,15.77438086356101,77.18691552808697,34.14168956963177,-24.228680118098243,-53.79934945751327,-74.88558317309443,-141.10643574935628,33.96969980381415,45.650450309084306,-79.84926511567704,172.52618081480213,31.838007591162235,735.8277095544073,183.1982131776391
1771947937.599568,39.24084634083518,64.21600072018913,-53.93276439425237,176.48927095099737,13.22267854146764,635.3331096909913,-95.13534989868114,21.067252265545882,79.2127466377388,50.683488488535424,-77.54768993778404,-43.5870262288925,376.98238655467327,206.98307288430618,14.902758709463129,65.37812748494862,29.179651365187713,-13.024761090087923,-85.90130361881128,394.56556766558896,228.62880240521378,35.79423326155348,51.13919971432552,-52.72199890625616,174.4438114594454,18.710484501400273,613.4011906937903,-71.26383325865888
1771947937.6034636,41.85979022379497,68.17819188729041,-24.055764654537896,141.916775269497,-22.047823656331353,-394.45149324161406,37.37944864294108,16.913125005413026,77.3210337438246,42.76342890067936,-40.43258984830402,-37.04984585512106,389.2093482250227,-295.1216803563864,13.995194382263975,51.79672254900846,23.25850177274919,-9.399808469091873,-57.42704142130239,373.55521149312995,-222.48314990307134,37.24973434643257,55.555469956737866,-21.978616583803387,138.97162658233856,-13.508450099560866,-408.64591632747914,34.915946456247994
1771947937.6073594,44.09388908397763,70.63171871853778,7.1467009637180565,87.40814645475423,-39.07305272128876,-954.343495330651,-90.07602869898268,12.556778048713067,73.49195011600796,32.45509649602137,-4.627410632914737,-9.968580387713638,-115.53953950312754,243.2016223518512,13.053608677452111,36.797107796054824,17.09979618749501,-10.602220244026912,-1.0265057997603804,-91.23482352959579,137.99747846017303,38.32310848128571,58.829398396498675,9.988866548426481,87.4850913219845,-33.97351413945566,-938.8370193234013,-106.64212485975233
1771947937.6113503,45.92413136068391,71.55706740956714,37.275528803667925,33.5956843006353,-23.42670664962393,-216.00086201527114,-26.03021111180995,8.016982472113575,67.88823827395956,20.470139758098554,22.22732800294699,18.634083724933426,-450.14240419423345,-90.63176113902739,12.080104280314378,20.77239061887458,11.340398339169008,-12.290437303246193,39.85750482858909,-423.2575129296357,9.637599936668327,39.00445875140062,60.92030303209591,40.728265142789354,39.29065951234138,-22.979484775370537,-194.26978889837574,-5.322965237952364
1771947937.615246,47.33469281422407,70.9737181699558,64.0602324424277,-5.96666485946162,11.324932766859796,847.3806546150684,118.51280668549894,3.314148409151357,60.72219015891987,7.606785728633723,36.37761370089409,32.15726067879681,-192.99615963727575,-121.37252482047535,11.076949627893503,4.143748769039929,6.464179895149928,-11.636516285609456,43.00417481202197,-237.47627375285393,-157.68227356690588,39.28719495862563,61.81735291956175,67.92813506722544,5.28714130550208,10.351247604331453,839.909108375685,102.18699387389832
1771947937.6191418,48.31308804706486,68.9390767297184,85.54168501572602,-27.233040629787553,36.13558223854367,782.594102583261,18.21687502302832,-1.5297692113596573,52.24903853009181,-5.309209600627136,38.01085532390653,25.72445056107125,287.0600779319416,270.3493818326585,10.046560941811682,-12.65099261302095,2.755150353264031,-8.613278234321958,17.67846308010946,214.25627694754232,201.50767532656536,39.16811330730921,61.53935149036192,89.6034135186166,-13.114888676116031,36.6289105564302,753.7573621747035,34.303798919471035
1771947937.6230376,48.85029329804276,65.54629946329464,100.22533134955549,-33.71409270792032,31.511218841986373,-325.1438763225545,-84.44608252448211,-6.491380669683161,42.75903607262302,-17.48258512241878,30.575868728633893,6.668336386956786,378.4805069317578,-242.60000367092834,8.991483018214181,-29.169252396376066,0.27673667712700856,-5.04393139226147,-9.460364883533748,384.4766317788931,-135.4523934534608,38.64744561520651,60.13362531180914,104.25004086723891,-20.83592784507987,32.49514533020749,-331.8510977276834,-89.75298936068408
1771947937.626933,48.94083919826544,60.921068117051576,107.19219309240586,-32.44109735194408,3.026373557719196,-983.3883033533068,-51.51315353063867,-11.54598659793692,32.568465758023216,-28.201227796586764,19.393125140236002,-12.264365085098843,9.062201422524396,89.79582134778641,7.9143693504814125,-44.97571532431695,-1.1210261892090623,-2.5423680285919192,-17.67029829820612,94.35473082184006,42.371626721344306,37.72887726374486,57.67404247777258,110.95582916984668,-24.54693942981468,0.9350954678206715,-953.5641453337576,-81.23014917894862
1771947937.630829,48.58287257439181,55.21740832276236,106.1589373071568,-30.078236878369477,-25.133469523037807,-340.9887793656331,106.45989289877056,-16.667717479106308,22.009860773750155,-36.879830860755135,9.641718170126374,-21.31842295830456,-339.1619638635816,59.17417494590549,6.817962146132393,-59.65414282394732,-1.7677464710172959,-1.1025269952935042,-6.185162175331419,-285.4280523709652,41.10707114117002,36.41953351738676,54.25821884317592,109.45895679523252,-29.070301385910273,-31.80305439427591,-315.08292331475434,157.40698345837785
1771947937.6347249,47.77818678283187,48.61268196108123,97.48293708930241,-30.315826718860507,-31.43172112688665,710.8140291934975,-21.58997760626727,-21.829686514127317,11.421739003442084,-43.09189317006683,4.330831814915862,-18.31569719296033,-266.62568536412897,-134.80289261282087,5.705072807540791,-72.81863701153253,-2.116658064894591,0.6462676971420201,9.193366317494274,-306.7569533888153,-99.17724301621948,34.72993425496656,50.00400311744134,100.15027497584944,-35.687335989942184,-39.00663115200217,693.9415080423441,-40.948884627239195
1771947937.6386206,46.5322203692778,41.301913554547205,82.11317352835964,-32.918049387025334,-13.970450370472218,799.5509302678973,-23.76956477057011,-27.00415467119059,1.138173873132988,-46.58850048668523,3.279365176473932,-7.619856789093855,106.8586685976843,135.45039367519513,4.57856345415311,-84.12403763349586,-2.6730816762142657,3.9377417992848813,11.396675837377952,33.05871534895499,100.29990820111577,32.67391748025989,45.04536002920697,84.02064568188506,-42.25921623702177,-15.689605737346659,760.5251907632492,-53.51452617357406
1771947937.6425164,44.854024101252136,33.491634699492444,61.49256802870156,-34.576049155735824,10.437092615533134,-129.6085531473826,36.68266732998772,-32.16270658792133,-8.52147122651827,-47.303480006336606,3.792210098946993,4.265240178298165,339.98654113225626,-98.54334438014048,3.4413300297022618,-93.27515744267559,-3.915841254793739,8.479408074265052,-3.5677536285573748,318.1209689613153,-69.97373770502873,30.2685322433479,39.52779383980592,62.55933504840432,-44.810211271305725,18.393202747615554,-137.78628321018155,78.2329359486065
1771947937.646412,42.75619671521155,25.39344939748948,37.42148592463943,-31.28509872438446,22.295714011886368,-839.1815292990705,-75.75921126339786,-37.2764359119314,-17.26232399877983,-45.345614129611846,2.6988269963062708,12.569380720917092,175.06159609178954,53.08350473701647,2.296287452281813,-100.03459699343041,-6.220934797615852,12.328186873408264,-23.50933601802965,213.89473618753107,49.207315771356065,27.53390190275843,33.603473611041004,37.61364912236301,-39.9936194329334,36.18404421791077,-805.0128206208785,-100.57126347551858
1771947937.650308,40.25479008671806,17.21753694524687,11.89535950068179,-21.08710130746185,15.42648076781855,-450.9783111934088,77.33767382970608,-42.31613859901252,-24.822995550287352,-40.97954254652259,-1.490398195648454,15.287709878233363,-196.40349504790785,-1.5163240899082517,1.146357163517797,-104.22892313750646,-9.796580922325512,13.181491979624967,-29.630956391712854,-150.0078013458775,-18.7899239560766,24.493059020829577,27.426236648694392,11.223162161912258,-27.322540079788208,25.448662118302046,-419.5713035451889,86.14662543138446
1771947937.6542037,37.36918489622983,9.166315323554823,-13.068642758287558,-5.533175597652404,-0.34062149821211996,485.4059205590455,-17.53641632468636,-47.25251260530884,-30.983505402450742,-34.5976991476572,-7.594285045248523,12.106953958439897,-342.6716277694308,-42.22929864366006,-0.005542646916547341,-105.753044409381,-14.637594279872353,10.273479428534113,-11.564292461623662,-333.0263065950851,-26.80619034940621,21.17175353867737,21.14665500831302,-14.55622376635087,-9.844881215985483,-2.7776798511610767,474.2008577811051,-4.5966824727123
1771947937.6581802,34.121938135935615,1.4284843121550526,-35.60039300273852,11.042142375804307,-10.196926421912705,766.5957626505887,-61.805174406638464,-52.05636231921142,-35.571894594478636,-26.686082750238356,-12.409109499303927,3.6353629427055996,-72.23162965136282,73.80348244646387,-1.1565039276128237,-104.57266961772783,-20.50500265659944,5.685687755606372,22.86065718447533,-98.6249644109323,59.945092758205,17.598236140341516,14.907349449327722,-37.82269119329963,7.250579915391313,-25.090051736533592,728.8330158902833,-99.41543683265283
1771947937.662076,30.53860399104657,-5.826346018727793,-54.12635890267742,23.79488931985277,-7.8437025571935495,60.899259625989615,109.28991273789384,-56.69880602069031,-38.46932423532059,-17.786842483611455,-12.50348459099974,-7.815761678310376,307.83963468560466,-113.61477777438363,-2.3036326307011743,-100.72479257980817,-26.934121263500245,4.089484412034146,50.56514622117152,281.23964879021,-91.41925891600796,13.803018895237674,8.838725808158303,-56.97867357899616,19.206754594358475,-25.42569545248372,44.16393659958215,141.42009486491963
1771947937.6659718,26.64752981621784,-12.452256863803111,-67.48740762372128,29.569338828905114,0.5352469366346755,-710.8124471950124,-73.37183846083141,-61.151484651436405,-39.61350592850598,-8.460586921637859,-6.197684648621985,-17.28761199934527,313.72301735879086,132.88424828359155,-3.4440495462574168,-94.3162048199663,-33.27122554786334,10.562471261239795,48.20678634406726,317.2916585232498,121.71728092940269,9.818615442681875,3.055292543364101,-70.8483343901798,23.79332039538252,-6.890733866909887,-687.3473119425325,-71.65631068698532
1771947937.6698675,22.479629163712634,-18.330694423059846,-75.01553704436208,27.8046828414938,4.125538771147371,-553.42321298037,2.1713426690095345,-65.38677020428258,-39.000364438574586,0.748968559887257,5.156298959760479,-18.582563491921956,-98.60699541439926,-77.15903585691171,-4.574888232863078,-85.52009682054042,-38.735825480415905,27.079882694582647,10.03086132601309,-81.3500714858549,-92.94681437060848,5.679263196474155,-2.3473032081038183,-78.75324464487042,21.820125275819684,13.043842838504792,-519.3688058924196,-16.48150656071116
1771947937.6737633,18.06813405663108,-23.373090514247952,-76.56418029321071,20.136499925566753,-1.2246189249893802,336.2370704168788,32.11906049157275,-69.3779720546664,-36.68388905271633,9.34587462273446,17.172049881937717,-8.522618760716538,-406.3298082072391,-38.74045126111512,-5.6932902800652405,-74.57086427246118,-42.502660140474546,49.36126079693957,-44.07182126092566,-417.39629487303074,-20.722744692881985,1.420630254843292,-7.294410637376258,-80.5411989100811,16.196251686982908,18.39814670355554,339.10850333341347,40.5481009835326
1771947937.677659,13.448328856327826,-27.52234387054766,-72.49109401165781,9.422059201627746,-9.0376278972438,798.301027890517,-81.53744287597429,-73.09953955292141,-32.77418631387441,16.906789581108107,23.908816451382208,8.964382457183714,-173.22665359048892,163.04892168607375,-6.796398209491102,-61.75728682280859,-43.79520285785344,66.30819625180284,-78.14464571958581,-200.980653651178,152.0496220873666,-2.9204901745612344,-11.733604070482949,-76.56751519812393,10.396414954242655,7.526143397744873,765.0193073263329,-90.5200666824025
1771947937.6815548,8.657268137853675,-30.753120414351876,-63.597195491385676,-1.251911394917059,-8.968521820837418,198.58989505341117,118.37777172556764,-76.52725920651777,-27.43380213610011,23.09887401195745,20.481463511025158,23.298296104929957,316.0191884103535,-227.91372751026012,-7.8813463880930135,-47.414292335885854,-41.98094948090575,63.522944634393326,-63.70403513918472,340.9957629026371,-189.56347665266907,-7.30649499052067,-15.634966578138263,-67.63250950649527,7.042792119461065,-7.3373146170986985,169.6454965695249,144.85351533588812
1771947937.6854506,3.7334810336708992,-33.07097720947818,-51.02864689722014,-9.451305702662218,2.353955070933036,-697.7404826493652,-12.19853318149916,-79.63844483386022,-20.87243468554585,27.69043652337076,5.735481301063467,23.66219740138889,383.58832800929565,151.3499255405394,-8.945250420243912,-31.91355906891653,-36.65823061301833,30.274300971724507,-2.3034907330117775,463.93958620078007,106.15893453960906,-11.699293195476955,-18.990429541026167,-54.882710985017916,6.905303755035221,-12.157608892179299,-682.0730101248478,-30.682684121448165
1771947937.6893463,-1.283335407147168,-34.51035993913157,-36.15263254458433,-14.03488389574061,16.776048559226425,-680.9493260066154,-106.52728035768926,-82.4121191493294,-13.340208796949284,30.554571747004225,-16.459838849777327,7.494873277339284,-93.43734507473405,7.939716986856603,-9.985195589645675,-15.653239910795016,-27.724811823523087,-33.12982073577127,70.13342898281097,-79.74451622686165,-25.80842141545124,-16.060631762964576,-21.812208400926302,-39.68643423525405,8.59046017604072,-3.5458126115531456,-635.451426668144,-125.49952604947433
1771947937.693242,-6.352631202574284,-35.13156661349428,-20.419368824622236,-15.191415166018741,20.974039553584674,274.0894606029848,41.638227306698056,-84.82918530142949,-5.1197256467518795,31.66647249395732,-38.258052771932945,-15.789484063808052,-454.34536706076113,-104.12973086332175,-10.99822499226037,0.9528850105632102,-15.42008186973649,-111.65120473421781,103.94411775348854,-582.2019660064352,-13.351301377891417,-20.352422409952645,-24.130411992480482,-23.496296120116114,9.276546784528735,9.09782036876998,288.14913260295543,72.755979065097
1771947937.6971378,-11.4333241004967,-35.01681091771557,-5.223767361872582,-13.740775733274305,8.384422444209559,898.9480999152621,26.993967268324596,-86.87258692020696,3.482863592476956,31.09541634011061,-50.92089922115889,-30.03164614086442,-169.63376590778813,207.61536608178312,-11.981328020330853,17.48650947108887,-0.33503810243795484,-178.36894542914786,70.0969493646366,-292.2009450148661,183.27953679981923,-24.537066330163004,-25.98993834291453,-7.7120141707040695,6.418543333454126,12.834599316944125,853.5236392445776,18.609382001261086
1771947937.7010336,-16.48412332324044,-34.265555856098246,8.22021415042364,-10.258196921939275,-13.85921197483622,314.4624448657302,49.967895223011375,-88.5274552724513,12.147484440584266,28.99260980425291,-48.460982189574324,-23.810388354201017,369.41392448153584,-381.2001245133862,-12.931429858923554,33.535836610824795,16.612660061465736,-203.74973630831516,-15.578887225974348,458.982852826947,-388.39260006866124,-28.57777405464398,-27.446802422807377,6.443683914138587,-0.5118003154907782,3.0971964200887334,265.8343673492624,58.76205754820363
1771947937.7050009,-21.463853872590434,-32.989318748559604,18.981104184755523,-4.872018743192356,-29.431034556206633,-725.6063433450186,-50.645826097356824,-89.78124221407734,20.55017130124913,25.57612254663951,-30.117365620200236,0.17557829757596674,383.2092019953437,275.25713229381796,-13.845382683671254,48.70623666118859,34.237872187364836,-168.05138877245304,-98.30152203940295,615.5888259010659,181.47448169379615,-32.438877727740454,-28.564067789660623,18.02490911369819,-9.501504793887545,-12.189537941819204,-703.2744975660078,-82.25923065269959
1771947937.7088966,-26.33177888867939,-31.306169212683514,26.478565488054784,2.1001064779440797,-25.406082682231403,-807.0131997175132,-61.695587867175725,-90.62383776126302,28.37319955963225,21.114083018161228,-0.6953678791107236,25.61073091459211,-160.3144321995508,287.84065361628495,-14.719959297375025,62.63023096895243,51.177240686976425,-71.68926346718109,-120.02338338101872,-103.00742941722245,323.5047928122723,-36.086133151451904,-29.407571599890517,26.429800823568986,-17.096943266845045,-19.45458860911207,-732.7644430911286,-58.573596756158985
1771947937.7127924,-31.047917541031847,-29.335152378326566,30.51383387314758,9.502821996811992,-2.714092006829403,207.2467699821013,46.54904166698827,-91.04767122717827,35.315010971193416,15.90717489076446,31.14131278108054,33.69783679830004,-478.7241518992652,-683.3242189719697,-15.551849963712176,74.9765317072334,66.00125643757423,61.40865336948524,-61.37609087491825,-715.5290139054001,-384.9768598208309,-39.487008993370544,-30.041641068372407,31.430081098262427,-20.244811688529577,-11.063227640016784,230.6425371885607,111.59969226318916
1771947937.7166882,-35.57335598114646,-27.190871977228632,31.260487111855817,15.583266910850197,23.919806037077038,953.9708868479485,26.722962537282225,-91.04779496103227,41.09963500895794,10.271308742934709,55.84444213438917,17.277201223483967,-109.23385046386362,359.6329003093107,-16.33766315430531,85.45790121455772,77.33936288724698,190.0742090000671,41.29685459675838,-339.14475314896407,-10.674493775272488,-42.61096066659781,-30.52500087548514,33.16180696631745,-17.56564338704236,8.095979274781476,881.9154046973565,-42.35403330941383
1771947937.720584,-39.87054903151138,-24.978462611141705,29.217989961577278,18.987438314104907,36.32896270356438,421.8521884485325,29.051328802139484,-90.62194980841937,45.485327338814386,4.521171620919745,66.17858320005503,-12.812233906282943,416.7942038753147,226.89428153831904,-17.073930846118675,93.83763684997996,84.00675196730461,270.4356034865351,118.86530818329868,516.0564431304747,76.59991492454654,-45.42968659989912,-30.907065703914988,32.07995828661491,-9.553129757439184,24.07340997034577,346.0436774092277,27.60240078992161
1771947937.7244797,-43.903610442713784,-22.789165613993003,25.134049588731727,19.448427238675873,25.531538055763065,-665.6465147101167,-61.8286877469083,-89.77061152704354,48.27217264704543,-1.0448047668229024,59.54934078146791,-34.72438704090586,349.66403672929556,-409.6980929444875,-17.75711893144274,99.93453415246587,85.12098316440206,273.1763953161015,117.74362378980085,651.1772569780812,185.10756910789175,-47.91736484332653,-31.2247982865024,28.882947618134757,1.8160044158431217,24.267094688081404,-634.5807479518094,-12.166331046655642
1771947937.7283754,-47.638589631039835,-20.69669697501622,19.904760211852775,17.425927396495183,-2.3385033385154834,-848.8324384765463,-14.83687561035469,-88.49701752681668,49.308432002399165,-6.157651013977181,38.59048272417522,-31.549713806242725,-203.99090819719677,271.17214476849784,-18.38364320868825,103.62623183726873,80.19716666679433,195.84569876506944,38.58544730996757,-107.08641030116917,-16.771627165689125,-50.05086811821777,-31.50028965525307,24.41592409372646,13.496122152754756,6.796635694351815,-743.2278500631033,-58.09875334302476
1771947937.7322712,-51.04373283814394,-18.754560359318933,14.46353651657764,13.172485591993638,-30.160016261252828,86.0466548060084,25.514788423320866,-86.80717341045991,48.49545474778336,-10.58892994683536,9.834109342829853,-4.491246961358067,-462.35579261708443,-134.56455716816495,-18.94989122900401,104.85089674434505,69.2121600193232,64.27316448168433,-63.9101105593602,-682.2572863413933,-448.1697904744008,-51.809955543369995,-31.739186133076352,19.563606939746673,21.903980132732624,-17.701040924337192,122.99399752648007,54.55179613695607
1771947937.736167,-54.08972673682659,-16.994417216728834,9.670728968225172,6.358274306147996,-40.50878284877962,864.5445388414867,-6.431125954284986,-84.70983886716995,45.79102029528469,-14.159414949558672,-18.7961108346426,27.09117471398394,-87.18737914004696,-28.259060518743162,-19.45224996268469,103.60726362897037,52.63088313235123,-77.71140501131974,-120.41354455992332,-305.8333041034922,382.5972733704389,-53.177439442171625,-31.93005041539617,15.144147106217698,23.962393130453197,-32.7981966807502,776.1798660782399,-22.81702834062694
1771947937.7400627,-56.749922691533676,-15.425582099675173,6.2154970412599875,-3.2718853661415213,-26.112183692710442,482.4965901758574,92.25505773283143,-82.21649256884311,41.21102344600552,-16.745164161547535,-40.47211842102159,39.54581278456473,384.1700398900576,223.5456717005175,-19.887138920902732,99.95309912076209,31.391193873234073,-185.4009932715205,-96.11020425958588,441.3885805561718,137.63204266335305,-54.139325895627714,-32.04470423154713,11.815115113113704,18.480021951405973,-27.05682836302339,384.7780636901652,79.15010159592211
1771947937.7439585,-59.00054010161184,-14.035664799493151,4.540043160838274,-14.888034562900973,5.585351340644813,-490.5028091792858,-114.92056918388545,-79.3412758699482,34.82946563537631,-18.280825717611847,-51.070256805220346,22.71143208418001,328.54150235754975,-247.22094374530386,-20.25104814075321,94.00220646742791,6.847453664592566,-229.46647318169119,-13.057372173109002,533.9296266868902,-357.1470084249809,-54.68492798935889,-32.03955769603922,10.00121710694157,6.978686600402422,-2.1397876423244986,-464.76278950563915,-72.37505765681996
1771947937.7478542,-60.82084741840901,-12.792331489313842,4.793851731138874,-26.22418265759593,36.014201541060714,-762.6631050222456,-33.823031145442656,-76.1009152935769,26.776762910460008,-18.76007262188375,-49.74454686087807,-11.87310177692446,-139.31497222034784,89.13691854407723,-20.540580327283333,85.9201258927812,-19.323394147180572,-204.8026096951255,69.42661902896964,-74.72750954330293,186.47688249736353,-54.80695092927054,-31.857885466088067,9.850923939753075,-6.779743382704742,26.99910157403625,-647.5272694274075,-80.9836567016009
1771947937.751893,-62.19331953730491,-11.646106811855779,6.822383585719143,-34.19145384153437,45.76432850900613,-46.39784176680785,141.29176490170715,-72.51462395127592,17.236429151737813,-18.233147602489424,-38.68856478354367,-38.94510251310188,-396.35985221908464,30.495307853068624,-20.752496372732043,75.91871510997636,-45.24603533164662,-129.33591851155788,99.17028191704127,-509.6408405367762,-64.40452873396237,-54.501548378293315,-31.432964307188314,11.22610614070279,-18.36474198685717,40.774045613321924,3.965407432410953,165.41543989178547
1771947937.7557888,-63.10377040992305,-10.53409188090833,10.191052117213031,-35.968894731064715,26.6679565655246,661.3886038336589,-109.03439234082724,-68.60398218632379,6.44023887384844,-16.80160261475555,-22.224775881963268,-38.0676129700277,-150.7571287187475,-36.8182477517318,-20.883763396225742,64.24981616341907,-68.99132507295116,-34.517115490311575,65.71542567594955,-240.95414032400686,51.02770965363308,-53.76834957459183,-30.691944465782694,13.725297355263836,-24.392562925699472,27.952524804284316,583.7022186669462,-94.98137706125777
1771947937.7596846,-63.54145995166451,-9.384432642496893,14.241606118924869,-30.015717435683346,-11.377177579410086,469.04943604731943,54.77544155199927,-64.39279788776632,-5.3379842730465015,-14.610450248982627,-5.280539489028315,-8.974677563712806,251.80505676932174,50.458375363232044,-20.93160438891814,51.198227620024824,-88.72929420554739,47.78560648383512,0.870991712657459,291.63659225353956,60.29373740427625,-52.61045707250799,-29.560291232544536,16.737697054068633,-23.5741509191088,-5.322138895593538,371.530754223253,17.35940010720201
1771947937.7635803,-63.49917458495623,-8.12133950136901,18.174643874620525,-16.820624213463393,-44.55900802770439,-293.5306188195753,3.164087220710505,-59.906947126219755,-17.78977122373751,-11.838102133550578,8.376498294247714,27.80979853955857,327.05825491434115,-120.99901455573864,-20.8935485398548,37.0742047051876,-102.8778828950511,96.47757807515701,-50.58052664232865,390.61676907311687,-211.0523643485261,-51.03441525298799,-27.966603769752385,19.521824879494723,-16.935703242825458,-37.66991470294181,-285.04569341521,34.33842748656334
1771947937.767476,-62.97328097687272,-6.670432081770254,21.14923742015604,0.7279296031919853,-49.82979716042112,-612.6357127114424,-90.59089342786321,-55.1741959935454,-30.580391664927404,-8.684634038791499,17.32853510215212,45.653169925100364,21.38838444477491,142.9041038755761,-20.767481341681037,22.20570521986058,-110.23488567521039,106.4321122018372,-63.60475685986662,-0.20563491580839083,202.56536346360664,-49.05015000825823,-25.847595376706852,21.300181222278127,-7.398180444545656,-46.14450636297723,-520.3346823809608,-113.59510145985703
1771947937.7713718,-61.963752691236714,-4.964163446681512,22.388832590530082,17.761853624166147,-21.486941537148255,-127.53307435894038,141.56245744295242,-50.22400473861577,-43.3579829539957,-5.359060908835864,22.37395266764909,31.081311469620776,-290.9605543424026,-52.73962598120782,-20.55169358924841,6.930587894422812,-110.0818809730155,86.59759745291083,-43.87546174702883,-344.55030701121484,-57.846865312425805,-46.670880211174925,-23.15300392115805,21.35960391910918,1.2181041786702855,-22.95706122796307,-76.7724242245251,161.31136826589642
1771947937.7752676,-60.47416964524326,-2.947068536635249,21.281882027344974,29.014510182523715,22.64961583676495,480.1601449281748,-121.73663765330708,-45.087315454514005,-55.763169846724864,-2.06640350552293,25.114308813148007,-6.329875613233835,-260.5698444829561,-48.84700176570726,-20.24492836952049,-8.411046239989806,-102.25115733632819,53.120722357101094,-13.244380617482838,-242.44029906568184,-46.797051118451066,-43.913001791285865,-19.85019542555854,19.146392989779102,5.72073945971916,17.2091362459654,434.2033674569072,-108.1457772728768
1771947937.7791636,-58.51169048697072,-0.5805837269803812,17.466131338307136,31.155301877659543,52.062345652631066,427.229090929572,34.323595363773,-39.796324710379885,-67.4389094071217,1.0046301595542793,26.25895963028312,-40.49365113832167,69.79984482479934,77.79320971301478,-19.846425126660225,-23.48419932592524,-87.14965001411635,21.426776824667677,12.310671202210472,140.80066272328816,74.56449352821416,-40.79594549517832,-15.928229173425187,14.345758719293613,5.122860845036156,46.28222200307597,357.59201467116867,-24.597970824880207
1771947937.7830594,-56.08699826011798,2.15280237347842,10.887077870995096,24.57481543020908,45.334154553325114,-180.45958511778304,107.58201529819505,-34.38424267530859,-78.04029156041243,3.692543682385135,24.90152290712098,-47.09071139783212,324.23219791328773,-99.58073932848322,-19.355959914394667,-37.965863394879655,-65.73741810320142,0.8224741824918766,31.088964943872483,339.1625158488564,-122.38383325444632,-37.34200967552574,-11.401168508322868,6.936692356503774,1.332364257063133,43.04982142578211,-186.92680858307315,155.67814356706276
1771947937.786955,-53.214219926194716,5.246284357514499,1.8237153686237202,13.330771948285955,6.943394775332485,-529.917239900353,-189.6440373425776,-28.885040464175088,-87.24402991738994,5.871806193099165,19.305766241053576,-20.73359840929179,199.67235353931878,139.92737581459826,-18.773881026046528,-51.551330160048984,-39.46192962580418,-6.899782182980473,45.751778783289446,127.95969488299752,171.01108547882723,-33.5761696711896,-6.3104459843849785,-2.784176662333825,-1.737131168890236,9.627704281114491,-481.27208679792653,-181.70407397451822
1771947937.7908509,-49.91082045402236,8.666548630770304,-9.121984586764968,3.1007128221402667,-34.92393020283112,-164.03242182904376,128.58782668160583,-23.33318761434663,-94.75738880764621,7.458879856380763,8.63263951159948,20.942625995116547,-178.5300816738112,-98.31806334146304,-18.101139285664527,-63.95983387849067,-10.153061261853447,-5.651695036887705,49.890233752669765,-241.93967824677458,-108.22077818087946,-29.525865497109205,-0.7261237049938334,-14.213026883269958,-0.3273137539474083,-29.305482529106786,-130.09465134458594,97.0212742748981
1771947937.7947466,-46.19747231473674,12.352803169700124,-21.071661297397675,-1.6734574013078616,-49.40237451223213,430.6201542378439,-19.645194597387,-17.763381741856207,-100.32630968923979,8.415143162401248,-5.592351452250903,49.181620492652314,-358.077016972838,-32.08498652705195,-17.339312356964072,-74.939464052196,20.113046870077287,-1.9219192121042068,29.278223347294738,-328.6399419291522,-25.94792201969133,-25.220769703564304,5.253070370813198,-26.483374295344944,6.969413110670135,-45.06930531448828,417.2915725040968,-2.32340707804768
1771947937.7987728,-42.09790139152477,16.217128993005442,-32.94926692425155,0.1810078640766377,-27.02634545428696,452.8746242712955,-63.72338020630241,-12.210272528948256,-103.7425228245821,8.746577794837638,-19.276211460364465,43.9551381491025,-88.18792362274034,125.60426643698388,-16.490622487859216,-84.27130921472921,49.170577757068486,-1.897200007457894,-20.22957096930024,-9.873566301712298,107.56984477785467,-20.692537432184107,11.501002010492158,-38.54094587549,18.267981098687155,-27.295977960356115,422.40059479810094,-83.12770255188686
1771947937.8026688,-37.63871051486751,20.14620000707834,-43.58451602134017,6.335823702912366,12.729293950069902,-154.38022656623787,147.40303895586783,-6.708182297457617,-104.84945853746616,8.50034516279297,-27.107943518812142,8.146671822878357,318.9870461273599,-137.83118586109777,-15.557947193974353,-91.77281521062746,74.92867148574145,-9.459323334959537,-76.37102215218638,341.11674677262755,-146.17225871484433,-15.974540874810454,17.866705303816026,-49.24197760458863,29.177593799519347,8.064037761723833,-164.3652380280644,177.936225779169
1771947937.8065646,-32.849182009434934,24.004360759969973,-51.831000579443405,12.454133802244554,37.459836609547565,-589.0191575233227,-175.5744669222145,-1.2908255435611782,-103.5468061856376,7.758621276710969,-24.991269938743223,-33.940147825056385,327.4256027601176,126.4480891584593,-14.544822510318477,-97.30036092457158,95.53102891245177,-25.041197597989143,-97.22834789620315,278.83907463199466,177.6831335378468,-11.101590478994163,24.178236468608826,-57.465486440178786,34.83819724527736,32.13965449148636,-576.2608557217516,-179.38831557356826
1771947937.8104603,-27.76106076518978,27.637993974994934,-56.68714250445021,14.562834414609577,28.818280690448137,-232.01939379593824,85.70630432128036,4.008970075012844,-99.79360672833829,6.630265781953715,-12.52464300294594,-53.14807643301505,-110.59276609680164,-106.65253935919735,-13.455438577997091,-100.75107025361277,109.49778777813539,-45.23771048463355,-52.98495075051069,-143.70906996770728,-136.10204089815494,-6.109645322397295,30.24771646225794,-62.228439870917015,32.21752874313945,27.270049949262305,-217.84070660930968,44.96272005317312
1771947937.814356,-22.4083194608885,30.88105287727421,-57.40757518221372,11.136919535800516,-2.2235384900012796,482.14420585985323,54.32841814772894,9.159538735340131,-93.60980456616299,5.241058638455193,5.787508600455711,-35.87969183989575,-421.68449403946704,24.89856502491884,-12.294627445552251,-102.06389019320903,115.83839149552193,-63.23889274097663,41.593677867183594,-398.05221934810714,-1.5356845202812874,-1.0355151362204258,35.87741897714604,-62.79220474758141,21.627024484324437,1.5101828428242607,482.5185202691154,98.08856497014095
1771947937.8182518,-16.826907713334048,33.56157860348207,-53.593214017634644,3.7752652405823315,-25.526473265523748,584.3579004839711,-173.69596071748416,14.13064483784768,-85.0762250761978,3.7233313633451792,21.65761620824243,6.044832440152632,-157.19229708275708,150.58783221651402,-11.067843053786858,-101.21997137263031,114.1265065659616,-70.26402228088085,125.80501845086995,-146.6412763534528,160.55134112739543,4.083443465866988,40.86671021083584,-58.74927345956416,6.637475460175513,-19.354086285666128,574.1216321949934,-182.45052819738714
1771947937.8221478,-11.054487080970919,35.508973108061596,-45.25014272808546,-4.095821288364105,-19.279935787945583,-118.13405754874324,207.93787984880706,18.893742181279432,-74.33298567458333,2.205834872721909,26.52461437898231,43.456343390486346,342.3374991753182,-306.03932725215725,-9.781133474694554,-98.2423904497989,104.53109960547455,-58.11631336220675,132.57855276754276,292.78774524830635,-266.51784865266836,9.209633920892818,45.019602010919016,-50.0809917171803,-7.839364563920871,-15.779985263627353,-123.39888992709713,193.6257603626182
1771947937.8260436,-5.130153958359943,36.56175641609048,-32.810332553681555,-9.899923881394631,9.317368083426233,-709.8216404778226,-71.11302361745581,23.422221295544958,-61.57638975074981,0.8046190454873133,16.02698657791364,50.44751060791223,367.985612224802,249.38962856918803,-8.441105609528506,-93.1952545113217,87.8013052986944,-22.665657340781987,42.84912561254048,346.88762876966484,246.9633676875218,14.305527159252236,48.15264386567332,-37.179684246681006,-18.491962844644604,6.888299954812042,-700.3379453798037,-53.8880505426186
1771947937.8299394,0.9058475582246076,36.57550607373348,-17.110853999903746,-14.190561975660934,29.749457176471886,-366.5560759881939,-115.5618200741403,27.691642296302177,-47.054392813480035,-0.38443710019552246,-6.971677123793645,22.79110973702391,-141.71866738597217,-25.198074359557918,-7.054882691390908,-86.18222611228715,65.20641940081441,32.61916379976364,-89.93188100059798,-45.93869846023686,-86.23143256321572,19.333966954336603,50.10285377114493,-20.83194109967625,-25.764973170469894,22.85548301548844,-355.0717440553214,-139.57851589727227
1771947937.8338351,7.012420723696021,35.430656520080284,0.6677029421091087,-20.61782616764911,16.85479537703229,490.19297302218206,133.9892647645414,31.67995067689606,-31.06076661449464,-1.2909880150988593,-32.79380028885474,-19.296493089444077,-457.89338245966223,-137.90164827684143,-5.630055040505271,-77.34450365179309,38.4359418648316,94.83565401020618,-171.29620573174475,-351.09039920470553,-100.62002597316409,24.258470644309522,50.73537334717832,-2.163576441938154,-33.46844142830377,10.82280043068059,480.89144254444903,158.77404561569713
1771947937.8377311,13.147916934780328,33.03982671985096,19.098798589676793,-33.091418816367415,-22.807576616802095,716.1036841519083,-79.51401944475062,35.36767357558725,-13.928118717462443,-1.8732270536609044,-48.983351778658815,-46.101818812101925,-100.28872144152791,272.27107995864264,-4.174624578705372,-66.85828620646846,9.467782759797863,143.54213876456294,-135.1490118836124,-173.0113281920526,242.6514549280972,29.043522722295958,49.9505283923162,17.449450346398272,-45.600857082248325,-22.9016447532159,691.0189155842511,-78.71838960178542
1771947937.841627,19.27043998491679,29.354346943026545,36.63499431426118,-51.761434392099495,-52.5950801858184,-5.134741941629501,106.11474042139126,38.73809421050334,3.980047880201868,-2.1185007764172465,-46.097967380415575,-39.95027312746601,420.5319243981155,-470.6630086801853,-2.6969436627831027,-54.93174666171681,-19.584738718378308,157.2513402610841,1.4296353509154311,209.2497165725476,-374.2039575016333,33.6548588038746,47.68998339795298,36.49642994778821,-62.222538333537045,-46.1089710518085,-7.8383586695464365,78.52941823895782
1771947937.8458145,25.338151469250292,24.369672124040044,51.749032638505234,-70.55477911128027,-37.416573086633534,-715.6400308251478,-33.4790328058326,41.77740231896455,22.27802751264881,-2.0417086807814013,-22.413631614404913,-7.335863153583553,321.33307216534774,359.5369110748337,-1.2056488814203938,-41.80153381417948,-46.634835202648894,122.82734939815613,144.08171764049848,258.29690802831857,373.1604314964114,38.05973754877818,43.94169930358401,53.46316507557793,-77.18468349469349,-28.974359097958853,-679.1383687358287,-6.196398991995601
1771947937.8497102,31.309575071774727,18.12940038625532,63.07762904868418,-78.21821964153489,20.925450970552838,-480.7742590653971,-191.68330981631706,44.474818578457544,40.567131365492436,-1.6818475305359728,14.715027535077231,27.069842782741652,-273.6137946694403,298.69884954210994,0.2904094351831997,-27.72882356493381,-69.78023895553926,43.5542527077312,188.28767890474995,-56.09438565500878,-34.45135883808695,42.22719827171198,38.74343843695408,66.96690984927193,-79.5452732843342,24.809014966440284,-449.68236045949413,-209.20219713821675
1771947937.8536062,37.143897544034495,10.727658974845491,69.55406382330655,-62.82204431222572,77.92526482990574,359.5598930956662,231.11339697994083,46.82269116988288,58.44519644801785,-1.0971882960925026,51.493820762697375,39.39579475430762,-477.9020775760922,-815.9419646611618,1.7822411695125988,-12.994940823461198,-87.4447672639293,-58.87677413341617,98.56972392483773,-243.7262132281188,-485.1080468844885,46.128302170501435,32.184606959521865,75.8822235287131,-58.36820861519487,73.9163170233784,332.332858661602,237.7202318297838
1771947937.857502,42.80126421511153,2.309672883420448,70.51641095500746,-17.92059139198903,80.06500097945421,691.682256979555,2.9096188040709796,48.8165628937055,75.51614228604898,-0.3596332492061577,73.25484363516134,23.74849389605244,37.5872571616808,502.51358067161976,3.2607929923723447,2.1034228789903486,-98.49242732514978,-150.79965448851613,-62.03325035334766,-35.291172758387674,716.5535035792836,49.736355252047176,24.406280055245823,79.44562927864547,-8.830394127529777,70.79950821246595,630.73534350149,30.573552431072574
1771947937.861398,48.24306685970728,-6.929607692553026,65.78028818205914,52.17794518747977,12.629423861007016,131.4639438254998,-183.52698984080777,50.45520753684473,91.39933580660369,0.45120695666944377,70.63040276712074,-5.218009705321308,522.2628534605257,185.3413676383274,4.717026722950383,17.25936484621145,-102.30534488760223,-199.48720337164806,-177.25568006484173,223.75092362303522,-408.61727591378815,53.02711115026819,15.599316868212378,77.3288057819395,63.03374886299209,4.92035988847058,121.12846763495942,-239.79125519016887
1771947937.8652935,53.43222178005331,-16.74887630428102,55.66819850620016,130.50630881508854,-80.0207328437021,-536.8244516187267,163.06776838365815,51.74063447846643,105.73853281953808,1.2537398288301176,43.62512897611939,-25.30666699421666,245.9922621845111,-466.04842673405363,6.141998614205943,32.16125825441344,-98.81982779884333,-186.9145155878465,-164.364204810099,110.0924925260089,-234.1244149185276,55.97895218515649,6.000540615032459,69.67291221297623,139.26823296680467,-80.29981503423954,-470.6905085370462,181.86792090282378
1771947937.8691895,58.33343608552831,-26.86581543577002,40.991580180257245,190.70964306181253,-123.77783888469091,-473.31939803568514,-31.111188472019585,52.67806083672014,118.21017837362373,1.9695539929350099,1.6722824513188226,-24.19049925969406,-405.7781194537967,371.03317532667876,7.526938635643769,46.49851485295739,-88.51835480002751,-117.81435437342365,-35.80842908918659,-216.42631550233568,714.6176628356834,58.57304726153518,-4.112966787327929,57.08029776933715,193.99591778117068,-116.23087865916764,-413.7289311842081,15.732908616014143
1771947937.8730855,62.913460339249504,-36.96431933720421,22.986201668799936,205.7300907961911,-74.2831049681995,156.853210977462,-162.50899260355115,53.27585083588914,128.53086856476463,2.5277935263165303,-40.35414747286415,-7.302528962810072,-487.0467821561392,-231.47267869661724,8.8633287263022,59.96754991868378,-72.37891317397307,-17.949579337028897,111.71818989872114,-235.12647639417568,-617.8760560339043,60.79348551033883,-14.431330489316776,40.563920145708295,202.22751603293494,-64.41854303140235,124.97125750347027,-209.0305116267375
1771947937.8769813,67.14132590009152,-46.70341937149876,3.2060813643193966,159.51396493891204,41.456139755857784,517.2805780268172,237.81236287465748,53.54542249379233,136.463802004516,2.8686674410250914,-68.19307540940711,9.171124727558977,126.64833535401257,25.62091938008703,10.142978886579234,72.27785713044396,-51.786582101347776,76.7829061525545,171.58705315034,137.05872046251358,73.13594487151234,62.62738485625194,-24.620910944354886,21.458882956551626,150.85812296788444,46.314373372738686,429.556542834213,235.04130140377183
1771947937.8808773,70.98856539899138,-55.727665580499504,-16.614770574196772,56.76036541504478,138.8741188683393,210.2088905165791,20.64897220502848,53.501122124750246,141.824077799977,2.9461400111446956,-73.49220457851864,13.04095634947713,566.2897421558254,215.14188036117451,11.35809989507066,83.15808254666887,-28.415271985049028,135.31318699432055,106.62487645345567,370.4283607533757,338.0729704533233,64.06497492983776,-34.33463020423667,1.3041922825882568,47.11739703951728,135.1180233799445,181.75905262151414,33.86895537935069
1771947937.884773,74.42941490552099,-63.67865393392713,-34.72020109029645,-74.81107726583754,138.95967232001442,-312.7459890464258,-341.00692355608277,53.1600674969618,144.48272716461403,2.7299214144805872,-56.27201768041186,5.522119948681364,223.60250455442107,-279.11977832528186,12.501371407133547,92.36197085522714,-4.089825849060484,143.40781474389826,-27.17858944480797,79.5748177920137,-355.95699675691816,65.09965397466392,-43.22327341551847,-18.294234743174414,-80.41519634270743,129.4530706111898,-242.3262552928468,-335.1153429456131
1771947937.8886688,77.44099651813332,-70.20733277258961,-49.49463286463626,-192.45757485261487,32.63217404942776,-402.50843544724535,213.88959911780188,52.54196081655846,144.36939792652345,2.2069025780634797,-24.061180224215175,-2.2723537001901906,-412.25528491705813,210.0566019174987,13.566004246447719,99.67404544091563,19.3599231895358,107.42663322729211,-128.20790207776082,-375.25607860100325,266.5311306415141,65.7280196741687,-50.94739367876755,-35.8063922463672,-190.35486099027824,24.558147603393355,-323.75996068106497,228.27491980995956
1771947937.892687,80.00348032444553,-74.98667725377486,-59.61518796181177,-254.4410031868585,-106.3153607151584,9.697906092849921,244.39551698828555,51.66887307984749,141.47364557882747,1.3821612238258978,11.482729304757315,-1.4640025334033477,-480.1927479935069,-158.3414461158588,14.54579584660071,104.91487771076694,40.24116640161905,48.90796496350975,-127.83249539412076,-353.9258199359992,-219.33862385445866,65.94987411649282,-57.18941160814685,-49.91328763861344,-244.06983179022333,-106.9086757340979,-3.4892192910222635,191.4328056904459
1771947937.8965828,82.10022484557261,-77.72429102903048,-64.17850818975084,-237.37132779292565,-173.71995033775517,391.98856384931054,-368.8010715713563,50.56500172462702,135.84482000188274,0.27961273968054895,39.036499651154436,5.701913494029728,76.2152133088231,32.425082650483695,15.43517799295187,107.94580019973718,57.124867895839,-6.431058400008713,-38.162627903216155,157.7467419906535,32.85921521591295,65.7682033564764,-61.66547964860676,-59.621474750441344,-221.72593470638708,-166.52281669018532,306.48127703584356,-337.89481363008537
1771947937.9004788,83.71789515472665,-78.17448241653369,-62.789777588610356,-146.8780719014528,-114.7250351846901,266.38696365007587,-23.312513100259526,49.25640386334687,127.59057146159158,-1.0577063960486515,51.56293212628964,8.625756926451084,501.38714053359723,210.24088784357536,16.229256188595183,108.67292115049581,68.94746524213674,-39.58900334899889,65.09153379240068,492.20100647239565,250.27733944060014,65.18913217867969,-64.13667758869074,-64.34615617276849,-131.40361165000417,-105.38145515420206,217.02777843520457,23.961661901240596
1771947937.9043746,84.8465578720078,-76.14936802229865,-55.60492156237297,-16.344769315494013,31.359696585023343,-219.78095053680534,320.4656313708821,47.770707672817025,116.87403171022811,-2.567838138119531,48.28418468543237,-0.03182737308851103,272.4480979561138,-347.16838207392294,16.923840103404967,107.05030540192409,75.08006077737437,-44.46702139644567,105.96080714230308,195.59262808519978,-351.9392846580152,64.22185473329506,-64.41911963520788,-63.95506882893586,-6.721376918699453,35.61355511799946,-176.08165760789242,232.7260336386702
1771947937.9082706,85.4797522392118,-71.52857878365646,-43.321346743123115,106.19709007326253,157.803850886854,-443.2446268919734,-94.04574308468202,46.13680478722119,103.90975629067368,-4.170792662693992,33.87929296912787,-15.30924414601503,-272.02411680171156,238.9920378302837,17.51546470938513,103.08219881358303,75.36051925617288,-27.748534080609748,64.83727170807714,-357.4602819230963,243.62820988307027,62.87854175574395,-62.39258337390102,-58.76921922718312,106.40757017909408,153.72830422946075,-365.64920509675215,-58.567230794011685
1771947937.9121664,85.61453650601965,-64.2671802370696,-27.11746933198956,177.49867670889196,170.18287543991516,-67.55762884044444,-213.97709945631738,44.384526836696395,88.9585428997056,-5.770387958767216,15.40065377139396,-22.814393176780143,-445.19857716131213,-13.91851616098443,18.001401905360254,96.82419214387566,70.08707280207021,-3.767451675826411,-14.409414841215487,-459.9693530277628,-82.24965219527924,61.17422512645569,-58.007315035416056,-49.52077260644594,168.2543109324908,161.02223205009034,-49.39577089570015,-163.2998563198932
1771947937.9160624,85.25150892352598,-54.401468988941836,-8.546183867384126,176.3783553885306,58.35211370004572,457.3121303645212,89.69635953061658,42.54430957502639,72.32126691130004,-7.257298604308843,-1.3276212443351716,-11.797791957144002,-74.35701665094112,-160.333251804328,18.379662671058554,88.38324454310418,59.97524851316006,12.767781344879479,-66.6794777529197,8.705975853903958,-95.79392165020039,59.126660596011575,-51.28872177768107,-37.27259639310993,160.926130889291,51.28776373630853,401.15156925908815,11.88729652306239
1771947937.919958,84.39480274656813,-42.05236920481206,10.608126590850322,111.28568634338369,-95.11841604725647,398.8187268059141,171.94447597385238,40.646848284262795,54.33189689174312,-8.513522294338323,-13.814588241653261,13.238011449846711,357.05024181718966,230.84819548252594,18.648990003110512,77.91651461145872,46.08289642726367,13.117410455484505,-58.462780386611605,451.82662177559143,260.9556985534426,56.75616959789793,-42.33972811128947,-23.307693433757837,94.41994222337892,-94.54923262798215,339.675184878537,209.40852339312863
1771947937.923854,83.05205480740081,-27.426224179672136,28.495877656796196,15.008146913971322,-177.05813798796657,-250.2357908612367,-102.72918739390005,38.72274829343142,35.34986886276199,-9.418375210976828,-22.58471027314426,33.663481592300435,339.0516066792064,-205.91213546439997,18.80884304237463,65.62897685640091,29.710559720302058,-2.4268822907189254,-8.571428113050949,331.6180458059008,-287.2116697063578,54.08546120517658,-31.340647708262157,-8.999662714482149,0.7541435596825545,-169.21094530514065,-245.69499123671235,-91.73256843920664
1771947937.92775,81.23434745547834,-10.812856221275347,43.37638308759284,-70.61974212591257,-128.7985902903266,-635.3374914018806,-93.54475743852015,36.80217452551468,15.752008503123884,-9.855982883889729,-29.14701805570672,31.05939501859185,-78.37017211768134,92.3665420518778,18.85937293365073,51.76983325613542,12.286209690420943,-25.706465735323345,35.295046221336996,-177.93109049085948,140.6648931630949,51.1394354649239,-18.546501090039133,4.322890877846137,-80.61659071864617,-119.5696566189623,-578.7911656682232,-131.84860092485462
1771947937.931646,78.95612393309932,7.41914846612597,53.783415267619546,-112.56895249621488,10.854163660316894,-155.757035542166,85.3943716458436,34.91450404019965,-4.075803485420097,-9.724043767458767,-33.902076527484525,3.360678558588595,-383.7811770568438,64.64098871077475,18.801391111127828,36.62776365252105,-4.755653152302148,-45.23162550744238,39.42166010225123,-448.28729233989486,51.85583873389345,47.9449695359667,-4.281792236558321,15.504577736655353,-119.05772012889227,14.578047874640168,-115.64216681913109,135.7253887654542
1771947937.9355416,76.23507749770648,26.829885172683852,58.666542748555955,-98.91706623524014,136.84842806815283,612.089919054048,-19.200706587869032,33.08798558297375,-23.747025614981204,-8.943423909728663,-35.318711559363564,-31.106578821216,-218.7406198700571,-144.61667593660727,18.63633087483432,20.525093795583214,-20.090408600750994,-51.714969421771904,9.095991605232657,-175.3910931638826,-155.00622991187691,44.53068819524875,11.067158140549717,23.671476765165064,-103.51299517843667,132.29052749972664,591.7746263370162,-56.02628377902011
1771947937.9395382,73.09201476407645,46.91817070336427,57.49469964532412,-40.96707680292811,158.01996858244493,597.7199549138653,22.1492639235105,31.34941014650524,-42.882714994482086,-7.467923721113293,-30.64848786739758,-46.23868613647123,206.28955582676056,103.2417374793651,18.366203265280333,3.810993756365193,-32.60583800840973,-41.8937037499671,-22.246746769888993,286.618008095798,153.4644588591348,40.92672033334303,27.06214012883613,28.308874034858245,-44.075407421463424,148.30356920591075,545.0603798700746,14.29422085799432
1771947937.9434342,69.55069387648648,67.13395276465887,50.31186901095631,34.142569918757935,64.15045179338533,-263.48253662445074,25.63883883796736,29.72379645558999,-61.119465722967696,-5.293377072649852,-17.574512322005436,-28.305844800909043,370.4256260047992,-71.64365358825394,17.99354831471855,-13.146149947776403,-41.48284666885594,-19.092578283967622,-25.9455195934707,386.26818638299653,-127.13828096071335,37.16444308515212,43.22497974246195,29.30103043375117,34.58673680850213,55.756193176801865,-283.8044885606764,73.49807415884324
1771947937.94733,65.6376383266156,86.89278032148786,37.7391804734364,95.73616724787348,-70.10547542210725,-830.740487956187,-53.19889782921809,28.234095105696305,-78.11685356948422,-2.465125370126811,4.043503706833891,12.168820469852266,75.8057625213236,103.33235116408356,17.521382766314407,-29.96701852677698,-46.248575389423216,9.10839899396981,-2.531261509760464,28.797941792625434,98.70549856740732,33.27621532561118,59.051126742866956,26.929360160737144,103.77220586634772,-71.8729537121586,-795.291454256062,-97.6198561921655
1771947937.951226,61.38192752773791,105.59195314578386,20.922725385392066,121.32069288848759,-144.69028331302337,-284.84635910750274,-25.585106641870336,26.900914862772396,-93.56423115451707,0.9171293571687612,31.016086372321066,46.743641469925734,-308.02746708661624,-47.136909081413464,16.953145354725862,-46.27010850080596,-46.798592780596245,34.363283749522374,22.289096415809226,-344.0283888845982,-7.1570941473607865,29.295102418080187,74.02451040138057,21.829611127171596,140.7438923541103,-138.7879579528946,-241.37667613574803,-16.728616892533115
1771947937.955122,56.81496556201183,122.6279058165458,1.4314994170430264,103.74487669290893,-109.37351235321258,684.965579514406,-3.543974536049395,25.742274404466638,-107.18673692436435,4.6980357542527456,56.79397730986452,49.58824975071508,-303.27477456003015,-117.48582056833644,16.292640760502795,-61.680730792775755,-43.38753946812026,50.40257123906512,23.616448028566914,-296.72778214346744,-114.75060307624841,25.25459426177921,87.63322081241797,14.9127873949622,135.192090460847,-98.98317085387556,677.4229759134165,10.26431890378421
1771947937.9590178,51.97022975869451,137.4143292897848,-18.885400771963592,52.078645726164225,2.318417363642655,761.1351662482184,154.636269009431,24.773382538932804,-118.75040216204981,8.669654998392398,72.8999127306921,17.01274246195108,78.98803023330599,175.50609990670975,15.543983364117253,-75.84003554299255,-36.59022591335105,54.35134901267739,0.42652262607655045,97.70935108649014,145.59556073875044,21.18831877665126,99.38553802267191,7.2582168743598015,90.95361636681687,11.977907467979716,713.0893830891384,145.4610145245701
1771947937.9629138,46.883000955966814,149.40049419982677,-38.06931640483329,-13.416548987865612,103.30933770035566,-193.69857952486188,-98.61305617049919,24.006449640990432,-128.06626345124374,12.579388984273022,71.66780815470027,-28.88855324258676,358.0402520306741,-64.80817679094362,14.711541892951262,-88.41382962965059,-27.237558098249806,46.637483067175786,-24.63433694072637,366.1844074947615,-88.09195017784724,17.12975301452543,108.82581006167294,-0.010018645588991446,23.12480048347721,107.3125470197038,-211.4498106153755,-85.55243792400086
1771947937.9668095,41.590077529476865,158.0892177583826,-54.23459585343464,-70.00407188317295,120.78224821723401,-906.9792223857626,-159.46231734677562,23.45053268995616,-134.99341306620386,16.142915176548254,49.40637454568025,-55.6734164057882,189.29822348486627,-28.25518553200175,13.799885970538348,-99.10095384449535,-16.333595362357837,30.053820922257373,-27.199931859343856,196.1426749180645,38.9748935745457,13.111934176510157,115.5496766875952,-5.8503801415465375,-48.099059786977364,116.073793324167,-863.6697789029558,-200.27069047614916
1771947937.9707055,36.12947556085277,163.05391212974968,-65.74623922681101,-101.27492016244216,48.74020997528471,-411.0470825276668,256.85918747187833,23.111415914987546,-139.44094537048392,19.061816042614726,8.657931724724103,-43.96799708626092,-213.49635542571508,13.308262846385007,12.813735479503778,-107.64099314279942,-4.961383971436168,8.541725080869817,-4.095335502952484,-208.26519734933723,-10.080349804098123,9.167172970526078,119.21814908409526,-9.421580636906882,-104.43057367818949,35.500355288474594,-369.4174812387497,296.92628659126393
1771947937.9746013,30.540117790242626,163.9541651704739,-71.37599685390109,-102.38496589634839,-52.590059610052535,633.946703318278,-99.19606761567428,22.99152868417909,-141.36878227887254,21.045100318098484,-41.5168829360686,-1.644941764677023,-352.8425377130034,15.132222537438784,11.757913571933326,-113.82110558026945,5.814134597844475,-13.827413166843765,23.654464285985867,-367.749619853842,-25.8225301466855,5.326771880486318,119.57008468592954,-10.178341254331421,-134.6299920778216,-69.53516092580108,603.6350225273585,-78.1456547750873
1771947937.9784973,24.861514162054338,160.54933247663845,-70.42220821635745,-79.84714654896342,-106.27941263883517,828.8533589711496,-116.39183989938113,23.08990189887331,-140.7873851250611,21.833324537495365,-87.50082046157492,41.72757079924985,-56.511371637541146,4.1877435295842504,10.637304091161726,-117.48177361863364,15.037895566311079,-33.32656185854613,30.185881475260977,-83.58370193899398,53.31539207703194,1.620750954195953,116.43263797971903,-7.935053372563555,-136.15462901895214,-117.55445758846837,762.0469972351692,-192.16886545210582
1771947937.982393,19.133436845952417,152.70966277361094,-62.78197442136656,-46.72910512374037,-76.88075984801928,-75.03797178753022,217.37538291025538,23.402163734555504,-137.75638449218962,21.223578488981033,-114.82188674968555,56.082080953410824,317.82930620875936,-40.642225871124566,9.456814065364343,-118.52130610759973,21.94364242681781,-46.51181272573851,8.795369117471655,317.9911400883513,-75.78378776270006,-1.9224163385199649,109.72932164552385,-2.8904878183009304,-113.57654126122968,-72.45834941500352,-75.42573556181718,271.239467271656
1771947937.9863782,13.395592681593815,140.4245380899069,-48.968640844169386,-16.07602806482516,6.571554499872446,-857.2901677511504,-128.09025458912853,23.920575090593744,-132.38218368268772,19.0932477162254,-112.65237704106144,32.12576470884023,309.5282510191245,77.92154626060639,8.221341777245117,-116.89895035420285,26.013805738903876,-50.14189575463653,-21.327159467149617,345.70105063054456,109.5174569992201,-5.276054693397749,99.48537819191489,4.3893112559195675,-75.36308172442439,29.90444461214837,-776.0545719276834,-114.61789855471204
1771947937.9902742,7.6872960968078665,123.80748561580835,-30.072610619066676,4.423086451831677,77.32665280571132,-490.1173702667297,-36.98169489416506,24.634104605893484,-124.81461437638423,15.420266574041728,-77.92482479670183,-12.680448331833873,-90.09200828588398,-127.33045582770484,6.9357507347296865,-112.63650984043501,27.015886542466095,-41.774633596364424,-32.090581980413035,-65.93800269804231,-119.19753868337483,-8.41552356200231,85.83023939896661,13.028507416310777,-30.67592198582469,109.72890311525451,-439.8979011665632,-92.71545480184825
1771947937.99417,2.047145634113456,103.09770669422524,-7.668750966055298,14.637101663693157,83.84622302194752,498.99106830445163,75.9446860676998,25.528542612092004,-115.2427432003299,10.297577061335971,-17.657180767704293,-47.25883412652068,-401.82256514078233,128.94918871395504,5.604849708734588,-105.81840239218262,25.012982603867314,-21.20301293772109,-12.28602599613869,-426.53231145019384,49.70708676467662,-11.31843635957191,68.99693625247669,21.933707057677122,12.887293627608107,104.27531960993781,436.0590769790157,126.02384447930042
1771947937.998066,-3.487292778217141,78.65796618794805,16.321386020577002,20.567047371535395,27.253636981860822,787.3097574581875,-35.74106934294413,26.586652942089703,-103.88994481737842,3.939740495509264,51.88759981618144,-48.9995429714933,-218.33851388951888,23.92414535990436,4.233378873842329,-96.59013471691026,20.3483116367651,8.054446173778599,21.131101947778,-257.0354520870813,100.54391235132682,-13.964860035886085,49.31841188716845,29.91168532788195,50.308470250194446,16.014525296815446,691.2477966718606,-46.88159480248933
1771947938.001962,-8.879792745866009,50.96879015399223,39.8000944034583,29.980970256204202,-43.89964878166947,43.78395031269239,43.756389515021596,27.78836106327169,-91.00837111680131,-3.3198878957100444,109.7616560452117,-18.70113646584033,266.8603341703208,-247.32157053639645,2.8260019530243845,-85.1552118911403,13.605749157647722,38.50122097871494,37.165991612095226,269.76433467671717,-231.379592536484,-16.337492942385246,27.220782107977783,35.80061063114329,78.90371783204675,-88.41959256770727,50.50888373297757,17.99016806518597
1771947938.0058577,-14.095761517650818,20.619030280151794,60.68130606027426,46.9429453895827,-74.53124257820103,-695.6775911805415,-17.597767647745027,29.110976541818182,-76.87295745437363,-11.042338939518395,137.49647108213924,21.609952691267107,441.2349512073857,268.838006081378,1.3873041016906955,-71.77054404938121,5.550333639826154,60.42337019456273,18.633050677788304,475.0107493153916,214.66568194884098,-18.421819097384983,3.213681371191598,38.60125436581243,97.17194088507675,-128.18001561227175,-593.6160536735304,6.241748684147504
1771947938.0097537,-19.102518294573528,-11.707032370316725,77.07854013767131,68.00476164839847,-45.688876325769876,-485.11070290104584,-9.179167655049937,30.529447392749702,-61.77511491599901,-18.706637980526963,126.09311659168365,45.10196334386392,39.66855923494115,-59.52271144518972,-0.07820490951479181,-56.7404554758904,-2.94574615249075,65.22495990019922,-20.871955736400817,48.27526437050723,-78.64820299942312,-20.20623706105362,-22.122075279408214,37.594525683911534,103.68137340389173,-69.942762320637,-428.8369564191866,-11.836806203810271
1771947938.0136497,-23.869553766293812,-45.245759021730294,87.47587919064341,82.61792523101367,14.11706074036045,309.3582283933155,-130.87451456114056,32.01664348538476,-46.01626093412421,-25.742957935531365,79.65733076259389,38.25258656102659,-449.1650688005792,-88.80027885212704,-1.5660827884073878,-40.40944110232993,-10.985083137261542,48.930746815487616,-46.86951645111483,-469.97728699354116,-51.0207862245037,-21.68216173682214,-48.14919615658781,32.43291000691548,97.08816671155725,45.25946358177979,252.39820905076724,-119.00401847902701
1771947938.0175457,-28.368768013863743,-79.17300935289208,90.86637998612402,78.30199412906987,55.444720421958046,620.4362601560438,188.64557529967848,33.543665884239125,-29.901338731116578,-31.573442595607144,13.892405148084409,8.27022543454634,-363.8217096629379,82.26325989036766,-3.071942737052401,-23.15385040213795,-17.727770724238784,14.359286355051786,-33.5057952990125,-362.6743708157333,176.7213932630639,-22.844097598385726,-74.19058670129473,23.195882056325573,77.49221895901434,131.30922424209678,543.1013603719244,155.39971761086738
1771947938.0214417,-32.57468413248086,-112.62529656178805,86.84528586505901,48.134102087290174,48.629887432019686,129.8930783870774,159.82874035513748,35.08017877767119,-13.73247008775252,-35.65790816119597,-49.91315812247546,-23.8364636506357,225.7748675727373,-123.08970128995614,-4.5914380756408075,-5.37270867982952,-22.467828971194262,-28.92310970629554,12.418097257515754,251.99536324354887,-294.4874868620336,-23.68968211034733,-99.54753177575228,10.402863669312374,47.93157396884585,121.42865261610568,128.4951389837929,174.71707787969814
1771947938.0253372,-36.46463516828034,-144.72267342772588,75.6495233336868,-3.700092802023151,5.283770557829974,-438.28515300784665,-497.5192601112553,36.59476042084975,2.197122346667011,-37.54089771787241,-92.78011679600148,-38.15982095218132,538.6049694322087,233.1281148340446,-6.120244223173466,12.52208883047878,-24.696892751034223,-67.0360455699502,54.48232942463513,523.9594269025723,245.9738563064768,-24.219698394282645,-123.51887314461005,-5.018528739149944,14.296265892621808,19.558253818174364,-398.25834560474766,-469.87418122923987
1771947938.0292332,-40.01892216608837,-174.5927131534017,58.13986660448425,-61.72450271075384,-35.1828209367115,-389.80835474702775,246.21214836469147,38.05526928095899,17.60879680888577,-36.89610729721547,-104.61187320398692,-28.105346759602142,121.79899066247216,-216.22395184639686,-7.654038874204748,30.115954438803563,-24.149872605636084,-86.16622259880697,55.789325248903054,58.79490609412411,-39.996308453376926,-24.438056432971187,-145.42063054686446,-21.80675515211042,-16.91768180585515,-100.7005995098902,-377.851952272003,192.15622131839265
1771947938.0332088,-43.22094132680953,-201.39489797943384,35.72738023496737,-104.8251694097195,-40.39910152204067,101.23647335138547,285.31798750069663,39.429221364731674,32.2436638665919,-33.56408386388575,-87.00786933626961,-2.631671755796291,-478.0739924496887,16.592129895019283,-9.188481281118902,47.00188820733503,-20.828868057427353,-77.75098812553873,10.60433448246916,-484.2922880901863,-127.95527301959028,-24.35174233668335,-164.6054925243716,-38.476676051323274,-41.664938649901806,-149.9507485688259,110.13044631479795,344.25085338352
1771947938.0371046,-46.05727856281101,-224.34469960286205,10.250804821470233,-115.12750680809158,-11.056117453298425,383.0838839182272,-420.51734785291,40.68417456976793,45.86714794794084,-27.579346383766502,-51.399516044902434,21.320832258702268,-426.67310496445765,256.9799882890496,-10.719191563238839,62.79058718747047,-15.003457435339344,-42.540498250864445,-48.3583163511456,-322.82597553731983,318.02369146025876,-23.970735499338506,-180.48159989339828,-53.455802537447155,-59.92084971767109,-89.91933008697359,428.16449869170077,-439.5683726413831
1771947938.0410006,-48.51777014735619,-242.73663052922126,-16.18403401337048,-86.04008214301338,22.846004389731828,184.1802462175031,173.8489529761069,41.78811581458026,58.27285611621298,-19.183706990360566,-13.382098308646402,30.04218726290164,219.88116037430316,-433.0613995392545,-12.241730939558062,77.12011319545992,-7.187460781843146,8.582935180542588,-74.40591421855959,299.5966930623992,-563.9706312440793,-23.307893877014337,-192.53006143513687,-65.2336629910371,-74.4079242991399,36.95235562982094,190.54856746899267,108.45109384150386
1771947938.0448966,-50.59552862632971,-255.96556409759486,-41.38832803337987,-25.94409005790833,30.35329217013252,-184.33345935213637,17.00953461460749,42.70984662890709,69.2856887511593,-8.823542852156777,14.261767631665387,20.594874139649686,557.578495066042,330.0264735296405,-13.751583771937586,89.664858769271,1.9057767696421768,58.075437094761966,-44.222518204506386,464.0101979793415,376.23908975047374,-22.37880807470921,-200.32067646558679,-72.51003028589902,-87.19231734174262,138.1413126987466,-294.51517640356747,100.16027714927971
1771947938.0487924,-52.28693363827316,-263.545661540901,-63.281371499326795,44.121935361306896,6.877367163079282,-298.7940356141525,-74.6260743286751,43.41936283068295,78.76414483083425,2.8699798976355257,26.607638948007445,0.840828666683674,108.58446027597978,-8.70088968142347,-15.244142317362819,100.14356768162011,11.425758506465513,88.43871313478166,22.055979229595206,-60.29134587403392,421.67579737381647,-21.201625371382395,-203.5253900429314,-74.32767581044766,-96.47485135045736,139.515731435029,-408.540798763834,-74.22587146586709
1771947938.0526884,-53.5915877634696,-265.1263060083405,-80.07153582065548,98.07576573128479,-23.052444337493693,-64.63013428065292,156.52252908236673,43.88822393337513,86.60179401996595,15.117309638032085,27.300755906975052,-16.765598630158866,-482.5871427619136,-264.42633439204434,-16.714695068479966,108.3261906170849,20.459592822930446,89.26438680357633,74.94903832933679,-478.8174472449545,-934.713740096823,-19.796845239418577,-201.92907190706222,-70.17661516968597,-95.96621271414753,40.43455634652655,23.436736650908014,158.9581844562186
1771947938.0565844,-54.512238014446176,-260.5045248947524,-90.41102077586476,114.8814097899222,-29.112128058698765,243.02273287784067,-204.16195545440192,44.08990805669356,92.72790929806806,27.0416582287016,24.821072577355856,-22.90300361650977,-371.6332713272052,447.80347029843495,-18.158419463126876,114.03938889601487,28.1128527650066,61.3907250018748,73.55532989998171,-171.53193698504518,463.7715282134573,-18.187088343424684,-195.43728828423968,-60.05936567740647,-77.7742187799607,-85.99217161290072,470.70041458826734,-325.7827852608673
1771947938.06048,-55.05466409333774,-249.6334809860365,-93.5106981092283,87.11179831091326,-3.450285112800153,259.30851294976355,121.61923471301964,44.000148328300966,97.10727627708127,37.731633502243994,26.64465001356646,-15.92409216903808,263.4323451548155,-555.082694807824,-19.57037958570959,117.1705381089519,33.58976789543793,16.309713093575,17.63639006231571,387.2580344770254,313.37279807268413,-16.396841440996514,-184.08082416770404,-44.51030578464864,-37.61690793853675,-147.66609589821647,313.2699978892531,139.96104736464284
1771947938.064376,-55.227535048893465,-232.62672639356038,-89.20500989230847,24.337975012337836,31.239586540103847,-73.77627799743185,-32.92416213423573,43.59724700128493,99.73921662328844,46.310910080185245,34.659050568590736,-1.338185019928633,493.4084458366464,251.6787187905099,-20.94552932391976,117.67012673058372,36.266027844559005,-28.870588374828998,-51.548624808104705,361.7373886557924,-510.2013822152761,-14.452181030045299,-168.016809297167,-24.566468710678343,20.456249525903797,-101.87902045605864,-316.3465906660517,313.3668233515477
1771947938.068272,-55.04223643084156,-209.75803686224634,-77.96140861925433,-50.288925105176666,41.285220070132475,-356.19121759155655,-26.20491480437495,42.86236375048413,100.65588205846177,52.00961779663337,44.18516823801708,12.31365674613716,2.9214421552234513,503.77864733897513,-22.278721295897434,115.55249062053068,35.74805604788051,-58.66859433153474,-82.59226367102447,-199.34874227560996,307.60296848046045,-12.380478958502145,-147.52640006952026,-1.6916104063055253,82.89701384261016,14.237333365941206,-589.3847598082299,-383.78157960347113
1771947938.072168,-54.51267045248067,-181.45677394260815,-60.833817402909396,-108.97851881709644,12.571878784442529,-160.86584564171508,226.6393264525688,41.77977489222641,99.91989275790526,54.231659229640016,46.80354460045444,18.149944056256135,-468.9136029924213,-916.3888203245223,-23.564721692080482,110.89487217358169,31.913677535160417,-65.42678012727781,-53.13416916321523,-465.8644530723346,-191.7335604418627,-10.2100935235003,-123.00906882812687,22.340258905820562,130.6056645386299,113.55259256988643,-53.541373648127006,-3.3350338708026035
1771947938.076064,-53.655032058626006,-148.29885543482754,-39.36460233843274,-130.0589575500972,-34.60511532237823,326.8398063537519,-415.91469588125193,40.337100637525936,97.62141008706459,52.61217613318686,35.29442376230748,13.860436825182502,-239.71788716902537,440.63377713350724,-24.79823098416176,103.83484127882423,24.930572372874835,-51.6065055264845,13.518014431929695,-61.26132883145619,69.34079089874865,-7.970049860037415,-94.97364897448168,45.59190153561625,146.781326601699,125.32737718241255,640.7039254756144,203.09737115759935
1771947938.0800292,-52.487564179568174,-110.99354699466738,-15.44414040782455,-106.13717626257055,-60.29617361979211,415.4197003245629,154.91138294060914,38.52549791440523,93.8747475205241,47.05988741857897,8.18688319974243,2.203252849439542,328.39154871128886,307.36836583476224,-25.973910291063802,94.56616159244503,15.25065654386015,-27.210637214406475,66.95853970000867,423.4772944476817,202.50851854348306,-5.689713660129696,-64.02637647506513,66.12757949479123,124.85539591759022,46.97612907149353,511.9028989937749,-37.70665475772394
1771947938.083925,-51.030295819485396,-70.36641545916008,8.85917677028261,-46.498711302269975,-38.193630294855225,-131.6522387215104,368.4845657773586,36.33981671950185,88.81463344518492,37.77998916963941,-28.319674253941287,-10.448219624529159,400.6941143478305,-552.1912982867287,-27.086413083681506,83.33322802490315,3.5804300352869136,-3.944299298957398,68.5682361939377,315.6361199954569,-373.8970237020577,-3.398462421765413,-30.85625185110453,82.18092309493294,72.07796233146067,-57.60843258059637,-364.87353407143075,-42.109689938501134
1771947938.087821,-49.30476693561437,-27.338902285728636,31.483081947798688,26.966920097577102,20.02847071763168,-597.1863243509355,-425.0413215578391,33.77871836709434,82.59224474050193,25.274677728992046,-62.172618231792285,-16.94490382973133,-106.02668895776584,379.21316962904456,-28.13042181923277,70.4242395047514,-9.170756168635162,10.552075060476092,20.335046309352734,-211.2404691126754,268.3451589319117,-1.1253584377569044,3.781882039422868,92.31101910228736,6.551322523457022,-109.85333391042549,-824.2188597824315,-55.0134015297912
1771947938.091717,-47.333744280244225,17.094920961514724,50.55311996473913,88.50929078794154,70.67672264393467,-230.41710782071337,13.504021152508434,30.844754432748246,75.3711313365652,10.320040665097165,-80.41252436394984,-12.98846922258346,-447.5325909743952,-174.0732212126917,-29.10068897308054,56.16330515447681,-21.96076991296941,15.366506442562947,-38.33737398710354,-440.32579239580025,-44.12754063658743,1.1011723854436835,39.08609346762788,95.53279092414277,-50.70008984530841,-76.57975295122787,-168.95998287211717,62.25954339222479
1771947938.0956128,-45.14093251148504,61.89376693143425,64.54562341856847,118.38620549782809,71.36750277798164,566.6320475583188,164.04577931750376,27.544405649862156,67.32314970081806,-6.080066102706291,-74.99504033107986,-0.18137924246655807,-152.053390614838,-20.00837673045567,-29.992081782865846,40.90171105235076,-33.69782252762701,14.933120966581887,-62.45310902320763,-98.27277325550332,-113.08157315918648,3.25365193749753,74.22744832001202,91.4099757295472,-84.31193637963409,8.264993735784003,778.6312208909711,-9.941868947608523
1771947938.0995088,-42.75068495404255,105.99600175456979,72.41751334760275,109.86925359321872,15.912666465030966,646.1785349306731,-26.24382656879552,23.88808046594344,58.624516588724056,-22.76062674494204,-46.65060628135432,13.699944550632184,344.4403489143377,221.44154693292526,-30.799629887665894,25.008596797571993,-43.33021173381822,15.040703609886117,-36.38229948740912,346.24822159256064,183.08645234561016,5.305847707970915,108.3708977205493,80.10225128493342,-89.64161499914105,74.94089008191425,714.9179193020233,2.9771139178476114
1771947938.1034048,-40.187718383812054,148.34720983057332,73.69155761726978,70.56524165223274,-57.65850764328251,-231.8929888494479,41.79605688014311,19.89007336245789,49.45208292764494,-38.478245418929056,-4.903694923176564,18.708763458222005,362.18395578460786,-313.3339328461711,-31.518574973662556,8.861304651093887,-49.93557568719526,18.835735720536405,15.316508531892124,346.0729813152518,-205.37922125002854,7.233053261477504,140.69641456867387,62.36204017163555,-72.59079086722382,74.79947935242554,-337.4253504801396,48.86378102846339
1771947938.1073008,-37.47683606063468,187.92767495914637,68.48983379560987,17.849902157036965,-93.95232996177799,-892.8197666307393,-141.82168918475554,15.568483403095183,39.9799123898568,-52.004268999012,35.69813301430291,9.656155566524948,-96.49169084247602,253.47110007351034,-32.14442151388825,-7.164330867771138,-52.80242253886251,24.95827495367388,49.01247770662342,-63.58436755557753,163.40984975162033,9.012347876178735,170.4198223812846,39.48088260505615,-45.19527604623253,16.49884747189209,-979.3743765671941,-83.22242468912862
1771947938.1111965,-34.642662941918324,223.77900418422752,57.51289420707078,-28.94449730975567,-62.37884868939247,-333.35804530267785,29.275828183093267,10.94509384560046,30.376231916372422,-62.22130709294295,61.383954496523444,-8.629180475738425,-415.3404421995221,-92.31639405673202,-32.67298766704757,-22.703487319995624,-51.497127294516766,28.53290087139191,37.718738268807044,-379.3688415475611,-29.973082051219908,10.62283217494588,196.81277177142476,13.189640851241611,-19.475576637242668,-45.84977094336583,-313.30876819256764,-0.8292399182143083
1771947938.1150925,-31.70939666784426,255.02914906112377,41.967065855000804,-55.692192975969505,17.771280388350434,764.0454939793942,72.57929131693739,6.0452140473995435,20.800803417669368,-68.21559010920717,64.55795087944428,-22.739713923689568,-204.27799414126977,-108.24728238284526,-33.10045535831955,-37.411395972435734,-45.91054928117255,24.307322529039425,-7.1605399534710745,-248.06081562407357,-115.63296996940988,12.045836954338712,219.22134573075533,-14.479215435043855,-2.244831904362419,-60.200367947422876,796.877686593855,23.12347451018862
1771947938.1189885,-28.70057759838995,280.9151272701876,23.446973863848086,-57.24996185621134,89.45615101684459,871.7296832862704,14.016916019943563,0.8974852805992499,11.402747179911097,-69.35757496731071,46.72458788794108,-19.76709544891824,249.0940912431021,236.16062100591168,-33.42341853246391,-50.97168002280311,-36.279866570831864,10.295472934951327,-45.431418541207975,164.37370867675014,156.78538399588385,13.265102752880049,237.08281199824268,-41.35574650120407,6.955233622627615,-19.305176257955967,857.0453402951705,66.95399581830766
1771947938.1228845,-25.638880872811292,300.80281476886245,3.7843408716431437,-37.51849910891663,99.20681225669696,-235.18329695633795,-17.792593679751327,-4.4663475936987584,2.3188280701105315,-65.36379662568191,17.79640179669689,1.5378369838858064,393.503615943299,-209.95461515700217,-33.63892858847969,-63.103772124670755,-23.18306030150416,-10.025691212834436,-41.6130885461013,389.4360852792859,-114.54025431166042,14.26692802613262,249.94008889984408,-65.30936451223346,13.807091971734645,36.03054568490077,-232.48870169901085,-26.654222883109203
1771947938.1269205,-22.54593305593114,314.20326523353225,-15.122947629735746,-7.06859045555239,37.2316783195447,-1074.314803114588,-115.73088161406304,-10.011696356364112,-6.327803589925044,-56.33415296179969,-8.14829725706332,26.7229129210603,72.25943253424794,98.64239939873364,-33.74453607850732,-73.56922402684725,-7.505583937692865,-28.456483913489564,4.378555851567974,169.79199755411338,83.27174710081572,15.040284205525953,257.4535511435131,-84.42353206269455,24.06037692821034,54.20611116200497,-1019.1248334970749,-126.98471616524171
1771947938.1308165,-19.442155406749613,320.7851174011988,-31.485860490786695,20.43880023722239,-53.78633494035381,-471.6280773967409,123.76975783768182,-15.701419055904303,-14.428441851876808,-42.7605256509328,-19.19347276351738,34.317480683711416,-334.58020129514665,-17.51067522845038,-33.73832784186416,-82.17675608184649,9.619040764809466,-35.90375438362632,54.722525466030554,-257.3205551746984,-63.40336411337166,15.576896435633783,259.40987327311564,-97.15370539080956,38.304330925206784,18.184071746008158,-447.89192007637746,133.7642025272594
1771947938.1347122,-16.346635245191028,320.38276684321545,-43.78743575213547,32.5044545548493,-108.50459312157922,784.0195694473464,3.248018164083396,-21.496136233373377,-21.889265075089416,-25.50476263858332,-11.337895302870397,13.024157173857802,-357.9610665398695,-28.44938140651356,-33.618958814527,-88.78593227554029,26.890821953418378,-27.622921289622088,63.12713976130588,-401.6954169442615,5.152604837236274,15.871289322844323,255.72768704005526,-102.45530256487568,50.19000876070333,-39.54780129728902,714.4515212910983,-1.435038775599825
1771947938.1386082,-13.277026399675837,313.0001010179101,-50.919525323555455,22.147385313798683,-86.26006033044168,994.2294911732887,-90.87992899071261,-27.354570685632783,-28.631436283382133,-5.746430183294093,9.190773327598702,-25.666652747225978,39.15911903883921,106.04798705668244,-33.38567781786575,-93.30938645759414,42.94131012852399,-6.936200284008475,14.176748731198792,-70.99377060107928,92.08472212017718,15.920797494677501,246.459910814029,-99.87101031045266,49.65666664036167,-65.11212370414833,914.6390652950527,-90.37487143799001
1771947938.1425042,-10.249479275527431,298.80972204594127,-52.28094015684169,-8.960919653940902,-1.5525997624674694,-121.35471062559449,89.42097115998902,-33.23390750491855,-34.59092266440392,15.096790785116262,28.571926262089644,-51.95067723560012,407.526295008338,-194.69059329870288,-33.03834672760834,-95.71356738812688,56.440732067967566,15.139083392031171,-59.31299192287281,366.4522841720002,-181.02407314239662,15.72554118066451,231.79269286191075,-89.57017142058572,29.440830129757124,-30.829516148458776,-95.4334748124508,81.74705217658952
1771947938.1464002,-7.278600596458495,278.1477092665709,-47.828465378247415,-50.18324007671931,85.16765428748211,-1050.5656261139027,-18.93374367329387,-39.09017100304804,-39.71809867417017,35.47083662504857,32.03062714582471,-39.614122014050984,305.1269909124983,175.54854377734327,-32.57745256799987,-96.01801318418431,66.20596107263283,24.830520426970388,-97.71209201843138,377.0554331105518,189.5547356743963,15.288367475273581,212.04099619179087,-72.33700557628465,-9.051793558575104,38.35656428167685,-946.7810596943967,-5.36431674939232
1771947938.150296,-4.377442302594471,251.50410058435594,-38.07653036708661,-85.05508896814273,110.79200608282785,-569.035994344092,-11.134610494819983,-44.8786150307218,-43.9771991679379,53.80186335732817,11.35928727246123,9.96252930006219,-170.11563189718407,-42.29595939305588,-32.00411223284704,-94.29320775513791,71.30067243297516,12.960288496454652,-61.34264169846993,-79.72689612710342,-96.87747372914372,14.614758465621705,187.64093959789207,-49.50866250374856,-54.066284397741356,83.39275851195704,-523.9541070876833,-7.348812841097533
1771947938.154192,-1.557518519335443,219.50939252644224,-24.04596729363413,-96.9460441605376,56.041027695417085,623.3015991558723,-75.11398759072262,-50.554123093284886,-47.34568614961297,68.6189446532113,-30.32789093426354,62.65644931243928,-454.6851281161873,-57.2392223286071,-31.320069660229578,-90.65711068494835,71.11935556684537,-19.024764985280974,33.20916088251946,-452.1508553641636,-26.52880205240546,13.712707926087614,159.13909381461139,-22.868244155512983,-87.2094934650679,60.796668878500235,553.9668284542827,-96.91373616425922
1771947938.158088,1.1711509568109664,182.91746814880815,-7.166867839129735,-75.3352166487585,-39.281361918611175,927.8212395486283,57.492791291447915,-56.07161454601171,-49.81358541936663,78.67323642773127,-78.87245304418029,74.16950911652138,-192.55275243075977,93.82585666181694,-30.527685376736628,-85.27048666088348,65.44786691991963,-57.67868063281994,118.57681837241273,-265.2465508601352,140.2836464206631,12.592568703527814,127.17900915558248,5.498365222842203,-91.11618632084945,-17.7367464323538,838.3622296660296,63.30146161264057
1771947938.161984,3.799972575035695,142.58545655064174,10.85535976312096,-20.7165385832865,-104.80468326408864,24.850249312026488,153.0643932771922,-61.38645307034237,-51.382839172769664,83.04387996264902,-114.27585075320432,26.288741553775296,300.6642580170989,-173.48941752876556,-29.629918419901426,-78.33119107713713,54.494848078294055,-82.124101878063,124.57889221002844,253.02844656874666,-246.7975598059332,11.2668732385438,92.48531990441788,33.370059999257556,-57.92383180482656,-90.73153723350576,25.75333835574097,176.20647544320235
1771947938.16588,6.321688621985852,99.45110748179131,28.198401670207407,53.58432969603482,-91.9272308117454,-807.8749654651974,-177.83062268388048,-66.4548536262368,-52.066709018156075,81.22160666843405,-118.66791012985087,-52.3219149932093,418.42016470840076,236.78954550993421,-28.630300779062875,-70.06759499515724,38.89048662148657,-73.18508627834856,34.63281357446266,441.2402649708487,262.2893232561405,9.750129972896728,55.8458314773231,58.56869698906397,5.160145385052767,-95.71806923733753,-728.2585383900192,-195.3500287071504
1771947938.1697755,8.730267155247821,54.508328687073885,43.09150972035776,124.0546999758371,-10.92464071979456,-525.3905050807833,-53.267919362302365,-71.23428413268434,-51.889251360891485,73.1624689711276,-83.8868034922676,-101.9659903506913,33.27385294962071,-143.93715977611976,-27.53290465055608,-60.73135429634056,19.651610382239383,-23.469376159989256,-94.19194707650689,67.60943510030131,-124.57779024219714,8.058598732831761,18.092048874269086,79.13332834339198,76.32127213439149,-22.465502262886012,-470.2339154564076,-74.489211997819
1771947938.173803,11.020775324068861,8.781579336823174,53.978866450553184,164.4298077394201,76.22567482633306,356.5512844723843,55.599366456900206,-75.68385820359808,-50.88487336285961,59.30627333291053,-15.663138079234624,-77.15384511177658,-356.6035816018654,-32.68335778578468,-26.342302935410565,-50.589743047021855,-1.8852040929192424,56.251704266563415,-167.6772056912464,-362.34132792034507,-75.89571514494975,6.210048501250034,-19.921353252212853,93.47631487295813,126.67940269004919,74.53338209698543,326.8267533038035,96.99087632812918
1771947938.177699,13.189239390003594,-36.70016313823935,59.6632705936682,156.03247587283408,103.09732687556914,647.6812306573291,145.97981216455966,-79.76471534105406,-49.09796309617832,40.55698599315123,67.46869358693637,12.972596726395198,-289.6720645712432,196.4382981484733,-25.06352349531606,-39.917779036226015,-24.158171675041594,138.2282220966769,-124.16607682955011,-292.5502352964882,278.4233292048132,4.2235012106255985,-57.3375905385809,100.50871036189304,132.5658103024335,117.48219909925047,578.4165351164705,134.2940773847327
1771947938.181595,15.232494909692312,-80.92914382676142,59.417443833644874,96.75049990748089,50.258143807968935,109.96933771288725,16.289522527144097,-83.44038509149217,-46.58257361188069,18.225410820494453,140.44762537263975,104.42419140797035,92.77970010101207,-389.105510721547,-23.701997756347154,-28.990370795624635,-45.49575394578488,187.47079463820756,14.674474256137183,137.44110003236167,-463.791469640575,2.1189652997366433,-93.31881703788315,99.72488281080528,87.06059312556559,68.6729653382966,85.63898053047195,-18.570898377450337
1771947938.185491,17.148030664561333,-122.9435780761822,53.05324489755425,3.901783545593132,-39.55317928767025,-429.8839190198987,-388.4569978516026,-86.67713183667937,-43.40212904807234,-6.062446028739711,180.78006777142812,124.13287362446508,299.20945253028594,452.39682010426685,-22.263504350720932,-18.074711222507137,-64.24437617039399,176.83551861866323,153.55652211001973,321.55970599990104,417.64408170096124,-0.08283713150320095,-127.06661922059766,91.23972514894938,4.7590903183173925,-36.36590874763683,-386.39472775290227,-340.7575821257272
1771947938.189387,18.933830078008967,-161.85074173465085,40.9429014936375,-91.26547907185066,-95.22771737404545,-340.9129398494168,265.59864999043214,-89.44427710520613,-39.62911199345118,-30.484966247633455,176.56421432469978,48.828148827036784,137.0948032603168,-82.9935615648065,-20.754108607377514,-7.42313324299612,-78.89848496181514,100.7578369852358,190.6266274207029,50.35938153958404,30.77523898835551,-2.360745605516347,-157.84142484734014,75.77572985146512,-83.2542043035411,-115.10479567465532,-287.60486998996555,242.19341038193255
1771947938.193283,20.588213990915413,-196.84779373200638,23.990670314550417,-155.48018263885413,-73.75366490629368,100.38785756607697,232.65899320728275,-91.71449649736317,-35.3446844507559,-53.16358261767262,129.93402718392062,-70.87603828748725,-121.42625495599889,-514.2708857505328,-19.1800987880891,2.7333731578688,-88.22253149148527,-19.491791773729368,93.59741840097043,-232.07007271166188,-577.2648693831322,-4.693434912896642,-184.9803201119995,54.60132122810079,-142.2453641734228,-104.0462367323381,99.2616399058429,219.18971940605113
1771947938.197179,22.109688662306713,-227.23979413816932,3.557701511665749,-166.54255849631645,5.766502358335835,301.78304030510986,-371.0975702604508,-93.46408848357464,-30.63818970860303,-72.3097594562254,54.76630985630392,-144.73015952516408,-171.0849049323546,684.7417054872984,-17.547919978661316,12.190806126617037,-91.35480839401887,-142.61988784256792,-73.00534499747195,-119.93388614942424,728.6446583087686,-7.059683051425512,-207.91280805016058,29.42579666258982,-148.54480228717173,-10.964351663285422,252.44500874913362,-321.74221418916284
1771947938.201075,23.496802688384996,-252.4544717491662,-18.6530766253232,-121.92649308763608,78.11228528992106,127.6143172883031,107.41603982780352,-94.67321249467517,-25.60648045067292,-86.3685033621606,-29.528728542291542,-112.23622885228895,-36.26622796554186,-255.69347892290253,-15.864106511532432,20.776811293600147,-87.8842568706691,-223.83761973154338,-192.20499803454797,162.46145966473821,-366.86008673911704,-9.438629548955454,-226.17409607688595,2.2596945367405836,-99.44845763421867,90.25344006496336,94.93279467293746,49.05610875332882
1771947938.204971,24.748016244090454,-272.05339966497667,-40.74186288577235,-39.4609136801363,85.08212456339794,-127.89713101894935,32.27706755290978,-95.32609393403571,-20.353021344430456,-94.14656293326891,-104.61461711919303,7.162607184020754,62.86890204291152,-216.63970462680044,-14.135213782964282,28.354238595122325,-77.89333579726613,-233.66037774209548,-179.10022858483384,142.9748152415634,-243.16572420943967,-11.810020526418123,-239.41556830657026,-24.747886419747555,-14.130413741700742,118.97644831729815,-104.37417990056345,43.78832001222362
1771947938.208867,25.86158570935358,-285.73935044702824,-60.7740474460653,49.853710550638304,22.500779843754728,-196.3111905063365,2.463935363180944,-95.4111940387648,-14.986723002538172,-94.91444337221958,-157.27848948125262,125.27406281540634,40.741514743337554,314.7056863832573,-12.367750373800762,34.82351245715687,-61.962671730134005,-170.16895778396466,-42.845567011922434,-148.06585289122168,694.5424293549343,-14.154437173129407,-247.41217600149056,-49.48174300928114,74.45106972274287,53.17146626129661,-151.36676267092056,56.81073950172406
1771947938.212763,26.835466367098423,-293.3597202021049,-76.94548354890233,113.7667789983526,-57.22021817908649,-43.92804508634769,95.1242000523487,-94.9213428858615,-9.62047801044686,-88.47329567554485,-180.17762839834185,151.8441475660641,4.74678286528328,-271.55586476121886,-10.56811147682539,40.12376448459742,-41.13627899769527,-59.05585104686016,120.2383045848809,-221.15404114847695,-636.8697960751382,-16.453504652349313,-250.06656455756496,-70.02885905424262,132.90603306631598,-52.997448819768465,-37.73433144731895,30.471241556764035
1771947938.2166588,27.66723544608446,-294.9060297716462,-87.73690467466501,130.7299009725507,-88.7178719381774,165.86846996887155,-226.19966683168454,-93.85383424722875,-4.369387301282762,-75.18049116936655,-170.73570934182797,65.2046542187858,37.62280407816596,355.7065383243854,-8.742514742864874,44.23271181388525,-16.849391180654738,58.24409236420341,196.96574856408415,93.17484043632784,135.1901546005514,-18.690078830081834,-247.4098455793648,-84.82904891642652,140.40013362949546,-113.81803101197492,128.25185109573206,-208.95423955912702
1771947938.220673,28.354037326763567,-290.5096275058802,-92.04451142685305,97.42380077712451,-47.24354579820574,180.3027835278111,128.1440907438182,-92.21048141390216,0.6513150652791486,-55.931032510539254,-130.33694213959689,-69.6749088507224,60.99745693219309,-306.52735563781005,-6.896939746523515,47.165299251251824,9.175907708069595,142.34074027279328,138.2208155326011,335.1710229251506,307.33480469861854,-20.84840862420006,-239.59901541072483,-92.79599974922712,96.17543385390181,-81.9819797354559,152.82369307579066,153.1749346337469
1771947938.224569,28.892552244365813,-280.43382809420604,-89.27591731986584,29.221725399958057,31.964534140027656,-79.64787901699923,24.22080289076188,-89.99763351642848,5.328610151920055,-32.09559749023333,-64.84149089897939,-151.08801660688854,-27.881279266141473,-158.5327186400596,-5.037072306145245,48.97115934227314,35.059306021744504,171.1004211203447,-8.964634297854385,91.11644887924135,-397.81864892911415,-22.91427220005203,-226.91111439174392,-93.3992317844288,18.957171029864288,13.857044428858304,-59.55937492353135,-10.640019324937915
1771947938.2284653,29.27898932919716,-265.06282194249303,-79.40368002124539,-46.349107141212706,83.8499007151854,-298.30061412512646,-23.862190849920683,-87.2261522692947,9.554266592969983,-5.419648427059991,14.449163694747304,-119.27845039332566,-154.98860683129683,667.7555604226883,-3.1682548402518265,49.73098146259782,58.905077926972616,145.69671195358637,-139.5549286413871,-344.11861754395477,330.50718064120315,-24.875085684871244,-209.7343114251658,-86.70070630984831,-61.111372519308624,94.32989957103183,-260.23668676307165,6.8672345414304665
1771947938.2323613,29.50910432899789,-244.8877765794462,-62.97228124573707,-100.46263453886841,67.39255448601664,-92.15887128639135,111.79942108934912,-83.91134947633763,13.227569186672458,22.108649091834703,91.32289614853936,-1.5624077944417953,-123.16792031239193,-615.3489013126253,-1.2954437971624262,49.55191797135802,78.9477402227955,86.01323944838516,-167.61848988777237,-344.0886726852757,-242.24501716893883,-26.71998353072705,-188.5561835740104,-73.34349915450257,-114.51779505990837,95.46166036285678,-90.85596192665959,92.96405876727282
1771947938.2362573,29.578241854476804,-220.49062335522578,-41.05834026988121,-113.91368213331901,-1.800534900419612,350.91165150926287,-338.71163903493584,-80.07288604791079,16.25811850682179,48.41126400677164,147.9796910829797,111.15322088500356,101.52895971965106,59.96698072848501,0.5768250020700408,48.56219018684512,93.68886492707654,19.20736137872766,-84.37395245407613,142.36103611254183,20.34817553475317,-28.439870127915277,-163.94953812893132,-54.49382938758416,-123.56855637236173,20.23333891044226,311.43000589954204,-346.53157496859563
1771947938.2401533,29.481401467916527,-192.52607763492375,-15.187721937959266,-83.94638251318284,-66.40583882159136,363.768519397085,216.6030888508606,-75.73463367423443,18.568603049584574,71.48163690714516,170.49945776088288,136.2302397745317,267.538741215467,388.8769228609798,2.4444624485538644,46.90508657869148,102.01398804797931,-32.19532001401614,42.98905727626217,476.35964169312126,263.4352110233741,-30.027442762422137,-136.55619282427566,-31.74148142003399,-88.4479129378703,-66.58131701142383,337.80794797183086,253.0494038390292
1771947938.2440493,29.213326410544347,-161.70247717480356,12.78329405230765,-24.50048842271942,-75.8230306388501,-219.47120057889822,280.6178658863255,-70.92450064161764,20.097437264594273,89.54147489633827,153.98696731849486,61.509086926606585,124.64707049095375,-445.8403780493377,4.303843142597566,44.73256839443289,103.28010064761988,-57.44497774508686,125.62386057150096,197.4156371388328,-364.81767002098434,-31.47718650870235,-107.06918638708366,-6.966984015545967,-26.04388286601519,-94.2588420559443,-191.34316574125424,239.52314298073932
1771947938.2479453,28.768613272874045,-128.76203991400922,40.812769638787515,40.09110576763091,-26.72831340187805,-620.8684729516133,-416.2006228559914,-65.67422354144651,20.8011569426843,101.18029392361451,104.6203019405517,-50.19515306598494,-210.1460439201787,311.8225684854356,6.15181293281791,42.198713898324534,97.36655365445777,-58.15395199788209,116.4348152849104,-342.95394249256435,261.3724511232489,-32.78534212016539,-76.21393399231728,17.81345683331646,37.74358128787764,-44.49127502878137,-570.5326249413343,-402.17836844052306
1771947938.2518413,28.141840475099553,-94.46113853483905,66.83181713120855,85.427486655008,37.47143657716973,-150.64370358430014,20.371431433500582,-60.019126796698785,20.656468124787963,105.4664170204839,37.38585651417185,-114.33645425472446,-336.1697372316797,-125.97435738581544,7.985686819988025,39.45324173821079,84.68516717473076,-43.867277925793374,36.482946731394485,-452.9349487636811,-86.2142695183455,-33.94984840403824,-44.728868773991316,40.61254374499235,79.03502895748562,36.484155748911384,-147.57083500907592,44.15926824259917
1771947938.2557373,27.32771302704726,-59.5511658907875,88.90435226958881,97.15120136758247,65.55273118447568,650.0635525205265,188.27138891244178,-53.99785205183303,19.661855837952317,102.02050880643533,-29.348344462473566,-90.10481664754963,-64.35152263886667,-122.85641765913101,9.803237274747582,36.6353557445878,66.14865961646552,-25.813441769469076,-49.75729341904718,-5.212640923111686,-101.3067404714868,-34.97026095797016,-13.346120862372421,59.63257085342792,85.79477818757573,80.18089036382898,590.9067543711888,145.3934091721011
1771947938.2596333,26.321220665245974,-24.760524445574664,105.37512712828303,76.3598406859681,40.82619310945477,620.4296378054983,-5.703290917587746,-47.65205960334506,17.838672478823206,91.04582890332763,-79.75613352964689,-6.299343399290033,309.9912043385692,302.92927754400716,11.60267322121816,33.86814599502288,43.09991385262022,-11.872352097800306,-85.75293493050664,432.23781217932395,237.18941434119446,-35.84764951643825,17.227220466140814,73.4091744589018,62.125196258342086,54.454919728376325,570.2519629008254,23.981794755243296
1771947938.2635293,25.117806161667556,9.221784844495792,114.99446873461063,37.61537330627632,-8.960585730884118,-320.2320205334995,-33.909798108777174,-41.026104225044946,15.231641039003796,73.31294088322028,-104.56319750044648,68.63675187783318,342.7566006289126,-272.7595542930319,13.382610085333976,31.253763453513944,17.20778656842739,-4.531395439906342,-60.3439875461519,340.66896872173646,-241.68187479046927,-36.58447646615082,46.32673869128576,80.92657239836251,24.87506385895419,-12.094492192005864,-287.6118041135301,-27.19257102916382
1771947938.2675333,23.71354043581042,41.76057233052072,117.01027174335324,0.4367044970819445,-40.07317016642544,-903.3169447793775,-117.9269535601081,-34.16668793866431,11.908725483052299,50.10031677955862,-102.23509197404458,83.08984483006893,-21.09117012987788,127.97182125111978,15.142031423346504,28.869558899277898,-9.662118961642788,-1.955488471499155,-6.498161196202932,-138.09970991337173,150.27408773599748,-37.1844592750492,73.34673348123458,81.69511037058955,-5.916405276265047,-59.048092083502844,-815.8649981901323,-153.45551557256752
1771947938.2714293,22.105301075707075,72.28655246601349,111.2206443372143,-21.178356500299596,-31.915150898704752,-259.36813552645566,75.81278984584095,-27.122492445204234,7.960339933500441,23.095825261958936,-77.87119469230988,38.16398621487115,-373.58904176297904,-15.765520007035091,16.880242779012868,26.76534302871343,-35.59127510332634,-0.8345992335979696,31.500631531732918,-432.45333026204923,-46.138270058339245,-37.65241964238979,97.75424945987059,75.78507700111878,-17.76841911454873,-48.720731031084824,-228.45092895822927,102.22659913548921
1771947938.2753253,20.290950886843724,100.30589691259051,97.98391060629308,-25.39830910704799,-1.6394337816093445,777.6570569863578,46.73503733256114,-19.943794048228693,3.4978895320107912,-5.732807316904694,-40.84338685770217,-22.180673112480896,-312.10135896320725,-69.2526308989937,18.59681857365432,24.961884745766536,-58.75504378431298,1.0273128929140658,33.055919240912914,-226.63987909087913,-55.418235120472694,-37.99412220889102,119.10073232587757,63.81436342946032,-11.831939108387523,2.533892411419079,698.061119201951,49.39464312078362
1771947938.2792213,18.269513065786327,125.40711966914965,78.18613015460505,-21.84292427992162,16.777407067155337,778.4288112775581,12.815993953839232,-12.682064001505298,-1.3483426637075957,-34.28807677002445,-1.9865628414266063,-52.21136333636575,105.4236343017237,160.82427370512198,20.29154296932977,23.45071908042484,-77.56067985586394,3.907064529853484,11.692931952582356,222.3771321001249,154.13925910014902,-38.216105736297386,137.03103046338683,46.891319287070715,-1.0208099453457529,42.831950146828554,678.6836721063793,6.890891604725793
1771947938.2831173,16.041339580797104,147.26525917985177,53.16962567745181,-24.323084751611567,7.113555887676302,-274.1575169711989,-53.18601357708371,-5.3895573414130125,-6.431928339285077,-60.5013362994589,29.127722263716798,-39.267635141394024,418.06546039645156,-202.01991885128038,21.964345723742923,22.19528559619015,-90.76550720036406,7.165201463447528,-3.443579867256092,410.5602656517479,-211.90053127153521,-38.325509734154465,151.2895426707112,26.517795429384087,-1.4702121326268078,34.51124567459927,-260.75082532258716,-54.229604536107246
1771947938.2870133,13.608269435831872,165.64341345895124,24.628962801148027,-41.367406985401985,-14.256668357336766,-944.3663693842626,-83.26011275620172,1.8811065837219727,-11.593593681736104,-82.48750599221897,46.29999529636388,-5.68419810794827,262.0616220954138,141.78615957970229,23.61523408778449,21.13336469943532,-97.5659510680334,10.644284845397582,3.6578196596202717,135.40409871066208,184.89763456433568,-38.32989948348941,161.72340106844106,4.4605876372102164,-22.154366089522565,-10.976786814044464,-820.335210458964,-109.24329288889005
1771947938.2909093,10.973773718046422,180.3917705301938,-5.516817879834278,-69.65681611974462,-16.866426106147465,-337.5130293292225,183.94957573573373,9.077368546737004,-16.665017124538714,-98.68389527977477,47.670351163825735,17.599571860145197,-209.0717075250155,-38.301181227118676,25.24422182881913,20.180726074179418,-97.65057217711714,14.84811760172306,21.81197207239767,-295.42280547566816,-74.08927402417618,-38.23709226211298,168.2826703324061,-17.397950510328208,-58.17022359017129,-44.87117721861726,-256.7191428106797,225.2888634610839
1771947938.2948053,8.143084592923998,191.44435296944158,-35.26534173116069,-93.76709926188029,10.509011910894905,687.0971010642846,-108.81484082304576,16.147155431949507,-21.473040181227244,-107.96264046724099,35.397651280458845,18.32878956886946,-454.55621491150765,-31.444145919831513,26.85125652034841,19.23585323142108,-91.21325939323471,19.549209776141197,24.39796612860459,-391.8256838336204,-58.58652386740395,-38.05498739523346,171.01763538280107,-37.21769149037906,-91.17911262984454,-28.572056334509586,612.0413636115841,-93.94618473935577
1771947938.2987013,5.123305629586688,198.81375769679858,-62.674356385610515,-92.74997090573108,44.682702099823686,745.2059285705649,-69.41228876600837,23.039304367742904,-25.844192154191806,-109.70852781569931,14.479578156488914,7.684543825798205,-157.13503189133047,102.49078334440512,28.436146297059793,18.18556234829437,-78.9260490222446,22.14820932918798,-3.8421070763060485,-27.766075187426967,158.40052180643067,-37.79140261527706,170.07333497732762,-53.353848015459036,-97.22707162725474,27.182764033518243,600.8437732716233,-136.53592830585552
1771947938.3025973,1.923501032869361,202.58421919861516,-85.9966705861044,-51.14814951333419,47.40585946848926,-180.1074985912628,210.49180229639555,29.703981585082186,-29.609418109072422,-103.85685192944229,-8.627031611284771,2.805482990669583,348.88391791667016,-205.68199577864422,29.998487288455085,16.91129304786463,-61.874379446940154,17.724265207971975,-48.45360310721544,380.54310057084876,-216.30712674198537,-37.45391909938986,165.68157620885825,-64.49279737556361,-58.94114012145449,68.75604327005952,-207.03576872494853,237.02546103561696
1771947938.3064933,-1.44523838404446,202.90335714355982,-103.79680332701983,30.315892270030915,2.978068840940563,-794.1048382750392,-152.06243783214296,36.09309256178785,-32.6088919934569,-90.88920762588725,-27.27841679060105,7.440732436922103,428.1884574770377,231.76562068185387,31.53759290152588,15.295815025984954,-41.46068124961585,1.6531832750736906,-72.51522094567197,334.56237306643635,205.77366829642787,-37.0497373892295,158.15073425520706,-69.75946789316491,23.199455417816136,48.1834419607326,-660.73267856727,-114.23872209637439
1771947938.3103893,-4.969754298160205,199.97298833278273,-115.04133983159794,130.00268904521695,-60.82765116035844,-309.82023278039827,-30.326553055557998,42.160679987612205,-34.69679274861789,-71.78845603142834,-35.987582162636784,9.939124036354567,-44.36618724528871,-124.60610309747815,33.05242605918512,13.230069898182117,-19.284778506563754,-26.30200157215581,-45.97553193180216,-125.74537272382732,-107.50672614537326,-36.585546157574626,147.85370169450746,-68.78750966040603,126.29023326982418,-28.7394984133634,-185.10513867325213,-66.62865903799211
1771947938.3143857,-8.634806467017237,194.03938687981957,-119.15730562238721,210.45509139409037,-90.57918939423652,537.1644146617671,43.8598688364992,47.86330610855544,-35.74591955240163,-47.95726178451121,-31.97579761861453,-1.2192047292295134,-460.10677880406416,-15.52765760900343,34.54153545969499,10.61985460568466,2.9885876413468804,-58.95071988074255,25.53189079510161,-430.41354867637017,-29.657229969566536,-36.067405516001045,135.21439969773937,-61.74655344101763,210.74295833254453,-99.85213681067908,486.47533394773905,54.959891706047515
1771947938.3182817,-12.423085876667981,185.383364530897,-116.05553541596569,232.80622175407913,-51.81153825821478,591.2459606265872,37.218505600324036,53.16041609865923,-35.6520224621369,-21.107315534684975,-16.445650836436883,-21.70887724550884,-255.9076356568375,176.57456570181762,36.0029969036034,7.392052036245781,23.763860305002595,-82.11978901598964,97.17524513156572,-190.7954140611548,180.74399109693636,-35.5006463097086,120.69329708760182,-49.32441291433358,235.4313517785656,-96.4450679382113,426.02324097792854,26.9970031681844
1771947938.322178,-16.31525618506651,174.3105167170289,-106.11880249102087,174.8163345937246,36.92806683624528,-143.53836110323698,122.74679704931148,58.01467922991252,-34.33772743488765,6.871565945408431,5.385161562759965,-32.51396604526418,291.17784851510345,-386.47341656389506,37.43436069791072,3.50012558444227,41.63916200337196,-79.48978654647968,113.59507434363817,280.25095661356784,-334.28983332958745,-34.889786608507684,104.77240219154936,-32.665816136354934,176.3677959789933,-5.643040357629867,-204.16274931096476,117.41618237540747
1771947938.326074,-20.290023821163008,161.14194294550313,-90.15714900606484,44.038091838901934,111.9657074724356,-611.4459273480392,-334.36178581978567,62.3923047250926,-31.75594085808803,34.0519719723788,26.049833350485926,-17.95031577328297,414.6680934306577,425.4993331268488,38.83260606199435,-1.0713836173498195,55.51092717554397,-40.53947326752494,51.16360475633398,370.76284330184035,346.9602524218812,-34.238466319383306,87.94019773083386,-13.272849665932194,40.40751673914942,109.34179279720405,-480.5227135710586,-289.4096692508795
1771947938.32997,-24.32423663769165,146.20570553160547,-69.33520840804964,-120.9057298800591,111.82901768231585,-216.76573679007288,125.58692221062233,66.26332929283924,-27.892627979578013,58.60813726001478,38.82689018957487,16.581988600569954,-54.51676718471529,-112.78128303453481,40.19410334645855,-6.303585191054274,64.65025932261142,31.641831322871628,-58.14937439971014,-13.118453707722269,-112.28558205432319,-33.54940049408162,70.67698133215842,7.12453257957328,-133.07870641014324,153.70361429378363,-67.14777098154265,79.0907599300017
1771947938.333866,-28.393010529398975,129.82923941598753,-45.078180018667,-262.7705600409926,27.668057578849616,422.3533259851025,336.1487042815693,69.60187351056156,-22.768870590189543,78.94340772445334,40.46678568621542,45.17842572665724,-425.45417480736245,-316.78264203009377,41.51458478400916,-12.141378222147443,68.74515938747659,116.83514005701308,-142.63288861924391,-338.0587300087287,-203.7570388677553,-32.82435153630151,53.44105290795727,26.717093544601155,-284.60905094043875,78.57428366179322,383.1578507181716,326.4171391038654
1771947938.337762,-32.46988300462388,112.33286843748778,-18.9643955107629,-327.45547319810663,-84.72227356724309,428.3111717320366,-452.08128049783033,72.3863644707884,-16.44212108582954,93.79671828850555,32.2223682891701,42.02394654693271,-152.08657181585892,572.5323750118563,42.789124441599746,-18.493130763794557,67.9058255226599,181.77647067531944,-139.0634966978535,-192.78546430879285,402.643732435883,-32.064120192833094,36.6561544670883,43.77153091394661,-356.8672027565667,-71.54001432794752,247.0163275115862,-396.8700587078458
1771947938.341658,-36.526992354490815,94.02452222164912,7.386961986716376,-286.2384321138242,-143.65153267197547,-130.0783577145886,84.92185322593748,74.59972241477834,-9.006583141080492,102.32082202985009,18.719898809507796,4.831647747684581,348.0519813477418,-582.1434443901056,44.012128004586366,-25.23196947683051,62.63349764721217,192.20532889880704,-40.122797822730895,170.38974869051086,-463.6887553282897,-31.268554952144942,20.700518957772207,56.77926155530934,-317.930575254058,-184.6829756038765,-204.67950897374877,54.21573244780265
1771947938.345554,-40.53528076183313,75.19568651042162,32.4244904243634,-148.8774887335422,-102.86361113867962,-441.86357664788204,348.0862717256881,76.2295093987275,-0.5926646879619264,104.12746216695984,5.340579669338998,-40.088798698516065,310.59631777721637,211.4454434607554,45.17733295502016,-32.19868350563989,53.756516663450014,128.98453268599113,94.72462298585944,245.68336399486066,318.68305701918206,-30.43657924808673,5.897824854887871,64.58617250141019,-175.44766732271253,-166.0605302410743,-301.3368431528865,328.59656300953094
1771947938.34945,-44.46471941487827,56.11856145965447,54.76178083450193,38.626302838947176,11.908327250216717,-135.6403914865008,-393.4162894188678,77.26803836715435,8.634533192673041,99.2974115820543,-4.526874270018726,-57.34248726588037,-216.08579147000523,503.4736597505523,46.27781960909779,-39.20617999137854,42.340105063322426,0.9851116956422983,176.05581270576434,-9.165622750827179,113.56868940051619,-29.56623567680781,-7.4897154678532445,66.49225758243641,24.903301745387264,-16.63023880480414,29.918705226839087,-377.8231318368661
1771947938.353346,-48.28455345943936,37.04434927823239,73.25673638029332,211.35988371642836,120.25526019429569,287.3726003017114,-4.083049505535668,77.71244137238406,18.477708220043137,88.35609256099143,-10.945035193662438,-31.375762898052773,-427.39982704070394,-911.8259122967914,47.30603339222291,-46.04536227101334,29.57860811308522,-152.70745922801615,145.45590236357612,-185.25926354781075,-573.3760545860199,-28.654746303335298,-19.265981006619185,62.312519370932826,216.63783943108396,159.06758188177236,251.42172468917673,9.616150460459567
1771947938.357242,-51.963564440557604,18.202546793001282,87.06827984373338,310.8479018989731,145.78181320182122,262.55131654183407,367.8800900291826,77.56469608375899,28.71082536107177,72.21810725745159,-16.754613255061535,19.43621119047343,20.09229317673898,499.17112471417346,48.25381867493769,-52.49223809380463,16.680368549117638,-274.62449259465404,17.926795181505177,-63.36762814046877,655.395998116735,-27.698588046926474,-29.303207706570756,52.39373374536441,338.168680973551,227.47843655431868,77.50139347739709,374.14773489542335
1771947938.3612285,-55.47034770392834,-0.19891699418942776,95.6877904359188,307.4638268005826,71.71820592620804,-75.43930903846342,-219.7617067142696,76.83161013859281,39.08353426257861,52.106248829888294,-25.03939516780244,56.22372238525768,468.3272845550995,235.1918392367148,49.112464438824205,-58.31600755544396,4.755911132729332,-311.4192313203064,-125.42186712851739,112.03077891598753,-316.6328059453553,-26.693582029377144,-37.54189984786272,37.5854037952764,355.7723512983061,128.8245197442562,-161.25558725662657,-243.4554425143864
1771947938.3651245,-58.773601986178434,-17.972880865574176,98.94480580813354,210.23843337508023,-48.19605636410563,-220.00982734526727,-195.92486657596203,75.52476326657751,49.32648251905404,29.452256938954974,-36.20724133181116,50.39853319328406,231.9486260554592,-539.7329071519624,49.87276193520047,-63.287832683574315,-5.280364564379083,-237.74879313861055,-190.82387348664196,69.6992834539374,-192.56267624350056,-25.63499558503415,-43.98846709842866,19.167172354852646,274.00811818343135,-71.82628328479046,-110.67767827402001,-222.20290093846336
1771947938.3690205,-61.842428106453454,-34.9516802224794,96.9886652780326,60.41938766882904,-130.4170965053045,-58.49439843134346,268.02373683630594,73.66040749187415,59.15744457290441,5.787623097512899,-46.622061988881505,6.7332356758003185,-367.64870359260533,431.912881417383,50.525074316155454,-67.18995542734976,-12.786199759657602,-70.39836262280579,-134.93168164410295,-82.2017033528267,617.2963991964718,-24.51765536065411,-48.71073466677029,-1.261221584286551,129.9683009023679,-228.19187886343664,86.6424823932349,302.08423107906026
1771947938.3729165,-64.64663334377127,-50.9855931149214,90.24965671503831,-87.27720024242302,-121.87355623531796,89.03951756045188,5.727000359686469,71.25932612457505,68.28815923635345,-17.366903562745176,-49.87216044962225,-40.37233344643476,-460.16100377371737,-255.19231664901315,51.05941797220622,-69.82480944700649,-17.43863016240363,134.8993385592962,6.120318460573354,-78.80978419421318,-656.9122780511095,-23.336069644088123,-51.83153452839128,-21.918021453730983,-24.631147856889978,-221.32004229413872,107.14155810610207,71.7263790197906
1771947938.3768125,-67.15703783483673,-65.9411799019804,79.38468395670999,-186.60248954819116,-34.9156844181718,51.35812455092618,-139.34677383328423,68.34665268210726,76.4317427369644,-38.60480647432474,-40.10079713038271,-54.567961990338574,103.89409502733298,36.78593453327243,51.46555503667426,-71.02376378197093,-19.24850213355918,303.88009457201065,141.40382694470225,70.11497471911849,163.1700432157865,-22.084557833465116,-53.520639625050215,-40.99361282503543,-144.4447532141361,-51.231718822694766,-33.77956222562559,-231.68555099771584
1771947938.3807087,-69.345779194522,-79.6996745189721,65.21336857737323,-215.37118281327957,66.42929121898645,-1.85106067031334,45.647052787180975,64.95165127097994,83.31051831093293,-56.722970407610894,-15.577653773789736,-26.552570867098446,536.6761808358694,217.64530419331567,51.73309625235421,-70.65514271984492,-18.541681786518165,373.21912533350235,185.876532806059,118.67232460160798,415.37665225592394,-20.757384825610874,-53.985349752736134,-56.8073291025232,-205.2809754552431,159.65081380734682,-90.54422932628344,8.080507329479508
1771947938.3846047,-71.18661153090716,-92.15556148890806,48.65078143362928,-179.19176880846572,114.95447627740371,39.01710134829857,-15.996796170181392,61.10746028487656,88.66407815831722,-70.79072943783923,19.359295639300797,19.26981888958588,237.54416060041248,-341.6513354265815,51.85161318286123,-68.63118497219159,-15.909409810850683,316.28180664848685,115.12940095359227,-19.815412547539598,-433.81001730422724,-19.34889805708691,-53.46007626379396,-67.95318541773926,-207.54369801154135,256.1657369229151,-15.626742313064266,77.00875262640955
1771947938.3885007,-72.65519507475948,-103.21544468681466,30.642673641879483,-103.74783182122958,85.83480900241743,29.127765862733266,69.51787647846075,56.85080157644966,92.25737114821304,-80.19488781853863,54.961566767414254,45.62735437926156,-378.8697203490573,306.5105582655794,51.81075862436205,-64.91363535197071,-12.133103719280184,153.76280196579276,-21.95594773067565,-148.16992495709272,17.34705142020719,-17.853664962733017,-52.195301423399314,-73.42177421267871,-169.17687859410523,166.40307323227157,42.11300379228645,67.98842927206361
1771947938.3923967,-73.7293727538559,-112.79728277952911,12.108211680429891,-20.913423638431652,7.793897268734582,-94.29023715047713,-31.866772642717347,52.221657585061344,93.88859235874502,-84.65889530689401,79.19441214338767,33.17112544501366,-485.55927615889095,-183.34612704472025,51.600394035854656,-59.51770277411227,-8.091232276592859,-55.32465150724458,-138.50494144762675,-80.38105143591552,96.49522607781182,-16.266608707362273,-50.446305995631356,-72.68765936311746,-113.5748637648655,-43.896167098394834,42.57424805864636,5.320600188276155
1771947938.3962927,-74.38943020145439,-120.8300336188104,-6.1060629122739325,44.30540762508443,-63.30916202523873,-124.59991216645462,-37.61343048493052,47.262919243586744,93.39663932988528,-84.23646410067794,82.31177892460835,-4.388842758726203,35.18108483458219,-37.41463716822954,51.2107228075862,-52.51416972431896,-4.657492744861708,-237.90789880143942,-166.4467861312639,104.20104895513578,242.60307580944874,-14.583140164855044,-48.46206403287632,-65.75466892691782,-59.053277498554536,-220.16151134631707,49.172355744474146,-226.51903101139501
1771947938.4001887,-74.61833588745432,-127.25371718545817,-23.258875582540917,80.73310001482773,-84.90142832768875,51.01552973267373,49.7959650214276,42.02000779266895,90.66789461158486,-79.2818774637328,61.213049122043124,-33.18444127948046,487.4697865986091,279.4163520899311,50.63242815793403,-44.02950057868881,-2.6002877325862874,-335.3658757643432,-96.44421022214229,173.1668304270867,-352.84514237866614,-12.799284246203417,-46.474696167665925,-53.15522946437562,-14.119493419442604,-234.22843975448524,12.486086204174011,76.91441139406837
1771947938.4040847,-74.4019583022743,-132.01987564504708,-38.7329229366178,90.38051792544861,-52.59800481721173,185.0620917789894,-115.30927362308196,36.54047387239762,85.6420950396417,-70.40091685309915,21.62313730467979,-28.92195760928358,314.0786450282792,-347.91924567444653,49.85681435689421,-34.243868151313706,-2.4933682209716452,-324.07956014237686,22.5535410588129,29.00625296802638,-133.4612058709721,-10.911798825158874,-44.68985230934746,-35.90396836285416,21.137098151482707,-78.91659500896621,-121.65342121535478,283.05160365187123
1771947938.4080613,-73.72925740728707,-135.09238117654442,-52.04064362306736,82.39142949419212,4.1412668290494725,46.495824682980725,192.29028051888966,30.873577467882747,78.3170565743,-58.38760264615515,-23.329680187282452,2.0822517004541687,-225.4605282616501,201.44101353874404,48.87594982877695,-23.387096924531207,-4.646493012338746,-220.18706292880591,118.90819975796305,-173.24737738260805,632.358628877507,-8.918284694317894,-43.27836241383618,-15.409864687856164,50.25321217843645,128.7684844177124,-167.13097670140942,-206.8261221242019
1771947938.4119573,-72.59244787960087,-136.44851848923503,-62.81935292097313,65.78102169939318,46.98042716701468,-162.1226705456489,-43.09989155492641,25.069852497582666,68.75204095749689,-44.152717834670916,-58.01128326841002,28.929128895582593,-459.1306506578141,1.3195741385885993,47.68281051018612,-11.732604125679432,-9.063132736907901,-68.26156477911323,142.28187861630533,-187.69006167610814,-501.7614036327719,-6.817285198371915,-42.36945060773614,6.645117660021507,75.6806485878046,236.6680705012072,66.47316119654229,-188.2195163560724
1771947938.4158535,-70.98713200771233,-136.08025006612857,-70.81895005943011,44.888409424710545,53.895581260852126,-108.74453374917815,-235.84080095818524,19.18066004289652,57.069576875987366,-28.650330632547057,-70.64083279291246,24.451421567619814,-145.33397692976632,-119.45785669343651,46.27142166110653,0.4104977723532794,-15.429765246878015,79.35749804120731,88.35644738677841,39.19526909866281,-29.20352787411129,-4.608374406665358,-42.04575398320956,28.450065311323605,96.3857602374664,170.2595828896623,326.443633585152,226.0305051622091
1771947938.4197495,-68.9124004373854,-133.99555896720742,-75.88585907187537,19.382401120033343,28.778635810663545,106.52106027701919,282.75499879053604,13.257734370379971,43.455582356720754,-12.808268215841641,-58.1364061933856,-8.830228793220094,306.58446684906875,159.7823920944101,44.636996182121244,12.706895605026153,-23.138372657159035,182.58316568887855,-6.409355725533896,258.8696687483284,338.2997367190618,-2.2922328763602513,-42.3403238232827,48.21905918307534,108.07182260979769,-15.368558624047651,157.2424983895082,52.71057603053766
1771947938.4236455,-66.37089933761767,-130.21975734250626,-77.94683126407294,-12.058401920382696,-6.613174898508684,108.70914770769129,-109.58820196995191,7.352725957350754,28.157675486993867,2.532227032679477,-27.189978912809213,-38.95144119714399,383.095315582977,-206.10543717838078,42.77606740587591,24.80585598709899,-31.340608303570953,224.62582725182205,-90.47264956966414,175.51810093514413,-330.1131324544422,0.12928980073408725,-43.235715441687965,64.34152884250499,105.11361785435996,-180.8943029080628,-331.4293322525398,-96.82826531087694
1771947938.4275415,-63.36886296065021,-124.7966489898251,-76.9957486862833,-47.261562878659134,-29.244155374235458,-98.14212374149757,-19.482341378671,1.5167457183815711,11.481607057642174,16.663529864377356,8.748202987089165,-32.7183123630244,37.21710677330572,229.7871659888567,40.68661432287373,36.35292259805413,-39.0290320037127,211.11198542555238,-124.5062862098117,-159.27724177160417,281.7082046127268,2.6531263847391324,-44.66519560379737,75.51600902521517,83.20639545922147,-208.1442143098065,-442.34977264144436,-20.952537861153793
1771947938.4314375,-59.916110995128136,-117.78944092432963,-73.08569824326729,-78.4289449808742,-28.47052531112421,-115.2532184355806,150.0681954596205,-4.200085403253103,-6.214198353238499,29.04261280083764,35.00926454890213,11.743836603338773,-326.7390501401272,-84.40223736695567,38.368177278992846,47.002117500994125,-45.13809689242094,160.45821212150798,-96.42775769107539,-335.5674848707928,-197.69966810825144,5.274957950174179,-46.516017281427125,80.85593760416961,42.119067353676435,-85.06725861008246,99.57476439577798,-69.97157909045697
1771947938.4353335,-56.02601054590828,-109.28131128155863,-66.32745032568901,-94.02203009110849,-10.067992459057846,138.13829760459572,-350.4368522591263,-9.749077342014848,-24.525947686881874,39.304791189154315,41.37580988502689,58.1020297243631,-324.52190196576447,-194.83346526047757,35.821962322867655,56.428205671277865,-48.65547655736825,92.38120689671436,-21.844382892174565,-86.79098465643622,-53.11957878854158,7.989194945065942,-48.63463465072062,79.95876223177291,-12.13284078844912,91.23106184544731,591.4358864163589,134.41012659140276
1771947938.4392295,-51.71540302090393,-99.37555828974357,-56.89421859246796,-83.95772213594009,9.700109865579853,210.31582879090064,300.82800826540125,-15.083398222307528,-43.01352380178505,47.26063590487759,25.80543434070031,60.33439445941587,24.34934423163191,323.8038425982946,33.05093253442094,64.33856958445367,-48.733069297638,20.889723167458786,64.70657042097632,308.898715154533,312.3513022237064,10.788973679925922,-50.83366003310783,72.93297430327833,-66.95069871516698,191.1791158174124,282.2949403873114,111.07242708195902
1771947938.4431255,-47.00449666555276,-88.19527656078715,-45.031354133528914,-45.45703536421784,15.679737721289463,-124.94497464878583,112.22446969103437,-20.158484089733715,-61.21109902554453,52.877935247893745,-4.961645067607718,4.985573691164387,344.20431650710526,-175.5721841590707,30.059884799412867,70.4842440745405,-44.78675351132404,-45.95813953396033,122.57790752547957,335.8594714812019,-344.8928087557053,13.666168383231476,-52.90030020871696,60.38145923342243,-105.94676467987809,148.35915583463,-468.2176041210833,-277.4611882950454
1771947938.4470215,-41.916725940584875,-75.88253097388612,-31.06858476919498,13.66588295460658,4.447151799922975,-373.3058112635519,-413.79544922333724,-24.93242724691883,-78.63908710475101,56.251835348101785,-38.040077102275205,-69.97997322431053,291.07462758812056,-27.181791246316962,26.855510628836853,74.66968137072124,-36.57474275013653,-101.9958488208445,120.32393013900295,-74.33272656765556,179.5698026121454,16.611418818210748,-54.605953114285164,43.34340559103533,-114.81020933259701,3.1614408736350508,-607.0108471328336,24.352171234170957
1771947938.4509175,-36.4785793672531,-62.59702320613682,-15.431674758263616,76.38429952513512,-12.730573442781687,-46.16231530568459,315.96125749746426,-29.366339582024104,-94.81714523507047,57.56721202375353,-59.3445152278721,-100.55389025064048,-88.13801212759377,75.09097138547614,23.446439796997264,76.76085281446612,-24.246148618842398,-139.40683801954825,51.75087263331693,-410.6257280477134,10.326577939895124,19.614173353102725,-55.71659989481665,23.20060183730475,-88.02515192672902,-133.69519549542136,103.32910144274965,297.3508335963404
1771947938.4550426,-30.719397864435077,-48.51427019983461,1.3499526624008447,122.33479397801503,-17.84235346399845,461.0095157650707,-80.50337994507827,-33.42468748190771,-109.27788522088959,57.05785918301011,-58.9611185531515,-49.92026205930004,-379.6840156729793,-50.21381362997663,19.843265791424237,76.69134633032223,-8.35396348197141,-149.26949613409752,-54.30336328700176,-235.37719206538557,-105.01636283417689,22.662747235467958,-56.003595238167705,1.5569381310363133,-32.954677554974765,-165.61631036733647,689.3907299374755,-247.0190197407316
1771947938.4589386,-24.671145976767768,-33.8233364190812,18.642964910289646,135.64257943004637,-1.1175872416341617,351.32178855982767,-150.31249839420758,-37.07559514573783,-121.58090790402849,54.96717643807487,-34.7449530911793,54.0489882001016,-239.77852671811206,91.56905384915626,16.058552286836903,74.4661846537883,10.170094871218803,-126.1955863965997,-141.04378392298014,235.3408800538864,104.36730584114255,25.744395602939537,-55.254443046364074,-19.897940004081967,31.369546830658383,-78.05825451863632,328.3188008634613,-119.80943310210748
1771947938.4628346,-18.368158715147878,-18.724180974629203,35.71999979822733,111.03030827358889,27.80275665652135,-323.9792146010245,404.46959143354434,-40.291113403396736,-131.3267410882107,51.51469025187441,7.280651055934786,132.47347087048925,186.98203187535125,-122.94427250652541,12.106820030627599,70.1631655406047,30.0778631663922,-73.80402143166383,-151.92453670488536,410.4757177872011,-144.28271826050647,28.845400517745848,-53.28314428812602,-39.52877205044108,80.9036998207588,57.56446975301365,-479.65747047104867,391.32458708631816
1771947938.4667308,-11.846866960149589,-3.4246948683651697,51.78145370283157,55.44269227781754,43.51513413568307,-613.0515364324846,-359.72985154804627,-43.047451513524834,-138.17024061803588,46.87197992604586,55.50966520642807,115.36356042925804,393.6781948166459,51.281779003528904,8.004513663038622,63.93160938768801,49.89954727964683,-6.84342941364675,-68.3099754154329,85.42114925407023,278.0401712075099,31.951171108796814,-49.93971780079601,-55.886539956551644,96.15698383686697,141.59282934709324,-619.4255737498239,-201.16022207662888
1771947938.4706268,-5.14550451842945,11.862487646917085,65.98966365469312,-15.193936008116568,24.335533731424555,-39.60342446587152,-143.4172276596621,-45.32516983338002,-141.83300777137538,41.15047812391254,96.65333801756692,2.0746130324343026,121.14139701031814,-27.24697551305098,3.7699481378396293,55.9884902768786,68.06325382565666,52.47047612900724,68.8256211161646,-321.91967691283793,-276.5565327527178,35.046355752256694,-45.118522207285366,-67.82100054988359,70.61513369270504,119.13326990868401,78.62551454603285,-289.3471989678744
1771947938.4745228,1.6961999732088748,26.92331514073524,77.51448126251549,-82.12358348421287,-25.80450780442257,628.1880049196914,493.98760162823476,-47.10933165672209,-142.11438341414214,34.40228470751388,119.07104194596684,-129.03034643480976,-288.86346991838195,125.24670749343818,-0.5767654014643007,46.6120213524731,83.02886962048059,83.07511099721555,175.14378558962912,-327.4096701029228,-39.03591743858885,38.11496507857626,-38.76504803239314,-74.56483145591292,14.196517988492506,15.09284438678021,640.4020169573097,425.7235491211249
1771947938.478419,8.637342989650197,41.54569281869264,85.58770261281491,-129.91132629162712,-72.79050994277708,444.5019934857082,-216.0177089403066,-48.389612876406595,-138.90060047469126,26.63369577810783,114.76351828534574,-175.44155190740503,-315.8894791794873,-27.89481470163955,-5.013814204009601,36.132861299372124,93.42430653631509,74.80897488322923,174.96187726705128,36.08917696087483,411.79071852604176,41.140504436068724,-30.880902756767416,-75.78306011419804,-50.21957178266207,-90.35101022762585,326.3832966565063,-7.569768218758679
1771947938.482315,15.636174504536763,55.52281668453328,89.56241238033246,-150.24460195117993,-74.28901436436624,-344.0362064147829,-219.04828618747035,-49.16036847299041,-132.17171219894152,17.8297295215132,80.60905884269825,-90.919557257007,50.77473584410227,-403.27706263746546,-9.517798624939818,24.92320135879784,98.17162413580117,34.250707189991665,57.1325796570353,319.902823273346,-450.10558318201333,44.10611429684275,-21.52677545921993,-71.58466053683696,-96.1812814460166,-123.20108399104767,-393.54341156658387,-332.27089481494625
1771947938.486211,22.6504313985388,68.656387335363,88.97219792636876,-142.38299608106934,-15.287866845166274,-648.0240088902624,244.2170903094125,-49.42065521536696,-122.00596548094086,7.986645233068032,19.690117862751862,72.0538696565547,304.38874074953026,615.7368936264319,-14.063866397956602,13.384078145850408,96.59121416044341,-17.00406194532849,-107.6970481143859,225.70730918401753,165.04664644608792,46.9947170009709,-10.823238749595484,-62.49659658898281,-104.98051690458924,-67.18317155096403,-553.9673667600106,171.45011430927678
1771947938.4901073,29.637672507128684,80.75963303329408,83.58453415952296,-110.7202276125098,71.50958549999314,-81.98806485231056,-14.106556277334724,-49.17421040724492,-108.58135606579155,-2.8515812582210747,-57.50813281142418,195.20865764743996,128.95097026674844,-136.48008207895091,-18.625865628278643,1.9313336274195043,88.47403857770814,-51.67460149034876,-208.48914264575092,-91.76043342433337,91.88179814220902,49.78916817863193,1.0506780742358568,-49.40386017923109,-73.56077968939188,30.18729332977589,4.736502159684177,90.9149047244611
1771947938.4940033,36.555611969616926,91.66008353838373,73.4425285448944,-61.210674908700504,122.19836949672748,540.826318148571,-91.44030118035164,-48.429386985822816,-92.17418322741084,-14.55753222620663,-133.50030945085285,181.81796290194856,-178.4159518429166,-584.9553197296242,-23.176515373364513,-9.019293063810439,74.11470108883802,-49.648559537222035,-170.68783138602817,-269.7180686310432,-148.77890887813004,52.472411097877426,13.861130345924504,-33.46191998518785,-15.172311169085505,97.06932417253842,511.5030035213998,-64.65431157478025
1771947938.4978993,43.36244755815076,101.20204815814253,58.889699952009224,0.9435436018322955,88.62819035472899,402.4313750963741,25.427055506716425,-47.199045720369426,-73.15451224865573,-26.890297368780217,-187.25547905524647,32.71010456847809,-174.0282342723304,788.1294122124076,-27.687592394847346,-19.067410397201275,54.30164083965508,-7.975833101081153,-13.929066513001167,-150.9807513145835,203.74745196569123,55.02763203958904,27.325217492542265,-15.990216349119954,47.28297444286933,90.05430839157893,337.8009503841615,-51.67983064386111
1771947938.5019338,50.01718071193288,109.24876420277377,40.57355189810894,70.67005814514029,-18.678665147043848,-224.9350960103861,40.21985945660251,-45.500405662276584,-51.97855095261312,-39.47574524897337,-200.52413226022156,-149.04129117326576,81.87383235921354,-372.39205993600604,-32.13013244013068,-27.842997083247006,30.2646320090514,57.236524660046534,155.716720609848,97.98726629072269,-391.3595326095069,57.43841467476606,41.118685316837286,1.6432860051221765,91.50554420691981,21.6552074953909,-238.31824162093136,-5.794043604701848
1771947938.5058298,56.47992514996035,115.68419652615496,19.425335055448063,139.96243666760193,-128.79128021459985,-470.81350879449536,31.048099159910947,-43.35485440544579,-29.178049615300086,-51.80099785294866,-164.74713160170387,-231.3343151979937,159.08212502595245,-243.7694203363122,-36.47464426419318,-35.02063843974066,3.583684820578231,118.08765219214767,218.76610176851014,212.50415953831185,415.9614605958284,59.68889139495443,54.885324654526315,18.13606034537733,104.53005228346369,-54.29624314926903,-476.27952098110796,135.8306113595529
1771947938.509726,62.71220118931926,120.4144844164748,-3.384554712964392,195.22293954937624,-157.8506305922869,-88.6358457137012,-132.79496232005738,-40.787720153167,-5.346939086668532,-63.22578102579432,-85.25322653175635,-150.62938334965168,-54.72202946214566,677.6530171014252,-40.69133450043596,-40.33242854422199,-23.93299286766494,147.51549713018403,129.43960072233472,103.80082459922464,21.57960207757223,61.76388962859124,68.24775935854584,32.353624353517446,86.31879362971327,-84.62550380232196,-116.15742758666194,-125.38246560612056
1771947938.513622,68.67721319150549,123.36904646545631,-26.51382379670089,218.4470598371263,-73.65172661388415,327.2886636540996,1.6379697669741484,-37.82800804329806,18.874474097774513,-73.01175634865454,19.604726982259816,39.42758938749423,-184.78308269973314,-670.3861547898116,-44.75034137590458,-43.57902657737392,-50.39142990157692,130.8893117163236,-48.76902388431587,-85.30438780565886,-599.6378823876059,63.649071302028766,80.81926712973497,43.412354585399335,47.62418654364065,-53.66937353335552,362.39537982407046,-26.536290382426742
1771947938.5175183,74.34010783634874,124.50136504380413,-48.5341908094527,193.54959050043533,73.01573856230046,253.54137173899545,252.38183373517944,-34.5081036302626,42.81733893471521,-80.36913165766869,124.26320154645764,205.41425262019675,18.51013770539171,178.38418168674062,-48.62197510976425,-44.638410665506285,-73.96224871963874,71.22426128173507,-188.2140552660244,-156.38624011963697,680.5503286648279,65.3310637214757,92.21623888201505,50.73621568387409,4.098919350292337,10.233005078196348,373.5896857386944,142.93979491479854
1771947938.5214145,79.66821118731578,123.78947922281048,-68.02995136050019,115.42612810238782,179.06869093352026,-115.83194706112228,-154.1326429241572,-30.863446829682218,65.80361356328038,-84.51794668581844,204.05387676980152,230.13036630369615,249.33656116909856,420.841943528771,-52.27696266620004,-43.47194521806308,-93.02569446136687,-13.506603105866509,-190.7557960910851,-63.251691434026654,-193.57993052429535,66.79758026799223,102.07085750724443,54.08373938300551,-30.335116732216214,59.547556173310554,-74.89361977326736,-130.0245073190386
1771947938.5253105,84.63124281565807,121.23621931642697,-83.70161415877364,-3.3463159157525904,163.39684186941582,-264.17092377258183,-269.8317366509113,-26.93217996435588,87.16636515686068,-84.75960804820036,241.90189267305726,96.38000069707043,103.46415114909419,-622.5883302183627,-55.68669441928597,-40.12746756442078,-106.29855733346334,-98.47839575734169,-59.52947225058146,61.873974920646894,-280.5264042836679,68.03752945604388,110.0435669227343,53.54444867801442,-48.227564718180915,62.552701026753255,-419.1663407213141,63.30484354383846
1771947938.5292065,89.20150561720519,116.86921809248778,-94.46607812147663,-132.90300313872345,29.915688208908417,-56.629459526586004,350.1878288135959,-22.754773774119613,106.27038684187127,-80.55268545737663,231.09362815128176,-102.1267624672518,-255.3031158049395,335.6439844750012,-58.82347026471816,-34.7392045713217,-112.93189819853113,-161.10050677027934,105.61959749398939,83.31837475004284,353.4513509000195,69.0411111248893,115.83490785451858,49.50674388175447,-49.96733752612735,23.024306237831205,-232.5671164082208,9.320126188835768
1771947938.5331025,93.354050341414,110.74073216088546,-99.54463789564102,-234.92256715264142,-130.35599962902785,187.34264412808847,120.24760005276926,-18.373635355847053,122.53247098566952,-71.58585877169388,174.23277610383906,-228.78040504486796,-281.4837684945617,84.35893403304044,-61.66074277236572,-27.524446017900765,-112.57123373256049,-187.34929917483092,184.79507820592428,22.99273997095767,-274.9018723364667,69.79989877515149,119.19631684744922,42.60178231117534,-41.73122257912712,-26.93891512148687,249.73515065015872,-108.65305157503074
1771947938.5369987,97.06681419633622,102.92730094267777,-98.5307538210789,-276.75094770476505,-203.11764312253243,168.26004919666292,-445.69422598556616,-13.83270202065815,135.44066933333028,-57.84038655521663,80.72605348250471,-199.94810155255175,124.75371385368065,-255.82313056549998,-64.1733550843983,-18.777023880411512,-105.37437030200952,-173.91845925362156,127.20958408575085,-3.664350842194607,331.3991446312908,70.3069072829728,119.93951767533228,33.62986079757388,-31.3475259715898,-52.416974217527404,413.79504579307456,158.07549588561767
1771947938.5408947,100.32073317390068,93.52926004700048,-91.43097786737617,-244.57328065907234,-134.5285632099496,-63.06307481172725,127.4015753853091,-9.177025053604263,144.57188362939524,-39.634672437550485,-34.717282556532524,-40.118479842448814,399.4285759016951,161.29827648652957,-66.3377713951663,-8.857769975256135,-91.98604355466625,-126.93950102989461,-15.089735652438849,17.2700133454816,-272.50980764259094,70.55664541934135,117.94417849835371,23.47708563752252,-24.225220384887063,-39.61091600840917,40.61633108019369,-79.49092869112064
1771947938.544791,103.09982796498561,82.67011195621288,-78.67457492073432,-149.3827923408048,28.02784559484836,-218.6777035425781,340.29313235315874,-4.452347363279813,149.60716507585008,-17.644486446299457,-152.07608256764772,139.8372362798841,112.90164256861894,-113.42109697708163,-68.13229798279757,1.8177565761747994,-73.47253040997637,-58.91836693900633,-132.19760603430572,-17.68098736269442,-197.25938387675478,70.54515281122421,113.16356323188454,13.030603245579348,-21.251878262470598,-2.223436242704602,-393.0806391631759,-34.429410659530724
1771947938.5488138,105.39126350785997,70.49574101248326,-61.09002813372696,-22.730135938023686,169.66137049989,-101.8694111987838,-290.69180252970136,0.2953210060257409,150.34415721286513,7.105879621648872,-246.4411441891808,221.5903550341811,-360.08315753763554,206.97607174339745,-69.53729290472178,12.793870424242641,-51.22305868667627,14.819409090416732,-141.9312429620579,-115.67643225545879,695.095350671382,70.27002122560673,105.62797036459645,3.1003570894455175,-19.32957371771679,31.544144574513897,-314.14696981604254,90.96582326875263
1771947938.5527098,107.18538234889952,57.173443561838525,-39.84951802553427,95.85964628940086,191.48768864466498,171.26179573708328,-99.108705121456,5.020125589844388,146.70619405451797,33.28389676533599,-291.6056681196209,157.9098786772517,-340.6906610222914,-101.38219699467538,-70.5353626360464,23.591190711647464,-26.827791656013286,79.59334209694919,-48.615545139067336,-105.07586897643287,-589.6981369946263,69.73040030831898,95.44582412504614,-5.645709573830705,-13.80562851256447,39.87336870311625,186.45587499774985,-113.7404726186262
1771947938.556606,108.47571212651448,42.890730094421514,-16.385332710936964,173.92071610314653,81.6140460104147,263.9458449653223,230.78857100198013,9.67678464796906,138.74766161719472,59.32010981167425,-267.8225012861935,-1.6587463727016398,162.76334981024823,-258.89527078275694,-71.11154411870773,33.724322261061644,-1.944124040419771,124.42993234934188,67.82810932947129,99.15347630560035,-9.631541284114897,68.92698812191722,82.80235810903112,-12.727746798503023,-1.358723312031527,20.942678126600825,448.57035219507037,91.02003244912873
1771947938.560502,109.25894765906092,27.85384668050741,7.715285182179889,196.7230060443759,-78.72627272219883,7.191273959598558,-70.5989770110735,14.22099706547866,126.65534293866335,83.50707254716328,-171.4861961974277,-150.2517866949138,440.9450602023,323.2305602842094,-71.25347087636753,42.72014874350422,21.836196136180448,144.16411010167525,118.93579370688768,264.44529365862087,412.2083130938453,67.86200699828316,67.95590781182452,-17.878220351358998,17.89529725442433,-8.81069263252649,113.00441542271683,-7.379307077156509
1771947938.5643983,109.53490834956598,12.285959604612922,30.828373307444867,169.39186894507537,-176.68656392119254,-317.86114712324826,-11.115532253682389,18.609837455350903,110.74559051315562,104.11959425704084,-21.890481041614887,-196.33937385017038,102.42977471298134,59.774502000495744,-70.95152200642107,50.13606430677904,43.10707673442467,139.8176093803341,75.07277620369588,102.4785168067548,-385.01944340090216,66.53916539352556,51.23190454807756,-21.043393151379806,39.74674182529458,-28.367308907329555,-382.37506922441986,-60.6852956091515
1771947938.5682943,109.30647190669471,-3.5750496694628797,51.41487041557608,110.85622370946959,-149.35326765971345,-261.58019748303695,16.67888049563039,22.802135036036407,91.45730253829738,119.54745364712814,139.92889001197827,-119.58301971582264,-365.6600261346146,-201.258608696795,-70.19895296184067,55.57746161876692,60.74483670758453,116.92241475089617,-18.487058950461662,-261.21215583703776,265.86192580642836,64.96360663309895,33.01473727191322,-22.36346127643114,56.92668191969068,-26.753007651714704,-373.08230104515343,103.48508514107012
1771947938.5721903,108.57948567349668,-19.47922313143087,68.13558276574668,43.87216840261931,-24.8895461799905,175.8351979649977,-139.9666994497266,26.758833038182505,69.34081735155543,128.42986971507796,262.4135557548287,23.457330319120754,-313.29773022795473,-174.8923138255786,-68.99200707371642,58.713813024036455,73.97397871199719,82.52341157239358,-84.29376516040101,-350.71454461658686,-177.1259465183956,63.14184563684363,13.737717889081956,-22.134761851710792,61.712124162215574,-8.600333586322204,138.62954371136192,-156.89924815216716
1771947938.5760863,107.36265709319572,-35.1676292696185,79.9500021637002,-13.621095448664187,104.11766175312422,440.5086027447667,182.33067421004705,30.443325636254798,45.04297968323215,129.78004858507938,302.0806915261742,141.4258153471087,153.69644793938883,329.92025827873385,-67.33000677319116,59.29272620884711,82.39760739319276,42.5077024644613,-75.5748519940878,21.02165368260452,-55.04908920728784,61.08169486529098,-6.128553576235901,-20.759070437753735,49.36248226600722,11.655718219301686,473.9929786794908,93.78340353017059
1771947938.5799828,105.66742501246542,-50.37594473375208,86.19086536726027,-52.52135602847858,150.89402562842392,128.53858557797892,65.56572701132956,33.82176967910261,19.288767638775298,123.08819928519378,242.21174230027745,166.5426589528574,376.5306410281714,148.61555754974438,-65.21542350909773,57.15142345415557,85.99180783553999,0.7345536374662536,-8.677798569616497,416.9582685409895,335.7100733334438,58.79218081759332,-26.08907729404483,-18.68604750138282,20.9292421407974,21.060450193565604,180.0619772608083,149.718150835829
1771947938.5838788,103.50781367200149,-64.83850829799601,86.60844374237371,-71.82325559185843,94.02314603783664,-399.7268564302076,-289.1232198330818,36.8633688101602,-7.140004082237657,108.3925857229615,102.66192344100311,92.20412829696271,92.32530814566306,-558.4475602192796,-62.65392545163912,52.225181182959204,85.06692076917817,-39.888481689586854,56.73681928463756,306.96841086912514,-372.08269014619077,56.283452478936404,-45.638209471357065,-16.35528986767506,-16.14128993623281,16.21239294201094,-360.3414837744048,-300.67594325069155
1771947938.587775,100.90027140018464,-78.29281635011026,81.38117836238885,-75.21073417674351,-15.363592443879014,-431.46531438482293,148.04660118016974,39.54062795865163,-33.42827520222286,86.31041008499793,-65.234007528643,-29.623942458802095,-268.65688927736306,280.2373326834471,-59.654402189206145,44.55237171177349,80.20184015916543,-75.68779531829435,68.81319117463008,-203.73657889815485,159.3324587175429,53.566683199793324,-64.27387177531006,-14.144172169844753,-50.26287758299329,3.2579291168611726,-430.0494196389322,124.20079681117693
1771947938.591671,97.86349618285509,-90.48440246065962,71.09218319339894,-67.49185538493046,-98.11232244757448,122.93149800999416,159.72524164267628,41.82957664584691,-58.75289869248741,58.02344399936508,-197.9484212808001,-124.4779169127541,-251.22583976346448,262.3303515759278,-56.22896571878333,34.27586917371151,72.15990061541564,-101.54176253413902,23.045176789039246,-472.8239755534508,65.40957264496105,50.6539675706665,-81.51178495851602,-12.326779046092648,-69.96555817839767,-8.420237881767015,72.03410371347671,186.86924458325834
1771947938.5956855,94.41825036852693,-101.17201743862744,56.67405248707222,-52.510951485098815,-105.1513727861886,545.4740753655286,-253.23309540611461,43.70996000893706,-82.30856705617502,25.217070757453833,-245.40801972419493,-140.1782917231281,51.00559346121138,-393.43776313942084,-52.392927104180714,21.640712044086378,61.79637884012425,-111.98305624649784,-38.951399928435606,-155.28988920487447,-160.66530263684385,47.5582148759138,-96.89929623172598,-11.04784918370158,-68.27282497800381,-12.956271003573205,489.08828341272806,-285.08321269912057
1771947938.5995817,90.58716676415969,-110.13300242986821,39.327063801071105,-32.93939426229892,-45.953559106584464,253.0929192456223,75.27511109264087,45.16539681224218,-103.33366010175007,-10.02456367231028,-191.6338132373059,-74.26834856145345,240.36783161571245,148.744636401029,-48.16474828203948,6.988049614892733,49.96796799104758,-103.48036232159018,-66.07087868533212,345.0382721224639,155.93060149089555,44.29304064769393,-110.02838364349677,-10.313933134707787,-45.39623433530688,-10.392782587679074,265.22018030468917,95.10797023748307
1771947938.6034777,86.39454832713572,-117.16872626101298,20.418040262190402,-11.303936817940023,28.427865774834224,-388.646351574043,131.51231043358328,46.18350396364416,-121.1351538643656,-45.360635874292534,-61.07624403036602,29.013443712263495,150.8869573946522,35.35313772837461,-43.56596867210596,-9.254466677774044,37.45378385744305,-76.56633866999526,-38.062855800189446,407.3994758958704,-142.24344923926319,40.872657737848854,-120.54744770408098,-10.00208091320249,-8.813174594946792,-4.328828517628168,-316.8183405824423,140.57366298878696
1771947938.607374,81.86616361238181,-122.10993943721456,1.3686483363735622,8.99121166617032,68.16077656943041,-526.2839876166082,-135.3403750068793,46.75598721778612,-135.11174742677022,-78.36278734833496,92.0545561949351,107.5008696738644,-65.90991582201593,-65.542098542504,-38.62110647986461,-26.585558416746142,24.895646462177996,-36.681514435984376,21.223225669421495,-17.700323272108758,133.46314945235147,37.311768230526496,-128.17153861119903,-9.884505002938972,29.230980594931484,1.8706627584834603,-492.35423640560094,-159.24526964330755
1771947938.61127,77.02904008454915,-124.82188220924674,-16.45736265022968,23.794927019389913,57.996573351211545,34.64178308746698,2.9811286592485904,46.87869788759624,-144.7744113516029,-106.69837516213029,206.45612084547886,117.74452165169112,-207.07536945942982,134.72445000327204,-33.35753481559489,-44.44605464916195,12.762783243236042,6.719495661364683,64.78176928953512,-388.2427661373679,-45.10727659285185,33.62545743129774,-132.69071540043706,-9.665993968455266,55.99824987751376,6.809638372586523,-17.505756074065204,27.16733275858294
1771947938.6151662,71.91125731303015,-125.20897490155541,-31.858583099820297,29.73915363557587,18.974461586433794,553.0176897346361,8.343888152243965,46.551655549358976,-149.7636358722381,-128.31313276681595,238.33404206530756,58.837668453945305,-164.28648787742233,-200.0119734102909,-27.80533296398892,-62.23697260393985,1.343030430733594,42.63299446006362,58.86637312620738,-277.7485252583722,-115.3813214919156,29.82909105188015,-133.97629046033165,-9.029549031021123,62.906394395792816,10.007720845498259,492.58158892523755,-9.762900410000146
1771947938.6190624,66.54174191548773,-123.21891644623061,-43.8835596309807,26.192681298292115,-16.10259146327653,338.76978375280044,80.89222405387981,45.77903692029136,-149.86275650087504,-141.59800581429562,177.6006602656274,-29.391098863636046,61.987835370422275,35.247411367456145,-21.99711334081625,-79.33934287577863,-9.24058530588819,61.909704761835044,7.238915758539309,137.00641502397622,196.15087832974365,25.93821654498931,-131.9847777309734,-7.6849065470196045,48.75856127804853,10.183182421142138,359.3918702190566,72.18146275234191
1771947938.6229584,60.95006594019357,-118.84602150049066,-51.894779654299114,16.08628315710214,-29.191987274304847,-322.1574269974332,-8.769930358370303,44.56913128811805,-145.00685673668272,-145.52569981523015,49.56150959691739,-92.1254353224857,288.05155697452267,246.81898287094958,-15.96782490287059,-95.13510956534563,-18.99197126063223,60.525900360805444,-52.764347719581245,356.8704798318768,-137.77027144452643,21.968469365673133,-126.75943271948276,-5.414360447035396,20.03979436105445,5.433207390404165,-254.57904502558173,32.1052796722024
1771947938.626855,55.16625022831058,-112.13363679977701,-55.60438875416697,4.747936897608687,-24.64160262921913,-551.3903585530061,-179.25362550660594,42.93426306249383,-135.2868886027684,-139.74454097096998,-97.50087409906061,-93.64565684142784,213.00690747424684,-222.12053745583205,-9.754534035694377,-109.02839181869699,-27.98930174807629,41.386106490221394,-77.43621273223908,159.7677388675726,44.797658997112286,17.93548479590908,-118.42934388416312,-2.1106196872892324,-11.995509794542397,-4.314439040919365,-541.0412009395222,-211.94502538233877
1771947938.630751,49.22057417000391,-103.17549371953415,-55.07954246221294,-2.645915070722828,-16.48094065143298,-50.88449797904854,184.72751110398625,40.89068220044719,-120.9488071802753,-124.62047312245427,-212.54366714375368,-38.687081679347735,-186.97421504124105,-158.92419842097698,-3.396184193371583,-120.46637368425779,-36.32565994747998,13.640330101123444,-47.308289569324494,-200.2725709784298,6.354616768196264,13.854815869926302,-107.20610583717902,2.197710237541243,-36.05743446082941,-14.964569873381517,-113.03128995868681,172.25998580765503
1771947938.634647,43.143393105716804,-92.11587757806592,-50.717958088527155,-3.4215376101522974,-11.31234027546659,508.5386023706701,8.823249840447227,38.45842342889689,-102.38768007040004,-101.22214923967982,-260.70071873336246,32.65738306186526,-441.8392422292118,346.5258911520515,3.066664220291247,-128.95909447650178,-44.05169655156561,-10.483313384644418,19.20878670994416,-318.82633529899346,-32.40871366716404,9.741857821799622,-93.37817451117604,7.336123841358583,-45.067052191074986,-19.15974611149979,468.51875579577893,51.915022865848265
1771947938.638543,36.96496439412266,-79.14852529072112,-43.19679306471393,1.7180327163083173,-3.776735067698911,389.1067908948206,-175.7347779551638,35.66113531792579,-80.13690188075168,-71.24879420577825,-233.31349125230926,73.22989556044953,-120.60160206747976,6.882303374379729,9.592112039932635,-134.097442398683,-51.128579833420055,-20.14768537122608,77.49428128444694,-69.57263707877885,65.2279017862293,5.611779302892721,-77.30307194373164,12.991153713550835,-38.12630703898682,-11.207436046249702,431.6640224191407,-207.44764532696536
1771947938.642548,30.71528291404146,-64.5141997663067,-33.4002037054157,9.448624039632895,12.755955970187378,-239.0111569753781,198.26870573126655,32.52588032168731,-54.85281214177704,-36.905419425902046,-146.27961261380352,60.96012633310498,449.96075008896076,-380.3572720353581,16.137215681081287,-135.5687101389962,-57.39810468271139,-9.929418146715422,86.00304533036469,270.4721224657245,-119.40732026915572,1.4794604165973024,-59.39767101726143,18.733915001304492,-19.8684376554201,7.098301993918028,-175.72329153625083,191.07129435326587
1771947938.6464443,24.42392655625278,-48.49692926154076,-22.33263194549773,15.482392910506032,33.13426615469692,-539.6697623031005,-71.55933443802597,29.0829069170601,-27.295176090528024,-0.7346221100302623,-29.61600741702106,12.193229545984261,468.95660641093565,156.45794803963585,22.658295459457317,-133.16915099477683,-62.57461685432377,18.011142369681142,34.68140678655023,297.67201356405974,163.78398742662839,-2.6405625427864505,-40.1268450692828,24.058154252250763,1.9445714134154424,25.022785024780898,-546.1461572551461,-33.94058948305818
1771947938.6503403,18.119912104093654,-31.418941268216862,-11.025888095425417,16.288564925807194,40.21682712576298,-124.99048681029879,-114.0896259543809,25.365394992858654,1.6958657416319263,34.581832668413085,85.36142800309861,-33.23596182581278,-191.41298226579383,255.44788846483274,29.11125544759502,-126.81307429156057,-66.26064227213276,54.20068296006734,-45.90682132104778,-61.02875848646568,-121.98474494484338,-6.7341458628251285,-19.990811850725006,28.42914543316869,19.378952499200523,28.818444419553025,-191.2746017701065,-141.47641197097624
1771947938.6542366,11.831561751879494,-13.634363168423716,-0.44837896975568725,10.352464168654022,19.946400788713063,443.81418138505296,168.7483349670734,21.409175731684464,31.22564795796211,66.43555510011541,175.14958455067386,-43.49563935117461,-647.2200836567488,-108.70989160420805,35.45191221506356,-116.53813495106773,-67.98509797849755,84.46798890710286,-102.09189480136655,-384.6429734112662,-34.71518613482494,-10.787580999565249,0.4884643055277537,31.338581417541977,26.898330359229394,12.184822108902173,408.57463066863914,160.50269595542574
1771947938.6581326,5.5863803320431265,4.478194741277444,8.575627428635627,-1.3245314121667693,-21.75197923985463,414.8940889919815,-65.07066447380079,17.25242739826355,60.372800543982855,92.50057165782819,226.8092232705212,-18.25594370625094,-206.6101884321184,-214.4146383272769,41.636329641228116,-102.5065998785614,-67.26004398951109,94.3885912914307,-92.02356628763096,-212.94159764527453,214.3312303518916,-14.787631387895937,20.78142397067457,32.359889265380204,22.89485142343623,-16.608475319037414,455.1671889020137,-45.724282074278214
1771947938.6620288,-0.5890568586755693,22.524016301197456,15.429952038769496,-15.645808567606668,-57.608526731132024,-159.90523377753303,-21.47810772829095,12.935348668373404,88.2181387456926,110.92121996531802,235.78611353165485,14.104316944348161,547.452088716347,-77.2464045204106,47.621156854532686,-85.00250984712645,-63.6494548072811,74.55416950182934,-16.14022229602912,299.7361184071354,-257.47695415088276,-18.721563994382404,40.36521644804889,31.19822965687594,9.776731535476813,-38.01480369638424,-99.54376715421355,-23.988722978780473
1771947938.665925,-6.669205871292138,40.10142132428025,19.748638264653056,-28.585841134168568,-57.9022981143179,-508.80790976748165,42.141403016111425,8.499811355543487,113.87368287821121,120.46277765992176,202.43524576358988,22.623189776324995,531.008080238891,472.2103439348304,53.363966210575384,-64.42479579029659,-56.841738888161885,24.971144187375646,78.52002176900098,455.7956953656408,128.01968733254614,-22.577176186817827,58.73775399800681,27.729854116863617,-7.322850524860412,-34.581615639281274,-504.11217651089106,43.585796610383085
1771947938.669821,-12.629645855780426,56.81144507414306,21.433363236833323,-36.47024195401581,-15.719988231067063,-173.92478940040547,-68.79475458566398,3.9889946245086803,136.51086086199618,120.61166221688185,130.36405752733677,1.0073922569643141,-236.77818663431592,-42.69379148967068,58.823588092008976,-41.27654760698188,-46.71691981614579,-43.4587243284805,126.59558275047479,-53.672919916122794,3.3484689674841484,-26.342818481108118,75.43112659008736,22.026453677331396,-22.50656499762824,-5.224376453920396,-226.71533748845678,-87.23001047815647
1771947938.6737173,-18.447161101793736,72.26780234798123,20.645546140389317,-36.693995533690384,43.15839667247511,385.2835738919827,61.479333553632074,-0.5529969230300638,155.3869723069481,111.61619656836243,27.53167188488782,-27.205458615463343,-634.7307093658535,-629.2022385352549,63.96043924446494,-16.15076580976013,-33.39961325895063,-111.68206028334205,89.27044476942581,-576.006988767321,-66.57932802610347,-30.00741369145056,90.02401038345603,14.361540199346383,-30.77257051726023,31.339361439421562,341.3837265639335,72.35715970150854
1771947938.6776135,-24.099813798920188,86.10686323620945,17.77487578352519,-27.815551350048217,76.51648400653588,415.80247259786364,6.585403304494678,-5.081528530062518,169.86905180497973,94.46394340648442,-91.18802134266753,-30.164357535312767,-108.52681374181752,438.5862154552273,68.73684137254337,10.286953385020192,-17.29017970188697,-158.90628976378528,-14.735057663216894,-304.5138946251182,239.42415777296907,-33.56047300579214,102.15273511156148,5.1976131690956935,-28.891820188551264,48.56265606984,432.38636952995466,29.907913874920787
1771947938.6815095,-29.567008034916118,97.99735517769483,13.388057521986271,-9.66629109858747,57.37098682990107,-116.72801193275428,-47.28751768596139,-9.55184080406092,179.45435661898023,70.79702214355062,-202.61291160881873,2.4263474147525725,523.1352695093201,244.2045889564952,73.11732677294658,37.31824394654508,0.9314091093304938,-170.16158743279556,-116.67039323974413,484.84445184299636,-421.9954844732574,-36.9921095246449,111.52071559346764,-4.8452821256506375,-15.818949376188273,31.80642403249146,-60.8133265184523,-82.58396989944269
1771947938.6854055,-34.82954558848825,107.64950301721801,8.163261484308151,15.940247181026638,-3.6665050743457863,-484.32810281587746,42.284453720495065,-13.91946207619148,183.7868148670224,42.772149335344544,-277.7452991286094,47.16313528317108,342.095633857875,-439.0545179029493,77.06892783052771,64.1936641683443,20.33159644235386,-141.73857980849235,-142.9967856757482,659.6859421594461,165.59751107863303,-40.29304978210028,117.90600075724072,-15.03717353387593,6.812430214186663,-9.179647675286938,-456.8618970826717,46.914547368164996
1771947938.6894004,-39.86967404094407,114.82332627808398,2.8169011762893628,44.218054006383646,-64.11176260727058,-184.08680950933135,-27.205103468933423,-18.140624026535054,182.6689008964906,12.876921675967617,-289.36861288167586,64.21228889426936,-308.3648341613928,236.9682838670306,80.56144724787428,90.15555009804976,39.7785161749856,-82.18155494340152,-68.9846453694042,-144.09515785705963,380.5218275102442,-43.45464368862675,121.1667489764952,-24.597901132905044,34.16141729450946,-45.73016185531771,-220.4387077237049,0.4010244534830828
1771947938.693297,-44.67112767179022,119.33582981937067,-1.9701149126316317,67.30770620282853,-80.38441664134336,372.9805241453145,-21.34412872904614,-22.172676856801345,176.06855200136644,-16.282315307269492,-223.04141219852278,30.87613499349907,-430.5761160928792,-101.49235016128844,83.56770597096218,114.4612775794374,58.02259123828607,-8.547703943115803,58.760710641604746,-836.2780306691451,-454.3223186281932,-46.46887323414841,121.24449867718393,-32.763659840305365,58.409553042406465,-50.83557334287564,315.883824662971,-43.95297321981801
1771947938.697193,-49.21916156646387,121.06684902184801,-5.6196773600938235,76.06852266595651,-40.44205426148979,415.9956552234062,62.605206001910666,-25.974500165007054,164.12090045384784,-42.20313097397599,-86.80944692063701,-36.18286426135082,94.74203921552413,-121.81874723892518,86.06376595065008,136.40616746943286,73.79558040723943,60.33358527946091,151.08423152461958,-359.4545718020406,41.340214961290194,-49.328360216583576,118.16516519473322,-38.854268890396355,70.5101924250319,-19.66878335879125,412.7258316899288,62.503619713046135
1771947938.7010891,-53.500579343542164,119.96334324176787,-7.711140212835374,63.57586936455023,26.96107053492199,-125.42187699929619,-20.516599330637654,-29.50690561637006,147.12476078254832,-62.70130019469476,85.98616970875062,-89.59322162758559,419.76442137227764,426.17604964184034,88.02912511988029,155.34528088378613,85.91891314042064,110.6187113377798,139.33495165305456,688.900073790416,118.66447325843126,-52.026373213406124,112.03775709482146,-42.33490916109347,63.30700205879872,25.932891396296448,-65.1538339207277,-13.454892124329934
1771947938.7049851,-57.503754856722814,116.04197179239765,-8.018535907233368,28.85203717292234,73.6614320344396,-506.7971053919286,-39.877643231817835,-32.733027531597735,125.53397864602539,-76.09840237304643,244.1948592637354,-85.862598643068,84.48059162425385,-307.6873436406857,89.44688222757296,170.71338933410894,93.4107851570364,137.16392253864083,27.57765283763288,806.5052326888255,5.8197608447222295,-54.556833946868224,103.05086701696905,-42.86648042149614,34.83169779772125,53.14150554310474,-461.25000070966297,-48.95328564135565
1771947938.7088814,-61.21864812379439,109.3898345378835,-6.527286611157287,-21.09040228542954,67.6854469663108,-185.633238259905,56.01975456322852,-35.61869758303559,99.94391038335002,-81.36655600377998,335.43813692803053,-19.80714636120103,-347.5861704365453,-178.21687316650247,90.3038694745583,182.04246755508595,95.58120965120904,142.51315289117494,-106.63111150930182,-227.50139538899705,99.08448185035557,-56.91432308399049,91.46705250214238,-40.33969798487275,-9.777967218420812,42.46318589920192,-221.94718504620357,74.20389483468166
1771947938.7127776,-64.63681561833839,100.16331207277837,-3.429369372050083,-72.2425053033997,15.93032685044593,412.6513587788497,-64.52605452160724,-38.13279984767707,71.07345755040642,-78.2176361503474,325.90994264743307,68.11191813646298,-232.0235587951701,348.769698711827,90.59075131827359,188.97614413261536,92.10509229962882,132.11389239134655,-166.728974922414,-960.3363000851929,-233.42171308456972,-59.09408539205434,77.61527893913683,-34.88949093599882,-58.84528968879565,2.2115648499373504,338.0777558804364,-70.80803027669043
1771947938.7166736,-67.75141497759302,88.5849957453657,0.9020331348705305,-107.78260719497749,-42.696873990224994,457.8999768293159,-0.9948092581444169,-40.24760251268879,39.74322362790398,-67.12892813250713,215.0998846099792,118.27603584053386,211.36259639002893,-78.65613364781031,90.30208835872776,191.28065368412285,83.06534838141084,109.22215125313487,-108.21654929430146,-346.8765123205968,37.69235761916758,-61.092034085737446,61.88164720604186,-26.88805725970494,-97.39236378878414,-37.98120389739352,450.29178052863136,-27.867245448042194
1771947938.7205698,-70.5572041311454,74.93875382880806,5.955421708840011,-114.22631313410614,-67.27694012795195,-136.855378257737,171.13735325160468,-41.93906259645913,6.850485290809509,-49.30249021339843,38.347475373277774,93.51559119505792,321.91248418345697,-98.82438693995775,89.43636578216741,188.85195782287553,68.96089783441718,73.28641298152702,27.168726632379617,731.6024074636406,73.59064521050226,-62.90475415749312,44.698671491954876,-16.9169076165178,-112.19500345058088,-49.55556042261441,-58.98511299751109,199.6467120405938
1771947938.724466,-73.05053480273246,59.563036137405284,11.136810723793369,-87.16622195528325,-44.3627184031957,-569.127436097192,-184.10975708990642,-43.187100147726575,-26.658226205105777,-26.561096971339516,-145.14263873534472,5.926134212168102,-16.218702633055994,2.017135516246255,87.99598631610678,181.71883351443034,50.67775671017654,23.003979438489083,141.3059286753222,757.4866911784059,113.82837799266146,-64.52950444398816,26.53340801207285,-5.720195570577914,-96.87115427867744,-26.009034647620847,-511.5686786190596,-174.09093253037472
1771947938.728362,-75.22934027051872,42.84257388846397,15.832745820200527,-33.88238915599862,4.964118510772668,-234.69941832649948,-90.9517859819846,-43.97583851103525,-59.81606015251892,-1.1890513133551712,-274.70481562853723,-90.04874131743468,-298.79771542656795,44.73726702392551,85.98722806125863,170.04186251781059,29.425050129196606,-38.47637932281118,152.16978962187548,-246.5730688531038,-39.925965736268935,-65.96421813229209,7.874762541831462,5.856604236159341,-54.79677919715116,13.456056878621194,-283.5699865140151,-124.90954482406454
1771947938.7322583,-77.0931172290861,25.198682050312378,19.47416889418534,28.840344551314832,43.88259493921455,432.70859698207954,296.19635516961915,-44.29380742049422,-91.66537538454307,24.26906027465011,-311.6750143053325,-133.09853269986067,-172.4890526343433,73.73254442064409,83.42016801762584,154.10839213293679,6.641250973096167,-100.55235604754648,54.396890598314734,-832.1736777916092,-364.2317218004108,-67.20750138157737,-10.779677318106684,16.937214018370767,1.7349318780018783,39.70614783476922,339.653749663475,317.1667396653151
1771947938.7362432,-78.6429016146733,7.078415429804531,21.594815512170598,81.05872977070233,47.99606275688285,534.8678083677976,-136.78045575663057,-44.134105957375326,-121.28692262472102,47.2348351218992,-253.4744854507014,-94.6738954205121,145.77292142874808,-126.61200354895652,80.30857264687683,134.32367153274728,-16.12105187748298,-147.1844338531022,-77.91615712313238,-245.82098235974055,403.7069818141701,-68.25862976553435,-28.936931527793877,26.68791826994474,55.983201371958174,35.82740922653699,528.1852168535268,-129.37110511527925
1771947938.7401392,-79.88123830350503,-11.057133297979313,21.878464848156312,107.30113751664476,20.814108472793144,-75.969898153536,-162.6730877498667,-43.49452281481836,-147.82775466365484,65.32850271503797,-131.9771369467413,3.0870091943193287,253.17699183564315,33.29035309666394,76.66975731565529,111.19849278012701,-37.321357663940155,-163.2437597777598,-147.83546767891733,595.4499328226804,37.565350238584514,-69.1175423061973,-46.12168703213465,34.387131989576005,92.8453984096211,8.324075745350246,17.598766750717655,-197.79914525363907
1771947938.7440355,-80.81214459907474,-28.74507502529911,20.190551662676473,101.96033846693364,-13.422723369406155,-593.5353173832981,243.598447744007,-42.377611834811255,-170.52698556551067,76.58728787149536,2.7164400105369033,101.42492405284379,64.99635190951507,36.37537340538448,72.524416836833,85.33377459452763,-55.55678833893629,-141.71143911073364,-107.95263559467547,539.5887362942257,-355.4449173865027,-69.78483290393778,-61.888785469221084,39.484871860665116,103.80754784364085,-20.318684246549925,-526.9143221077704,276.87119800211485
1771947938.7479317,-81.44106736515303,-45.53316323270836,16.591275326935545,70.3263929342818,-30.90160427833771,-335.76182871213274,-44.77451733135671,-40.79072135240916,-188.73859534267712,79.6504949274266,104.98716211286698,140.84591329080288,-173.24158352825788,-46.40893538542091,67.89642957000763,57.40261669583024,-69.6753359211515,-87.80142259161103,6.450244151379611,-212.10223627737886,323.84710502817546,-70.2617389401573,-75.83481400986635,41.64679018935298,88.9040121043447,-30.215124988083208,-387.8738298327364,-26.94635985207948
1771947938.751828,-81.77483359567259,-60.992074855361224,11.329226900815389,25.455003995071102,-25.066477153517315,354.967113461979,-190.67421285068394,-38.745976431143184,-201.95057603336318,73.8946611439138,151.94756724957543,96.55543631117348,-207.98584148906284,126.37667001115142,62.81263773799606,28.130422414242815,-78.8663798123113,-17.766508729822664,107.29161735372517,-568.8537585240896,-178.97109541613025,-70.55012678415689,-87.60849813422459,40.77890460448562,55.532740038533134,-18.24919162397682,255.13982455358826,-245.93429586309435
1771947938.755724,-81.8215942081946,-74.72717512786006,4.8164995767880985,-17.25586062205087,-7.010681597073325,579.4223262237781,151.461035202918,-36.260213573675045,-209.79983489570336,59.506160100606365,149.02635803268134,-6.863204559109727,-15.108295318474559,-181.76250487943247,57.3026068043751,-1.7262635329023326,-82.72022724884326,47.22206333073385,121.86783943836798,-136.9165357945619,2.588117189058915,-70.65247393676434,-96.91962739329026,37.03098716711181,15.214667277557451,2.5643766192450457,565.148157487356,163.80959121605974
1771947938.7596202,-81.59076090588873,-86.38941854467025,-2.4119442959193678,-45.53056652713236,7.575181769504514,62.2981275203691,128.62597839324744,-33.354867960269814,-212.0824070640325,37.4838368424076,121.36958886613239,-109.17053220532462,198.56618951928073,-28.083302413664512,51.39836691184382,-31.40152820032153,-81.25142614769949,89.37680895880436,46.242819564286954,389.9079183037104,206.87945234263796,-70.57184759844661,-103.54628518558494,30.778582616119277,-20.344568164558467,15.878176543084209,147.7195444413125,178.63141957117992
1771947938.7635164,-81.09293601989314,-95.68505890364293,-9.750373788007643,-53.9581637017501,11.574433161674447,-516.4368392269587,-231.01168051599132,-30.05581373412028,-208.7586799510052,9.570191169389238,96.62515884780863,-148.82160784875418,189.2373799239915,341.0311695532798,45.13413947290525,-60.14179671002276,-74.88409725551125,100.92809934454743,-55.97645961320991,334.60755420605227,-298.43930342247074,-70.31187951132777,-107.34019927043767,22.58561800973276,-42.78486618858568,14.933497122746147,-446.64077820020435,-266.9317911358491
1771947938.767413,-80.33983528319938,-102.38387180784217,-16.580523406071144,-44.95554464045466,8.881282987124841,-426.8951944740016,-4.169638549108274,-26.393158326628086,-199.95349057911562,-21.8842118301568,88.63247190959558,-99.31387049955111,-55.62670281201819,-293.5525085783403,38.54605205109745,-87.22681209316227,-64.40117845346853,85.98748640092167,-105.9690756357879,-114.19868097648248,195.76460650024313,-69.87673695285666,-108.23007915384648,13.151357133727164,-49.29383628649006,5.290659392052657,-457.2555038419144,-29.37405362829145
1771947938.771309,-79.34420352970635,-106.32563299005504,-22.330116269437163,-26.71874355493323,6.587796618246229,188.8357794925382,220.930964240074,-22.40099228825941,-185.9511198601337,-54.11256648557858,90.58213863747231,12.955202414617359,-249.03130037285578,-119.2946087001694,31.671844712051154,-111.98926725037313,-50.86290078519862,56.958952265969465,-70.60343374596394,-339.0354951485776,-17.234730178313885,-69.27108977732497,-106.22285904167174,3.246865251582666,-42.738162547034754,-2.8811967865469184,106.6837548460457,264.00308877077487
1771947938.775205,-78.11972341798308,-107.4246457390704,-26.525922447588663,-9.042203108097933,6.436299196634372,541.2388960709923,-168.7853017873797,-18.117096559923205,-167.1853696334931,-84.16431108033319,80.95933805121182,121.29511887889107,-123.79337870847345,375.03900712861514,24.550571060876386,-133.83252384432907,-35.50268815061095,27.681117116296306,15.300899442475018,-136.5696349373311,-115.46338966813906,-68.50007347313054,-101.40282100532899,-6.352961751246769,-29.619790469360016,-4.427445565318075,510.05104268185215,-177.96379300277215
1771947938.7791011,-76.68091745271781,-105.67216920030761,-28.836270178699785,1.0529830864238292,4.0584299532741674,208.7112387398956,12.12912976702353,-13.582609600388507,-144.22506441732932,-109.15893425908835,38.67356235668858,157.38320854688544,182.06678628909967,-215.78396543923947,17.22229717192379,-152.2459259508743,-19.610721893401315,7.078739650764228,80.50357053432016,174.4040834173187,169.98439941062855,-67.56924834577661,-93.92863137163376,-14.935467998730795,-16.81434837061874,-2.101886493001668,255.17750984990747,-11.093672966683581
1771947938.783076,-75.04304375149869,-101.13666306704843,-29.099091300850574,1.7833933270109803,-4.278296527380016,-363.89565348373344,87.50306760989882,-8.841657276912292,-117.7554654978315,-126.53962488537282,-41.26912542737039,94.7779864364674,247.99321782196057,-48.058500069909435,9.727801522275529,-166.8173041250207,-4.41645141673328,-3.541566624340392,75.30751635659982,254.49601489646494,-152.64773622606765,-66.48455509130311,-84.02838126813714,-21.90840558853535,-8.73632485232415,-1.5233499712863043,-303.6463298416873,114.90317231993954
1771947938.786972,-73.22198612511208,-93.96182989927526,-27.333101893193355,-3.7992861448017097,-15.259288197813678,-458.77943397262493,-155.37034580862084,-3.9409488948355,-88.55621485478729,-134.3049720071639,-140.61727824151615,-30.469891545464122,-46.38032440009581,132.34270192234257,2.108278875775465,-177.24236462490012,9.018732049964017,-8.757137729678961,9.258841540894496,69.62800993615575,86.71634983421293,-65.25226713249334,-71.9927767874404,-26.845092708572935,-6.203586553374543,-4.359461677807288,-449.3240556709533,-167.34773646172275
1771947938.7908683,-71.23413912460173,-84.36250239597362,-23.731438551222944,-10.335894669050521,-19.653828080829243,19.743727273172652,178.21865531665384,1.0706568452414775,-57.47653566411225,-131.198478630307,-223.73421934202437,-138.8741257874621,-289.384348089912,-170.8051664296535,-5.594949121647317,-183.3307642411002,19.888601071249816,-14.504030079995827,-59.99669092509769,-182.7112751192266,-13.744712474611143,-63.87894015852788,-58.16667409486608,-29.512815441881674,-7.123343687957109,-6.645366349841423,-21.560527118362465,169.9420608189266
1771947938.7947645,-69.09628881566123,-72.61848869740774,-18.638823649676194,-13.07501583177449,-10.552488929245051,452.4299995591895,-74.82141944026097,6.142611807066166,-25.408501516482684,-116.83897206418074,-253.83372900847732,-157.99346045332808,-100.22925797481403,278.84395878660035,-13.340714054287425,-185.00877924086174,27.70105587849292,-23.55728431572281,-75.43642643629946,-257.8872492499482,-34.733883949383426,-62.37135938917873,-42.939199856392015,-29.88242016272129,-8.161232339293136,-3.439630687549584,407.4161093233391,-53.38828599488915
1771947938.7986608,-66.82549019019115,-59.06655259490373,-12.514946502956406,-9.739848388200889,8.869975161500184,296.9300758350225,-130.25660083482822,11.223159778927494,6.740753774295917,-91.77981330971515,-211.27054718456537,-72.52889097421587,266.2181162016899,-155.41557246867612,-21.088269169133643,-182.3185842845669,32.30391621190074,-33.37295908523322,-26.48245479663356,-42.85097753713096,76.27144351278574,-60.736485200272895,-26.732736914238895,-28.118901544089663,-6.421802071746174,5.211142980884342,290.34260900875177,-151.05314509279407
1771947938.802557,-64.43894227367997,-44.090764338457724,-5.888054972305105,-0.9510998321300492,25.719566789644922,-231.52434151040615,257.7875460033562,16.259834342892866,38.07698133210558,-57.49072796724233,-104.42547916581984,61.68864784276719,241.51927579640017,-358.88789045476983,-28.797543987325195,-175.4142613172103,33.87585878755737,-37.2621301466967,44.429817909715034,273.0067418841239,-138.95156520003823,-58.98139786427104,-9.991087269440014,-24.554622957906062,-0.6199099530312248,13.069662954027377,-194.75984064362575,265.4358733223958
1771947938.806453,-61.95386208231078,-28.111508405798332,0.6963808416623438,10.40568829870117,26.587605629822637,-442.75112193474934,-157.86619253090078,21.199967996969654,67.74600932295532,-16.262591234815478,32.39872770211353,153.2884146964969,-182.68129052010752,642.4463541456207,-36.42938325957944,-164.55475635778632,32.884289064960875,-28.33114829449464,78.07906509489632,296.12007542055795,178.85317128786232,-57.113242229911606,6.832852940115103,-19.648423707903067,8.399221861145882,12.695223781406229,-397.5981698305582,-145.55415765368593
1771947938.8103492,-59.387358621177775,-11.573475397647439,6.726723442583578,20.367225605777847,8.514700702481262,-67.76128300180113,-53.37561786238143,25.991206979007103,94.95930108144144,28.95797230044966,153.04632249981384,138.67302037801335,-369.3458909834429,-95.76360201175257,-43.94576875806936,-150.0940900054206,30.015194857581957,-4.381532233879874,46.823959652094295,-88.43129764756843,-120.85354004769924,-55.13917318098278,23.289559495366262,-13.935115423596121,17.889366730595114,2.2771326254589814,-62.21009086001121,-82.27538101850303
1771947938.8142457,-56.756308136256,5.067004170129342,11.770919571067566,25.321189033070013,-17.34361598570467,385.57928708941824,135.78153628569834,30.582026069728137,119.01705669527962,74.79134174733774,218.7269615943124,28.477761128295676,14.696663458508738,-642.7480998885881,-51.310022698658955,-132.4692017765989,26.08276529856767,28.73279266572887,-23.91525390159127,-427.7662643304421,-39.96753622358142,-53.066302712541734,38.945137806879735,-7.970640105136673,24.256636231838026,-11.793265197051477,339.6514843635821,159.9984537625543
1771947938.8181417,-54.077231868567964,21.35490623532572,15.512612377269132,23.36715770482302,-32.92032725498803,307.81954171512825,-101.89848817906767,34.92223762411935,139.32812371101264,117.68727709067652,213.40428195068367,-98.28314467625293,428.39017915957123,508.0558230610932,-58.48699185422652,-112.18586697816609,21.92850663347739,57.55826479194289,-77.14547767510875,-210.73229208777266,223.75936307650977,-50.90164947276792,53.393029770075884,-2.2783958144934964,24.683066636432308,-19.157512699450248,259.0691327204611,-94.2509087565906
1771947938.822038,-51.366177589992816,36.84935312347509,17.77438211230581,15.1429801782559,-26.347623772972256,-185.69092432494858,100.37149015584845,38.963489180336715,155.42609737128456,154.20578619147156,148.59331435081828,-150.68500667757792,227.56014583895293,211.02821726329708,-65.44321168596409,-89.80316721378404,18.320551485687204,66.06330380812211,-70.21693599544959,351.67287482859155,-286.2786857659191,-48.652091624960306,66.26484359018136,2.6980788954522437,18.61194272762946,-13.401063528891523,-176.07328267202277,65.64479994164716
1771947938.8259342,-48.63860618246168,51.135964606764475,18.526290176342233,3.7154609929988505,-1.1716712573860162,-410.23045996784117,-65.12740437371703,42.65974420625035,166.98112761046218,181.29371497731992,56.05936476211049,-92.66278090357348,-334.03564011629896,-403.383336983459,-72.1470501133575,-65.91702179228939,15.863743367428384,43.54447923911453,-8.166499406904082,478.12932138100626,147.5067063136461,-46.324323847798325,77.24000669356977,6.631694990327421,8.29584216637392,2.5675349519436095,-348.10391418855085,-43.71303310113146
1771947938.8298998,-45.90928444707933,63.83835466063875,17.87946018223621,-6.460418882676126,25.49920129809292,-60.833516667812226,-68.032027279052,45.96774086493601,173.80710395383838,196.5345636953201,-27.39410421564479,30.06817121512314,-441.01627144312374,56.07271417800561,-78.56883084522141,-41.14329667000541,14.929900230652121,-8.360519239503974,61.129949980213915,-87.44983918920214,36.35861606864701,-43.92481920397081,86.05397757088834,9.334549993723716,-1.9424782736744994,17.999315015524594,-22.932202667230975,-56.69722163550889
1771947938.833796,-43.19218523657663,74.62843685894502,16.065969078425322,-11.109185265498386,34.93056735676395,363.13934542531285,124.04920228069231,48.847424088703775,175.8640543332315,198.3511646208865,-75.46908746166147,124.45000052822601,72.62755560585329,48.76872317109277,-84.68093645487158,-16.10099942214839,15.615545651875147,-73.57847287350808,84.8292276375233,-585.5478789806793,-113.47896276877947,-41.45979650238896,92.50479573589455,10.765197981748742,-7.452277740214787,21.76950716282666,324.967643024466,106.1426855607835
1771947938.8376925,-40.50039592781644,83.23523932892142,13.407676451442159,-7.743672235072281,20.239011177007164,267.01430523788224,-64.986687597083,51.262346683296656,173.25576218533408,186.14465053519214,-81.23052295198006,120.66932277359854,478.09641199774285,43.38260650109733,-90.45789158244423,8.603956327061821,17.731556114774524,-126.36345538110031,45.58470113357157,-260.05231502834204,236.35569047958052,-38.935193687980416,96.45779797578518,11.020460721336908,-5.324799399892449,10.455030096899739,200.1683310426156,-60.81872397596935
1771947938.8415885,-37.846036174827304,89.45197692548248,10.277657461455304,3.0743442394632314,-8.438983229609233,-200.04493376579907,79.16786792016067,53.1800356044006,166.22277116618315,160.35826634200595,-56.25344676971112,25.01969300795078,229.42475146450096,124.54089103636528,-95.87642682009215,32.39397321283569,20.825881805112893,-141.47760388510434,-26.410111485309685,477.71868882338623,-406.4600603076475,-36.35664770232164,97.84838261964913,10.313354628067565,3.979306696932607,-8.82685408390624,-206.54878323940272,77.94506242429476
1771947938.8454845,-35.2401857667982,93.14118322773857,7.0585315617586755,17.253171321735383,-30.98099946307186,-372.2049384994457,-94.1384167107874,54.57231999735858,155.13110346424781,122.46060357518418,-21.960537527012953,-85.96174602996102,-285.38199211510164,-203.8445510283606,-100.9155240269899,54.7335864878237,24.23707324222578,-105.53772419740466,-77.67205971653475,554.205223314408,186.7316657848765,-33.72948113582913,96.68276088433686,8.940067256821399,16.17675259343842,-22.95502172777603,-308.80693911159636,-92.31327736113275
1771947938.8493807,-32.6928232555261,94.23776645987967,4.102141643053729,28.001275624604762,-31.56215292088876,-19.49816421397451,-105.5405560134247,55.41561811579758,140.45716164753514,74.84927742508933,1.7906605600532106,-125.62689582251926,-377.461334132348,-158.38508106623306,-105.55644402963738,75.14154208336883,27.173126626142135,-24.42946815480307,-71.99378860154548,-185.81467172021672,394.0642578321811,-31.058695837852603,93.03669382701811,7.239936473044428,24.396302917612907,-21.715299987364833,27.457521773451262,-97.49494997263204
1771947938.853277,-30.21277585471216,92.74991857292356,1.694725451396667,28.197273852979862,-9.961277748896524,346.6381009366687,300.5131706406919,55.691180809296256,122.76940964773817,20.682387169536668,5.520996476533068,-64.60543728705922,-13.09585279728802,326.13650133494684,-109.78273784033455,93.20087226327672,28.807476591146216,76.91083939130993,-16.159177629149934,-679.3145505718,-534.4812475379222,-28.348973501545608,87.0522724709865,5.552964812570502,21.993383232902296,-5.0752706130378735,312.8045513041042,289.71095961190196
1771947938.8571732,-27.807680981498105,88.75787270043367,0.03097423771349574,13.664668948778106,18.236230889875078,220.66790301344466,-136.3624687533134,55.385289817267726,102.70752983418673,-36.34921846640826,-7.098271345379921,47.23275915983923,278.6828694816131,143.66389448326848,-113.580242638935,108.5667790659867,28.382092516650445,163.00869632721842,47.4466697486601,-187.8860624626592,57.64260593314487,-25.60468312063333,78.93285500462585,4.179489810329864,5.904893753145793,16.184027492538103,153.9852423743694,-138.612031951484
1771947938.8610694,-25.483959688523328,82.41056945397708,-0.8007119067086393,-14.14076619894723,32.752145034965366,-199.2412019578319,-193.34249775343017,54.48940959014592,80.95982606753887,-92.29126375180076,-23.126129180081115,120.93154824704997,201.40709632465897,-490.1759060211295,-116.93706383316946,120.97221286210105,25.306762010229654,201.68573251838072,73.7932103111994,581.7745330076094,187.6460394074397,-22.82989510506608,68.93632745106044,3.346236489572679,-21.11363145769411,27.239682686231152,-205.04360288941976,-180.1334271620278
1771947938.8649654,-23.24680208210265,73.92035600465786,-0.8207533927572189,-47.57083842986509,23.192631082607097,-328.6598131194382,242.9381921233946,53.00029181601675,58.239685873001704,-143.21620311843554,-28.708576243096097,98.46029949066296,-38.6931600642973,80.60196523718378,-119.8435445778987,130.23110975275327,19.243861109289032,177.4231698377288,47.71013494435017,505.7205146689473,34.92715872386385,-20.02840170929407,57.36690214771126,3.1821607417496223,-50.70843191540274,19.322432833556988,-266.09193852796386,231.14632259478654
1771947938.8688617,-21.100164640391878,63.555901643424924,-0.1490370403306516,-74.9554509187377,-3.314816348693824,-14.927954481996043,-17.500981873925305,50.92003230346568,35.26192847916266,-185.5119754117374,-17.732850463156094,-2.559869812446366,-161.34911438627972,435.07906526518934,-122.29222416893177,136.23932519152598,10.169206550771992,98.06926711236294,-7.8397775688834885,-294.29772534283626,11.844555990407487,-17.20374327757012,44.56571023920581,3.7063476102212882,-71.76635089911062,-3.466100102122739,26.54419611164565,-18.451156723609937
1771947938.872758,-19.046779178563614,51.63356669716321,1.014721079200861,-84.80023862111337,-27.06676931052596,297.20506940539167,-129.59565952061513,48.25608034979371,12.719849390879592,-216.14738744387842,3.794797460643407,-103.65256340257028,-128.98970368391053,-312.85559003252695,-124.27778666557639,138.97337125514912,-1.5981481085625533,-8.450298842493089,-51.69942023094354,-648.5096383155633,-393.0871070013053,-14.359239685999974,30.9004780399604,4.828878050855736,-74.74153148751866,-25.71996163227932,258.16145235393617,-110.84866521406303
1771947938.8767912,-17.088173084364797,38.50750606204609,2.4182413929309927,-70.38788958090662,-30.086331660873643,205.0860319187063,52.558027655372705,45.02120116783498,-8.73627324332949,-232.89414107088953,20.46426794607516,-126.8590440201278,-22.951494077708226,-71.83533186978745,-125.7970009376123,138.48712916445564,-15.401291246965947,-105.86669810336264,-55.50316714593355,-72.65259043241682,350.5429070659343,-11.498026282144416,16.754601138540473,6.3641649419963935,-55.665405328529,-30.681569002334225,140.88976351298535,32.01246024783538
1771947938.8806877,-15.224700351753356,24.55882329136112,3.7881947350875778,-32.957659357078434,-9.65895697732176,-138.82071123118283,64.44873460986626,41.23339232567657,-28.518518243261383,-234.48903328844483,16.56274564166723,-54.14901899223633,98.85462504563759,121.59174100546886,-126.84865317383655,134.9067627390895,-30.28666163139071,-164.08784952278234,-22.090370104673923,568.7725206391594,139.49056989235368,-8.623093572387589,2.515944278966886,8.054937413753324,-18.18741069843841,-12.593482806534793,-136.40354389879954,64.39585588028802
1771947938.8845837,-13.455582844415582,10.18411587672586,4.862264082184172,17.909958254903803,18.98053118560924,-282.54974387452427,-32.72296900806602,36.91575546196907,-46.11791222869717,-220.72460662664767,-12.924803505110326,60.31778478784238,154.40063288778433,-63.842873498865345,-127.43347281424357,128.42409903215204,-45.07818257602732,-169.9118801858847,20.52433636638184,378.785546251911,-374.9538912101794,-5.737329860718043,-11.43430037760263,9.603964065938742,27.24080345214291,17.385402909709175,-215.68410762130384,-17.743164614310512
1771947938.88848,-11.778961118763231,-4.2162333683125155,5.418167380531246,67.13384934950369,33.472023743305506,-69.04200087199249,-73.10617301778262,32.09632478910506,-61.117794153052245,-192.46211043569784,-55.828654121730835,132.3808710262297,61.25542546200386,214.9120586948835,-127.55405285360972,119.28876913681259,-58.47810367446646,-129.74751136741313,42.22862621484501,-310.6043273667054,233.2910733438325,-2.8435659966672455,-24.732368983254855,10.709861118231366,66.86274121089896,37.33463760750661,-31.16947509990192,-86.94726940375823
1771947938.8923762,-10.19195404454156,-18.249660756106184,5.296575411761644,99.38857713650765,21.340616846566743,210.9049435974338,59.96712155734479,26.807854126809236,-73.20360710539931,-151.56659385295504,-85.72586725038934,110.4597305447489,-113.56132793302189,-206.87662042424424,-127.21476543692899,107.79941664831037,-69.18556854481184,-64.14005870954088,32.06812762179839,-516.6400410233862,-103.85474862513269,0.055378641786974304,-37.0419826955559,11.102999376057468,88.5639594647255,30.135309212775123,166.3006471579796,76.31908360623088
1771947938.8962724,-8.69072639414331,-31.542572165918717,4.415713755585545,104.81629199418171,-9.46893010063501,218.80828341662905,44.96010448372571,21.0875644514337,-82.16890972491144,-100.7698127735471,-74.4496167530945,11.384842385707477,-175.08334372522845,-181.53891066931254,-126.42167360852902,94.29428433744712,-76.02197670986132,2.5930102616598396,2.7502671199542736,-16.626738287760684,30.884771713640614,2.956649814491345,-48.06341621534123,10.577627076739045,86.34107771007122,-2.223219617578106,152.46112166045543,32.212815398772136
1771947938.900169,-7.27056351591491,-43.75070856612284,2.7765209266902073,82.78769394546366,-35.30983128546108,-33.384005202320935,-46.97771920891062,14.976854190122369,-87.917540776557,-43.471948136481764,-8.68179823028996,-94.7221426426185,-42.130129330728316,367.5392090056234,-125.18244002847621,79.1414811552522,-78.05126719839402,52.566581450068455,-22.202339728761636,451.068935422177,127.27491444609569,5.857312618984284,-57.541321258252964,9.016842611631766,62.4234161164212,-37.3033723846269,-31.51373568848042,-64.57048305082823
1771947938.904065,-5.925952134526979,-54.56842401379407,0.4584154029836439,42.016620095275584,-34.44122722576695,-234.1836928687577,-51.51180959238237,8.52097469648345,-90.46200949843116,16.502487451873968,98.14322864398292,-135.96413173062072,135.0118386625656,20.408083816231645,-123.50623345445159,62.72921252365837,-74.68342132889717,79.7986528371202,-26.67514945052172,288.29485488141455,-257.593446981951,8.754307119410981,-65.27108712360508,6.407916715841909,26.136940514974086,-47.1728068524629,-167.54368791512837,-12.376691178657335
1771947938.9079611,-4.650666230717023,-63.736610253744765,-2.3931428377841213,-3.0273996467304958,-4.723151973160301,-149.5257743696603,56.065152425478196,1.7686735031620189,-89.9183163471368,75.1760434906641,206.10594550885958,-87.51276027992812,157.26597704390716,-344.0000232578716,-121.40363377025119,45.45622943279906,-65.75075208480865,88.88325527339046,-11.759138713188328,-221.22651295639992,232.9917894527638,11.644406320064858,-71.10356540435046,2.846572481162866,-9.93549324521727,-20.189621117419637,-106.9024155320363,43.02571835893935
1771947938.9118574,-3.437856879467103,-71.04904688263248,-5.585170326770702,-37.8041865437639,32.73914444524224,115.67831135892023,66.41052298411324,-5.228191912223692,-86.49752826356237,128.69683916993375,263.174291204321,15.380196720923314,9.435805841493814,11.198974096632961,-118.88653627799064,27.722719097657375,-51.548805447110595,88.35024769948838,8.240421473238102,-406.7252560882935,-109.7465758700272,14.524177398264943,-74.94803601568675,-1.4699505988776025,-34.77927015943452,27.112454935023333,80.94666901661324,43.21246322823222
1771947938.9157536,-2.28014490619673,-76.35700845784902,-8.899003774884926,-53.10771609273094,48.278423078796244,241.29285163559265,-131.54169525238274,-12.415066949537247,-80.4945345669495,173.60387879262734,228.45567557864953,105.06754461572412,-137.29592449699518,445.11861091058285,-115.96805586272717,9.921823702275189,-32.83675176455709,83.03343305745804,18.208919919820914,-79.31569121421319,-63.76639645131959,17.38994706296522,-76.77334630498953,-6.260036647547192,-42.79653586534511,59.34112597044165,177.4602301955191,-112.4458396819399
1771947938.9196496,-1.1697152518160123,-79.57201818495258,-12.112472992240116,-48.15565149045026,26.66414560389492,65.3168619901055,36.785312555170755,-19.73513620205891,-72.27449050365853,207.06027596749792,93.91633168788776,127.01122078053662,-123.79606711585576,-234.033164796305,-112.66243153280871,-7.56806510983479,-10.795734574612604,70.21373008507184,12.806082662577047,326.4419033931149,253.3547228806968,20.237771815837753,-76.6072123088902,-11.182999227992948,-35.36175872643206,48.31079731423309,52.760583699876435,41.334766085865006
1771947938.9236715,-0.09841198745511447,-80.66669927933529,-15.019568154717689,-30.353611698137062,-19.210283198653663,-203.6606769148509,88.67882693488224,-27.129779941148588,-62.257513165640425,227.03827110023605,-106.26506680652149,71.95725397520953,24.4041415608774,-369.28954651717066,-108.98493177043039,-24.39012877957323,13.052540837961514,41.9636512492086,-1.6795766325548258,327.3625507670449,-305.8495934454733,23.06341378825713,-74.53372887937248,-15.869748647729862,-19.762914850477184,-3.091206731317264,-154.8588312357049,84.87446655758251
1771947938.927568,0.9421670315406623,-79.67373729035141,-17.445300959984937,-11.885949592417932,-55.74154243552339,-216.7794375207697,-90.59782042841705,-34.53904719498652,-50.902228132987716,232.443833850423,-304.6143770352265,-23.083976183987104,128.21305332632377,505.17556677239435,-104.95176107716689,-40.21499401941865,36.96100040805726,-7.650827608096975,-13.669263894895366,-72.19770664108869,126.88761277783598,25.86232272788502,-70.68919124501762,-19.955580527749188,-6.042003914462036,-59.06572217169731,-170.590559664661,-104.00336080046493
1771947938.9314644,1.960576824109904,-76.68302781228452,-19.25429283667142,-4.318258230662797,-53.141693964162194,65.0898136052923,23.245588526657162,-41.90214161267774,-38.688775524556746,223.17333904715426,-425.2558197389388,-100.94988275156602,68.53605144888614,-88.19161154215445,-100.57996802858666,-54.745623935675354,59.09696111462899,-74.81642253442216,-14.874730272670725,-403.5147314814453,96.08142643814882,28.629624605112603,-65.25638305214027,-23.11177453430125,-2.787150044786992,-75.51020950714046,56.05048065854654,33.355592533186176
1771947938.935361,2.9654341153366905,-71.83714258810068,-20.352645365232227,-13.197999014367785,-9.18197915382938,276.5250995752391,-20.88881049891638,-49.15791612850008,-26.101872940932964,200.0999096211935,-414.8236223788722,-118.44567329617901,-60.74650011724485,-253.33876691264066,-95.8873550544878,-67.72122945195277,77.69476788808383,-142.5129016051791,-5.090155142693194,-250.77336764027945,-149.42604883204638,31.36011718449131,-58.457533823319764,-25.072981161979666,-13.269007010147746,-34.41819716299598,229.87575187773336,-5.696953579084309
1771947938.939257,3.965329076819772,-65.32530114468004,-20.683718714441877,-34.94838278343744,46.5506917863433,111.45489365705406,35.134504661901325,-56.24537234150168,-13.61450205962149,164.9921414129228,-265.9845190073228,-68.64751567240769,-80.53533945188954,268.2302579873705,-90.89239007717724,-78.92022980669428,91.20813335410561,-184.20256817032688,8.880562210740754,244.47663729531877,156.37840323427162,34.04827275500684,-50.546190654008576,-25.65797586477572,-33.43066548324126,38.612545722893216,84.07247276839966,11.668547379697632
1771947938.9431531,4.968740576130278,-57.37608235381061,-20.219410457233124,-57.75760996465188,72.74055711774767,-227.51418942254955,30.614549279137428,-63.10416050736468,-1.6727376275953512,120.37268945779735,-22.791487055789915,18.381590898522475,14.72925899202896,-203.1556059843291,-85.61412011080756,-88.16231389272794,98.44865900351031,-174.11164408080165,18.088125801107477,477.98472396450813,-263.57339636676755,36.688248054588094,-41.798283029285244,-24.782188864509834,-52.86786291893162,89.83610031573504,-208.43816013138917,28.195664442692262
1771947938.9470494,5.98395542158186,-48.24914842751949,-18.94924775026284,-66.56322812312676,47.02910064146295,-262.78219184563477,-77.25618898755776,-69.67507610020866,9.317825184989832,69.32827495545472,235.11554630371353,93.82981753818585,53.926855006488715,101.79050652456097,-80.0720869467615,-95.30967225431877,98.69786420671592,-100.20868163206215,16.545347694097728,101.43546741532005,176.70937649001678,39.273901282616016,-32.502684184483876,-22.461367567001428,-58.8886805058256,76.95596895806312,-224.25273285234974,-55.42818329104198
1771947938.9509456,7.018991993829527,-38.22628158591274,-16.869973616538946,-50.22259702052432,-15.566839889826861,85.14183352182333,37.198060572280376,-75.90054901168294,19.003664421701224,15.285805425317877,422.97638400407743,116.45401705544099,-27.99414873284028,154.92807305430046,-74.28624507970441,-100.26748143423617,91.78205313645334,25.98227831399271,4.181536884549948,-458.7119019169415,292.2085960312025,41.79881597141835,-22.951586574975455,-18.806683233045007,-42.311445267284505,3.649694469324035,98.64195427881137,38.138786263972456
1771947938.954842,8.081528554648663,-27.602050708303064,-13.978264693551242,-7.6410983418799905,-71.38591390912704,336.9185044494473,-60.74502972541609,-81.7251215546339,27.0926512777447,-38.22869365469068,482.94999007855034,73.96139434272143,-69.97276960495795,-338.3391098538568,-68.27688202972439,-102.98372733015181,78.10236513133619,168.26127748150023,-12.996571701840306,-463.6619414255992,-550.0936438308494,44.25633136604971,-13.431012683240924,-14.012448609629136,-2.5774748933109266,-79.01502483919052,312.7716107919102,-90.93398923841599
1771947938.958738,9.178836402762247,-16.67443149093659,-10.268755885656317,50.174162436035765,-79.00683951794267,112.28517597289739,145.1178131535587,-87.09591148271743,33.36089575594723,-87.83086099252786,404.12289960421106,-10.547999651348967,42.69255499783138,155.65445857935492,-62.06454119737833,-103.44845295658591,58.61613531641282,275.8444286422942,-25.35472415234689,156.69513974458462,80.40474881531148,46.63957883375926,-4.211775599291381,-8.3382776034483,50.30990140063013,-108.40633280411632,80.83419965693713,156.91012874834405
1771947938.9626343,10.317717928689776,-5.7356983572007,-5.738709525945929,103.48380508971651,-30.173476233218587,-295.48257957305316,-30.867766503889158,-91.96305622585922,37.65701587473005,-130.50149979386447,222.67201627333014,-90.40754149723101,143.42643427656517,170.9175690609371,-55.66994738807976,-101.6925101617607,34.7699136332568,302.21325795686136,-24.255002069854694,623.308535572423,492.3826009492471,48.94152370845138,4.458813652724973,-2.087923123920989,98.4040652291573,-58.157415493399526,-296.0623782280077,5.401733475540933
1771947938.9665306,11.504449535778715,4.93611081539869,-0.39954688584290404,131.56693072167587,42.47934269381891,-300.499821099716,-264.910612302724,-96.28013451416862,39.90382611538686,-163.77748498762273,3.5417691030957186,-120.26813541532616,22.719171123835885,-203.3229093805973,-49.11393516380005,-97.78588550280105,8.388783763274455,225.44054385137431,-7.469342993592921,293.79336520071257,-321.6339671457209,51.1550118921525,12.364223120654838,4.412860320371538,122.49306196825708,38.82590985926725,-269.1124082060314,-312.93786371537436
1771947938.9705434,12.7447293436489,15.084884452418665,5.705799624937379,121.72408641296911,87.68676103649648,131.04429049845822,366.57300132427974,-100.0045615696132,40.0975330968184,-185.89752622453557,-186.91017074573148,-81.58433948841817,-192.79734738759248,-48.92112535224457,-42.41738016616781,-91.83565749254588,-18.469386097395706,60.811923771792806,17.620585082090884,-448.28115196498834,-266.0954109249957,53.27282048067581,19.32472993391847,10.837260800912668,110.37814462484293,112.01614939075647,153.88732506758345,373.2481458281416
1771947938.9744396,14.043629550240663,24.4830466742646,12.481980872445044,75.48873302240206,72.34748149601772,397.86675540852417,-124.80845399752289,-103.09795413179876,38.30460870869509,-195.89386571935813,-304.6297858211313,5.505119586896262,-167.49770582525056,189.10108523362177,-35.60113345832879,-83.98362607970861,-43.68280184819838,-140.8412556745388,36.35319657018604,-641.4179712511644,377.7084117792442,55.28771163403333,25.202017354353117,16.875414226845756,63.09360994444094,105.38455266345889,378.783160590078,-86.36909277733596
1771947938.978336,15.405553296713062,32.93689720822293,19.760053905750226,8.84548635152561,6.036101066972268,108.5049987864388,-230.55253438532938,-105.5264617935196,34.65657938576424,-193.62521848014742,-338.26995346975684,91.88931737353376,123.55582034778881,6.947804248373845,-28.685958803238197,-74.40363820014169,-65.24341698290951,-309.65255027813816,35.10574203186487,-1.4418397110373355,45.52158403983963,57.19248887625196,29.9022045239359,22.248323220996586,-4.226946268327993,20.91892369018741,69.40160095037533,-278.68149142248626
1771947938.982232,16.834195884507547,40.29054515003467,27.279961743144806,-54.15948789207838,-65.12114483816349,-344.1396523898152,438.97001949663405,-107.26106146916206,29.343022603276108,-179.75076423934186,-303.99412539878045,126.78997078106359,286.9755867989686,-303.7916972106151,-21.692472741900907,-63.29861954981894,-81.42803603666921,-382.2171373343398,11.130453676075522,667.960148537446,-323.05527602345967,58.98005501561466,33.37723132906984,26.717231437283626,-67.91561027636452,-80.75909147100701,-347.49966872872665,470.5157865645951
1771947938.9861283,18.332510248637682,46.428357233225796,34.68075321442356,-91.72455262912244,-91.19598343441962,-324.2810036336222,-339.10543259469415,-108.27781227121837,22.60309782427562,-155.64941732263836,-230.14257181426828,87.67066367420533,61.41601230137038,248.96091352401243,-14.64108740126774,-50.89731461573526,-90.94775074525383,-326.3430091334556,-23.391028589263826,489.2126008673446,117.39559503948722,60.64347093624206,35.624580918016896,30.088678900208244,-105.60739174006451,-124.78283483001165,-278.83096677077157,-339.4214173030998
1771947938.9900246,19.90267665690316,51.27590028209516,41.50221160345245,-93.62280840104144,-54.14277806461826,146.32398556327325,-50.01979458525901,-108.55806856539004,14.715960358166562,-123.29257435983989,-141.2884459493962,-4.995123199144893,-266.395875745891,208.8237802206867,-7.551956095248308,-37.450733977031454,-93.06226726431953,-155.30236327666026,-47.49805566253355,-335.4459581497369,182.04893903533645,62.17601458339212,36.68538271107615,32.21604113091276,-105.75647770972442,-78.39077141882052,181.99798209812022,-96.29874779593543
1771947938.9939208,21.546076626717703,54.799414650075896,47.200565974567866,-65.03370130872575,19.50331829902411,414.59741853480784,395.929017790275,-108.08864946720726,5.9904145405280085,-85.08175067738225,-49.8277988498926,-97.8439851699232,-243.81868393650817,-476.5758243769086,-0.4449219117261616,-23.22830859713225,-87.64856520480866,74.58716681046049,-44.78746477773221,-743.7356849115064,-105.8883688221229,63.571239492012275,36.64099576017605,32.99874026157496,-72.22424191402139,24.02249913060514,384.09463582351674,467.82830689993585
1771947938.997817,23.263271019889686,57.00390829626496,51.179455626447535,-23.20475771883605,77.95240586343536,112.66010164830834,-382.4830410948839,-106.8619635235284,-3.245841382555396,-43.66471668960575,42.215493767619414,-134.94525583753506,97.68389493780309,118.54645669777393,6.660530417392637,-8.513754773277622,-75.21719161496014,283.1949254170035,-14.78833936732967,-182.29311945231146,-182.12715123531794,64.82303218250082,35.60822385970833,32.3804624258104,-21.857983510013383,106.83366557512052,47.155458228239276,-412.1589408711988
1771947939.0017133,25.053982238195495,57.930008916942164,52.83545892337842,11.096846098106393,81.19609577611074,-335.2887473006916,115.78289886951157,-104.87608780693188,-12.657041202213058,-1.7447804065408925,134.56781673265453,-91.31532554013282,290.1577040896823,362.75870088071787,13.745318963583335,6.399339111121091,-56.874004779932605,396.1085003802715,25.98897597221553,630.8170837253194,159.0580852971838,65.92566771737185,33.73335927505136,30.347619627842537,23.488745200151808,110.3505272192957,-347.4678740376924,73.8020489528771
1771947939.0056095,26.91708045092511,57.649753765929326,51.6154928681303,23.05439361237083,28.891313438507776,-316.55078820791226,126.43081933826453,-102.13480114561168,-21.909934271884996,38.10232339709145,220.00267570122952,10.205557885758552,100.40676270852498,-252.9248002270877,20.790804859081973,21.212182176925598,-34.229949520250464,373.1144048736102,54.16130911797987,612.8086161794959,201.13192300846725,66.87386272868716,31.185291046942833,26.92898809010528,46.53772017246265,35.16186569878851,-249.54208709408545,185.63146351562608
1771947939.009506,28.850573838274325,56.26153198150299,47.081474097112604,9.90229009299577,-40.58992017030861,125.55773873170347,-256.24587714770706,-98.64757168057989,-30.683844143897144,73.59083660882091,281.5316818205039,109.90590594978892,-175.20363309732832,-198.15026725087952,27.77882780078354,35.62567314137845,-9.26603799975569,223.8033202433617,53.501401676030504,-228.26665070120794,-408.77658799382664,67.66282528777126,28.147945254598348,22.196990881229926,41.46011610270418,-60.20017527958663,190.16411605981475,-282.819957024792
1771947939.0134022,30.851602887896668,53.88442017728752,38.97604088777889,-18.728834730785834,-78.4584553330947,378.384492917764,258.0972467269422,-94.42949933622964,-38.67995420532138,102.85595921603598,297.5964910308472,145.474383466362,-183.4004784812662,211.57294370876542,34.6917363128246,49.34547026913912,15.83528990736982,3.434533096448361,23.65922683724889,-757.8896408553941,179.40384799507405,68.28830105753103,24.812346446317804,16.27053731113822,15.320632458181459,-105.49958169940699,353.9938282968904,264.29825564136604
1771947939.0174053,32.91643881207064,50.65216733893762,27.282088405408665,-45.95505439999075,-60.193719181939215,115.69116329941042,-104.79789805324423,-89.50121410172787,-45.629608261138166,124.54586141539562,252.69002270570167,90.6956048248061,9.419562139656659,202.16659493730427,41.512412483384914,62.087185310017524,38.87819605254723,-209.2393567268743,-20.667533150219814,-246.5044765791162,306.934427393329,68.7466152265566,21.368600537506406,9.318767563908045,-16.09074673950993,-72.06864466275248,27.747441107406303,-99.88354792395948
1771947939.0213015,35.040486177155444,46.70708966500028,12.268546053489848,-55.71391781357356,-1.7719261946341502,-281.92597207094104,-98.93384483264786,-83.88873127828658,-51.30145106562609,137.8708090974573,147.68694756313056,-25.01664833794497,111.09259617609612,-306.53741370860126,48.22429111214115,73.58163769487798,57.84477143557657,-342.5494013894537,-57.6268666030218,595.473384506424,-590.6018742655344,69.03470979023177,17.99809985399035,1.5645682207812655,-35.83308335086341,8.288277183583816,-324.461450200357,-130.7552124267598
1771947939.0251975,37.21828987582501,42.194130365702925,-5.484661993260506,-40.08835732023701,53.4534191636253,-281.7190057804356,196.0822704850403,-77.6232650696623,-55.507271196948494,142.60922647085232,4.031711133574555,-130.72469489863755,59.079835926886055,-107.81686678163638,54.811373335991654,83.5800927122363,71.07305682299027,-357.98185864278594,-67.92976940925409,586.7912200332751,269.41110578744076,69.15017582846892,14.866240919210032,-6.713597642850038,-33.281959737728776,71.90710282958304,-225.332821127049,234.6935239971708
1771947939.029094,39.443546613554496,37.255323695070054,-25.08816465122017,-2.6670790555654524,66.82529691629698,84.22806497314231,-159.0046032890484,-70.74100208667222,-58.106445741222416,139.07402288339222,-141.1580434740699,-156.55293621053454,14.621397155716222,398.32358744699906,61.258234836810125,91.85939269239597,77.40604723163683,-261.54153839523013,-42.970709059390465,-247.67704885138906,362.2233072817751,69.09128051234323,12.115924951561285,-15.18310806664238,-8.295747117281087,74.57403682681145,170.2095171258151,-169.1106165466461
1771947939.0329902,41.709121093827775,32.02487674008996,-45.37474725949835,43.347798988027485,31.784412357356892,308.4188419518636,54.68147126588708,-63.28283652342326,-59.00892291889246,128.0454620433612,-247.56923061134972,-80.10826399657108,18.635216300335337,-110.93617990996736,67.55002874491741,98.22687591972415,76.29823321053213,-97.05623094632153,9.8707984037694,-701.2676145873897,-463.67536940755065,68.85698862681741,9.862080006445352,-23.46327224149606,29.343252931080734,23.715216111276877,320.3184158370301,55.26514708858465
1771947939.0368865,44.00706706755523,26.62504783753987,-64.96180170353176,81.0983227614294,-22.967799058510156,115.70381211941772,28.14555814052589,-55.29406897334653,-58.17671528270748,110.6790038960538,-286.5149688821128,54.09834112141439,-43.72713167724926,-310.9364038727885,73.67248338574665,102.52496631090305,67.86970240907122,74.32506298630454,66.6883732378659,-130.56380950882462,15.234145494916845,68.44697843093144,8.187403576058935,-31.13713457354048,64.39251520219106,-33.047123014439826,43.18724100310813,13.773519718140376
1771947939.040783,46.32865339239868,21.162959215650755,-82.34228819728013,97.16692065913617,-56.04394823141843,-202.528515745711,-41.887619688925284,-46.82407110188259,-55.62391237665376,88.39775051886159,-251.64373808659582,158.92433650992953,-143.3076773266047,213.4504425716299,79.61189506319634,104.63530862044963,52.902229961321325,198.93242099938269,94.82889991705028,609.8125815244705,76.4548440930415,67.86165172557298,7.139477547494523,-37.769431548171674,82.2118379774996,-50.75712377935919,-268.47037865726656,-59.36898717676114
1771947939.0446792,48.66439525394832,15.728435990614367,-95.99867767831925,86.72319361616755,-44.4020848224938,-227.59325377431668,68.88200293914537,-37.92591868172675,-51.41525737835769,62.779333578149725,-160.9003904096801,160.9149758275061,-77.32555922660642,241.62754094054785,85.35511610560958,104.48231941303621,32.77676326295953,249.09558160069264,69.97553030259907,434.8198220761786,248.34180465417694,67.10213808160503,6.729355875298468,-42.93037711978894,74.00589751394362,-23.816827417446753,-210.30579775023133,151.4506673810266
1771947939.0485754,51.004090721458965,10.392915657213836,-104.5314175081293,54.876777397022686,0.2710743173392368,34.283667455971006,-161.73742568880004,-28.655995814393037,-45.663366496808116,35.446356286664546,-49.01318076671904,52.576296161293854,158.9154334932581,-301.12075734756377,90.88953845256741,102.0360248204161,9.356843460042851,228.27500927970243,-4.579110430375569,-374.20475946528995,-56.28436757971861,66.17029327759457,6.931670531592149,-46.22412019412672,39.72436966035187,14.088985342577255,104.59417702615472,-229.74177043621546
1771947939.0524716,53.336862809691446,5.2094228651927,-106.79114632774053,14.128564409251522,41.655001656618836,216.46739973530697,147.24120918638363,-19.073573472681453,-38.524701420036706,7.968008570539281,46.16306622381671,-97.16394075574456,246.4937202146606,-170.09384628877893,96.20307320424693,97.31406431003067,-15.172631354189171,162.3242831442007,-90.85798964452214,-613.4208107737536,-583.8400355259582,65.06869207208105,7.686244407660253,-47.31992459748318,-11.842388940470158,24.544817425157092,247.7019616133375,104.10082283392461
1771947939.056368,55.65120717681333,0.21355520143120532,-102.00247231467635,-20.81200391000051,47.27128701223305,105.8479222323296,73.9568179456046,-9.240365761519904,-30.19443249163991,-18.221558186602543,97.78685708021781,-186.05437163250983,-5.654460667701002,421.553799551032,101.28412678924022,90.38275537988206,-38.4977447879278,83.04561846973995,-132.79375887329954,52.205776155039956,554.3244827483956,63.80061548059155,8.90114267734885,-45.98347313892077,-65.53792855882486,0.9766580740414021,66.68025440109584,180.25790839926867
1771947939.060264,57.935045525641975,-4.574620586649059,-89.8668366423017,-38.85448332448946,13.52596311533945,-115.82736116264515,-228.39198539171528,0.7799325040837873,-20.900352882084057,-41.884814523820346,99.19496265080734,-148.89934710089344,-296.9692267524134,-53.87229275876352,106.12157462949682,81.35713457686587,-58.38241119977654,13.250321500072218,-92.30790739738485,628.8645852841261,194.33431094687154,62.37003276453153,10.457039292709895,-42.10528155535171,-104.23754997053591,-26.334856701072248,-159.1083664929768,-264.50964535118845
1771947939.0643356,60.1757847208934,-9.14790335658236,-70.63292007095261,-36.86540208068092,-31.750942479962426,-161.39719575169624,89.38878927911523,10.922123154431498,-10.896021881632,-62.021418537228044,64.91230393860384,-6.286249395120604,-212.70269430352997,-305.16381328837207,110.70473330799295,70.39991301791736,-72.8715387553876,-39.60556612320521,17.82253843838407,287.8132523956062,-567.4263466563203,60.78157838902393,12.21272528744969,-35.723091471162604,-114.10580886914967,-21.35148921943958,-146.39166750778125,45.384481294312316
1771947939.068232,62.360381587481676,-13.508698491398443,-45.12520933257189,-20.810905487495646,-51.18989184894146,-4.606484040644014,91.90777019437935,21.119993085660955,-0.45332893807586505,-77.88885152136284,23.477121582817016,145.4962222627012,157.50699031948037,138.14362763646162,115.02333230256318,57.71930969137699,-80.47230866071912,-79.78829294288855,131.85447076985602,-453.09429430540877,271.06890517085975,59.04052425830986,14.011542017041979,-27.035334402816485,-89.25833061889931,19.552308284183106,32.75700052296975,102.81437761681264
1771947939.0721283,64.47541328633818,-17.66536595460266,-14.724592926853965,-3.095570543036977,-27.45944846098414,134.70482477746535,-12.264652390139343,31.306809771744213,10.145320368790847,-89.00583520956462,4.84854442708925,199.79608042359166,319.24099531164336,85.85691785058036,119.06748640554761,43.56575414971542,-80.29699954560303,-113.7925959707817,169.4765317883147,-538.3898211309328,0.5926680688360452,57.15274755806194,15.68848627506478,-16.403327702217442,-34.34508235203026,59.20938382995623,120.01022601403803,29.160995657982472
1771947939.0760243,66.50715306247426,-21.62839351302205,18.701048843385127,2.9574712524662776,22.263347778822684,90.60411460200659,-142.0085852472017,41.415819801870406,20.61498957137504,-95.14229308328973,26.90039828843776,115.51582906747896,74.2471027366488,61.6925132461727,122.82767000134832,28.227480987244004,-72.15392936703202,-141.67631420402253,93.39067436024023,116.4507772188936,-15.614229169566764,55.12469451626225,17.07770664642035,-4.340740552324042,35.9060472961374,51.836099403934156,40.50461353921826,-134.9595292797578
1771947939.0799208,68.44165104778973,-25.40662016616413,52.91371678363324,-10.787135711453079,58.522047409049364,-64.068410918582,32.883084621736955,51.38074633353744,30.676159999514397,-96.30003566179957,86.031025171861,-51.326063630588514,-227.57921689656973,-127.50182733231868,126.29469436933394,12.025069663328074,-56.577503089695746,-154.63780621133517,-55.76834218241011,581.6392027863334,150.1259527090481,52.96334037093633,18.020093395652175,8.510027602630835,100.29144330557139,-11.287210359418458,-55.319477091935795,-31.721138509129304
1771947939.0838172,70.26481970778148,-29.003730756209702,85.46245557086354,-43.21614422008269,49.87439599922841,-128.66000090554775,210.23518777079673,61.13628139060826,40.06243959903087,-92.68815518907967,156.13175235712782,-185.04569304657414,-219.32766100564106,-181.99985104924068,129.45968910326948,-4.6949864056868496,-34.79367030691405,-140.20692008080394,-178.86516887662626,253.20545046429717,-382.66808351276535,50.6761458389199,18.37065921506701,21.413692835023422,137.13525967889095,-85.18812587715753,-47.11166078137187,245.68596769522782
1771947939.0877137,71.96252345494743,-32.41522756288572,113.86940644395759,-83.7284852422666,-1.515818475542365,-18.99187858772157,-202.44550734475163,70.61856903523059,48.52783774630995,-84.69641364863088,197.71491724956883,-191.51552488226267,18.275556187546268,277.1606669758258,132.31408863055964,-21.567567910456784,-8.622840550287815,-91.75962152314338,-185.34295160924594,-378.17559278005666,250.7968371408722,48.27101041861947,18.005415639786527,33.58807753168574,131.24629937461086,-103.50566006722879,17.802174520173356,-236.45886683445008
1771947939.0916097,73.52067190320896,-35.62605929396481,135.8299627365915,-115.9321289339048,-59.018178418860515,126.55359125643996,-14.84475453146495,79.76567554672702,55.853424239728696,-72.86886707282814,174.9596034256474,-65.23079817863056,177.21241263559725,137.26522078323575,134.84962470811115,-38.21693242619024,19.67204494433145,-16.230485399309693,-61.93219616021439,-477.9557747272448,250.46695556637755,45.75622291546156,16.827469265717554,44.25707843660857,79.85283663175167,-36.38163263266505,39.60458718722675,76.17972273180972
1771947939.095506,74.92531619508676,-38.60905369565639,149.41006796784433,-123.73260338730962,-77.4410865011322,105.53465818495432,63.76692829263763,88.51804283281207,61.853205506878176,-57.87878230394254,74.14175259068375,106.29206573279104,141.22552056315362,-351.20413366872174,137.05832565222002,-54.26526259003761,47.579541639160965,65.39922533280327,110.50052734705267,28.82038874661655,-464.74335210494525,43.1404096389742,14.7720920568748,52.70659643042197,-4.644392327861456,75.70027674165466,-0.8692843712680659,84.91576568221919
1771947939.0994024,76.16274778874538,-41.32425876966975,153.22301050698417,-97.37453746203336,-37.48039564038079,-80.47383777991294,36.89264602645123,96.8189214220085,66.37906929039978,-40.50475996057112,-85.19458731177505,204.17883683628685,-1.2301125144828513,-68.87939273939821,138.93252289658125,-69.34156709649788,72.55911344548701,126.13780699602204,210.4008127070418,451.00099207859665,42.678340499470494,40.43248077996569,11.810559704601781,58.33890008704688,-96.77621484400169,145.9442205246669,-49.026696567412905,-266.0783726341732
1771947939.103299,77.21959904568361,-43.71925116778351,146.56901238524273,-37.199253757631084,36.99336190605415,-185.08478057587908,99.32449548964078,104.6147795834295,69.32467145763574,-21.607051873989445,-252.986634195902,161.66589678253587,-142.50923551508993,440.2975993133323,140.4648652732282,-83.09072293152407,92.26668949980343,145.590585912956,163.8353641104521,277.15226979694785,387.1255828096324,37.64157553217338,7.952599589893045,60.720782680989586,-165.26759415461987,109.33091642509976,-43.26319842843745,406.7354772165292
1771947939.107195,78.08294491785256,-45.73042071845104,129.52347205323488,46.03285190979197,93.12289312090275,-26.398809243711348,-394.9524470990756,111.85568538183156,70.62816461689762,-2.102494800350644,-366.13210129571473,9.89780252973337,-168.5502959718715,-168.9021700351624,141.64834123420394,-95.18243201122714,104.76631892888359,120.09881555396305,1.7420065623564724,-219.0230590142824,-140.9318138715399,34.77700657138785,3.2473434696546986,59.62118761410164,-183.71833077303418,-19.236560815342955,33.23979137672389,-252.8774469482062
1771947939.1111786,78.74040499766363,-47.285189442525265,102.9637314359721,134.00742972029002,86.3523135912017,217.47442964284352,292.7466576649934,118.49565875932667,70.2736965379642,17.063633758299638,-374.34562545604535,-145.57653170638662,5.165761552883498,-287.7929038094655,142.4763091379684,-105.31985334459219,108.70888565418385,64.57803371852424,-159.8822576673518,-397.8422893004773,-355.5709831419495,31.848204539154636,-2.2172626725856825,55.0347065198632,-141.0407192201575,-147.7024948287718,109.79452423598951,-211.22334844064858
1771947939.115075,79.18024516830613,-48.30507411815358,68.52937673056363,205.5991169251534,14.651730897256531,187.9474000106307,258.94392401701674,124.4929910015834,68.29163564920894,34.950174431622244,-263.2018755467339,-199.41037873673608,226.72779262759923,355.11845170373863,142.94253570872854,-113.24766411003215,103.46159712560159,5.032816565880493,-204.88684470797153,-65.4979094545518,250.6393843444969,28.864663187877678,-8.316580509794115,47.18844326491308,-47.27207993198239,-174.32951701668608,63.6512177458747,547.0920214453988
1771947939.118971,79.39147809404618,-48.709455353172444,28.516908110179877,241.9228602026889,-76.01054967199643,-143.3264420176003,-608.5184063525651,129.8105291736237,64.75751024612427,50.657617144258595,-63.44272401526384,-118.57505333708937,172.98470783606595,-192.67934743075605,143.0412427547274,-118.75930258612048,89.17620461282117,-34.01674090573251,-103.51355233098177,326.5301049821434,290.72667155264935,25.835885823256575,-14.89286422392169,36.53109601325169,68.38714724500294,-69.36122911656439,-111.34400339412494,-405.55326019716574
1771947939.1228676,79.3639618448717,-48.41987492547415,-14.284401953305206,230.6474736668106,-121.21491878512987,-341.62455066548176,374.1012596874596,134.41592330662323,59.7896774155743,63.370082102110025,158.6923075544708,37.87697087991048,-159.23196372665615,28.06947915940478,142.76716212480483,-121.70315533835421,66.78926018145631,-40.52015526618051,66.02176166629452,273.8363547872409,-395.39425559051597,22.77133363320664,-21.760184910329226,23.704622039340034,167.43505687811134,95.41196706308448,-207.24376145469392,2.5223321728258
1771947939.1267638,79.08849604434204,-47.3646492675096,-56.80306992306988,169.2056013834399,-83.65077414196581,-64.96130203845075,99.51321120006035,138.28183432920488,53.54576789933435,72.40002164440988,326.7936110252648,162.74414225573113,-304.4468329379847,264.482611290907,142.11559870445055,-121.9874705642711,37.953692376822296,-19.061040805656642,177.9620970960881,-147.1954514481828,-77.22429689158756,19.68037643425483,-28.710521119841268,9.500382542116936,216.35136907012856,196.93862920799245,-29.57443578211129,247.27664314405314
1771947939.1306603,78.55691501023189,-45.48356346304434,-95.92538925874345,66.62256372313658,17.373447971158377,380.30929328186494,-366.5701241835137,141.38610101794396,46.21798508454958,77.23277839680358,384.6170823282649,175.1212007962006,12.316843146414628,-488.03014008292416,141.08250107185506,-119.58380744352499,4.907065958559261,13.107195715313162,154.5708451014809,-371.4043238280661,393.65722138499075,16.572246311241233,-35.52079825692619,-5.196923469985996,199.40504211110078,155.00216377858848,263.7310954008361,-274.56548150906326
1771947939.1345563,77.76217738898451,-42.732399163805205,-128.74470177544873,-56.83881603346726,115.15213667608725,352.3408845244726,383.1880548778057,143.71186461383056,38.027369942191605,77.56725637629381,318.2236096125974,73.04600505209,351.672156487114,220.86201113705573,139.66453928116744,-114.52886665389185,-29.712459850201725,35.45351431740154,22.589197105749587,-72.00851403137884,-125.5295468814985,13.455994590128112,-41.96062305243554,-19.47307145939916,124.30637499204003,-3.326998403221803,263.6987876376759,251.6453176167953
1771947939.1384528,76.69845178569666,-39.08705173169587,-152.79844998253563,-173.27758877693563,139.77940833117526,-215.17022696207331,-290.20743976605945,145.24765020726036,29.21717798726919,73.34848889276931,160.2367962689373,-69.96547756151348,160.6972629185718,219.7781560482641,137.85918909336834,-106.92458969155749,-63.08675797359731,34.07952542762723,-112.18954165527377,367.1441379609743,-278.16364195945727,10.340452588134687,-47.80043111285336,-32.45062237916646,18.146061214681186,-161.3895736213641,-123.37293002951722,-215.57899906814322
1771947939.1423492,75.36119789348562,-34.5470060232735,-166.27211469504138,-254.17198264845743,68.03430318598745,-577.828358316107,70.81501169638555,145.98740451794993,20.045547653972896,64.78791618096842,-25.405755534368694,-158.50295339272316,-311.75469095026557,-223.81970065508347,135.66482181659407,-96.93646369401198,-92.45590317819067,7.5639140383792745,-149.90730288811574,309.60089446896376,236.14478799904867,7.2341966301046305,-52.81974680392825,-43.35216578550729,-84.28380654202445,-201.07083471376495,-422.19359125033094,51.07598966440032
1771947939.1462457,73.74724262202011,-29.1379662088782,-168.15170604643896,-279.12703762806314,-56.53419503300312,-146.45734913687144,328.486253230134,145.93049025932166,10.777669806439421,52.3677474269183,-170.96053478363248,-139.5489929605303,-320.1857329791308,100.27845436130868,133.08079875299683,-84.79002264497896,-115.35319899034582,-33.44382538694161,-72.55666096760307,-237.16711014215028,114.20056054867794,4.145517857368464,-56.815247434255205,-51.5551288560432,-154.04129017520415,-93.27191211546061,-171.3886719758965,251.6240615590836
1771947939.1501417,71.85485067013653,-22.91347274211474,-158.31080256101282,-243.0717428143775,-149.9059267178726,578.9454789547165,-603.8466657414024,145.08163781906146,1.6776926068539293,36.82683692823882,-232.01503121538366,-33.82405502830187,192.88621018754654,-359.11811774083816,130.10756908939243,-70.76559324807671,-129.8165654767892,-71.93055994803962,48.328281758859596,-520.246557321042,-228.78112452963424,1.082397316949148,-59.60832986552528,-56.63351293983134,-177.23064803073348,80.0884672695771,361.51183079078044,-455.91101920298183
1771947939.1540382,69.68378885359174,-15.955387924463798,-137.52384663790505,-158.58726672435432,-144.65330529530638,564.7895410416195,316.3301273699021,143.45085543238912,-6.999388385960851,19.126952827021647,-202.42563320768593,83.90385985042323,433.10263713523386,423.86732263113896,126.74676991141318,-55.19139255896574,-134.55780419519445,-92.28714433617768,114.73917012143511,-53.0069435308881,52.11168592881644,-1.9475133234235988,-61.051897745932955,-58.38311845600029,-156.5280998790306,189.59881229062898,442.5211010219166,332.5027246972578
1771947939.1580126,67.23538331677409,-8.373187342281447,-107.40397576080328,-51.826810299979996,-38.884051472065586,-279.26115131455225,287.7724565571324,141.05329934441278,-15.015599718531051,0.4000224039938026,-111.66411641686788,138.08382817844154,-10.33403499052893,272.1928596287048,123.00132684639121,-38.435143013239795,-129.0749195222523,-86.49758534206997,81.75164576344272,584.4405223097087,58.937661572050146,-4.936905293820308,-61.036119721609126,-56.82836843478438,-106.05498172618329,157.22206172889807,-95.79874717257152,-33.10305143893245
1771947939.1619089,64.51256859390811,-0.30205341764678867,-70.27046778633084,46.80427258733576,98.6423041596792,-818.0663616086086,-450.3220908395214,137.9091057080955,-22.157368147203513,-18.12125342079939,-7.643520601204249,101.08264624577,-466.42625087955923,-877.3292916659158,118.87555364192586,-20.894426683063916,-113.69766348945635,-56.521429456487276,-11.393258848386923,445.7387386629037,-66.02698748199941,-7.8788205262609114,-59.49295010066517,-52.21057343125646,-43.60830168609808,13.403500394553664,-526.8584169894722,-163.2446942239163
1771947939.165805,61.51992738151045,8.100174504514728,-28.95725091313321,113.68756535473037,173.5936830468096,-229.6367363939803,134.83734934790272,134.04318621825388,-28.24216827291767,-35.18527910419194,65.80382062328275,5.9026509193116,-205.37795167721737,479.8755795173035,114.37524880483059,-2.9860512124871663,-89.56233108009818,-12.700810604296196,-80.85791326037912,-383.96583920853016,109.22866699980348,-10.766653938352647,-56.399250869156965,-44.95921284695812,15.6221182533351,-130.37122010703663,-222.6658158031054,359.2387129119431
1771947939.1697016,58.263719824312915,16.657084269192268,13.42073514129722,140.19257987086934,131.70518134901465,732.9465813578672,6.487750062360074,129.48498974443126,-33.12421990278838,-49.61029885910096,86.4301088594113,-81.58886008446456,393.41975699885336,297.8940239821272,109.50778731545908,14.865258572178034,-58.518030887629926,30.551597049593102,-71.36287523458282,-754.8134019925319,-46.54918396108984,-13.594150506903366,-51.77840634304268,-35.64936653988822,61.852483475623785,-169.3265216921952,400.62395196488,-616.8432567940959
1771947939.1735978,54.75190107757623,25.178650598085696,53.722751010875456,134.26499305588962,-1.3060200988386441,708.9346230980253,75.802540188466,124.26823245201945,-36.69904243298116,-60.373263485474226,59.17928087129471,-108.37214864124026,403.3386403703826,-489.80425010648116,104.28220539611054,32.238498809360735,-22.972638721565232,60.08445852266195,0.004718052256523967,-58.88614111770448,-116.06597241238573,-16.35539758157484,-45.700378108065806,-24.949663908659936,90.47883689903118,-83.42027704639649,441.73045496303445,420.6297816807903
1771947939.1774943,50.99412592460467,33.46687099553939,89.03659460833674,114.33133068316768,-135.46053473238845,-313.67790662953615,51.8161155761669,118.43059908686679,-38.90670779483619,-66.69157153730927,9.06030866141657,-66.19548940442164,-209.0448070115283,266.54095572059504,98.70927629152493,48.72799051285192,14.30811359178223,68.65372190966532,64.27902182466647,780.8744840899917,58.51607732626206,-19.044813052761317,-38.28020607678514,-13.565899337883607,100.53106700962209,53.5796263441503,-159.6609447045921,414.5883844920963
1771947939.1813903,47.00173936776862,41.3218498212777,116.90984755592916,98.32793297628174,-178.50255038226265,-910.5764887264144,-226.0536642371422,112.01341828132198,-39.733673010573305,-68.09052077405087,-33.75675660669183,9.257731972223972,-518.7198842996941,-157.50418812677063,92.80157498435076,63.95457740371338,50.430915308963314,57.23645346760129,64.09729801550367,545.4088655621376,107.5742801122392,-21.65713012310421,-29.675017999156076,-2.185705513126491,93.33679370450207,136.68203756146858,-511.03461529718885,-963.9183468930067
1771947939.1852868,42.787752368800525,48.54808681131437,135.53812131470465,93.69890564795352,-100.70809164575164,-239.72110954359468,142.5634064502976,105.06131491813768,-39.21311698138175,-64.45005843202019,-48.68414022655394,67.15717310778714,-53.82404087393482,83.08296273156506,86.57352977448744,77.57605154958402,82.61453760424506,33.90803522881758,3.2287145865989926,-479.3692226716386,11.365830831173273,-24.187379494401792,-20.079661474741673,8.57064806953912,72.02137079553458,111.09638035845931,-92.57329051617629,509.8921956507054
1771947939.1891832,38.36680218420784,54.96072170514219,143.8945225571537,94.06674799451366,44.05380314535045,741.0964725391448,-106.70185666624911,97.62184271251436,-37.42375357242853,-56.0258051234996,-32.48025291278268,75.76755688619717,494.4551828830003,129.98622883594714,80.04145877979963,89.29646204756322,108.41820328181362,9.654443067531304,-60.05436151947872,-834.1594560054078,-174.45666233598527,-26.630869790700732,-9.721118054935639,18.189110301370356,41.545774638106884,8.659389704333966,459.0773355866498,261.445935332878
1771947939.1930797,33.755096938140596,60.39149099430902,141.7900894429391,84.43837870408996,156.40353825456498,658.1648677778248,193.2684524907647,89.74510021889337,-34.487143346305636,-43.44125533483424,2.432957666422983,39.091790732151175,319.7685899623568,-305.27921135587445,73.22358966439282,98.87399837558763,125.93913837474243,-6.724167024175682,-67.34813236402073,2.5847908844793843,2.0761608551301745,-28.98316704193165,1.148102003135775,26.287397871463018,8.455069374376157,-85.05509694332017,310.2418811400888,-474.8781958491893
1771947939.1969757,28.970344237463056,64.69416661723744,129.86135458197217,51.61186363319113,161.22262898223966,-316.6174192848305,79.8846521117617,81.48333347901172,-30.563576777153056,-27.650369285376662,36.62346083810231,-12.198676382758526,-313.19518924430093,295.30283819075254,66.14006117280415,106.12718804536719,133.9626352595687,-11.85480599641138,-12.453240465540814,817.8504289581858,147.55604167937062,-31.24007405075891,12.257354543007038,32.625812268212805,-20.32643203836466,-101.53805184642025,-312.9170186000302,326.83610859732045
1771947939.2008722,24.031663871238546,67.74927137442857,109.487868890485,-6.530630869483669,58.991642825171496,-778.1572578855131,-552.8776278582495,72.8905285543293,-25.84664949193867,-9.872263941602428,53.95373936478423,-45.25547986103462,-490.1316477874107,-146.91546681995118,58.81290527077116,110.93920446490242,132.0522428876815,-7.730047417776014,54.48819002462204,430.4109474456516,5.264994787638728,-33.39761042254377,23.325794284238,37.10353496272668,-39.46778750351104,-39.721414188284875,-471.1840175119344,-254.29829493386802
1771947939.2048342,18.95948497948897,69.46790128410325,82.64884148973633,-78.0691561201736,-77.20912758498082,-137.01941702315477,460.76806399462805,64.02199723024228,-20.556693390875257,8.497832160402202,48.51006635708671,-45.92993673882897,21.779708809913423,-56.4782657176932,51.26600890590044,113.26014442961349,120.57303040305241,0.8824845101975621,73.21014619982081,-566.4009440446789,-34.63683885330497,-35.45199396336705,34.070581870697794,39.742169311643565,-46.914114812230125,41.328420486345266,76.45693357128171,114.28346481769886
1771947939.2087307,13.775428429589374,69.79452704468424,51.73340236240195,-141.68941280142573,-155.00155080337194,619.2416559489307,125.57960849228495,54.93395919572236,-14.93326601251095,25.99498877761479,25.660219813960374,-22.805341956084035,485.62771616147336,208.84034189306334,43.52505469215793,113.10720519293234,100.64677996747545,9.466890127790666,27.466154361834594,-693.4069611014195,-143.90227030740118,-37.399624097778286,44.215097980961886,40.659596997091995,-44.199570501407294,75.8656307703856,523.2500566658458,184.70585896626378
1771947939.212627,8.502175399543546,68.70869076789297,19.322864531443738,-176.13173392219755,-126.67470546570208,442.31260000204634,-431.9509982607205,45.6831239611149,-9.22693362261191,41.20022216320755,-2.22498544437086,4.600988871430161,272.92047815067656,-245.80310193976604,35.61744019565844,110.56276618202033,74.04392579064655,15.480328249748112,-41.260240206504385,213.75538321224474,44.927292272586136,-39.237067942089446,53.49690186346744,40.03811583890306,-35.23352525328017,44.06076531180686,215.76133054417684,-352.62920353408333
1771947939.2165232,3.16332333746073,66.22555820538635,-12.0345913993796,-169.6073728672854,-18.63243142308866,-316.97019032895065,310.4416821795371,36.32627570437869,-3.6906095085794073,52.8561306706202,-22.655189794343237,21.39983084454868,-292.7850704717116,210.0803176758481,27.572175870344534,105.77045536381796,43.02252616701424,18.285918083007157,-71.84933324573286,780.6638502221992,219.41713532599118,-40.96104964043751,61.67518509815345,38.091240628585645,-24.40117721308154,-18.061739609597897,-403.12749111820403,282.8978361771913
1771947939.2204196,-2.2167693867444367,62.39533049660941,-40.03631204241982,-124.77494806978228,91.88649550964274,-547.6803755228487,-159.08661049472033,26.91986417632721,1.42927405982401,59.972903671758395,-28.99570488227691,24.560568742014215,-444.3256274755269,-106.62212543540994,19.419762004044326,98.92935091997724,10.12904381241555,17.878534031325163,-38.51482344722264,161.0953662909858,-116.78748033896174,-42.568443480755036,68.53749413981465,35.03345017258748,-15.017113364685711,-54.77479938291438,-458.18420535798845,-138.38401705874952
1771947939.224316,-7.6131486771194945,57.301561785424305,-62.80600035395573,-57.19850067238535,132.88193495803102,2.760095716946638,50.099873237794384,17.51960474988987,5.901474391631405,61.91554825762804,-22.758332911445997,19.02125791871081,-13.9506781727122,-87.56363853180959,11.192045326620693,90.28653352649516,-22.021164745154735,13.485237286328749,26.760297125801337,-710.1555877436593,-147.80115996791977,-44.05627117368867,73.90552584826696,31.056569348585725,-8.606982136853468,-38.66786196319296,114.88938154006756,-20.597538814142883
1771947939.2282124,-13.000438190242479,51.0584674802454,-79.02789654040991,11.640296873216432,85.20626065363741,487.29445911347364,141.3751506918962,8.180090623321302,9.518243146863446,58.46444015518051,-11.42238002940314,9.589344664150309,408.2184435874672,252.1952034813925,2.922056257167903,80.12826204690742,-50.96424064955307,3.166678096191096,64.03505590156563,-524.7719151881025,75.92393400006165,-45.42170355901444,77.63983609382718,26.315450333253583,-4.918060636061005,9.976123861890427,520.2270606814951,190.5389952371146
1771947939.2321086,-18.353019484131853,43.80734078628705,-88.02411551364088,63.15555090686083,-10.161719945569262,251.15794503842704,-303.1297201433628,-1.0455799459443722,12.102952656269986,49.84328394160482,-3.3826328861000006,-2.548816536140434,294.0946564874953,-253.59535659742443,-5.3561718998563865,68.77009313622949,-74.58991114864271,-14.95478825480274,40.17773579354324,457.0007331015314,129.43315830540433,-46.66206692551506,79.64334066450729,20.924282217275938,-2.4540274027799414,45.43534857409507,226.70888129689297,-283.4061368538372
1771947939.2360048,-23.645217193864163,35.712222336720764,-89.77064462692273,88.06527982169158,-86.16525883251002,-306.99140531979265,282.59193822614753,-10.106158665568158,13.516787238137658,36.7111202435819,-3.0786701509147534,-16.38319332728419,-175.6410075766771,134.53563163327848,-13.607800231159278,56.54629974770458,-91.30802305110277,-40.32792898765101,-21.03269857877295,796.1655533394297,-67.84934885233955,-47.774854052980004,79.8635295294776,14.96337876507617,0.570335597553189,37.74386992632975,-346.7169136378175,244.96819222676504
1771947939.2399013,-28.851487530172683,26.954989593002747,-84.8534360378206,87.8350342189256,-97.33470888654381,-402.89095098955454,-110.25151620744853,-18.952581931414525,13.664270058753624,20.11794994832901,-8.973095177624131,-26.35487315615911,-405.28490104951675,12.436877897670447,-21.79739619093204,43.79896344613363,-100.16571466717193,-68.05873533787893,-60.85415300666505,-16.77442114126213,-141.1554999174841,-48.75773996207838,78.29335961790675,8.494853798746155,5.112979224636735,-3.4189258424504168,-449.08042228407345,-94.61135705711541
1771947939.2437975,-33.94660831682625,17.730048425555992,-74.37161254353778,71.44743495531624,-46.924723418128536,47.29231504052334,-91.71077684704247,-27.538282825131155,12.497431399416772,1.4266162915992173,-15.126307944761919,-23.62632763146816,-136.5651087000745,-143.84105635883765,-29.889158322070262,30.867121605390505,-100.90604040956954,-89.11202875662748,-39.962216513342284,-828.1661760752935,201.0273755916276,-49.608602197521925,74.97083591001666,1.5843626588777129,10.613208574216756,-40.49484648852492,16.85118312148425,-105.35806596351618
1771947939.247694,-38.905868732598464,8.238817417770928,-59.79952335695247,49.98588166624025,22.483106111227617,406.0800269975614,210.01751955883415,-35.819478124731816,10.01846556591687,-17.7934742241108,-15.031207486327512,-4.247187868607656,282.90741113550916,198.1539088104878,-37.84715156706865,18.07634366980254,-93.96422358945561,-93.06648204785684,24.072692215298087,-486.3238268299135,-37.70369400890881,-50.32554532565547,69.97733302606936,-5.67479455012661,15.272687044101142,-42.22046396142779,432.86830782153754,235.84768775251385
1771947939.2517245,-43.70525693192004,-1.3158047190315183,-42.822811524356126,31.911480618374465,63.60538488168214,219.9214454876528,-217.08652934188586,-43.75542829403213,6.280768968616198,-35.89266585435445,-5.418512104721847,23.18157668081826,355.11449235877444,-149.22040323237903,-45.63555084872836,5.729089891582373,-80.4033327604237,-72.3072345193378,71.04339729699802,529.1255025998915,-196.26152070749208,-50.9069292313412,63.43474749492478,-13.139342750585783,17.22696483114219,-9.365155437068106,294.09437994584005,-232.48106704398765
1771947939.2556207,-48.32164375638795,-10.734805723062623,-25.16549047093108,20.764224827910013,56.86799464651811,-234.97252863324204,167.03965195599233,-51.308668691684005,1.3883001358190001,-51.27735355409101,11.817423606934733,39.59043148013288,9.19039008121138,57.47782061632982,-53.21889053748406,-5.903829202743849,-61.79655696590272,-25.84623410204553,52.596265261368984,812.215688286627,219.81258554106805,-51.35140072521798,55.50160390872287,-20.599524603641257,15.809554896013434,28.83645199512623,-191.4254428895319,149.87741281240096
1771947939.2595172,-52.73296077159338,-19.828090668057854,-8.425137304196072,15.476321548802977,18.386573483625337,-378.082012841813,-67.43398171227376,-58.4452105135199,-4.506746676726597,-62.545093970144734,30.271525248597356,28.946431106959494,-345.307817036047,31.045988042152796,-60.56231744256244,-16.590421934314218,-40.06791005929731,38.685943184898655,-21.533160998268265,0.5662206274818187,-20.55430526273136,-51.657927876068214,46.368266335400214,-27.77185730425516,12.020920899268516,41.732014402839745,-419.29649617747475,-26.624363934482314
1771947939.2634134,-56.91837086780776,-28.41902562229049,6.0682605625595665,12.443056340083553,-18.355117880350367,-55.025074681744144,-89.57240415905584,-65.13471022968051,-11.207910026250453,-68.60713938326694,41.85935842083055,-6.368267753556626,-297.59296245681986,-102.16575180523286,-67.63184497896705,-26.143098371853917,-17.306697775681485,105.67697992844872,-88.15705554579492,-772.9642954047362,-56.16486685045006,-51.825836361298414,36.25142899857896,-34.303521240202166,7.948694884037575,22.61294122114724,-135.97105511226368,-122.97825972510566
1771947939.26731,-60.858429692799305,-36.348365781650266,17.357304418446255,8.100604897055991,-29.908953490388175,325.4708007459876,204.76615050276692,-71.3506065284341,-18.47997568079676,-68.78775552149062,40.6413301398152,-42.47904555368008,101.96746665396961,118.45323186509435,-74.39460611557291,-34.42251280105415,4.426876311689051,155.13967417567468,-84.34856087949451,-490.03459097192103,-2.7320269409462656,-51.85484702659002,25.388075778922484,-39.78933227738819,5.618368023683371,-8.918025353101813,296.278203187334,209.3605905142304
1771947939.271206,-64.53523627331595,-43.4774678422557,24.917674420182827,0.8073642978370958,-17.880883195857155,313.44688924874316,-190.20890301426456,-77.0702240721607,-26.055891629373747,-62.89136581986554,25.96709817934051,-49.532521319784756,394.65250751574087,-73.41956094564664,-80.81910264704702,-41.33957560597254,23.287162739734796,168.96166796637593,-4.334359242648726,398.98802526855445,-160.86076173909683,-51.74511380049414,14.029105454463094,-43.80065327237925,5.965601817476065,-27.05725304000588,363.5506393033642,-172.60888913683866
1771947939.2751026,-67.93257130901057,-49.69071763070345,28.670569964690163,-8.73683982627505,-2.064568446440776,-68.0571234415153,98.77284050611512,-82.27484370807126,-33.64489409037005,-51.23106078547463,3.2761712293145466,-16.352481697546107,228.26194468031002,24.239043964268546,-86.8754483390553,-46.855611508980054,37.80295873685623,138.1036920309355,90.86656622172126,688.9122373566689,371.98560008122064,-51.49726110577566,2.4328192414391614,-45.92400213736629,8.337767102207506,-22.38227108972367,-0.5438815802947881,75.44311680726666
1771947939.2789989,-71.03602174312907,-54.897136113766656,28.94854694447718,-18.47165297394648,0.08306065928178481,-373.08273368504774,-8.989650780718955,-86.9497391136484,-40.94161545617899,-34.61512215131918,-18.24044422157504,35.86979360052445,-222.86501398581183,-18.24665398376687,-92.53560357937782,-50.98070901191061,46.9978870743136,67.62952945246442,121.66528954862017,73.96848033410221,-101.25885434116832,-51.11241990122081,-9.141539416223587,-45.80569167270067,10.63412539458673,-6.627295044527677,-360.3098385332967,15.58081520167281
1771947939.282895,-73.8330903151656,-59.031158305452045,26.420858584470633,-26.439018536914066,-10.501331317894973,-246.27576980435714,-62.668885799892706,-91.08418015673851,-47.635910927167494,-14.291680803938961,-30.262962470238858,65.56313262469983,-427.71754176851204,33.23558136511179,-97.77359924285719,-53.77037021591278,50.461193904723324,-23.482948333543934,56.58690221092878,-550.1749836461854,-423.613173096067,-50.592261458869196,-20.440014728819392,-43.197759821325796,10.120472790038654,2.675281065091125,-293.1691917144535,-85.27319728848887
1771947939.2867916,-76.31328891729116,-62.052609924497304,21.988275605785248,-31.586926692210017,-16.29145202790733,174.71128059756373,114.30615087385702,-94.67140352221216,-53.42311300849723,8.14483060792103,-29.850325569835608,43.16868960688073,-117.80376102637244,9.090795397527494,-102.56574748531692,-55.32062739179982,48.36364510228761,-108.52046528022439,-58.842464099394846,-391.6950106033783,491.08621595444583,-49.939027965809586,-31.219777164484935,-37.99986322505438,4.837089356734713,1.013447513595932,124.2242186690509,117.99110688131653
1771947939.290688,-78.46821474669979,-63.945935712272075,16.660067616436105,-33.482420957632996,-1.1085616409637224,406.0835769315208,-141.62937806916946,-97.70855144205086,-58.014403995031046,30.878448840234817,-21.158781358214,-20.760483070911125,354.24072517491385,-126.6638218123216,-106.89083717214854,-55.7618420944615,41.41835106393264,-162.7250211138226,-136.23833611457255,231.4722026265545,-78.82098819896568,-49.15555907839039,-41.254432248787836,-30.291808768958596,-4.919002798549117,0.005505291741677149,403.1953365689712,-112.3453037355505
1771947939.2945845,-80.29160846300647,-64.71875989204776,11.427133897598557,-31.590600411479404,31.313896157840347,165.1159402167583,130.65061174610958,-100.19657968292026,-61.14698724167738,52.01788092744062,-13.118530871844888,-77.53000531075888,405.1005656381713,198.52315411641646,-110.73031172279696,-55.2514451276429,30.791410402903324,-172.07024393389509,-114.25356280215075,458.1588336052919,-264.70086972065485,-48.245313648297795,-50.33868760199988,-20.352014395727,-16.032431501278907,11.767893092918921,206.20122863837884,84.00430155750026
1771947939.2986052,-81.77939377762407,-64.39988133172797,7.1450955591708905,-25.22588102977059,55.29722397329519,-285.5133980579486,-63.2290232096737,-102.14013626507092,-62.593738172140746,69.75229582592956,-14.125518546908442,-76.21691232126659,-50.08227882521594,-135.13681248126346,-114.0684273443861,-53.96591072188847,17.971769702951768,-137.32116418890703,-7.377927143297444,65.94454751621184,313.63350378649363,-47.212385940193165,-58.29229470347551,-8.658374827616804,-23.76086790998864,30.986005541702482,-248.67656954838313,-38.04044747117853
1771947939.3025017,-82.92969808745796,-63.03682205824989,4.43956965077809,-14.595488428697301,42.332611506892505,-415.3852925587895,-29.953571973675327,-103.54741266009464,-62.172024680978026,82.5037937807799,-26.55444307992559,-7.882761379152709,-450.296072206536,8.03992813905186,-116.8923898819158,-52.092283523816484,4.613261310278396,-72.14856808874615,105.46301531221667,-344.75505625880953,-214.90263565968095,-46.061515733492655,-64.96321012634164,4.130349104607394,-24.447302152920432,35.015574012671706,-421.5224814127341,-13.268033004399761
1771947939.3063982,-83.7428539336195,-60.6930577638082,3.6430395242489344,-2.1188997774353497,-12.037081206154538,-49.158215172301155,104.73292485333872,-104.42996942843645,-59.75140349803237,89.06365449391062,-44.09758658852042,79.48042712352735,-282.8457160026095,123.42896447427775,-119.19246877093795,-49.81959022450217,-7.63588899870811,3.107288222475208,142.27160166914607,-243.4548322280432,71.34924363773993,-44.79809175924035,-70.22994820874405,17.21255112835965,-18.218970640721228,5.628405460033845,-86.13651152553453,68.33040359354749
1771947939.3102944,-84.22138125923864,-57.445063633221146,4.769028417627524,7.418387482957327,-76.29536974680727,392.75684376725695,-164.14680846721225,-104.80253844436338,-55.25992480623943,88.70058452944271,-53.6364230832758,113.33924041241852,238.80855059017395,-256.362650038205,-120.96208683161912,-47.33046820764214,-17.29988195288974,68.80949318116863,79.56060647191077,165.46469717135903,90.98681600953212,-43.42814801051791,-74.00312333086272,29.699079066931027,-9.722486134328971,-46.70170058314045,371.1043401566677,-140.85607607448648
1771947939.3141909,-84.3699506741271,-53.379308586674384,7.525077753618919,8.69247428590229,-100.18640104686075,371.80733182519356,190.24013320187743,-104.68280405186125,-48.68881233391863,81.23132992093902,-41.3087161082777,55.614628928355444,436.7068282102288,279.567386877138,-122.19788490575101,-44.793331849262636,-23.222857816707453,111.43641992005267,-33.502345423140966,308.11532982238595,-216.50165532591694,-41.95835260151998,-76.22620471839785,40.68171266278999,-5.9483583025911475,-81.83645905760854,388.75143711452836,184.30560494750333
1771947939.318087,-84.19532817441669,-48.58932529807765,11.36178139955518,-0.9540191622826971,-52.86565093928702,-104.42460073894077,-130.44727581967499,-104.09116568698497,-40.09532927679554,67.04702989923466,-0.42825590163173166,-59.06653550440409,67.02868467495838,-116.78140778078038,-122.89976060805638,-42.355373487962204,-24.683440700015666,125.45048522997605,-116.13266842675964,21.67464371363857,242.6655657306482,-40.39598900633892,-76.87552850781918,49.309064831672174,-12.013269970500316,-59.89806321504128,-75.62714356837407,-130.89400319229622
1771947939.3219836,-83.70630196730421,-43.172971493103645,15.551282502602087,-18.673898388140493,46.176965009694044,-459.51913130070204,-9.969265667487628,-103.05048464241436,-29.60368965661124,47.09232721839653,62.41656322678169,-142.17631484047692,-355.7189442718181,-92.6821421221257,-123.07088071493055,-40.13666098586598,-21.465830699830974,112.06841966219531,-116.54118801529192,-282.23371957999603,-142.25346184514632,-38.748929637336204,-75.95962899946525,54.86301061848301,-27.157659330522492,19.745558891884595,-457.3408490464935,-1.7211144389834536
1771947939.3258798,-82.91359221016049,-37.229980633557595,19.28559288406546,-35.50882237396426,131.38063843251743,-250.29019963503598,180.30430177170533,-101.58581771566256,-17.40392841349601,22.798219796787894,126.7360385379802,-119.03252639073517,-272.5124055639425,256.106841341178,-122.71766693524111,-38.225548345937334,-13.881045930844673,76.81475349062059,-44.700938737756346,-196.42616831466026,-31.04344350702661,-37.02560181603262,-73.51796304053906,56.82826574131829,-43.33348924260276,106.06851221840307,-273.0941187385258,161.2333279932841
1771947939.3297763,-81.82974462773664,-30.85987896752901,21.783141299487596,-39.00646411782029,134.40034546383976,263.18531012034873,-307.41368805892387,-99.7241405065173,-3.7487011358913547,-4.026407875741015,164.70729623705773,6.036269091198192,155.84461237629432,-413.620163290388,-121.84975502216602,-36.67556240034505,-2.7365419654476666,27.756968595198042,43.628129451025586,157.9879734456897,163.9181540885108,-35.23494628366542,-69.61910910991932,54.9479864349747,-47.65328018948451,128.55611325124698,251.0014003515223,-287.0515429152492
1771947939.3336723,-80.46900915071019,-24.160322825095584,22.3912742025109,-18.650815702044113,38.182656091893534,434.1773938868024,278.11553631701133,-97.49406315924497,11.051954496269673,-31.33605002952873,153.1485627665097,143.0321212026968,309.83507259479205,405.10596131991105,-120.47992742396085,-35.503869989110875,10.742806774250173,-25.03558246730412,92.59288848584778,309.5307030563111,-194.2209356397064,-33.38636852702374,-64.35852684049537,49.25924555036774,-28.25248795574259,54.22442119060549,449.01008657598396,266.17474910198695
1771947939.337569,-78.8472049026858,-17.225885613749224,20.673073225236983,27.789820396425647,-100.5665162022749,60.15151432162282,-84.11861174266829,-94.92554138008987,26.637800409694087,-57.01122035299784,85.67620610518006,180.89752931207698,9.343763104708158,-10.410566995704139,-118.62401993298363,-34.69136854649043,25.034912337143616,-69.90246791717824,82.85819516528781,53.3430182314311,136.13293412449093,-31.48968334087192,-57.85596332781128,40.10389065251335,18.605717203754697,-76.4667381453653,77.1561207778616,-85.63212409643752
1771947939.3414657,-76.98157300133055,-10.147298231425241,16.468736645834333,89.99737545368454,-184.04189103361315,-357.8772269894983,-128.13618704593705,-92.04958555011696,42.607365845641034,-79.0290917456849,-21.284476642652447,77.16495534853611,-258.49223322233576,-535.1508228845197,-116.30080304089046,-34.184380152153466,38.47063640750754,-95.4647397134005,34.2008065838173,-284.0860765828565,-43.92887440368708,-29.555053161339615,-50.252588947980044,28.112476258272064,83.53668379638566,-169.9169700326158,-365.3610162747101,-107.7105533063565
1771947939.34563,-74.8906187130375,-3.011120345976096,9.924683634230902,145.9386523184825,-143.24959270008884,-287.61832363420706,303.31066208493405,-88.89797066148819,58.52848572994934,-95.6279252159823,-132.56828287334773,-99.64328358914999,-94.6690974651694,720.4204952832459,-113.53183892067693,-33.89786676009574,49.39992859684457,-94.36778664284017,-19.33410463032608,-263.930780084611,-9.9978841271551,-27.592920762823756,-41.707937692038364,14.161486852851723,144.45389971029718,-147.54481463560367,-308.0441947009521,271.72627052503185
1771947939.3495264,-72.59394454426717,4.100204734363735,1.4871522850886847,169.07807104102812,5.406050461703919,132.39718762249086,-457.1547016468745,-85.50294965980508,73.95014105999367,-105.4514605556853,-207.48044759736092,-214.85332209653933,217.2003434848796,-374.9946167605447,-110.3413151533731,-33.72002534235861,56.35846340254867,-67.32120056746591,-54.92826848859199,97.56643753190549,42.93723746192738,-25.613936947931418,-32.396716850531675,-0.6933197063032097,173.8102691846396,-11.334240186085655,130.28778085430102,-440.496175758878
1771947939.3534229,-70.11207591350308,11.10797976855098,-8.139023365402018,139.97872736730162,163.16599879701354,317.50531937114704,391.21571187411513,-81.89697263972892,88.41528455057725,-107.66103324306692,-216.52963869689128,-170.8681018399589,166.85010136832258,-237.15820027993547,-106.75585653654005,-33.51806919319952,58.21918912605767,-24.708279025333827,-66.97961818182435,343.04933087446284,-155.07115528104563,-23.6288839243689,-22.505540311273712,-15.302187258495078,150.62031499180912,147.81030181130853,337.52171921422956,403.61057312709715
1771947939.3573194,-67.46628112425711,17.93665212645689,-18.061972984157645,57.140526346372816,215.66602726403354,58.07376532956841,64.40278920874313,-78.11241425014424,101.47429279039117,-102.00586199699713,-154.13876273921403,10.857386542939135,-181.35051194512744,685.2568722132255,-102.80431656019202,-33.144957747178836,54.31448425349458,16.242477837218495,-56.62408101036696,158.11136701859866,272.507296036722,-21.648595154473036,-12.229629661027788,-28.5179954326688,71.90852116270244,212.0452554619927,71.4134485729206,39.55842447656771
1771947939.3612156,-64.6783874002584,24.51307713280563,-27.296909425048366,-58.87520005756642,117.56350792768846,-226.14298264547446,-600.5563149749264,-74.18131160761837,112.69865230163154,-88.84548889015079,-41.581661997148416,197.6701719468888,-275.25484789735646,-620.7271458999865,-98.51755037679757,-32.44680271381268,44.51718745914831,38.44898326679022,-23.350658067721405,-225.23909930975748,-176.5080065875179,-19.683872528871206,-1.7695172818268587,-39.29563508450158,-42.637164048893844,125.7148981776323,-238.35620843743905,-585.8104400041544
1771947939.365112,-61.77059471016752,30.765749812515143,-34.87258263795403,-171.29034725450708,-68.77894319801351,-132.25516222679192,724.9124451432463,-70.13511496395293,121.69446353347844,-69.12243312301365,81.09369854593825,243.6108699122469,70.01914129562988,117.88116702022683,-93.92817128436786,-31.270653394716767,29.272410946718274,33.34254438564191,29.28695103330776,-325.33495209397313,-92.18864553717164,-17.74540171311207,8.672224516541647,-46.78494041089925,-156.27890549854973,-57.12609168987499,-152.5106649278656,723.3544830358164
1771947939.3690083,-58.76528902689232,36.62411118709986,-39.9384951619538,-241.15545938165025,-213.38086645922638,147.64332505662315,-339.6337170123987,-66.0044532949148,128.11533614936468,-44.28737208115488,170.47206999561038,104.35194514840269,357.19688543354846,325.45638893337383,-89.07029288448864,-29.47234959670057,9.5764459423715,6.476120890742315,81.86359419289337,-21.25526204432741,253.27517687204295,-15.843666469245683,18.894213294561773,-50.40830523753775,-229.40649637251553,-207.09824081291558,146.9108036581311,-341.93895659922447
1771947939.3729048,-55.68485660218086,42.01803101139229,-41.861206789300404,-243.34175767970663,-211.5108980999385,156.01304659774377,-269.7097240081837,-61.81891684093842,131.67425283898442,-16.183204170163172,195.88695381660372,-122.0483067499185,137.78218154280054,-412.526123583062,-83.9792592050772,-26.92412791320674,-13.096167817629999,-23.17529211215245,100.37140271414728,302.245837061945,-229.367648834629,-13.988862730319182,28.699435878587934,-49.9153109906223,-235.91944129973,-213.55550803193051,174.0307939906655,-267.71731551975745
1771947939.3768013,-52.55150083042133,46.87755702660258,-40.29921339405872,-176.9322640943841,-61.47106012051086,-116.40470488501497,704.1108109497064,-57.606858406823555,132.1539985622946,13.102186248736569,149.93485290649141,-265.05876528021884,-300.49969915154594,315.2252608199793,-78.69136520984956,-23.521676861134164,-36.91163338012582,-31.264837538529836,58.806535937772935,243.62775187606184,157.94252019021062,-12.19081324499983,37.89836912946875,-45.40869467025175,-174.05409537917126,-68.1865516710602,-105.00430918661326,698.2137532186348
1771947939.3806975,-49.387063316684525,51.133002289159215,-35.24816572733698,-65.14058461987166,131.79632158483602,-219.87937091182943,-636.1501985585826,-53.39521491142955,129.41578764082718,41.40205427287224,50.11151710693551,-211.8195044762047,-335.08340516892906,-175.42069390399092,-73.2435702287755,-19.19035751305928,-59.83194375768493,-0.858799864591854,-32.48505879990943,-117.32249383333553,-73.60641998410296,-10.458883701263685,46.312030650815906,-37.33860480006067,-66.57192991090047,126.34933031308792,-228.53574438749106,-624.2026018420906
1771947939.3845942,-46.21285081994121,54.71541871945957,-27.051341345626856,54.9237486322366,231.80283303356546,48.48558687732414,128.77358371611234,-49.209350317016636,123.4057706178987,66.64190672015935,-67.8957195877317,3.0542808507531793,87.47280730913324,-57.38206438408395,-67.67320690469019,-13.890337351929643,-79.79259869440679,65.90074475070276,-120.80350901123191,-323.5250549100691,-71.40635578461838,-8.801901347710617,53.774941673254375,-26.46507608919832,49.48837493455026,230.95721430398572,34.233999519364396,118.73792874302559
1771947939.3884904,-43.049469777972796,57.55747884250509,-16.373949931516403,147.4158428408409,169.41783359702058,301.719192751832,330.5191821321383,-45.07292073270375,114.15916335917395,87.00140274854934,-162.14865762669515,220.06902431806114,379.7742772781336,265.8097998961535,-62.01768826953048,-7.620425169365967,-94.88738147685632,143.9532140752163,-141.4666470022528,-111.67028089394549,238.50521461254573,-7.228077223021472,60.137976384698334,-13.791700204911383,138.23623839905278,172.29123586291263,300.84463489570584,329.6290409911887
1771947939.3924985,-39.91667010231497,59.59476098827636,-4.143642686371682,190.587308372808,-7.801071555587923,125.46119789310528,-430.71107559578087,-41.007762203784836,101.80181015366624,101.0537614983842,-197.83785240731777,275.0906948661987,159.1146677353297,-276.8015440694947,-56.31421558012676,-0.4204434082367442,-103.54373691269899,193.1867363985309,-67.09618355961459,248.12207192089522,-348.21113105524756,-5.744933145655573,65.2710639163761,-0.4762710779147897,178.1094987424264,-4.321236586474733,135.89897238425817,-421.94437222606535
1771947939.396395,-36.83319982994877,60.76740807145335,8.536891107170579,181.88316602966333,-172.10674759880123,-278.1607637195564,339.33835194845,-37.033801428508845,86.54906952498688,107.87144148914594,-158.70240200056116,125.24891118248341,-240.2479286907076,184.35724909900264,-50.599489579494964,7.627969898462684,-104.67290838820189,176.18384949544313,63.095007568232035,279.27892322446274,318.91861264257557,-4.359234577734991,69.06570248092018,12.273547450931831,167.17387984302246,-170.39013351645102,-272.57823354825183,330.9982329652698
1771947939.4002912,-33.81667202616428,61.02210786128729,20.49648310774374,134.4142998901892,-209.66643240785672,-338.4091701095081,-218.68662254566078,-33.168989338366394,68.70199488080843,107.0898517806683,-53.53193721040222,-117.35845093519998,-285.5258218033803,-86.98500280917766,-44.90942787719666,16.402177279346112,-97.78102898333577,78.20977265073496,162.7152258470814,-77.90157268036998,-45.0191550340971,-3.076930350405748,71.43724061965676,23.309975241785196,119.47990917410682,-210.01962211477655,-343.60636314087935,-211.71915562084018
1771947939.4041877,-30.88344509060648,60.31432343008091,30.61048661254859,68.32910503524367,-101.58555573079474,71.73456412694497,-9.902879043657551,-29.42925714425915,48.640869231744546,98.92452831723608,84.72820629820151,-270.9064583228313,24.64492295932882,-104.68151278872341,-39.278891111348436,25.740962638617614,-83.03064298173257,-80.64503050430423,157.9149401532645,-345.5117153518997,-434.5479629896155,-1.9031000608377715,72.32687772658805,31.650131775335243,55.99753181289077,-103.0329430860882,65.6352634832029,-14.903852054314923
1771947939.4080842,-28.048517391844285,58.610685515108635,37.91264242384177,2.3392401113614785,67.25850509783763,422.3782120366878,295.5328257520051,-25.828494143356433,26.816239908296904,84.14122373840985,208.3330969814877,-222.2522791900114,242.5332033289155,299.0836467804796,-33.74142044759336,35.448483943600365,-61.24637803797287,-248.5116130092774,44.34826262879978,-126.55082459389439,733.1983924931791,-0.8419097881333385,71.70333382927625,36.56651082775435,-4.41864245346978,65.6125829219775,424.093898836582,291.6384413346239
1771947939.4119806,-25.325436970819613,55.89144395959744,41.69253542365524,-50.90934484262363,175.0347575245424,234.09836181634265,-397.15990695242374,-22.37854633578927,3.7376817790824366,63.98235476008396,270.7726758351038,-11.65649937717288,127.66390587893407,-221.94196227659592,-28.328988822740538,45.299628754090904,-33.86333466882146,-360.41351889443627,-104.00878900413561,306.31346055035164,-384.45767999598655,0.1034233466449201,69.56413674814294,37.654389634323536,-50.02834782033887,173.58805463699125,239.64231861193974,-386.05272252158795
1771947939.4158769,-22.726226873666132,52.1528647081635,41.5687982317091,-85.15294008154544,152.62576290318512,-267.0223444281913,239.739962696173,-19.089234695058895,-20.039406363764584,40.056882829827764,244.34772408785315,200.5731947931175,-101.73034301258997,-46.797825941335915,-23.071768204155433,55.04659131735516,-2.8217936460621944,-365.29261837398076,-184.8164100582433,325.17092620194046,-438.19682386451115,0.9306573682928989,65.93647442201646,34.869739696247,-76.4414291656321,151.81432319998478,-266.05690317168114,236.72206400817936
1771947939.419773,-20.261326454502623,47.4094535752827,37.530632157793455,-98.52719501225423,29.02911689866458,-439.62648665313304,11.28093424025324,-15.968391722364514,-43.92859933128874,14.203666388626509,132.27399418184905,257.8556925762887,-156.64703904192257,123.84821362932445,-17.997915029253164,64.42644323263838,29.58337992738188,-249.46970027637536,-141.02921849429842,-153.07775542300206,807.2121966544421,1.6385421335446981,60.87756276797296,28.533922407822363,-84.05500122018216,29.639011407450496,-444.0839039461534,2.4519826873603523
1771947939.4236698,-17.939548737741802,41.69588826749662,29.943362229963977,-91.72126894419542,-97.9851991928908,-62.473783751538804,-166.19877264866537,-13.021914673451331,-67.3284057096194,-11.659631316461773,-30.48283506626817,124.79573031211298,-34.7155068407247,26.226478273718183,-13.133375900046236,73.16943062419452,60.88616769856236,-45.44910794541128,-3.0925839890584244,-461.71430304149254,-242.87371497236683,2.226826458778776,54.474484975529634,19.304537048599688,-75.3438915465013,-95.51685138417211,-66.54307652636957,-164.61909988920718
1771947939.4275663,-15.768053703419833,35.06854469627703,19.51729519491969,-67.48443889459674,-139.00069869144144,389.857194294872,175.03584887564003,-10.25383360282574,-89.63891380240813,-35.68903928198434,-189.12451918340102,-91.0891477861957,86.78882004893542,-61.76199548664464,-8.501715515800885,81.00770144259478,88.65017510917565,178.83126364823863,132.8023641071376,-106.2843362950322,-391.94237280566443,2.69625580540729,46.84346541905641,8.1149419598432,-53.60905323750746,-135.65309006540602,390.5637450852825,192.26194948006685
1771947939.4314628,-13.752337198699673,27.606511477535182,7.242747595428287,-31.145111580258224,-77.11973208566853,360.4089944650013,-146.15649217987527,-7.666392168978109,-110.2786165165001,-56.25535307539991,-289.54795829307767,-226.54056109123135,105.82096738945486,-104.97565943433685,-4.123968710232145,87.68414875269718,110.6696007396062,346.3462009694345,174.40030271561824,452.28832961754006,181.36931316775653,3.048560751124738,38.1285494942558,-3.9121108489974294,-23.21663359859661,-75.28388758977307,365.5722567156286,-162.8507629327324
1771947939.435359,-11.896235068183076,19.41199793590262,-5.702593156243337,9.066193173623168,27.553723957367136,-102.16724222239453,156.7867540322253,-5.2601390265165096,-128.70089636081912,-72.06230846175022,-299.1307132952131,-187.76314195853308,31.134182060978798,193.86113842499716,-0.018518289529357527,92.96105115974711,125.15310420916929,401.59664568685713,98.66327258154043,394.181979451701,275.5018684178225,3.2864365425346613,28.499670042501204,-15.568871599973516,9.72011649974529,25.7446450385286,-96.59432048684698,148.1368456149552
1771947939.4393518,-10.201941985616822,10.61005687323188,-18.06512634460304,43.02576025079773,91.47815188128561,-430.5967414781573,-103.79265906865761,-3.034027624881796,-144.40965896636203,-82.23272534602116,-218.88407225824076,-16.508037018281914,-86.50436601212733,-86.94587114791331,3.7989998985999147,96.62820108001767,130.8746923989499,331.9828637107879,-35.409428283898194,-247.40842961285944,14.710095577631565,3.413514095973153,18.15009276172875,-25.675466638499884,37.49950975040827,86.30665967933426,-430.88967626687537,-74.32937795950411
1771947939.4432485,-8.670044334430234,1.3475640644039908,-28.634939831617487,61.407615557070955,73.73223240073432,-241.25904736799356,-76.3992728434852,-0.9855223420013951,-156.97362992741407,-86.35660550284366,-81.73724949129766,150.28078972727877,-143.29928238029504,-26.4899352216914,7.315763640938913,98.51023589311819,127.27859317481986,170.76217538024406,-133.53277617140472,-569.6701547802518,-565.5463168912896,3.4343229123199444,7.293247567404827,-33.190873374565776,52.57208550809314,68.462462178293,-250.31965450149147,-100.15208670146944
1771947939.4471445,-7.299566347844155,-8.208579190822475,-36.36208797648365,59.26423365279126,2.747217468700997,225.76462089678452,223.9339472885275,0.8892909216592108,-166.0388737229223,-84.4987323941015,62.063253106040115,190.35843593940228,-30.466401675353612,54.762055649251856,10.52180228557483,98.47292445287135,114.52910623630979,-18.859949656430803,-134.74470274419903,-93.48858795738333,350.2018985792431,3.354246472472137,-3.841030590254967,-37.31174750830344,50.50733184350119,1.5849849873692199,215.98461979111818,224.6176531320457
1771947939.451041,-6.088028616816037,-17.87402765683741,-40.45839012026213,38.716659203385746,-54.04840228731193,418.25296441541707,-202.25682834287784,2.5955913218704065,-171.33915229775565,-77.16698652214991,165.66559158365686,87.1592823658864,177.3789779664999,-106.94876417522268,13.41000596941451,96.42820755659852,93.50122240943564,-170.46315446525284,-50.29147211891104,519.6248123727377,307.34000786688495,3.179470746122274,-15.010810665261502,-37.54992958312773,32.66114302740035,-49.32960206345452,421.7756959274225,-182.0393362037479
1771947939.4549377,-5.031518003815222,-27.4503372902792,-40.474976369512156,8.848052828735254,-49.45726046589172,120.26753011677548,91.94375472219508,4.139708216809983,-172.70381127173187,-65.24600174966214,203.14876917867971,-66.75403392237578,205.76995151729875,183.6047316531115,15.976106646585087,92.33784104526433,65.71292708046128,-239.92464147308308,52.690992777999035,410.6513142816829,-458.75704094682976,2.91692648016326,-25.966865805541566,-33.78138283838247,6.58533113916937,-41.47335121529409,137.60788348378276,63.749953800633214
1771947939.458834,-4.12476792713283,-36.72902428187984,-36.34811517940849,-17.909485686440075,5.1177984611914615,-314.7204723475708,-9.651651482293001,5.529006077934238,-170.06296027743923,-49.90363064369249,176.57381622610822,-150.20103098953786,-65.8434885586306,-153.32978511447882,18.218631773151312,86.21554195091373,33.205087317872994,-219.46312997850308,104.93374792090984,-252.65645265608325,168.86721336664246,2.5742259720655905,-36.4578882954476,-26.26190636562621,-16.84402778762945,10.758212870672066,-304.0942344703857,9.803600049971722
1771947939.4627304,-3.3612478885441655,-45.49625879188815,-28.408863880257627,-31.532127087805616,52.89465650172792,-380.52340892910956,-42.18294358563796,6.771770219636193,-163.44979765435954,-32.479715656047226,110.60316988171643,-109.11463362371961,-327.68287602507513,11.323101932319505,20.13883182979288,78.12759092223781,-1.620764184554816,-135.79556864072543,82.72901180862091,-544.5857184946663,-28.765645857317296,2.159595096933375,-46.23602368427765,-15.607987216779557,-28.59706069309834,51.64166317690725,-394.1652409412624,-41.97369041143264
1771947939.466627,-2.7332610377515003,-53.53808580758858,-17.355505902443785,-29.327650315849294,43.91745142364131,0.9581965903430902,103.38827716411002,7.877094285682058,-153.00001658939,-14.367728902012994,38.606961271490974,8.404223875017427,-176.62048069103588,128.84664817498566,21.74058317910233,68.1918964758701,-36.192968286531155,-34.8181762943078,15.963433876395104,-97.5072412553619,13.233604583266782,1.6818014154196534,-55.0626108085518,-2.7443322535604824,-26.21234446116372,35.96561208631448,-23.328488179311908,87.84805052074321
1771947939.470523,-2.2320485429546317,-60.646040522199065,-4.191258568137051,-17.154879661289105,-18.772593329874848,384.8804174050267,-167.81050379552886,8.854770293234628,-138.94831822769146,3.100100058960969,-12.477507538758006,100.35584723143265,270.69119135827236,-206.4803869981722,23.030268014718615,56.575575638175195,-67.97259467585589,39.6131928184158,-43.027623610813066,440.2930441095952,146.47290057987271,1.1500791989442396,-62.71399933436366,11.177327144754873,-15.180423562030208,-28.174002709817287,382.4555540961028,-147.20713668602656
1771947939.4744196,-1.8478995719742253,-66.62300499061554,9.866980089299936,-6.014482419658313,-79.13410063165531,313.0978105945221,178.41339912545564,9.71518185336074,-121.62214513613915,18.754454472428836,-31.825170055849856,97.31089621541541,415.9723127102532,213.91118951221958,24.016633343024072,43.491149206186435,-94.65179236258423,63.46160722042007,-60.22918853165134,360.4577229205405,-288.36161507202473,0.5740521613942976,-68.98730498325914,24.880915240460553,-5.859860755398507,-83.26514549831597,339.51177843177663,156.94543223790086
1771947939.478316,-1.5702657408453244,-71.28913641563757,23.50034522753973,-5.673117154909224,-75.86691369654945,-136.82936929933948,-103.07382078821117,10.469200988090817,-101.43283246896321,31.669425216938347,-25.781845753492647,14.764618944176496,-12.34033090527275,-151.07420745455937,24.710631081312798,29.19148781775487,-114.33144834192548,39.68661339854892,-38.58432649917606,-170.23741009720575,178.4775683643508,-0.03634537756287533,-73.70595443839915,37.08093944558269,-7.3699799792120295,-71.47503812963596,-114.87812512399296,-88.41516345806114
1771947939.4822123,-1.387878914213002,-74.48768498787443,35.409763984503876,-18.630528768621577,1.5055865447224217,-421.9883931734621,-21.881630275849513,11.128088798611923,-78.8644505698621,41.216236543596,-11.372223362566737,-68.09964423200685,-480.78159745069286,8.01278114510169,25.12524150746325,13.963677502010006,-125.6639540396962,-7.172552876320563,-5.347413047148791,-428.9273223199024,39.418734851282146,-0.6709482092562524,-76.72486657027275,46.59927842087437,-21.676689166911935,11.635980896142767,-435.33017411853524,-15.051597666950212
1771947939.4861937,-1.288871246982562,-76.0905114557044,44.436420401258495,-37.61674804501097,96.84442987129312,-188.786220225477,165.16640979689183,11.703400123221835,-54.460678938028096,47.0873754147447,-6.201076054014573,-80.06273959971968,-317.87956174330856,222.77382755824496,25.27528245513144,-1.8780002742938116,-127.95001741257218,-45.241645964115385,15.101080380217171,-124.65210268087841,-111.62504890636076,-1.3194401537879712,-77.93511457871644,52.47324753071,-41.10741777722536,105.72440931959422,-221.33175936739255,136.60847467887706
1771947939.49009,-1.2608963810504608,-76.003113053962,49.66973194243453,-48.18471565461674,128.87327275183355,271.7826448161692,-287.3683429268979,12.206892221828852,-28.810106451274184,49.29116406657628,-19.463621672093524,-17.11857831719799,304.0419579494259,-397.8982138036627,25.177206768483714,-17.99976033967144,-121.1824616855875,-51.03545808915138,18.21916235810464,299.4720457115975,60.82314610055234,-1.9714335220618675,-77.26791633849292,54.04512654290347,-50.96518216747392,130.28180542848045,263.7326864284767,-257.8136391419044
1771947939.4939866,-1.2912507818970558,-74.16897207495191,50.53283006455312,-35.69293714019537,58.955095080873434,377.9019024643901,268.46390462925024,12.650437394647035,-2.5303959510143934,48.1195006059493,-47.774263969874305,59.04356770683647,529.0820773773784,293.177420619109,24.848890572544615,-34.056453541241396,-106.03446523536853,-19.49548498093444,14.833862803770861,313.3478949905568,-80.32005538919886,-2.6165475308980164,-74.6978087012703,51.02499221269137,-36.595209721483116,51.91226312780491,405.5674293295711,256.7865824755741
1771947939.4978828,-1.3669942939262982,-70.57305380691889,46.83765336169641,6.134196323211904,-70.56348084881705,7.701566683059907,-76.84531057220245,13.045939295103668,23.748218591301335,44.09375418479888,-77.34995324899815,78.17738376108765,18.62683510206278,-6.066321883016941,24.309414889261816,-49.69992877621601,-83.79432391627337,35.37764162211984,14.505348895398546,-52.09921382108803,172.39655617729892,-3.2444851683868827,-70.24487541906306,43.521097902758775,7.9402173315242806,-81.10766365399724,33.409485244069614,-85.96690527297358
1771947939.5017793,-1.4750690627202476,-65.24429858712247,38.80461066136836,69.13655711826931,-162.5182837523503,-340.8081613875908,-127.17732926063505,13.405252585007451,49.39961909129479,37.895459242104444,-91.34820211330576,22.94985318070909,-517.4970976667483,-177.24943632701,23.578843079974337,-64.58739634112116,-56.25315514762961,88.41088648822122,14.957701670269488,-323.09892269343555,-138.50660790748307,-3.8451080691872117,-63.97591655126309,32.034972302244334,73.74693702838137,-169.26060166921113,-351.53052759004146,-106.44537626580853
1771947939.5056758,-1.6024160018311826,-58.25697571872387,27.045082898724527,130.89025975503367,-139.1914027519126,-221.19237184627423,271.2303232084072,13.740105539602453,73.81819249221071,30.289391746577465,-78.74809831283113,-57.483633581742716,-314.76292103344264,340.95711794299956,22.67799655175174,-78.38958145691787,-25.555649300386147,115.29154074039711,7.04590010779606,-191.6077541166985,-54.65257710443988,-4.408508978519396,-56.004469124134104,17.421603628443528,137.3995707501004,-137.6690825947149,-252.20621908331566,253.48087452580015
1771947939.5095725,-1.7360880075984229,-49.730795427669484,12.508485521576995,162.51753509270534,-7.100265200586016,164.59277974306903,-415.8368032353277,14.062025213785045,96.43445641811267,22.04677791553468,-40.29203359549877,-91.35301097314768,326.54885447132943,-583.4835574994592,21.628231114919526,-90.79847130937861,5.9732801901339805,103.23135158757812,-11.735427852387026,157.80242483030338,195.28343465139514,-4.925081394543079,-46.48961497113401,0.8182344622479536,169.08540617280045,1.273943895674731,156.06739246397873,-406.84479628596165
1771947939.5134687,-1.863359190372084,-39.82970928138285,-3.601125691424904,141.68490325286743,141.30445048422348,273.9912779295348,402.6737396761717,14.382264771086742,116.72948536411509,13.875802506468748,11.54529756626388,-46.50948511777371,471.01346707965865,408.469505362082,20.451216293012173,-101.53447785515633,36.01148694956375,55.919312295808844,-30.435342807339357,310.3169494397181,-169.0485576068628,-5.3855860261762745,-35.63354267540121,-16.45188256627974,146.04629983157923,150.47704236863675,297.5550700192224,394.30057594098
1771947939.5173652,-1.9718294879386693,-28.759368555043526,-19.931156967800963,64.89516590276588,194.44610255844168,-5.066428402445643,2.808841997992151,14.711732541618733,134.24774285672848,6.365348076251258,58.416963514037505,41.99561282146115,-73.63966844427753,414.3045459785892,19.16871976533481,-110.35286105554484,62.41738539437768,-8.86934254844027,-32.59656766310117,98.11402628923679,80.21188117004712,-5.7812137823694085,-23.677865559561322,-32.99218486051014,65.21205130547291,198.18142295943534,16.152821570655558,7.822803654602145
1771947939.5212617,-2.0495241058517673,-16.763251653702895,-35.09951519456313,-47.54850802653108,107.31028849098197,-226.7578360123555,-570.1137614909974,15.060922365491775,148.60797795533927,-0.05382435006837219,84.59680717652144,101.28810919058341,-482.83214187794044,-988.1946858312397,17.802398998310537,-117.04928147132684,83.38856522697576,-67.45836091522628,-11.987293696805342,-232.3393053178504,-23.08618078520426,-6.103645067300783,-10.898734605618559,-47.451925779888526,-51.825126246919694,103.54020356290437,-236.1195895537259,-551.0319548403512
1771947939.5251582,-2.08498725646367,-4.117513901652073,-47.815707210983895,-157.51852476373605,-60.93962589438603,-70.48346467767676,758.0853102608237,15.4398448438637,159.51190830754393,-5.128244458203024,83.7683810988084,81.3059428420445,-157.36014601009234,547.8669649439253,16.373602011334192,-121.46437608403255,97.58921684861016,-100.27187968955023,19.196844361537895,-301.00373544536757,-16.897487190413365,-6.34510515819647,2.399177822401911,-58.6411610257716,-165.2040926465177,-68.97652151332827,-94.7063271208752,717.8765843461413
1771947939.5290546,-2.0673696709823504,8.875344832400078,-56.99303929296965,-224.15891284469856,-188.63802461890614,189.3054535896781,-375.7512092235984,15.857959243796968,166.75048419808246,-8.781116916791692,60.966105855318915,-4.021212025313779,393.68851907553614,268.519935061193,14.903179099094737,-123.48727672618617,104.23724330948566,-99.10837175492011,38.536347552450266,-13.245170191097507,76.1962457120359,-6.498415415852802,15.889710988671034,-65.6314565369846,-232.60514016026818,-195.08725986566404,184.5599861118449,-355.24177829746446
1771947939.533027,-1.9865093943541274,21.893857085300052,-61.841897770782005,-221.39192498615762,-182.21376207734784,123.0629205938374,-273.6189631028205,16.324105931785926,170.20760500190391,-11.093736256162769,29.09795488562492,-88.28075720020225,341.5889529317097,-541.2920090128089,13.41130715512979,-123.05801692803244,103.14545593365267,-68.78991302616687,31.625527631849558,315.4422966611002,-153.7921196975805,-6.557040083631902,29.233116606760763,-67.83353398012372,-227.44857402546137,-182.93487434398872,142.57183327016955,-251.69704932502364
1771947939.5369232,-1.8330054698032265,34.60583044019299,-61.93596284587556,-149.52909337555724,-46.540073378176594,-178.18878307007472,716.7400723633598,16.846439335150293,169.86123842884578,-12.272395767993443,2.083229629460052,-106.11822143927182,-223.88453763693278,391.5257191924971,11.917328005852347,-120.16879986131738,94.71509707421163,-23.270785237760403,4.236431884787796,287.1044564545556,185.28299438676737,-6.515128500481824,42.08464278633207,-65.04522745280127,-150.83198315539107,-41.83404289076445,-163.0628253605695,682.2315964205649
1771947939.5408196,-1.5982842673511273,46.67723836539969,-57.245815678245236,-35.32300733682916,119.01596200008117,-227.39047481349434,-627.9686016135298,17.43236158301592,165.78197213192058,-12.605453758300389,-11.798133521882283,-44.63246633922857,-457.254351923036,-269.7278253278378,10.43960191099253,-114.86412590493535,79.88378769346721,21.114693796565266,-22.62046825666328,-106.39794094581269,-99.19199851134915,-6.36755267485153,54.10358311134618,-57.46587435614372,-31.355837374609084,125.1245907238505,-237.50449979219172,-617.4103102669659
1771947939.544716,-1.2746583832076908,57.78150812167333,-48.13747828274593,79.6250997832589,195.48549694891022,103.91130524499926,119.8656164609411,18.08845715375966,158.12910401747664,-12.415883765265582,-12.948737440608676,48.11021406492356,-20.49789533394396,88.13561787535461,8.995377161670994,-107.23980166907849,60.03355598109867,51.791745997471686,-30.376607824303303,-410.0769899485096,-64.96701990016604,-6.109940309813874,64.96254426633165,-45.67633429161627,87.18476396674755,198.58064510687743,83.06436386816847,129.13744386516274
1771947939.5486126,-0.8553782044056114,67.60892829201816,-35.336668671510665,156.5271169900547,132.28836335616182,344.2844157708727,319.80352750213876,18.820429001730325,147.14444840118296,-12.014736682396638,-8.536440624592815,102.32706194274468,448.0067029309247,250.55398170857328,7.600676516481329,-97.44087272335928,36.86759077709537,63.1325813424691,-17.502939116551882,-215.96974205129652,185.4728695986186,-5.7387035037247545,74.35666404034134,-30.58692302389349,164.38308642155712,130.8036838988116,341.8088197949828,315.83446576449427
1771947939.552509,-0.33467635872558776,75.87588178156975,-19.862642167936357,174.76793688289558,-18.420085024901244,98.00879529554305,-415.58245554571397,19.63303672985234,133.14409741249784,-11.660506742709437,-7.124767996188215,80.52978432979745,285.13412084498947,-446.1638211709739,6.27020102232921,-85.65854056321446,12.266553661664402,56.308042619852124,1.6351643302571437,284.1107052968887,-192.1126433533462,-5.251063440468402,82.01249911261941,-13.35836718440491,179.31944716056967,-22.462025604526715,118.4829799054915,-421.50073353513375
1771947939.5564055,0.29219468180373176,82.33360491690773,-2.9381309317277586,138.11609939429286,-144.9550951169561,-337.64787574083545,333.8158991572288,20.530037454796453,116.5084299647307,-11.528483950651513,-13.259428801441365,3.6527980449649564,-268.3472060115138,314.1026884872338,5.017251540300809,-72.12614125181868,-11.863476823667495,36.8961280120561,11.527709061170833,455.92347015636506,116.30480360164681,-4.645071394819228,87.69630052522338,4.696833279008626,136.99575368097726,-148.00920722805358,-320.99264619547984,333.45509110631997
1771947939.560302,1.0289316137984121,86.77618029340339,14.116147242530996,69.86820408893526,-160.89985312228964,-348.86591541396564,-209.5481795484971,21.514130123049146,97.67070389698337,-11.692897039787464,-25.114826119781625,-68.85781705608953,-450.96333448276755,-43.53403356960485,3.8536680548116053,-57.114278362588934,-33.739129066550404,11.81452440556982,9.291018352355179,29.941606055918673,-45.415866176201604,-3.9196263027661504,91.22140486217407,22.22370257917061,63.05673307935557,-160.88182433051358,-360.02705623696926,-196.10193120917427
1771947939.5641985,1.8781557834593718,89.0474892752348,29.99281456449486,0.49384106341993633,-65.73810996369026,124.50919841724544,-17.894850013708282,22.586904168857323,77.10459930596043,-12.123147186556073,-36.136107901321175,-86.23003420603516,-37.16945895817052,-144.00375540289582,2.7897866309318697,-40.925215397423216,-51.83239200851196,-13.09564624506833,4.556158932230501,-466.0906903751326,-9.367334560197786,-3.0744890267927825,92.45448983922671,37.93511804008234,-9.494632736617193,-63.47230756663162,97.22460930606162,-31.89684928051149
1771947939.568095,2.841395044783606,89.04687752218821,43.505168727700934,-45.6457495018238,62.304385666961515,466.09084925320394,260.19429315631703,23.748793502270175,55.311100662849825,-12.693870181642238,-39.2023666014529,-42.67683300670017,408.1754971394608,211.98630524312105,1.8344137150909212,-23.886642585782294,-64.97791031665255,-34.04379420285794,6.64148366719193,-351.9168377096514,142.20442162113838,-2.1102933509265953,91.32047218294457,50.713720491553715,-54.643112849247316,64.20147366614091,458.577657736855,263.16178212967424
1771947939.5719914,3.9190719145371045,86.7333222787467,53.68135717480329,-58.64628177477049,130.58596088455187,208.20245660925715,-329.5201709849876,24.999036840903386,32.80511100739648,-13.207104907644975,-30.714820025095367,23.463237612882306,320.8550296567695,-220.61925029268684,0.9948173137254422,-6.344940898846868,-72.44741413318735,-48.75128953227649,12.90921220534398,248.98607871139532,-299.8501032430475,-1.0285536956926162,87.80586195170929,59.696960223263005,-62.46175898359487,130.24105714650906,234.35577496963106,-323.4824511688238
1771947939.575888,5.110497947886341,82.12793333054454,59.8376701582226,-43.93931815491502,100.50346368675535,-327.4635951215713,243.44324167859884,26.335645374277355,10.102184128052949,-13.423622797657039,-12.525307089036692,63.074588706097856,-156.71567432841601,184.9077612089145,0.27673438979359816,11.341926574826969,-73.98667936764839,-55.17566562868009,11.01782340659997,513.301886154983,257.8268790210816,0.1683304906243636,81.96043071234664,64.33855144771594,-40.10311155675943,98.46947594710174,-298.7497343644685,234.49093322529257
1771947939.5798504,6.4138743050248825,75.31467029461874,61.62532863568363,-16.828243117809794,8.538017108833134,-450.3492868259993,-98.48298641988278,27.755378724073857,-12.294257939861344,-13.099586845392201,8.97909287455927,53.29582566991535,-418.6507911290642,-59.07105072771488,-0.31560640796337924,28.811759066070273,-69.81358689562606,-50.81976516796831,-6.462449214411903,60.57589027350582,-39.65026947068089,1.4770737799715266,73.89710108607692,64.44187179196169,-5.743408138041858,7.177018634020344,-458.79973536156274,-91.01867530568084
1771947939.583747,7.826298559592237,66.43921544177137,59.04766913843544,5.901699253123711,-70.70747124218265,-6.453736688201386,-95.03172056212877,29.25373015483943,-33.90488306787542,-12.024229503701608,25.956934948874668,10.090041517655203,-167.0265941953918,-121.10895220553373,-0.7794477721798965,45.70555674464293,-60.579017111260164,-33.60499341651686,-30.060632272104126,-467.65574049606124,-131.3391170378771,2.8935074728418613,63.790020428858554,60.163429317447196,20.886832620661504,-69.54505711784161,-45.7791441241763,-98.30616938765878
1771947939.5876434,9.343777861615239,55.70600045118558,52.44733058371983,13.414464418053177,-84.7906045430733,435.56368422442483,260.722177674213,30.82492196530709,-54.2852812762112,-10.054204400520772,32.81708201168678,-29.704768278618232,268.8461875291018,218.42969972581975,-1.1134537523801171,61.67490999483882,-47.29521801665815,-4.036242630151301,-38.01305601277373,-311.00923466419545,321.3912973134587,4.412586275627612,51.87083880718471,51.98717637695268,27.09740783867578,-81.67987286199403,415.57381269329073,265.94048395976665
1771947939.59154,10.961248580582145,43.37344466931557,42.46567220616105,4.403231511504353,-38.380535385239206,328.8391503409659,-268.24059959016813,32.461911913953884,-73.03541544577973,-7.140673840820815,28.75407002832579,-38.99885182877327,370.5628610937572,-186.85774054846948,-1.3176480897855267,76.3891964996677,-31.238699427395176,32.881326126303385,-15.86181383155786,288.7122453158724,-564.0784498616046,6.028399292396935,38.4232682840979,40.672931752824155,11.621706004223153,-36.04236262736575,357.6665841457866,-280.3644437739558
