lsl_timestamp,TP9_delta,TP9_theta,TP9_alpha,TP9_beta,TP9_low_gamma,TP9_high_gamma,TP9_very_high,AF7_delta,AF7_theta,AF7_alpha,AF7_beta,AF7_low_gamma,AF7_high_gamma,AF7_very_high,AF8_delta,AF8_theta,AF8_alpha,AF8_beta,AF8_low_gamma,AF8_high_gamma,AF8_very_high,TP10_delta,TP10_theta,TP10_alpha,TP10_beta,TP10_low_gamma,TP10_high_gamma,TP10_very_high
1771946504.0030272,326.3417525126744,-108.39091048615259,56.186930806251866,-22.510645323178295,8.840659419880897,-2.7172973680748376,5.886174347855468,-156.53545202029036,38.404740357984565,-3.179243832996679,8.057978572514113,-0.8394291738391219,-8.539558009480412,-6.0444116101466365,-174.807893722393,53.36845496971574,-15.455687550444582,9.105607591386368,-2.7828415124530994,-7.2992213715658805,-6.049786366310987,307.35119692183883,-102.62442324979855,52.19461493988603,-21.652700342557235,8.499166651606936,-3.452367283432051,5.8869893625357665
1771946504.006923,352.38948155221664,-75.4039406371233,108.73470316417897,168.55302611635156,210.24293529525713,-116.92433097734784,274.7777761316447,-136.3838939584178,72.70280025071315,-7.889927845216339,230.65185465287357,-156.58471958465086,-265.5047317169206,90.88421229694384,-157.03766467293133,99.0935947781909,4.7718912054378135,74.89424064407767,-54.92651449722438,-410.50052575155655,56.989559737239304,328.94438897576146,-80.93481264491025,116.54127651070897,141.67555306291322,347.7986384049062,-163.0226826607938,287.5444972043788
1771946504.0108187,377.1261454107823,-39.9250660141428,153.13641062997064,305.0148554317087,248.7782722207738,77.82418763425822,-425.48156649048974,-115.8002923328778,105.4851931743382,-11.071873909461775,386.0167609141798,-187.66079189023682,-149.72573161034558,103.84764451306698,-138.76708980288413,142.35511187805054,25.313258777577555,128.26419440933202,-69.14922419624811,-164.94578039290988,260.4405576276875,349.31548249589036,-56.66795038769008,171.74934953965766,268.82242395304314,432.7723675339751,-8.435025329158881,-519.0248083597693
1771946504.0147145,400.4581442998628,-2.8739510368947667,186.96564628149957,348.95954170711764,95.47056063045532,269.0768927232326,323.41244979828974,-94.90036559248458,136.15522531320548,-12.751318911384285,430.63811460686617,-66.07110143368712,167.39710311617284,-446.8527039186727,-120.11185245761473,182.26863643042225,44.70947987133163,161.1148410819312,-31.616460978350172,358.6574142621195,-673.1512514536294,368.396445405035,-30.493909582755556,214.26465546557495,334.0961577961902,203.905285739682,211.15340007876054,428.09115908767717
1771946504.0186105,422.2991375270466,34.786018386413154,208.56213008867,295.37505417029575,-128.82582932024434,25.720000142021654,-70.43711741742763,-73.80057655079513,164.16402381456197,-13.104639650394365,355.0935116648483,112.45099565204458,231.25102042678182,472.83293901620186,-101.18855911377435,218.03945352288812,61.579751772516275,167.66781282213267,32.29365427328143,339.7132769088315,453.46174659674176,386.12586820785737,-3.1352735179810423,241.51572351760922,333.1439436993616,-167.22883621138195,92.3094512210078,-44.11630952455482
1771946504.0225062,442.57056082873754,72.07595475001754,217.11189354285295,170.69860052628363,-250.44690254810138,-383.75672015229514,-132.23191355718097,-52.617269189295975,189.0207042793343,-12.423175525651413,186.6874041178134,204.91853191743408,-35.65466840162,-1.1825702807708527,-82.11380894186271,248.98071992252144,74.72985291659457,145.98184475597623,75.88696491594123,-218.56899441381435,430.7098092322813,402.449285790011,24.655059476984484,252.08387989514046,279.4663892295377,-408.8851431417706,-219.85502934594686,-242.855464926334
1771946504.026402,461.20209163336466,108.02974941332603,212.66548037228156,19.837780179403463,-179.21071318918234,-293.38874687331804,293.07518131572493,-31.465818333705506,210.3010997994817,-11.069062610299286,-19.94667295473839,135.93606605773215,-228.41648016851696,-549.0282159866487,-63.00327825312097,274.5285165481404,83.24305258650278,99.30446315070563,65.88159200028883,-470.7739782866045,-947.6756022916795,417.31945344302136,52.11655704899479,245.78093285677383,193.84037953131954,-351.1645102504018,-222.44312416088206,342.20155140337755
1771946504.0302978,478.13205775174185,141.72151899805783,196.09530567864385,-111.46914859655594,24.219371722400094,281.894307087043,-409.6529192245072,-10.45979986233824,227.65491126048295,-9.427112479492461,-201.4394218360622,-41.691526095586205,-64.03568739420093,683.9280938837259,-43.970828726675265,294.2533559576788,86.54609633821195,36.3094221727484,7.828407335770638,-13.041605063351286,470.9415613191525,430.69657440517767,78.50347573527205,223.62986537710907,93.88035224434466,-46.89308581530982,128.00003411936927,-453.1005115539565
1771946504.0341938,493.3077855883366,172.2913760925118,168.99789193405306,-191.32258619199123,200.50792377066395,528.1105626477339,283.51049859828186,10.28981137118466,240.81118414125132,-7.857836928694136,-306.97045651002975,-188.91854546603457,196.7150537584036,-347.90047574441587,-25.12764779266876,307.8678797465125,84.44541870841493,-30.306656268761916,-57.150797622295414,487.37073112437463,267.786131411511,442.5484767614344,103.10631938990738,187.75212490516967,-10.135942911383097,275.56927176191596,304.0749816425764,418.80764741707577
1771946504.0380895,506.6858845523214,198.96876134305268,133.55064522836312,-208.6600323164775,218.17384554097848,22.508055229651827,34.75895485531813,30.675409219230517,249.58206095578856,-6.6563083274139565,-314.3630837478878,-190.67696477554435,142.59745404453471,-211.52179924996082,-6.581428963722172,315.23060265516176,77.13162585513642,-86.73742164231875,-82.23277617229166,282.30765327673413,-458.3707659980716,452.8507380655067,125.27168619051382,141.17283588124144,-112.05504016121273,386.08893326443825,24.85713091406238,41.66857573325729
1771946504.0419853,518.2324649643245,221.09267577616822,92.33585315081905,-172.1148270687487,72.82152894359012,-548.1676676526496,-236.77174400035923,50.593483326027425,253.8647985835365,-6.020731850292836,-235.01209119983,-46.051857228638895,-157.45587036108674,650.2782468468172,11.564400728757759,316.3456840363559,65.15323481497184,-121.73776231691559,-49.287094407582934,-340.8352855912677,320.34066980173395,461.5867565789714,144.41993633864536,87.56187717623632,-203.39819457644387,219.2664276852833,-287.29231290436866,-626.2686737680768
1771946504.045881,527.9232874385598,238.12827351663896,48.14646968077508,-103.2933630558339,-116.54768146772764,-347.3508856130118,372.8820539111999,69.94529988747114,253.6420753071555,-6.0334870731912025,-106.23309674552793,132.5007454813522,-238.541310186431,-618.4173322715468,29.21139975242214,311.35882968372897,49.3633655450704,-129.79678265981048,17.81581250735486,-483.49428681393135,-252.86879007654386,468.7477686057316,160.0602083255395,30.933697449163223,-269.75804101388627,-88.28433852868184,-154.91841708014073,758.2613835065964
1771946504.049881,535.7438424412283,249.67941045816931,3.7888900044684966,-27.92524526577725,-205.64373216771122,347.01870393562035,-568.737960573458,88.63753083396054,248.98064355582835,-6.656082289879232,25.139906433158902,208.44313941636204,60.4446019970892,131.4723362829744,46.26677188520679,300.5495436163084,30.845300260953717,-112.47588265133781,70.9055564428909,54.716015823836145,102.48957063409297,474.3328120099918,171.80241926916787,-24.66842658782099,-293.69375583398886,-309.65938075719566,209.43115129718944,-341.1931076312781
1771946504.0537767,541.6893594190299,255.496887291044,-38.10269736159945,32.212830153781695,-136.0205107517692,523.2855594113261,363.2660533902534,106.58282670217947,240.02841165407835,-7.738072053682859,120.58020639459548,126.9097283883225,320.08467340609917,315.82750205342387,62.64396194338047,284.3200552526255,10.824351087644828,-77.2863236472706,72.93668140910661,509.91889280000606,204.73354116882305,478.34863657037045,179.36599825104088,-75.47747066075028,-262.9675868380719,-297.01878644536663,234.10053144086208,-276.9103536914921
1771946504.0576727,545.7647455329156,255.48226996973304,-75.22755309724381,64.6730299886448,27.13548605927856,-59.56312260101741,459.1312125835791,123.70032904372712,227.01006207398953,-9.038632910731067,161.69786708628843,-45.8705545042048,131.9495305512445,-394.33053650820034,78.26318331237279,263.1813388233671,-9.425801635574373,-34.73142970402363,24.622572865029838,261.3798338829918,-368.14868315726784,480.80956229559837,182.58521539651315,-118.27266499954841,-179.07401669754557,-80.85410225747187,-119.01508178497495,693.7816798664865
1771946504.0615685,547.9844546662825,249.68731336441635,-105.74508417592583,68.07428007315303,154.28194897526166,-519.390681887574,-992.001590534721,139.9161188925491,210.2213356077589,-10.258283637080526,152.0338222594009,-177.62138914875817,-282.7123783757161,301.2537850184811,93.0518739466321,237.7367173174198,-28.674235277423424,4.992845807211775,-37.395368832194826,-325.20609064056123,279.34584866520987,481.73728721391205,181.4110798264902,-150.59388713548728,-60.431404826134674,167.68559597972265,-292.0055404297724,-620.132946550543
1771946504.0654645,548.3722880509209,238.3091510092536,-128.3601861008313,50.30620502472811,154.87478448074705,-188.080428225207,499.2240030177359,155.16359858177606,190.022130749222,-11.077275103354458,109.87790412625289,-173.10621849436072,-346.1841235579516,-217.83362814516562,106.94507834435602,208.66360186125587,-45.81415339370809,34.34702603487976,-68.78990136446431,-457.7161800660112,-114.46234791496916,481.1606464791526,175.90988382769984,-170.8854625824424,62.45031613565075,272.3725009366735,3.2572566208942195,126.453890440854
1771946504.0693605,546.9611285489513,221.68154090277466,-142.3640788751588,24.25388738279679,41.98012393616108,402.6115483920459,315.90134276250853,169.38380501507402,166.82858438672034,-11.19654964420091,57.203288552304066,-43.77700441902199,66.48473998622421,19.987464364949638,119.88575388090165,176.69395747925182,-59.92873043184876,49.50716350694167,-50.236493674515856,4.262151260446563,-52.51397397957716,479.1153249442527,166.25856650064577,-178.56103307793987,157.92048604656344,177.82109599092882,327.5642248407813,317.69440700954175
1771946504.073256,543.7926112854512,200.26256918569268,-147.63115230092018,2.6208753764187724,-87.90213019376912,360.43452706926314,-529.681734551803,182.5256532838538,141.10431208529698,-10.376944232183076,10.615833155108442,107.41555403884998,423.3181761920043,277.04895164875984,131.82500073597305,142.59410557634016,-70.33755246629677,50.51967995115531,0.17412078554274188,430.2865813489002,225.2379376701271,475.6435256684102,152.73715608397626,-173.98823969223824,204.88503880551855,-24.827633972147012,170.61510559921047,-411.7642145162781
1771946504.0771518,538.9167339289029,174.6193068616399,-144.57570565864614,-6.528302786908792,-136.4511956974015,-225.39298202306716,339.4603681590046,194.54611024923676,113.35099331974439,-8.472506751265202,-22.25113437871833,169.1774390709149,240.51586905207492,-398.810953118837,142.72221543786884,107.1444715163665,-76.62187252168991,40.88526365318815,43.20469381162814,294.13754609482936,-302.7574330705483,470.7935971764324,135.7186248480713,-158.39883628804463,199.56670363148123,-180.52917268164322,-270.0457223439295,321.42096046926713
1771946504.0810475,532.3914104936771,145.4099879864683,-134.0752697790531,-2.118268091376885,-78.01276073896055,-461.7746567766097,-238.12439792969775,205.41029841072688,84.09849019420047,-5.454382644100967,-41.17259453831032,105.11704172421503,-262.11871991676014,239.31875075132683,152.54516879746356,71.11986378758299,-78.6289745186481,26.480086597438074,49.47945807568974,-190.38808200265908,202.7570402780403,464.6196226846718,115.65655253386898,-133.73588608688368,154.54880784654722,-188.90393555433263,-357.59532813856765,-205.09254258311728
1771946504.0849435,524.2819730835622,113.36432937761629,-117.36923843463371,10.524696073284874,29.468630358292796,-6.315006415435003,99.44703283282668,215.09153110235448,53.89468883735594,-1.4226467934084892,-49.36020012747818,-25.952142018021675,-441.7047436828535,13.510690285240678,161.27000975549672,35.270831929307064,-76.45777202017224,13.691880954183086,20.532179508000706,-413.3375343533472,0.506759106415541,457.1809749068189,93.07104172646157,-102.45440218342733,91.4884050320244,-68.02164948549037,61.971750513158696,-8.100734520973475
1771946504.0888393,514.6606264554847,79.26264013244325,-95.94269972183476,22.938240243554382,98.67133351028612,459.21040284724376,214.12564238423786,223.57128077501648,23.295250845514214,3.3953798722396447,-50.02406274383987,-122.6750180384453,-67.6746040599238,-160.1563328210644,168.88119741334754,0.3065955755722494,-70.42918623230433,7.188192684864313,-15.813605837164861,-131.97831313645156,-154.20330456965152,448.5418403873455,68.53335913364742,-67.29482400776986,31.713971008981822,76.17380944586579,425.5941430987718,260.65125692188855
1771946504.092735,503.6058606372139,43.91437394572887,-71.40561443045509,27.8904363670436,83.2111872161635,264.6449195896681,-409.6760794330175,230.83908277845956,-7.146543173932927,8.660474650017656,-44.963843779386586,-120.36908755985695,387.884417464506,179.60910099743373,175.37136420612288,-33.12003208334627,-61.04574771375164,8.254874940590453,-30.371160350284956,290.4235967806654,186.0324451764919,438.77071755350624,42.649789856052365,-31.049892382173024,-10.961258672995033,139.61854596132451,232.10096244175946,-346.17751591892124
1771946504.0967293,491.2018271249192,8.136760544296529,-45.37687666797854,22.633802689505515,7.795142081099211,-299.2338336734748,308.31229667067254,236.89237760526177,-36.88968525324511,13.949313333955399,-35.033463791964124,-34.44502167285495,360.42338748609063,-170.45136124468752,180.74111376324197,-64.42538452098042,-48.945207676632734,14.521065341020927,-16.446702703019806,356.23272217837905,-152.8764449742857,427.93989286578324,16.04518885837391,3.6552187926440514,-32.882569859676366,94.57717073002054,-272.64459370597234,236.7070315297215
1771946504.100625,477.537684464253,-27.265882521441977,-19.381425091504042,9.529148841574338,-60.447301963103286,-446.5388123848105,-81.57332108725814,241.73629501822623,-65.41490665157308,18.792265507486746,-21.398092840039197,60.95779242298201,-102.83788710053196,157.922565728835,184.9987574947107,-93.10509413259955,-34.85274404377387,21.173400703613073,6.965063129827371,2.717976076467538,104.62088601645735,416.12489962942715,-10.653302798364614,34.552079689710546,-38.77703383886616,-3.976222503647845,-433.50017310240975,-56.13274407283256
1771946504.1045208,462.70691927174653,-61.521607864118096,5.233366043331688,-5.8655101314732905,-69.9467858205546,0.5065597597632419,-103.95714042830322,245.3833838998574,-92.23357295212541,22.717690935854936,-6.401675446780806,95.76184734702021,-426.52271826556125,-53.16036058300102,188.15999438509766,-118.74149947319408,-19.53567505727301,23.068303304681738,14.424774564430956,-351.85727501802313,-10.743118049112466,403.4039642014559,-36.83193846559545,59.873882645434975,-37.29986965977618,-74.10518880163187,-49.784563893782355,-113.78203534379935
1771946504.1084168,446.80664892572463,-93.90858238595342,27.358067949766024,-17.805642308221092,-22.897089086210183,428.4146572267321,219.41921280139385,247.85329206014322,-116.89587540067087,25.29853826219942,6.691774912448302,55.693656023994826,-230.3408349774372,-125.1191616265458,190.2475388942444,-141.00824528754157,-3.763572338482311,16.9285616773448,-1.5690956943229084,-293.0923149897506,-101.40932943126296,389.85744443639993,-61.905045572165356,78.4472058981068,-36.171290413009494,-72.77583145129853,388.14240026936676,219.9656453218358
1771946504.1123126,429.9369122144444,-123.77071266786054,46.156784261790605,-22.82619564663041,33.99291097153942,299.14674574895747,-253.74945923872488,249.1724005890634,-138.99820092055643,26.196736802685784,15.055547265673205,-15.198802066375546,228.31792372691086,208.97621453209428,191.2907022263855,-159.67210555571094,11.72454026322257,2.9315346503836777,-22.873598402248444,116.81389851436863,135.81678158017294,375.56726522511605,-85.32835840291071,89.72710593818019,-38.88954890930678,-20.133896242046802,344.8407993765633,-226.01350708929385
1771946504.1162086,412.19995419970974,-150.5308340847936,61.07863823416663,-20.76286552276249,52.96104815643051,-185.5414880575696,188.09391933158142,249.37341760384655,-158.18957908143489,25.200984107554543,17.901911367605745,-57.1683227768828,399.7741747610223,-151.59061692638605,191.32493249455456,-174.59214757482928,26.245428309069602,-14.89200867911306,-22.349859465869287,400.2615533519899,-102.04786204197981,360.6163559153827,-106.61071734894881,93.77719968769884,-44.143143094717836,29.35465376445106,-106.14081274726153,147.80412905915912
1771946504.1201043,393.6995114866314,-173.70123742939367,71.8478056934935,-14.303747421757139,23.960802414639087,-417.7352290103515,-37.558982337584126,248.4949364187192,-174.17712100618036,22.254061293982165,17.08392605948513,-43.83628036280417,100.44207774757639,65.85218886524994,190.39131946980277,-185.71643552151204,39.18991466037137,-29.914014449868613,8.931789767783071,210.38519077050591,78.07462395426595,345.08809430965164,-125.32391171309564,91.20110861182107,-47.76015103146639,37.204917820239466,-413.7002443489176,-17.59110142707403
1771946504.124,374.5401039971651,-192.8913984864172,78.43623149297056,-7.508304257337279,-21.858008156095863,-150.1011580617469,-119.50190729760592,246.58096329553126,-186.73038167929855,17.466717185789065,15.969592307188925,1.7673632977429474,-304.3282334971422,2.060557006204307,188.53606970428618,-193.07654155980498,50.035543215994316,-35.78778848382475,48.50596616743284,-245.43662197843594,-52.53871649698057,329.0657618311245,-141.11050845294977,83.03544295406951,-45.79153962119005,8.988107762741983,-229.77029194944612,-112.25231397697843
1771946504.127896,354.8263391903829,-207.81286574626898,81.02409892091505,-3.8880780192351665,-42.72726781496908,270.5249098885171,191.46454171837772,243.680420040718,-195.68459273867634,11.116374074401605,17.1113196685864,33.283595404259046,-348.79740806105104,-72.6508431085904,185.80995788909215,-196.7801885388686,58.355436881616974,-29.932157251192606,57.80114217143037,-422.35244572065886,-13.753561444403468,312.63201430151724,-153.68957466542113,70.6171082822179,-36.86624344809463,-19.018412814807228,208.91237287462647,169.7009367139272
1771946504.1317918,334.662234421082,-218.28134729126694,79.9534534323995,-4.787792068041849,-22.365548305763763,364.2577160528151,-175.10379488190296,239.8466267727684,-200.94272820208664,3.630307517022104,20.285922937588158,23.553034764002437,10.456291833806603,112.871135008929,182.26776034050178,-197.00238951312062,63.82518656336479,-15.74772330965647,16.158272726363755,-86.53238835299896,93.67867643868516,295.8683725447183,-162.86026599955272,55.43895120805444,-22.65415794574491,-17.28526061234198,394.26480791601483,-149.72919461044958
1771946504.1356876,314.1505627935322,-224.21611705714557,75.68014524238576,-8.847286928108867,18.427501287655932,49.282756385421344,116.61825966258202,235.1367701527176,-202.47638177755618,-4.445596758550981,22.39003669817488,-13.266734877967306,361.59458757580967,-102.22953414804773,177.96767646128137,-193.9754758759428,66.2292705409937,-1.8629912335659276,-54.771992621664104,371.7450714921442,-145.70149565509308,278.85473672696514,-168.5033145131891,39.007606629822455,-6.628625034810958,10.415034652823412,128.70850868003814,98.90806274012664
1771946504.1395836,293.3922274977043,-225.6369299758378,68.72854128505482,-12.912440313819758,42.013136451389116,-313.14963320629647,-23.188714738301424,229.61136224264754,-200.3254516458471,-12.49004038354197,19.410923637755765,-37.2743077730544,295.8670168372837,79.470784741241,172.9707438804688,-187.97841798284196,65.46786092878544,1.8427076563605622,-100.4895491747665,386.077991040535,147.6304117671327,261.6689280126637,-170.5805050666209,22.715985452867884,7.713595086432721,33.16970202016322,-279.12044884692693,-28.047615564351755
1771946504.1435635,272.48566923974727,-222.65869274952775,59.652394814835745,-13.903959079415007,26.926137390606275,-325.26260344405193,-77.84547195898118,223.3336949750311,-194.5966459643501,-19.85783711716245,9.231496274672255,-20.763140464189952,-130.18070641789956,-58.56954925911914,167.34025276914437,-179.325839300642,61.56404694416955,-10.229311888294019,-74.8498973264498,-79.89756669921898,-98.55138087727875,244.38626078860963,-169.13227712870219,7.740380936568051,18.08506913542472,23.699645748211424,-370.4125160478862,-51.0641879246115
1771946504.1474595,251.52631097540345,-215.48418173967102,49.00399552807411,-10.463737474557655,-14.253749792177649,31.158662470535457,126.95759772520685,216.36929502193092,-185.46083885952328,-25.935288926986573,-6.516382106891641,25.215909519484523,-424.35855959911476,11.350442774231086,161.1411646072209,-168.35710714956107,54.67064189844428,-35.120766077126305,17.692366390164402,-455.4644458807063,14.642525622874322,227.07914837201136,-164.27362836233655,-5.031019465005054,23.78314097472263,-14.892930927578034,-36.325762747435114,104.06165170850296
1771946504.1513553,230.60604368556073,-204.39513218322696,37.31240455392051,-3.3525972426589497,-46.03447372407121,367.54775522384216,-134.70272194089583,208.78538364574268,-173.1493224605202,-30.194482732453952,-22.677527227468165,59.033247421579716,-206.62401767101196,73.43844558885297,154.43954044464752,-155.4258512684661,45.0749896195765,-60.76338029878068,115.58692089268962,-265.0907954303377,115.69318852354017,209.81674472920895,-156.18852800426063,-15.034999710583948,25.525337022540967,-50.12265427671832,354.5967185122485,-135.61309517488405
1771946504.155251,209.8127563943032,-189.74204380598826,25.070355368831553,5.465992628570856,-39.96645576914059,290.54218727619605,136.46304426074903,200.6503458535302,-157.94901656303352,-32.24157164703602,-32.78038946226547,44.83281983882045,294.80448025482576,-159.03440463898752,147.30198342343877,-140.89021850052634,33.19967252567795,-70.0512030111995,141.1768419714621,254.34533928436457,-262.6452845728984,192.664624282299,-145.12307192053262,-22.035920169605944,25.05892841649933,-47.9833430058648,343.98270971610793,151.47308202035336
1771946504.159147,189.22991306579752,-171.9330563478863,12.728407187932362,14.166225911259668,1.3772411937922326,-143.91613376252954,-93.25791131174479,192.03321284158545,-140.19671436239457,-31.854559609275228,-32.16482247675411,-13.917939408561589,450.25108118423617,192.2236408097388,139.7950999747409,-125.10412084642776,19.59684440467147,-48.43042406102326,62.00711072944336,441.86985819194194,279.9805110603639,175.68450140870635,-131.3776265085381,-26.097658990392507,24.537469330276746,-3.738075851079259,-88.55717671320501,-107.62800437655594
1771946504.1630428,168.9361784736779,-151.4222443743168,0.6942696603723723,21.792207434078776,45.685398871789324,-436.27894826080797,-26.447599030546755,183.0031613326389,-120.27245963723146,-29.006983661047535,-20.60460010422066,-73.1572877252932,17.75787187985003,-158.2322514464233,131.9849836984863,-108.40967698175913,4.934127489041255,7.8505252495811835,-75.88016943197364,68.54854855456311,-113.30052486851534,158.9339907922453,-115.29821461075528,-27.531081244680387,25.609643589793734,50.969559365362315,-445.21688742233096,-15.161996851692074
1771946504.1669388,149.0050946169148,-128.69766531144137,-10.66507762533484,28.033578224076305,56.38577331803189,-202.29999589914908,161.6747084236951,173.6290330275356,-98.59216640561144,-23.87509985124683,-3.120117240367427,-82.24665082480045,-466.03307336944556,33.102751401164795,123.93672552628301,-91.13098546089103,-10.029360628872292,86.6388105665567,-174.03426212750955,-364.163658103229,-93.22805392943734,142.4664093702882,-97.26739386880216,-26.82497578944357,28.50531098287556,71.82993435469619,-263.4571167325915,161.2520858843474
1771946504.1708343,129.50480872352304,-104.26947041671995,-21.02077792574505,32.48312740575323,22.18317271554473,310.6735020203857,-221.04351158112482,163.97887703731462,-75.59960573551913,-16.82761683357467,11.779156204990592,-26.465556443124303,-338.11445695270675,217.71067585916026,115.71395338871007,-73.56930332927928,-24.47729729419883,161.28417765208007,-153.10054847550495,-299.35797785716045,273.3785491100681,126.33062020490543,-77.69486830529839,-24.569203825952727,31.663617214228925,37.985617665182765,275.15665588158254,-238.42488078111646
1771946504.1747303,110.4978533173893,-78.65835772213218,-30.08092327855965,34.05346315359577,-32.71188505173086,455.4946788506668,174.4965813282711,154.11951780111028,-51.757896581765536,-8.398563030594156,16.10906598178534,57.24091265414546,260.2180796698325,-421.85463943242206,107.37840422803974,-55.99964016233201,-37.57997114654032,199.60345941322092,-16.981087214694966,135.187284650755,-446.0464590963911,110.57091815923174,-57.00805917730944,-21.37866514703111,32.21562580963348,-28.820168347696573,490.7967690590734,193.34854524457194
1771946504.1786263,92.0409782532355,-52.38461012936191,-37.59210535138449,30.946301259650667,-66.18551584361616,6.605934231751544,-75.76611107322954,144.1161505951728,-27.540648860525078,0.7546134621649572,6.961836379299274,105.93572020249587,508.4612464582918,294.0597673585422,98.98953077374316,-38.66871828664399,-48.545498490525574,177.70812277266137,142.40303833430792,334.42761410183806,405.54559088401675,95.22695680658806,-35.642842012264346,-17.82569722169884,27.09722504618247,-78.70823115528141,64.76974813275085,-78.20352567473739
1771946504.1825223,74.18503410162161,-25.95792156716055,-43.344205441294626,21.234201654953996,-50.60697884159238,-473.1667531947499,-39.566339729332725,134.03196631341265,-3.422916861642319,9.90426764496626,-11.009147459808485,79.09329902396159,44.20864308348106,45.780718372197526,90.60414503656611,-21.794197359184267,-56.67505104753704,92.62792093637583,208.6183948403435,66.02845765003852,39.85357253178238,80.33371559108242,-14.03463328644412,-14.386842687344927,14.280154414338236,-71.73333748798878,-470.0388265042593,-48.25951711793487
1771946504.186418,56.97490580709977,0.13182898494913195,-47.17812439128369,3.9670268982727106,4.873283345421472,-329.3206602471785,208.42053517507136,123.9278068091402,20.127872111154684,18.31261338063167,-27.13600664095379,-8.152986993843435,-479.1166661160053,-222.34076239014703,82.27610003503442,-5.565016260338122,-61.417679511720095,-32.99236949062105,127.6577823167879,-241.1142019059441,-584.2328525843118,65.92150591725985,7.39001676128413,-11.40777977836036,-6.220358223533142,-10.06143737586914,-383.32396595073874,221.16364456947053
1771946504.190385,40.449495114848155,25.422739053802218,-48.99542323109452,-19.47095503126285,59.816673833695,267.29765682216845,-346.50916102324953,113.86185177056845,42.66084641660668,25.29347947185984,-30.06473726224001,-93.93691571195632,-306.67936340761537,312.19383058483413,74.05601089075452,9.857331977832876,-62.41967484150577,-157.6800331813202,-47.924322673723644,-152.88709744729562,715.7548584732324,52.016014540886324,28.221197081316575,-9.087875178659875,-31.66530807942588,61.696652330569066,231.77133447032242,-363.28111192698805
1771946504.194281,24.64174982542842,49.487904013341335,-48.768303251466996,-44.44353498512922,72.41989761199227,497.3478629476373,251.0944115870357,103.88933783262272,63.75030973559923,30.270446030741475,-14.149436317692992,-115.0817739562029,305.79435403381905,-510.0281238439194,65.99101609349704,24.336803906735486,-59.563275393839746,-237.30129310218663,-193.91255315724874,149.31985341602964,-328.762762626539,38.63838231760893,48.07267393278625,-7.483560014149097,-56.473968315508486,89.49453350248005,527.7619933718097,258.30270502720754
1771946504.1981769,9.578737503439726,71.94125945758987,-46.54806787853727,-63.56543601356397,31.488333437117674,31.15117872458842,6.551713344041349,94.06231034392547,83.00388877272616,32.82631618831934,16.727727104916955,-54.643896915820086,453.3214763710026,370.2413692896322,58.12457937905143,37.76031499131903,-52.989980435065064,-243.47182269442877,-204.67949104240688,180.56849474305767,-275.04044626692655,25.80531604310268,66.58811916716246,-6.527781015278755,-73.20581980200963,51.294144308267995,82.33711603927121,22.23783407508343
1771946504.2020729,-4.71823911301351,92.44223931397849,-42.470203417150834,-69.14107696729701,-34.102725996586415,-468.7915098133212,-170.5308655648995,84.4294078937705,100.07005132215134,32.739589101243986,50.203153940515456,44.81300789351651,-74.78281587694661,399.5336780458238,50.49633224465194,50.034983351241856,-43.104774852493506,-175.57083680834606,-71.59288007219088,-99.71760641810224,688.2108286117626,13.529230840273398,83.44647775516609,-6.061314285366162,-74.97255353315843,-25.29139605925995,-468.2677374583195,-194.71440610083337
1771946504.2059686,-18.233488044109652,110.69927425761921,-36.75448311181698,-56.78300660617366,-76.25314226606964,-282.4852104387671,323.65008475405926,75.03567940997023,114.64484534170026,30.004693811210025,70.94865988366126,112.40385909680977,-480.30662930092166,-959.713629148543,43.14195666224769,61.08532596824121,-30.559130085554614,-60.64792653670705,109.97681045906766,-234.13071257841543,-604.8461190086587,1.818420356644752,98.36644649482348,-5.870858850447639,-58.635878942917074,-83.36316934213271,-330.3805327736108,334.0265991863569
1771946504.2098646,-30.95673860804706,126.47218005942702,-29.69900640616631,-28.27696611433816,-63.45661048600801,307.60571957904983,-555.178089617804,65.92243341631993,126.47772222542685,24.8341332155679,67.93125721283312,100.89839641754382,-157.99993317107487,514.3466258416208,36.09310707641152,70.85060389799146,-16.21257484401935,58.63447273697281,210.8121600949327,19.9741675424922,107.24290482789623,-9.322748094730606,111.11005642798462,-5.7285992739901,-27.124758990813636,-79.79312858540486,280.0391484906212,-548.4419817114374
1771946504.2137604,-42.88292004737713,139.5735042979052,-21.667774782637196,8.207314300845187,-4.5721847228748445,423.3755230942124,384.9577295402361,57.12711887496271,135.376323781723,17.64224918105416,39.86831099672473,20.458644036558127,400.95547749894126,323.14990265518344,29.377370329201064,79.28248315951353,-1.074726640109752,142.13345623196398,162.3487642127258,295.97237390851376,334.0793764687395,-19.893616441542576,121.48536815819652,-5.428321470424631,10.780734027023561,-17.85687934237723,452.9349816861529,368.0899517899103
1771946504.2176564,-54.01191192697618,149.86891226521917,-13.0721893408333,41.03717160446786,57.546898684831234,-98.813554356196,406.2000429770636,48.683236886655614,141.21013114183253,9.01190797638136,-3.803854583253165,-70.39061623864029,359.4431183113911,-576.113011113632,23.018261773964685,86.34314242227813,13.76828590489467,167.85821528455756,4.70305486972694,151.4472701558965,-426.49678389129656,-29.896999929050615,129.34830158609358,-4.814089956797325,43.536617831067026,55.640807023376105,-55.77685093231033,423.8588131049709
1771946504.221552,-64.34827013758223,157.27670046951815,-4.347624465836658,59.83661772112701,77.84365355726428,-461.73389505597174,-953.9257771008108,40.620282378648376,143.9128945524643,-0.3531213495826588,-47.007396401490396,-108.52148554571419,-216.72382470599084,336.1804917476574,17.035255556243126,92.00392008907237,27.237328014527524,138.2454822849855,-146.37240684702047,-253.2886196267977,319.24727608847115,-39.3389355814854,134.60363089788532,-3.7987916890809323,61.436390123969765,86.26840071213826,-464.95974894435847,-958.9862764138711
1771946504.225448,-73.90093238361283,161.76653052161947,4.0731187552427155,59.71916968525166,42.309808237382114,-114.96343584999141,528.4831565741484,32.96371481084663,143.48378617553107,-9.68608882771172,-74.17963447884958,-71.22808458253479,-478.3338005637265,-153.3143119233723,11.44384686468279,96.24455409083016,38.34674385462071,75.30493056972767,-186.42377633805808,-347.8550063196956,-171.16492776045592,-48.2284182597569,137.20518345528257,-2.3713339833301568,60.51580027098965,52.992369293739785,-158.31194843128466,516.9990959164073
1771946504.229344,-82.68290699310317,163.35747762111447,11.787224992387213,43.086301414755404,-22.20623293905099,412.3259307724538,252.17280983904274,25.734956867784458,139.98724300047803,-18.220593405543188,-76.9077052343739,10.33649277109977,-51.2804196665358,38.97081034894902,6.255643852985588,99.05302865346327,46.28624135586286,8.393430708636622,-96.55065208965844,38.48651308112544,-45.47261433806172,-56.57712744742062,137.15528754966226,-0.5927681594552235,43.95896652606995,-17.068673362201398,389.1670610305472,268.16013865687086
1771946504.23324,-90.71094881259906,162.11548583579224,18.447684509046255,18.23697386074392,-68.60934548950158,318.1539149030476,-517.3351364280799,18.95142002043297,133.55149202347354,-25.253976546734616,-56.797171803331224,77.11922879944713,445.8101334264537,177.18251627013223,1.4784868410903138,100.42600366516913,50.49067310630247,-38.70247364650624,49.14144089906225,408.07135514174655,263.2091970711406,-64.39914779362347,134.50351793863845,1.417066712916529,20.412262408102162,-70.71968986735108,346.47360758655907,-526.2115610584916
1771946504.2372897,-98.00522584649246,158.1503175287061,23.785129404081804,-4.529095931318926,-64.59035685436959,-261.7736527890097,390.86888366967645,12.626555713564066,124.36577401599527,-30.205456021312788,-23.553228717931095,85.91350880959408,319.5012301866043,-347.79949347964026,-2.8834077090043584,100.369765017539,50.69101065908761,-55.621929388076666,144.25000412065705,259.4054380897744,-324.9898127269463,-71.71068632514688,129.3447898874135,3.499763115297759,-0.01185445524087956,-69.63205006242617,-220.3377766133312,390.5155850569557
1771946504.2411854,-104.58898013475518,151.61207821051912,27.623633601788146,-17.448467542817248,-15.614740951871354,-466.4332628405457,-281.0874928767495,6.769930802813912,112.676306167148,-32.66415440621252,10.133701709253137,37.847184252973975,-235.50766892632743,297.8437342399475,-6.829281046170326,98.90160075485609,46.94128732190868,-46.02702012900978,129.3445360549988,-232.1667851200909,222.8422553832974,-78.52978907573343,121.8168533639456,5.482189811377352,-10.180249184630483,-18.28011691006228,-467.6613583993353,-273.66502092951316
1771946504.2450814,-110.48818614132341,142.68739142058826,29.888994611493693,-18.251528154344633,40.82978929807904,7.484988044461549,89.82571812636321,1.3873257857553485,98.78104864920009,-32.423054754785085,33.97761865070942,-27.493804146390048,-459.4112955442119,-90.40373307016682,-10.36164645033396,96.05148057893794,39.61832479264915,-22.469028641239476,29.77745262292958,-440.8948282769619,-47.175859049379284,-84.87605967092962,112.09723954974999,7.200548413648372,-8.693199724140403,41.87382403945856,-36.1359212459145,79.49601263020676
1771946504.2489774,-115.73120970060991,131.59529048020664,30.60874631661907,-10.201102609926822,64.2860339045629,476.90860648951315,244.9778839090294,-3.5191456522853755,83.02336549180045,-29.496111546397596,43.3575067132429,-64.46888111997119,-78.82604540478528,-116.05456787909223,-13.486086627461031,91.86389636975258,29.393479898172647,0.9341595476087022,-72.36057302273461,-102.68691477000066,-130.08902735533263,-90.770382200207,100.39971126645598,8.521478348701113,0.31107722688966455,65.89432806896053,447.392749426324,253.9605376918022
1771946504.2528732,-120.34847036641527,118.58288527113058,29.903959797203996,0.417825500603388,40.947796727360796,280.6786254508926,-423.67240921596516,-7.950897270117477,65.78469456302217,-24.117160152050303,39.62304868677424,-53.86965815566605,380.9995205614049,225.07409629910995,-16.21103673718217,86.39970855941465,17.17821587421569,14.516400331675499,-105.07736802968077,359.57360122670485,230.6477584318162,-96.23465053084625,86.97026719036165,9.35765998156071,9.889799070083122,39.458987766480675,305.5969513991525,-427.47204696571345
1771946504.2567692,-124.37210978963068,103.9208541154449,27.97369215383875,7.623116829422254,-8.251158869582962,-295.29471463412307,311.14399909420473,-11.912712613620188,47.47636359993333,-16.720787080877713,28.06326859332983,-12.009579907026968,339.85025045821317,-234.41053598185,-18.547555581747496,79.73783700059896,4.047766160198732,15.672524247207075,-58.146411888323925,382.3296370566806,-216.2764356352641,-101.29150603636627,72.0827481321762,9.676250212079024,13.812905885814425,-12.691794986122575,-245.26972404319878,303.5611281871623
1771946504.260665,-127.83566847620129,87.89880495127316,25.073662605433682,8.074596965268919,-45.767835288664436,-463.59511969092296,-87.57540033798442,-15.412570658055575,28.530708990168232,-7.906815503967351,14.854436401307911,26.932428634148657,-112.59243056980667,169.82000622929047,-20.509087463547935,71.97663592977467,-8.850720352401527,7.786315339897551,17.935117461147172,-50.29191296328558,124.24161093094379,-105.96408548283492,56.034093663256904,9.499524587083178,9.030548944164538,-48.826290468727976,-453.08686952206955,-69.58206890721615
1771946504.264561,-130.77377295879978,70.82054640463706,21.491292139214227,1.68965420981167,-46.41098900044267,-24.490072051980942,-107.3088059768737,-18.461456363613927,9.391671972804971,1.6086049951174344,4.3657897294103405,38.42248027516051,-400.0464614923732,-26.512687983861547,-22.11121716062917,63.23480173307701,-20.39758925813722,-3.1746534874583117,59.385519638915525,-414.7221721721389,6.308593573581886,-110.27578054847834,39.139299080000114,8.898158228118252,-3.6928285760615402,-43.65042618881298,-70.85957757832055,-119.17411483017723
1771946504.268457,-133.22183511257072,52.99930693880702,17.5195699198639,-9.061170003106428,-14.591591441970337,422.6716763915763,241.5317459251588,-21.073157739690895,-9.49493701716068,11.051248840844188,-2.118866019676355,23.04469813966318,-197.18984061181766,-141.93024203737303,-23.371420358894852,53.65167951342385,-29.598814442335925,-12.187571783754354,41.27010382552479,-287.0758225273943,-125.84031860274183,-114.25001020052102,21.726125018999998,7.978515175531213,-20.601082551902564,-6.271813743544569,376.0829814782997,234.48597257479986
1771946504.2723527,-135.21576509163137,34.75293834518738,13.432268654360174,-20.39287737537009,22.132494824311024,319.78702530236706,-268.56876931075584,-23.2640509864857,-27.69130230928167,19.651627388067592,-5.87427960596201,0.2885367739381654,223.28811025846028,206.88277607983804,-24.308811750078743,43.386858465657866,-35.67396645853201,-16.943518049088187,-7.479511072315406,173.0992091037102,161.49718138382968,-117.91000695482528,4.129614217802501,6.8660170606611715,-36.430918194344486,30.193206768584897,334.79336343385097,-250.77900518260518
1771946504.2762487,-136.7916991346289,16.39913905267883,9.462824278877914,-28.479474414986303,36.238339257612296,-162.79853027021124,171.76000819191634,-25.052875288146865,-44.77738354752652,26.70725504897469,-8.945071292732651,-10.953865485525224,365.34607590581476,-142.42464533524264,-24.943892900083103,32.6189748396909,-38.125906947907055,-17.38730850386044,-35.091643009779304,428.0249589238421,-118.85281956768284,-121.27861787871186,-13.313527503343954,5.687056212445841,-46.02991968852273,37.01637645913983,-101.06573612995011,158.8649954553231
1771946504.2801447,-137.98574323904438,-1.7492658882014056,5.7887575708993895,-30.56718410899378,20.989977106020646,-417.6968365502906,-18.34093772898312,-26.46049886626201,-60.36039791732434,31.63933931092269,-12.359956645183585,-7.555707722834533,82.64136069589784,49.01004496473423,-25.298301914950915,21.54367367438454,-36.78566075849751,-14.158205179038713,-15.00298709960967,183.36841997943753,68.91983748328951,-124.37812101903808,-30.270624895003525,4.551979861146722,-45.871267126310045,12.377685432985505,-387.3916922521023,-19.349881164449656
1771946504.2840805,-138.83373342934345,-19.38894777906037,2.522899073323457,-25.717417243804068,-6.895030150537366,-167.69630318580423,-99.03539330255515,-27.50967792390466,-74.08379021523405,34.03935153560043,-15.517148598434998,-1.1623122638679249,-289.90062109080066,12.580465208376788,-25.39456684133888,10.370716245090554,-31.828114210920194,-7.658521216098774,30.695777099415615,-278.5168877931935,-28.17384451542889,-127.23005773335316,-46.4187346834634,3.541411833091096,-35.16615983891297,-19.528058068741615,-210.8767088688665,-84.87990469554745
1771946504.2879765,-139.37101308698468,-36.23055552002646,-0.28805387093756335,-14.910728330075381,-23.06017998622255,258.5771088012361,153.86475523938435,-28.22481009297843,-85.63548190268513,33.70178736630827,-16.94865705931515,-3.939155046134055,-327.6964477994273,-48.07843339507345,-25.255864603899507,-0.6797413347285626,-23.75681704754454,1.3958435421683002,52.10516410988071,-418.19872759456655,-25.326342663890525,-129.85508120887795,-61.45028155350355,2.6976371245204067,-16.139429033304022,-30.4430046432392,194.6399648140572,141.57532301688906
1771946504.2918725,-139.63222761143587,-52.00300665099667,-2.65789448178681,-0.49627654995891074,-15.850767907426551,366.47869867963504,-187.59332939492876,-28.63168396522597,-94.75519989468074,30.640565661850104,-15.602919661201561,-15.066873780404514,17.036529550328513,71.06027591129784,-24.9057871211894,-11.381633566711876,-13.35898723847156,10.665661414017087,18.43101680599791,-61.65479355591502,89.65592436736006,-132.27282131370438,-75.07855000704637,2.0220257984709527,6.729477070702085,-11.953569079397395,364.7685138866608,-190.77505588239617
1771946504.2957685,-139.65113653189508,-66.45753661606881,-4.649157551717974,14.60684204393291,5.257017567455766,54.45765482949885,182.99485694845941,-28.75722628369092,-101.24070117658387,25.087840672383063,-11.523629276738781,-20.655397648161088,356.0164236691462,-102.64771367136585,-24.36811609940893,-21.50813265352366,-1.6345755217965416,15.750920724262574,-49.97901478347856,377.34867831102713,-144.50188928842476,-134.5017658332404,-87.04294890169116,1.478619043575794,28.141293240276642,18.245426629876512,119.27925039224958,190.64837185830518
1771946504.2996645,-139.46044304400834,-79.37145159469712,-6.356848313473621,27.461334126282537,19.13956441865306,-311.3393029890969,-62.93980287463394,-28.629248406418718,-104.95273055810226,17.47540463132672,-5.520843483258955,-7.530862253851801,284.1251849083859,127.53240985285227,-23.666607896712172,-30.83732076224032,10.294318233132712,11.73002428840281,-94.00954887405362,366.9678790464482,150.8049107825216,-136.55915805785233,-97.11396134109074,1.0031616720617547,43.388933521574025,32.14522570302131,-263.14505516175365,-60.14862123899724
1771946504.30356,-139.09164077764575,-90.55152693993315,-7.889644480358889,35.351577143951936,11.893112935810253,-319.1797816458521,-118.14297629288744,-28.276193691135866,-105.81857483169277,8.400232408787542,1.610473538016822,21.423845345113396,-143.60999701425217,-88.13364409384647,-22.824789749096237,-39.15822120531231,21.285511462642837,-3.7298624752935594,-65.10642283410219,-93.35554022806703,-90.27990938920422,-138.4609105705518,-105.09768844417638,0.5161539456576144,49.28763225856307,15.678160036376793,-350.5258685334668,-121.13617790829332
1771946504.307456,-138.57487743390337,-99.83699073071374,-9.35074968631652,36.1340181475163,-10.702388428964854,41.6469420867073,201.35446050471944,-27.72688744765339,-103.8341059273249,-1.4230336199443225,9.463144134728912,45.16209076413932,-424.926479978707,-11.870332947364728,-21.86576851105733,-46.27699697063802,30.281001489724932,-27.423986117664338,28.583303111826325,-441.68416615283246,-3.3926851240142453,-140.22153495069765,-110.83989220594314,-0.062004391382829364,44.69297808878147,-18.689774677462427,-28.50727848701338,192.3151691040876
1771946504.311352,-137.93883480646005,-107.10203166355545,-10.820526812111735,29.041755612361964,-27.562215207034956,365.07093488599895,-165.64041392343748,-27.010291065538176,-99.06423787866751,-11.218838270260997,17.643052145515863,39.860995323889966,-185.3612760114918,108.20030796958234,-20.81205288995842,-52.02310531593263,36.40388115880508,-49.832926402465276,120.09128381240062,-240.07952641612462,121.65890542522978,-141.85408700512448,-114.22944175945784,-0.7959437551114489,30.867388041462696,-41.498138839279996,347.4631149728442,-155.39040535300978
1771946504.3152478,-137.2106246357452,-112.25777310514826,-12.342772786727725,15.62271884559478,-20.322064270879146,267.8016919762031,104.6078864242731,-26.15526188839766,-91.64175788080972,-20.212175078874985,25.046962384219167,0.6046267238338641,314.92895533337776,-166.35676857708498,-19.68538998431372,-56.25518494115995,39.03899667119368,-57.69145554773606,132.34958346582516,256.16132950051787,-249.52194671748342,-143.370127082028,-115.2010698318646,-1.7224516381822046,11.602100806093956,-30.565997951220414,324.57775492454823,106.3605399705589
1771946504.3191438,-136.41569969842803,-115.25366000487514,-13.916042818023248,-0.06058725035646457,9.563515220443112,-161.60343230405672,-37.489144293967406,-25.19032040025568,-81.76453033808193,-27.689877156068686,29.47540445228334,-49.29164525397887,437.2437074427725,176.7981964688989,-18.506616806718124,-58.866449048316206,37.88989857174846,-39.58383238520701,41.91285956932719,411.92387083936984,261.9102804424808,-144.7796949871546,-113.73735179800894,-2.841604433092468,-7.398195230051162,9.444137310332186,-105.8536397334497,-49.80233383257741
1771946504.3230398,-135.5777794721818,-116.07821179319032,-15.490840804186917,-12.604067791823539,39.33654189205054,-420.0441933895997,-56.75490017234503,-24.143426292229634,-69.69111318493661,-33.05690328687685,28.008081730971856,-71.98305289828265,-16.610128298393974,-128.78445750759502,-17.295527365540547,-59.789363381014425,33.00679861307438,7.386069696982536,-94.35446489726354,41.39342432443437,-99.88577112706068,-146.09129896711957,-109.86982785536993,-4.1131612371026565,-20.182968033142192,48.46008084910244,-437.463140743168,-42.582431237417936
1771946504.3269355,-134.71878964491108,-114.75910263947318,-16.97283404910069,-17.517654491731722,41.90500111212315,-166.0728587051214,144.519560689933,-23.041764944207927,-55.73486587621315,-35.883203084158666,18.1573664336049,-44.01796349386149,-472.66457659900715,6.280002539550492,-16.070755749275573,-58.99940207791657,24.78291502774576,73.0151925222708,-175.72837832914948,-349.3293244274346,-94.96783673082543,-147.3119181522229,-103.67919971575829,-5.458765651338896,-22.84460729988514,53.56127059014433,-231.4552231893139,140.90959483618647
1771946504.330965,-133.85881470192444,-111.36254151062512,-18.231605288911346,-13.446349132828178,8.916703258773145,320.210130855202,-182.79266383074076,-21.91154577488382,-40.25666699053797,-35.937500628409346,-0.5039062744746308,21.694904461998544,-302.50696820868757,194.36700733994846,-14.849675485997189,-56.5176952499537,13.919519650837001,134.70398953317203,-133.49895709337102,-253.80927354522942,249.63473278036804,-148.4470178015964,-95.29454788682274,-6.76972927555064,-15.354967864625799,15.82920245002573,293.54693147649067,-195.95333321096516
1771946504.3348608,-133.01606284808915,-105.9919387653437,-19.113896414044813,-3.1662541875865275,-38.91562501421663,421.72871929800857,162.20362930083195,-20.77781382124623,-23.656396211991733,-33.20537543826487,-24.8652002218633,80.4266854226842,288.74897425126244,-346.51905110793365,-13.64831527334815,-52.41241097079389,1.362909565868715,164.8038865554576,11.737284549800991,153.8474471977394,-409.30528496089585,-149.5005766958155,-84.89153470098844,-7.919440076267759,-1.9438096469383213,-39.89385130506391,466.84559044308736,179.07160342473097
1771946504.3387568,-132.20684257876428,-98.78586259320262,-19.459877648317875,7.213908003158479,-64.65589287779616,-29.25780417604055,-91.42652323572143,-19.664275844092774,-6.363370413461262,-27.890267200280466,-47.92218268037137,86.68846750253958,485.5784913866222,264.2872373429296,-12.4812910376673,-46.79875116907892,-11.780870341849475,142.5750073141266,158.8097895866623,295.4876231915264,402.2277933200649,-150.4751260553337,-72.68958095495769,-8.77883767383534,10.28550696699609,-71.5708603175397,25.939634984160918,-96.86409189225294
1771946504.3426528,-131.44555025644047,-89.91530589643162,-19.120723344335257,10.641175291774776,-43.46279634609396,-464.4692776342887,-36.5130393702778,-18.593142208112653,11.174044671503225,-20.397385838449164,-60.46987643505466,29.868876782161287,-0.17694276542932938,-33.626700003644274,-11.361754180826788,-39.83748457415526,-24.345676419727194,65.46074428211693,198.4282321140547,14.982736896250056,-2.2041563219004323,-151.37179937902474,-58.94802873020737,-9.232991585527486,14.04804161209194,-51.76333293016041,-471.6141185195968,-41.09625964500952
1771946504.3465488,-130.74466806684418,-79.58030138753932,-17.975706655557186,2.328797825330335,15.181242129153267,-286.82776318432747,223.36975653002955,-17.584985703216898,28.499399358417826,-11.301855486363307,-54.86542842058859,-53.73033945981754,-479.5444904463373,-129.9563063691455,-10.301355759380778,-31.731987845719985,-35.21009757812796,-46.448398388755926,96.18747196480845,-235.54169414653174,-548.5377119796677,-152.19039257722613,-43.96132862378315,-9.19665381230355,4.99603683812739,9.420079354420155,-344.5055928769792,234.01704884376676
1771946504.3504446,-130.11477175308977,-68.00593998241683,-15.947142966007616,-17.37058784710754,70.47223287789436,289.25474827016666,-341.433385651068,-16.658618330567325,45.15943432174924,-1.3036491469593383,-29.354429246173755,-104.40517829040267,-258.2773740287227,333.5130088173797,-9.31022617839753,-22.723815961619042,-43.39782661352778,-156.17786597192926,-78.07736013894387,-93.12279738964679,726.234419540954,-152.92943375048011,-28.053316284331398,-8.626759078240905,-15.798565713778284,69.06016214975011,258.5453280068826,-356.7835515247891
1771946504.3543406,-129.56454759396178,-55.43786521648954,-13.011798596111802,-41.831625812299734,79.06958503738325,472.242305364864,223.63776066898973,-15.830986903736035,60.71538476960761,8.827110099271602,9.558669142570263,-82.67605427054214,334.89288516933743,-607.220852701766,-8.396969800686325,-13.086873869919481,-48.16438330154628,-224.18623599646884,-199.39025685529987,186.0316419600139,-360.83988874464694,-153.5862619790921,-11.570670955398192,-7.530208458879885,-41.152822023214064,82.1157331410701,507.86949516472066,231.3304632980022
1771946504.3582366,-129.10081818859578,-42.13733341684934,-9.207793628495258,-59.8978519283827,29.144190667551516,-7.180747044098658,13.030125609726166,-15.11708816493977,74.75402893703836,18.31016568903456,48.62126517624748,-0.48409536382309554,417.2893776536935,404.85329588579964,-7.568673733401437,-3.12031304288792,-49.06232863631014,-224.9369166401864,-179.72267083303686,143.904918175784,-261.2032853506737,-154.1571145324382,5.124323425765528,-5.96584912147442,-59.77046414222297,35.771465229758086,45.61307353436777,23.264635306743934
1771946504.3621323,-128.72857668428327,-28.375943881889423,-4.6365046396211556,-60.46124327933629,-47.1758612652672,-472.1854632459424,-147.07951132210172,-14.529903992975779,86.89819600040958,26.41574244709901,73.0460082379887,84.96186805122593,-129.66696962186487,449.47904340794025,-6.830929990726971,6.859672218589792,-45.97918613285623,-157.9188301562022,-33.575523942858595,-162.71720330703727,693.7075427196615,-154.63722193035412,21.661568326614184,-4.040275233860193,-60.80111336694638,-39.01590046623653,-472.45289363601984,-164.58905870348013
1771946504.3660283,-128.45102911025964,-14.430154144876958,0.5405458927467868,-38.0919806629265,-94.83850393192222,-249.27921390495882,312.2362312582559,-14.080357130269018,96.81645732042365,32.521012392613876,73.02042583760048,111.90379859908346,-475.1008008935697,-986.1922034922032,-6.187870231709472,16.52892539261847,-39.144904245123804,-47.81772195039439,132.93485667681486,-240.34452847038781,-607.4009338473652,-155.0209102602019,37.67132384722048,-1.8978306506448397,-39.24136141115823,-88.7890998701078,-300.5476533525333,322.2122445219009
1771946504.3699243,-128.26964448859522,-0.5757027902442051,6.109388760675278,3.220162948449781,-76.41708844813567,333.50381481585316,-571.6219010035614,-13.777287636145745,104.23174294067363,36.15802088696315,48.266676596337646,59.71088559825545,-93.34979881833883,480.5966857781911,-5.642212307874689,25.56501891251606,-29.108588656226196,66.21652665464504,201.10767953986758,78.1133606661542,103.52477496822576,-155.3017101007809,52.792579300109026,0.29409413477526425,0.6217605295144596,-76.6849720319553,300.8900341611938,-571.1900315858692
1771946504.3738203,-128.1842124330811,12.917932930022763,11.815110952329734,50.58713614332679,-1.7325702278269732,409.6247234711659,389.9758645573929,-13.627450004057495,108.92865167321855,37.04938936773944,8.378452499887922,-34.950844594269824,438.06949485517555,319.6466609700435,-5.195317895733112,33.65725476979392,-16.687112428096746,146.9953851076138,126.59635895492632,341.07281938559225,322.33999390148614,-155.47247138279974,66.68142129201733,2.3627874552770125,45.9717895678505,-10.154819012104866,438.4472398665549,380.2619922876814
1771946504.3778317,-128.19290802047234,25.79291547661343,17.376125817015215,87.18356844403105,77.11612360634075,-132.58324013746088,435.31001767207425,-13.635530619029545,110.75925594454539,35.129098784808264,-31.282428099444328,-104.33307012985824,313.41181619263807,-498.1116343318706,-4.847260501479634,40.516649339253235,-2.890788346606564,173.64655346227622,-31.00292430415384,125.63111419355587,-395.64294671681677,-155.52548353445874,79.01918954528998,4.148882336855928,80.51234603985161,63.85371901900985,-82.99106706968861,449.37264725588363
1771946504.3817272,-128.2923637710339,37.80813450540072,22.50005520096567,99.37429998498041,103.10758040323726,-469.9679124229124,-974.2048462268046,-13.80418498893518,109.64724075140191,30.54684301689884,-56.25849817345669,-99.13270485098661,-287.7707956554918,308.3526136711342,-4.596903076421277,45.88556597238109,11.16668988043481,147.6013482942477,-156.15334791808007,-313.1519152034326,309.65398838306066,-155.45260026666273,89.52020683127171,5.52373320535615,91.47449400219267,92.98089448052666,-466.9527331309147,-981.8294849180111
1771946504.3856232,-128.47774855990227,48.74388422638196,26.90008768245856,82.58658877508871,56.58915836715608,-86.428058183274,494.9498767741909,-14.134093928323761,105.5902592830134,23.655732739410706,-59.09539866308402,-24.416629942870966,-477.5009171489722,-253.36760811236056,-4.4419843619161625,49.54666144825696,24.365547840713997,88.49765381601934,-164.00006762027726,-362.9004305145021,-209.29252096581268,-155.24536829452725,97.9388732113999,6.40340591023543,75.16658224799693,57.42756104133336,-132.17636409308986,492.72215985058244
1771946504.3895192,-128.74285321544053,58.40602377878448,30.310810791439554,43.189090622012735,-29.5884638245359,437.8241466119736,306.9302335633457,-14.62403761462886,98.66043465661149,14.98442374411378,-41.92710221171627,64.82679922862623,22.546400940399522,136.39576180207706,-4.379212931820217,51.33082791991797,35.675536393658696,23.289752925100235,-59.32251291808136,84.40575529579553,-3.6693302294549563,-154.8951591861979,104.07592608911108,6.757578192334272,38.4360853267478,-16.349383508201708,407.58034383692177,314.4636852724037
1771946504.3934152,-129.080182496603,66.62952917640192,32.50271981815643,-4.432566918072572,-93.99171998435887,303.05777139151047,-522.0920849173182,-15.270986226230063,89.00298533196748,5.195931444456602,-14.430986373126165,104.78602409903378,494.14298096798007,219.104670592041,-4.404367784906272,51.12383862279277,44.24130728319927,-25.505436467441847,74.1131360778467,451.5379112028075,270.39030684074066,-154.39330343145784,107.78368496643576,6.612249062999248,-4.578484997998349,-75.8643128020116,329.04839971170964,-533.9263175916284
1771946504.3973112,-129.48105308378493,73.2813631025653,33.294838276862706,-44.20047466298399,-91.73676183811509,-297.8441411482224,338.1511877377271,-16.070205726165796,76.83299951377121,-4.963615530155965,11.426148105203564,69.39443518624579,279.69341238590306,-452.3470551187783,-4.51240428386017,48.871441960247175,49.450200379736394,-47.28773843167741,140.87329717516968,244.55141781811216,-360.8751726153029,-153.73122574222887,108.9701226496746,6.0458891843898375,-38.826678912276776,-80.96582434847775,-254.06068194858437,349.53904373841584
1771946504.4012072,-129.93569713374788,78.26260892806954,32.56510841931415,-65.05133200720147,-26.788560396133178,-470.3175231838988,-233.1759352168489,-17.015377225223318,62.43043116964801,-14.722297583697642,26.810813616612506,-12.270437567307816,-306.9283390126316,322.05991428945777,-4.697564200748123,44.58269445917141,50.97691262725217,-44.491188025358085,103.41484403466359,-281.8179719181793,238.969910970992,-152.9005805027735,107.6016331377066,5.179446853825791,-54.775778062671996,-31.625133545478874,-470.5708745813835,-231.50761873747643
1771946504.405103,-130.43337084752176,81.50983681991876,30.258387549046052,-64.80229858882893,52.572555376084836,45.68664432709897,91.53760890068638,-18.0987281955009,46.13343711930913,-23.3413860649789,28.939866704042362,-79.61988779891999,-469.63940790818054,-48.23443727940257,-4.953488562597808,38.331378145788605,48.80181142136594,-28.396025360572335,2.2818309500041565,-457.38447771413456,-43.615989908465984,-151.89338618365954,103.70439970335302,4.161361106934531,-51.75125019735386,34.56619635615776,3.4373773050132597,75.56992873444273
1771946504.408999,-130.96246743356932,82.99569070600324,26.391986048675506,-49.49845585480326,90.68785294244371,503.6028716700555,208.51421458393352,-19.31117362772937,28.33021936274666,-30.171469493933433,20.707135972839065,-86.06110063253556,-23.190179577412767,-135.5153107705935,-5.273331902170557,30.255410116439165,43.202178725523446,-12.45261688499785,-82.92255339780414,-65.03810826649492,-131.84813232849638,-150.70215747066518,97.36430269115951,3.149329403225736,-36.697725987202105,71.58412168495134,480.55608664037914,223.99676165408843
1771946504.412895,-131.5106338335634,82.72870408832965,21.058697978994378,-29.0959358092569,64.96319073946395,253.15178226006688,-391.0231861777609,-20.64246509512784,9.449576758925106,-34.70145597081772,8.116466023153533,-31.780773754122208,424.9935368373615,224.2214286176029,-5.649876462503308,20.55421807286478,34.71817033613921,-6.149087276507247,-96.22234898999224,398.0024258624383,236.7173167367326,-149.32003385756707,88.72534389827973,2.2909598736671275,-19.43915518237411,57.83664011939976,281.700672192644,-393.56906014827064
1771946504.416791,-132.06489056657387,80.75237080988934,14.427225393946353,-12.225994442978854,-0.560548434250193,-342.507334025336,303.93291824241555,-22.081345638318915,-10.049596534638706,-36.596761228543734,-2.714442071805644,39.59728369490835,323.20021899398625,-251.91400697386737,-6.075644915083422,9.484122254539473,24.097505328679564,-11.665540459719324,-42.13716135893046,366.381221704925,-233.8147548144036,-147.74090346705557,77.98660311006952,1.7055710475542958,-7.385002012103588,8.656940277433117,-303.57641319926364,291.96800940843195
1771946504.420687,-132.61175398959722,77.14351453852699,6.739818009320686,-2.8213517353919952,-56.86187435214752,-462.3787891442202,-100.70451920179659,-23.61570839316237,-29.689602016435394,-35.72384823077656,-7.741702534100857,75.78782730883765,-156.74629568139022,178.48834969585937,-6.543010208605863,-2.648170233199309,12.224666568699943,-24.2348103618503,27.478721906712316,-100.14011898223106,133.6481636439443,-145.9595208477929,65.39778253987012,1.4692794430497964,-2.5692009164004306,-38.661784679438604,-468.05503131934285,-84.11639431905674
1771946504.424689,-133.13736018103847,72.01001716407502,-1.6931268478622752,0.20376086875765081,-67.78941269099914,28.76416284066068,-89.02144347111705,-25.23275689525912,-48.985733219005205,-32.159343210156415,-5.98113466332937,54.41120900029613,-415.95328622299024,-0.048857426365831826,-7.044301219259222,-15.49378931863113,0.041554213680111834,-35.57118117495751,59.87709069436829,-426.6423317792375,18.11887470313343,-143.97161745643965,51.25343524656506,1.605150976589204,-2.133311943479594,-53.554310306024206,-13.79244350545464,-92.81959570873052
1771946504.428585,-133.6275895863039,65.48797975549375,-10.501805230333323,0.8867618412683617,-34.14850291978013,456.69946126231054,223.39479461731793,-26.919164997311054,-67.45827987937935,-26.183130695831903,0.6298840116939269,-3.2384517374509296,-176.87234234582385,-158.49098330599935,-7.5719029093332955,-28.671415345953537,-11.532991739109946,-38.423954049395846,41.071730137437385,-238.3635378295568,-140.5763820740526,-141.77400352550202,35.88601162680168,2.0796190125427807,-1.2808889462396147,-32.258954093681595,434.8433718741851,212.0143168826231
1771946504.432481,-134.0681915511286,57.73839920523369,-19.269375105222554,3.3575219871521202,12.693750124525199,285.8757893951644,-260.103086497164,-28.661234365525054,-84.64443628491811,-18.256043955787636,8.28384789748321,-51.51375771039697,247.09251135585458,181.4191242272128,-8.118349754361912,-41.77820073117882,-21.677618453946515,-29.95005787548008,-0.874594757571418,216.87012533578795,162.3871164184209,-139.36466007301104,19.657891917262987,2.80565071660456,3.332450368713761,4.067037039369396,313.7877342355218,-252.75042912367573
1771946504.436377,-134.44490787841917,48.94344979750406,-27.54813079630546,9.61745467768106,39.06935905777405,-222.2072062257928,196.22385702297765,-30.44504761900256,-100.10981295915617,-8.983933741027133,12.89703619721096,-56.10356098864539,368.9539559795057,-125.36619740497116,-8.676411310623754,-54.40157590401187,-29.73055300386745,-12.484211888968884,-26.190982028978087,400.54542974568864,-118.3888468402095,-136.7428199017623,2.952601897297903,3.652361799077698,11.560264869315988,28.623128021142804,-179.48260344603815,200.09147951533302
1771946504.440273,-134.74359453015043,39.30246283622097,-34.879437688038514,18.72964240449284,34.262984802500185,-425.50401507864046,-59.63670546360037,-32.2566153350527,-113.45926216034314,0.929070712574185,11.642318907132891,-18.47528616143142,70.84156983267638,82.61985198810511,-9.239168959699038,-66.13158383486518,-35.23452228861179,8.139810577393531,-18.278927687868826,116.28332941749639,76.19794374819794,-133.90903651536397,-13.834566107084985,4.460035915783578,19.896346749804373,28.841058883937954,-420.2787210124372,-59.128239445185685
1771946504.444169,-134.9503405532448,29.027699365225033,-40.81704588295473,27.543158828716738,13.174224257473938,-113.54799264349852,-109.68772934481288,-34.08201531750879,-124.3467461017341,10.734483544622096,3.8347421997019646,28.28828661701786,-301.61786408505213,-21.15072367392585,-9.800083039443484,-76.57336684638395,-37.961484229589026,25.381942991509245,6.081262936659777,-293.16220999361826,-19.433975871866647,-130.86523993574838,-30.306284831220513,5.058885709374976,23.553980445987733,12.128103991219158,-153.57374260812153,-116.99189582061949
1771946504.448065,-135.05158328137952,18.340010054398068,-44.952986702224386,32.49347151253841,-2.3681037507165015,307.90032779230876,224.40291099720386,-35.90752268324209,-132.48400115325714,19.69641677374176,-8.996499245478645,47.178434330446095,-330.3752663148424,-72.55871284194681,-10.353049718686549,-85.35941991188125,-37.91615769284449,34.462147953589295,16.85127548761036,-357.6961078694399,-59.281148691054554,-127.614778481023,-46.0730207685036,5.2894613608765795,19.423339789095824,-4.345787920436997,266.2641094290973,221.01096318125266
1771946504.4519608,-135.03421888854996,7.46447195660838,-46.944810644145576,31.513192191279842,-4.529803949560309,352.47247073945925,-214.9550985981831,-37.71972948244636,-137.64778137960693,27.147212488872817,-23.548764625717013,26.067033882894396,23.34216438237583,114.59463865967457,-10.892447113065314,-92.16122704835624,-35.319326259187214,33.75344869487221,0.8039016822002509,-5.997131156968088,102.65812655340729,-124.16244569008708,-60.76269894540891,5.022411838488657,8.321955941216006,-9.198227336222306,357.7333259073839,-200.6022967210696
1771946504.4558568,-134.88570742838297,-3.3739151593083214,-46.54250204198427,24.963958472849033,-3.5282855493680287,-5.856102064143183,108.95978857143257,-39.50565277038211,-139.685500819595,32.53752073326999,-35.36520600941833,-14.456043596593927,364.13558902584623,-96.5738681400846,-11.413170312306741,-96.69991269894598,-30.573682133779783,25.033801598126,-25.850646758042608,359.5007485468856,-105.53918429783539,-120.51449174933464,-74.02994526062444,4.175358101555757,-4.8956894245072435,-4.59173223732395,47.58308910624872,105.32216618023664
1771946504.4597528,-134.59417154017484,-13.954398289075106,-43.613058283236725,15.084440013752397,-12.572048625287838,-349.4491941476107,15.53962649648195,-41.25283029870501,-138.5191352099811,35.47703017856203,-39.67785042810027,-39.32872641237077,284.8113626426622,95.72314820594185,-11.910655204813027,-98.7555680040191,-24.216413294861717,12.736037029649934,-33.07336190850246,307.72239213949746,108.18578406110082,-116.67861894187372,-85.56465737688549,2.724947463312594,-13.73407917354447,-1.1120578632014457,-303.863150348317,0.8687893223046307
1771946504.4636488,-134.14848802274855,-24.064440220705617,-38.16050927827287,4.492292727881274,-29.65946980534879,-291.64579503128346,-96.72465432430906,-42.949403254627796,-134.14728850556344,35.76278671761076,-32.7451035045301,-28.1092594747549,-150.65560229349,-101.44673539504385,-12.380891206587409,-98.17495089833649,-16.86369570609577,2.3250479826659567,-6.403521446879759,-122.85802048366142,-90.22306157136327,-112.6639607795402,-95.09967104673434,0.7126921289015727,-13.738234223969362,-5.775816295060909,-313.48543005476023,-81.28448380904656
1771946504.4675448,-133.53837150512598,-33.50343080237491,-30.339135686079892,-5.053610451723227,-35.45541029689461,106.06054814336125,124.97341355975409,-44.584185706569166,-126.64537556089485,33.39300308154424,-13.58588208584419,8.516785914514239,-428.0453123592204,29.797514743626422,-12.82042318664258,-94.87730689779261,-9.152661059875497,-1.8440384157736784,36.591509685689005,-428.4290452826373,9.65069078002988,-108.4810446213175,-102.4173114204565,-1.7561134146897621,-5.213987247798732,-14.370076600898557,30.743731711873274,125.43871203686784
1771946504.4715316,-132.75444952219462,-42.08609330215296,-20.457866420708868,-12.780480766555602,-11.555704128085408,393.418874716005,-132.81418555537962,-46.146720620496446,-116.16391876843156,28.56539502926975,14.669518519649644,38.032407397338105,-177.53781539106745,123.23369886311482,-13.226343031635272,-88.8581128543781,-1.6862618375574763,1.5950871200982892,58.651909809186044,-211.12994978112997,113.82447078835698,-104.14173777170777,-107.35464883645867,-4.520338042021697,6.819113359507214,-15.04288752437359,354.31346327404117,-147.94864695378553
1771946504.4754276,-131.7883284350827,-49.64554963675729,-8.974309172158826,-18.17531135450885,36.69298361227251,224.3858954906701,114.07079578728406,-47.62732252968692,-102.92500313064689,21.660282155496255,44.83041336910167,33.633123579959786,321.19926456526895,-241.8910326206154,-13.596271447928455,-80.19060812369209,5.014196178659067,10.310765951724703,34.78992777092882,296.2016781259154,-204.46766379240884,-99.65917729377736,-109.80731518335574,-7.377016232114555,15.49877045407251,-0.18957753671957883,279.6145931263045,133.85353552836023
1771946504.4793236,-130.63264977566945,-56.03601844351179,3.522432564667534,-20.481328114250772,75.75993588346645,-226.36604649649792,-39.7712678098894,-49.01710718945221,-87.2169805308429,13.209867240969675,67.51456406944182,-2.562007227830636,426.2587230109195,210.5944102152975,-13.928330784419352,-69.02504520645634,10.54514004758679,19.140772887456166,-23.20539597951249,450.0497613832579,196.08218944004525,-95.0476840212981,-109.7317781463767,-10.099943696103447,16.044886634521973,23.81522520237437,-140.54911483370722,-52.73095631711343
1771946504.4832196,-129.2811367013784,-61.1351280914899,16.340128514017778,-19.21453915771303,66.97481249446538,-426.49279470833466,-43.82083178261889,-50.308008795086266,-69.3875580425085,3.8561708760752555,74.23408746060201,-40.20422874771635,-33.80254708350433,-65.49856545675217,-14.2211098489691,-55.58566233062582,14.643057531397025,22.139537768385757,-72.08493988221562,12.50104135831366,-105.60155283467871,-90.32266146725463,-107.1460142818908,-12.460903503860136,8.369522510797458,38.5250523294367,-423.2259251296413,-52.72267074589881
1771946504.4871156,-127.72863032634056,-64.84583268779281,28.721969720691373,-15.36208580520516,1.4812365898899624,-110.85353935026608,89.98186235148141,-51.49278553532699,-49.83544479881328,-5.69902765776585,60.474022581473,-45.611624454917646,-466.2865006711241,-75.13150876953367,-14.473621835476761,-40.16545030655312,17.19216756303152,14.940800157479055,-70.34021371982476,-466.259877893746,-24.32041413870577,-85.50048050151229,-102.12856665923793,-14.25127333314453,-3.0582346462848826,27.320476111775708,-193.87382134925375,121.38472827495012
1771946504.4910116,-125.97111579060481,-67.09792385025344,39.89328482964014,-12.00965851120209,-82.90396326644505,359.3778843919545,-137.85221674497635,-52.565014381868,-29.000766070820195,-14.748275263315083,27.664331266698294,-10.828297096407997,-271.2556010803525,198.8099909661052,-14.685256560832565,-23.11885278971803,18.21800182728604,-3.3275561498436295,-13.264568049213265,-328.0547256057285,205.97156658630857,-80.59835084864483,-94.81601844126976,-15.301730679093412,-11.857540492132697,-8.897570861368923,306.5109404706342,-162.5890321881116
1771946504.4949076,-124.00573806553881,-67.84913510887891,49.11348126727034,-13.326017033435345,-122.49399781389394,401.9966329394481,182.44803597976173,-53.51907611715001,-7.354482005865161,-22.632286559527017,-16.540262271508578,37.685742545609884,302.83075656498903,-292.03822989859054,-14.855728266884151,-4.852601640356726,17.868773198839143,-29.05000595038965,59.56626338672916,267.1155129805244,-349.993026119316,-75.63418066669257,-85.3989596109699,-15.498000986589807,-13.372178919112157,-47.77842210305212,444.3767293517536,183.7092092286522
1771946504.4988036,-121.83080764672094,-67.08583879872533,55.72951396867526,-21.989825627363263,-75.85654440728703,-56.768792335730765,-137.12304393947787,-54.35013172296081,14.612927553935949,-28.789322316101007,-59.86223035905887,59.30466560822313,453.4298772003232,224.1752201936894,-14.98502031564482,14.185053496496579,16.38742693711519,-54.46001657016952,92.65314110526721,498.852540650172,260.05172647305335,-70.62642568846856,-74.11656825855663,-14.791054538507394,-7.418531552984089,-59.21795212283781,0.33543023024179414,-138.28328616857164
1771946504.5026996,-119.44579641092109,-64.82333636208563,59.22670937934125,-36.37946295471975,37.07970682442184,-454.5469125652634,-11.121728734287148,-55.05409138684399,36.40323222242668,-32.79628166794608,-88.79141632807189,32.93303962187652,-42.11940961197394,-21.935457901700214,-15.073328190507743,33.516411845357865,14.077922020658862,-69.70145263288815,57.81122252581982,28.882760689373345,-5.598870784411126,-65.59392959206286,-61.24996798987158,-13.200791092554413,1.2831199822802521,-28.521367101460545,-469.5578896230828,-16.19621918040498
1771946504.5065956,-116.85132400083631,-61.10574215848662,59.27265033797276,-49.33477744234028,139.9397061401676,-286.76257308363466,185.53073340955373,-55.627577484734324,57.522382677024474,-34.39838872999857,-93.11256549755846,-23.618180076054315,-470.7791696330366,-130.2601484117803,-15.12100226120338,52.647334189614234,11.269541805488887,-66.49113096737295,-21.978403141861264,-477.1446404300596,-164.31735678376987,-60.555757399668046,-47.11455748934462,-10.812981504805515,5.440264393654044,28.637590852162166,-321.4105546749846,248.04310982163247
1771946504.5104916,-114.04913518428306,-56.00545941912599,55.750093140933515,-49.823979525596364,152.12901741678996,237.90163082306282,-294.9526793007291,-56.06788293920301,77.49230955589621,-33.525301884594356,-70.07090163063553,-65.81756111227504,-203.3177265410848,303.5561354812549,-15.128491742628876,71.0808225419143,8.282894412706247,-42.16222566154984,-88.15591589613747,-286.7143985184082,330.4574101062638,-55.53102381494883,-32.051536748856854,-7.769984479050055,-0.5818331577039882,73.31504259982124,271.86410980523095,-379.95977437545776
1771946504.5143876,-111.04206874434162,-49.62224608748604,48.775540433504965,-27.64005840401917,52.385659616742544,451.8185865990178,251.5240535419488,-56.37292636148993,95.86229819902742,-30.29259078218378,-26.218688692508522,-57.78423354218828,363.6653064724748,-551.16004934068,-15.096291205646507,88.33077091238437,5.400772026018583,-2.0100310806585724,-90.67585322451181,316.6331216166367,-566.0478939328541,-50.538718532824234,-16.418876874036393,-4.256443544186412,-16.73695224771587,70.24427893811777,496.7855629656933,238.96917164994457
1771946504.518657,-107.83401857597109,-42.081868036649624,38.701100554939416,20.34328862278619,-96.75736742229265,92.67032551560708,-73.77623331164101,-56.541205406831864,112.2196578279207,-24.988725043383894,24.346791497631447,-2.5795218413474177,379.2591128218999,395.2231126103289,-15.024890936142295,103.93548572461998,2.846261575397466,41.75402262205964,-26.649469334911696,436.60514408104945,378.8280547890713,-45.59753067763732,-0.5819956665597804,-0.48171221213179305,-35.9693082980788,15.77894403232649,27.212625559662175,26.056143073677227
1771946504.522553,-104.42988774479899,-33.53433689979227,26.09856024238377,85.28253767357667,-188.22486108236814,-357.6351222833219,-109.97905043416259,-56.57174980396783,126.19942005682482,-18.048897235217613,64.97331197404124,58.0418130997935,-183.78710220043098,385.4359534069316,-14.914732396204291,117.47058010126823,0.7695364316788289,74.43880564163861,56.7819404100717,-99.24825735529173,430.7523511747679,-40.72567459508968,15.095592329251362,3.3389180686951137,-46.9325870755197,-55.39650611070724,-474.83648041150485,-169.38524110295407
1771946504.5264492,-100.83553628532205,-24.151729523523002,11.726078593425113,146.19311873988963,-148.8734479348507,-320.86262816913796,278.5578138458836,-56.464075508252215,137.49282517533854,-10.01805165843049,82.6518125715525,75.72587667292039,-474.3578699792245,-937.0944715537905,-14.766169967024265,128.56086421130817,-0.756268022107306,84.79030321745046,97.9522423367942,-477.1023834252151,-962.7225239551832,-35.940719212448485,30.26138576766724,7.002044806030944,-39.77990960959063,-92.61799400144157,-286.9771756462955,326.44349080745826
1771946504.5303452,-97.05772351349044,-14.125587164688929,-3.520563416231557,176.34695293841807,1.4266825515950028,113.38164659484319,-446.6349004600473,-56.21814133464714,145.85438590476934,-1.5063152969718687,72.822819697283,34.48761462316496,-44.50856999432111,514.5945010168393,-14.57944000087655,136.8908846957895,-1.7306627991997556,69.6450341423498,67.24942700933704,-126.19086069469208,494.6154200460137,-31.259423122338525,44.58251275862503,10.331087020509866,-11.967381352617123,-66.12599540945963,311.01970382278034,-570.9096771542842
1771946504.5342412,-93.10404565138406,-3.663896556945147,-18.668805141501668,154.7429013727829,158.2972010766322,343.2076645467935,394.4722738871663,-55.83430927605748,151.10735605893328,6.859434634215364,40.85735943374147,-35.09289701100914,467.3928322268323,265.60983572589714,-14.354637999377733,142.21380844967774,-2.214285974057266,35.21060631695079,-11.05921518964529,419.7018941294629,299.6041554528257,-26.69757749312675,57.75361865392423,13.186795654078542,29.27534830868134,8.919624571006281,434.0139064047385,378.8930083132147
1771946504.5381372,-88.98286961001541,7.012337864378781,-32.737718111387935,77.61601701995014,207.0191831187355,95.2656823366812,54.073840482482524,-55.313309552244434,153.1474736963272,14.483912456730836,-0.3358670583764437,-78.92275472971492,292.65691215460254,-505.7469164933808,-14.091704522155526,144.35839711632144,-2.3122493926861156,-5.582240621328435,-78.15129893510654,334.94305312796433,-522.9400559089466,-22.26985887253361,69.50381561633306,15.472411702443893,69.34897486647878,80.83294038504404,-92.78424032176449,443.4151720072887
1771946504.5420334,-84.70326379711925,17.672912151138362,-44.808658379176826,-36.316270370060685,108.48974578160164,-231.43522859397908,-593.1061621202858,-54.65621126379982,151.94489388015785,20.84783072362857,-35.58460917634782,-62.10213636894699,-320.2922493424594,347.9912607923477,-13.790420223064384,143.23387670592982,-2.15469252419573,-38.49259793397086,-85.60567246143265,-256.1558455353387,347.0520204638383,-17.98969387881704,79.60251580821142,17.13325289890978,92.43068968345469,97.8614512045511,-468.7592999226106,-976.8171806193119
1771946504.5459294,-80.27492676693646,28.082602981659125,-54.092470004018274,-150.75742510444996,-68.89954344101547,-176.59670952014716,730.4664386911278,-53.86439931038979,147.5442746507254,25.54495409550552,-53.372257892362285,2.849576293092899,-481.4686434793451,-252.30604611129172,-13.450410177671714,138.8325706923458,-1.8769542464206397,-53.70872424906473,-31.121795301221884,-478.1701155714409,-236.0042838199304,-13.869137617265162,87.86400824741918,18.15125537472511,88.37050451755731,46.41314993443419,-126.585791557939,503.9109596375108
1771946504.5498254,-75.70811443254975,38.005669960359576,-59.98769242358274,-225.66436993675325,-197.80712041176488,125.04422646357517,-341.41835134706764,-52.939557986623484,140.06302963731602,28.30907976208596,-49.81974746798593,65.37977325217652,37.77542306007842,104.46736098835842,-13.071157412537604,131.23023262711044,-1.60158207253063,-49.260049888620806,41.84902103176173,-7.01960386040056,81.51666940789436,-9.918767436336159,94.15068251800004,18.535680760111564,57.1497077479169,-37.84910853926152,410.1574557084402,299.8094847537356
1771946504.5537217,-71.01356648790807,47.21062634800519,-62.12488403489216,-233.90522470990993,-185.70133768880413,187.9770096751449,-297.090264206761,-51.883661451512296,129.68780919358423,29.029116683370372,-29.136730123324526,76.85175180905435,501.35367374214314,218.01240332975038,-12.65202532721751,120.584082441756,-1.4239954619671888,-30.64763432528075,78.88876776322142,476.4741480211053,226.6285794639067,-6.147593401790277,98.37484784099745,18.31172393393869,8.951910214686444,-95.26612091070143,325.1234386932208,-543.3312172974979
1771946504.5576177,-66.20243268048718,55.47520745349163,-60.39330905729886,-172.8509257589903,-43.14173394021263,-73.93633918732468,731.3101366379915,-50.69897109898288,116.66931729600907,27.751443022204036,-0.8309741563595043,29.08264620253151,278.9324378062827,-415.57454011810415,-12.192288536261524,107.12861666841685,-1.4030675541122364,-7.310651751820983,55.8442549295682,293.9277564276465,-404.185980156399,-2.5629866286776086,100.49914168760094,17.509048221229158,-40.10949322952921,-85.5687845236337,-256.556449865923,372.9604413216913
1771946504.5615137,-61.286199626977776,62.591446860793035,-54.9477417757587,-65.3528911875705,125.12128400480643,-225.47285493807854,-608.8618024626618,-49.38803969135994,101.31561362383752,24.669765662386965,24.508279551790263,-39.57132983564294,-302.531634369896,313.55279374820327,-11.691171509292031,91.16932588605032,-1.5572496887159692,11.853338726546674,-5.167884192294454,-284.35040425352526,296.52574172333993,0.8293736610375755,100.53556728502318,16.15229303282889,-74.58240357824366,-17.064840576855854,-465.1124124631422,-228.4331425426081
1771946504.5655,-56.27661893673422,68.37075158687867,-46.19487177152305,50.249947806757326,198.8653727282533,5.5726608819227685,70.32297527406129,-47.95372190801391,83.98408927958992,20.103710571908117,38.845803700385666,-75.31576908001132,-466.45868554190014,-89.58754183824884,-11.147894204712273,73.07451215653143,-1.8661998757501816,21.630422540305588,-55.73059441377662,-467.19491286800053,-76.6673580687732,4.025533786014644,98.54324232633634,14.2553309338731,-85.50730715761186,60.21526652153176,10.714503245474251,45.40331102655832
1771946504.5693965,-51.185637464348126,72.64885031350144,-34.76057033093988,136.1731231662749,130.5385794993048,283.07386269542917,344.3405046975906,-46.3991907235104,65.07233913063561,14.468255221483394,38.698441794860635,-51.771878977175426,-33.63729842056953,-107.35030604102083,-10.561723686900143,53.265453170872824,-2.2772616499150087,21.29823961847152,-59.60455400538968,-37.17175178797637,-107.72457017217869,7.023279660701127,94.62497931228873,11.820513574335001,-72.96813402057542,91.93791278659606,477.546459843882,231.38924350936745
1771946504.5732925,-46.0253305250832,75.2904759469186,-21.440922774531,169.70829080621922,-23.388420471530296,152.88879382657066,-395.3592245979446,-44.727958824290184,45.00818142782293,8.23679557254032,25.484592630266558,10.059503865226882,411.9034613545636,257.548778858533,-9.93203054436974,32.205205480923,-2.715643473579136,13.5648673279674,-19.065347329127103,416.30618394737826,234.60235145887955,9.822131181841916,88.92284952466163,8.843396832309363,-44.720598885198584,58.89387913586958,267.62106551773957,-360.6075342502998
1771946504.5771885,-40.80783885169299,76.19363657199916,-7.141281673964354,149.9097298094554,-149.02775380590987,-249.05329754744187,311.8632035686,-42.94390413357035,24.23909469266073,1.9010646276317764,4.594616851514318,60.19821651067939,326.1437551010816,-297.8041903282391,-9.258348822237817,10.386374519697002,-3.0968208350032973,2.730220949917443,30.23413512857434,325.85556376668666,-270.516146194558,12.42331708018676,81.61290771312429,5.322573658113146,-12.197419230106739,-11.053098026409755,-312.95055182599464,270.05464067541214
1771946504.5810845,-35.54530993986446,75.2933283710279,7.191474014954623,94.44957675897466,-161.10894288183533,-347.29719546855,-209.24375658373106,-41.051298413361835,3.2213530497470333,-4.068735112507412,-16.54417287315781,60.496908831496384,-144.72484190823454,166.2479205886664,-8.540438122588693,-11.681796194455414,-3.339542261035803,-7.0708071361763265,49.61414897423386,-153.48199168953113,176.287354177141,14.829730617360957,72.89927367763033,1.2733871637090688,13.999587114838116,-66.2469354309613,-457.3106908301017,-110.18688275054102
1771946504.5849805,-30.249844254304755,72.56454997753191,20.637851997257563,29.507126397462642,-62.18447267196913,44.85795314373725,-22.735539035643683,-39.05483780284367,-17.590854882995078,-9.260351692783779,-31.053111206128342,14.24909454272862,-412.98640447779843,49.12587212900193,-7.7783464635965975,-33.4866496368965,-3.3778600205622067,-13.119674920977436,27.588703519571155,-415.96252308692584,6.590788044768144,17.045866781557642,63.007779481004974,-3.2564399689227264,27.4654229229284,-70.43744031858726,10.554727692666651,-60.196055069652374
1771946504.5888765,-24.933446608548863,68.024488789216,32.370283550286985,-21.724595478633812,67.04420785328155,418.578074691407,285.11074554796056,-36.959674029131634,-37.756041652256584,-13.349605589554969,-35.04016324393298,-38.77834897083017,-176.577883458505,-169.73599311595655,-6.972472413190472,-54.52528204021818,-3.170807363088276,-14.633465240617365,-13.530589655394646,-172.8338685763919,-152.52823869460485,19.077741883901027,52.17939565480598,-8.171744461725106,27.475938631755515,-27.463829563123827,445.5402054440362,223.10712973397503
1771946504.5927727,-19.607982916711183,61.73376527245893,41.70829268520124,-46.86856854500553,133.58972507862927,253.3633255343924,-345.0369677373014,-34.771444936127466,-56.855500567448985,-16.12196890136826,-28.81403476857895,-56.316740131668915,257.9909846506609,148.96551918377045,-6.123624966658847,-74.31728666732855,-2.7086809585288396,-12.44259319947352,-38.14750885164947,254.50614486027243,177.60835063366628,20.93279665015778,40.66364591711132,-13.318141330266622,18.48610403079494,26.053238754845154,291.59173145301384,-284.21502888785096
1771946504.5966687,-14.285142411913421,53.79664178816267,48.16028322749407,-46.26611976576394,100.31990508740377,-257.0661542975652,216.45282224384124,-32.49630296389208,-74.50259860677426,-17.484137916212667,-16.24226083720843,-27.67952767639163,369.2561532701833,-108.4116279593927,-5.2330796613945045,-92.41672744152761,-2.0153222024161224,-8.049806128335106,-27.074359545466848,366.5952851612314,-135.68689004259323,22.61978406817392,28.71220871818926,-18.476111404912785,7.891369203616517,51.67649377356614,-217.67835604279563,199.71899143425858
1771946504.600565,-8.976405288573607,44.36012857364696,51.449229167535925,-29.68260706527212,5.583804689586514,-450.1649004056497,-50.03351771223176,-30.140940268403327,-90.35105981284416,-17.4650192659072,-2.635295961901539,19.7387694546864,34.962211820438284,94.64164820372507,-4.302629509168514,-108.42302402405663,-1.1462708131337918,-2.6987963423147026,7.712180620046767,55.616382522704114,91.56265507211474,24.14864343520244,16.57288713071652,-23.36305599815144,2.747164218340326,37.77673543611594,-430.0076149112686,-33.95229220661891
1771946504.604461,-3.6930155588442215,33.611950422677495,51.52104187208968,-10.302457432700228,-74.89204524954526,-73.08658386571337,-105.49358434437997,-27.712609251954664,-104.10204993646362,-16.206452307448213,7.6573618627804345,45.444680598864934,-335.5246364462623,-21.399418541871416,-3.3346294309803612,-121.99046727783345,-0.1831271082330754,2.921101140273813,34.38244332268794,-310.92335944530635,-16.866986186608596,25.530362251345288,4.484107080715095,-27.64459477060462,6.677488825198159,3.8641048278964387,-111.48054875697908,-117.8686547780479
1771946504.608357,1.5540412313852254,21.77737119400772,48.53590987703871,1.1930970329272743,-88.43646950330974,392.58116941213007,223.82929683833046,-25.219137343479108,-115.50991050212804,-13.94482907893149,12.77100756415193,30.182850137590282,-294.45688507455657,-85.9781469815057,-2.3320329714779238,-132.83612803288744,0.7751478087269581,8.282032377217785,28.622430553439234,-317.81132302809647,-77.50281073712848,26.776827777969622,-7.329922441790818,-30.955314593233286,18.32353052849461,-20.08668851635847,321.9057055532981,193.88954579113158
1771946504.612409,6.7540558688022525,9.114907661432254,42.84431435284672,0.3189207132853546,-39.95245680468651,365.6611861569497,-244.7787885647186,-22.668934941031427,-124.38643088139317,-10.985483182201339,13.491285034745351,-9.278763868599766,106.00498383880378,108.1669882462168,-1.2984201685811316,-140.74597171003185,1.622975590152863,12.538100042504261,-5.535246979264424,43.9583085841634,114.6764738648577,27.900670184932864,-18.663284497247208,-32.92798276869445,32.02996873208956,-19.747753595097354,355.9153712903578,-197.15731471268506
1771946504.616305,11.896609413062404,-4.089001242006941,34.950595085169404,-10.739934024311625,21.99587618829543,-103.0157180522789,154.495294560126,-20.070995544839743,-130.60359004440778,-7.672253168806915,12.294833381439252,-36.44723400164265,377.15455071167753,-82.79463872763056,-0.23801559965846208,-145.5790460688727,2.259760088054424,14.617559677411197,-38.51677956926719,365.23784970252325,-108.13750741049016,28.91509926226069,-29.331595839941183,-33.229050088150295,40.373800393032504,-5.588087394536211,-27.027334779550046,142.03772751522024
1771946504.620201,16.971583762050237,-17.526269092415173,25.467790889244352,-25.47555675177732,49.857445943546196,-428.3672116052067,2.3175889251181765,-17.434887277343904,-134.09474432079065,-4.354949008777558,11.817804315927487,-27.596722946103252,187.5246071710594,98.3110975175842,0.844304174357814,-147.26966763219968,2.601112178925422,13.917220597620434,-39.70675016905256,264.73579757928013,112.99598928377377,29.83373671654566,-39.17438069689603,-31.597223047740815,37.361837603899644,1.2471706886733833,-369.31131442892223,-16.023208883018075
1771946504.624097,21.96916947411863,-30.87424601148302,15.067948063088243,-36.66267139963912,33.27078322089787,-232.4247776405568,-138.0312170239369,-14.770735170282745,-134.85428157643508,-1.3575378778174856,13.355346845063261,7.734058814263953,-234.98034501968357,-81.2609201388615,1.9430143296533904,-145.82759155950254,2.5885544118250747,10.957056670761263,-3.9981523122469556,-164.77842510385878,-84.28869736484653,30.670446129285327,-48.05657538837946,-27.88111274714473,21.067590899534892,-8.107173822654806,-278.00540783730884,-123.04439198749851
1771946504.6279936,26.879871546117894,-43.803446551387104,4.432155140454404,-39.33390048222877,-0.5356194615908391,224.28957850568415,173.61998054744876,-12.08919376195074,-132.93580359795382,1.0502860088260664,16.021355197123906,35.74155710070212,-378.5913443270831,-23.49743345262441,3.051957035884313,-141.33620724074646,2.1967604519502055,7.317538926193111,41.65016498423138,-420.2154228771204,-20.571135445046554,31.43916269285613,-55.86919376201125,-22.071589113788892,-5.122737133422046,-20.447278705973513,139.13382292169234,164.03288228958078
1771946504.6318896,31.69451385635308,-55.98572994911747,-5.795764287452403,-31.993609948168064,-17.08376484706477,398.5741875156869,-133.60936100746403,-9.401409698335932,-128.44893623738,2.675849823843778,17.09998002634181,28.902659039119584,-61.424736137440675,109.60958096647255,4.164368446625329,-133.9488561534669,1.4376696684181933,4.782682627654659,58.381496559623045,-163.42330992625992,132.30668297200847,32.15372481700349,-62.529212705314556,-14.324566009184354,-33.10828775145496,-13.747093764800637,400.4851417648435,-117.75174024442886
1771946504.6357858,36.40424293861267,-67.10272126123466,-15.04862780563964,-16.21809165898465,-6.174473070429606,107.96289708605465,85.64241240001832,-6.718974207910102,-121.55490092513989,3.4188081997049724,13.618320584271336,-8.587058661718606,346.28554567924635,-119.51787839210091,5.272917430268203,-123.88341902415638,0.361144149167513,4.228258208731719,27.453419983109487,323.6977033542202,-174.6121093185248,32.827709612104506,-67.97876333688434,-4.970541786649967,-52.65901098277603,18.190058773376393,194.53301673430644,80.18900843427517
1771946504.6396818,41.0005317002859,-76.85424763253559,-22.865963054558897,4.405981750150495,12.553626421306697,-295.5191899356311,-25.75627096065173,-4.053865535140916,-112.46101100125193,3.2779003900632446,4.367721832859642,-43.132646604982384,348.1722320190316,120.86911274635868,6.369755815856075,-111.41536521247892,-0.9478371227308385,4.912250975274942,-31.660176178870874,423.735961269613,155.41802298974648,33.47427414629352,-72.18373497685818,5.4917156101817355,-55.530507443707506,53.346712518487614,-252.5693670556168,-54.760698058516176
1771946504.643578,45.47518366460926,-84.966555380929,-28.913416756421036,25.241635564872006,12.315020671010066,-353.0013791036065,-53.01298926925725,-1.4183816388386994,-101.41428047378565,2.348771541155848,-8.876121106855164,-40.78697736608315,-86.72093756024778,-120.47313265025578,7.44657968568832,-96.86949664904957,-2.375152892154159,4.529592336801367,-73.38734840868747,-31.316596344872295,-110.38250036142664,34.10600427671845,-75.1319141477163,16.418509460297305,-39.67296845546729,56.06747203733939,-415.3199732784421,-11.411538102100353
1771946504.647474,49.820338285674296,-91.20007161387541,-32.99119613336152,41.43184372252788,-12.500630344910107,-4.688997765150084,109.45425799242102,1.174936353838008,-88.69434981670283,0.8132039500176935,-21.794918622519962,1.536420134338285,-448.19175548362483,37.41708697770304,8.494701039656382,-80.61064956291777,-3.786136692235687,0.09162824370522243,-61.09941362268927,-470.3895820789609,8.479936958444135,34.73477275780203,-76.8307895380798,27.061063297457608,-11.380406823579289,9.475006005750434,-80.83775361082728,110.7318995701092
1771946504.6513703,54.02847781364385,-95.35647998031128,-35.03220425104673,48.956433000405205,-38.95898313638155,355.9520427789877,-135.65615071331993,3.7133892984744588,-74.60594302970924,-1.0792073997202918,-29.439141228589843,50.33332236775945,-265.7639829662439,127.71279401198606,9.505128994692686,-63.033638747479394,-5.0360616704773085,-10.493177975369969,1.7743438926322181,-290.5626374873788,195.41661268906154,35.37160819058002,-77.30515688872946,36.61958348792396,16.35001267530574,-62.0340500245156,368.46162107800467,-185.37179414107686
1771946504.6552663,58.092436066934,-97.28489415704372,-35.09133871436005,45.92248240477544,-36.33465297536017,310.40641019301233,138.49038407282035,6.184212997981288,-59.47107335189516,-3.035315117413341,-28.531326983346037,62.04837521900811,280.5734882987744,-243.06867669488602,10.468659529470164,-44.552741743747276,-5.9816699844331325,-26.574155816341044,70.48960988617833,293.7413359768115,-359.61921639500684,36.02657618322073,-76.59465554682738,44.307558516296666,29.23610981566627,-103.76598858003472,383.70115424321557,176.2461539257177
1771946504.659222,62.005409335528455,-96.88693363854343,-33.32799924322558,33.49032323296684,3.3964782779922116,-113.05681793988582,-82.77018366166776,8.574678004576192,-43.6212126063444,-4.74655812321389,-19.00871800838006,20.81715568750253,505.6300085808493,216.7081327862357,11.375972604752377,-25.5910247933801,-6.492880065104775,-43.604107366595755,91.21138712809838,480.93356472619126,260.54232182775866,36.70867387887611,-74.75136046661267,49.4209240980834,18.746359433629955,-72.21915071805341,-74.75793224148742,-81.07018450994899
1771946504.6631184,65.7609695380981,-94.12053286312836,-29.98415244211105,15.720225327938724,53.31255773700011,-429.22644020585835,-32.19296503092522,10.872195089973433,-27.389630946184617,-5.918654630197555,-4.239593598218516,-44.75845086439474,73.66875651068736,-117.03887451731876,12.217735299472213,-6.569808490107407,-6.463853503227609,-53.85676774082277,43.30641953498574,-5.631112262640829,-1.9784749141240163,37.42573881957857,-71.83753917919014,51.40579256026909,-12.60608549564647,24.138693151693523,-452.22605395829555,-37.96156990892802
1771946504.6670146,69.35307968482935,-89.00234604266875,-25.360329956662287,-1.8225250684753644,70.64724698871751,-230.15564953688772,138.67639840823355,13.064425066004302,-11.104099031373686,-6.300432394491402,10.054616557882353,-81.89381709173769,-487.7198428150886,-11.171962945663552,12.984709455514965,12.101442155506478,-5.822697707712664,-49.484898730324986,-41.64079632650851,-480.74234644194564,-154.09205944179743,38.18437296006835,-67.92366340280113,49.91810564966297,-50.574232728626,121.02999631961373,-272.43791144665767,153.35084200026031
1771946504.6709106,72.77611161709193,-81.60864644393327,-19.791724807500167,-14.150340502268044,33.135544686413624,283.3928839182184,-183.94788839828644,15.139391557013854,4.919876445058494,-5.709456454905695,17.883470077820498,-56.25148193658781,-416.4171511665932,240.19786983819395,13.667862250324191,30.034541077989918,-4.5391970843757905,-26.83289993068065,-100.95014427278252,-256.75386397861075,318.75848804389204,38.98988248425889,-63.0867415142955,44.86888644925387,-74.0627052318608,141.4845346620518,245.58869916869114,-253.90957390623348
1771946504.6748068,76.02486587471523,-72.07466003789656,-13.62615742056151,-18.75712289341471,-37.995256863639156,469.2663951998373,172.62526440428306,17.085595278179213,20.385138733690738,-4.052356989667366,15.60367053012897,17.698315933935024,227.22445684735155,-435.25055556121475,14.258478085746018,46.871086033416354,-2.6300929628526997,10.381664858948305,-87.82198031872811,337.2915240317505,-571.7363473297215,39.84623387456295,-57.40901310689389,36.44973853977217,-64.17369668894764,56.95722809993172,446.14379518293526,246.92545893421735
1771946504.6787028,79.09459340196832,-60.59231777547961,-7.205171712480366,-16.619860662946962,-89.986298914177,44.90012513362804,-126.39863152925288,18.89212831045665,35.01817158588811,-1.3381552827265961,4.135730256217291,84.80046295129388,568.3846209718156,286.09466309127595,14.748270141224875,62.289848619597514,-0.1615672645297149,51.22784829959102,-8.470274546103587,419.22393368402237,389.1951736378881,40.756026455141225,-50.977021267305155,25.13480981481381,-13.989709641757365,-82.16312799727413,82.08562331206508,-95.15046652041505
1771946504.682599,81.98101869154847,-47.406455888982734,-0.8489584845020113,-11.858707760384481,-78.77275551044906,-467.90338539009645,6.064548620905334,20.54878678245919,48.573507061922975,2.316595794248607,-10.573781643801281,91.26764824757687,120.45585862640027,83.18130390534182,15.129489883665059,76.0128924801768,2.751280335427275,81.49699335142496,80.230385360392,-130.35973391074546,435.5114850421362,41.72048142286483,-43.88105218549356,11.65748622310586,65.30926057968924,-176.1468249487105,-359.7223215058376,-93.61546458675485
1771946504.686495,84.68036389891107,-32.80953784977793,5.154741985797748,-9.919343967423758,-6.152600955938049,-370.06850758722567,231.78825529253945,22.04618032781921,60.83719445323856,6.691445100964248,-19.794870034835487,27.922643796090643,-486.0864063087389,-254.23266415220309,15.395032807894678,87.81030588870135,5.948049485150517,89.66206352267703,112.36071592408084,-477.52682625085737,-968.7688069942415,42.739447217572746,-36.21490603714946,-3.0375713732961938,145.726510458676,-148.80963751858857,-310.4672013569212,277.86698332486236
1771946504.6903913,87.18937340404487,-17.135014412379157,10.558065132399427,-14.681823481604443,77.31280254423109,239.0662400374899,-409.4617400584261,23.375836730128174,71.62930696247122,11.474413695313439,-16.406338264449627,-60.290866923930125,-384.2335631046006,314.19415395097815,15.538538747049323,97.50348143593627,9.229732865777402,71.96806831159171,62.8327088804864,-93.07385693399887,479.683641484714,43.8114209356248,-28.075939758230565,-17.864013895851468,192.17190688845088,-9.456601147611586,122.95403392496362,-452.3240214648401
1771946504.6942873,89.50533821523616,-0.7494791770592304,15.157401728068699,-25.720500566304196,108.64345235489046,527.2947485399955,268.93141255419465,24.53030027329883,80.80549546278007,16.282445576238803,0.8067917078651036,-107.26957883400809,260.6310350660133,-496.6483378332087,15.554485221731438,104.96692342478381,12.368368585276912,34.21962171911338,-32.80687858616255,440.58244754976647,317.194157896693,44.933585314384594,-19.56530355715298,-31.679736737029117,177.57091692972406,146.74868448133492,335.3314821373376,393.6304146865656
1771946504.6981835,91.6261195093171,15.956185187573194,18.795517043953527,-37.45621288499881,61.109639540122274,79.27576974676855,43.968513753492175,25.503222414347835,88.25762849929282,20.688691239913453,25.608325390924193,-76.22107335618338,491.03981267542815,349.16045229734704,15.438272437404096,110.12860997155002,15.11941700665183,-10.584004620774293,-104.46025561912145,311.1124892018087,-510.38890388140425,46.10186061457881,-10.788279644674107,-43.38204563177281,96.74136517359806,205.34838949851752,76.64333748381492,61.07997795121521
1771946504.7020795,93.550170539942,32.57644297075534,21.36220053834013,-41.340838830884316,-33.12397366241191,-472.6534419286564,-199.78169229994822,26.289443459325252,93.91358304685458,24.254846000440704,46.74540603663592,11.522031177871336,-13.922932996171614,425.6992108194707,15.186298684204049,112.96898001399131,17.23648353788013,-47.70475019481645,-99.97709477762751,-294.70597629927875,317.6320317762546,47.310970557639315,-1.8546231368767865,-52.003710315673196,-28.186477437754572,118.44112527054686,-232.49373304386287,-586.5501134638404
1771946504.7060995,95.27655615656789,48.701272283224505,22.794116238519724,-30.439547783821812,-105.45408669534174,-334.05411866988044,325.0075731192858,26.88506399743441,97.73627170943703,26.566335763922837,53.26496633093716,91.88949056447314,-470.70590660306726,-962.3394862210924,14.796025074527869,113.5186547839446,18.48783693419837,-66.66129138258651,-24.020709123368885,-475.9161556999052,-228.27111451285504,48.55452137871585,7.121199075964938,-56.80107511067449,-154.6100094652755,-55.97060717741854,-151.2866476652598,703.1773334790391
1771946504.709996,96.80496923425666,63.92659475554766,23.074306555750887,-3.9637479447165886,-102.17946275629122,281.20525938393024,-557.9944264700334,27.287504988290237,99.72200974945831,27.267853736577823,39.98046671996642,105.99896562645077,-193.99086554691127,485.5056467425918,14.266028762080975,111.85503739222462,18.67397507801606,-64.9044007876175,66.31367898582566,37.923952291884625,96.62716192547998,49.82509300856215,16.019974599394583,-57.325744957302405,-236.35444560526884,-193.66005247008775,143.38024713846366,-329.52706126992587
1771946504.7138922,98.13574335593584,77.86469025861668,22.23152340014182,31.049186457298738,-25.336748518211852,456.316969766392,378.9335307896512,27.495555591069202,99.8983388726207,26.096622950345886,10.295483840439127,44.0277225224633,373.10891817932486,337.3856495285924,13.596043967334431,108.09796079015179,17.645272710265527,-47.58012921914038,105.28741867952321,503.2614586425506,212.8405425037037,51.11434133049254,24.718011997367032,-53.47256397555173,-243.12381508046866,-195.078280471614,167.02739784163458,-262.4390876062631
1771946504.7177882,99.26986109548986,90.15431569302838,20.339268625195956,62.166111782747414,68.64376067511193,-56.62582086631128,446.44659738295866,27.509408018346942,98.32143254386683,22.910796540641876,-25.08726076905131,-48.068581145961325,360.03752123443707,-554.335922294902,12.786990270968893,102.40457250425166,15.318531476641052,-23.997987786703472,67.59705472374459,261.45323955547536,-395.0685483664359,52.41311032974697,33.08778679089787,-45.49857419093187,-173.39818891143835,-59.29157136666722,-111.00405142006369,689.813179558905
1771946504.7216845,100.20895727197453,100.47025174805826,17.51418054869304,76.97267204509768,111.4555964495161,-465.89576136826076,-986.3105272753655,27.330678881224316,95.0732094575262,17.710613894659943,-53.03228788007763,-103.41692971143901,-206.30471238976673,326.5668031784117,11.840987777203553,94.96365507097835,11.691085062742575,-3.0968165109366153,-14.746411136797791,-335.70589257288447,287.8488931831464,53.71155277262471,40.99902393992125,-34.01021441852781,-54.71730242094766,115.3092834113922,-224.41886277280344,-620.3891098385607
1771946504.7255805,100.95531663616623,108.53201556148923,13.91325605373356,68.7364574759358,73.80803775338204,-150.09522322855597,497.20793200030386,26.962416699203605,90.25827856133326,10.650308020859848,-64.00867787969352,-83.71563668000306,-467.6611562649093,-183.39900485551033,10.76135894186909,85.98958522171787,6.851037300871033,9.758137011641734,-79.38169711274054,-466.53567752528545,-80.816082787729,54.999257858503555,48.32024667633371,-19.918949237628542,68.61311389305811,204.13516962168256,49.611068902020364,116.25842918832157
1771946504.7294767,101.51186559743695,114.11149974155312,9.729373172860795,39.56279468316035,-14.060780961225756,397.6809545804282,315.0678755507804,26.40909547425205,84.00083102934957,2.039294375599519,-56.152943799564476,-6.1924324657658145,-35.72470110427076,59.72922559511821,9.552617090213955,75.71613249957744,0.9822602486972281,13.65260793660393,-81.85117542382123,18.911714163090434,-84.87753311686988,56.2653841175192,54.920792119779975,-4.368516136758987,154.36344175085495,147.76616587318927,310.2265573331802,329.74705029341055
1771946504.733373,101.88215774678942,117.03932730815797,5.184675672746807,-0.4183371687896353,-86.90348850363571,334.1253441970057,-536.212460349168,25.67659442135544,76.44158118807378,-7.668166536374875,-35.25927591672355,71.13149718659925,454.15125828768214,203.39512259735727,8.220441856235709,64.39028820962872,-5.637033323891098,11.139801062632332,-27.16180038346368,455.26295758431786,210.60200615071955,57.49879571469488,60.67326466852996,11.36025732115811,178.90217423563846,-7.111947086867748,122.454518906336,-418.8926235741518
1771946504.737269,102.07035306836733,117.20974660825011,0.5215857714916763,-37.41460231915216,-93.944575376814,-247.44479967686942,354.2366525574419,24.772164083626876,67.73483992603485,-17.894885339503617,-10.978459163189413,93.38206744742877,301.2488859701293,-380.55862494775187,6.771641926875547,52.2662984238264,-12.642996563327333,6.439333243601748,38.44724649365958,294.6376793802895,-267.51057172055465,58.688200297922094,65.45637091054128,25.958867828394553,144.21296337209915,-146.21004057260916,-296.31756387395365,326.7995121361745
1771946504.7411652,102.08119088816335,114.5839298571456,-4.008498439257206,-59.75956676130665,-35.09855497346802,-469.74590515108616,-236.15914268777155,23.70437917875615,58.045782584079966,-27.973474760497524,8.328413255101466,48.41316795769941,-266.68531793400103,290.4152200669907,5.214105600463442,39.60005190132165,-19.602510208214085,3.6105378058611026,66.36877727034805,-217.6058259120578,201.90946077285687,59.82228660086606,69.15805623505379,38.2050840237645,73.36798678052205,-173.8331578583933,-346.03324614726597,-200.1713503731842
1771946504.7450614,101.91995678052166,109.19158240631829,-8.158428070650427,-62.31010614536922,42.46164665613812,3.3425449990095206,70.74863163075872,22.483078676697318,47.54795114706063,-37.188292259026454,19.14437100290817,-26.798078336780463,-465.1121740928975,-62.955460529384766,3.556739817655722,26.643947588314344,-26.03696679089488,5.106906761981963,42.63730859133317,-432.4906983534577,-29.712958392289444,60.88986014315336,71.6788435739504,47.071126336523676,-1.9303100563544355,-80.52175354581289,90.51883635301634,-29.7878101596477
1771946504.7489574,101.59244378995031,101.13081476601731,-11.699730004759923,-47.49194494186763,82.34677642868913,481.8659892505879,232.62457358306588,21.119293794166932,36.42100891354592,-44.824186325124096,23.165759233966714,-75.96085391449131,-50.59548895206938,-118.84439047395017,1.809398498939601,13.64233821959121,-31.45254789846433,11.007674915486241,-5.686894764718909,-119.25124578034529,-141.62294756858722,61.87997549313456,72.93525808173194,51.81613046287457,-55.043400841300624,56.85353331826171,444.2818546872594,274.4045488696796
1771946504.752966,101.10490840705836,90.56627416220117,-14.437242066016672,-22.999168222795063,60.73482762392908,280.467976176299,-387.5616324163326,19.625164758489632,24.848744675066374,-50.21893954017628,24.91201940064854,-65.74840210985089,408.7668250943164,201.90954829533516,-0.017198819778843,0.8276167041784354,-35.375348228308425,19.17165757809722,-37.12696574729601,315.1720964378965,204.53040556537363,62.78206364649308,72.86320818593748,52.05422938909977,-73.3500544302317,138.03287623670096,229.6477924779847,-327.6860837200254
1771946504.7568622,100.46402180500833,77.72557684855921,-16.22278004544383,2.104602976103289,0.4014781539483683,-307.5673263109285,278.83906952805546,18.01384730301386,13.017303008617102,-52.81577860588663,28.32835485986877,-8.830696423923104,339.39676791042274,-219.3538745180021,-1.9115569625588305,-11.5830191631851,-37.38904272915278,26.24717908373809,-31.06155968265366,361.1992902410549,-170.21878240471364,63.58605316384124,71.42118479496033,47.79170029753177,-59.84040685469852,113.91864794452128,-289.666668607576,212.78293048178725
1771946504.7607584,99.67681694483876,62.89412657454521,-16.966585096784573,20.759451212839497,-51.013348492810245,-469.93204726022765,-93.13446892577845,16.29940992521464,1.11359903734136,-52.21202940982583,34.2439609384797,48.365576111963755,-131.75649243623823,183.5503033716182,-3.8615025558333675,-23.39011895862429,-37.17226881020114,29.03552380938077,-1.9683251524083876,-12.827764374952405,103.02185700296054,64.28248384949745,68.59313810424143,39.429381608244285,-28.391217520154832,16.45781350641335,-450.6741270798492,-71.07147632703425
1771946504.7646544,98.75063228513184,46.408447239346664,-16.645353539167534,29.57438160622022,-58.7438578506753,-12.10742113618215,-68.49776796831686,14.496723013151987,-10.676138001869564,-48.199971977602175,39.821259823695215,62.46204952696319,-418.8782394094457,-55.35562332942529,-5.854287742340198,-34.41387234336694,-34.53256777996542,25.591402439583415,17.68596620490501,-364.140729886352,-4.206484338210994,64.86261193656078,64.3908954949057,27.729719034453666,4.02531940229335,-74.27863248795632,-55.80848502559643,-74.40474871905948
1771946504.7685506,97.69305292955369,28.648196527929876,-15.305845596481161,28.82335041549693,-24.633069285791986,437.32144220024594,216.1233001423874,12.621341042889554,-22.16775667815685,-40.79622310602295,40.14714639649542,25.99268440807503,-210.88715717753743,-126.30568583649442,-7.876698900475859,-44.49538967415361,-29.433653730182257,15.787403447420344,9.106189532560673,-290.52267001619464,-104.10496771542242,65.31850591844483,58.855993244662685,13.751047340136184,24.567529128691653,-95.04091038812541,398.0023077448266,213.86393198597804
1771946504.7724469,96.51185008418453,10.027060581483154,-13.063397792331767,21.402776717972078,19.416762080871734,316.3822822477029,-287.7596587133503,10.68937913557255,-33.18057860206375,-30.256558749741643,31.16872152803316,-28.37196560119307,223.44805408811337,213.92444407197516,-9.915169043126262,-53.49743744304291,-22.012998374420484,1.4534754009062805,-15.405645044742952,124.17430701111101,140.18537366207477,65.64313230025873,52.060808177314684,-1.2452522333588605,28.517007636093638,-44.151624997313284,366.981231498573,-265.4594972337872
1771946504.776343,95.21491970350402,-9.017242603007046,-10.095092525471854,11.326485558054951,39.680872033128175,-176.71915547437018,210.64182601823566,8.717385298482416,-43.53886392884664,-17.073974848840354,12.448063062458045,-54.86260464248977,395.4822106372654,-158.92891942825756,-11.955892563080605,-61.30471082559342,-12.58725645861857,-13.830236881919127,-24.9801998988807,403.06104635499116,-105.7444463259786,65.83043065721573,44.10889315654029,-15.906541079811689,19.069225154419264,25.86707281532498,-89.32620835499586,184.38485103604137
1771946504.780239,93.81022122743119,-28.033600810570352,-6.627819007917322,2.183569568377599,26.30288060751861,-421.8100157223905,-24.499765333769624,6.7222096638919515,-53.073408680648,-1.9589295189561906,-11.906409875332526,-31.678904449569817,126.04895916487291,69.72229513732854,-13.984941039804685,-67.82373637085001,-1.6438888276980297,-25.5337941699928,-1.478198206093237,211.515666690767,74.74484693407109,65.87537752810883,35.134443089898724,-28.909671011459867,3.836801554191355,56.64567000251311,-425.57919006054584,-17.083164668708374
1771946504.784135,92.30571735824357,-46.56851897721173,-2.9219436731184754,-3.9781748270511392,-2.986859830267982,-162.28581939467864,-141.71670915440393,4.720872025014807,-61.62332474544237,14.197967302998757,-34.912547082317744,21.032903470109204,-288.6793855020421,-16.821127749992385,-15.988378882794349,-72.98250278203804,10.181590859497295,-29.821528185815982,39.262254193694396,-243.82937132478355,-48.79491149062295,65.7740388502189,25.30084542441419,-39.07979293759322,-9.65402372556439,31.32306559188488,-267.4306760001863,-133.74604444787553
1771946504.7880316,90.70931585231973,-64.17722679415367,0.7482466412645007,-6.919460815982844,-21.210023692567216,259.0759928609615,197.43059117827272,2.730428974692737,-69.03803733320531,30.379147395717002,-50.19155459124289,57.07130138016492,-389.0277450860051,-32.77822689813245,-17.95237762477925,-76.72991599450081,22.142102385285163,-25.642717819894404,57.57700062553009,-425.856333065473,-10.382396210116246,65.52361081767035,14.798299194561027,-45.4964175442773,-17.067390716114584,-16.70912514187551,188.00346541359846,187.80894361826495
1771946504.7919276,89.02881426706277,-80.43460293325698,4.115799384174643,-7.610122266349487,-15.363838909032216,364.5574800124415,-171.12683598474115,0.7678419549039512,-75.17951455764587,45.5061149449105,-55.17072658312542,42.30818349558896,-42.04212569041574,101.85647940719872,-19.86332770674159,-79.03516697898117,33.42731079136614,-16.06090538934387,25.516443048557846,-95.33757897219013,90.36223433669142,65.12244917351522,3.840517523126328,-47.57701348158664,-17.802712506123086,-37.62609802573327,424.6785052638302,-162.92394502713375
1771946504.7958238,87.27184851707305,-94.9456420438686,6.9422756660321685,-7.297340138203021,4.600024870594187,64.48100554072253,115.29256552853859,-1.1501525198103437,-79.92472167174489,58.5140302972637,-51.98120674644542,-15.135652922095785,375.5901313309308,-153.61894389144297,-21.707946658610265,-79.88708847857814,43.220655984470575,-7.541254672913755,-42.567074355718745,369.2101004886593,-150.46835067049696,64.57008702711386,-7.339440890762594,-45.1304330304893,-13.607210841890613,-10.776404294274773,180.10532942550472,111.9780061015579
1771946504.799822,85.44584600184972,-107.35520304782139,9.03699843381823,-6.911718317686575,16.894809909280067,-298.1543616012359,-21.95268440619786,-3.0071693027492508,-83.16826962755096,68.42958054605751,-45.47498578396811,-68.33331561326087,364.55800081445926,146.65094214137042,-23.47338269177373,-79.29356143189437,50.76097381941785,-6.943944807380515,-94.00693942805758,396.244684375625,156.2836377831173,63.867241365166976,-18.49413530366516,-38.37518104833555,-6.908889148456575,36.99064728677592,-273.53898872803416,-35.11368945379688
1771946504.8037183,83.55798399794563,-117.35679525663322,10.272612514601173,-7.004056131866655,8.289215579780597,-330.5760766675042,-85.57283390015891,-4.787296674700105,-84.82520432373704,74.44625798497134,-39.62502493069252,-68.44939565167559,-93.46978187283683,-94.59658671486572,-25.14731285019058,-77.28101334460287,55.40386396142378,-17.471078189149374,-78.32790232081967,-69.01378740287771,-104.8139635181548,63.01580852946251,-29.367395422450475,-27.92073494030573,-0.105773346849405,55.58353614307903,-421.82100855574566,-63.753212158361606
1771946504.8076143,81.61515393918073,-124.70018253548378,10.595473907608403,-7.810975361488694,-13.852729053823209,9.070365502804364,137.09978362312907,-6.475213068814959,-84.83385937400514,75.9910138082062,-34.52721311545055,-6.966225965455241,-452.98365384070473,16.3981769525159,-26.718034970970052,-73.89402939251929,56.67764064538461,-35.70507322361911,6.686864739042929,-458.8081287639017,14.238775889332134,62.01884905028141,-39.7005285295428,-14.713490410068307,4.263256885316895,17.814535628772514,-79.65270677167459,141.32283558341817
1771946504.8115106,79.62393209655664,-129.19761557924818,10.02980773666149,-9.01105524172706,-27.852553008987602,357.1155460643201,-134.49555790152624,-8.056297569784556,-83.15867279505518,72.77660601201902,-25.797464342094862,72.06381004468827,-254.6113118562348,133.72180526851483,-28.174552777593846,-69.19507369486921,54.328841222538195,-51.56862430736005,103.77238887326993,-278.39515346271236,130.32883394296408,60.88056230704755,-49.23892244612339,0.04785384897358495,3.493383790664999,-52.28230110483381,370.3312620760662,-170.1957719222214
1771946504.8154068,77.59055700632567,-130.72853782599606,8.675107022158,-9.317151238464918,-16.9695226008788,307.7950903304594,121.14790494860625,-9.51673337290488,-79.79284897772696,64.834812963305,-6.848127636995157,103.30214566702391,261.4882547213892,-310.94958234508647,-29.506653508695262,-63.26429525085626,48.35287359092907,-51.79298455117332,135.05571041929835,248.49682553644007,-286.3601556184026,59.606251519886904,-57.738866180785955,15.019847320976247,-4.333933092797021,-94.98105185265919,389.96513217749725,144.75009289559986
1771946504.819303,75.52091381941939,-129.2426498208642,6.696847149835523,-6.577971252308613,14.492049302821977,-121.04817970734055,-79.51885487049313,-10.8436035090954,-74.76073363253442,52.52698924221644,26.83624420811017,53.098178976534435,433.3831737210501,292.8268791220025,-30.704977606318526,-56.19937261318923,39.00642287028277,-25.967658194601647,64.55733172216587,449.2130734432922,283.35259362304504,58.20227958895015,-64.97439584307773,28.83503172642874,-18.62696387604273,-64.16800426443356,-65.47968815379978,-75.26961478962595
1771946504.8231993,73.42052560156513,-124.76125798201716,4.311214884738694,1.148681111843841,42.20314955506473,-439.9608545340638,-18.739700312510248,-12.02497828509925,-68.11976165359386,36.53011443349673,73.25576843004087,-48.290693897844235,49.75431853778387,-35.781664093499785,-31.761080132773905,-48.11533430581505,26.799640563780883,27.04552394252871,-65.93374417659909,77.62290637391304,-81.28297203759274,56.67601633579014,-70.7439638146968,40.224917505239965,-34.912043784151926,29.323980366727806,-449.5576581770714,-19.102012059068453
1771946504.8270953,71.29455150010763,-117.3768757611467,1.765135119769687,13.943236452575984,40.45324880840769,-228.62008811874674,142.44102093721207,-13.049994001122121,-59.96183563133863,17.7984105158047,121.54708447823346,-124.50894350145526,-362.2600637307549,-179.03410546982138,-32.66748370292292,-39.144278154633106,12.46780276315743,95.30541026954609,-161.14553866776288,-363.0680407100853,-124.8751205805329,55.03577776584067,-74.87672469351064,48.13403024556518,-45.05931555905308,118.3830937916136,-279.26241847410125,153.0796857096437
1771946504.8309915,69.14779157092643,-107.25108811019477,-0.6866429194728928,28.881155940531823,4.325903780491602,298.2719429577888,-218.96341175425667,-13.908922566812185,-50.41399614785543,-2.4973751568420517,153.68914418022078,-111.08456660895108,-264.34191414059353,237.92163554087747,-33.417722783457684,-29.434902444218423,-3.0760920063775776,155.31074892935848,-143.25165899914944,-303.10555445847365,261.466516630814,53.290758023233394,-77.23823347490952,51.81469091688822,-39.70638784618171,128.52938476372606,236.09556808173338,-287.7138858769971
1771946504.8348875,66.9846979004091,-94.61073360829683,-2.805320914942825,40.35536658327496,-42.85130660287608,474.7544352962323,191.36529928087842,-14.593231675073376,-39.63825525227044,-23.048989801298948,150.80737399553817,-9.249342561813227,158.0238358789236,-322.49542386043635,-34.006379254777094,-19.151756695863465,-18.80457932094345,179.77841151850996,-15.700087559250864,131.9579510677651,-406.63147458529926,51.45095471574406,-77.73536078916527,50.89396644067448,-12.478986442293175,39.11514943529042,439.6120413413666,262.6565061763724
1771946504.838784,64.80939148700702,-79.74250100520841,-4.390484937633435,41.98203943536209,-64.69985205888509,30.65591656265268,-83.74116109097668,-15.095635264507054,-27.830483019070503,-42.50230666756342,102.1995862218754,109.11116353019828,296.380772512505,361.0112541056662,-34.429109204827824,-8.47412162584427,-33.650122811492025,149.48466413446695,132.66150236285398,330.6197835306171,392.4863439866871,49.52708826552958,-76.32024634789755,45.406784405320224,35.4299234833894,-92.86975655609562,81.88702068752976,-49.22749787164532
1771946504.8426802,62.62568421415295,-62.98607615007984,-5.299072790415347,29.3599393708356,-39.76047681383524,-477.57449750130144,-51.834359205503624,-15.410134111091935,-15.218263740032107,-59.554653384465006,12.945607067059996,153.29792280203768,4.0716731620820426,-46.061983590702035,-34.68266103055453,2.4055632099508397,-46.58479491703361,63.9949225056761,191.01364176696094,62.30476829597173,13.965820034401174,47.5305159401485,-72.99313366274393,35.79231787148727,92.56723316584558,-169.80945998766498,-348.3825241571728,-147.89712410205004
1771946504.8466678,60.43710516943851,-44.726009984146586,-5.459028526401909,2.597211161018582,19.16362770440071,-354.84912742472835,218.57374669285772,-15.532046491812919,-2.057671370979049,-73.05025499928264,-94.41712718266811,84.37112215310013,-233.82766765925436,-495.6459360675175,-34.764885009968914,13.28379076068439,-56.69875049613275,-54.58035035440396,111.19777620699801,-237.19550354586877,-560.4175784827646,45.473141261301166,-67.80395564399011,22.85412628100533,138.7027723515974,-126.92446069669711,-291.77167687624745,255.80610067507075
1771946504.850564,58.24693050941129,-25.38250853708427,-4.876259663468243,-32.422221794418,70.97337056932284,256.3085613434247,-336.9036713328672,-15.458028923019842,11.371048442985073,-82.06617139025835,-186.31887966307954,-51.22589610195207,-65.57939635060728,726.1413555002367,-34.67473453543417,23.948644160148763,-63.27091828463803,-167.95161574186204,-52.38214092388566,-140.15151596745253,723.389206555965,43.367319542687426,-60.85257211124578,7.687864118611903,151.42441713840586,13.859983371673863,127.0512276080845,-377.6611788797134
1771946504.8544602,56.05821599113992,-5.401372058273579,-3.6341275694613335,-64.84684718915489,75.45274448659859,513.376661224903,240.1402301596776,-15.18608701825012,24.768860824761155,-85.98172757232516,-230.76170273915443,-153.78907342026622,203.2082675333296,-392.39446902412175,-34.41225919087545,34.183044323437805,-65.82584767606005,-236.27781894509536,-180.8194253282887,156.0365927729295,-349.1061953820026,41.22576032338341,-52.28759702284352,-8.416679884491787,116.08812981690258,154.15033111645207,310.5511686437826,373.79734050981614
1771946504.8583565,53.87383119480669,14.75666814731946,-1.8854123243143517,-82.09320759469833,24.65812328557566,49.14799104473242,-6.599737666954993,-14.715576584828883,37.82431450604475,-84.52568224417352,-210.65900585313,-145.5003697611928,112.80103718460296,-244.23818322951809,-33.97858987627444,43.76858225750444,-64.17173502134115,-234.68633829091456,-179.4161471141384,167.90940591976658,-271.5569723128905,39.061427436061386,-42.30379451134939,-24.09014954434075,34.6827830615489,189.687037440278,47.30100291155947,2.394173322408625
1771946504.8622527,51.69649439570571,34.62695159787608,0.16257622804155733,-74.86219761814219,-48.13399895497247,-471.3058200733016,-151.4148043474392,-14.04719520593257,50.220783622725676,-77.79715948341514,-131.59705704199897,-30.72683856256909,-211.19490949748922,701.4909780360475,-33.37591626817764,52.4898974616051,-58.41623189066074,-163.94001314370618,-49.27384690275734,-120.06418084476098,698.4840979477538,36.88743742939229,-31.138066327506625,-38.00428499360763,-71.48901750700955,89.45899045288587,-225.63953608919562,-542.4276149661833
1771946504.866149,49.52880704229423,53.75195820584505,2.268396891115774,-41.97011277579146,-90.71655884846425,-295.4508410335089,342.1659868872565,-13.182964718744257,61.644410033709796,-66.25852493068838,-20.09711950530066,106.13937504359463,-235.05177464902408,-617.2758111863474,-32.607457042707736,60.13952761344669,-48.95856322729537,-50.115705594895694,113.58835425143067,-235.12654600328358,-605.7709940273566,34.716957089247934,-19.064096904903774,-48.98770892295514,-167.98470238737056,-77.78929814862879,-109.6843089043576,731.0640909472138
1771946504.870045,47.373286832990736,71.69217420772328,4.1804889234577995,7.6363546157889175,-70.24827015434373,303.82737123903047,-598.8276486693238,-12.12620517424842,71.79253394653651,-50.70072339972282,87.03328167327246,164.41702086861642,143.19458239886168,99.5412261197367,-31.67742344457271,66.52311844857485,-36.45856819607452,66.57049611455973,190.86906322511925,43.89468182404283,98.53312813134302,32.563100849941506,-6.385765221177093,-56.126417664441114,-220.4254927484362,-192.07968711420898,168.0003387043001,-372.7760500837541
1771946504.8739412,45.2323984063148,88.0364887359829,5.662518797681704,57.38873855118701,1.1174089830308505,426.19638411737384,379.97428076906056,-10.8815010229004,80.38236299510193,-32.1838916873992,157.34957385265827,103.18519498779094,381.98742734529407,324.6814119953406,-30.59097692823803,71.46484913708154,-21.785312974844203,148.44879858705517,130.17943853033827,316.23087666817065,328.06411471944745,30.438828895500855,6.570525020809825,-58.84008933962644,-208.92131416685652,-170.5737179368353,139.51485122454181,-269.7323410390013
1771946504.8778374,43.10858065980773,102.41186660113095,6.517611174174617,89.52367977875868,73.50883519303783,-101.50196796667827,476.22747585637745,-9.45466037958167,87.15960130308724,-11.958102903348978,174.66470868460794,-29.162316009622828,79.75859497688091,-380.2980126217437,-29.354181694060216,74.81290022837348,-5.94970895321086,174.7914134221052,-18.52995218876134,140.39230588977267,-404.39671945551834,28.356846690785133,19.464404364236163,-56.92767613668525,-136.8303187960594,-29.13724310546258,-157.51245813158386,726.2602207568328
1771946504.8817337,41.00426974595939,114.49206082795087,6.609081905655348,92.55245125356477,95.1481970681354,-462.663481227505,-993.8205902284361,-7.852668247036353,91.9067429859941,8.62930226750594,143.0844367552037,-133.78568072464614,-391.05520368630744,299.1759843352814,-27.97395296329906,76.44477074986115,9.973074691771755,147.65308323553634,-144.27429884090785,-283.7668612266316,316.2426506290749,26.32950656653334,31.950755423501427,-50.578691654906,-29.513273273631352,129.69901039605818,-229.5591378066174,-624.9343128743054
1771946504.88563,38.92191690677639,124.00515389868009,5.875605849945977,66.19005146491686,50.334233616075885,-100.70846179477623,468.4233288004351,-6.083634511121398,94.45073036250798,28.232325467587618,82.28147964150695,-137.0435921929264,-367.48827001817983,-226.76060250029678,-26.458001771741554,76.27223982453275,24.92481520391854,87.4990058770041,-159.72017253337313,-358.91998938829045,-200.28712045117032,24.368711842605066,43.68932709889142,-40.349841092383805,76.38760623516782,193.01825413036397,92.59940143854946,81.99198306891961
1771946504.889526,36.86400048419332,130.73974843434365,4.339281855210157,21.39356778728709,-28.91448545737323,426.6684576734753,335.450375560366,-4.156737408591718,94.66968540272437,45.60302843904255,17.383922035421506,-43.761283909739824,162.93282925751436,15.833577068480835,-24.814776949157007,74.24576618054488,37.942284945796224,21.9888927149536,-63.32964974924548,61.83181647683547,-23.534004885803462,22.48582384246315,54.354458478829685,-27.109849601699267,147.98974402105114,119.93481138585037,345.2464423128311,349.9006473635396
1771946504.8940835,34.83303162411243,134.54966401777307,2.105740046428486,-24.50545135451,-86.37514452077465,303.2793250656215,-511.5439859458921,-2.0821630776121167,92.49844209069936,59.67882586291451,-31.221736171621032,71.39519867008573,509.315599051516,275.91944769927267,-23.05340485559459,70.35812506528413,48.22579938059942,-26.049584400970136,66.28915963628387,435.6933937658636,276.9083586652234,20.691572061455425,63.64461148123152,-11.958208637036813,168.4445448654192,-31.50329587849459,105.25596774137705,-392.31267544985667
1771946504.89798,32.831553363850986,135.35703573194036,-0.6437983987499292,-55.32697905107427,-82.61044085721176,-296.140304184844,316.5320536430161,0.1289582472562887,87.93263657911564,69.65373853793197,-53.985560056291234,124.31882663715581,205.05231413440083,-369.6662848012159,-21.183627392728205,64.6470957860949,55.19289840978267,-46.21065534533483,134.73777069500662,255.13401662450266,-347.34662342459086,18.99596773081255,71.29140861914476,3.8741903390443366,141.13209521432245,-150.9595186266352,-341.1430834266542,291.99550118559296
1771946504.9018762,30.862132985505788,133.15375138960928,-3.667823657644321,-62.710739748946025,-22.804170263746112,-471.12326503092,-242.08014739456354,2.464618887010127,81.0311515838675,75.02844171161063,-52.82203815258579,84.28459196167358,-363.969096761283,234.65927066590862,-19.21573876281081,57.197034993642916,58.51322782168135,-41.522111107659086,101.92415502299245,-261.8574891510087,225.58341481499625,17.40822107575955,77.0678817561158,19.133130584229587,84.88303701932288,-158.09419790314593,-359.87228679646125,-209.47298018574944
1771946504.9057727,28.927347723891064,128.00120712107585,-6.685809364100221,-48.77667128666305,48.74755522399225,49.334677320224706,112.50255963525214,4.912002813213896,71.91676130145619,75.63579424510392,-37.451209752163784,-8.666577613408753,-473.6230014899728,-50.79220658319667,-17.160521361579917,48.13920144586186,58.12243648202894,-23.98598636486888,4.923908525066797,-455.0212755594668,-43.243793773503036,15.936662659051441,80.7956582677286,32.647934783195765,23.788181566286536,-57.7715990980879,123.31144966131454,8.14665844045738
1771946504.909669,27.02976408621361,120.0284027326271,-9.403499198158942,-23.68979205905839,82.20819241420861,512.6212302186224,215.61261556021992,7.457556920680562,60.7748811829633,71.64061406019303,-19.82506006867515,-81.06077150564899,0.583839778663127,-109.62229670033354,-15.029181069154133,37.6507362890189,54.21479754884814,-7.602604328285132,-78.70854933966429,-81.9785353767212,-128.6941190315799,14.588669265589624,82.35084056784083,43.42761727514927,-22.88267318463724,70.56361351934746,478.3379501053085,266.09216364022853
1771946504.9135652,25.17191115577148,109.4284377317082,-11.539888710994562,0.20771839263049283,57.87750307344818,256.5347568153201,-415.36540545716844,10.087064323029612,47.85038972951143,63.51457933967028,-9.005755962146,-84.44847102073102,454.8419620684179,235.54239102632565,-12.833282096914283,25.952246360246928,47.21610908629158,-2.051708497294542,-93.02239054685003,384.6467974838897,237.7836845003613,13.370594798835068,81.66837212222916,50.73809579888962,-46.38301855890085,136.34870635679806,219.91050536296095,-360.3054629762087
1771946504.9174616,23.356248362103305,96.45350642582814,-12.85344026128249,14.30979250671775,-2.2377538382380875,-351.90667459582505,307.60728275562366,12.78571956779669,33.44255414993329,51.989097541587014,-8.234872160515424,-28.203885461871966,344.3051647998317,-262.22975474069654,-10.58468149562781,13.303984275094372,37.74005470133261,-9.33837540395344,-41.337176397796505,373.7264410179957,-231.11396000422212,12.28770666966589,78.74472774125412,54.154228085333216,-48.60899794985685,103.02398461654992,-328.5194322722783,238.11980870012596
1771946504.921358,21.585128352765576,81.40852637587554,-13.165147938534853,16.728400914397987,-53.68680967220956,-475.74001366916684,-85.01358135237317,15.53820569161959,17.89815668356144,37.99064095901237,-14.955761948350991,35.676695544330435,-163.63959169709258,157.98776099598695,-8.295463411635394,0.0006669245619433101,26.5324693015204,-24.284558689628014,25.894415072731398,-81.41279057972653,122.19080777220752,11.344128210937884,73.63881781101774,53.58294878994196,-38.16001619303212,7.134936620296899,-463.9128070225223,-52.72900163100313
1771946504.925254,19.860755780029642,64.64356755852617,-12.376361051578487,11.447544271041743,-63.09177126332939,26.173382741921095,-96.09160785690108,18.328773082449004,1.6029824778961415,22.564279925972627,-23.317350821882556,58.502783187657144,-447.8192119080502,20.04757454742954,-5.977873146855773,-13.634977150376042,14.408764884425427,-38.122623493526,57.00766806697961,-420.2324827686612,26.20191977429871,10.542787733946739,66.47105319757836,49.256554875594674,-25.013593301468244,-77.25693135812897,-23.212022701031334,-114.06955906843966
1771946504.9291506,18.18514295820798,46.54527772639425,-10.479758054430341,4.91335786098338,-30.20371037668115,467.8084584485052,221.1924946637902,21.141320190609086,-15.028109092943467,6.7918679592184255,-27.59977082053634,32.05172722558139,-198.26554069389735,-162.89223236170938,-3.6442510202438063,-27.2597926660543,2.1900744650054262,-43.14780714172262,38.61966769069157,-253.22142942607294,-133.7364939834222,9.885374898535854,57.4205765804701,41.697944193179254,-16.19301940200126,-96.06845243683283,430.9281210173823,224.29330562922152
1771946504.9330468,16.560063422745138,27.527521333943113,-7.56249409705899,2.255866648431824,16.300062167404754,299.64833384272663,-264.82397141609147,23.959476188764107,-31.562253226337333,-8.28850015791317,-24.733078959840313,-11.36299468332001,259.65513969690295,189.50095916795647,-1.3069659795683006,-40.51873071230313,-9.35654134677781,-36.090721747153616,-1.309251396628366,198.43688832222344,148.3433843068371,9.372305063282624,46.72072417487354,31.66208971589186,-13.818448535769505,-49.70687899615696,349.0836483794925,-233.93512717446708
1771946504.9369433,14.98700446100103,8.021465330603315,-3.8012574476488163,4.920411908457836,43.12585976301997,-217.72060565580213,199.11246318403315,26.766685680400133,-47.56046712335761,-21.755524171213608,-14.905429594707613,-31.606949332200077,394.6665420661463,-128.75365122280468,1.0216510845062976,-53.05410664260649,-19.569172511903183,-18.84349810672705,-24.054975130160763,402.2922369099881,-110.57383085626037,9.002692242186944,34.65283785847882,20.06001436859417,-15.77702863446965,17.144599992508503,-138.5956297991662,153.24489671343463
1771946504.9412966,13.467119735473302,-11.53464400058686,0.5503137243330424,10.462536721767444,36.49789589805833,-433.41753630551534,-45.882733943343794,29.546295505846384,-62.5900006098222,-32.86487980563656,-0.5897616402644533,-15.788742851123768,77.87651478788739,56.11194315442906,3.3293743173383037,-64.51532729191976,-27.929849662394187,3.195642651094997,-14.739859181109612,137.8423434257617,75.64035125638655,8.774331268380733,21.538600913061465,7.8728617137971835,-18.155800278168023,55.76103377592375,-434.4220477976623,-21.310457600153505
1771946504.945193,12.001183188003887,-30.705763199880746,5.180749455514419,14.299049017659614,8.498687146445752,-129.14641060568448,-122.42413897264994,32.28164364041491,-76.23677189955816,-41.0924762216358,14.875146009887462,13.88023748476459,-312.8278238043486,11.921192575378353,5.604150109381906,-74.5688076615149,-34.0888099847492,23.73586162742405,8.507627833561685,-278.33767228891423,-24.36995753401663,8.683689763965795,7.731119391836418,-3.935759966336472,-17.874377894510186,48.744386131037665,-213.06020839555848,-115.31296341426174
1771946504.9490893,10.589545454645874,-49.070143234167425,9.744756290791035,12.481857293619319,-16.463459384168186,294.90270868848063,213.90276250419598,34.95615014850109,-88.11749954564516,-46.15826351439667,28.253766861149693,23.854777230229633,-339.49279671655273,-67.53869920523748,7.834164442498781,-82.90778064169463,-37.87344854538311,37.749058522568184,15.913708293174953,-370.0085874748716,-46.20231440959894,8.725910499048084,-6.394987029098384,-14.501179043046822,-14.072122346744587,15.017716356593475,235.18360499951356,186.94924311446778
1771946504.9529858,9.232093998520527,-66.22898840201559,13.890083199980387,4.097260023204608,-21.99812135102139,356.30008847635816,-197.6218362943247,37.553410127607464,-97.89114353188326,-48.02973779493749,36.86144903965925,1.8797751535303375,21.40870088681261,85.3663112888075,10.00791026292218,-89.26169577786476,-39.28257782733104,42.59463582627181,-3.5730350397050974,-31.7120970674101,89.9749269228704,8.894824653791488,-20.454188285279045,-23.125757931204767,-7.795866670147763,-13.508480818212083,391.95081207279725,-167.122175809083
1771946504.9568822,7.9282180966343665,-81.81545422638192,17.28500866276174,-8.040347106924672,-10.47104696309648,19.88293554562287,112.15550448595812,40.05728850527605,-105.26928430271218,-46.90595934907073,38.922367966062154,-30.955461640439115,362.6642949593694,-92.42349214359416,12.114254722658007,-93.40490601566638,-38.467873023099756,38.296708716047625,-30.93793819439128,353.61507153590134,-109.43254698288892,9.182976384090018,-34.0610224014186,-29.328185399732305,-0.7277824055951501,-19.860392211577896,101.40360087807358,96.03977248827863
1771946504.9607785,6.676779742373701,-95.50277481745496,19.64421197842195,-18.870393776683517,2.7466697603134986,-323.42220200424225,-1.1528715590364624,42.45201643262058,-110.0250981271947,-43.18442809848038,34.055379414339825,-39.4765322469934,287.94456172162074,110.66009234156076,14.142506039355164,-95.16435525918328,-35.70536984292614,27.270827739738923,-34.89871954702407,331.6182792940378,123.88649723302626,9.581658979266914,-46.841117813839276,-32.87044970903803,5.847600863249148,-11.215518878823348,-293.08440456268744,-12.276035736144749
1771946504.964675,5.476091468127054,-107.01133301416814,20.750990092292444,-23.87115140824543,4.716517981061433,-300.56216029844796,-88.69911033651177,44.722288889348306,-112.00062877597371,-37.41442663173089,23.59982452431251,-8.019799365210552,-138.15147229006183,-84.9342946805716,16.082479622820873,-94.4260034025045,-31.360522370896593,13.536604228276278,-2.7163053222931484,-98.66470526578001,-96.08578116501035,10.080962814363955,-58.44192528470358,-33.761195835409644,11.222269452214363,-5.311529414536939,-349.43070080034283,-60.50903218097708
1771946504.9685714,4.323902021713583,-116.11451365339983,20.47414655895748,-21.381127759511557,-3.7139235746921972,61.153588120364134,127.23009351448037,46.853363017839506,-111.11210681763531,-30.24134826761055,10.356293672600033,41.779186652350155,-422.70074946340526,-10.424734039999876,17.924563047241264,-91.1397576627797,-25.850575881863335,1.4125500457533604,44.125511509056906,-437.05011240727765,3.652132801274301,10.66983521526754,-68.54283271411568,-32.23640561355327,14.943055615240931,-9.930406866846191,-4.904304198797233,111.17298088964377
1771946504.972468,3.2173907033780305,-122.64321195341184,18.77836377913299,-13.025150084634156,-9.935956335147175,363.52712153920334,-142.41534464800105,48.831156634975976,-107.35312736897241,-22.34702172966163,-2.312311879013905,66.33645225718853,-195.54492130762904,111.46424714944547,19.65977941312091,-85.32271866497283,-19.60786785202444,-5.9769626106366465,64.99020667435147,-244.1640009170303,111.93381292116854,11.336152228468162,-76.86435494752475,-28.720392334315058,16.72549496404047,-15.447662937302555,354.1528067001312,-149.18106490485545
1771946504.976364,2.153170984632331,-126.48890454340783,15.727423947312277,-2.19459304378814,-2.6269463663737227,252.84266907119454,140.18385096011292,50.64234629008715,-100.79556389835427,-14.39111376282608,-11.63853664694473,37.45451210835569,301.7916818182868,-161.10106111623435,21.2798486021928,-77.06059663208141,-13.047190379817286,-7.765844974216839,34.84911749525394,282.0131794451482,-191.4747919521006,12.066802109878653,-83.17612031619838,-23.77178995491386,16.83693837447059,-6.677374198257799,305.7379731197442,150.2843842385608
1771946504.9802606,1.1273038298070475,-127.60522823855854,11.480223502173407,8.129344201616885,15.908767564088228,-170.7239995197143,-68.87812118014044,52.27446412126258,-91.58816808718696,-6.95835713147431,-16.397279483167303,-29.790324130229546,441.944385594938,163.7481724108692,22.777245852345978,-66.50720654810878,-6.53960938890816,-5.5246408292592415,-30.61393964684397,476.66528472544064,197.78003142220885,12.847780158327085,-87.30341424975337,-18.020393744105654,16.431623485588116,18.287453343808014,-119.4090963618516,-72.30555460203803
1771946504.984157,0.13532096848486241,-126.0080493432401,6.28008601540431,16.656466797761915,29.50142307396557,-414.69327199373276,-58.296963331607564,53.71599263548693,-79.95288082347778,-0.5156565569677722,-17.345909138974623,-84.24547035280693,3.083747029077545,-136.308260208982,24.14525698844243,-53.88200918202006,-0.39423328505592614,-2.5601496192483064,-82.72085963758596,46.97707819979827,-135.98373546977143,13.664294364432774,-89.13208554704393,-12.101279236571282,17.17161299772059,41.37362756433942,-424.1329905632227,-49.73123121158388
1771946504.9882233,-0.8277417817173335,-121.77404327678167,0.43837135904999724,23.501505160163184,21.42235569773541,-153.29170817217582,156.26221417088564,54.95645644720407,-66.17895353862727,4.617866435563917,-16.96620806170662,-78.20177692112597,-466.7462676055919,31.738102663007336,25.378029587601826,-39.46572444273778,5.151545438088403,-2.641688242251144,-76.92520471867098,-471.8526715454701,2.114273383679014,14.50088122653472,-88.6116712977651,-6.5925639025348755,20.085684751738004,38.268708747043355,-209.2487923415789,147.0467325029876
1771946504.9921198,-1.7673012076300685,-115.03784077203488,-5.686241158936001,28.84171226516168,-9.213024310339751,325.37238162128136,-187.67835737027445,55.98650996717594,-50.61504953853059,8.286027690951165,-18.337370007324754,-8.366895348607006,-321.41878140644195,200.41294569946567,26.470619352892363,-23.59410237046415,9.93374459257478,-8.437717061523697,-10.47680723176614,-369.98607459785353,225.13984849840807,15.341530962449049,-85.75665136363457,-1.9625232141934978,24.368580404744563,1.8125916927960999,293.3817266320857,-197.04041018025498
1771946504.9960165,-2.6891736787774203,-105.98783253135335,-11.711181273508652,31.625970998819597,-42.46380080193476,411.2303129699446,161.66792616944568,56.79802000279965,-33.65956020623667,10.495368802906862,-23.2617326529139,76.4065084664648,272.742684318357,-393.4250147300537,27.419030983267447,-6.649994102688137,13.856626182646778,-19.954251130965346,70.94764004287832,244.85755721488775,-398.1645974477472,16.169821188972453,-80.64580174674838,1.4693758583363858,27.00268375060339,-46.24873171468826,442.1079467739423,180.86697344606202
1771946504.9999127,-3.5995129004348616,-94.86075761009505,-17.254426021315865,29.26306070037426,-50.512741065434824,-43.97002937769513,-82.31210061140233,57.384142175366065,-15.749429628658367,11.400299390647548,-30.45802328243649,110.05857089957465,497.74231311173503,284.77358041707805,28.22025281678897,10.946080425229226,16.882448642696424,-33.59390243569512,105.61946756868824,529.5606888548555,278.54541210692037,16.969057969707148,-73.41967580706172,3.5544777911829435,23.623598959059244,-68.29938193720947,7.089868874573097,-86.24908623285175
1771946505.0038092,-4.504739116681856,-81.93523008579888,-21.95829558160738,18.640298777701037,-20.300899616076098,-462.45578161870367,-48.841084734186374,57.73938999278349,2.65216900588917,11.27548895632581,-35.17345271877032,61.410499086445405,22.076050324526978,12.388456010575945,28.872284494831913,28.746621395438574,19.01822872759384,-42.75385973438696,63.49167168240217,73.08725396936197,21.167207786000354,17.722422992991692,-64.27630017101175,4.318666161510912,10.421017428905637,-40.84194223429062,-459.06071206022835,-58.17247827253772
1771946505.0077057,-5.411460581482575,-67.52438284802659,-25.511122319443306,-1.8023138885423633,32.17160928609028,-266.87598241686726,213.96852998399584,57.859695392963864,21.068923985400286,10.478395480783545,-31.130671174548382,-38.06248861798317,-481.5786116379064,-183.4177066191716,29.374156900613535,46.288805544373005,20.30165015621048,-40.44171978571333,-28.221785696084197,-480.82119674471664,-195.96294788061093,18.413125552549666,-53.465226102696796,3.948287752688823,-13.560343319795606,22.717900173582123,-313.25954323374776,219.77725119747583
1771946505.011602,-6.3263882507604245,-51.96782691299643,-27.66557381635009,-29.82937930897422,69.60130095064359,300.79742694863626,-309.4233544540143,57.74245962672273,39.02483743544561,9.405561562887957,-14.231466365357443,-114.91248962529787,-281.35752529798395,325.96008819951174,29.725943703084376,63.106788314157114,20.788058747372535,-23.080643691401665,-103.12305230029435,-335.15854440122814,340.86980765519405,19.0245579306585,-41.28012621423149,2.7604041618645576,-44.61184814946323,77.43179142535644,269.9472058511463,-312.51361337862556
1771946505.0154984,-7.2562448096302,-35.62313990713605,-28.252744824775288,-58.363683695756826,60.23703558449796,455.9801288340915,211.26439778880754,57.38659344958843,56.05762439960742,8.446750010937068,14.07381384417612,-109.00610227207137,326.3158031929942,-559.6772602220072,29.9287639591097,78.74430737757744,20.540081196492583,6.576169086864294,-104.93033771298802,289.4989707424062,-563.4167349816059,19.540452687410458,-28.050170108173166,1.160882932077506,-74.10134475300971,79.42161826641758,482.529057215752,218.4316072112351
1771946505.0193949,-8.207669322031965,-18.857107589697403,-27.19149554503543,-76.88950591614345,4.345204275304348,-31.738910222887238,-15.89182139544048,56.792545680433356,71.73164669920476,7.941092573328543,46.03634932393724,-21.063258308792022,435.3349534706305,381.5221414423716,29.98477533146546,92.76723017333094,19.620849223638647,39.46514004342363,-30.538131934093975,468.07910067404964,366.0805399789227,19.945040247681366,-14.130449354282888,-0.4051694180862873,-90.60352104234525,21.526837973819983,13.312268497773855,-20.574527986521744
1771946505.023291,-9.187118926279076,-2.0369461085548304,-24.492858690101492,-75.46064716139551,-61.544644452442625,-469.718889866791,-114.74877954794108,55.96231924793591,85.6499853202981,8.139184301957897,70.30851054177201,85.45300129802395,-113.49034064206207,435.86754416657203,29.897157550035995,104.77568466465938,18.091176167732385,63.62613786272402,66.58819149096588,-53.00769829577927,453.91821110926395,20.223205097994185,0.1082501528374281,-1.5055934144667111,-84.27842224308247,-57.22145428872003,-469.9957197942579,-122.66079363349448
1771946505.0271878,-10.200769075908735,14.478270532165869,-20.259630299959532,-49.75128837165114,-88.86797999423906,-220.16659601084447,313.7213523818728,54.89947393357905,97.46528396346372,9.174504045095654,76.85657839391054,131.12040696593263,-483.74124745014217,-971.9100027661494,29.67008582864402,114.41542009264906,16.010409061966065,69.42903323708653,115.82817430097144,-478.71841207625226,-976.0268239162513,20.36063888649189,14.290013414763873,-1.7708808427256018,-51.85536730955648,-98.42687935526747,-264.85692705234015,332.11660614177
1771946505.0310843,-11.254413871076238,30.34576275102129,-14.68148335577329,-4.439131588437049,-53.47296103234614,349.54333577043764,-591.8544383385613,53.60911517971001,106.88903860564947,11.046732112560692,61.60251279269552,80.82776768246174,-110.74535381685817,483.6561704310504,29.308694101643923,121.38806411114291,13.440150094484537,53.974213219237484,81.86198394340266,-170.2499131945087,482.789892809989,20.343988732281453,28.044377558890417,-0.9366958867882292,0.3872043296612665,-68.62838874827547,323.9211094020759,-604.1475536637558
1771946505.0350342,-12.353368085396546,45.24657674056218,-8.026096776556432,47.30297667646509,23.489911919975157,388.73028649698733,400.33002994173734,52.09786854473316,113.6990615780327,13.618528436581077,28.508332490574073,-28.919783307061987,437.41898477041354,320.41056822991897,28.819028146584504,125.45997345761859,10.449664496720997,22.507861967904013,-9.526995625119516,394.6161923061387,320.9263352606088,20.16099904811312,41.01661047743625,1.1246778997899158,57.67617638133796,13.206606508998535,418.6265078296075,391.4264098916819
1771946505.038931,-13.502372562595868,58.89231323209056,-0.626876074795508,88.41892886946609,88.08326765548664,-162.53220272638632,432.51141829623515,50.37383960125978,117.74491063916338,16.62619475759439,-11.89793331631823,-117.11245614753062,325.1163810263953,-518.2522835316947,28.207988854746894,126.46941499215279,7.121596110343027,-13.80018799792411,-91.41956126360466,358.43534570602316,-532.9014282738436,19.80064516217949,52.8773805867682,4.386727365949295,101.83730302699745,87.75541811739996,-118.64538088600915,454.4314102989407
1771946505.0428271,-14.70550468138568,71.03089647222079,7.132141649010859,104.66662579760717,92.27400693440386,-467.175389572053,-967.7141941194292,48.44655927908629,118.95114145812212,19.703455484233114,-46.87065868841743,-119.22351250824897,-284.14581127766587,322.24943194600263,27.483266086827864,124.33186100319556,3.5566092263267852,-42.65437381546806,-105.74357344397836,-221.36192180207485,344.0544239625041,19.253257045970194,63.33153391180096,8.666376385542657,118.25122421108625,99.29382131795842,-470.7772155134647,-980.4731639087945
1771946505.0467236,-15.966095522681742,81.45125643120348,14.833642048817687,90.3375762195316,30.46597853594747,-54.39957449295131,495.2593338414779,46.32691488529708,117.31831419034955,22.41644838925041,-66.57251234887208,-35.3540708277941,-481.860970533192,-229.72951121196647,26.653263738876024,119.04323645121417,-0.12423819865461433,-55.70002683506827,-45.28365017623132,-476.6636190824167,-228.00507838468906,18.51063156260313,72.12572767206122,13.636985067638902,101.55421824428551,38.29991365313822,-101.4082420549715,492.5939348520148
1771946505.05062,-17.286655242488806,89.98683183457361,22.0461471284348,50.498927270712876,-54.445705288317335,454.7185682249324,287.905531450868,44.027067279749566,112.9217587435961,24.30700560580824,-67.47552885830672,71.0556918477329,24.916687081229796,98.04466901556617,25.727016841530336,110.68101463498226,-3.780239936804499,-51.38842216472793,43.208701342484936,-32.08782002313134,74.60917658784945,17.56613182413891,79.05471134171202,18.8554078804696,57.654388199367155,-50.49418849225492,428.71459583823616,298.6313628438908
1771946505.0545166,-18.668808008409044,96.51783822975354,28.34442397676548,-1.1288897351711302,-101.51377270940047,281.8336562695178,-502.53087422595604,41.56035489155639,105.90817516120407,24.940501787379713,-52.56781546619844,122.13653805477652,498.98389603010884,217.54988456102518,24.714101673945066,99.40311874682766,-7.255307028523606,-34.39166439218539,95.56229948351107,461.2559094004939,231.11476463205366,16.41477243135898,83.96609394725333,23.80065956780273,1.3214518323365958,-101.51044518079564,313.25359258943837,-518.3806900666739
1771946505.058413,-20.113237703177713,100.97228264965514,33.33071216676306,-47.672572086296654,-76.66096968165998,-327.20725039925446,345.52712019699766,38.94118541266281,96.49021253714687,23.954019178056527,-28.818079991669535,83.83112534943197,269.04548107448585,-411.3864722666705,23.62453997034667,85.44464768923932,-10.385662798668152,-12.334045578144693,77.54016310759239,300.45499017612934,-408.7009257437349,15.053289554336263,86.76348814189483,27.920796365292976,-49.54651932729536,-77.84398526311138,-280.24265485561966,358.40626840104414
1771946505.0623093,-21.619645403129123,103.32574402759745,36.65622096863719,-75.53596679995675,1.80405638688266,-467.71299808196585,-256.71460102575935,36.184916145652494,84.93923101813517,21.10039194780351,-3.7923072415337944,-10.967095675367016,-325.07170421684026,301.7451410757131,22.468698372367108,69.11250462081637,-13.01039300027953,7.943201078229221,7.5156102243114855,-273.090323158434,296.320500818505,13.480195027912155,87.40797619731912,30.68398139169847,-80.50916134422678,1.2301284754187083,-469.11723665507327,-251.10332057788165
1771946505.0662055,-23.18671941390614,103.59997488840011,38.042210914605384,-78.93510379970193,76.7841684220246,75.26793397039683,95.46437302055315,33.30772416339541,71.57650600224484,16.28388372081879,16.731740420047146,-90.45612219990487,-462.5831020490658,-72.75862757101216,21.257184382950488,50.77806548790517,-14.983850154616675,22.51304928097418,-60.69418634568596,-462.0958952156214,-63.27660564031823,11.695813876508492,85.91789840752247,31.629401279442042,-85.24193361433623,75.84576535813686,26.229792847638375,74.88602063991341
1771946505.0701022,-24.812118444701056,101.86041259470798,37.29977894082623,-60.79293724877712,94.98971545630631,519.2361127719552,220.81366596209773,30.326467643297175,56.76317961071992,9.583821359685144,29.547348263984162,-99.4143896389681,12.024976959553893,-107.66130993263933,20.00074020064158,30.868080501597106,-16.18859279918117,30.300004041450112,-79.48232294955486,-34.27324705018524,-120.51294875337466,9.702304895861428,82.36701742847234,30.413736842458096,-66.54366623157426,91.7135848301009,487.96974899408696,234.36428813187203
1771946505.0739987,-26.492468343050835,98.21271621817517,34.34724127455265,-30.22482831270266,46.08069899467873,235.10063979842658,-383.32566389201304,27.258539908521673,40.889299119505054,1.2634139553236083,33.78366610539067,-38.562035286156004,441.84893796395517,223.85705408275516,18.71013590216028,9.854051329691114,-16.547377159707487,31.75176858248185,-41.148062934663436,415.03570103917167,222.82106397803102,7.503664085284449,76.8811606056508,26.849246553791307,-33.88102002973703,40.72208392732723,264.42905841593836,-381.1196716525924
1771946505.0778952,-28.223372647195237,92.7984683053501,29.22380676741119,1.5962411958293365,-31.284120908397377,-368.43830234062386,286.08704544327884,24.121717809720963,24.36230356023273,-8.237837221424975,30.45758819547389,40.963518634958646,288.0241726221454,-269.7688661835746,17.39606346102255,-11.75963149876885,-16.03273696436091,27.623008509798375,20.467144685700244,313.3661801874813,-251.8223822553408,5.105710885851737,69.63348589018808,20.930170646481304,0.8094243412859877,-35.16371748612934,-316.4098966468006,276.57640592042236
1771946505.0819106,-29.99943699587901,85.79019993990269,22.098114806300565,25.220120873011698,-80.25926347825413,-462.37613056833527,-121.10876815215188,20.93400614206073,7.595328319018291,-18.32836532986257,22.058973482850885,80.47802425060479,-206.17411955552677,207.33501851605754,16.069033063104254,-33.448473410130475,-14.672882581228382,18.620809161307484,58.80554743139417,-166.2674417635449,193.06459230734333,2.5160573842783034,60.838555350396504,12.845061183198244,27.106854545659207,-78.4233935790669,-457.0666096670805,-111.08698127152516
1771946505.085807,-31.81430718465184,77.38591171056171,13.27022206118963,35.29184110078452,-68.78796528646735,52.951376051197975,-45.12792345897466,17.71347986275418,-9.004305608114384,-28.304170395521982,11.93300651462922,58.17182153645337,-411.97753697017504,-23.1414133214715,14.739273154922111,-54.681240557501766,-12.55299501175181,5.781231665047486,49.84296817665403,-407.634867168512,-26.702906452423697,-0.2559391234056519,50.74543220184542,2.9737197206553985,38.77226825776899,-60.54977810819914,2.9243581924552458,-53.18282160500192
1771946505.0897036,-33.66072043352807,67.80327080512598,3.1657898311869963,31.415745180770926,-11.467139813872752,473.6793728599964,229.39579620236944,14.478125960827063,-25.046065483190997,-37.40119714074038,3.3210514470819628,0.8030170456813187,-115.58577237376032,-188.10005381905464,13.416635650382876,-74.93354625647667,-9.811444889151968,-8.98505824943396,7.090631357312038,-149.12915860398235,-171.17590486106306,-3.1992396063153543,39.63004058400648,-8.131408071977464,34.899693074799615,-1.5139029122042098,433.5600866629898,232.8691972315947
1771946505.0936,-35.530569260023285,57.273664812525716,-7.678432703536042,17.705871942232044,45.2743407734084,275.07484507305713,-317.5115633684664,11.24568688962166,-40.16631761411232,-44.85653057116288,-1.6706007349585204,-43.29737548425302,292.2492491344064,258.2273296801987,12.110507689630639,-93.70129471995465,-6.630989618727972,-22.691993798978817,-32.8418349526704,260.21511185811045,240.4290418542954,-6.301202056378368,27.787040852700205,-19.77835876767617,19.65055363110407,49.68038554180997,298.850684128916,-312.7669437166986
1771946505.0974965,-37.4149771986502,46.03628699117238,-18.638205846264192,1.1265645823122314,61.00181794226864,-247.59016568667462,216.48373212056137,8.033507462034054,-54.03728632673278,-49.973503616916524,-2.7226238713172504,-44.83236708582378,338.5595890403424,-150.84816581491665,10.829731248886532,-110.51362268207941,-3.2255440839273417,-31.729005986167223,-40.48227666351727,343.6898319514323,-147.01965757494736,-9.54767464532067,15.521477553587115,-31.181173279910034,0.5964263648286455,55.65495126423521,-189.41902140350348,199.76761265181395
1771946505.101393,-39.304385426525684,34.33241728606575,-29.034155563000905,-11.100051512998963,31.201431996961453,-434.8908764579347,-11.641590329552555,4.858387036575212,-66.37461962639206,-52.185221193387335,-1.302759646243286,-13.871498188352204,-3.128126224875473,6.064653647623923,9.582531748140177,-124.94499517372819,0.17637798972998867,-33.01862665988159,-15.20469263927285,37.46848142441841,23.97441417852824,-12.923102245331583,3.1404538015742816,-41.514722367693246,-14.090946103936696,18.853389396725657,-418.4792370951423,7.566481570855367
1771946505.1052897,-41.18864915040085,22.40004870626573,-38.171748077784635,-14.209669799909129,-13.527687548829395,-93.68534483375142,-142.95869781697164,1.736438732197012,-76.94337422950365,-51.110866950553124,0.004801223710541768,14.761566467365729,-332.01997956963413,62.625910753707814,8.37645663670352,-136.62613660576488,3.3500569391543062,-25.522908382299093,17.44868665435098,-297.28078761019907,35.492462217548436,-16.410645103491596,-9.054925018274815,-49.97497840406983,-18.742644333649384,-24.53135912577228,-142.19999737546658,-140.64689385116534
1771946505.109186,-43.05714243656768,10.468989268308412,-45.38688513661378,-7.601110265793967,-35.97605745278283,335.3057278534219,187.47427884273668,-1.317042676338362,-85.56229118622532,-46.59950373913602,-1.276877735439799,15.610846645348918,-279.06361887742065,-64.05856557654049,7.21832478065239,-145.25351107848405,6.093055015946941,-11.266023153224966,28.83420915887152,-295.46999857809726,-51.489659143464564,-19.992308312661454,-20.777113941378957,-55.84037647255231,-12.292258567214713,-37.684027776482964,283.81191810562467,160.66878732487064
1771946505.1130824,-44.89887006112726,-1.2434544839008002,-50.09432104155716,5.21905522837396,-23.351656469010774,352.19902274312983,-173.48329581061913,-4.287702637018531,-92.10629461776156,-38.75690453981989,-6.038289064313052,-4.88299820331809,98.70109316108966,52.95546747261887,6.114187311265518,-150.59710598172444,8.241995791587335,5.024521493279814,11.105901351957048,39.032148908629196,64.87492062523873,-23.64908064275976,-31.758999676976927,-58.52971793367442,1.591418282885827,-14.27820451490319,365.4339153786555,-153.14485310905008
1771946505.116979,-46.70258490800399,-12.536133934053337,-51.83544893443802,18.318943517182927,4.947799262369046,-38.254476945604445,132.3517276585318,-7.162237087720797,-96.50720872310555,-27.952214010477096,-12.512990769634664,-17.125769726645572,375.83389222123805,-67.43102612118255,5.069300386964063,-152.50632011487957,9.685953118757086,17.861132946354452,-17.295035938482176,343.40507993250674,-93.73295168868911,-27.361081275501657,-41.75991539115869,-57.65220516144153,16.326109234013305,18.509276057137622,24.313222043219074,138.26756032061581
1771946505.1208754,-48.456909398058826,-23.22700501631096,-50.321579593609265,25.81525289043334,17.945856289030782,-374.5525052032832,-30.816442262208582,-9.928489936943853,-98.75274984367871,-14.80285045446334,-16.530780310447785,0.26864192927513536,219.1995568406903,91.94217175650702,4.088110075175016,-150.913810370756,10.37506612536788,23.61014836154594,-28.457824707475023,264.84269084710047,118.09358676582102,-31.10771297507319,-50.57067055256296,-53.04564511629358,25.277793276575892,26.52721604031072,-343.108096851722,-47.40170678495855
1771946505.1247718,-50.15045937322317,-33.15534323570595,-45.46871422649134,24.19087539605729,2.905260916185032,-273.48304816936394,-94.00949328147307,-12.575536802040464,-98.88390787183106,-0.1378803884282124,-13.591711370696311,35.94855565843402,-214.64731491164153,-77.27284234154182,3.174249316397998,-145.83720706492298,10.323451312531725,22.214529663809845,-9.870132443988254,-141.70677602838683,-90.44726078957098,-34.86782019779139,-58.017505489265986,-44.79959282616918,24.47752362625919,0.8451143378414021,-315.11694061007597,-84.36920452599796
1771946505.1287754,-51.771968813476576,-42.18323230070228,-37.42005220396804,13.763710150847965,-22.455763072748393,147.33636883557665,146.07441196792118,-15.093754240995967,-96.99088186834815,15.058024176109678,-2.0732936839552703,52.47698484151545,-416.26861108009194,16.775213919983663,2.3305467283964774,-137.37866486322605,9.606054137099985,16.91734789893486,23.60405172881481,-414.3072936363822,2.5446929815817674,-38.61985061660527,-63.96491893986019,-33.26118505552003,14.273984750952131,-33.05868401994442,84.89418666615717,142.0941058375081
1771946505.1326718,-53.31041377253081,-50.19635743023121,-26.553104265885562,-1.1804541346264752,-26.71342477593637,402.8908090766995,-139.28771852924987,-17.474873887393496,-93.20777697353464,29.716163252663122,14.318081911950113,20.958525751465015,-114.59008489957029,66.46386058636435,1.559046837951072,-125.7222726401955,8.349709360646925,12.15256199606137,41.30664861901101,-188.74973292025027,105.20023974452954,-42.34201855283818,-68.31735554004328,-19.02258745166041,-0.6334640116202793,-37.99388612948686,400.4230541152058,-137.01485406056625
1771946505.1365683,-54.75513398113943,-57.10415816012778,-13.469284672026053,-13.921488120550572,3.8747387070313755,187.9323983063511,132.31396979839482,-19.712021091158725,-87.70630317615372,42.76552570027517,26.864247599459947,-46.349838273790205,351.7246620532075,-152.25693863407417,0.8610411509870094,-111.12940103007561,6.719287388266572,10.887081459148481,23.16996195226232,305.79512006819664,-183.07513446597258,-46.012468875459554,-71.01977764700463,-2.89027235912794,-13.011965700954567,-0.5629580128346237,250.23413095178998,135.85176406722556
1771946505.1404648,-56.095950643540036,-62.83941532231877,1.0348327521254685,-18.341980939363257,47.825227188426325,-259.9533750029764,-78.72386564441433,-21.799737897122128,-80.68874073976774,53.2181379257973,25.563827969221904,-97.30987881880638,402.5789007744591,183.53971721654688,0.2371092658935812,-93.93212010189235,4.900322071807785,12.889749559249791,-20.929104567994635,444.4782002758883,189.96746382970227,-49.60944000884681,-72.05717997902828,14.162332923654738,-16.434999687689963,52.10622769766669,-212.38018244344534,-93.09956877644117
1771946505.1443613,-57.32327900898084,-67.35736135041044,16.013890715168046,-12.371474190387696,62.912721945871006,-413.38583732714505,-52.385820781528935,-23.733990429224782,-72.38045083326399,60.2509471835861,4.816330195054048,-79.78483365939088,-53.37590189597074,-120.30723367073357,-0.312830974197741,-74.52486957827591,3.07989069794034,14.741908325141214,-56.19824941879471,0.2760536822271627,-124.48000798510029,-53.11142474466813,-71.45313424841358,31.05603418407518,-8.917408628487346,71.60008090913271,-442.89380778836704,-34.22856873905986
1771946505.1482575,-58.42823435102006,-70.63441210644291,30.43544913968223,0.02324039336500996,23.41149532151167,-72.17088031910006,167.39069344692854,-25.5121609451223,-63.02221199187566,63.27715641234158,-31.847944770107294,10.052178695615245,-457.0084664357812,6.478996271023976,-0.7894654581207475,-53.35460799147707,1.4277142731171848,11.536530119509035,-50.231173536401315,-474.8365098417354,-4.267293701660977,-56.49732758960454,-69.26747367186326,46.67700580011974,5.085629386008349,30.09956717363345,-141.9819026131182,165.9208281909345
1771946505.1521542,-59.40273007473023,-72.66662286352553,43.25315317625996,9.896312980963573,-51.17403113305711,371.7256710816813,-185.98658198470497,-27.133024976620607,-52.86265361539485,62.000570202807864,-70.80412790584359,113.50757096263801,-288.56967434078985,127.40514163305008,-1.1940191843223396,-30.909703780321887,0.07944347265339073,-0.399464841835454,-1.2880076056084513,-326.61752056420164,206.07909827772409,-59.74661744001216,-65.59324444211448,59.95312334017068,15.925715971935814,-50.00767011771178,351.92383381836845,-207.7783898563092
1771946505.1560507,-60.239566811282224,-73.46797132646388,53.486167037857,7.533878624768031,-103.77051939248696,377.95924640247114,132.51340586286608,-28.596714114752427,-42.151038488786206,56.447743390554535,-92.40454888202433,147.7929644549538,244.38786203041084,-262.1759469333125,-1.5281863916497136,-7.70786062778441,-0.8761169999873889,-20.81616103219746,56.43474129058559,276.0291867166689,-361.5622378173785,-62.83947447886093,-60.55306321312141,69.93018323829824,13.302625594275789,-106.9309051513166,434.75735341055463,154.07903499300286
1771946505.1599472,-60.93251151689436,-73.06856607572625,60.298686732971966,-11.954823773401277,-83.01994429140538,-80.13705438008216,-62.57523880103804,-29.90466517105079,-31.13061928458762,46.97445223658049,-79.141993504073,72.01220439483863,456.05524256826055,281.92849516995017,-1.7940568922146427,15.716608340742447,-1.4045029247572638,-44.212557977758266,77.18754334382224,505.5991592039611,266.2545791931418,-65.75693031100799,-54.29502573130059,75.84250118180252,-7.821577759232402,-86.85294681881884,-20.071983026942434,-64.50942276293888
1771946505.1638436,-61.47636572585296,-71.51286902208422,63.07285034480049,-44.483040287053164,10.376297367271109,-450.87200903771134,-16.414652839876684,-31.059556634744165,-20.032760245690596,34.245101711346905,-24.897424727517436,-71.82659499310769,82.80872594714111,-128.26909454255463,-1.9940401589842047,38.8258282081376,-1.5270254651078903,-61.044449395510206,40.04424176829116,27.30638272277815,-7.993859367442708,-68.48100044489608,-46.98831114307735,77.17258318667966,-42.945013964002094,8.250708044004456,-465.790004305234,-25.573500956900997
1771946505.16774,-61.86702221433653,-68.8580060248789,61.46844750920275,-76.66818859955096,114.34883869339956,-269.6076920841797,141.4114007798433,-32.06523349867107,-9.07197517734024,19.185977904528233,58.9479261960842,-180.92386215517507,-368.587450776249,-81.22875148349856,-2.1307887793079967,61.0913969533816,-1.3160182997862804,-61.62606276362917,-31.761700727506273,-482.92436979596926,-159.48473664671556,-70.99480828465151,-38.81861959822232,73.69517119441178,-77.89058325872234,113.40225810388753,-339.786070960602,152.91562215387373
1771946505.1716368,-62.101509453965406,-65.17222260267059,55.46351952262071,-90.17022506115497,146.97057572686168,245.25972186548543,-271.64515618838243,-32.926621619023955,1.5580122917352772,2.915559314007148,144.387305245612,-166.5290955873679,-312.0144498517403,286.1027540361499,-2.2071228670828456,82.00707677914782,-0.8844305430969981,-41.21134691729363,-85.65919360859739,-289.142406872285,331.6511770236296,-73.28269985588467,-29.98356927999431,65.50194476801919,-93.54663160324905,145.47404401783595,211.58038671113516,-287.8117809908992
1771946505.1756227,-62.17802340332286,-60.53352340007249,45.371212850106446,-69.5303714117172,70.96694272556465,447.2969395672046,259.3069346103569,-33.64963283648547,11.687127798550323,-13.342796823855961,196.0287065716431,-26.082871876556666,132.9617669304856,-476.586635637924,-2.2259569601028897,101.10082511291264,-0.370905998069257,-3.5253679263769344,-79.08908735930726,318.09756611039006,-579.3820776264145,-75.33034859060474,-20.688164809218584,53.00444923224642,-74.08495539146261,68.93040015356459,492.8089572511264,270.54550836144114
1771946505.1795192,-62.095946383626725,-55.02851536188723,31.83002780234744,-10.635864633115728,-69.64694925675565,86.89815900746541,-82.92132385754594,-34.24106216575942,21.170713193013572,-28.358781107109497,185.99075501370902,146.10154505386956,343.29347577161286,418.50832028133897,-2.1902308706843687,117.94586901238767,0.07801516123010328,39.58300595336868,-13.362987007113462,436.9378131034591,388.2164362045131,-77.12484963101261,-11.140432863481589,36.9143380542824,-15.552601704189136,-69.64669120223073,150.26303415555708,-75.09480499234141
1771946505.1834157,-61.855852960224794,-48.75145524160285,15.766768033743539,74.0180689532778,-174.49565503599808,-360.25668335556975,-106.8946566736385,-34.70847845526055,29.8902341684005,-40.9955364387537,107.9899314550449,223.66029090068938,72.46109590608559,63.23372775099897,-2.102845916258998,132.17055384290637,0.3266056797040464,72.65877010703413,65.08845962072498,-100.70296740706156,440.9604915136791,-78.65480322731032,-1.5473026674180272,18.20166803946937,69.050907184124,-169.85587200612952,-361.1021088543165,-128.6224712870717
1771946505.187312,-61.459502879799764,-41.803482606470524,-1.6661286430636595,156.6858302203313,-159.87365128966604,-321.32222219925376,277.12614536057504,-35.0601099737803,37.75300266982596,-50.30396701367493,-16.727151723198542,142.93163310060237,-245.36621622131065,-615.376402577933,-1.9666078806830225,143.46673114130814,0.26748637001007963,83.25581505919708,98.43832410197716,-475.30441915615853,-978.1782908279541,-79.91038686996859,7.889210908355568,-1.9663456037485072,151.49961443701548,-151.60975803977234,-381.40819491217405,297.8173450849346
1771946505.1912086,-60.90982122471639,-34.29200166557445,-19.174827971069924,203.4797153615295,-25.783830453876362,115.40310211696857,-451.6602974162594,-35.30472635295736,44.69102579503099,-55.60268107391524,-145.7192528366496,-44.8033887721385,-162.7590824798315,716.0174871593803,-1.7841778994072215,151.5964917281297,-0.16398123334615697,67.42625246147384,61.05317632391572,-120.49580535472226,491.60913579285193,-80.883415840214,16.975483808175014,-22.302155826499206,197.79110953645264,-19.39972663353985,76.81008346304138,-459.2182571559951
1771946505.195105,-60.2108660874599,-26.330161100778383,-35.423722808638395,188.58381968944872,136.99870348647278,346.14855657579756,398.3340626189076,-35.45151822909583,50.659124821611755,-56.536343885830675,-232.0555696678388,-206.54781845899527,145.935541785522,-304.49621140640653,-1.55803224207561,156.39709679895785,-0.9800751394834084,31.47563094253258,-20.52382177140772,421.3561618481617,314.54776356496717,-81.56739193608998,25.529398634323726,-41.4850359368712,182.50074938730842,135.19234787825675,375.84460702703956,383.0606735817669
1771946505.1990016,-59.3677842387899,-18.0363713939467,-49.14257893675464,107.44428871038582,209.93032530975822,95.1693185626082,66.18480144046414,-35.509975857416975,55.632491346101084,-53.10695201912743,-243.99971828281653,-224.318435832541,190.72238680549364,-286.5069065030656,-1.2904317404222172,157.7840093238939,-2.1369825772991407,-10.810950620059058,-86.94752903114237,327.33185040828727,-524.7624954426664,-81.95754024194328,33.38309409664995,-58.252373045663106,101.8303144835612,198.58169497582858,148.41289754061455,95.798053117912
1771946505.202898,-58.38675540842452,-9.533793220579529,-59.23228466044184,-17.98569951597132,134.96278831231905,-232.9568643049804,-603.2868962579244,-35.48976796241977,59.60386046171672,-45.6748327594163,-178.44525999931776,-83.3176078099192,-85.0358255829834,678.9636120516026,-0.9834013881051079,155.75197898800616,-3.53744328520782,-44.17731377650283,-90.3134872774802,-264.9878489622356,335.1129225817377,-82.0508339030989,40.385354063477905,-71.48843950169382,-21.539861667614595,120.45549277573772,-225.93067487382504,-619.7670958614023
1771946505.2067947,-57.27492587196477,-0.9497276845204617,-64.85998382866819,-145.75887482800348,-39.01328986347639,-174.05092760554234,710.1532166510968,-35.40062213202424,62.58048339489946,-34.92882509438292,-61.76303572503112,115.76245502678981,-235.50088698996595,-601.8865527507147,-0.6387203914232695,150.37418544388834,-5.0395637017796036,-58.30501898452909,-29.595666642337086,-475.67146944443806,-231.85598931974678,-81.84600689542596,46.40365204214897,-80.30399867971168,-145.4568728323176,-46.07875149423066,-215.41966659421746,704.1244330943576
1771946505.2106912,-56.04033206523392,7.5851596950276585,-65.53489683232691,-230.26681512813119,-188.94669903391824,127.96496596077696,-315.7753157071392,-35.25220812696154,64.58107519394144,-21.82786522714762,62.168756315072635,230.53516462994668,-2.9691569550885877,116.65273850996624,-0.25792268385188033,141.79949527178033,-6.470932888808259,-51.55835952235833,49.512711836113084,5.673793878060488,89.49938814444317,-81.34355476186579,51.32587401823432,-84.10064234823285,-224.97334706925938,-181.71896067089077,98.01299207897426,-302.42501834639694
1771946505.2145877,-54.69181499651103,15.937842574369643,-61.157491534530294,-241.22184630851004,-207.01590850292936,181.0293959810575,-277.89612090147625,-35.054025525271655,65.63289854357438,-7.518814592886559,150.81932229583808,181.463533049243,278.27973617099184,339.37001040877635,0.15769231311106455,130.2479352353479,-7.646603852161141,-30.42818526859085,89.63394102364325,483.6204156760606,222.73670005807176,-80.54572329845949,55.06174509761478,-82.61480750854774,-231.28533959714738,-188.65530236082196,198.4391488156852,-294.9301251102137
1771946505.2184842,-53.23892634255176,23.974213111971483,-52.036774890993236,-176.4163036375924,-80.07061491289835,-85.92573722982046,686.098023629514,-34.815297121519876,65.76912445997485,6.762424400512605,179.76563700678508,8.591525002320457,168.52841215164963,-449.31393012810713,0.6070390745793621,116.00452661247486,-8.389097129147235,-5.427412260472096,64.32376594825791,285.4107366993796,-408.68772337275317,-79.4564852619319,57.54398230671309,-75.93791937665473,-163.9809530172067,-62.70847953002297,-52.459442522354976,711.1044958533423
1771946505.222469,-51.69182728630728,31.560666466972236,-38.87316604507701,-62.232865091829765,100.69968327124958,-221.33969668450285,-607.7826358345759,-34.544869420518125,65.02658648637323,19.797879688789614,149.960167965814,-161.0769054347693,-216.6685673965831,323.12543650699206,1.0892160563530855,99.41166271203124,-8.548369225577147,13.994285764205541,-4.040040351015612,-298.57676030223917,297.1400010846328,-78.08150533124214,58.7291879677148,-64.51093756130965,-50.75352862710954,104.38117571366016,-219.01357798899664,-618.5423227850769
1771946505.2263658,-50.06118134629062,38.565997512392144,-22.707441268779966,58.20271638572389,207.03338443837225,29.5840967833454,118.84693018160866,-34.25112139562636,63.44401857777424,30.493146273649906,83.32754136823876,-208.95124066969268,-341.5710827123795,-145.7375462737269,1.6034672306989413,80.86024456191298,-8.019677653116842,22.886320362125666,-63.48755984513929,-469.0180773926983,-71.10091209530043,-76.42809374573761,58.598487164762446,-49.09358622736729,65.15766258954503,193.47286986560437,3.210272174277427,88.79201280256973
1771946505.2302625,-48.35804262118654,44.86359292040904,-4.83932455902132,143.4182035928473,166.98312078554736,295.6507647831029,316.65582426545944,-33.941882459849325,61.06083849098998,37.97232719005105,10.355078275074261,-110.00122872425698,-0.4843451923569463,-63.190729866204045,2.1491360484434265,60.77981727322674,-6.757467481868214,21.436416707258065,-72.51083709960268,-23.733979006663965,-106.72933721103229,-74.50514922138623,57.15790108217781,-30.710546964467337,143.62357730328992,144.96348258767983,282.4849898452764,365.69269188746375
1771946505.2341588,-46.593740993619214,50.33387858387845,13.277864269640663,169.85114599489685,14.836700824280227,127.53223171093795,-420.6304207947323,-33.62436039157745,57.916507837204094,41.65382271427467,-43.42968942341813,54.930938001705094,373.56711416237766,255.56687885349032,2.7256129900655623,39.62796989965314,-4.783789654844428,13.388187311968814,-29.702017223023926,428.29212860382603,223.4326355816438,-72.3230918822973,54.43843738536126,-10.57870581595685,163.5189316372374,-0.6545827816085545,146.00959019855392,-434.48132992341215
1771946505.2380557,-44.77976587306354,54.866961841971225,30.157780547818728,138.84806908587842,-137.86699515878695,-286.34234708971695,341.483403637544,-33.3050797998696,54.050467509046996,41.300177163835066,-65.98719487928342,164.90359584198632,277.7752769298383,-315.00994766193804,3.3322779873719948,17.87927361406036,-2.1903038623684012,3.6207170772014874,28.5733785565507,320.9461313226551,-264.4707125765153,-69.89378701199692,50.495871019726174,9.978987447926631,128.84247835121784,-136.5787556946854,-265.29964665628756,305.5663737421536
1771946505.241952,-42.92764999977077,58.3653914761476,44.40656674664919,72.33105398601478,-185.86215241464956,-342.76098651409984,-203.19416938526484,-32.98983157742589,49.50261500632896,37.037475172140205,-59.82951456124503,149.28355460087826,-185.1069999586848,216.48546332577502,3.9684390717680587,-3.9859627510393953,0.8664422868686528,-3.9410801387214485,58.44295772648905,-169.57846347537742,187.32036983798486,-67.23046041956589,45.41018486431304,29.626493477954877,63.317161298485004,-169.49794699551643,-351.73930066587224,-162.65864055385663
1771946505.2458484,-41.048854716305655,60.746945877613264,54.84238302465454,0.6620589834964336,-104.52432786075367,95.4346157220878,-36.01732622854632,-32.683633623280336,44.31426076229155,29.34248318736285,-37.07148265953435,34.131126117217704,-428.91901169672053,-31.178341859220225,4.633268682996613,-25.49284302308239,4.17610465789878,-7.4963949477042044,41.826951109660996,-422.8127741234597,-10.138351138715583,-64.3476061644891,39.28463935075266,47.107483347667504,-2.5826851459521403,-84.73346135767233,66.80597820413313,-39.52737326315197
1771946505.249745,-39.15465800530302,61.94735025073586,60.59836430345373,-50.66998856389794,38.59579830572933,451.66386800635894,269.93560095906344,-32.39070291438038,38.5294753147015,18.998615141460895,-12.084841437413388,-86.49136487500158,-137.73408231254567,-136.09894435029085,5.325739162919155,-46.18267133784433,7.4910358802329196,-7.4497005369518625,-2.6217958026200816,-160.9471717210843,-150.28652513911805,-61.260887352375256,32.24444233924343,61.33106598782511,-45.20218939371368,49.39680784603725,442.6881005157064,250.3676195281053
1771946505.2536414,-37.25604651914483,61.92281702511929,61.19969883224006,-69.62068912378709,139.28680231107276,219.63245460852022,-326.16904186521054,-32.11443880916851,32.1967181019904,7.024596003239029,4.670886501004846,-126.65917614897432,329.88598042210157,202.95382645375022,6.044559021703628,-65.62312335052472,10.546695848335743,-5.53177423171567,-37.426276565488706,270.57695060589185,191.39369728541678,-57.98703072742937,24.434994795803185,71.44419337625511,-55.80231431230494,136.5241496029396,245.97552718138354,-317.13351240162626
1771946505.257538,-35.363612755025166,60.652300969464186,56.60767073993645,-58.891052116109854,133.85970695640157,-319.0652132147375,235.79449698969546,-31.857417319425302,25.370621684850764,-5.417856479824689,9.52447097431135,-70.90213565577986,393.588453621765,-187.22824620958104,6.7881115579529,-83.41756893562591,13.08412070601304,-3.465128479229277,-37.02257720405326,365.6254986144926,-150.0757540788845,-54.54371581081851,16.01969501244833,76.885625245672,-40.76201940565786,122.17076192622196,-287.02799000500954,234.96748341650598
1771946505.2614346,-33.48745841062757,58.13936313814764,47.226342808062796,-31.140566361320012,40.072574727938466,-460.11475964279197,-87.4782897795619,-31.621395982385955,18.11379319200991,-17.129132543898745,4.901816215059244,23.090929652166714,-25.263138494418893,134.52151499089584,7.554397347460375,-99.21334202719274,14.872395517618866,-1.9726147953919324,-6.618253568445862,37.44341426638035,96.19387123594196,-50.94945931776683,7.177295259283466,77.41785556348391,-15.421249425830664,27.495623544340457,-462.69449295048076,-77.70799427015338
1771946505.265331,-31.637104794956286,54.4135456586466,33.870826962013254,-1.501916306038547,-64.76844741434387,-17.71778767305914,-102.18393429275213,-31.407328860236706,10.4984893420698,-26.98026431821317,-3.6829200386289473,77.78440909352038,-412.5312575378852,-23.282138155760666,8.34098203256058,-112.70878509656465,15.729082012281397,-0.7337221267108178,24.691792890832122,-323.1373812835293,-11.174202208804077,-47.22349552994299,-1.901180509841336,73.13518001030222,4.563586668234985,-73.49314283609768,-57.83496751735545,-108.93083771312793
1771946505.2693927,-29.821411015477967,49.531171121687095,17.69949862988714,18.960569367987823,-106.4889452774729,441.96628407248005,248.31338115301207,-31.215391064920013,2.608023370124987,-34.015221402030264,-10.946879896283104,58.602735397158106,-297.6887089527769,-113.09588225119128,9.144950772549375,-123.65893017713624,15.536761820836809,0.832554832455259,29.521138137725462,-306.6436582340514,-91.21010038297484,-43.38565325064203,-11.015932654812834,64.44795781807397,10.262622574496271,-111.2278439985102,406.3950064646882,236.51947590627347
1771946505.2732892,-28.048500549717804,43.575494851536,0.115743780970286,26.39164121314659,-67.28139135569407,351.4952616265738,-251.43018150487035,-31.045012078897564,-5.462228999019253,-37.53783575635005,-13.764272634778164,-3.949036906999588,176.2958224655797,161.78058150027877,9.962870632891493,-131.87971492728988,14.254239068761663,2.756994440701113,5.074208210237573,65.64961375011382,127.80726783899337,-39.45622996382992,-19.962253355109503,52.044931284222756,2.194606507571493,-68.29175540183117,365.18442391887805,-238.21835106126923
1771946505.2771857,-26.32569671450448,36.656155702910795,-17.352406926741597,23.317632581926386,9.02630768374315,-153.53031189317676,150.29558129357102,-30.89491705908443,-13.604342964998837,-37.175582843367565,-11.223703691990766,-47.07353599726969,435.2870912075802,-126.7570955037363,10.790762056416098,-137.25067099175703,11.921455380058664,4.444997480865569,-25.18858646978162,368.53963978270775,-108.1370016508726,-35.455863836572924,-28.534706522884875,36.837070144697066,-11.824254579710935,14.78996791871195,-96.08621984211743,153.2363582966807
1771946505.2810824,-24.65946742436775,28.90789177561668,-33.18435159635674,15.16922429449489,58.58543124127925,-453.69176572916956,-19.586562869049178,-30.76317527567086,-21.697976408916933,-32.91450426055267,-3.708415379054126,-32.573677572022106,169.47377503083803,97.65677862344893,11.624080368592258,-139.716062030162,8.657751220798817,5.353298366396943,-32.13675744633644,242.8945538502046,99.7969757406567,-31.405404202913545,-36.531543940891744,19.887690521925748,-22.05209386857203,74.86053325892142,-414.4193538879672,-25.55410895751485
1771946505.2849789,-23.05537947580856,20.488511053957073,-45.99914882325612,6.5725373519157015,49.46322625254656,-218.73033862053336,-112.45740234839157,-30.647254811242053,-29.611194171087025,-25.102123456057498,7.635499125745732,20.91348779044791,-299.4703893847602,-55.29560947825126,12.45770806131364,-139.28448831529377,4.653708001702985,5.701547278986799,-6.694151308935385,-184.27069589264497,-71.75622782028356,-27.325781133436713,-43.75926477115546,2.3344692667390534,-22.359580706742545,73.09536582476777,-252.5120532544383,-115.0033710663276
1771946505.288875,-21.518062448759903,11.57613170676455,-54.676241333505146,-0.4822850857323841,2.5644094846208665,248.15802727797416,190.27243242834544,-30.544082597236986,-37.202029105101936,-14.418045808887044,20.461827432184897,56.71851720861561,-408.1007809748616,-46.84456640088075,13.285958413776305,-136.02701193924253,0.15737259351047572,6.481385422580628,30.892247136256096,-409.9345754358551,-23.303487773661228,-23.237874665392447,-50.03721107311323,-14.690627239046668,-13.027345322324084,19.44689029927057,168.98773898240597,188.75125069981317
1771946505.292772,-20.051182219899232,2.3657309022957644,-58.45394215986816,-6.065914785428593,-32.31578267519281,417.37314192935526,-172.99930534359368,-30.45010881084175,-44.32079059980817,-1.814797310685507,30.54259457089221,32.86154487321763,-25.346164239074056,142.6885424899743,14.102590837605769,-130.07389076537416,-4.54385619105516,8.67363633956017,46.8204486900362,-134.4090341352334,128.96843070548027,-19.162384283367214,-55.20208139112015,-30.13757604631945,0.36938411719571895,-40.10188648024008,388.2571421726475,-163.69540311683403
1771946505.2966683,-18.657424024397535,-6.9349360284914034,-56.99686739037094,-10.557754271789662,-22.507571146073126,123.25963994675715,104.30940086302856,-30.36137463764822,-50.81309632577711,11.565904845566504,32.1790383420667,-37.21228906188762,389.1158762396514,-159.25163017891344,14.900838136874865,-121.61004056220783,-9.144062222170733,12.232804725525895,22.53813310316082,333.10452400416904,-170.9128298520154,-15.119699294371452,-59.112238356401576,-43.1053283388424,10.841353014937742,-60.649351840709976,190.7760369571725,108.93511743633054
1771946505.300565,-17.33848493825252,-16.109962073794108,-50.42621576128576,-13.565788656066076,19.029958292317918,-300.1631852851864,-30.034497283739825,-30.273582435599774,-56.523568312908566,24.49407327236852,20.384483546131875,-92.20396794849746,333.2916556343125,113.88854266120045,15.673445634417448,-110.86937305762444,-13.34058567120951,15.518007285373635,-27.128215884754443,398.7326405348879,149.1728961754148,-11.129770789231687,-61.651684041473075,-52.89522458284637,14.058549550029724,-31.169782972954298,-214.46466674448888,-55.14329242859675
1771946505.3044617,-16.095075559054212,-24.940355450127758,-39.3100702086518,-14.42925024971489,46.567305832445044,-394.5459172646324,-51.93193909465845,-30.182167378719853,-61.300100684441034,35.760658419785024,-5.868185455401552,-74.67153053483682,-127.87562707193027,-56.4981454598177,16.41272186522804,-98.12818168963082,-16.854964898558098,15.535370437333835,-62.91242420849869,-59.06888145134007,-98.0010241980605,-7.211985894456519,-62.73357814060125,-59.04762235842445,10.339351499637216,20.231278471284583,-402.8047093661997,-40.35256984471361
1771946505.3083582,-14.92693056577354,-33.20942280216496,-24.61444201388614,-13.606207725774812,24.548090858594364,-50.29307931668936,133.01405481131292,-30.082369676057063,-64.99857397383663,44.28540724257435,-41.08492583628829,15.671667633433735,-430.89971051891854,-2.6375840026193,17.11060032181435,-83.69776510447994,-19.451447054973773,9.023057161194753,-51.94562865724217,-463.1147362511341,0.18102082716859058,-3.3850450150316203,-62.30317958980517,-61.35998661864892,3.8425021581855545,50.516765084362476,-141.99334459348506,160.7112748612283
1771946505.312255,-13.832827782824374,-40.70832962576013,-7.619282782839684,-13.369303926758123,-36.641957897253725,366.62805752192884,-173.98376482811284,-29.969306458163288,-67.48786150311912,49.21386254653826,-73.15781916838469,113.66286299230286,-201.90052885200987,104.90650009793137,17.758711562554733,-67.91649054220018,-20.95177250869107,-5.8108038004738,3.5701155718467366,-256.47781317467974,182.5376806530634,0.33315720718688635,-60.34010304096338,-59.88617797689732,-0.1518378133106248,35.857575054116076,316.77655442199153,-211.66071973126483
1771946505.316219,-12.810615369714691,-47.241688640701106,10.19316348534389,-16.76569236615861,-84.56664306589425,379.6478130504044,152.39070900635397,-29.83804244428843,-68.6549492034828,49.99495664508175,-86.62030059006605,136.68188147836602,270.5054390535207,-235.70022781427733,18.348464824753783,-51.14150596353798,-21.2453449475213,-27.4187879084221,64.15815377202655,309.453572354905,-332.88359291711004,3.9256464285006114,-56.85979779639971,-54.91810466238312,1.725102799410933,-10.334512270986464,431.31345672847226,164.14706352003844
1771946505.3201158,-11.857246766603826,-52.63302081941121,27.267801440105295,-25.202796774541262,-68.06534745551095,-58.005142042343564,-91.15718129748554,-29.68365857734195,-68.40997338700082,46.43236130035168,-68.73020531053837,53.07266423918702,391.23660939969074,255.45101809708603,18.871138085941826,-33.74031194304558,-20.29436617114095,-49.924311165148346,81.6012501336117,457.1198733737668,251.07822079835714,7.376477767705818,-51.914177123679664,-46.95215992718722,8.98331603915336,-48.85069949360788,4.298728822283484,-87.75715611617397
1771946505.3240125,-10.968823004001187,-56.72993116474048,42.112447508384975,-36.15991095171674,14.814380133392431,-449.207157398774,-3.2328285161283388,-29.501317918073877,-66.69097174463042,38.705060310939025,-16.3724648501012,-85.00901672063061,19.75766121822814,-105.72717078578769,19.31797530743099,-16.082401707266566,-18.13398705453662,-64.17063969298823,37.33207769882896,-36.8781120549868,-19.435373340304594,10.670838703242897,-45.59134857114307,-36.64384934780295,17.22377993510689,-46.44580728420578,-466.7809311934048,-20.673886081401267
1771946505.327909,-10.140641930939593,-59.40884230325967,53.427879590181384,-42.66652576039178,106.38361766250974,-306.4742037646669,169.03043227002004,-29.28632817552538,-63.46814076285956,27.355315251365514,59.347414832667404,-174.98385927220613,-349.47727099552566,-81.99607996685636,19.680289425733562,1.4688307636795261,-14.867944476070788,-61.175412510794196,-39.939093715166855,-478.1507915768603,-133.59760181098937,13.795144822968876,-38.01442009635871,-24.754657591050883,20.142909562707423,-3.0538132031294163,-347.56863609003244,234.55276665831346
1771946505.3318057,-9.367253871704602,-60.579134628081945,60.22065983109184,-35.41489095364884,130.12036018242006,218.43333357642567,-328.0519884146466,-29.034200299365075,-58.747397816535084,13.245061797489187,133.9594505059533,-141.57762825876827,-244.9511713107578,247.9553717345634,19.949569556989392,18.563729173595338,-10.660471901715052,-36.776563380254416,-93.21729965157819,-225.73116194228837,311.63132815455253,16.73712757214408,-29.339382656013882,-12.095488572983259,12.955964272741346,47.19864242113236,247.9047453487887,-401.7388801249772
1771946505.3357022,-8.642523219788155,-60.18655288359949,61.888774043940366,-7.182381133819118,53.61224760143915,472.04947186063856,274.7958666831762,-28.74070260537581,-52.573059383520786,-2.515456629916634,177.27503460631067,0.9389504473201495,158.50884414150718,-421.64692706863434,20.117590816426993,34.87339380160921,-5.725466420983497,5.004160394296153,-80.05021449287356,354.45239635623875,-573.8157636955002,19.485913141458777,-19.752097460164517,0.5290545371965312,-4.299678812708037,62.623510479252495,518.0713414568805,251.6239353395708
1771946505.339599,-7.959695501427313,-58.21575517693764,58.27258553443033,41.98255714079372,-77.59283200040458,130.19243221579117,-23.90277643915232,-28.4019099900142,-45.02946899138839,-18.660592200906617,165.7872494242862,153.13867457407778,302.26967415128854,408.44695551316335,20.176525080970123,50.095937071338085,-0.3139641202297931,52.123569624337456,-6.492485500931665,402.1698031846301,400.7838173644112,22.032091614846493,-9.464444173021366,12.371673073347681,-25.567018629698243,27.708778639023873,70.47240112925438,70.99592142876365
1771946505.3434951,-7.3114694378144165,-54.69189993163574,49.666737180963615,101.31058905183144,-167.18107892755043,-355.32522236209184,-167.51594916612297,-28.014247905764343,-36.24143898095252,-33.87565091823132,94.51195021029429,201.97854727278616,24.389207357225136,9.14379463447529,20.11905093814198,63.96185660696139,5.299076590477328,88.65232108589339,75.09204173527671,-155.61937506651432,415.8091260378148,24.367775509897747,1.290287270778334,22.785449834396665,-40.92301799008729,-32.95028106510294,-467.5603583037881,-213.70949765646753
1771946505.3473918,-6.690073477975611,-49.68118829568898,36.792169871559544,150.23321854741255,-140.22389602398815,-353.02859064539655,261.28736783146616,-27.574530861868,-26.373406875823484,-46.90748366013005,-17.939404947916465,106.58450378413116,-241.64474920266204,-563.8403015832135,19.938461022352882,76.23843396165076,10.82784701405548,101.14031004209954,104.24331420658402,-478.1456049503497,-962.3021082954064,26.48664692634974,12.262655574195417,31.25666047187636,-41.43204078972823,-72.48265998065608,-320.27379692304896,306.1554550394732
1771946505.3512883,-6.087346196247297,-43.29030436523679,20.73102571571802,164.9393925682351,-5.345752850949519,92.98410278279835,-392.21364707821687,-27.07999524853689,-15.627248167104842,-56.66975717441668,-134.6238002226313,-68.0025770483324,-118.28358978508253,725.2955210314989,19.628764983674813,86.73309755508866,15.988026012331076,84.28307730225575,58.14345062391495,-72.57667267707954,497.9859434131759,28.383992641670893,23.192852539543797,37.42596490912374,-24.163548138496573,-58.2042375388657,284.607082176024,-525.3516282093917
1771946505.3551848,-5.4948199058750244,-35.664724144646236,2.8305281811446243,128.94225173444312,144.5010386723815,350.93746364652304,377.6071630765344,-26.528326285010767,-4.238732070696992,-62.33386263023867,-214.38154843475738,-196.77810634391238,172.9260710521544,-340.0200474569488,19.184786442735437,95.29572024470059,20.508077464589643,43.310371601747654,-30.331345603479583,452.84267150292266,298.9306285832853,30.056726596178514,33.816871089437264,41.09761949704646,5.561218524708985,1.7962816302494038,437.7029790237543,367.9917952631978
1771946505.3590815,-4.9038068445568035,-26.98589606963715,-15.415329962332201,42.99769917959898,198.0014573292811,106.8761396102912,38.49373113697963,-25.91767892609497,7.52734466300113,-63.39773316249808,-228.65195226094903,-186.84953241745075,167.34564523536696,-280.05052261195596,18.602252407534763,101.8198531886062,24.13946353749924,-7.999972138269147,-96.6866085424348,301.73532212516534,-514.6899136392117,31.50339927554683,43.872900856770315,42.23726882357854,36.115936945183556,63.42762750825692,-79.23656059214926,430.4518875823317
1771946505.36303,-4.305487289596161,-17.467329238875834,-32.49554872680666,-71.26558961320052,110.1043049481393,-225.16370385193312,-580.0567532723907,-25.24669266190158,19.38325940009023,-59.726842374046946,-173.21690455694994,-46.10463392432321,-128.84233824738467,682.4098434114214,17.87787376042534,106.24292716093436,26.665925576398553,-52.86020132084641,-93.00924122003656,-309.56207924820154,328.331102599883,32.724193574424454,53.1077858080133,40.95965562361323,54.75497815164518,79.81046212539178,-457.89911157188453,-966.354566609316
1771946505.366927,-3.690998914352274,-7.349658291128421,-47.011671837658,-177.26515264461867,-60.32182311666507,-162.1624711948275,717.7451109748829,-24.51450029958226,31.02556218243383,-51.56415398570069,-69.43399534480419,123.38128525937475,-242.16199950577203,-574.4869642481765,17.00941559893632,108.54548008262414,27.912084110918308,-78.0889303136381,-23.50400983635964,-476.69727923672485,-224.68547284304412,33.720906861721794,61.28337479820926,37.508185215483465,53.408001901670225,37.434376007151464,-109.94851314550897,490.4376624286532
1771946505.3708231,-3.05152662397405,3.1052143108309065,-57.79562090492734,-237.37311669146098,-191.19594776213745,135.5667185715303,-332.0193055412653,-23.72073099446923,42.143182759531626,-39.50854967190261,45.40492514682058,201.49306912284288,41.55027324460538,94.64912193257385,15.995756420529132,108.74949412774286,27.751593019257186,-78.77172029677887,59.65420168905854,49.33378793016617,92.82320791922228,34.4969191518146,68.18259817792331,32.228663867640826,32.293526616963376,-32.96277205842744,420.0793634991542,307.1817822713502
1771946505.37472,-2.3783920719526455,13.620766404829,-64.0055255474924,-228.7404372830453,-187.24840678246346,162.40100881858933,-280.8302107932479,-22.865507970349626,52.426212884385535,-24.464015449202698,133.77037738677973,137.54662985655617,318.4482308021622,292.65875523842396,14.83693532204119,106.915945377451,26.114942978046145,-58.989719612317415,96.39807680369236,510.18124677243213,197.4976241149537,35.05714746555828,73.61511031778495,25.53968008985302,-0.28805830056323906,-79.46553774917469,298.16076917620063,-522.6726759677165
1771946505.3786163,-1.6631420997681223,23.91313158384256,-65.19142553975355,-153.472683428728,-51.216997607668965,-119.49451187961208,707.3045771219187,-21.949441501504865,61.575093846613214,-7.5643588593493165,172.20293245864218,-16.197349576071073,143.87901534879697,-371.83807598540056,13.534186521345873,103.14168277874674,22.996766666775603,-28.801630986124877,63.434869956765965,255.63284955216585,-378.8029730654758,35.40798663350507,77.42234876987028,17.902024088169885,-31.800315455527578,-68.2114461517769,-304.5459847878491,350.11838237382057
1771946505.382513,-0.8976354491250591,33.698810011031526,-61.32561186542319,-38.08845702897336,118.24037662419681,-224.69482633670344,-616.9696304920041,-20.973617789306232,69.30991288131466,9.919767095559928,158.02621720775355,-147.52195060931544,-283.41774381449966,322.2197929340643,12.08996065021895,97.55576209490485,18.462203601608255,0.49872742308577506,-10.587179698328208,-345.23232983687404,301.00630135424814,35.55723698332304,79.48187611506366,9.789279254046305,-51.015983729156034,-8.518284041437836,-468.01091257947655,-243.44523020341055
1771946505.3864095,-0.0741272350044021,42.7025978961782,-52.795700304323795,77.60329292690203,200.17376029552125,69.71963936485469,94.5601573508592,-19.93958433971035,75.37949784264346,26.683411652451557,106.54741327048549,-168.1482299662004,-358.90578691986326,-229.52408827948184,10.50793246336256,90.31536580535833,12.651598828928824,20.474835118225208,-69.64056989247824,-466.78803536604977,-112.18237155314193,35.51401955637531,79.71088967909118,1.6613149701932852,-52.50445452377464,55.07470129626628,74.20633929752199,74.13517787743724
1771946505.390306,0.8146491987124187,50.66550055076919,-40.36196282643663,156.90158908659714,140.11638721868223,330.63904064764597,345.82962750535376,-18.84933236817722,79.56999733830388,41.49073054754149,41.61882854238414,-74.45612922699765,68.11748559816861,-2.8263443093519234,8.792994845175276,81.6014413588523,5.7825921349761025,27.6381897735048,-73.7744226189385,28.112101241048293,-75.85078579417437,35.28867966247121,78.06880546439116,-6.0580903235162,-38.027964672740744,76.9477745963883,531.498376967098,234.43624458011138
1771946505.3942027,1.7754033250647472,57.352383840602826,-25.083644216166338,180.17553854332414,-12.846551360427156,110.79012092148733,-410.71866260227506,-17.7052766877098,81.7126421873701,53.27070676394344,-14.979559270529906,57.65239519911325,441.7314392767306,273.2979193669449,6.951239214313023,71.61418670774356,-1.851454559775159,23.481613136552173,-27.10625710329302,461.48996704663864,232.7031555614079,34.89267968946849,74.55884487811603,-12.998804661739175,-14.674693433773784,43.93688816343563,233.6944967185922,-381.43665726427474
1771946505.3980992,2.8142116403988005,62.55911854085113,-8.221661568703619,150.27963535993658,-146.50891612476275,-332.64176632014977,307.7523193667102,-16.510233501313877,81.69040280129646,61.19754301723741,-50.56907830870108,134.417629667617,244.11697955508131,-357.10336181023223,4.9899225951766795,60.56850337369747,-9.887708470767281,13.057026371909938,29.956314951928743,289.16032069428326,-288.9161342528579,34.33848218194733,69.22857668594567,-18.856893445665815,8.75279932588269,-16.971324386256295,-397.72189407470256,273.1483809370627
1771946505.401996,3.9364453426208494,66.1189820924008,8.87301473136324,87.94730487122119,-169.8819195788823,-359.31601282168737,-197.3314269308851,-15.267396487780292,79.44328619415803,64.74959690293962,-63.11490963823389,112.0938004269353,-285.6068951020719,244.09846436310173,2.917421774636849,48.68952474216767,-17.905603687819944,2.737887578207959,55.31265355025229,-228.03166500634342,202.50657165123368,33.63942433717314,62.16939262322953,-23.40240221140786,25.147705354799072,-61.04181897157236,-481.2044567256703,-102.00518607018681
1771946505.4058924,5.146701881450006,67.90810149133705,24.875015227207484,20.643744270421582,-76.61449851834288,123.54823627913451,-15.887766481431314,-13.980311493666157,74.97205598642336,63.74271702187894,-58.30977170891102,21.010393448938082,-457.512249810543,-55.67335650314099,0.7431751377095029,36.208312700609994,-25.444481156135126,-2.2198996222924885,37.23890996097032,-433.92237495919136,-22.12631103552395,32.80958522020556,53.51492224462189,-26.48290718424389,31.116801656917822,-59.45177498832616,80.33745657161809,-60.39170204910897
1771946505.4099264,6.448740840872401,67.84974748153208,38.59395958636745,-29.135353023269833,57.717006422575075,482.6168802486278,267.4059870378454,-12.65285003140657,68.34020754327153,58.33610491374986,-44.739117985817735,-66.44307595806559,-46.351725182716244,-130.34042367258786,-1.5223870225149563,23.35779993160175,-32.02699586886742,0.4305427340979778,-1.0933133204181615,-108.95686520135828,-145.7899975278307,31.863647114705355,43.438418878980045,-28.023541459139913,27.392740442889146,-18.293529650740364,515.3972596101847,219.37160904129613
1771946505.413823,7.845424622700688,65.91732255939965,49.06819162637557,-51.06929648514289,137.12890482070284,218.8689191903444,-340.06290312977904,-11.289181687039717,59.67408541870217,49.01115680092061,-29.632320946078064,-93.25440867955783,418.50372619203574,236.8609701013252,-3.86792274633648,10.3690378238725,-37.18750385690454,9.300055684960883,-25.507841765688994,324.2586115303761,210.945805721801,30.816752476955603,32.149172802573794,-28.02425375853171,17.907371430032324,29.68029547629345,270.77631429202046,-284.51689296382364
1771946505.4177196,9.338664399470657,62.13592353462589,55.635210503697635,-47.812688888120604,115.16100512769202,-338.9581893414166,230.36803129394133,-9.89374549679467,49.16108889104604,36.52592243202866,-16.754491535377856,-55.07109689579171,352.9397453803736,-226.88076708816246,-6.281268108603255,-2.5322089971077286,-40.5039623002785,20.215494649950084,-20.72442374327797,356.6708673453335,-179.71761210768818,29.68435798565004,19.88803032528367,-26.554992631919696,7.89971852442793,51.47888563412123,-294.50046655706495,203.55483388568996
1771946505.421616,10.929371843127758,56.58240343925197,57.973525317989235,-30.62915431637366,21.344342593573007,-470.29096742339334,-67.72684418808255,-8.471220338404379,37.045972132079754,21.849680722738828,-6.73119226847856,6.970789880225195,-141.4625126485386,148.7021457763261,-8.749535217912248,-15.128499864414792,-41.631246593362,28.049105742354378,-0.55648598214056,-26.29204612523713,104.53304516537636,28.482087227455324,6.922119075631556,-23.749353022085028,1.6387777942988813,36.88019675126972,-457.3802190257699,-37.67478904381224
1771946505.4255128,12.617417204006612,49.383905779877814,56.113435701921865,-12.785662942788601,-70.03296551704426,-13.840222051880053,-104.11279414137258,-7.026494353012762,23.625307555433594,6.083540772757352,1.0906031037800388,45.28376942404983,-441.4627441453879,-23.406966452562344,-11.259217283443203,-27.213383101158147,-40.33328232832901,28.673273314408203,8.857731290393284,-369.4526666129305,5.881285559645971,27.225583623809825,-6.461100185827568,-19.797014884548677,0.6618484883622374,1.7813293575786764,-60.62205097761752,-121.87760132990775
1771946505.4294093,14.401594357868502,40.71489357900399,50.41713349618736,-3.7249084588159853,-98.77069500833795,445.27422937795717,235.4704458628378,-5.564633354294838,9.240242377964654,-9.626159577364746,6.8245674849766855,41.92347557044666,-199.0602962239245,-136.17596519939818,-13.796299432149203,-38.59369994081084,-36.511080644040945,20.41624641946732,-3.8371176382145213,-279.4798053548751,-116.21388182133185,25.93036523669125,-19.96031803827316,-14.935098081467407,3.381213827948539,-27.4442347900341,371.99220315923714,202.03698329237375
1771946505.433306,16.279593425179424,30.792743914656878,41.531253485984344,-6.097174810470572,-58.509793274722576,348.57139624904295,-245.6350265663862,-4.090848130008676,-5.732263529055229,-24.174615789261924,9.582987116789203,14.661912072760703,262.9666664076866,223.76992725511656,-16.346373885424185,-49.09155060959335,-30.223718867949753,4.795339672018733,-23.23332300617366,138.94823172310365,145.66575453167093,24.611683056223917,-33.267247458893365,-9.438401385435064,6.230655918799562,-33.974493388813194,337.9142170037954,-189.88070192391638
1771946505.4372025,18.24798152293594,19.872024717790556,30.317333454846736,-16.2964329967273,8.757084695737841,-153.77539628612504,146.4840208001531,-2.610460535955097,-20.88947867683979,-36.578757558926235,8.517734082778496,-6.269902104483141,391.00302862910434,-165.26121350665164,-18.89475808641583,-58.545955848089335,-21.699569383939064,-13.60541833674349,-22.011717963712208,402.0346808919366,-103.14250243148608,23.284384293595316,-46.07372331020365,-3.6084143672451736,5.638865291260706,-19.63733955668528,-76.85644021590853,123.48604462681719
1771946505.4410992,20.3021921829505,8.237613968356472,17.76738550795225,-27.605449208943394,52.06651298008184,-443.80357185558654,-9.287034420097816,-1.1288683143422935,-35.81393615151358,-46.045015420516734,4.258467509750868,-6.718331869191111,61.300613935273645,38.62605511807811,-21.426614407844767,-66.8142545898485,-11.335654241849985,-28.385291184231672,10.291359333019264,193.52747209948782,65.07535076870069,21.962782127547147,-58.078866685960236,2.2390002468177066,-0.24447624477979277,1.2128827104820192,-373.79369128724085,-20.111043821244788
1771946505.4449956,22.436523968973496,-3.8031391856496537,4.9127975733207725,-33.97455395002838,49.77223327611698,-205.16972905353052,-111.57668667292266,0.3484914054653429,-50.08514562528445,-52.02004849205834,-0.6739406789883811,2.465824352439563,-322.3652974079758,45.0210064110067,-23.927070123420712,-73.77328216794683,0.3161446353168093,-33.78670106918644,51.57407785749633,-256.8170116832214,-36.746811088978454,20.66053329643134,-68.99614792090819,7.787257658837004,-10.757237080606199,15.022026282227161,-235.11961870188733,-93.99023090652226
1771946505.4488924,24.64414880648424,-15.928978843081472,-7.264993861062636,-32.454975503576456,18.23427367509852,247.94749951463126,171.8895969856743,1.8161799664084353,-63.291635294443644,-54.22138513613098,-3.0058374964724464,1.172263454227355,-324.7360835435719,-58.2701625820105,-26.381336359309284,-79.32037243527425,12.576226939201739,-27.658673310469382,61.81496133208863,-415.0659296589102,-14.055107256437836,19.390524855292465,-78.56018312060196,12.7338556840491,-22.9140061172986,17.772179170939452,158.8752518842506,151.9646034655502
1771946505.4527888,26.917130464901614,-27.81377517741578,-17.91418450481563,-23.448090437814038,-10.162135290683338,393.2377860512494,-163.8315933986351,3.2687964433435255,-75.04296198554452,-52.64663342761064,-0.618313817756878,-16.599874066753827,44.43937798490103,52.4953155518037,-28.774824769512655,-83.37422207724305,24.676787561880083,-13.368944766020428,18.808603592671506,-72.03104404063282,81.35061899349755,18.16477128954968,-86.53310470768491,16.805902445269076,-32.32354381194962,13.62145951033607,365.1220966215214,-139.74890148134514
1771946505.456807,29.24645351358778,-39.13575302919677,-26.376026664265886,-9.41816632904707,-16.592041659162795,93.25807537758583,113.41064408230251,4.7010182931397555,-84.9813241100208,-47.56163353169658,6.155259522148109,-34.485706816730236,364.3272354889467,-92.34635733275054,-31.09326074269658,-85.87564755962403,35.811513592508625,0.8770959678886044,-55.42947136427433,374.5652144971023,-141.47133583954175,16.994322999839184,-92.71035645122134,19.77565717836989,-34.650622077377825,7.5178775606774835,158.9647407812834,103.5518936424703
1771946505.4607034,31.622062957000097,-49.586636599880705,-32.22719662478374,6.563878433853857,-7.6173776244840345,-297.79390045135466,-30.085354803890013,6.1076432838727674,-92.79242118413686,-39.4695130313626,14.687079379523563,-28.739492658138953,266.17547107959666,146.30599116665314,-33.32279206374589,-86.7882555119728,45.192162129677115,5.6337485479363485,-104.10433925597718,374.112117446823,157.53664028776743,15.889186992086284,-96.92577646240788,21.475119097153836,-27.40340102255392,0.2336860484928933,-232.92286924640257,-52.126007581820076
1771946505.4646,34.03291466671624,-58.880431742594574,-35.29846129596912,21.555783291240836,-2.426100449306208,-347.927663471414,-66.71357548806942,7.483632478827169,-98.21522404473731,-29.063944268179913,21.439156168125905,7.022613233573376,-155.68642948563698,-107.39754668304289,-35.45009208835731,-86.0990357884088,52.10782262924367,-4.68964198729791,-78.92494402056539,-91.05322736741117,-104.08946021960179,14.858260454998087,-99.05584669523705,21.808519078709125,-11.438450571371236,-9.626951860663201,-369.860922356689,-30.35331607970619
1771946505.4684968,36.467036644387385,-66.76157726157798,-35.66929454630073,32.8996059272975,-10.503189567176511,-4.3080804724996105,135.00342713103555,8.824153969938044,-101.05035004618064,-17.17089409730541,23.646214087368097,50.547713748786904,-416.0016357265898,-28.69649648564958,-37.462456599024776,-83.81887271041991,55.98210674675068,-27.759566667715784,15.610470213307702,-450.9171148968109,2.787799615343319,13.909277766633322,-99.0230047340561,20.761499505616822,8.761467777230934,-19.909757145618993,-75.78681302015897,124.82308549373617
1771946505.4723933,38.91160102679091,-73.01221603912305,-33.64031497829823,38.47365399707731,-21.530146830318188,353.46292777876846,-160.97681453727668,10.12462700525135,-101.16677652391705,-4.683748464140031,20.421280170906968,65.56118906618896,-175.7422620801107,146.3163914635229,-39.34789359153812,-79.9829548890152,56.423359255578866,-52.58797370721578,115.85615545247322,-249.91387285776028,130.60547909842808,13.048771300083068,-96.79793380323959,18.40582884169461,26.630556629362925,-22.93714969415322,332.5653533735538,-184.44519591436105
1771946505.47629,41.35300657417951,-77.45836528048639,-29.687365762364507,37.34151314763755,-16.58280088373722,310.6396519063087,139.66528741669205,11.380766097348369,-98.50667339288323,7.503122085864713,12.884169859768845,32.12344404647333,310.63235021572984,-175.71500014224333,-41.09520533130728,-74.65104945802977,53.2632796088919,-63.10776529660889,142.23385702282383,260.1747548291707,-260.7269156421462,12.282046182255344,-92.40076996922802,14.898699640572891,36.39459045672833,-11.230234828663217,364.44836276910854,159.61508654675978
1771946505.4801867,43.776971206273124,-79.97480083078575,-24.40255982318567,30.368214737007587,10.465830039972376,-111.86355199139697,-57.699089117436536,12.58862461047879,-93.08819105225179,18.55749166586183,3.360632627781834,-32.61398401718678,432.9617582517202,149.25130810259063,-42.69406214995042,-67.90759427391255,46.58007801488099,-45.1964248756782,62.544434122380075,429.2997727831458,263.67046362251693,11.613168935595198,-85.90119015032535,10.476003427372754,35.758481398053355,13.297077270686351,-60.925121022134334,-54.441256456599504
1771946505.4840832,46.16863401104158,-80.48851116333591,-18.428544877098606,20.128389438579777,42.25105688437113,-427.54959966582766,-54.9422734890268,13.74463722849049,-85.00610054305298,27.764782881565136,-5.965635258201626,-82.76744688246804,-9.891645261381697,-110.6317503786705,-44.13506760600208,-59.861552142561,36.703420485196176,5.414151986362838,-75.15593438082881,53.37028529424625,-99.46200709997632,11.044969748608265,-77.4173692223782,5.439448288793552,26.832872875187565,36.03253990211254,-448.0051642660644,-58.749558806470176
1771946505.48798,48.51266604977906,-78.9806209618707,-12.392543989675108,9.905434948798492,49.7461277590274,-224.5946678347562,145.87748121749408,14.845660648333427,-74.43024628287891,34.57244908498527,-14.239612689942026,-77.49349351285389,-470.0900045892942,17.10581910768943,-45.40981475986699,-50.645964088942485,24.19986570600067,77.96554999327883,-171.22031304760486,-360.81919561001826,-93.86542400338838,10.579057985304939,-67.11381860685661,0.13794461640181954,14.778907367721015,38.06328860007045,-285.96727681838274,140.30755670518363
1771946505.4918764,50.793389176440556,-75.48673178727495,-6.8464086163607565,2.254222358804775,18.105212527261187,286.34568853324924,-188.5812829061225,15.88901183325141,-61.60183561145804,38.62075893074948,-22.106705326183636,-14.528770696299981,-315.89625984813284,195.141669654974,-46.51093339146227,-40.41713433906588,9.839143192949903,147.6113076147131,-147.95997248618218,-280.4825164009248,260.4057971510666,10.215850417031247,-55.19814280021516,-5.055732011702874,5.009465848670033,11.788827262138362,267.47194842654955,-193.83947417200073
1771946505.495773,52.99490194861438,-70.09567735718122,-2.2180479493820946,-2.1387151933407242,-35.95746144636023,456.96177702289015,167.24495134883009,16.872503156254634,-46.827652873790335,39.7586243081933,-30.466256938383914,64.15664936957,278.9945292930958,-377.8468058447306,-47.43212805301487,-29.353379450122684,-5.456687601724989,183.70668100413374,-12.79717102645074,144.362890638215,-429.28066157818967,9.954611504064049,-41.916774877576636,-9.771455119023116,0.48159359621178205,-29.045383688853313,504.86144399611015,184.66973140348856
1771946505.4996698,55.10121155054198,-62.946741436184645,1.2217246894976093,-4.782454930045111,-72.56116820663648,26.286334192781812,-89.89152427626635,17.794473729456463,-30.472347881447437,38.044230988274265,-38.47872230116769,101.39849855972462,501.0985785088568,273.79637193038263,-48.16820694483165,-17.65327940822455,-20.677591173052647,163.03992211931794,140.64403694453355,320.22493047804994,401.66781018855136,9.793504879232028,-27.549776404070634,-13.669464883552957,0.3665990135855884,-55.60845741241134,76.69160319749739,-96.42969682127946
1771946505.5036805,57.09637052227727,-54.225434512189096,3.37452553094185,-8.716382372731243,-59.01165847764598,-462.6051986724043,-31.38829682169229,18.653816161521103,-12.949007169063457,33.731273931402754,-42.441973785615374,67.69445034322615,22.849275029528155,16.7766065846293,-48.715101725098606,-5.533379601951279,-34.7985271494253,82.19660552665854,198.98084799770038,46.49952918179025,26.394472040312696,9.729655039467097,-12.404809816708278,-16.46704265407647,0.6354362734872391,-44.71236583375608,-476.0995210470686,-41.79879472340953
1771946505.507577,58.96461701125198,-44.15796936223636,4.311302105673975,-16.92175670915407,1.5161591581216343,-336.23252183831437,212.20179621309504,19.449997968539034,5.29173153778517,27.242511429079464,-36.94975644789536,-15.121881127619153,-485.1311160095751,-185.68671320959655,-49.06987846231623,6.7746919901883516,-46.85525303128585,-37.545634698035265,114.78808238376966,-239.18816379638488,-570.2968455215424,9.759218159015205,3.1895888645470474,-17.961817078995765,-3.655401425776662,1.1422139895973182,-395.73214986046423,226.87656250730507
1771946505.5114737,60.69051720045884,-33.00461466540272,4.251958705728626,-30.225437703269748,67.75668661860436,258.5262786761537,-349.8883742493753,20.183076916471,23.773718131417244,19.133091914045394,-18.206436443319944,-88.52977518887272,-289.5765489405294,318.69420544363226,-49.23073997140911,19.02770954366631,-56.01677325796859,-156.43269946022863,-54.57725578770316,-130.55785569061098,716.1262152354059,9.877460870964546,18.891291920838512,-18.0495190689113,-15.252992417211862,51.66060497961234,230.85532035681928,-360.071924934667
1771946505.5153704,62.25910848103696,-21.05213970829821,3.530438994009404,-45.65923808760575,89.36124207989162,497.4943679567941,247.94981219132518,20.85370966614626,42.008145058712024,10.046637831761224,12.425484165531262,-100.02153867655734,321.19959156570235,-537.1608272589718,-49.19701976813124,30.974931500132467,-61.6483982530142,-231.72194446218157,-187.06864982836453,162.88657926490336,-336.3317260227858,10.07884577697985,34.35225606030545,-16.734375076389323,-32.2301764581141,69.10384766162977,537.7355075240508,248.50018044108805
1771946505.5192668,63.65604183403914,-8.605590690922819,2.5492542509334895,-56.552500805552405,46.13078772154459,33.101166444957556,11.930393053452413,21.463153166737655,59.506856663577345,0.6673679494749062,47.13030944131349,-41.74413808526279,441.9055671209892,365.2655009407842,-48.969167896653374,42.362749770324314,-63.36008634270064,-235.62967530819495,-186.22451815564983,166.07994997656425,-273.4246640999031,10.357122340243883,49.226419560759254,-14.130905273078215,-47.739302184873,37.19253350794524,88.59448505922046,22.789172683788777
1771946505.5231636,64.86772181798874,4.020341898099734,1.728288573423329,-55.05169305036293,-33.689942692757356,-471.28139092205345,-173.6252414159123,22.013258288184335,75.79573612318721,-8.328397159040628,73.87352644443246,44.051270174980054,-100.64560054856024,420.5175642210708,-48.54872896961891,52.93984615948157,-61.03596176060521,-167.30427426709332,-53.223186603526784,-124.92606589964177,689.2510383832546,10.705421745030966,63.17763837086322,-10.456618603283562,-52.75118476201576,-24.10249231343832,-473.0908780704427,-188.24546863541204
1771946505.5270605,65.88144255880964,16.510096263397966,1.453091649566168,-36.26676389904814,-92.26056479282742,-282.2825447295926,323.9958614357337,22.5064552467006,90.42778917336162,-16.318147187622728,81.3511603097014,96.50722578122135,-480.4752327291726,-940.1822830707897,-47.938312897229515,62.462764283779414,-54.84252143868617,-53.084799418031274,114.3819561805858,-236.76206338627648,-597.0556367649264,11.116354306378332,75.88747556549627,-6.0158985148691135,-40.79192505693486,-71.14096689264652,-338.4718546939433,333.4959827586934
1771946505.530957,66.68551817970773,28.555884410726637,2.0277670914816057,-1.8410225732673795,-85.239996962213,315.0842710247292,-551.9175700543515,22.945730505983573,102.99555212683342,-22.773632799443025,64.28407574206736,80.48763583599337,-121.35952793265542,472.5677882584462,-47.14155893990116,70.70177348728157,-45.21490239440646,65.05631929680995,196.02088261319872,45.74168560280703,96.40168603666827,11.58210805993592,87.06265992581427,-1.1761798868809437,-12.142065709850783,-68.6003459517616,279.12490008722006,-551.2916019408857
1771946505.5348537,67.2694061368529,39.8659495813878,3.636999399722632,39.33837991443948,-16.203145381555878,427.2886231078904,374.6985055067596,23.334595010602936,113.14247160362865,-27.293442831100386,26.45271937559021,10.66973575537925,427.08344004509325,308.200046245941,-46.163093864375945,77.44687215997672,-32.82249388667597,147.30659459086056,137.1364511956864,318.06344890347236,327.14148465030536,12.094547196809474,96.44203444877537,3.6617401568844254,25.090403085153678,-16.74560566494108,458.5384561114822,360.94825042612615
1771946505.5387502,67.6238219331511,50.17219215861933,6.320801745805042,74.07344815249199,64.86779110078832,-107.48054122977307,420.7228675826585,23.677043775091892,120.57293309568959,-29.625883457623452,-20.140078288058053,-61.44709803704298,326.48589981698194,-505.86097101726665,-45.00848508288722,82.51375389364031,-18.516952748953106,171.65736193056298,-13.461205636347849,139.28824510286353,-401.54429645947175,12.64530901567407,103.80282397048374,8.096810846563843,57.919344926136546,47.59999282341627,-52.36991831752055,439.0751129145874
1771946505.542647,67.74084371786029,59.236944231441335,9.964317485410133,90.16208978578354,98.69073366500236,-471.379129241124,-957.5240073597909,23.97750700709556,125.06065395333822,-29.681007809941576,-59.84433348533685,-86.29451282393984,-277.77200145228437,307.5475736786487,-43.6841896776632,85.7495433240967,-3.2671423031489444,140.49697180308019,-144.1175957157678,-286.891730479586,306.5053169631491,13.225898094844405,108.9660639756761,11.761416967407229,74.0527732459281,77.97564986025368,-466.77969445908747,-963.4366917265488
1771946505.5465434,67.61400539073688,66.8587053327916,14.303597093398196,81.5585582290226,61.19224550093229,-109.47992090122818,509.04481337352473,24.240793119922305,126.45520326324944,-27.531359835626155,-79.6905114159967,-51.06155895390305,-479.85277065249625,-203.09186097631974,-42.1975001482461,87.03810066758916,11.913469562514349,76.12509772582865,-164.97141964774184,-358.9117804691158,-187.38032696952695,13.827776491347716,111.8010511182336,14.352684030236919,67.31323133494854,52.860410112608506,-159.48113441636704,500.1463391501828
1771946505.5507216,67.23837699765139,72.8766908720015,18.946821812338786,51.0024397931875,-18.78298906103017,425.54377217517003,282.37763136195554,24.47202418162616,124.68646486114318,-23.401716732231908,-74.47498671966945,14.36853563369883,27.309323093604032,94.35595443685924,-40.55648760464719,86.3046946871807,26.04092698612993,8.626695102774896,-71.24186370803264,67.97691621568613,-21.711132296535208,14.442448936648761,112.22869930242035,15.658592215445712,40.33346241136988,-8.542343383599865,391.27184536883647,295.3242004470718
1771946505.5546184,66.61063137886217,77.17408780720888,23.409069423300917,8.928859685728419,-81.98495757624208,317.31083827419565,-529.740835302818,24.676564500099037,119.76691762639103,-17.64881013346981,-48.22954492851096,62.40072880925188,506.43027632881507,163.4112829408511,-38.7699430310083,83.51985191699342,38.23044453056145,-37.39822269284544,60.43672105147813,441.189368080376,253.24638390773418,15.06154216421634,110.22371157086033,15.576514200535897,3.335836760627144,-61.261734569744306,344.9670882303519,-542.0660300077798
1771946505.558515,65.72909620567165,79.6799574045373,27.15752530676739,-30.865925161750724,-83.71147581553667,-276.7906941283296,371.10409752562254,24.85994313625876,111.79166721266147,-10.73264118081118,-11.701853677176635,62.88408316793201,268.6280716344474,-349.9791835349154,-36.8473171895888,78.70220482373652,47.75620470289003,-51.383529934843615,134.79449873301138,249.39518507440917,-326.51207815352063,15.676877660969103,105.8155066022554,14.122440808361334,-30.385146465253335,-68.42195552990437,-228.42132515384844,378.0209480753165
1771946505.5624118,64.59379074941948,80.36977159749021,29.663129726727846,-56.804631095854646,-26.384888035965442,-470.7333501108538,-243.64740475310242,25.02777121614281,100.93622498602969,-3.181532283435723,22.477076538084777,22.112564444477837,-344.0098474147799,318.6681471410331,-34.798659686818766,71.92018383048224,54.09691500782399,-38.01518837510449,108.1853612898195,-275.70045865077606,236.25435263148074,16.280537315724526,99.08786938429984,11.42997981137743,-50.10796629202275,-27.887104179906114,-470.2501894715073,-235.13012920234772
1771946505.5663085,63.206446961539,79.2646156308351,30.45408506182147,-63.7137021279326,44.68241592409607,23.77068856353739,66.20132185071866,25.185655029444252,87.45209278593094,4.446564079584476,44.478844731632336,-26.273077909921184,-479.9619386261568,-154.0440602799464,-32.63455763306174,63.29242838642172,56.964118914055994,-12.130956586732792,13.595693553466775,-458.12277723691113,-74.39260282640099,16.86492164095653,90.17732776509412,7.739130571900649,-51.724999436580646,28.15513402589139,-22.7220290298166,46.547257975793336
1771946505.5702052,61.57051465139654,76.42913249424886,29.166454383932983,-53.763042994837804,77.57414424676941,488.8711906445468,232.46015662865273,25.339106049660415,71.6602743694268,11.603776009905976,50.03602735620127,-48.630111680310236,25.8201603590063,-64.54491164516097,-30.36607419847916,52.98682960913665,56.311839859837626,9.432157677343378,-73.21780150361668,-65.02430980607447,-114.6813424931441,17.422800419345286,79.27028813452348,3.3757570441092124,-38.35623708267505,59.051863022179674,462.5741421721424,245.1072047185266
1771946505.574102,59.69115070795397,71.9683221910681,25.587272458416553,-34.17101934643459,52.76064297248593,266.09380424607025,-386.99706550309054,25.493449135984072,53.94289310778703,17.79029560397359,40.76776894067723,-34.87072340355608,476.6498890022288,257.7577622487894,-28.004687249685027,41.218159091389346,52.32777008029778,15.315671037865512,-94.36119930903573,402.28599966585034,251.95703421418776,17.947355748687606,66.59899311120645,-1.2764849352012373,-17.68083312301484,45.99882153901227,297.3595973440654,-384.4610314843985
1771946505.5779986,57.575192463117034,66.02334094234548,19.686152046365763,-13.358827778585823,-5.232205594444988,-317.5627369878456,288.3278238133843,25.653730247687033,34.733148325047246,22.588043311088118,22.52573867183092,-1.69972529227839,298.59574493109653,-311.87309377968563,-25.562228181752005,28.244283019063865,45.40773842677318,3.6166051301044595,-48.63140755274127,365.954755348185,-250.97021057536443,18.43221756352504,52.43639198122091,-5.809333249436001,2.127780320510519,3.6485570807496934,-272.7239617005042,274.67974880834424
1771946505.581895,55.231115485942844,58.766472172126115,11.63226650008154,2.374255882744381,-50.54842299512683,-458.6339194626535,-96.25705589673903,25.82462504385368,14.503888748689368,25.68775088553041,2.6463420909410464,23.94177294857472,-236.5349224166373,206.01981110578546,-23.05082101842155,14.361006727677319,36.11647266078226,-18.75410413602895,17.523035626204152,-108.65292127287428,131.65276921368823,18.871491846111148,37.090041233238715,-9.825318361552238,15.613903862683813,-34.239737494017724,-462.92820694394027,-79.52896604421214
1771946505.5857918,52.66897631718901,50.395461606149524,1.794753640080882,10.45752045752265,-52.840169069988974,4.48978416629347,-88.42348958668863,26.01034979823801,-6.244879390514529,26.907692079642615,-12.827937094852341,26.20017696863971,-444.40499702775253,-16.872931801381252,-20.482821795106325,-0.10435831179626703,25.138615440405907,-40.45282412298752,53.093963567804956,-431.4760120823518,25.671678072275128,19.259781897892722,20.895177138901772,-12.972262446733541,21.17680925823313,-41.88355595899014,-44.53118169258761,-95.14310499808009
1771946505.5896883,49.9003408481363,41.12742129962715,-9.274081977852985,11.907178222190904,-18.276000953680462,435.48795889363396,233.60081957378722,26.21457612904219,-26.999201182997144,26.20291111990806,-20.901824966638145,9.901386254484677,-110.72481754058836,-157.4579343680202,-17.870758154527042,-14.800566780868648,13.224494503224593,-51.37978016420224,41.54707857953009,-231.01220383451138,-142.35101677460383,19.59220317444622,4.20712316787105,-14.973834336595326,20.311187500209726,-19.429390206518892,406.01322038193007,224.44320905124576
1771946505.5935853,46.93819918578978,31.19251103267069,-20.871997023386765,10.020658071263632,20.327077800381243,297.0078342622798,-269.3911085214737,26.44035107737292,-47.244729723538704,23.66449800395096,-21.737110713290388,-7.088912266998946,320.9596045746472,228.55147198076668,-15.227269013853036,-29.3609696683455,1.135254962609167,-46.871417930768324,6.154634742806266,226.53469373750215,164.69694200902376,19.86439225898686,-12.606789144004054,-15.653465732167623,15.904601598344291,10.949489017069265,326.7233086140688,-256.4687804199892
1771946505.5975688,43.79686795672509,20.82760113801309,-32.194340414881424,8.540103550728219,33.274143221838344,-191.70818648613053,177.50644187830576,26.690024028675595,-66.48025270501988,19.509180847770104,-17.39372922454582,-10.492094816911505,353.2956134740213,-184.48683896442333,-12.565044147177966,-43.41278356940525,-10.408353301582409,-28.763626819605864,-17.26093871144024,399.06193940274,-121.3948946037393,20.07251058578662,-29.175596222213628,-14.949529390533092,10.538828607305154,25.267429039707693,-137.13505364125817,170.8766238927443
1771946505.6014657,40.49188113050364,10.27011004797296,-42.392538664963425,9.882203515417347,17.432708287062393,-415.96837205045426,-23.39064336114723,26.965181876210938,-84.230813710872,14.0602001314019,-10.265879354372794,-1.0391516815169728,-8.028432871009088,87.2440647409738,-9.896763562657947,-56.58685017217884,-20.769917563216218,-3.548185829241385,-13.001378496920527,107.14451568886248,71.72155350441155,20.21324357202191,-45.13317860590209,-12.920458141285012,5.427464741020594,16.560100484777365,-402.7652752485445,-19.60191638879828
1771946505.6053622,37.039870593799314,-0.24780653481885467,-50.63919480813553,14.092862802679553,-5.465753378343281,-139.06698980225138,-115.10247139951383,27.266593723535287,-100.06006612864236,7.721055272008255,-2.265537347213545,8.042124081455086,-337.615244265938,22.645074539752862,-7.235036594436756,-68.52761393336374,-29.43135905001034,20.80768177340627,4.55191136278633,-296.48282982768575,-11.33410384703407,20.283795884331287,-60.12663716606638,-9.7393724731784,0.34127760738880203,-2.3375085972662886,-187.75292193116368,-113.95418485006607
1771946505.609259,33.458437832775864,-10.504560077991812,-56.19478688688309,19.03351272041231,-11.830119296879678,280.05259589901647,184.7120703521416,27.594166334480875,-113.58152029297743,0.9442265678972552,5.046599064353753,4.423453884515604,-286.37999524444064,-114.1181791474013,-4.592340644916054,-78.90303031618583,-36.01539930513868,37.72014490070839,9.48708383883097,-353.0871110670579,-60.23329947635993,20.28188361490191,-73.82437088890306,-5.678710940548558,-5.482067852138436,-12.405230045373687,221.11516931045298,170.59321137464914
1771946505.6131556,29.76601814554267,-20.293800196084547,-58.47066350342067,21.70701325936942,1.3733717348179628,359.5452189359152,-176.9669060736856,27.946911433495448,-124.46837680156247,-5.802670926109692,10.089202323427639,-10.897718028175532,77.88691489800075,135.9393915205705,-1.9809595221334437,-87.41410990992779,-40.296034305685716,43.696122116938305,-7.954515143743214,-3.1222490560865532,98.18217723976562,20.205724131364423,-85.92366503501256,-1.0862454917807114,-12.001716025462253,-5.589966183875354,361.6523432045642,-159.13167778418062
1771946505.6170523,25.981738822054997,-29.42835671947274,-57.08315972556069,19.926089079299892,15.04479320219072,28.011868459862523,112.38713921721418,28.3229257948522,-132.46168100383125,-12.0706876421479,11.456020858596624,-23.164815336277258,363.07624448966124,-97.50060819351506,0.5870786377891568,-93.8038066983879,-42.19760863825074,38.867251920520616,-30.686322422244157,357.606024199929,-102.99599021248036,20.054024302974515,-96.1576111832609,3.645368236604114,-17.60210121404332,9.044992743207416,99.71753296745582,113.14230628284923
1771946505.620949,22.125272742139202,-37.74339047704907,-51.894189766465495,13.356113878181437,8.169543084624099,-332.7740409215195,-15.264643192959998,28.719384836416335,-137.37658422817654,-17.46073349441035,8.7372647229206,-16.59948739013744,248.20352224363114,62.32998283685355,3.1000637811282368,-97.86497204863284,-41.78397336007284,26.561861378286768,-30.901765257653214,308.54194887820296,104.77605614954864,19.825967738245016,-104.3011973534878,8.112784750316544,-19.644385569755524,14.58578001564253,-269.72177613136097,-39.232976984936975
1771946505.6248455,18.21668887601525,-45.09872295812271,-43.034580042148086,3.5207584719300873,-19.15912351602981,-314.7253890493347,-67.55681421329957,29.13255019688175,-139.1065538683605,-21.649860172371334,3.2217504455650046,9.886418219984922,-167.82571467562914,-42.32606594042561,5.546666495283029,-99.44711854549881,-39.23986262725024,12.029075649188071,1.7127674565470792,-117.94391708682244,-82.60211425535327,19.521201625898822,-110.17642597520528,11.936868204008618,-16.135002906157137,2.3741435265461686,-344.1282708894027,-44.686167312436886
1771946505.6287422,14.27630119784333,-51.380346349479204,-30.907633960605445,-6.895963020963973,-42.08346817619233,72.26682178642984,108.74374702942735,29.557791564085793,-137.6254344182662,-24.4107575731803,-2.3179056095715382,37.96018917812247,-418.95110258006224,0.7849159371270795,7.9160004588945405,-98.46176806943114,-34.84698874644463,0.5305832187397108,45.885312808539034,-429.805714735007,8.368409634499367,19.139823731602107,-113.65633996005712,14.795219070474165,-7.3276060278585815,-19.0293393719573,-27.327722669913758,113.78771597142538
1771946505.632639,10.324517497808532,-56.50114533776303,-16.171890829338448,-14.889234727313193,-32.126646286609756,392.8582425427983,-141.5627588899326,29.989622827898316,-132.98732338922323,-25.623166804285496,-4.851552961832593,42.29227393192713,-172.16566042481864,76.05109050482476,10.197684482933825,-94.88619573959791,-28.95742740948816,-4.606091554480299,63.37054045027504,-222.22795639655598,97.94844285677733,18.68237002453798,-114.66786305876273,16.449481595922204,4.013351616910739,-29.966180312766113,344.54714210187956,-169.46111956930295
1771946505.6365356,6.381689495747506,-60.4008895265444,0.29635057130954906,-17.927355815966806,14.132123267155423,258.91679412798135,157.03408518981504,30.42175241312774,-125.32428896032955,-25.276596052929687,-2.6668531882789464,12.064916682900035,319.42373361476444,-154.43448258934188,12.381903786748648,-88.76542543617326,-21.966677608187716,-3.167918126305897,31.72963102199707,290.57385404883763,-183.53651864416926,18.149803278838224,-113.19338973130847,16.765065639871555,13.986413383549753,-16.405837293786323,332.04131311046274,178.58804260935887
1771946505.6404324,2.4679655599060792,-63.04557838009538,17.458557439629377,-14.877523243520473,65.11535064995493,-200.76729943953734,-85.2692643177729,30.847147385512454,-114.84201886860325,-23.46446457277787,3.5611109732290127,-35.94009520567573,439.4310730945942,181.32319077959525,14.459470058091398,-80.21238293941643,-14.288390629454602,2.0231473406595133,-32.50137124637892,462.93158887894435,197.83871455337834,17.543502852467018,-109.27109038745759,15.721606245683718,19.630209317920823,16.255631127782404,-94.07903063826139,-86.92283740497639
1771946505.6443987,-1.396852739344453,-64.42623749274782,34.18386277861402,-7.022118095831398,75.5368044656523,-443.56047670239684,-52.67554541977173,31.258110646759636,-101.81354992888382,-20.370526411931035,10.720243817262826,-65.857961533675,-13.651815935555366,-138.5045367890794,16.421879734668742,-69.40616723195969,-6.332234700588581,6.326505988188631,-82.01174494758956,29.99033702584638,-136.34103452637902,16.865255737105695,-102.99392826741341,13.413328220496366,20.3052462921934,44.4074035606419,-442.82277139000877,-64.74661985186528
1771946505.6482954,-5.193449061662302,-64.55727528347951,49.32842535700109,1.4936429885216234,24.822447205744172,-149.1927376011698,154.7306657463132,31.646370292449884,-86.57128177714654,-16.24906731764545,14.314916662797447,-49.46309217590575,-477.2520461534513,16.41209334926743,18.261369865837054,-56.58845638585602,1.5142344986514247,5.118971366870443,-74.61065223766424,-470.5313738839883,2.3434650963135195,16.117248902269342,-94.50741364984597,10.039403748897644,17.58294299114686,43.24301074874878,-251.9823256783865,177.36933726436104
1771946505.652192,-8.903124603840391,-63.47451374052455,61.81844370854854,4.669567031137596,-58.96523519229134,349.5461354177012,-182.80275748897105,32.003180014542764,-69.49752505045848,-11.400865562104093,10.404463794069422,8.690797158307904,-313.6750516023508,200.97288973824115,19.970970884528366,-42.058119564165864,8.8994172822686,-4.259457493916421,-8.95505275276748,-353.22999792940084,217.58256835862025,15.302062886505341,-84.00614981502959,5.88529612002445,13.89041601671278,7.453978575585112,286.045408917509,-208.16537016404047
1771946505.6560888,-12.507923282519867,-61.23300633155682,70.7305516781187,-2.674131895073475,-113.41602009817301,433.09478437561893,153.73327972950526,32.31942925469967,-51.013872739752635,-6.147220490610376,-2.13933116995187,69.39010511796448,285.4140674955164,-373.62852849895296,21.544555607127936,-26.16416011934632,15.517455576229265,-20.90027506818739,69.96659953448798,254.25490989085188,-385.7769949107117,14.422666485024749,-71.72925346409194,1.2968820852113068,10.824671290950254,-41.02034105858662,483.8640963718487,166.15059637822
1771946505.6599855,-15.990748924524125,-57.904750477261,75.36333752851992,-21.541239129997273,-88.29806649697785,-26.25058366891949,-82.887246868583,32.58576162020917,-31.5697136656179,-0.8044575478016385,-20.100788709826052,85.35249486622116,494.8120037429608,273.34902013002335,22.97688374099197,-9.297165896623822,21.11455587969246,-39.70722445152044,102.68139517080729,519.0618540311677,276.2148587919164,13.482412262534577,-57.95475915347066,-3.3502318564156384,8.065422670214124,-66.36261221930384,43.73967277640659,-80.5152926723184
1771946505.6638825,-19.335473704051342,-53.576390649823885,75.29424617259723,-46.508238075889054,10.341056083301126,-463.37345590026035,-18.17409351912397,32.79269987524829,-11.630227802247314,4.338798837401356,-36.33072803147416,38.23819145301005,8.349397837825316,1.631872062613419,24.26364112317512,8.120510131552544,25.492641925887934,-52.55441949661983,61.137513900851495,57.392911111780165,8.701566632259372,12.485032528561176,-42.99314110781683,-7.683386543567029,3.4662952219208223,-45.4237906957488,-475.3998518884816,-42.397280029376354
1771946505.667779,-22.52703714026398,-48.34699186844119,70.41712023867369,-66.15429448994529,116.1229331238426,-319.57827384443453,160.7586054598185,32.930775670443246,8.33578725455417,9.039633298400185,-42.57968860106359,-43.04195787052077,-481.298177020609,-165.56922607499968,25.401472892843643,25.645575599251764,28.51116101772766,-51.465196551151884,-27.46003411723749,-479.5361938997845,-182.33137633888427,11.434635368234215,-27.18010561612833,-11.364587946509541,-5.548385307481725,12.211876686604842,-359.4927605949604,226.45182985142608
1771946505.6716757,-25.551535047635593,-42.325944085163194,60.95703775051029,-66.687645539468,147.3930228735383,225.14806112659133,-295.2099481156609,32.9906621042771,27.867911872528357,13.112714831210546,-33.69757975067927,-99.85898786873834,-263.14772275219013,314.9601679425531,26.388009848907515,42.82533630760139,30.087757574673315,-32.74509979254619,-98.98371248796684,-318.30577630952706,337.8495693377514,10.33570029117976,-10.868823479450517,-14.11844688533873,-19.750786788732885,67.53755507189975,253.49485417288727,-358.29641455099267
1771946505.6755724,-28.396297951051857,-35.63103773968434,47.460804273052595,-37.920922019880436,70.64515148780691,470.03273555297824,264.1011003811991,32.96330719041667,46.52558879130416,16.43530407922314,-10.877905656685884,-86.86786201041956,334.2875190194027,-560.1374552371153,27.221887335158318,59.20962906586195,30.198305553149517,0.13802447638693152,-100.09908795992246,298.04337232599175,-569.4711740571853,9.193073003068605,5.578214690352845,-15.75392123806965,-36.22167974047818,78.93363609112622,511.7479143687539,235.801834611722
1771946505.679469,-31.04995862480483,-28.386730520964523,30.763328359988343,20.480815490670377,-67.26563572217604,111.80180800795657,-52.701723865482364,32.84006628024425,63.89878585906548,18.945400583777758,18.1832774115845,-8.441854201440147,415.82278187383207,398.0620596698497,27.90275606853496,74.3628197895199,28.876496675653264,36.932744864309996,-28.956473951986876,455.57835490339943,375.85161951352654,8.011958724572304,21.79752757839962,-16.17806388833998,-48.309034423085855,33.84136632037795,46.04400876945304,36.08359192080968
1771946505.6833658,-33.50250853817301,-20.722605111100048,11.932011900859019,95.34666414650712,-167.54613273191862,-359.1358974967834,-141.92715008020932,32.61283145109738,79.61755740797838,20.633770077676257,42.59971066497541,80.939983263703,-135.02326230044306,410.8737130867304,28.431284367854065,87.87553197937997,26.21286768079108,64.5316889632527,62.76421096388273,-69.2827467277625,445.17748388685465,6.797913432308203,37.43295886046455,-15.400754715874497,-48.216824994608835,-39.059291940285036,-471.7518180828788,-183.1818397388977
1771946505.6872623,-35.7453430618923,-12.771997922122084,-7.806929771972107,161.6560459326281,-151.59790463116457,-330.65476560907257,268.10105685546756,32.27415586956768,93.36026354741873,21.531246373477604,53.373820289990526,115.25568765430566,-473.93979375320185,-962.2895226470018,28.80915130131074,99.3757758518884,22.352882144314172,72.64911316173068,108.36525191497317,-475.6286882851832,-974.457345557203,5.556832410373941,52.143782424297974,-13.530240736880213,-31.326619417776346,-88.31689628204269,-289.79821241481426,314.10324895410446
1771946505.6912174,-37.77129533962219,-4.670761414092313,-27.15479654473159,190.52228464170764,-23.244009895210212,111.00358482059764,-407.69980166943384,31.81737122184941,104.86025350485583,21.693217186131584,47.53862353478781,66.66885206657471,-80.40308980083566,501.6868933652468,29.039030401484144,108.53916458490406,17.493517037245457,58.429603355037855,75.80620897664178,-151.9347863384786,490.2061846199048,4.294935552475937,65.61240605159922,-10.76014868223927,0.16754354053391,-76.82361810424607,309.93391864758127,-540.2306555857012
1771946505.695114,-39.57465880835898,3.4438902805156015,-44.83287199149574,161.38928452766794,128.73936768163915,341.85503616075897,376.44986765789355,31.236696450667093,113.91087182100101,21.183516585215813,29.24700202711692,-31.702829220401913,446.1172481900488,288.44543010202403,29.124563779407715,115.09793049930657,11.877769644796563,27.744112415625256,-9.228302621741701,402.7832470435288,310.4161855085872,3.018748887727557,77.5514923031936,-7.349399305945303,36.769215196259715,-10.262425169957547,425.53619157223557,363.2659602985296
1771946505.6990108,-41.15119846745344,11.43451011036398,-59.67395680838191,73.22865314772635,193.46739332539232,87.78838824143942,47.47760141742279,30.52733619996213,120.36870171398253,20.060009519775296,7.317578193859889,-108.76231656441495,299.8626728806891,-497.3021784155478,29.070326648374756,118.84848837903141,5.786598543101901,-7.438993027031788,-83.80505738421769,345.989985495624,-526.93992746208,1.7350818062931677,87.71032853623511,-3.597073653026598,65.09719685280956,65.2622613246021,-107.5055107969763,439.03610266580944
1771946505.7029078,-42.498151096255675,19.16458159905768,-70.70589852184871,-51.320896755190354,120.67066879518985,-231.60485035132368,-578.8983581957748,29.68556754006605,124.1550162669858,18.363948621879125,-9.454093025437915,-107.97494505974888,-308.3120304209765,333.62605135087506,28.881782431883508,119.6573341785454,-0.47196824177404806,-34.38358354474928,-95.25599661015983,-236.60164108357205,347.1914585501896,0.4509994846370328,95.88029550102509,0.1853063063986804,73.68649446967605,95.902636204238,-467.9797936561183,-960.1192332438497
1771946505.7068045,-43.61421466141884,26.499776194582434,-77.22063078764732,-172.27538669037884,-39.721957917293324,-159.23719702144237,702.4805332487507,28.70881376064579,125.25546413241624,16.114726958456774,-16.69927149810945,-29.854571399247632,-473.83679811796355,-270.77814216423866,28.565228811165827,117.46511455659962,-6.5765060215924755,-45.068854152813934,-39.227478084457985,-475.40681281633925,-237.83410458641194,-0.8262098977997252,101.89930659996281,3.701459801334626,58.29551912128453,59.38846670759512,-102.75557258580193,470.81415598787794
1771946505.7107012,-44.49952715873389,33.30935789467607,-78.82335891314922,-247.3657833525822,-172.72589204976387,139.79913835073316,-314.05072213979,27.595704266126308,123.71807011299448,13.310980777288464,-16.139085947215364,68.2668050611922,50.791362242649015,126.24761508822394,28.127735262695527,112.28875450550795,-12.208219276196438,-39.12861066598167,39.77921006489909,-18.869796099498448,80.32999783820284,-2.0890734153973765,105.6551167321742,6.695466761551011,24.104057705088042,-18.347524625336412,429.21958953547914,326.18329352419426
1771946505.714598,-45.15563516739469,39.46777712737991,-75.45811697385304,-249.36318020006394,-182.7938595529818,174.82181429143873,-277.9588303181659,26.346119833792677,119.64967932594509,9.938171191852776,-13.621700488114614,115.25329848972541,508.63050313706043,240.34922720701454,27.577072794534203,104.22158414272296,-17.06851721219688,-22.89098335023589,83.93645287514492,468.9170594910702,235.42913484291947,-3.3299772494497435,107.08742880965255,8.972129107490087,-16.30704240852512,-81.94352251775013,312.368848550982,-517.7157546731042
1771946505.718495,-45.58545249729303,44.8564783329345,-67.4078508988893,-177.60479138210667,-64.11327619918393,-102.31680194712632,675.202512484781,24.96122268096556,113.21101486240345,5.981879010030471,-14.902568159703838,79.07141353289583,255.45415073508718,-454.22400164427864,26.921636690809148,93.4314595070442,-20.897015023121178,-5.368925963470148,65.15768580245107,296.8678245014327,-413.00554615853036,-4.541216126844642,106.18875658188219,10.410899406946514,-48.32325200919949,-86.95190740167011,-286.54940604916294,314.59590217871624
1771946505.7223914,-45.79320947138541,49.365923328858386,-55.269281318402385,-58.21217958595309,96.17206655256335,-230.6477915644243,-591.4411961321123,23.443470981922047,104.61055292327855,1.445192605088462,-21.9048320574614,-10.705504700641807,-341.0757833104065,300.53295657381483,26.1703631572471,80.15692549423294,-23.488609025276133,6.31100171179074,3.1334563067857344,-280.23874526757066,291.86095057281057,-5.7150481762023375,103.00403429048139,10.972363360644474,-61.48292298278427,-31.73013547411393,-475.3871411961134,-216.96370999127478
1771946505.726288,-45.78439357016066,52.89780753455455,-39.90487491671216,67.09768160482905,183.4332132455532,32.32521953257127,113.34514796937871,21.796617722245905,94.09744656970233,-3.6321341176610322,-31.66460053916922,-87.1337762878629,-465.3054489169273,-31.49985289118736,25.332640875690778,64.70152162653733,-24.70816642154125,9.598896109794289,-53.30129699880481,-467.21032254765015,-59.20816052369109,-6.84375485992659,97.62899587684836,10.69699415011144,-53.474608110381126,42.57496084181511,29.54439416457947,93.2368260229157
1771946505.7301848,-45.56568233730985,55.367420924069094,-22.376107583071708,158.24514272364476,139.46718949362668,306.43714164448915,309.6564798272172,20.025694055501415,81.95374838242903,-9.155539429037425,-38.23722254308523,-96.98987295422161,20.265791227575736,-121.07565816762008,24.418218612828632,47.42638161454411,-24.501407929964397,6.409886803231124,-64.67815869572222,-36.65851144809528,-115.95428655385011,-7.919705504219328,90.20737694451135,9.696619464662966,-30.121480404675907,83.18409738907611,500.3088879103331,203.8392545950508
1771946505.7340815,-45.14486957077536,56.706082580930016,-3.8636621044675072,192.00578452087757,2.0707395812665483,143.3907390782533,-410.85801465512,18.13697756877949,68.48619167530629,-14.961475854339913,-36.05849840385988,-38.9438630032535,453.0771820314512,185.64223592206537,23.437110132347797,28.74132305064394,-22.90076057848423,1.0041889926805583,-28.830581690082607,419.0285949688956,217.87020129128808,-8.935425867605275,80.92702030441119,8.139687241446529,-1.7961655573210764,64.03126793608388,272.196350147739,-389.59728733974566
1771946505.7380297,-44.53078587018473,56.86355914136,14.418866179216433,168.5908227233803,-127.09802152354952,-275.59632055738865,335.7343937497076,16.13794603672463,54.01778878774166,-20.809971595420436,-22.786219982624978,39.35339989948139,294.52725153270256,-231.1695032947908,22.399497695618727,9.094662131453429,-20.025313268989745,-2.589921607208339,21.678591085622433,325.13030202473425,-249.02592936868206,-9.88367011471183,70.01499120756401,6.231936705004202,21.44230845925351,2.83762134814707,-324.2316023574722,295.2725219528718
1771946505.7419262,-43.73321456916086,55.810364654728325,31.310855804225024,107.65893363727578,-159.11658335105196,-356.4704087496073,-205.6373016975335,14.0372173791081,38.87949462853492,-26.38618251917368,-0.4146089626973293,80.50857929561079,-212.8147677577783,212.25305246601044,21.315635427750394,-11.037980296107735,-16.07448522547893,-2.3789515902455753,47.77141589020483,-158.84131119360183,182.17480244797852,-10.757495446324754,57.73183191868034,4.1944443487250105,33.4739149480542,-54.494523507534275,-472.8277828498562,-89.83341223201654
1771946505.745823,-42.76280398474514,53.539832440888745,45.78352161048382,37.06968466837239,-80.13418043910983,58.3361336516489,-30.873954259793656,11.844476686875218,23.402166127950935,-31.312333712622912,25.458699970443398,60.595728342662085,-429.28716270176363,-62.50341996594326,20.19575382245851,-31.16559036375903,-11.315563669259664,1.072482395107068,33.900439124663016,-418.43243644604314,-19.677464803369826,-11.550338491436422,44.365106293648225,2.2411921535783472,33.26250153706703,-68.75201208956133,-1.88860686612617,-86.22935312580097
1771946505.7497196,-41.63097683028621,50.06984738216132,57.00597379806687,-19.424826429029988,44.97004435450445,432.02054050681113,279.4023709592935,9.570391357143388,7.909024917150934,-35.17033707766169,47.65116280703711,3.096364378235984,-122.87194650776183,-141.22992978613266,19.049966673726864,-50.794081671113084,-6.065825512339071,5.348247253985388,-3.018274904900231,-168.75086687020897,-144.01007217292832,-12.256092450041251,30.222401647248564,0.5582790393422955,23.840071597575967,-34.726835687091864,445.1725918840823,218.5410854439095
1771946505.7536163,-40.349837592064645,45.44412932825104,64.39398188961269,-50.047778403496125,125.60355336410588,254.80633129371614,-344.8136444741677,7.226515539805148,-7.291198294239792,-37.53411070362333,59.89454933659398,-44.57154041499762,309.2636518896772,233.83969172543192,17.88818171752116,-69.43870612365546,-0.6704776677548361,7.708690115340607,-30.483633571832208,258.4546930912468,196.10040440391998,-12.869183919707735,15.623966285175026,-0.7133294462455028,10.233329681874011,18.35264337367739,311.9115787352223,-269.6273741380905
1771946505.757513,-38.93207863134933,39.73296573523705,67.63856111345623,-56.12773885109669,111.80571302626336,-258.06172545272625,226.4595029298519,4.82518520859866,-21.910293074909333,-38.00935411141795,58.939532772718636,-50.24508565375957,360.11929163060944,-186.28424780859197,16.720016203481084,-86.63623610271569,4.521916478994002,6.700676869896894,-27.634616061736857,365.33474783193486,-150.7885567416847,-13.384648317712719,0.8951670360347692,-1.4900115495772255,-2.657204134937714,51.264169451259384,-188.51290486633903,193.30302183899826
1771946505.7614098,-37.39088569615036,33.03330522319246,66.71327862488897,-47.65852826227345,24.838494069580754,-450.5346628040663,-46.78477570441481,2.379405236727897,-35.6856650648996,-36.27739168744617,45.483626700455964,-19.590195026452854,-9.033047860868866,91.2783881431337,15.554718501992719,-101.95660737398153,9.184559876225608,2.9542081134242886,-0.7662334385733672,54.058413986222945,86.36565412460914,-13.798202776489928,-13.641047014226704,-1.751668987953035,-11.597845939891842,43.962671486783215,-425.70816806984226,-23.02220227768996
1771946505.7653067,-35.73984341282031,25.468142930559686,61.860959632464855,-36.465431821029256,-66.14530558174745,-85.54489788488794,-119.77226651528305,-0.09727007681589026,-48.384429032590106,-32.13881675311277,23.603455187597238,14.35999091668558,-360.2714758268658,15.959198662536153,14.401096731201756,-115.01372812422376,13.036011160051569,-1.35522698943348,24.101409074450036,-308.89472104144096,-7.451369815447291,-14.106315337077412,-27.671490452497313,-1.5414618057309568,-15.620524124746224,7.7027265177010324,-149.14456925801284,-128.97862206810063
1771946505.7692034,-33.99284122654075,17.185151513488638,53.56209076578666,-30.34246747782551,-98.52658695783317,371.9615153983343,217.38819640902062,-2.5908615020978774,-59.80646712518502,-25.552169210738867,-0.8845195023709124,22.93190233533802,-289.03547013485905,-116.79893450296733,13.267455288366929,-125.47518194388425,15.860240696764308,-4.020142683130981,24.192981450128112,-318.3644532861837,-80.20385050683586,-14.306269235909033,-40.899719916952385,-0.9592805976866178,-15.583174851629957,-27.029725887332464,276.41578773194095,179.3774256572156
1771946505.7731,-32.16398020868932,8.354536662647893,42.48852819075222,-30.43555631246247,-59.14534654777936,370.424490289435,-218.4950613949092,-5.087092801037506,-69.78645572779666,-16.662855379569226,-22.223898223284554,6.178394739625186,123.41075528016913,140.8289947900246,12.161540067750563,-133.07058137685001,17.521430511878645,-4.191578622162652,-0.7099500694754656,36.97968555399453,117.06004896591678,-14.396221113777477,-53.052480171510325,-0.14970731321902356,-13.04826139831282,-35.36471218838879,360.59062227926034,-162.92058423380186
1771946505.7769969,-30.26748113096041,-0.8338774453434444,29.447025840796684,-32.447152739422116,13.38166262710319,-59.94066834904991,151.43744426700408,-7.571520479819109,-78.19489799111706,-5.818020836481724,-35.98055837249608,-10.782545258729732,399.4700855779392,-92.14255484781023,11.09049300179387,-137.5983640735186,17.972236531805965,-2.64541118245169,-28.175173506199982,362.05596513154626,-106.59983234253863,-14.375252061540035,-63.885470504610524,0.7142935833757237,-9.245542840234286,-15.885310880675917,36.32043696013008,128.93441248216712
1771946505.7808936,-28.317594174382574,-10.174299186484165,15.317558920073457,-30.479238813855545,63.26176457698102,-397.223249687529,-34.84040887590878,-10.02966382836646,-84.93822980130047,6.435894387384862,-39.74824077528509,-4.7578859153380275,205.92264218609506,55.741570573563685,10.06081636763596,-138.93086486070257,17.25479611218628,-0.8421560353399049,-32.1497784930491,274.74909074884926,100.26641683614936,-14.243410509186589,-73.18830477110589,1.4503486224787974,-4.7821879816431645,11.262775380072796,-316.20525297527143,-43.71479138596916
1771946505.7848413,-26.328510578745366,-19.449294338539445,0.9914245944417657,-21.145319933955708,59.474708119139684,-270.1247015835733,-102.10010283321229,-12.44713377863159,-89.95809279488786,19.374728547799343,-33.679281543556186,20.769222717546487,-245.59169641935335,-42.82107818379855,9.078347096862542,-137.0175422163178,15.494405782187252,0.35958241563380183,-5.629975514167465,-152.7190327617605,-77.75604196078936,-14.00174603754392,-80.7885611873399,1.8865052138437948,-0.08492263043266536,22.72949318524405,-307.8075968562527,-83.4294993276953
1771946505.788738,-24.314276476729333,-28.43469389918171,-12.68631478217194,-5.618766103999046,14.200771950130987,150.8481574011853,181.7478436597922,-14.809759170959255,-93.22988741489776,32.13733250888994,-20.90219698299334,36.92448216837641,-418.29030020836586,-1.2680440499889534,8.148241153170051,-131.88628465117526,12.886458901698191,1.3137890080642396,31.743760518815435,-425.05446445508045,-4.15802757894821,-13.652333268910791,-86.55484280351165,1.8800745581031337,4.10718831471719,11.18440372633189,50.25396554553568,155.8486978237451
1771946505.7926347,-22.288709137372816,-36.90496886322402,-24.966254576502305,11.33677057472913,-32.27549447388351,390.72904766877025,-176.69300739467394,-17.103709070825662,-94.76073182439077,43.78356558360762,-7.251544826295846,17.18486304854781,-83.91039347200672,83.48693555612644,7.274967895963396,-123.64277034677644,9.677854473427274,3.1497670441481134,48.25430537261594,-181.62493108568032,116.00054579241232,-13.198285114818912,-90.39879669342778,1.3337673732148292,6.86097414535356,-9.90301592942221,360.9423856507385,-150.82796153055307
1771946505.7965314,-20.265315863074765,-44.63893472484497,-35.23317515716335,24.39545778651753,-44.97209032196575,191.72849948469423,129.14239932615078,-19.315609867143536,-94.58695955677831,53.365744243062316,0.37113571019857633,-33.0436423730674,369.62832310942184,-150.15564838689684,6.462314188186951,-112.46790190750232,6.144597607148054,6.699106869970445,26.124672392439816,316.65322731314626,-185.61315606861106,-12.643754829985474,-92.2760686825907,0.20766609176431372,7.736466331592155,-19.12257840097185,261.55230218004067,122.91966040607971
1771946505.8004282,-18.257215800797336,-51.42563106304434,-43.032071594454735,30.639182054137944,-19.497971428104726,-226.863077935707,-48.74790425765789,-21.43265602222067,-92.77129053982566,60.00804876619782,-3.0891915865011663,-73.86391257111782,380.1754622261627,146.7772405174355,5.713397812204857,-98.61338665985815,2.5676535541505503,11.499613592592748,-21.825274482503737,438.2164639404781,174.66293823311258,-11.9939265005503,-92.18619914568856,-1.47403939721291,7.339513217146798,-6.5056142064432665,-160.00236022696438,-67.6434895154999
1771946505.8043249,-16.27706491096271,-57.07020800261745,-48.08124818957313,30.69381832471974,18.314538111076676,-396.41654256896396,-70.10284155919689,-23.442713498702734,-89.39980613666992,62.987124853177384,-17.842240404518073,-62.091816705874606,-84.49418999180914,-87.34193080911083,5.030689556139676,-82.39557979771776,-0.7907397918418014,15.411117006983394,-59.49950690253408,-14.722941555064613,-108.15824772422779,-11.254993743207047,-90.17149238155554,-3.6221534074259494,7.096315696244666,17.015405820027866,-416.72708824929344,-41.99111642608458
1771946505.8082218,-14.336984305076266,-61.39964267320962,-50.27310266746248,27.670039326402883,35.5511147111503,-101.76769510112013,175.59409367953967,-25.334415016394534,-84.57884865378855,61.806434234226124,-37.83857484654947,7.8632872935818074,-451.1114026507141,16.70062447686974,4.416043172765202,-64.18775062696075,-3.708159145978572,15.111519107025877,-54.85332703718664,-472.9411324188328,-3.4253972306184,-10.434126517878248,-86.31491683737015,-6.087499549629081,8.302395107145776,28.508084560745623,-169.32849567979093,159.48835223149408
1771946505.8121183,-12.448492159822587,-64.26810652026522,-49.664104047315405,24.88494224133812,18.833679095682996,336.64864132112314,-201.16178460830108,-27.097246388355604,-78.4319501369739,56.25691983779344,-52.066897927926334,90.0340436059709,-251.88594040555796,101.76249931084406,3.8707323065355568,-44.41096994690596,-6.018603827566256,7.536081122911242,-6.503688261133453,-306.66065036456007,195.32909767756914,-9.539426102281668,-80.73711641692569,-8.671451043279566,11.114086466927589,13.444315612759548,316.01444051878445,-205.52133761768033
1771946505.8160152,-10.622439457752291,-65.5618090684758,-46.45610501683353,23.775125376881718,-16.040774192175792,379.7952145085329,141.54619238396484,-28.721623291511722,-71.09687622093348,46.45729463467563,-48.506824675101406,117.22591491798067,260.684087455835,-267.6084167409861,3.39549339505718,-23.523849262265617,-7.623190159372734,-8.05715546085898,52.17367090353572,285.39290021410244,-357.92780229053244,-8.579868464528417,-73.5926342766938,-11.141101281504989,14.143988169588557,-19.589279722095263,425.99733833928065,156.80222082709014
1771946505.819912,-8.868949859982827,-65.20315469885276,-40.971487173839364,23.007086469741374,-38.01135036473238,-65.38282661030347,-51.2188729438072,-30.198957976399203,-62.722850295700255,32.86870599444411,-19.532564636884405,55.65918706115462,426.936334849883,294.2295680498719,2.9905734402058055,-2.011390264898925,-8.49408848416346,-28.360806914139527,76.59083414545717,487.7986959055357,266.86060676322876,-7.565236472121125,-65.0654687599166,-13.247850953066411,14.852573807865358,-43.46089717020046,-21.301966469943,-65.53277665490906
1771946505.823809,-7.197364040189636,-63.15406487691374,-33.62470899600914,19.128321760358773,-26.619149237168493,-449.3540996296156,-48.72407644942744,-31.521715596516863,-53.46800210389385,16.280573461775944,33.19451822863389,-60.413200905078625,46.30544950922155,-91.63611184659655,2.6557814221814136,19.62677501345889,-8.671535302012302,-46.004891102874545,45.24080679204591,4.9365389576193826,1.6568909636944542,-6.5060415450489995,-55.36409493626573,-14.747934637796908,10.540245700036476,-34.33437561130467,-465.6070687561062,-39.13722093528906
1771946505.8277054,-5.616188797191489,-59.41833854082615,-24.892642379790736,8.541954754336123,10.751137938977871,-246.02062400730418,196.30597473796107,-32.68345998816912,-43.49706305825026,-2.2331087876691242,96.59566552250135,-146.83617829634025,-361.32473276957757,-131.9678139702845,2.390542049555501,40.888458530239866,-8.254438421190537,-52.07470207162621,-21.917684707748368,-478.0674543004061,-169.5855408943373,-5.4134354850392565,-44.716094068150866,-15.423274884308118,-0.3351679414324715,6.510375780575831,-296.899483118926,196.7974562437541
1771946505.8317204,-4.133051255117055,-54.04294838965036,-15.285706563517559,-9.935336244363583,44.03111768416131,300.26724935638015,-314.63796443180956,-33.678888830621844,-32.97930864236631,-21.38498793935894,148.64648847223162,-131.83072187904656,-267.8000401231731,251.65531862249432,2.1939505312205836,61.28100432042475,-7.385713296889901,-40.430069567931696,-76.46621440243145,-261.6995971371003,315.0843689842732,-4.29911332856011,-33.362537971434165,-15.10104615229643,-16.84023659232563,49.970757900659066,284.44629380575213,-328.79442446262783
1771946505.835617,-2.7546584898007342,-47.118200675728836,-5.321314853347624,-33.18236859676275,44.315977854588965,439.094518839989,224.39760148891983,-34.503858195060154,-22.086728113152027,-39.768372810032155,165.77659807521246,-15.459836056795737,154.9688884650945,-370.5926028612444,2.0648270926360586,80.33309172255339,-6.23398669048852,-11.593559774994434,-77.26483351185487,331.55009552581026,-546.4184430513982,-3.1752082162774924,-21.552276604283698,-13.670454651648171,-34.84449946767903,60.11754437741718,479.77573659548693,240.812244811093
1771946505.8395138,-1.4867629724861848,-38.77671952735831,4.4993873835077,-53.893619001656475,7.791796878357938,-41.245185385219195,8.466231820423793,-35.15539659722065,-10.992385519427106,-55.966949608096876,133.02703346199698,123.02858210854725,310.6628378942701,386.8136792935744,2.001769984588544,97.60596383166254,-4.973638604290713,26.198765945850024,-21.996205853539013,417.7178380532698,387.1970377058431,-2.0541794358812737,-9.536275153549838,-11.095473971964324,-47.69330680511804,23.615909263175336,2.1505083506032796,3.894935435366838
1771946505.8434107,-0.33413424812032066,-29.191251606262234,13.71103267033768,-63.2470013504148,-39.49536392233977,-460.7612677119226,-156.8510429289852,-35.63170880326432,0.13107538074633227,-68.67124218375913,52.531855852740854,180.62336328170304,26.597819429349638,-35.0373572443608,2.0032057394966416,112.70380617135015,-3.7652925681041745,59.734181517631065,50.017322476690396,-127.35014053189322,401.4688282505793,-0.9486949276063552,2.437859624710574,-7.422586571824313,-48.621240580266765,-36.407058627326926,-473.69088126529437,-165.4843520438085
1771946505.8473074,0.6994627581630312,-18.571321387234313,21.899770822604793,-55.12889141224962,-60.691445708234134,-203.70937079668977,303.3079568726555,-35.93216975179626,11.112836979507016,-76.79177468600693,-54.386818784237825,108.96809597591407,-241.5794921618246,-522.9588676482464,2.0674354685452223,125.28302251124562,-2.7387848207655563,76.20388616868271,86.54465563379705,-474.04519302436995,-952.7155118989264,0.12849038812126554,14.13103542347889,-2.7829337253484017,-34.10913407734263,-75.1983730738617,-258.80667840764283,320.021512514734
1771946505.8512042,1.6112824551114666,-7.1588011872074295,28.7155375142603,-29.699134848342936,-36.87682514100086,354.0342419983396,-526.8279085903279,-36.057309011330226,21.78528271122159,-79.55869166872901,-153.68829294160474,-45.16466402175849,-110.69933295119651,748.1521770565189,2.1926761065954414,135.06018423781487,-1.9803454934977838,68.70989968252722,61.23780601456612,-93.19004901365358,512.9587177254483,1.1646590659175544,25.31739949063056,2.6113523416392286,-6.385892812531115,-60.30599379952282,329.08365621089615,-540.437126020601
1771946505.8551009,2.3996059835326657,4.777506711321472,33.88131605542442,5.809923447397545,16.901335356305804,374.1098327931192,364.6392400453499,-36.0087862177735,31.98539839970143,-76.598342963691,-211.56419354263062,-171.23397750527528,177.6868086647292,-388.72375734193815,2.3770956806558083,141.81846551780845,-1.525244305230934,39.36130910493108,-6.9147917680149735,438.52360923815166,285.15313091104105,2.1472569276870024,35.78853667904494,8.476488374317125,26.59171329481395,1.511457627558553,415.37422058396066,359.2269603312764
1771946505.8589978,3.0637409502745734,16.948146978016176,37.19986865816759,39.67515686163557,61.52575083749106,-180.84811337541197,394.24895299450395,-35.7893579875753,41.556251019315226,-67.97902895198133,-208.2113706315905,-176.5280603933424,156.07111683313184,-275.71388183945777,2.6188418514739795,145.41241658481258,-1.3565492208658283,-1.4695867429862022,-68.12986489906201,311.91933875353175,-528.6762660639329,3.0640186755520276,45.357062731832485,14.471555648656098,53.98586240754681,66.62522871660528,-125.27534811113651,414.9710745755307
1771946505.8628943,3.6040131618817175,29.049990707175912,38.55830534502019,60.42416369166737,62.90928305352428,-465.9141028245938,-912.4085363189184,-35.402836905754555,50.34858354437231,-54.22060759722354,-145.99363534997164,-56.186677509152084,-143.7661558709021,723.0802699887403,2.916063153448375,145.77097070967898,-1.4099845073113986,-39.451176436410414,-79.04883812524022,-292.44566267826804,352.4773222998152,3.903091770419278,53.85955541193436,20.21739236438921,66.43597605214288,86.1227060728809,-470.51284134052275,-924.258818101628
1771946505.8667912,4.021750095467921,40.77373898657331,37.93067533874292,61.49738426451823,18.293123693125285,-31.71199139560585,486.9452727218045,-34.854043329326885,58.22254760019203,-36.265774677917555,-48.11044049103592,102.48339076918579,-238.43846808431522,-600.1053261761909,3.266922568728221,142.89862642511181,-1.5842202273735517,-62.18330580940934,-34.257340122611225,-478.87787148266847,-226.06958653339936,4.653157057111405,61.15878860965546,25.318828683837175,59.85138512231448,43.23198523134135,-92.82126673296958,481.87667671523275
1771946505.870688,4.319255956446405,51.81175591250439,35.37855063616876,43.77061394100597,-40.71147276364986,471.9947634940469,261.4199039860518,-34.14875089701933,65.0495757777928,-15.414258371415364,51.52783053822187,185.17326865354303,59.20355272891184,73.11225411162384,3.6696033057579225,136.87479391831934,-1.7553494677675188,-63.87867395642356,31.348437082081436,31.093424854179183,73.48639344882294,5.303544707154873,67.14525804308511,29.3890621725797,36.95802806988283,-32.51932354568178,434.64780334713333,270.5777815928357
1771946505.874585,4.499778278552739,61.86602539802972,31.049365962164686,14.90145997853279,-71.21669914726988,269.6858033140472,-485.4817094117642,-33.293626767088256,70.71437470692952,6.775407485234258,122.28646841551503,135.36628642457123,324.5482617985879,326.10478674511785,4.12230685341316,127.85134067975712,-1.7938810520401058,-46.74806880897819,70.06144626583831,504.06530715017203,211.39025843286512,5.8443441449557945,71.73800962317341,32.074859922039025,6.003196193797144,-86.26833205372593,306.17864572828614,-493.2670372680377
1771946505.8785932,4.567466125800459,70.65602067835485,25.172128827804304,-14.142551778837273,-51.00525131342199,-356.2076310164559,346.081481639224,-32.29616768793437,75.11700031290079,28.60878475265413,148.0576456119484,-5.768046925014078,133.4578167418247,-371.70188497707386,4.623243527523562,116.04841491549448,-1.5823393874848832,-18.910051728327712,56.844557564995746,273.483578516993,-378.2720614032447,6.266506719975644,74.88480213211544,33.081212752394414,-22.748956901097017,-78.61015785391949,-294.16313060186275,353.1019146277027
1771946505.8824902,4.527320095075419,77.9262764610576,18.050058843412263,-33.70779680848464,4.964073376885421,-476.36774699190295,-256.36998253812936,-31.16463301308552,78.17495998990314,48.39292596518279,130.94951137865723,-133.40219072660972,-289.4956637173398,298.9025544970488,5.170615861052526,101.74866597545025,-1.031531987914934,9.559670873130068,5.879387376275541,-327.1793112690396,295.49575730625446,6.5619400228685585,76.56165466987589,32.19405680943256,-41.10436664084952,-15.17698135305811,-470.69151342458133,-256.7308720072409
1771946505.8863869,4.385134480208744,83.45346082156719,10.049775546099799,-39.002442638851896,56.0066483758299,100.64547370692364,88.9392414764963,-29.90797569247196,79.82527393659788,64.57654138100987,86.76714633270413,-158.833345223022,-354.1136740316729,-224.40495295359992,5.762595361574715,85.2900194075921,-0.09370888690881037,30.322729418810162,-42.979897800285926,-476.0765726622057,-106.8861574106521,6.723592912011335,76.77184559513344,29.29971400520162,-45.69458032271089,57.708815553820486,43.99736761664342,81.57019694550493
1771946505.8902836,4.14743208699451,87.05275564191558,1.5868241958141691,-31.040112430728616,66.14662507169686,547.1881526314324,223.40947372623685,-28.535772140094256,80.02641951545836,75.88072487239408,35.77471707473223,-73.0560284093639,64.45367037306752,9.071547435448654,6.397293359468453,67.05719915873627,1.2288232223182398,38.912466977629805,-55.59016112446971,-0.2630165190962444,-82.6404301465368,6.745530466295617,75.54444171011777,24.399776840366705,-38.26673643213218,87.88191797487745,504.12712376262084,233.19729003027481
1771946505.8941803,3.8213922660373902,88.58336989689545,-6.892404374561723,-15.043347655240789,30.18755015894967,227.71070160991275,-376.81138451663134,-27.058151756536287,78.76007722296697,81.40863553033238,-6.061635835892439,52.689956506468064,427.4840356800279,281.04905285752494,7.072726841264625,47.472218839717996,2.880584782643336,35.1555261690172,-27.864962518655684,450.13477600055114,240.7247142583893,6.6229981897598815,72.93244343861146,17.62027746114409,-23.844020230162073,55.81201197967881,253.41969365227462,-387.0137189683007
1771946505.8980772,3.4147728044961796,87.953030146861,-14.931957655336443,2.3188244121557156,-24.005771226097448,-403.4764879189347,273.1273124578009,-25.48572679924755,76.03259438918113,80.72420059896035,-31.53247242972094,125.78680985359946,251.1548464131598,-380.13266344140885,7.786780272810116,26.984086490710858,4.755674470766379,22.34105003611023,14.552974822132528,312.8842984784647,-292.1184893494543,6.352474905815799,69.01063464352389,9.214152524779921,-8.183761850451972,-12.474289339014073,-345.5516072912591,275.5893766136492
1771946505.901974,2.935826434979301,85.12131780326544,-22.090011401962368,15.359133538996288,-57.62747641870671,-478.18976446050317,-105.48297429930308,-23.829523207550466,71.87608408700535,73.8925013769627,-41.60442006314269,101.97908246645085,-248.65706407643899,238.39053950460513,8.53716449357705,6.057983129478672,6.706141155886455,5.642866119219388,38.77104188900333,-193.92434685380906,191.9940380011987,5.931713939063126,63.873225705564344,-0.44373683155665095,4.11908285692699,-66.83154329451712,-464.6036179972372,-89.66394673176826
1771946505.905871,2.3932128603661713,80.10175201788725,-27.963774029979266,20.786964888672095,-49.53364068340916,79.68313817444545,-51.37611667909228,-22.10091285689025,66.34908299745801,61.47780960093189,-41.65993790301207,12.566977830267867,-443.39935522440635,-20.025770244565738,9.321373852944454,-14.835814639988762,8.5551534965021,-9.727586274106296,30.148623305965042,-430.28584929485726,-0.7798553673438454,5.359772376113969,57.63137542882081,-10.869441949763848,10.485355458237672,-70.99534130416089,33.13071884067092,-72.23757325754396
1771946505.9097676,1.795907296418588,72.96254827480445,-32.214083397533756,18.202229252842475,-9.640434834552078,507.221100040159,209.25989896964816,-20.31154754644101,59.53670272973711,44.49896228220786,-37.2737990351615,-67.78910418989359,-97.14825163151122,-150.75351713502667,10.136642864441276,-35.23299362406431,10.113664652099695,-20.047013894752613,1.1057924566892154,-145.93775460937567,-156.73571919793432,4.6370283653912825,50.4106702608954,-21.490631637132363,10.548624491802961,-27.588481635730396,463.5545107432426,210.4633418613544
1771946505.9136643,1.1531065755807353,63.82601463942822,-34.587958807378506,9.876718329579155,31.43657331500989,267.27912646183376,-283.2058676126303,-18.47329487227369,51.55022260505869,24.345552995007385,-31.55441803278283,-82.55818017308414,359.25520403000036,227.98449164306493,10.979903728112662,-54.685973318919,11.198926299462087,-23.740171370855023,-21.906382226538717,283.6133895751853,196.6833251722089,3.7651865308270946,42.34862808411837,-31.674714577704194,6.061651079553644,27.70182000811474,284.6291873981255,-266.20924412096167
1771946505.917561,0.4741338749914083,52.866580363396956,-34.93730236496646,-0.1855184674431553,46.41850956431785,-287.5413624598126,210.91339945753958,-16.59817604514636,42.52608673499179,2.6619257792167295,-24.78219219210728,-33.97183301986508,381.7174584264083,-206.87874868143086,11.84774607364468,-72.77412505419892,11.653023782856044,-21.0947383162761,-21.105678038675123,362.01187835702217,-153.8365497467859,2.74727166832352,33.59227993699316,-40.763416348053255,0.40453461172436767,55.76142584616381,-232.06137419054087,195.67894276424633
1771946505.921458,-0.23165682152196698,40.30748559494672,-33.23203707500741,-7.82867242013475,29.82085458692949,-449.0721621838519,-43.47915092934107,-14.698305660824708,32.624284232038484,-18.791133739943195,-15.897643507928402,26.78509480057224,-40.70907488497626,117.03839486392964,12.736380218946122,-89.11319876458329,11.35960030464502,-13.546843193867263,-1.0148007164556967,29.696216839633482,92.16592743227532,1.5876110150871146,24.295868432526728,-48.112304161506565,-2.558426713598995,42.78922208707879,-430.8190580532392,-39.442483012644104
1771946505.9254477,-0.954975348847932,26.416195423128215,-29.566232963713333,-10.425750595707422,-1.890622032938473,-58.52011591924234,-120.43470255458695,-12.785833373702618,22.026109177923036,-38.28506624493508,-4.600561935595659,47.23203571812389,-406.2298709437558,7.887201343183539,13.64160516777365,-103.36373896026252,10.257118487197259,-3.1818462505335208,17.26246850705359,-322.42467266679387,-5.442341391227737,0.29180553207449783,14.618687248877364,-53.13321524134124,-0.08932172143339188,6.363547699218446,-106.04545128034727,-113.25230408626113
1771946505.929345,-1.6866878557936198,11.498634377729525,-24.156205955868945,-7.846783674804517,-25.72310782951145,369.60752359817485,198.46703112808797,-10.872887341661661,10.931316429067598,-54.269620038677516,7.4125289415206534,17.386139843003505,-298.42635394619566,-116.91728469951558,14.558782511802741,-115.23829961491903,8.347356184106701,7.412048428331815,15.416404425976852,-305.5039916884466,-91.3077025690045,-1.1333092280701287,4.723071615208022,-55.33707117314811,8.049236309937065,-23.138136792457505,318.14955253588886,183.8181352179265
1771946505.9332414,-2.4179059778948506,-4.10763275210896,-17.330154000690424,-2.2487699267465486,-29.18025049544218,331.53677110002343,-185.59714649504633,-8.971519233236524,-0.4452909131464599,-65.50354913695541,16.99323077521018,-25.915132122279378,151.26056829377737,152.90577058343342,15.4828173330692,-124.50729999577844,5.698308318140103,15.394005040445238,-5.581716664099228,58.48476572976447,129.28185707559757,-2.6797120184789756,-5.227464851319251,-54.37421059847332,19.182781030639948,-28.07573673895346,351.32617609242703,-175.53607937296073
1771946505.937138,-3.140071563381956,-20.04112147625579,-9.509570151246123,3.076338187948354,-16.072126651985712,-88.23503590997102,129.46035921603644,-7.093650560106742,-11.877788133053778,-71.15843303632207,21.538911080602894,-35.35661779339114,426.92091076458655,-124.8367739608755,16.40814708113925,-131.0034000489726,2.441210832384557,18.46740254511018,-25.816364062795284,364.9165819148412,-112.07991721449378,-4.338253875297603,-15.069965106970509,-50.0691952510839,28.525594374956945,-14.612048375871016,-15.409658965200894,133.64719145685567
1771946505.941035,-3.84503588957727,-35.92487354289577,-1.1833742675796683,5.138214373862736,0.7951030823086785,-379.0911375707205,-36.66203033689816,-5.251020119920098,-23.133498925186,-70.8864671747686,20.908509703894705,2.4570414657303883,209.6560386400344,77.24894989049292,17.328739221860538,-134.6243139746635,-1.2380400897954797,16.004362963310413,-23.685003442423064,255.8930709405142,93.00417392307608,-6.098724446461318,-24.643664189523207,-42.44707574505149,30.92963761914182,-1.9835061666135707,-352.9659527853072,-49.754143042525925
1771946505.9449315,-4.5251323480128045,-51.37543152501189,7.123635452287831,2.429779592101178,11.402698602192949,-218.65999777419916,-84.28668267458596,-3.4551323638993603,-33.97772305106742,-64.84624710025962,17.574232848713798,53.164775908784264,-258.2181853252165,-22.076358697759755,18.238098262228803,-135.3340220860097,-5.112279633848674,9.670967119541498,4.040622627118893,-168.85517875482026,-58.068958928121816,-7.9499258755930775,-33.791560644510604,-31.748371864515445,23.067678088819576,-1.8314895311435913,-286.453290581947,-74.32487152434985
1771946505.9488285,-5.1732416314201615,-66.01212887365776,14.885852653122548,-4.383524184068207,14.35905378590264,186.29775789237235,164.50485271959303,-1.717206505045572,-44.17872183922721,-53.68428579827137,14.576811153233306,63.95633063868319,-432.69574225012815,-31.568453235026915,19.129282587963466,-133.16238197877698,-8.930043354732183,2.8598136363063555,36.65546492885937,-417.54209705000017,-20.07049084546777,-9.879753381114961,-42.36196219118166,-18.430546433678582,5.395209028681296,-7.344551697009268,108.80899167082062,162.2020795025517
1771946505.9527254,-5.782848561985677,-79.46647144139449,21.61289369295647,-12.43917711937304,13.529820065095848,365.72266162953963,-166.94800192230147,-0.04812616947055568,-53.512849487959244,-38.473933501083316,12.652729103450692,11.950022634374907,-93.24108111652485,77.73176453037689,19.99493139971031,-128.20317961762174,-12.434565874439574,-0.9555884327289726,44.74416097825719,-160.07652496125982,108.26833241305026,-11.875281652825759,-50.210043973145794,-3.1545302641088315,-16.988127354495823,-2.1905714448466718,390.07864521610406,-167.38420551032988
1771946505.956622,-6.348089849963649,-91.39138144807711,26.883828225644066,-17.567949205120883,10.99008621684201,119.68990121935094,116.45999330602716,1.541610589713073,-61.76970910874124,-20.61716821393422,8.81285583044034,-69.82142423934158,370.1974760203132,-129.4121941540075,20.82730185938144,-120.61069920553683,-15.38310915998998,-0.07094600795582114,15.248523663587815,324.0974694903443,-161.75550915102085,-13.922856216234809,-57.19945478872713,13.244146975131287,-35.50214409523997,19.501945421977094,224.65966004185728,121.02658878707632
1771946505.960519,-6.863792219968075,-101.47007478279222,30.376887675244873,-16.109244240737237,4.415206433024326,-266.9049936067814,-30.212032037583523,3.041941027985646,-68.75720746805733,-1.7180542566227337,-2.1335771111669,-113.60600347129751,393.36553377349037,155.33451224743828,21.61831633869407,-110.59492725515706,-17.564945452920774,4.3806586305679165,-34.203328041374135,421.68478574608173,164.14525975569995,-16.00818894684896,-63.20399990439754,29.798917331244386,-41.53671774462507,42.01023445343638,-219.68418645779678,-53.96311239000041
1771946505.9644158,-7.325500460979885,-109.42434689802856,31.89221915624765,-6.980229872793357,-8.379874788025955,-346.8358636564647,-65.81463256815117,4.443287214737993,-74.30638096355013,16.560782317463982,-23.580830279578628,-71.65759024532007,-68.38916949581372,-109.51765979281316,22.359619425940682,-98.41553959933117,-18.816510858172215,8.66794886594946,-65.50541685195847,-33.56780365931018,-117.2214203329175,-18.116456918155432,-68.1094179517856,45.468514796106,-31.044010134164186,38.78257733144575,-425.50996938443865,-32.11423608947924
1771946505.9683125,-7.7294950667946996,-115.02205195137857,31.365769986360792,7.233571965100413,-23.002019016795245,-16.195217463653975,130.26096929526295,5.736605258142299,-78.27586654535811,32.64578083631565,-52.90832514223494,38.884499371907495,-450.049484195546,13.232674126412487,23.042644141950404,-84.3748482736394,-19.032569742805958,7.978980415986185,-49.33448500446634,-469.56439619751364,3.298346091067019,-20.232403752079588,-71.81525489757877,59.203008972086415,-7.842094968678767,-1.78401277970077,-120.96418541397387,137.16273386590265
1771946505.9722908,-8.072799279434914,-118.08357530122734,28.87308514672844,21.117288808617975,-28.21891263411122,350.53206117728564,-157.40981813945928,6.913434158286505,-80.5558949209815,45.19092820631595,-79.78787571284694,140.24580018161757,-269.4942652384802,114.45528520944872,23.658686653994632,-68.80990737442879,-18.172647630035353,-1.2071956515746685,8.899409474776643,-285.9767795608002,195.35812479866382,-22.34044265327184,-74.2368219721559,70.01540490141606,16.77217175106355,-58.42817962598743,352.0762391288488,-216.64255866924847
1771946505.9761877,-8.353175540005758,-118.48712107683606,24.622615556440717,28.98584864291083,-14.545271528953359,310.2526532584529,139.9331708690017,7.965944149347909,-81.0716903154784,53.1946792745233,-88.76329098921799,149.58175244468023,244.3980892382847,-257.6341209975709,24.198988622011843,-52.083993521414264,-16.262460571577716,-18.69392249512694,68.67339568393577,296.30468473652326,-348.1547825799501,-24.424760369234175,-75.3072081299408,77.05387616948526,28.762937532075743,-86.6077388964841,408.91404274076393,182.28300257389256
1771946505.9800844,-8.569111551957883,-116.17266311834825,18.93900330102882,27.755013254815818,14.815005995259083,-119.4495297816588,-54.077233616924396,8.886984305371978,-79.7861719700077,56.084851261944706,-65.87847352980947,45.75541369262488,432.2607909312713,293.965090521731,24.65482613076462,-34.57768794182336,-13.390546694716347,-39.28761612148043,82.9277264918469,475.63703226519965,255.30712387180017,-26.469421397357888,-74.9793013521026,79.6692283232176,18.578130732251974,-52.99078901848469,-45.72939863958477,-41.1752059275861
1771946505.9839811,-8.719796325286786,-111.14443760668259,12.237659823284735,18.452048771189556,41.52206375141944,-431.9038954146841,-61.35893677107425,9.670129077545639,-76.70186686466587,53.76393424436671,-6.938828644094564,-106.00755546316039,66.24514400635235,-139.95089548194977,25.017603970086423,-16.67979290009916,-9.700737189188684,-53.866392466349055,35.25017740701388,-13.636083610474918,-11.041457009983963,-28.458471809893325,-73.22775678029889,77.47213633753913,-12.732132991444612,31.501540792754753,-453.55317509298214,-79.40476559745079
1771946505.987878,-8.805086694024041,-103.47188859300071,4.9927054005738265,5.555589382817494,43.409529796254404,-215.12095426199502,137.42515238208426,10.30972335333664,-71.86195943747678,46.61086718085578,76.58340997317049,-195.82563439812964,-352.9934407158769,-93.58932254572089,25.27895387593172,1.2216860437077208,-5.381436029185423,-53.066088122647436,-43.84033246759601,-479.4563779492341,-143.99040451521643,-30.37604207771526,-70.05083409391445,70.37510575326462,-51.91550372031094,110.37620300065,-292.30057801939967,147.90364035880555
1771946505.9917748,-8.825464923203638,-93.2890137397983,-2.299086334297399,-5.371290067817719,12.783077362639096,299.262939422354,-164.42661587133767,10.800925601468064,-65.35042156239743,35.43931486525385,157.9810085047671,-150.21014883882438,-281.02329003592746,308.0454760510067,25.430835265847367,18.748269143394474,-0.652873795008634,-32.19731611182009,-96.63725828494566,-245.42664548404383,316.40044658127846,-32.20644828161436,-65.4720136881148,58.61496675976363,-77.90987583095908,119.58801716289554,234.93368314889736,-224.45314991575174
1771946505.9956715,-8.781988177025774,-80.79209694666021,-9.155358841111731,-10.479952647437504,-33.31312706114771,457.88568322052896,158.7943881543772,11.139748659103557,-57.29118524523948,21.416475251880144,203.7838400977259,8.235172142648057,139.93184256934907,-473.0917126179588,25.46563696321733,35.53923514235514,4.246448415693925,5.2394441583791345,-81.16030706545224,343.8443577778349,-573.5813307218527,-33.934291147305345,-59.54129304756467,42.752976311018706,-70.99371631697558,39.277363968889674,447.75536296029117,235.56179528625074
1771946505.9995685,-8.676230789826414,-66.23585590359096,-15.143212455414538,-9.539894405218204,-61.892963251618475,16.675730722549915,-114.75953370581297,11.323097685149838,-47.84634213279717,5.950073020121473,187.89776760775467,170.830434943052,314.5516356913725,395.85212911007864,25.37627835436984,51.25916926831816,9.072992340353302,47.74519088554758,-4.781498295424866,410.79728181112307,394.95141846164466,-35.54455242105381,-52.33606190200973,23.651196179440507,-23.09499861525559,-82.49237745141373,85.0112854699647,-93.86838301557148
1771946506.0034652,-8.51022041971673,-49.92807395623044,-19.90937328642403,-6.059450547786069,-48.097572886001814,-471.752923015514,-3.367287042808549,11.34880475162705,-37.21337751540174,-9.44588229547829,105.19048714202397,219.3843060034202,41.82781305594169,67.28149715169161,25.15630835791726,65.60466164139254,13.590158706442555,80.08901462669851,78.5716427756979,-143.24854321064862,425.8514108410914,-37.02268817125211,-43.96145680791123,2.4256269293375627,55.49595984201631,-158.172796128123,-353.9637400077412,-100.47739702808944
1771946506.007362,-8.286369254099265,-32.222825563792206,-23.203106673735054,-5.398298543835287,3.3292913305294465,-340.3112598131185,215.03119248699306,11.215659526983142,-25.62147035438081,-23.29404240443303,-22.706529229574585,114.08054337283974,-238.19051778809327,-597.1979402913358,24.80000055986766,78.31001879872838,17.5783618634604,89.73270994221193,107.39296018157224,-477.4144366170482,-965.3591385730936,-38.35471863250722,-34.55010249920928,-19.621530118912105,137.04284504189397,-124.9930693358373,-298.248113508982,269.54165362007654
1771946506.0112588,-8.007401508663383,-13.51244280706859,-24.890159767862244,-11.51311594599932,57.65563079524282,260.8793006390172,-371.8982944530919,10.923435558069484,-13.326913680178313,-34.29203720403004,-153.52342567621233,-73.9565368358263,-123.2870784565378,707.9545388932249,24.302442926026988,89.15188307329738,20.84290538566365,72.33294441926263,58.99345365413383,-80.2819897052753,488.46929814708693,-39.52731423108527,-24.26115948485741,-41.0863040629536,186.06464572074321,3.020307703523533,127.50916627835996,-424.8996326472317
1771946506.0151558,-7.6762785542825425,5.781593310481166,-24.95684326323566,-23.90664621269796,74.06088046912092,509.3357643904797,259.9972001132988,10.47291175201548,-0.6077317639991826,-41.433264974793296,-240.6751079246629,-212.08524970304188,168.87946661466557,-318.16221188395997,23.659620624509994,97.95268950160752,23.219711462614036,33.73742650326779,-32.36089017276168,448.65643939082594,307.16544906570016,-40.52787748632139,-13.278615796982907,-60.55834845476412,174.69023817983842,138.48516611450395,319.0368522732121,387.49298243097553
1771946506.0191228,-7.296123108591151,25.218619961491374,-23.50426291901043,-36.731380919123374,37.064811721576696,47.567919491306206,10.257462936521078,9.865888726422808,12.242407043551488,-44.09891055879865,-252.62681906545467,-202.32973194125748,164.41210134628824,-272.0856371242649,22.86849062372687,104.58292540977551,24.57925184026731,-12.443498306225194,-100.2862686549844,304.66632521782464,-509.56113294737946,-41.34462056759878,-1.808784958640825,-76.7204205289116,96.88606114754448,181.8557220801001,56.12483208302508,33.062528724982634
1771946506.0230196,-6.8701439880762285,44.3493736331233,-20.73359143675139,-41.15510725182282,-29.25786811728576,-473.29859960374654,-172.39563881442123,9.105199695262113,24.920859585535037,-42.11267243722061,-186.25153266817162,-52.864562839648464,-130.6194647661613,677.4008014717256,21.927046869757415,108.96219254249512,24.82922371974318,-50.59356725564477,-95.75078698626037,-305.5302092241748,321.3237999877961,-41.96663834780367,9.922999841404978,-88.44443700169215,-25.815749606644474,96.45389547945824,-228.69056080118594,-567.5504441920575
1771946506.0269165,-6.40156289913003,62.726920607269776,-16.924040803698944,-30.16246636681867,-77.12367598484936,-305.6093983620085,332.7241666234496,8.19471549857123,37.123113892704254,-35.753222637034334,-67.85343974191434,128.68187735537177,-239.83420286897598,-606.7874000142508,20.834375024180666,111.05910518531948,23.916586514425653,-69.49485442701945,-23.500806609111397,-477.0669641059961,-230.64829509228187,-42.383976792983105,21.676475569177985,-94.87655876694134,-150.987123895032,-60.530939399422444,-126.0342111264954,715.9509173337241
1771946506.0308132,-5.893544681286731,79.9176590277322,-12.40578711451139,-3.175488856478573,-70.38860757181705,296.7300276324668,-572.8949660136037,7.139343299610313,48.55016522892455,-25.723439963103086,58.52775101608224,214.71601175660558,44.795854451326996,128.40205165296445,19.590695948804406,110.89008890938287,21.829512232290526,-66.3440033593793,62.3580964479074,45.52629449117924,101.64534732796547,-42.587696490338786,33.20127214017614,-95.50434759477203,-232.22021602306137,-177.33757333603288,157.08799784579787,-344.15644079127674
1771946506.0347102,-5.349132359589797,95.51210824533808,-7.530469965351561,32.346283080633455,-12.5743928306853,440.2325470637312,383.0794732795384,5.94501839857166,58.91597799582429,-13.079555429056807,149.8268970759581,149.97030480587125,316.98735797695696,314.4200506966539,18.197397302189653,108.51717117698436,18.599604788258237,-46.64010783090521,99.81246395158217,508.12034920011354,204.98002225395567,-42.56993110784739,44.24238423276876,-90.20024752479843,-238.77907603943123,-169.53801539608588,152.7447127388254,-263.13035184847575
1771946506.038607,-4.771188327753138,109.1352012042718,-2.642007109975768,63.50876504810978,54.65689813248869,-77.17715977151389,436.28903347009833,4.6186885824790815,67.95483734248154,0.8728706281948061,180.8531399008147,-11.891132906222715,143.02746662520858,-434.08886000350907,16.657052746907066,104.0448760352245,14.304440630978846,-20.506243953040684,65.0885027575583,258.92638629866144,-395.7664671779945,-42.32394063645661,54.54617405417942,-79.23739739091052,-168.80010511368803,-42.89677289163476,-132.17973903647908,685.8455991531935
1771946506.0425038,-4.162342918738039,120.4558037677769,1.949683115179468,77.5758196818687,82.24886887893659,-462.6923966589705,-973.3658322747079,3.168290479962945,75.42838946876893,14.706123338668846,151.95561666913304,-152.37313175395047,-275.7487817472818,352.95343405812,14.973428404768367,97.61635124164462,9.07013209841438,2.1975970680340287,-11.785311743411729,-339.4335747406838,301.99650282868004,-41.84415937911098,63.86675359380007,-63.27593984966337,-49.81767815136731,110.89159495639902,-226.47019706110302,-609.7146966713251
1771946506.0464003,-3.5249514756769647,129.19520223669815,5.98986207361719,67.77016110432272,50.49646717194069,-132.3677769129566,509.7004219763296,1.6027175279945336,81.13217254514142,27.00852245929323,85.0602519884479,-176.8643317734058,-353.79109423193876,-198.2004372311876,13.151476388976233,89.40886837152688,3.0732830789384087,15.476915885399034,-72.60711962618771,-466.36227418275786,-93.337587985929,-41.12623878711116,71.97256475893387,-43.320368555408514,73.51846303526517,182.43051413079797,64.44119579018825,125.60635709358459
1771946506.0502975,-2.861060830974946,135.13432619948935,9.29347289006906,36.50783980997349,-16.384739644896754,402.98474702660786,282.77402999860993,-0.06822065336537932,84.90145007527633,36.52052961333698,11.434712087507037,-80.26595944874566,52.59784835048541,-54.31768571141345,11.197315471939252,79.62884434592071,-3.4585493627862176,18.34228356986126,-76.16693144402765,20.072280322660827,-90.13393628018737,-40.16708536866798,78.65295149924843,-20.650833581616304,158.55972702339,124.76845988914502,321.39620119981385,300.75668446290643
1771946506.0541942,-2.172385889671082,138.11950640375284,11.752121090769595,-5.427064007103099,-68.95519344901936,321.8164742333151,-524.4347766610861,-1.8338475096361153,86.61617364600929,42.25595023367894,-42.14302713388742,57.26118859228558,419.33293379274966,295.5537821026049,9.118199155160205,68.50653508101483,-10.248911934359144,13.82931168080592,-27.202608877712574,453.85840032696865,226.67271003704764,-38.96489397252789,83.72450197173417,3.266513671429404,181.605330254713,-14.877445368781844,119.46506253279864,-406.2248176585256
1771946506.0580912,-1.4602968054982386,138.06660547984768,13.333475676871247,-43.3959095127312,-69.89062375815307,-258.1284923169458,374.52937036542784,-3.682677329337208,86.2049212895867,43.59687068154584,-62.65130675251453,136.11697151263726,254.17046162678952,-344.37201802089066,6.922471561122132,56.29054814392018,-16.978042337953216,6.94463179882561,31.95180978097547,293.54849458294785,-274.81676369883235,-37.519176749676106,87.03693291007804,26.88331117076979,145.21266787934707,-133.89550330693444,-306.5920001575161,345.24228005837426
1771946506.061988,-0.7258170029264901,134.96340279742128,14.073786935128703,-65.00216212020207,-21.21672992509066,-464.0741854615305,-259.1010861006157,-5.602481342443869,83.64768145036828,40.35348532668709,-52.67527152983927,110.88891450828821,-242.19931163665143,220.86433276946605,4.619511695705304,43.24231261555341,-23.292809204343143,2.458273899284314,57.58172027203357,-214.60767935489636,196.96005223784857,-35.83078800932367,88.47829353030637,48.67891851290841,73.56127396892059,-151.54586959096216,-351.34176446882475,-225.63026339838822
1771946506.0659444,0.030367958877117903,128.8701622029645,14.064863278287534,-64.88352481342447,38.92726360667765,17.888875246722364,78.42257576623008,-7.5803617845470255,78.97738133479967,32.78329880948339,-25.755432152198296,16.426760084694422,-440.2043756667346,-42.694701761019196,2.2196667808225787,29.630632609548726,-28.821456010532042,3.1417081675377245,37.954686907232094,-428.6810445851587,-24.270046609186355,-33.901945050942636,87.9792817386181,67.26799755744115,-0.5892137910790943,-65.22492395390458,95.96739364445278,-16.656498369090194
1771946506.0698411,0.8078909122980101,119.91836040249999,13.437316291866377,-46.061391872479376,66.4227953846114,486.46740774892237,230.51294998469166,-9.602833390793732,72.28009144880474,21.568018612500836,1.4881224271838618,-68.38757949568358,-94.03093749818463,-137.77399942396343,-0.26582446633068313,15.726436916292235,-33.1930747897413,8.90451135705244,-2.2683114345110647,-120.71064981934343,-145.09983322168077,-31.736244937794716,85.5164892200499,81.4974495552725,-50.416614806314385,54.5128920430579,453.73725749385056,271.5367286337474
1771946506.073738,1.6066734061840449,108.30760250691533,12.342127179912827,-17.635361963315326,44.18409614301801,267.231138606689,-391.79783317791333,-11.655911620250075,63.69387333210876,7.750413748506302,16.711922321494367,-85.30712317315137,362.259476597737,256.37944202794273,-2.8249175749550033,1.7978207568905473,-36.06111547284558,17.111823537719236,-27.286882370140788,309.5636268744484,212.38540233736987,-29.338677106258853,81.11442282568875,90.5252945808402,-64.57752899947835,121.66728707335588,228.43613903041145,-340.43558491467707
1771946506.0776348,2.4268864016912333,94.30079940239925,10.932601307617546,9.555028986943944,-7.09456960304138,-324.9290353534274,303.6030672105434,-13.725206802775933,53.40627305712873,-7.3628684170649965,15.907206971127852,-37.430824966504275,374.14043201062225,-240.38297458438552,-5.44485595459496,-11.89454341707891,-37.12959848634535,23.915151289733522,-21.459348346438915,358.6299340003828,-175.27469233495933,-26.71563164376625,74.8461873511983,93.87556183469334,-48.67822978700089,97.85637104146265,-303.99611635609534,248.53712231016385
1771946506.0815318,3.268902108106156,78.21772895498424,9.348579173331174,27.08436164880855,-47.26167890559637,-468.735126604041,-121.952456047396,-15.796023329601224,41.65049844355553,-22.32340269968154,3.1289191094899897,22.834567298235463,-59.782972866671436,109.09141515304486,-8.112271243573009,-25.10156953523141,-36.18011830876129,25.915013717953045,0.2802874839321795,-9.727458703721428,91.6151607717945,-23.87490297058223,66.83275905962496,91.46522648758032,-19.541786084048603,13.60329399295606,-456.75297323568674,-99.1838321198447
1771946506.0854285,4.133237946291748,60.42714808387654,7.704392826101971,31.39561645089442,-48.270480890346974,11.519213366629335,-75.85178880876553,-17.85346292943198,28.700353318215956,-35.676607497783536,-13.193073493196529,43.30430804723803,-412.60809474892244,49.084971459597696,-10.813289146536862,-37.58945912628471,-33.0972754599815,21.384551852590825,10.290826315113685,-359.9202056636972,13.936167933795812,-20.825688533458315,57.24082837773296,83.60151004620857,4.158025510138925,-63.20752108817889,-36.05322702973099,-98.25517854887158
1771946506.0893254,5.020493812981985,41.337662928157854,6.081537576499004,24.15484128243101,-14.053294467906817,456.81253330496713,256.59415749572344,-19.882530969549677,14.864036944160311,-46.09827938153493,-25.022200259781474,15.393773801887063,-271.2503472503929,-144.12609270901416,-13.533639469681765,-49.14292109671484,-27.889921733947713,10.732711378458728,-3.2815020837350173,-288.69765209635574,-104.4251050011552,-17.5785820139335,46.27924103078619,70.95025352452689,10.52087228965482,-81.80695870501435,420.6534791845977,270.5870557614964
1771946506.093222,5.931283941579466,21.387597873105843,4.526427912499929,10.838400121300252,25.50898470480267,303.1510416749182,-309.25965908859484,-21.868244632756127,0.47694916833678147,-52.51939254091089,-28.045795574776587,-23.719642532336753,187.20417858340485,143.29445320804996,-16.258769008187386,-59.56790680568138,-20.705608352932394,-3.6088189190131486,-24.10731955678729,124.3073818034244,124.00178370641119,-14.145560503344782,34.19411676485105,54.47836897275598,-1.1953979316002612,-42.28279456689381,351.42909224767516,-283.68575548193803
1771946506.097119,6.866164742724664,1.0341308409636532,3.0529981570866287,-1.8103502055031975,39.82525395374703,-212.22631509401958,191.1367889358299,-23.79574179052051,-14.106330008007735,-54.227647022081754,-22.287442781055603,-28.9185950709789,418.75640233766586,-103.92863170831528,-18.973955941104855,-68.69387139049137,-11.835926046614766,-17.656117079929555,-23.433540486685068,400.5496794663042,-98.63512279712907,-10.539965076877184,21.262772356907057,35.37538885186982,-21.854031770218555,13.830559042891752,-134.19815363253323,144.1244368515845
1771946506.1010158,7.82556010580325,-19.25801768979407,1.6493677176981558,-8.575780507045174,21.12652842478004,-434.8930934615565,-2.0038657491328316,-25.65038942089953,-28.520694587984472,-50.93644134124359,-10.569026230780594,9.602621188500027,152.01094222141808,72.26840163198682,-21.664424446640837,-76.37558452871544,-1.711018231226753,-26.827765274473595,9.777009583610372,204.3892572636365,81.87159418749661,-6.776474165659128,7.786620013757675,14.960708352918585,-38.22653906276322,42.54586271245507,-435.098110899249,23.046071542185043
1771946506.1049128,8.809685750643316,-39.02804156810181,0.28737483677985154,-7.723059585644297,-11.67769916807942,-130.7479429802161,-135.89997756488472,-27.417890464285374,-42.39959006399026,-42.814978441442065,3.4643314175420192,55.70724436142677,-295.45101662969455,-18.67156619382729,-24.315458323891878,-82.49452273471354,9.117609355521202,-27.600724099107243,52.57538323043678,-249.1740412919353,-49.66703921986272,-2.8710690744144687,-5.916748144211759,-5.4158706482861385,-40.094822913356154,31.401953044665596,-212.99272012863483,-128.5930138939568
1771946506.1088097,9.818474288962973,-57.8303471567805,-1.0664757656709705,-1.2332099837331045,-30.26584988723439,298.79905246926546,184.36279828390852,-29.084388035875953,-55.3842895059852,-30.476797410695823,16.357117535070188,59.03527013245222,-388.7028173326304,-52.717610294797225,-26.912512459199277,-86.95987985216114,20.00583982424466,-19.522197898157206,63.45314240985418,-418.1011269487375,-19.4672227482697,1.1590090331655176,-19.52204666173928,-24.472316843583883,-25.0667650132701,2.516455122064547,238.95159802479267,163.52671448184995
1771946506.1127546,10.851502649382859,-75.24539370706412,-2.4401915962571366,6.706395255483355,-20.327296760259777,359.6683469704786,-181.76428489397063,-30.636565933250928,-67.13313412365908,-14.927826195403606,24.803797282903624,2.330870641394453,-12.161891233879134,93.10816090104204,-29.441321017310845,-89.70923293210906,30.25600706567239,-6.442797734533716,19.49202502976415,-78.38955780501426,90.31138437501127,5.29531131781468,-32.70508907833832,-41.083594198789804,0.981777521496552,-13.04108796405027,393.18745707057315,-161.05388766418918
1771946506.1166515,11.907923453145886,-90.88979149831172,-3.8470453740673367,11.980759746349568,7.626510850449488,17.612030253735846,137.57697199588304,-32.0617444304934,-77.33050091949114,2.521269606610263,25.545666556515208,-76.91045836168328,380.2391973924938,-112.68401791818422,-31.888001310775483,-90.70889841917447,39.16392374748639,4.287530128610486,-56.49440879317098,372.75518065709576,-139.1422603905324,9.518243155162486,-45.1516086249096,-54.35519616560964,27.424138113675788,-4.261552895863806,98.1947056106283,120.76604090541028
1771946506.1205485,12.986401848983327,-104.42539563453386,-5.279088789731907,12.274069390799479,28.00145803757016,-327.3778459713575,-17.646928323406563,-33.34797045125165,-85.6952634538799,20.37044184141643,16.17898955711148,-111.888935548481,306.78951864028363,125.05078106474024,-34.23915242291466,-89.95400934277927,46.07056028524789,4.9600396179830675,-106.06451161001172,375.5514331056342,150.60314233288062,13.807136164514667,-56.56582760002441,-63.67572061542934,44.036993393882234,12.612887152292897,-294.9441620010794,-14.25929628805769
1771946506.1244452,14.085059250255103,-115.56716208244535,-6.704214372242286,7.526304361451496,21.95395402814875,-303.4204238573404,-119.52886307775924,-34.484101330884755,-91.9885210905546,37.062843706210735,-3.0949341913805637,-61.4294125984566,-144.10931280228928,-87.4521877930355,-36.48194779932377,-87.46833783962032,50.41432891467677,-8.203328044709739,-79.9458904670287,-90.10338709570904,-104.37571732714183,18.140330722330102,-66.67850260676673,-68.74508013919443,45.181063742892185,12.925267565523658,-350.35284874451435,-101.26473451245211
1771946506.1283422,15.20142533996231,-124.08956740084065,-8.067071100641392,-0.6228382662047027,-6.44771440030359,57.38090943155077,155.76373902203807,-35.459881474130256,-96.02038637495866,51.12266715226221,-27.77678678123621,49.934830375456606,-410.5858046841285,-5.874615198602763,-38.604221136713406,-83.30387845975842,51.779535833311584,-31.768110660240616,16.6764181750242,-449.63400756410954,9.41055276784851,22.495269224921426,-75.2541891170338,-69.57703973466856,31.49611410498751,-10.287679792703587,-10.619781757666784,129.35325426134546
1771946506.1322389,16.332399576552323,-129.83143468163655,-9.293641659060563,-9.661688065004604,-32.89676501933484,364.1978683734493,-111.41097354102837,-36.26601129121269,-97.65563926730097,61.28585979228878,-48.83477540291839,142.56185538572564,-160.61304438453988,117.28991973358522,-40.594544981914716,-77.54019703131783,49.93657664475812,-54.78928507841037,118.28179013055195,-247.349500943673,125.29694747785541,26.848600242467747,-82.0974950000053,-66.47693300466986,9.019225680669027,-37.33262522886894,351.69806270319543,-100.75621779245847
1771946506.1361358,17.474223239128275,-132.69905448677875,-10.298836044021364,-16.84902383567178,-32.661148738756765,267.2868542121222,91.0915124309579,-36.89420788892607,-96.81808139509249,66.61206912239345,-54.92350853732714,139.76040059415712,280.3592264377015,-214.92324877132333,-42.4423015464283,-70.28353917118577,44.86988471777863,-62.300004345631656,143.86686093853297,260.53339388537097,-260.701816449692,31.176293529638592,-87.05812809049435,-59.99744941661941,-13.474474253387566,-38.78186027346967,321.96447896808496,102.98604828799894
1771946506.1400323,18.622462834840444,-132.6675387507161,-10.996093569470085,-19.746656037240477,-1.9962230760010684,-154.35184889196552,-80.43413999417827,-37.33725712577998,-93.49345341679461,66.56792357989455,-36.994684577954466,30.416332523209753,347.5163040550721,225.5665734825955,-44.13774537369495,-61.66568345381347,36.7904770445414,-41.79361093638894,61.64757068756689,425.2514201730274,268.3104762439383,35.45376566132828,-90.03458547499424,-50.877133890965666,-27.824201372280797,-3.7726647458109173,-97.61017877055966,-104.64653455301185
1771946506.1439295,19.772005494198343,-129.78039536503442,-11.307747607570652,-16.851598516964454,36.488288197446465,-426.21990026846555,-1.382642021460397,-37.589056786386216,-87.7308128555251,61.07439563421331,6.185647226177912,-114.45774932122475,-26.910828465996502,-105.00313450150384,-45.67205764804925,-51.84251716900744,26.131123437866552,9.612367326560637,-78.21473771926537,49.63334714557536,-105.00303954670966,39.65601588731944,-90.9763793743405,-39.96754691533858,-29.413253153219628,45.76841841929565,-435.7774405035981,17.828043563448304
1771946506.1478264,20.917066796484413,-124.14736018341752,-11.17482189514225,-8.22383164661187,50.26376527110463,-191.86096265672208,133.90870674770755,-37.644650745925304,-79.64230667849252,50.51426138235752,64.34599323493077,-188.97454912880252,-334.5955970505198,-61.991205893283315,-47.037392056597554,-40.99230709662192,13.523605154885503,80.6293439694004,-173.98669055725222,-358.8314581295135,-91.51999991222752,43.757771647671376,-89.8847445459419,-28.155796296602613,-18.666796040756,69.45389012419152,-256.08957549463776,139.15075753098557
1771946506.1517231,22.05121125850548,-115.94057102151386,-10.56500899395923,4.256885650882448,23.441392772344457,310.2334346352213,-213.76641403429258,-37.50025407214185,-69.40131154011262,35.699272351344945,116.73745109750051,-131.3127510312891,-182.01070766491435,220.83298790192404,-48.22691218743574,-29.31363398884078,-0.24089545493718637,146.97523914646885,-147.8095263836251,-275.4316301796166,260.93446676607425,47.73364302395721,-86.81182404897386,-16.28932250571586,-0.5669259239707922,41.55023220554739,273.3699931291254,-241.67998004136703
1771946506.15562,23.167385467070943,-105.38921397768584,-9.477822403396576,17.222513529849664,-27.673988597506515,453.88410546826043,189.6365744972262,-37.153269087294944,-57.23895508110162,17.800251771002802,139.0835590900186,25.435212046636714,187.75575488798287,-387.8762013673671,-49.23482050340394,-17.022958848663706,-14.265675230035587,179.41644039597492,-9.27357808048127,145.52708454812003,-430.7805378752451,51.55828519687561,-81.85838265126458,-5.109398539727312,17.515886647625816,-24.253628681197817,493.1768222025298,209.50167991516093
1771946506.1597447,24.257963570052027,-92.77281405840218,-7.946278549047486,26.602595437845537,-64.17913139868817,9.26687740258077,-104.15403158245559,-36.60229252155559,-43.439073962295815,-1.7534125029217218,114.43797720897142,172.1279839362368,257.2812544961483,400.43678622363035,-50.0563790153976,-4.351793104144118,-27.612682349493884,156.36978163678495,145.07891988845122,316.8813046587327,406.94752911961893,55.20656776499712,-75.17014755829997,4.801166177570236,28.605060180853016,-80.80498858985162,72.33933121616532,-98.8956519337952
1771946506.1636417,25.314804612758408,-78.41337733913996,-6.034900564989613,28.622351998542996,-54.08750353754895,-476.0922914357053,-25.711165320397335,-35.84711401789284,-28.331707096774455,-21.39577140911744,42.94627010579918,201.59884879120025,-36.094332149734804,-41.43492051559522,-50.68792188950231,8.456546511279779,-39.37194223808699,75.52878840651789,200.63915946047467,44.35219551428417,16.83156295916148,58.65374960477321,-66.93292146287264,13.052066608456068,28.35011369276709,-82.31612906855293,-475.3268293331041,-40.02271519785016
1771946506.1675384,26.3293210299039,-62.66661947997284,-3.834287944052005,20.951044328025574,0.5260983722208177,-340.2051899376214,234.0996400502911,-34.88870634445908,-12.285263557903193,-39.55691915157627,-55.05666644393702,88.75149937112162,-238.02724238809066,-501.86460186938655,-51.126860304567465,21.150605478610842,-48.73056384052138,-41.75841771009137,111.74071763162225,-238.0845133445724,-567.7480717144219,61.87565783908281,-57.366651072570434,19.45901291531024,16.159446830011174,-21.701117885073995,-402.75039890744114,246.31350526432703
1771946506.1714354,27.292557442901153,-45.91253553499925,-1.4529172066611418,3.9661432220075143,61.38321158370503,264.3202652580124,-386.4237483398759,-33.72920770589187,4.3024578169677445,-54.7945076900827,-145.39710039638848,-88.29033840450303,-57.45161289434387,733.1775105014582,-51.37167989248319,33.474874243464406,-55.035513240738304,-156.75645923151998,-60.601606679286725,-130.18556922923162,729.9678153303545,64.84886939632467,-46.71866479383909,24.036384729829322,-4.6514918519709765,60.136788109888,225.7243204456141,-399.66517194125095
1771946506.1753323,28.19527872773281,-28.54557917260571,0.9928146912485333,-18.324483473615928,81.12208922075325,510.33326207350456,251.61726014769945,-32.37189655144847,21.01418628745884,-65.91274135585529,-193.8014385406822,-203.6930801345563,209.25892651265474,-407.81426612606526,-51.42193106903244,45.17426235609388,-57.844733474150985,-228.37677037692924,-191.59947886600523,161.3782083601221,-353.90909746565353,67.55089353716956,-35.25631627682359,26.9706396390391,-27.502937599971983,102.75135606681779,549.2035547431244,255.13403920069476
1771946506.179229,29.028066119808127,-10.964725225375458,3.389064253759728,-38.62880045508449,40.31983155413489,42.95419822405612,45.73109621577572,-30.821159311687648,37.42379324233819,-72.05871084151413,-180.8214827245448,-175.692943490285,133.8736606859572,-247.95595105034673,-51.278212564005955,55.998920172032236,-56.9621030959266,-230.3608527712146,-185.35487392461113,167.47751013224894,-274.12316984570884,69.96035360266157,-23.25928535522196,28.57784152464147,-44.141186894440814,71.93938243698176,103.96753271327435,62.470762532696426
1771946506.183126,29.781419962022923,6.4363133198865246,5.634220735784823,-48.64122495119435,-34.693541424268425,-474.46855420767656,-194.89811908134058,-29.08245158012057,53.1073344595225,-72.78811369663269,-110.72154777267929,-26.15785161080394,-183.7822016728132,728.0432910015784,-50.942148522215575,65.70934097732393,-52.45309291159392,-162.53250490883573,-46.86329166114183,-119.79110585526473,708.2452914414232,72.05716614830153,-11.011792954130447,29.25010134781445,-47.32603083155963,-12.563347762378864,-476.1850348079398,-215.83891264993295
1771946506.187023,30.445867614993727,23.27845472273236,7.64657983676595,-42.685862702213186,-89.02631125065409,-294.72773539014094,311.06394485334545,-27.162253376383344,67.65423121833227,-68.09527626150886,-9.855764530580082,136.53155834326276,-246.10172343730002,-623.6737255916189,-50.41635966052957,74.08165122071485,-44.63967318693799,-50.730544557117106,121.95600737537421,-236.16116087041715,-612.2666382804412,73.8227156153013,1.2050191498739973,29.396703540714256,-33.98505316342943,-90.02532721737276,-354.6190829010628,318.50417994408656
1771946506.19092,31.012075006627796,39.20596496498655,9.369060163868124,-20.89545797809378,-80.10585647399952,306.56541772130663,-537.0689744258107,-25.06801925610917,80.67828637030667,-58.40565761912055,84.79886692880557,197.81789146514953,89.09774542185122,68.18040866678665,-49.70442909767158,80.91297166998692,-34.0748737762411,64.50395429041588,199.05468826840305,36.971035207740066,93.86560717971624,75.24002272852624,13.120308238273994,29.386134580049234,-7.278518838887769,-103.53260078287042,272.31754854502293,-532.837841887974
1771946506.1948166,31.470960245189186,53.89430761640049,10.770390419097001,10.068646665170844,-11.290789447718817,427.59034015294304,377.76121874167643,-22.808124142680533,91.82822547131879,-44.53236526214762,141.43327474036315,119.76977302488632,351.3878322946047,357.4548441863825,-48.81086359025537,86.02671008890395,-21.499218282371118,145.0076468003292,132.7655140903416,310.4484020467508,339.72328655283457,76.29390483901508,24.480137611964555,29.495086434106398,23.952134016803996,-42.77608734108149,463.15508777106294,364.85423629537047
1771946506.1987135,31.813807643275513,67.05694356369811,11.842649846968628,39.45511356651191,68.56470967874756,-102.88556652825471,415.9572707414969,-20.39180581833589,100.79745699779173,-27.60133015669453,145.98507368903856,-34.94109327207511,121.32233321840904,-377.62723325899225,-47.74105097927487,89.27762868468231,-7.7828545126924356,169.79953936312663,-22.679138813576003,146.5544700084728,-411.20905208686116,76.97112642721564,35.05328675145697,29.869785517533323,48.55953583371143,47.98011954078399,-49.56088458572154,434.7688254128135
1771946506.2026105,32.032380450160495,78.45093189976207,12.595529740328885,56.89527512334282,100.6473206672293,-462.97466956804766,-957.1752719055003,-17.829104998112307,107.33276054218692,-8.952392944129087,105.87304374237719,-153.37792343780285,-326.55471896456754,260.84816226874875,-46.50121464733238,90.55651905084,6.141574522537876,141.12722724716963,-151.6645223060126,-270.76480766913903,310.66472126015697,77.26053800062652,44.63611537827288,30.5037702222324,57.78959645275457,102.90588216489138,-462.54748101337486,-966.4248632987684
1771946506.2066257,32.11903061606574,87.88122274385688,13.048149753235103,56.70934904975418,60.3899616326479,-96.81533676161042,504.371179553766,-15.130803812380467,111.2416377845076,9.97457761092828,44.000687756834154,-156.44029811186155,-365.072841288959,-186.3356133125563,-45.098365699120826,89.79431475964803,19.34954826413653,80.00854129469386,-165.02676165036917,-356.5945595121499,-188.57666485547563,77.15320171087718,53.05637227597787,31.234625646012876,48.982173101470956,83.40916802250266,-144.26670652292,494.59717534854326
1771946506.2105224,32.06680399913752,95.20357523686168,13.219648181430676,40.04250797076433,-23.515179236326695,428.57272610372223,279.51154956646724,-12.308363383803608,112.39809644565194,27.75841412350378,-13.011432064154484,-52.94971148760512,102.1970739874959,17.76721553018495,-43.54025344347089,86.96547678974339,30.992828126354254,14.708221937249805,-63.178058178624404,48.971730834451556,-27.98329438457471,76.6425021687327,60.17588355358501,31.76032469027974,26.4842595963885,5.851340848098474,398.525581327107,295.870455825961
1771946506.2144194,31.869539525143797,100.32607688320893,13.12000951907206,13.94173625191682,-90.20768814519742,295.128454225334,-508.7394983645357,-9.37386106928311,110.74667987368655,43.11002723241366,-46.18035207913196,74.11051028196441,467.68516973215543,228.95515409406966,-41.835314639698986,82.09049826371056,40.35958064840809,-31.638035603526816,71.20042735599978,424.35966763934647,272.08883577873473,75.72424109847944,65.89209950510129,31.6738773406557,-0.6151768053750112,-72.08498298381373,317.54576906941276,-517.7814524178715
1771946506.2183163,31.521960916849554,103.20928227886974,12.742655634691003,-12.078598958764621,-91.95566033702866,-306.75830337756446,361.13496388302383,-6.33992786851574,106.30460274072115,54.97103550624423,-50.19527016452855,134.04385351107504,230.7809483308721,-335.30503560678505,-39.99262190164755,75.23739178920412,46.92174594811967,-48.81939535035938,140.48176606889544,259.9617976326329,-343.3576481741826,74.39671463556861,70.13852228518356,30.51312783543267,-22.802797398680987,-95.01291622650183,-266.5143265216852,362.44182596696777
1771946506.2222133,31.019759758388144,103.86502949831414,12.060194628325231,-30.218779002375108,-29.16215887808183,-465.22858574549775,-268.5278672102821,-3.2196864329200463,99.16190626741924,62.58985323967895,-32.633685965638286,94.26764362717704,-315.5617009890023,253.26673469597256,-38.02183159374063,66.52204558186968,50.36619578347929,-40.52830891286144,104.35658346447813,-248.48552394271442,225.52297220578558,72.66077226640783,72.88407731677006,27.820937896150944,-34.345038992908606,-49.97436913070341,-458.97887509911163,-265.72402725424143
1771946506.2261102,30.35966884206053,102.35402957990256,11.024395837735428,-37.19556225350383,51.22587218805594,71.81982819917165,93.27129381709939,-0.0266899913526413,89.47960410643098,65.56966883427205,-8.116915258262814,-2.9922942030240356,-465.0212233436535,-86.17418177283875,-35.93313145623325,56.10736407233701,50.60776792062727,-19.66144643894173,2.6266047957622307,-450.6064889361346,-40.997363435406804,70.51985663388427,74.13152802304334,23.209803450370604,-35.20063983362539,26.479215986681194,40.58127433769177,87.28995317922445
1771946506.2300072,29.53952490816177,98.78235633701384,9.570959701162462,-34.42486966764699,91.78846797863663,522.0448843331446,238.90667141085277,3.2251376485967667,77.4858505608129,63.88538196443612,9.214839081238106,-80.60599154279552,-26.767012815462305,-105.43546782646952,-33.73718806453176,44.20114394400945,47.78393034329664,-1.0228045293431518,-83.61177312844785,-89.54270497644127,-131.88484727371835,67.98002363745573,73.91506364582429,16.424282996618984,-29.73371986731896,77.84237709349375,496.57351329698344,248.66135508906328
1771946506.233904,28.558320014152617,93.29698886627826,7.629025691480121,-26.011656993570977,66.86197205965775,231.59418885164473,-406.1778509263252,6.521561006432319,63.47022298730746,57.86935245755662,11.631622798639718,-87.35053174110526,437.07509373551767,251.59618501551833,-31.44509411130244,31.052675198500378,42.23244900263787,5.257847951317944,-96.64330830527896,377.10239680396234,235.76363979443306,65.04994242246246,72.29721209722365,7.394541425927211,-23.257777253200103,69.96012795376167,244.5328752154782,-417.0437433902909
1771946506.2378008,27.416240902376067,86.08057811366335,5.134688091252317,-16.188160726075278,-0.9862056501283331,-384.8957661928804,289.34017109483295,9.848090814363644,47.7762673023699,48.16848998700979,0.056485930046748116,-31.81065516863086,349.76309314050627,-267.17787991191597,-29.06831543803223,16.948096733745924,34.45484763079355,-2.8048031603476526,-40.99531469049723,373.81191711939084,-228.36853422661795,61.74087502095226,69.3652443184299,-3.7251324379328454,-18.7156781277447,14.066302303641711,-352.04489832994057,289.9492063548443
1771946506.2416978,26.11469592017601,77.34562242531669,2.047155950647246,-7.720907656268339,-61.02656123284885,-469.14217341635344,-91.91500754637579,13.190041016698377,30.79250818413185,35.67755411300155,-17.79267604278492,33.00721611003328,-158.19190532031317,154.01700026312528,-26.618637717650707,2.2045760973452095,25.069534521659655,-19.592608675103996,29.719630639222355,-77.99888117002338,125.00751264118635,58.066635620330885,65.22724424240481,-16.537813802906268,-15.464433268264113,-45.13575747364526,-462.40450513108226,-75.53877927031276
1771946506.2455947,24.656329263899725,67.32824459894748,-1.634322391504048,-1.6761489438335992,-73.39549738424704,73.05620663137145,-75.79485575538911,16.532585095312996,12.942173214138055,21.455355645204968,-32.05223570812856,56.70019218151863,-450.823178176344,17.670393889640557,-24.10811265555121,-12.836576760862974,14.759148498100144,-35.660190292446686,61.15671919105681,-418.25928616718187,25.87414809494733,54.043529681108524,60.008018834015715,-30.408730566060473,-10.535854841982536,-64.9938240952805,40.93605532324148,-93.07676608931865
1771946506.2494917,23.04502250845596,56.28176324881508,-5.854986631197207,2.06450756621352,-36.37081248427137,496.6231410561001,215.45170295938107,19.8608120349616,-5.328078594024172,6.631716971106098,-35.67242683629372,30.071787524503694,-192.56126724553724,-155.6839498410149,-21.549003517380985,-27.81771283396841,4.2169024608169385,-42.6412625043536,39.749806697704415,-251.04008772008058,-143.48939431126334,49.69027334234295,53.84501477843259,-44.49458605723818,-1.1909901239608793,-35.92769177572939,468.9037726914414,213.37380127439624
1771946506.2534878,21.28588352007255,44.470244042163216,-10.4928662726967,4.256872637478716,17.343399830024246,267.1704095307436,-274.0171630659366,23.15978232304297,-23.56010108923024,-7.686519643286587,-27.2556704162158,-13.878253535985111,275.5354119359561,186.93762969832295,-18.9537297435282,-42.37337986342155,-5.903526668540603,-36.864662652005535,-4.128219386011788,201.05306067101264,156.60644290866014,45.02789371329183,46.88439220917512,-57.79638703995471,12.893003181288181,14.713345595997312,289.10915748103196,-258.37546700368205
1771946506.2573848,19.385222967495043,32.16220303926945,-15.35301570787385,5.9279242957519145,49.13094612202357,-275.9318065294427,211.02064815494796,26.414584397444607,-41.29653390335886,-20.50246239154003,-10.712012906412465,-33.12850677327115,395.05488896135904,-138.87534475817782,-16.33481041496932,-56.139375928761595,-15.030659021182725,-20.22367461150274,-28.622614730232094,399.95466988789,-104.35103867566598,40.07961078361508,39.27738320792732,-69.23247638208322,28.90024489900023,46.64008940954407,-226.30229090461845,202.09898774998877
1771946506.2612815,17.350518794663873,19.624616959015878,-20.169395127993077,8.039407406511298,43.21247119223081,-443.3865405925913,-54.22302054848358,29.610391922292276,-58.09304985617871,-31.00214438814235,7.4694005329695665,-13.564281044954672,53.45478319042161,77.87731648616413,-13.704806391807317,-68.76208294065323,-22.707497900728477,1.50793194665195,-17.42594597985898,129.6180180494095,62.43592266352385,34.870701841184356,31.17703615611752,-77.72638490803037,41.82885313822942,38.251483749003505,-437.81497328723697,-57.92379729564143
1771946506.265179,15.190369194507902,7.117374621641286,-24.61540930141735,11.123829140169608,13.653735566612418,-74.79000036612982,-123.76980258529576,32.73252223106661,-73.53022349049442,-38.608081909786094,21.42476786745873,21.238414780508876,-331.5242134144261,3.9333429438442136,-11.076261011181293,-79.90782571043104,-28.611699354089968,21.502317960722102,9.94871852425623,-282.59808055661534,-17.44501253557834,29.428349470812176,22.735417976806115,-82.3024150728933,46.65704032104469,1.4105344679242695,-134.58197956882393,-115.767185857869
1771946506.2690756,12.914434779933227,-5.111720036160562,-28.323229515576852,15.047894314225278,-12.663520717144957,348.39443277866525,221.52240532689328,35.766496256234475,-87.22467828612768,-43.009937826084084,27.95132588175183,33.77596100691796,-323.9326537802395,-96.56191785133494,-8.46163927224861,-89.27199253696887,-32.563139868156426,34.35550099107491,20.571267091340445,-362.1248325213128,-46.90439539735561,23.7814743750076,14.1013154123388,-82.18072942730569,40.81768421479451,-30.733680760395305,298.5598756233422,215.846894503116
1771946506.2729723,10.533370748654058,-16.831309864112065,-30.911042009294462,19.010517650676174,-19.911812485818203,344.1439805934635,-198.61824727764133,38.6981002405381,-98.83919136858147,-44.17095621415669,26.87575101433413,7.966557868413857,53.05598690429083,121.3087619913537,-5.87326546826029,-96.58765112798714,-34.51959752878404,37.4940798795492,0.863982627871581,-19.573890964039986,86.78783069461662,17.960554372059068,5.418444484712417,-76.86327457238748,25.797605853508564,-31.820949328866718,381.7204286886056,-195.8137806928939
1771946506.2768693,8.058749901731455,-27.830156124608074,-32.01638717016106,21.683579903606983,-13.315465042528684,-42.51582422098789,112.28429208440053,41.51344945591426,-108.09146649624823,-42.31099174200098,20.25345752464709,-34.98208820198506,368.41194281352944,-83.78454737739565,-3.3232592905624294,-101.63340041748927,-34.56229715357773,31.533668444330853,-30.124996229418056,353.83490465603205,-98.35793303452634,11.997431001101718,-3.175853862498662,-66.20219571904983,6.81953124329231,-3.4559627724783475,44.4018848399833,115.3813584150848
1771946506.2807662,5.502977447401581,-37.920092146042535,-31.332877786590274,21.422424531671666,-8.632393227281504,-362.5103814734726,-12.360283050463012,44.19905403626711,-114.76132791397247,-37.86894062793707,11.157184965671616,-54.24743274583721,260.14183154023016,70.380533653318,-0.8234705390735524,-104.24021474529567,-32.873848571447574,19.809300503622744,-38.52064232692867,317.58559011629154,110.00962665065339,5.925105243042822,-11.55148162979105,-50.44348619094844,-9.570459547426507,27.176915964195477,-342.0214170331111,-29.781602505669138
1771946506.2846632,2.8791986156026725,-46.93825658649331,-28.646913769828757,16.723266580632103,-13.131884248223626,-274.5540799583442,-86.4077008546771,46.74188689923802,-118.69613705864444,-31.449018354012306,2.559105249457128,-25.91167753330392,-162.7578726309825,-72.91631060363018,1.6145873060092857,-104.29706081124529,-29.711562366758432,7.181291288910933,-8.342900025095723,-109.92956637203352,-95.02045329202709,-0.2224760318558229,-19.58608726249234,-30.240404761478853,-18.875169771969475,30.99453048719854,-355.06788902498016,-62.80531402023521
1771946506.2885602,0.20120018819252014,-54.74862686735155,-23.870640707705128,7.133127601979973,-17.12800978110815,117.78444333985875,149.53449616492387,49.129453626833445,-119.81428865814674,-23.75649126053368,-3.444397670076752,33.05845010017846,-412.5828712840733,12.44924722272511,3.9798043069449975,-101.75509826612307,-25.3792286429559,-1.6995191881590845,40.44276375396299,-430.1131901368765,17.24151401381688,-6.410641186628688,-27.165293762435432,-6.63355943591445,-21.007659336739472,2.5840570947298267,37.27307659785021,152.84078946878546
1771946506.292457,-2.516692926499601,-61.24289418872486,-17.067400544797536,-5.686056060894126,-4.733237895820978,387.8961692596463,-150.87263020304064,51.349864086835076,-118.10670095976504,-15.529079306977577,-5.920126813644639,75.26340327140325,-164.69462610844474,102.97855351735967,6.261541681738042,-96.63031098863831,-20.200207851717366,-4.129760964290071,65.91362667936428,-226.2937251742166,100.92365029398857,-12.604220768164545,-34.18275185078769,19.00267870703819,-20.11219513379977,-33.74711676279584,407.9896057808177,-189.3863803077106
1771946506.296354,-5.259724975306626,-66.34073951345522,-8.466321194890748,-17.680434637004375,26.100918367769783,226.6740310875934,105.32665436260744,53.391905466650364,-113.6362757672451,-7.470287931959934,-4.9192393565103,61.163650651274764,313.01199334600113,-178.32273569612275,8.449699335315541,-89.00445798002502,-14.494166951407946,-0.36207638510269824,39.894428577994525,288.02624716455244,-193.05533195406258,-18.7677785597358,-40.54012421999794,45.044833316535176,-21.867817910155033,-43.58746653337085,315.9900278152432,137.46263221640197
1771946506.3003404,-8.012819435452231,-69.98958341318591,1.5365332379166106,-23.80798092932779,54.413423000160606,-210.9332576784767,-41.11118407777893,55.24511624134104,-106.5353661529446,-0.19042710578197505,-1.1490649732130072,-5.685034025074274,418.159005607572,165.78950932515025,10.534782731158721,-79.0242798473395,-8.559082696894531,6.546734713555702,-24.726861496269418,461.3661142293727,201.28882310626105,-24.86584503838981,-46.14710538664933,69.7306127364898,-29.85917061930678,-12.640133384590433,-159.52209190182464,-44.38717700897368
1771946506.3042374,-10.760690829422265,-72.16389055175117,12.391938387550399,-20.93043156072553,50.009073902163095,-431.3384819792355,-25.95308695335385,56.89986043970921,-97.00135044435818,5.8398989428499775,4.088059651928064,-76.86248317585529,-25.426808708063376,-112.69774248410873,12.507968408214015,-66.89894714209775,-2.659318365162564,11.903624234821232,-79.843908935026,28.82419227081734,-131.2359119229005,-30.863151539921045,-50.921572157599655,91.28691005339861,-43.070208417473594,37.76554999924036,-459.38561721232986,-27.561275273016772
1771946506.3081343,-13.487957218783642,-72.86411210308137,23.426376988157482,-10.576147602672682,1.5534155014321895,-146.31648176492223,104.53997856603316,58.34740145401127,-85.29046735239757,10.320396899983319,8.664047527179148,-95.00648977965848,-460.32816744838686,20.952137599806704,14.361167366201654,-52.89578773485487,2.980246307004487,11.084849151321169,-78.96688449104634,-468.0504628343784,-1.4108183701050325,-36.72486341054757,-54.78994292062608,108.06570162768425,-55.76190491629762,64.96463215321351,-209.47965186776304,122.82044378241672
1771946506.3120313,-16.179252338781648,-72.11534783036133,33.88472151445199,0.5534886292829818,-65.37541403483368,341.9072534926402,-182.2970179509835,59.57997456952597,-71.71011696954108,13.133939485812133,9.680913063675142,-40.29475380087553,-284.27679279006105,186.38503193385205,16.08708551434101,-37.33438001301152,8.174795880527027,1.35770886603463,-16.239364221696448,-346.86566040447127,214.65170302985703,-42.4168104218468,-57.68780184051769,118.67691937836011,-59.68936029763879,39.992264056224926,290.91315543901925,-256.61601003517353
1771946506.3159282,-18.819336410526255,-69.96580484127453,42.984027557058226,3.3934552269938782,-100.19387723180317,441.3007496809285,186.34926056029377,60.59085733120134,-56.609875240358946,14.34149901583903,4.479580150495398,50.268306319782226,291.0539265229728,-386.5653014674366,17.679280369249348,-20.579146328638707,12.776207402764802,-16.536260604433863,64.9528441571397,256.89789446233493,-382.1937669699043,-47.90571277515919,-59.56081853588416,122.10715865788228,-47.65872026286982,-24.738581021381787,428.62800221023355,257.9481738582131
1771946506.3198252,-21.393204767735117,-66.48512208448372,49.97446674025365,-8.351935377699244,-65.36625876056026,-5.176256503606747,-92.19074912848349,61.37443677761401,-40.371505043953725,14.160589524646063,-7.5225178083897175,108.43332487937371,466.2964101556596,286.0232325179707,19.132213154467774,-3.030626367388609,16.667399794386128,-37.63901322296861,103.02909146840807,512.0447717553428,275.20794569499566,-53.15940110382461,-60.365965888444045,117.81382647365514,-17.073103983144243,-80.1939867682896,52.569451905509126,-56.38188517240515
1771946506.323722,-23.886193512146562,-61.76261802082079,54.202467134173965,-33.395690544653704,27.854487058171593,-466.52727446223986,-30.300866427551572,61.92627247077989,-23.398273896568433,12.930044732352425,-23.363036325834948,87.08380940897618,-21.28854796451985,37.931574677540546,20.441295403303148,14.884348588323226,19.756154044991654,-53.716239406806146,65.96626891967244,47.88428157283996,11.221186901559365,-58.147028947379944,-60.073008725393336,105.78601202396423,27.879823599611623,-77.87827598569054,-352.6390884833957,-126.69855713708213
1771946506.327619,-26.28408145181405,-55.9055041127962,55.170588424838414,-61.212318403062476,118.02254905332364,-355.0079347519502,158.02226235094176,62.24315418898185,-6.103904455222186,11.065050856914933,-36.879708979912365,-1.3883871212407546,-474.1726403121424,-211.3697867922129,21.602929151161888,32.723324701118315,21.969983684032638,-56.25771652106806,-21.935682295270176,-478.3733416202023,-182.74343710538855,-62.839276200923315,-58.666205457734684,86.56586064102082,76.50813608436697,-11.322073113710792,-308.6687877179374,196.90116405151733
1771946506.331516,-28.57318761526515,-49.03709066015225,52.58860782385356,-75.06999416649765,134.30331352257176,204.440798155331,-281.9330980927468,62.32315316234898,11.09851167658153,9.007065866015141,-41.24814042821264,-92.06332942315875,-226.42144067797952,284.9157971768362,22.61453985848782,50.03945569577747,23.253260496919605,-40.62177395425425,-96.52975417305099,-306.3580976776053,327.10138543751225,-67.20854206879332,-56.146135936223075,61.22735331030762,114.7503249842231,73.15896692198217,74.81657535268748,-326.75899453258825
1771946506.335413,-30.74046371252281,-41.294996064937486,46.410754420629985,-59.18454781459161,52.32585342157628,500.9898558574406,276.4121825152278,62.16566578787657,27.80731313402589,7.173540781890155,-32.476891195507214,-116.05826365686856,354.5089455696347,-477.6803623214331,23.47460130251074,66.3929939599627,23.56727586611598,-9.189012763941642,-101.91649886658355,305.43775564489397,-556.8885031605213,-71.22912612109484,-52.53154464133098,31.31287246320594,130.23835643428401,109.02742252220321,310.11429205170447,412.40718807451947
1771946506.33931,-32.77358102333665,-32.82935665572432,36.85498746639814,-7.36914299972983,-79.14436118837281,158.73356225642996,-91.62296092850208,61.7714488040653,43.64247339760618,5.912197584644675,-11.801335615802614,-53.68782233065653,394.0830681713403,381.7674394810316,24.18265175635459,81.36273243463017,22.893309071673524,28.55454237262729,-33.21787123435768,448.3732322001459,382.57417352620155,-74.87739616379008,-47.86107040059493,-1.2685254351039532,117.08432410999386,62.405106434707584,166.33401382521654,-80.33890034801436
1771946506.343207,-34.66101128371853,-23.8010214911187,24.40160877457462,70.77397848347212,-166.8299337422333,-362.17239851929406,-126.58888176467559,61.142644922352005,58.25492772749525,5.464041103480329,14.467452610370072,49.354585914529935,-169.59102830130666,338.47741116041726,24.739300823563116,94.55708478965781,21.23816227740501,59.50638137293227,59.25313493957961,-81.40579271715147,424.33031666336564,-78.13194173811375,-42.19472225260692,-34.373910573633964,78.00619508358965,-37.112110775211185,-116.64143383823166,-520.8656591717632
1771946506.3473637,-36.39210118327547,-14.379705232226737,9.770222568755255,149.94787226550608,-140.58121326533686,-384.8574759018367,310.8353194632149,60.28279794968628,71.33477229886206,5.938362043850281,37.587364309526706,116.08273398723976,-477.5720675490811,-913.6440814654084,25.146226365242153,105.62449819340874,18.641099238908,72.46104773944874,107.8148124858488,-477.0009474271959,-969.0846991037588,-80.97371212619721,-35.61495600824991,-65.78036606127685,22.78087568675793,-115.21074919838584,-205.48102276287773,700.3762080458573
1771946506.351261,-37.95714010581418,-4.742063651036148,-6.1240479854923064,197.21234222130343,-9.981279073580891,77.39470219950009,-466.42182307569107,59.19685653517215,82.61812664438051,7.301822865019017,50.15834099814506,96.68690724887067,-52.673548398288375,535.5440407309144,25.406161095061634,114.26290995262742,15.180769647499474,62.97632185657714,78.11135096209627,-142.45601959441694,506.14348445743747,-83.38613778205738,-28.227208799508915,-93.34799803227787,-35.87973015637253,-109.45715634852057,-64.95020785250354,-241.0124684298364
1771946506.3551576,-39.34742079559684,4.930347548982014,-22.232292174248222,185.80551781045898,136.17532978006776,375.5817328800191,380.74133881136333,57.891165815331235,91.89249813726019,9.382411380117686,49.16374412295811,6.30837631973076,466.94752337844903,249.98722830658969,25.522868607168753,120.22798557144824,10.980558635394035,35.28303955904049,-6.050930769212183,409.7454562354184,300.3093619016316,-85.3552341898807,-20.15976117685849,-115.1791300248993,-86.59699656699493,-19.863194757677476,86.8496391233327,-265.8965376840236
1771946506.3590546,-40.55529271711303,14.453268666921037,-37.44699918520853,108.78115147809503,191.76876934900204,143.9092074784509,97.99110327850565,56.37344637744536,99.00053868624418,11.887705130298906,36.80861681812467,-86.94899230270808,291.54114702824666,-516.1243185395593,25.501108789633594,123.33990933428828,6.21088247110337,0.35763662167461624,-81.99665852302778,343.5897666944503,-535.7845392282552,-86.86968730579538,-11.562818676015704,-129.76087106402485,-121.65253803896415,88.03537847275852,91.94870263513275,347.1793187440841
1771946506.3629515,-41.57420794403226,23.6421194805165,-50.684860587704286,-14.655024209933794,112.41296142644711,-227.97057858674697,-622.5728584422444,54.652760117861185,103.84213749030303,14.435624709174649,18.80111614398613,-114.16917185878685,-328.2360436600144,358.3704719357117,25.34659275241258,123.48853814322148,1.0872465343600248,-28.957067312543916,-95.80214178856849,-242.0644627024302,355.8900664084011,-87.92091995201729,-2.6067361740510706,-136.07948533761493,-136.9428302431549,132.23766847963893,11.67398115006543,-259.8923229714526
1771946506.3668485,-42.398759414947214,32.31459496295313,-60.97047583747858,-144.39625331135767,-48.623982153555524,-209.91967791573484,707.7410178446319,52.73946277854024,106.37484860424864,16.59477180683516,1.1578156107311366,-57.40772496173754,-480.5491844779023,-248.58302010331758,25.06592759682532,120.63677461455073,-4.136639967797244,-43.464855282111536,-41.43009522894734,-477.5212818415904,-232.3919789306271,-88.50313877247686,6.520653228182712,-133.69723621260175,-130.80606398471477,77.95944794995617,-14.50472277924864,329.29294086271295
1771946506.3707454,-43.024711350686395,40.29348679531407,-67.5139573442199,-234.86753005512915,-177.04728481289143,104.56584243454104,-295.94728892824276,50.64514318386654,106.61270593921279,17.93062687206185,-12.503847247261595,38.451681949251686,57.69692455205071,94.96596350386997,24.66655156739068,114.82206490252341,-9.180795022800101,-41.0654057791196,37.58074062925411,-19.26062451256348,72.33189005943647,-88.61336159677715,15.617600064337324,-122.78543252504801,-103.44487936353556,-34.48686334704436,18.62927188142204,-280.9840947430811
1771946506.3746424,-43.44902161359321,47.409728759706546,-69.77577656681984,-253.8383934635257,-180.89217616168764,197.53553338754514,-307.0211387549884,48.38254940917769,104.62352794844897,18.05337170884552,-21.667109358335214,101.65698950378263,515.8397235950763,230.60428184437598,24.15666030383893,106.15597774605345,-13.755396110826366,-26.55536965204619,83.18409581810104,468.5706608574929,234.44104260949518,-88.25142527915382,24.472841185258922,-104.11100258420164,-57.68757358442064,-120.31603080486903,-5.631732570090434,-196.9020772606047
1771946506.3785396,-43.66985585376115,53.50564385399927,-67.51316492407372,-195.82478550931197,-58.2389382702073,-58.981319177320785,702.5737741901155,45.96550227227047,100.52485758650768,16.66293681400113,-27.618117269553384,88.25379063612279,258.99168760755214,-423.88727392309386,23.54512502868102,94.82187192177203,-17.580559266187386,-8.287083145716132,66.23850886563581,300.22471409377385,-408.66105408865184,-87.41997428973201,32.87074797666587,-78.97774771386688,-0.2646509069289857,-115.63533839019195,-103.65937438615175,684.367657263553
1771946506.3824365,-43.686593423456664,58.438347218135014,-60.803900117167174,-83.8311563163839,101.84078013416195,-223.13877351087623,-589.238267938602,43.40879669620256,94.47871998900452,13.587070630300962,-31.51335712346504,13.100788970142021,-338.4259025645567,292.4789689623057,22.84140360484317,81.07070927747095,-20.407803386759966,6.124848868491308,5.278392667089788,-273.2390663521524,291.0899916504903,-86.12443055282087,40.597081159781496,-49.127149508712385,58.07099086013826,-26.136223687656017,-108.17700637928013,-553.7729796877809
1771946506.3863337,-43.49982520991441,62.08323403873642,-50.0452242823275,41.13094713795738,185.51882039126846,4.338747901141618,82.8989717278799,40.72809169300907,86.685410780141,8.808780201600577,-33.28583170334709,-65.03245800777017,-467.22486496371033,-43.17225000122354,22.055445527123275,65.21511968439023,-22.041188310198162,12.723404757414485,-51.49132150803282,-465.93904286867354,-59.138011896371005,-84.37294524722704,47.44517361669305,-16.606896918302862,104.68954343580037,78.77229678210085,79.50666979877988,-26.360214831636753
1771946506.3902304,-43.11134369845674,64.33745804442202,-35.92776804225841,137.48089536129257,137.24817378771132,285.87041246773026,325.9046992051709,37.93978994546858,77.37655078210436,2.480354510636183,-31.851369801269254,-90.16497958486313,9.96562864005697,-115.21375759101181,21.19759206250469,47.62187115136846,-22.355969380984682,11.727560408071819,-64.43329461418095,-46.77916669797514,-118.69174839613832,-82.17633348224349,53.22232981303526,16.382128990901386,129.03183218212814,120.7264269721095,250.12087623663166,375.72495233676193
1771946506.3941991,-42.52412570039464,65.12328637042808,-19.386487849903936,179.19066674950744,-2.418602591234906,149.37340344398626,-398.0614610168487,35.0609081551639,66.80765622197472,-5.077723002143703,-26.029462143712937,-50.01697785639323,444.2864937941346,187.8030378932891,20.27847287261119,28.702940511906256,-21.31270303000473,6.167801372112912,-30.499535932898475,408.4308519598558,221.10295594622758,-79.54799291469992,57.75620667677065,47.648046016462175,126.45520218816218,72.17245437617841,113.09698901776356,-341.13399800265216
1771946506.3980963,-41.74230823636969,64.39120249894637,-1.5325605370098783,163.56087940754387,-130.56169090477644,-262.8929067452212,327.93429356973627,32.108939446416734,55.25047640894375,-13.393425514851257,-15.371894067009583,19.34750418856293,301.44352648083384,-228.80623481919474,19.30890050138906,8.905415656229735,-18.96507139236812,-0.13348934021305037,18.949924829935014,329.5783037911299,-248.91179431815058,-76.5038074562247,60.90092810750893,75.16641897728738,99.84857277510632,-25.287226266989357,-237.5436748320988,262.8864083787057
1771946506.4019933,-40.771158044497035,62.12262200787818,16.428256956832648,108.26117658646547,-159.13483777404707,-353.03536003440377,-217.9368111518635,29.101709196554488,42.9853442658728,-21.87455163002769,-0.5691346855008642,65.41266187665975,-195.14620110404715,205.2963908525492,18.299764115201846,-11.299511059782887,-15.460236332405636,-4.24644407070311,45.72734816077408,-142.5907064838457,176.41104436324215,-73.06203722526845,62.54268469851646,97.22260270113463,58.12423732520666,-96.27258089457668,-342.78710193256705,-192.433536095642
1771946506.4058902,-39.6170351143772,58.332085958955794,33.28423130011493,40.5864657696536,-76.728937667359,60.6320170639751,-25.328883710974615,26.057225754710924,30.29377089381781,-29.852698505722415,16.45625066056173,59.818872259210444,-423.55246605444717,-59.67224370872056,17.261923889526376,-31.42817632109924,-11.031223489072277,-5.038625662691407,34.2000438045628,-411.18468844745587,-10.823662406955355,-69.24319585092142,62.60458137997759,112.5272061887835,12.528860929925282,-90.68569117185241,6.287240693280383,-45.66955396001837
1771946506.4097872,-38.287350592117825,53.068802871939276,47.906159010450544,-15.003673285794138,49.26609660691674,437.4462916446528,292.13375149519646,22.993527625482507,17.45149469790214,-36.63658573770906,32.677230674772524,15.79577661492698,-138.86234483138935,-137.94549545380085,16.20610745984902,-50.99640862349586,-5.981603260047302,-3.1989435377276028,-0.023834770502292414,-180.88089187216485,-147.6812340696067,-65.06991619074172,61.05051691712676,120.2963540520494,-27.19977189615842,-19.650250147596775,400.08596106073674,307.85508043603335
1771946506.413684,-36.790519386035584,46.417421758142964,59.3288229492677,-45.41274205861253,127.33859720753617,248.95102716026375,-354.73428087814943,19.92852879144594,4.7221686900604585,-41.57056288125597,44.4296177905387,-28.236972503784852,291.16309186471176,227.52902253524476,15.142809857234749,-69.53151462838187,-0.663505590606384,-0.4764453796592619,-26.389429782701477,242.36081204108575,189.68761774045802,-60.56680551333454,57.887909042935966,120.29149352348018,-55.14786558707364,57.75282321717986,305.51242806349495,-331.98456728528913
1771946506.417581,-35.135907795932965,38.497936167815965,66.81913419408063,-50.849672016298754,109.04535493924485,-278.52779040005277,225.4232498587007,16.87986389106512,-7.648163227811502,-44.093532674095115,48.29611847495302,-41.92436921526908,364.027577630832,-177.9445503473804,14.082198291158932,-86.58398419109028,4.549294704143381,1.4738829028523048,-25.302604492016908,365.84588932850954,-139.96044484617747,-55.76029119174222,53.16911696622201,112.81691376394525,-69.569036234385,83.27261975782302,-193.95546975955725,171.4940677251068
1771946506.4214785,-33.33377644554086,29.4646432261469,69.9258930926764,-40.95513535959045,18.907967595255787,-459.2513500054442,-47.55800728852574,13.864734964683715,-19.43568726198092,-43.793291356486236,42.18519335098691,-24.635637937177737,12.083185141964343,84.650141324066,13.034023029589914,-101.73861847212639,9.290931699916802,1.9657685756782217,-2.4232138030846944,69.22475435722896,80.381005531782,-50.67845791171941,46.99145863497545,98.67661433828977,-71.85207666294309,43.64272889995825,-465.6965693232829,-9.3128615252518
1771946506.4253752,-31.39521872185604,19.504111320528498,68.50769486734602,-28.040596231335847,-71.03574796752234,-62.48370414935171,-118.7235021637164,10.899761473581536,-30.442463048565546,-40.45145291517001,26.20970842728926,0.3632084712178075,-349.7525749656464,11.293591331533998,12.007535503752852,-114.62480204770281,13.233012517580107,1.3395201443553422,18.798614107883054,-299.23589456301437,-9.821915324966694,-45.35087731990629,39.495771651929886,79.09538480802624,-64.97626776229842,-23.483903008518222,-156.42813611998602,-111.64127248769765
1771946506.4292722,-29.33209486733101,8.832143224485302,62.73733309107344,-20.82881267265674,-97.98957171091645,401.98282670157244,228.88884539125172,8.000835304265314,-40.49905285388119,-34.074686784930414,3.1119510272340576,10.68588376016849,-302.0308289494883,-100.04107903239897,11.011414661360456,-124.92566247591533,16.111485266936533,0.3011431104668838,18.51775027487921,-324.43240709219725,-72.83485907895823,-39.808430968850566,30.86352096859405,55.611663857070795,-52.08746732145326,-63.29751872050123,342.1396316037339,191.89861857768295
1771946506.4331691,-27.156961866470887,-2.3102440410022846,53.0829504679042,-21.24001273585911,-52.116109934275194,365.19559918186957,-235.20129602727695,5.182982461173008,-49.46613771549803,-24.90893760163566,-21.836379961650433,4.785079825406741,105.44922375196724,128.59797166863157,10.053702486724335,-132.38588924590326,17.748296615587023,-0.7481557174432425,-2.487991319100849,25.935730468058964,111.52876193751061,-34.08312739728382,21.312510376757317,29.951717176377567,-35.60468284319066,-47.95535145578887,411.702280216056,-205.76264994511126
1771946506.4370663,-24.88299929694809,-13.66176621605341,40.26799354126101,-25.148161723225453,22.955847254921377,-98.42576731078852,152.22118380294765,2.4602330832239194,-57.235157711895525,-13.434560521381298,-41.61438316325088,-0.44245365776707934,399.5195959867662,-97.07151461913195,9.14174945807267,-136.81801869730788,18.065766263146365,-1.7328640403699431,-23.9646736451493,359.44126347087143,-106.32145494059178,-28.20791420046097,11.091306597151597,3.8957728197507975,-17.123984723286487,4.03331939723599,-10.263415883550778,147.3154518072338
1771946506.441018,-22.52393132941255,-24.946653849157258,25.213608954881654,-26.151355308317115,68.37652944516734,-419.5773473396493,-16.23073391735088,-0.1544987083065549,-63.72804704761947,-0.3418086496406446,-49.22687336505365,9.413987659816756,220.84079153144296,69.28881244121396,8.282170514174844,-138.1070316704708,17.092254826976387,-2.3317568096124304,-24.103553734341883,279.541350729957,101.07164629187008,-22.21648595004184,0.4725335088756868,-20.85306818948407,1.9409393256244505,46.42287503602438,-396.2859220972123,-23.757931424523896
1771946506.4449148,-20.093945045152388,-35.88114281667652,8.968356557945443,-19.98245108464643,54.981879796704476,-246.07692611785703,-120.93373188960425,-2.6495237688014113,-68.89616337468307,13.512270061809287,-40.48184792838738,28.003109124786548,-236.90999661620572,-54.273119207753396,7.480811892566193,-136.21315444399127,14.958503665869939,-1.5431957862599557,0.8049906477051318,-148.95816819957736,-76.86149551815517,-16.14308879479322,-10.254761631239909,-42.78704180760034,19.564881785071897,44.54631481693071,-305.4356946342476,-113.35903727687884
1771946506.4488118,-17.607605231948586,-46.18051494901845,-7.369082562008904,-7.02560018562163,1.3696959971496534,189.86542459663124,182.2842550543355,-5.0144744611679295,-72.71853296379122,27.162865926142565,-16.85645214826883,31.623386615866764,-424.27765330514,7.668778893587304,6.74272902096879,-131.17279892507472,11.884908741849577,1.951164225661756,31.547479172551395,-424.0119463633627,-1.4778695878591102,-10.022322541357864,-20.793430673429693,-60.69045956870206,32.99632595125456,2.902649848003742,124.49742075052202,173.0203529479205
1771946506.4527087,-15.079765855795378,-55.56650379730976,-22.728209110387105,8.281928928417209,-45.360309144824946,394.7582944677272,-161.7202873710978,-7.240387642118957,-75.19954862982905,39.608257195349786,13.315218297726943,3.125637041696943,-92.77337427489424,87.27948281293253,6.072175488558971,-123.09762410096464,8.160867079262431,8.704708025169763,40.76203938242691,-180.23319552635917,109.45516194795894,-3.8889410204589443,-30.84696830057191,-73.70853976257568,39.698491779459786,-40.405958990597355,395.21614981538556,-148.21400942885043
1771946506.4566057,-12.525478484678493,-63.774860204896854,-36.14019802031571,20.392907154471942,-48.401174303028036,159.347450195173,115.96297351024425,-9.319773138498347,-76.36626635318547,49.887182226963674,36.88249367208219,-45.49570099959352,368.86446433381883,-179.1996366052549,5.4726029553735565,-112.17174731364615,4.118108069749855,17.471373915843383,16.05878049847395,316.55022479016844,-185.91275648654775,2.2223484091024996,-40.1283918366433,-81.38448510577666,38.79910665046702,-46.598135646415834,217.0179471678647,105.7825423839616
1771946506.4605029,-9.95989801643049,-70.56285811083814,-46.80137350572227,25.849533358372003,-8.955240736169774,-251.56421430576734,-44.154697690180654,-11.246666947595333,-76.26544966020191,57.156642342933935,41.12778557705071,-75.45508305444544,384.10163278582866,173.28390899362822,4.946671653900923,-98.64718046088913,0.10050932378532668,25.006727108292814,-27.378134070091104,433.0392405103054,181.84203765330858,8.277085318692048,-48.36896449589131,-83.66374083967855,31.924054955296253,-9.076829390131588,-205.8307569717601,-51.19867891964692
1771946506.4643998,-7.398186106342604,-75.71651294090921,-54.12244040396285,24.82332107342863,37.228826487260946,-386.5739402360609,-70.02550322262255,-13.01666860950175,-74.96050746743931,60.76372167281651,20.16696494504502,-51.53108421292577,-83.04776256453317,-64.5405717994455,4.496270923770989,-82.83761105562759,-3.5667588296292654,26.957793750146777,-56.20872084861489,-20.396458546134603,-105.08121419978825,14.241255715598326,-55.32647167480634,-80.86708957433815,22.63994642336499,40.61075265103933,-402.8354425456899,-44.70551356163294
1771946506.4682968,-4.855412721596504,-79.05728402372874,-57.760498255286606,20.394394853636484,50.076228256462166,-77.72326743116336,164.12762329911862,-14.626962381607326,-72.5284606537347,60.305223139462406,-20.677794576581334,23.00524432851308,-451.59451949782215,-36.661303090216414,4.122549046716522,-65.11068903247337,-6.605843967503121,19.551736581918124,-44.564085662599275,-470.6317250824406,-17.01908342637896,20.0814896852652,-60.792772141579924,-73.63668145169132,14.729118854098024,58.677800096184015,-133.1942536568491,145.2623887300214
1771946506.4721937,-2.346456311746377,-80.44803998893717,-57.63228467476278,16.335424022594815,17.784654114638908,344.7707241762382,-175.57030234415055,-16.076321988411927,-69.05705574199932,55.66967534908165,-65.12694194769777,98.96469265675114,-251.15572284122064,107.55031429494922,3.8259515283983143,-45.879016035709526,-8.809869540646421,1.5474619866441728,3.79206796371113,-297.9376035595764,191.84693365201719,25.765256237668257,-64.60036882775623,-62.86107766123851,10.309543648031585,26.00793236732614,317.95076741989357,-185.43109337014903
1771946506.476091,0.1140968106004027,-79.79808230321481,-53.90856502383041,14.761736187285113,-33.61365874824213,371.7649781772211,132.09217496131382,-17.365098864723713,-64.64212277721073,47.057516071307276,-91.45112829021092,113.79468819468484,261.3817671862524,-209.9112677104271,3.6062668703228224,-25.59006472526475,-10.0594101967852,-24.210004283298016,55.26079450168571,289.5214812723377,-330.9865371860594,31.261054360980623,-66.6277769676754,-49.58676298635362,8.819218998131241,-34.136684813562,405.39162790758763,156.72244913846723
1771946506.479988,2.5120531733060063,-77.06704576300272,-46.9909839570839,14.819941664493003,-61.01436494772571,-72.82432778118853,-83.4110770552378,-18.495193996428494,-59.385250939615894,34.976912166295406,-81.54062330323302,42.5909775996827,426.1658105202124,257.8861097325366,3.4626787495501046,-4.715281655279884,-10.33026327969794,-50.47444748945084,70.2612102156822,482.85519608264605,255.1102515401163,36.53859920921665,-66.80350860394213,-34.924268355602315,7.304178341954972,-72.99039043389854,-23.301271897470862,-95.30188163661114
1771946506.4838848,4.833712152312106,-72.26752423084142,-37.473910695144454,13.048529659302035,-39.07916305952876,-453.2199716187776,-9.749336348363576,-19.47001367920303,-53.39183066757793,20.214611204429954,-30.049537268681846,-73.85346295530697,45.765288019716536,-132.43011875970922,3.393823386338449,16.26135230876963,-9.691863894351341,-67.30966472254985,33.90782129715611,-1.515368962267299,-25.109403768238245,41.56900230805559,-65.10853937602596,-19.957006375036304,1.8627753784166667,-55.39071697830643,-452.7624065503929,-13.903493466769623
1771946506.487827,7.065964466535249,-65.46630431188586,-26.094762249027852,5.404409222388326,18.26238604983876,-252.1890782586001,202.14999388290536,-20.294409713345818,-46.7694852519658,3.783290979872893,50.52313037958201,-151.6903653771936,-362.1082807806516,-78.47355929495735,3.3978507811998,36.855016938068424,-8.296623732383283,-65.83840708207032,-30.437760022805893,-479.27349072611025,-141.67113948991806,46.324944662205084,-61.57717413629305,-5.66019930154141,-10.22344897479817,9.963659587281468,-300.281880382746,211.8053385464647
1771946506.491724,9.196388304207968,-56.784128944670705,-13.676929136172419,-9.823766185923747,67.12124206010824,298.90449969961287,-352.0085273183732,-20.974604707523817,-39.626888727748316,-13.151089247510997,132.0159198750066,-125.56750502483125,-271.32166934021285,266.7267535469913,3.472488472494283,56.59171100835321,-6.361371751919654,-42.66803164774243,-76.56570018084295,-259.93697954444076,326.1760286427966,50.78084165039719,-56.29628135389686,7.164028496040429,-28.392901188892413,74.41583697939897,268.7478140639397,-363.1995945520253
1771946506.495621,11.213342153384547,-46.39395652670268,-1.0697340950069365,-29.7493672578546,67.392418720235,453.0809291436374,243.48957807731304,-21.51810330396555,-32.07294236628031,-29.35661109112609,180.54095037752313,-3.0730298770092603,153.0928403367555,-425.419995820202,3.6151064743456947,75.01958498915491,-4.142851699959663,-2.6463660842387897,-69.36131383312899,333.34529592507215,-574.0172604391745,54.91299856477028,-49.40292138654508,17.931067399258954,-47.771652156565835,86.11047602841089,482.51062066399305,252.058140295263
1771946506.4995182,13.10605332619696,-34.51772734180471,10.910178300367262,-46.941270443561116,15.01190960670641,-24.146041820911122,11.243436955174486,-21.93359030180181,-24.216261249916325,-43.63063886400974,170.87205864090612,133.1866524379737,318.40702433650796,397.44097589868613,3.8227820520047326,91.71966824117366,-1.9098164873777568,41.96430392643879,-11.858320665622584,421.7640034828002,387.21911186094957,58.699755604423466,-41.080448207847624,26.295440389121854,-60.23672709302369,31.54714617477128,23.164037501823845,11.658807618276276
1771946506.503415,14.864701123302016,-21.42169500286804,21.53197864262087,-52.447780906447576,-52.91793025178131,-465.3569613547697,-157.176326663595,-22.230816835112392,-16.164906055955058,-54.89532841121037,98.95702545427493,182.70276912347313,37.98251425868076,6.232896356357876,4.0923629744555114,106.31572634639846,0.08540744572951897,75.96916860070652,55.657610958595136,-122.37409004830981,421.8944075311539,62.12162112041911,-31.553214915692013,32.14942874894778,-57.778856799644906,-51.32874661360925,-467.26075735707485,-166.9523198159103
1771946506.507312,16.480493605406156,-7.410424339145316,30.194908668630344,-40.571223390930385,-85.2111270545476,-228.6368394030897,313.6227451920587,-22.42047590367511,-8.026282779451892,-62.28547449146144,-13.91806626137875,102.89495112403905,-245.35391206372756,-552.8245187745486,4.4205279047771375,118.48300668269633,1.6329755351203388,87.40752024243781,84.63492484622063,-476.74198405974056,-955.6427583897347,65.16139196047357,-21.08005787068153,35.600546214301154,-36.86478338579767,-100.30080205726323,-277.3734129564884,328.6819446136137
1771946506.511209,17.94573698950141,7.180401972522297,36.46109171516027,-12.717578038603987,-55.720241038574535,340.0283490423191,-562.3897605375929,-22.514068621624723,0.09287557879998723,-65.22115910659863,-128.29910520946197,-54.73962286741269,-131.69554340826292,736.1551258012521,4.803842691155126,127.95566038489103,2.5865607465205755,72.52032838027807,53.97118878515038,-105.11548443169914,496.39668298175525,67.80425984557796,-9.946771839321576,36.931479602966206,-1.3768318458078277,-76.3767970640569,313.3708227659019,-573.1139705252452
1771946506.5151062,19.25389671813532,21.992187834116265,40.07529992908793,22.15680180933838,15.72481976357744,389.09807324156617,385.53215376914073,-22.523762570907554,8.086535263873936,-63.458719655429164,-202.49303551473585,-178.6690867613046,166.5824084730922,-361.94889764031774,5.238811483480528,134.53266513500552,2.877276544280179,37.259900103638415,-14.326956625832224,431.6943181516244,291.97387552622706,70.03790277423019,1.5421809168499505,36.54748473821741,37.91845026168943,5.16601328274615,422.53522006003226,378.84991536327533
1771946506.5190032,20.399649257823107,36.652425249277485,40.971091580514916,51.08623517145761,77.27978573674962,-157.1968319703239,424.8743214794861,-22.462243686224724,15.84948335679823,-57.11522234014511,-210.087852554128,-178.48993571247726,175.5084288807574,-290.9707741255991,5.721921768558954,138.0821135818618,2.5191498865616526,-5.307848387172137,-71.34149333072588,322.27630626146424,-518.5580379566848,71.85256048535955,13.072461837809131,34.91708823523324,67.53587012127511,84.96989123326792,-110.17676023935545,444.7774241321248
1771946506.5229,21.378923719266258,50.78425168171245,39.263720484066745,62.89799023906184,83.76902778820791,-462.2857269633113,-954.6304250752908,-22.342563189932616,23.27762252982959,-46.66378253095617,-150.8694832157699,-52.60343093959649,-115.70305254960788,725.6212764234689,6.249682584693736,138.54377536156028,1.6056903683726444,-40.540135682420356,-77.117556805654,-275.98211489501983,344.74343102367203,73.24109307035543,24.328868575702923,32.5122531000332,77.094838118588,103.94313327473589,-467.0774666575507,-965.8594738705827
1771946506.526797,22.188932499598927,64.0163030457958,35.2311246068404,53.32259063674464,30.598123733847093,-47.635897556955115,485.512657772213,-22.177981226104514,30.268501029318347,-32.89953876233872,-50.07876766583142,109.42036163728105,-241.23661672813026,-592.4238619339711,6.818655376963105,135.92988627860998,0.2980250604763647,-58.15652266322578,-29.369776812024643,-478.4306032458978,-229.31075064555338,74.19902195486121,35.00428766976426,29.75392100108656,63.87697590089664,47.91424596908662,-97.49248941448172,480.7593524734433
1771946506.5306942,22.82819030451828,75.99259166708505,29.285060768794697,26.88864476450719,-43.053432350173445,458.4478074010057,287.18189525884253,-21.981808980910927,36.7221196864646,-16.878638503471652,53.37947202615248,192.3754448715374,26.045979760693804,54.050022493237364,7.425477179604658,130.32416481372792,-1.1940652652938681,-55.7982409301276,36.065629133148384,13.925200948403035,76.46745231994962,74.7245526537686,44.808314528264695,26.968082955821398,33.901081574234325,-41.746903526017434,431.686784980115,295.3221994160785
1771946506.5347147,23.296521066517155,86.38213573913444,21.9350140252369,-5.299864399199258,-83.98343554509788,270.04198855142045,-485.08998624318986,-21.76725119047026,42.54203494381231,0.16500686504209539,123.88331899388113,139.68353572192075,305.1222740252615,350.7594954132681,8.06687600669178,121.8791012859221,-2.63616088685344,-38.6784099863043,72.5674714749516,491.8990622068025,216.77931286441645,74.81857888502327,53.47528485355678,24.356324687753357,-0.955830246652795,-99.57825321616583,301.7260199882348,-490.82998653893065
1771946506.5386117,23.595052432212213,94.88807163534348,13.74784537228595,-30.815309368428867,-64.55977319508158,-348.2607147399421,327.8603766334675,-21.547250998963598,47.63675351843634,16.918423464952273,143.1001618034886,-6.808963467718436,154.04116620197536,-383.11933464736296,8.739678474810782,110.8116071187611,-3.7957367028636764,-15.967918226482913,56.711645031845904,281.59536380554215,-383.62416421724134,74.4846678015059,60.77148629322623,21.98325680297089,-28.38752619291041,-85.1133022407174,-301.6319613666185,334.13487249851164
1771946506.5425086,23.726197680140938,101.25599349372341,5.306245343297099,-41.55540501937245,-1.9368355235541646,-469.0297623596181,-264.3739436479836,-21.334339112330007,51.92139231874376,32.09552103600786,114.90435480282738,-140.29139870390603,-257.8513942114336,275.3857015699471,9.440809814643622,97.39715079998233,-4.468462545290997,3.7574195592671997,3.628204181452405,-311.39711771682755,287.3833184006005,73.72902629847627,66.50135104895674,19.781519227428845,-40.97993531740231,-11.968451910767111,-468.7194576503643,-267.9118748693263
1771946506.5464058,23.69362513932679,105.28128510767397,-2.831059916872625,-36.887730491797576,56.89180887824148,104.3743441143858,121.45860986594123,-21.140489085431994,55.319557972319984,44.54135592306468,60.017003574638046,-168.75164544101662,-353.2628127239514,-175.00661393139214,10.167286600845246,81.96254357199463,-4.5015711466145465,15.612662205729338,-46.53062928976621,-473.2905954670202,-89.06587960705039,72.5604485713161,70.51246796979758,17.573297842299592,-38.77483025932436,64.54360788047613,59.943615413094726,117.93938576396302
1771946506.5503027,23.502215353967312,106.81523546838248,-10.164733371197721,-22.78436229400115,71.32958289669044,544.8326718816595,209.9441525508771,-20.97698041617683,57.76538395792116,53.32585525109602,4.320622348986576,-80.23814687522959,38.0620952626404,-14.363230579490168,10.916202730990939,64.87757061912883,-3.81191138799128,19.012039736065987,-59.29394344444457,-10.558528615280292,-86.5184761175874,70.99024528429054,72.69929367565918,15.105657403917471,-27.923109124149793,90.31817773337457,514.2649526497843,218.96314713634064
1771946506.5541997,23.158006365954872,105.76976026528813,-16.283767104176036,-7.786717254573065,36.12661373335185,219.52221528859417,-398.9939323145033,-20.854270961112196,59.205649159745384,57.818996883166044,-32.72533069491977,53.84873006541741,412.06753605618223,245.00701238419788,11.684709358168046,46.545690496171474,-2.3968576983167575,16.33724674492576,-30.045221899177648,443.0297472695469,219.04222635668282,69.03215484928131,73.00548463770663,12.09562264661893,-16.51566215239986,51.958485906029686,240.78152444686015,-409.10485538093394
1771946506.558097,22.66812761491187,102.12058764149175,-20.88643568623151,1.6373532373336197,-18.287354814560143,-409.58361771427036,302.7110070225041,-20.78188006174651,59.601889666069404,57.74099324052175,-44.36622081271875,136.2967687496187,262.3015181092887,-326.27246942179966,12.46998959473675,27.39404543882614,-0.33698220844778953,10.930581235029885,15.551748372911758,315.7561953760256,-269.101792340271,66.70223745036986,71.42481552199625,8.279961033318855,-10.185052377393438,-16.82233331345036,-365.3964709302615,305.219355693439
1771946506.5619938,22.040723130720448,95.90880766713511,-23.792424158070922,3.8222187099735603,-51.93710589726054,-475.07399748491747,-113.40941068859908,-20.768283644531504,58.932407194162046,53.18315596832435,-35.925724039822114,116.02414762981823,-233.52813539533773,229.198790114283,13.269228882991866,7.863038269651981,2.2097669812065175,5.452096134686807,43.214808558777854,-189.9001489278258,197.27578300399432,64.01875263140298,68.00069312741122,3.4641334544311104,-9.827352746030979,-64.45330053225331,-464.3672606238959,-102.99302575396915
1771946506.5658908,21.28486489360072,87.24072973117546,-24.94595521643428,1.7140469706552899,-45.516457069705915,87.1988491434014,-62.71781569573726,-20.82082238103106,57.19407420835642,44.597644894033,-19.190829028150958,20.298387484603765,-443.85061212264065,-52.0351474343754,14.079582019218643,-11.604261203195616,5.021793963881649,1.0941093670857376,35.9131081634547,-431.1432966806474,-26.67850091261511,61.00202147073033,62.82431809082146,-2.435073575924676,-12.17264718773493,-61.29361478925064,51.43297468364024,-74.6264185445504
1771946506.569788,20.41045739857458,76.28603770410334,-24.410366172308944,0.4476957522207516,-11.234318268199038,509.5791086880099,217.53600927981773,-20.94562376900456,54.40383779944575,32.75700529175346,-5.4383994475941355,-73.33684646077029,-103.56805999623913,-125.48662991355945,14.89813792732474,-30.572616003605187,7.834135974227585,-2.2550290339935333,4.4294001898645226,-145.9777123399758,-141.59800663946092,57.67427453965681,56.031585472695916,-9.358150409579576,-12.280466309782634,-18.56818168948087,473.3437467597068,217.84432950409646
1771946506.573685,19.42813455938417,63.27427751462355,-22.355138096850194,4.20476685472684,21.570065983936434,264.9748671878225,-279.74242083444017,-21.14753877043868,50.59983051735597,18.687023173882064,-0.4146841290705073,-99.29675358172578,360.6869727047307,225.44197780917045,15.721883363633212,-48.62476907942631,10.363321886208071,-5.117916852480576,-23.878188616044447,288.08159519364557,203.40826604129754,54.059486950895206,47.79884861901703,-17.086576440814742,-6.389271599755102,26.017656452407987,275.8999574785467,-273.84194826303855
1771946506.577582,18.3491501602727,48.48975548853071,-19.036818290376754,13.786203953945519,31.376254678625305,-287.86984351280364,216.33315291043846,-21.43009345969506,45.84200547281743,3.57873800474497,-3.034591409465587,-50.72840708604816,383.7848401602248,-211.3064227320534,16.54766675574831,-65.370991533856,12.334407166584967,-7.39654290672501,-27.76816729506145,363.35966803949,-168.76923286577005,50.18320188465941,38.33769828523557,-25.244088354116354,6.121520002258068,41.05473420111894,-242.15752671359098,212.46892129879333
1771946506.581592,17.185263161007196,32.264968466646636,-14.77557332863269,25.862868559585802,18.81677446421072,-449.2336579866464,-72.68036102640968,-21.79545598112976,40.21222518245273,-11.312757564152031,-7.693520684168544,22.910558976152274,-48.650160473224794,125.26144492629398,17.37216334597059,-80.45780547324205,13.507593350150602,-7.996416116462834,-8.054557446343992,22.131941425707808,103.28898794298381,46.0723440818178,27.8889314609228,-33.316251531071394,22.26247015780917,24.453105449675306,-429.49671484384413,-67.69109187541267
1771946506.585489,15.948619276748058,14.97272716869645,-9.929255977869802,34.28333375485056,0.7055501651082247,-64.62260910299833,-102.5460808671512,-22.2444189464312,33.813749505251046,-24.773981636995693,-8.502103032601468,60.902787723610054,-413.78558844497803,-7.232923666447882,18.191842768933206,-93.5756797128709,13.70190577222163,-5.537336501543384,15.067936365924579,-329.8990800525973,-9.325544200410253,41.7550249170315,16.715901292442794,-40.68726350056717,36.54429375431239,-0.7033805866015274,-101.77268533150533,-106.6364473570182
1771946506.5893862,14.651630339287124,-2.982829730084455,-4.866877970889333,33.02625161578888,-7.813094152136542,363.74448926849476,237.29918885813984,-22.77639720074587,26.770087509586684,-35.73408777971746,-2.982986993278088,40.20740066620791,-289.646313404991,-108.56664335309803,19.002940167339677,-104.4655252553604,12.813717463997262,0.2886689643406111,20.172801147460177,-300.74013843199316,-96.92109285173495,37.260340763806994,5.097449688604489,-46.6911554105225,43.266468509560625,-10.69777364590475,316.77467746758066,230.09545775019618
1771946506.5932832,13.30685296711541,-21.176103495048647,0.0567288347557893,19.479617777843394,-5.749260769312654,338.6830831002929,-247.11072015383795,-23.38944068715336,19.22319980379669,-43.352595752205566,6.761606961005698,-10.439338438677996,167.82672902229461,162.5348696648749,19.801431912159206,-112.92384990436564,10.828428668121878,7.827498018126339,3.062457865997092,70.979760503125,141.59772144175332,32.61816640295995,-6.679373165281848,-50.67302098801858,39.04100390327194,-2.7026713612573054,350.7280777805295,-231.7825093322978
1771946506.5971804,11.926868052200566,-39.17053440690663,4.523492154670203,-3.703084547725502,-3.196334826332291,-73.09269012223658,125.53906758972181,-24.08026198419672,11.331060050553045,-47.086388861120696,15.791442804063987,-39.84704140064022,427.0414722807702,-143.05203114149757,20.583016903014602,-118.80646773393566,7.824277108236794,13.93423681112507,-19.621301816964078,368.1495017329083,-121.81453706384625,27.858945224182225,-18.326602338227072,-52.05473753470049,24.339413248518497,5.663212110303959,-10.37019158179055,120.91213219861145
1771946506.6010773,10.524162557981931,-56.529463615480076,8.270646883872685,-29.310431878437424,-7.797568771200729,-377.6140815394956,35.38519433440292,-24.844277981158665,3.2646063518295216,-46.730409941921856,19.531345042590345,-20.52216578247294,190.58872258621136,89.83721494601961,21.34310427818343,-122.03069852457887,3.967994872460709,15.66138832838174,-24.820552551494956,244.5030493345617,94.5958296962096,23.013477973246005,-29.56247407721826,-50.39896048778302,3.288413860493935,-3.0316679269224607,-351.0789825127873,19.524357027932822
1771946506.6049745,9.11101512508269,-72.82707789821207,11.104335876623669,-48.538036579747796,-15.165327231590243,-236.2865622643241,-121.43713007410312,-25.67566504881561,-4.795864780591186,-42.42883831866387,16.204962059731894,27.458734077257795,-270.9621235706201,-19.2072903952273,22.07680820382905,-122.57603269189836,-0.49722306741015926,12.04380711158796,-3.884669052626026,-179.92793020206312,-51.788938446930715,18.11271181970216,-40.11818707091387,-45.465047222864364,-18.039860281371634,-25.495391965525112,-292.92175272176337,-100.30117127431436
1771946506.6088717,7.699386957458507,-87.65915340987492,12.907732662920253,-54.61863799758039,-13.053587701528985,172.80700216544665,118.94094002443445,-26.56742692785624,-12.664787037039822,-34.65614167808138,7.090033403883328,54.66440474130603,-421.2588877153369,-54.77003057171443,22.778950277281105,-120.48327674223232,-5.270282151159472,4.7728034145342395,27.815181045464644,-413.2753021727009,-32.712197453355394,13.187531525706838,-49.744149895772445,-37.25103277212103,-33.76443021970938,-37.68298623959969,104.54189731780676,116.03207751242932
1771946506.6127684,6.300819369344844,-100.65331905638796,13.643530582052296,-45.32697736630115,4.645768566931767,375.45560550369163,-119.96283069118542,-27.51147441091083,-20.15579963459038,-24.170038310844205,-5.083439942280889,27.226581971464526,-72.93534383080379,103.15525001864266,23.4440699604176,-115.85223213567419,-10.015559703268698,-2.6514547849503804,41.83471331826948,-146.1123657728007,119.7616384344035,8.268554440947806,-58.215577878105435,-26.016823651825135,-39.7318241478033,-17.162402107620533,395.53879689585807,-134.76407972693409
1771946506.6166656,4.9263392171074445,-111.47857304214112,13.35099082763106,-23.467709737920043,28.055294729912276,138.960260930768,134.78289204681326,-28.498715783609015,-27.0864953549252,-11.940848750003742,-18.011739040685377,-39.72979765135281,372.20775708086927,-123.98838594531799,24.0664433144026,-108.83799671134852,-14.388976771184199,-6.753533496891825,20.711345047926624,329.0268163069079,-159.59135179472528,3.3859309292585857,-65.33732857409312,-12.285318033500156,-34.23139631629425,31.508461624832098,229.4130872900635,148.37020710799877
1771946506.6205626,3.586373267682882,-119.8538059562286,12.138055058013258,4.399807150601018,36.61937647925348,-264.1157233725955,-62.72278846433416,-29.519156935469923,-33.28331320176261,0.9362523784640565,-30.48233321818545,-90.04561647998104,374.70591945580253,123.62929765951247,24.64011011538996,-99.64601216686766,-18.06449609494612,-5.935283956355747,-24.43972234733363,410.97128172906,148.91216171573132,-1.4308483063320827,-70.94789252553174,3.1799337728988286,-18.35741521770051,72.95868205761104,-225.0855668470438,-75.3176099403813
1771946506.6244595,2.290672405929234,-125.55510903591197,10.169301592609166,30.182272708777067,16.88180607067131,-362.1071323205373,-78.1010122307964,-30.562010023717985,-38.58643736775356,13.338138291563629,-41.49270148233779,-72.15855048332784,-83.00068287738725,-96.95057333095598,25.158909221390992,-88.5260119819024,-20.758826382430733,-1.503262576777155,-59.01893797787104,-45.5950534013736,-106.8262472487719,-6.153136648142333,-74.92248284118126,19.419816969656633,3.656571114341481,66.50424112100478,-431.0476994517521,-60.263597089155496
1771946506.628458,1.0482464470486528,-128.42167657802227,7.650746282679022,46.687664167429,-22.405138201836536,-28.085568959499778,150.83815325207476,-31.615809530609177,-42.854557292395874,24.211133718800472,-48.71259384673048,13.787120588155672,-441.32603425355745,29.89369789944558,25.61652187992342,-75.76504980769879,-22.25236572987941,2.643032247093018,-51.29899770146785,-466.6495644800763,7.617477138460551,-10.75330647961535,-77.1751926413373,35.34467268843103,24.561724459907712,2.7755195543207134,-114.91355627585912,155.09604310075682
1771946506.6323552,-0.1326898430992181,-128.3601470840067,4.8126446221402785,49.75268925234326,-52.737555233575904,355.47253980970663,-138.505488954856,-32.66853449462031,-45.9693402528963,32.66035036743834,-47.68010985819507,107.92450246232546,-248.17665321195187,115.3884051788732,26.006522524205483,-61.679807898530804,-22.404832429021344,1.7847436870885625,-0.11606886410846999,-271.6458913914708,189.49558478345543,-15.20491344627264,-77.66021366827137,49.81451039591264,35.54298949483693,-79.90255155295017,360.81344834334334,-182.47986962566003
1771946506.6362522,-1.244759122922892,-125.34726813709675,1.891531717106014,39.52208821847857,-46.862580336926676,323.91917583778684,115.16489591451963,-33.70773565608085,-47.83946929923456,38.02323428511231,-32.79141250932554,132.96173900503877,250.65024736944423,-287.96321502367476,26.322436466603694,-46.60839907849862,-21.164567029767447,-6.870604060502346,59.61225829227616,302.92917025644397,-352.8116620550546,-19.48284906960306,-76.37213232923351,61.72810112907536,29.313286152558177,-117.95494505172326,405.56815797096283,154.3543947459543
1771946506.6401494,-2.281452063841797,-119.43081347710195,-0.8872565434542767,20.331903528011342,-2.6920457712413275,-112.7589946588724,-69.83226627140193,-34.720666267677295,-48.40410621870584,39.9211345086525,-0.2605096309904174,56.69199369067955,413.81715374647473,287.60312585575156,26.557803728587796,-30.90188454113807,-18.571092271191013,-21.75332948202604,80.96897197933289,465.12678263728804,257.096029850121,-23.563480890870622,-73.34534000468194,70.11358306565653,3.9463980820895355,-71.35596681316193,-56.28449888081599,-67.80100250178984
1771946506.6440463,-3.2371461540178625,-110.72872523301518,-3.3253985214530264,-0.9451549042203308,50.44231330793595,-439.5878204044674,-29.967002593904752,-35.69441535890819,-47.635651051979565,38.2847691897252,47.94126644989276,-75.31397593323868,45.712959343593475,-65.93694153233524,26.70624806369249,-14.91573293267849,-14.751121325269782,-36.464130221280186,42.00866694902719,-27.715246958817986,6.264574688109575,-27.424779462690736,-68.65261127608848,74.21278543652491,-34.40938487876988,38.564937262240605,-456.1934849872671,-44.333294575384194
1771946506.6479435,-4.1071128677122655,-99.42649875445568,-5.264683206331371,-17.492879720897886,71.31634322183973,-230.5969605222166,134.07899618469835,-36.61604226018958,-45.54168510089598,33.35188421508616,101.27219681688447,-167.04898607608058,-348.1064826164095,-143.63774723186745,26.76155008722438,0.9985575663522483,-9.908740656449533,-42.20056805072759,-33.62853931530146,-478.11082379429666,-162.19150347437932,-31.046431611801918,-62.402916530511604,73.55174115315108,-71.75382574448474,136.10877701350458,-286.6908121449678,153.413295837472
1771946506.6518404,-4.887513507057878,-85.77287186462904,-6.5965313661417255,-24.97874540020494,39.15146884413505,293.72413398250706,-180.92593450066684,-37.47271116517607,-42.166002595688155,25.63794747805515,141.41958799771868,-143.15190707986028,-255.49912748094889,242.19708139201796,26.71772335198821,16.50146351484171,-4.310907846692768,-32.266421387971185,-90.99080145275163,-230.13861530433263,302.70190152800325,-34.40993950490173,-54.73854516705067,67.99080197940238,-90.18433750211862,143.97105923929254,239.12331847178743,-245.7833952661513
1771946506.6557376,-5.575384214083414,-70.07392426952818,-7.2673504939945675,-22.867618220589556,-26.79324191695849,474.1316302849888,171.88214895914226,-38.25182447431542,-37.588657741549014,15.8831554619462,148.04465785401652,-10.357364248626434,153.20397298028468,-359.8304707687859,26.569092172147737,31.272873413922223,1.7303302254685358,-6.262023284799438,-84.50303454247968,352.7478085002138,-538.0488074180632,-37.49870519577636,-45.8316234095194,57.749321167048734,-74.82694263855345,44.69106129997183,450.8652828135673,242.23412466510823
1771946506.6596346,-6.168610855203605,-52.68573473756971,-7.279447476025139,-14.291654484477561,-78.24190533159151,39.114236438411986,-129.11953036027825,-38.94115366996694,-31.924979534194676,4.981113104283164,108.10023428226073,140.62845000162395,298.76646353025876,381.85131950499834,26.310369945636143,45.01878593481491,7.877382587235784,28.58840192160863,-14.435346085263077,401.9637972577567,384.8304576204103,-40.29810050226412,-35.88011648585816,43.4019081156124,-21.452203390687618,-98.22289096457428,90.23359100613195,-100.08625930664083
1771946506.6635318,-6.665894649857684,-34.005781342890764,-6.687559027646869,-4.6713925981661415,-73.75940538300479,-475.57857769221476,6.469808936078149,-39.52896652663642,-25.32353603024165,-6.1039083781418775,24.47496943334232,198.74635895776166,18.815927002426495,-24.76900491008771,25.93673665451182,57.47712224065133,13.786945078932613,59.970998712724494,70.23495974063222,-157.22351194051427,398.80854340245855,-42.795522207816774,-25.103407890549196,25.84562757175305,58.58836159627342,-181.19675015549103,-357.54315207529106,-92.99550050849273
1771946506.6674287,-7.066709531605217,-14.463302184815047,-5.591390870314391,0.5107757104507018,-12.45721675186888,-373.73551173752276,237.82878970732133,-40.00414951024277,-17.963060822881076,-16.42335726855644,-81.194349875613,116.01854403665519,-240.3537589510138,-533.7171157634917,25.443914183938517,68.4225342862105,19.128815762025532,75.71162154257097,106.86715076544162,-478.6208305023946,-943.1526983697652,-44.98043268152339,-13.737548487548237,6.240013345553542,139.34922926227233,-137.14024514997138,-317.84007265908,287.7607474217218
1771946506.671326,-7.371252326191792,5.491139484702481,-4.124862926928948,-1.7882917196927932,62.111742631401405,240.58142042402415,-414.33317144691364,-40.356324231782956,-10.04838565461554,-25.126514895935784,-174.45872873445873,-53.020773538453035,-107.73079949864702,736.7575869393206,24.828238136961893,77.67012371138722,23.602680308917275,69.14494583741903,66.50875193133102,-69.56309081596432,497.23112971953685,-46.84438609298364,-2.0302665478860815,-14.075831896315703,188.49102585892402,9.940693688995749,115.14330212149288,-457.5480989970104
1771946506.6753254,-7.580386945796409,25.396620640007235,-2.4430206899797646,-10.348251965078168,93.31497825858335,536.5629678704161,267.1996218364629,-40.575956818610756,-1.8054541407387943,-31.531025814923364,-221.18613154513153,-188.28325095258225,180.428292603777,-358.6757157227994,24.086724913623634,85.07802105548596,26.952200446139585,42.085970054409756,-22.910575613176217,456.15284367608837,293.7045055024804,-48.38104050803201,9.764172033583794,-33.68269827603904,180.46726913777275,157.051986652723,341.4611274295811,388.69312152725234
1771946506.6792226,-7.6955839220101305,44.79307429939528,-0.7077662662699843,-19.71745705634925,55.16043559581259,91.4070806228484,47.78950837499404,-40.65445910769372,6.524477092019736,-35.17581975713087,-202.1824806846138,-191.7668924789587,165.83458683378538,-288.87547290437453,23.21713292159905,90.54881024330453,28.976088330878543,4.03495538416401,-96.36221464970376,301.8876180983622,-517.1870812746756,-49.586156283950025,21.390165807687943,-51.18937204862927,109.09308593422774,196.00523267970559,92.80210331325812,64.96051989681445
1771946506.6831195,-7.718856677242551,63.23246862396,0.9263431283293427,-22.68966200174026,-25.915899897261856,-474.80038740974874,-207.48261495079748,-40.584280676616075,14.691312314607368,-35.852236331262645,-122.25675765933643,-60.37666111771186,-132.19303976292122,709.6911607375457,22.218016891874242,94.02981746551238,29.53615370584864,-32.00501386218735,-100.2089866510999,-311.54907092415493,333.5124947814313,-50.457581283871164,32.595957105629786,-65.34055020836247,-7.006674144748583,94.8799904790027,-231.49571229074758,-594.1567965161366
1771946506.6870167,-7.65269592783516,80.28966403057562,2.325004495218273,-14.342220893326518,-89.56388100765665,-355.9690982468776,339.46919191283615,-40.358990895398485,22.443098483057184,-33.61135583569187,-9.029653069398274,111.40126672627179,-247.59503936433487,-591.9939304333562,21.08877442144756,95.51231636339801,28.56253583100592,-55.05800464264138,-32.45834380134188,-479.4176257999357,-222.4968980535952,-50.99522345774526,43.13870761927041,-75.11557188396007,-129.78726656128404,-75.51538194771082,-175.04224927699008,723.4311038297591
1771946506.6909137,-7.500003550189078,95.57267320869242,3.3846978885505625,4.608301573214309,-87.20531579061743,265.0200438051836,-558.458996622847,-39.97335037737516,29.53332162917089,-28.747858800348528,98.29950608999587,201.2648249549105,26.678623760049057,74.33077612732271,19.829684043250193,95.02973149343212,26.05645261193935,-60.30893441873039,56.19833122973315,45.60067967837374,79.8180646430167,-51.2010113171711,52.7893938139615,-79.80959170047133,-216.42535395096277,-192.3493666945042,125.71146318529212,-332.17959176829265
1771946506.6948109,-7.264027187404027,108.73206557354504,4.039975438038373,27.35469251003279,-19.720092042081085,472.7273068945238,348.0250918676456,-39.423371401767156,35.72830392834315,-21.762943958404932,165.05772078596956,148.57685546371792,308.4947038619608,356.5731785204323,18.441934273829794,92.6549471521332,22.090800286988813,-49.95766351002181,101.19592017831958,508.7736449458587,215.8965344277291,-51.07884283416868,61.3374491135845,-79.09019760381275,-236.765400601751,-171.55840036635288,187.38959678330525,-305.5363815100423
1771946506.6987078,-6.948296849107342,119.46927989322812,4.266950612163747,44.01516652035972,62.543115242231394,-23.85606804417701,473.5966434338266,-38.706367043587996,40.81447413818662,-13.310707262525025,174.53282151959002,-3.5387321866895394,167.10095250507266,-423.38831660778277,16.927643192888393,88.49684768627257,16.808830461009865,-30.889202490747127,72.49586980441437,262.1955892449424,-384.3427956311664,-50.63452336421311,68.59508083442014,-73.02450834930099,-185.50473592349064,-30.048599949935078,-74.27294434959222,729.1727431357479
1771946506.702605,-6.556564712243095,127.5436371895603,4.082780279500114,46.54013958245237,97.92852307427147,-461.4308877530049,-963.8502378944198,-37.82098884734938,44.60527951263692,-4.133743086812509,132.7158243505086,-143.53738191653554,-240.3716448188157,284.46123093403224,15.28986821358897,82.69622912877828,10.420958363585054,-10.957614589815048,-4.655979524831255,-334.74863745656836,277.4527634233304,-49.87569332197394,74.40118905544266,-62.074296787286954,-83.56601260630991,127.9178405956424,-224.8702462071191,-589.2430452160316
1771946506.7065022,-6.092749211382117,132.77788108945794,3.541315198145022,32.83680641028216,60.42576911812545,-183.56566655251223,452.40450551352916,-36.76725290823253,46.94751216473533,5.0055436187785425,62.92506419713296,-175.19096243455414,-357.24024189417383,-123.30062728375732,13.532605858289672,75.42123137294786,3.1995700433032526,4.046072350609704,-71.52908549639055,-466.945530740531,-76.5906332243969,-48.811746487132396,78.62481340005715,-47.05944190378549,31.633262957562856,189.2377412832089,6.137312135884067,52.14285586931304
1771946506.7103992,-5.560884327344774,135.062113359458,2.72546938033184,7.9665595825043525,-20.865579409709397,370.11255780292726,315.8758093480703,-35.546554214073936,47.72683631397461,13.391367105048511,-6.066303115247673,-85.52843200777129,6.188740679152778,-61.08397213344556,11.660781546917525,66.862444780505,-4.528457340250728,11.708771377339565,-81.6987724685517,12.762914915246252,-83.18637777200412,-47.45373995061456,81.16803362365792,-29.09275547799178,122.07063085070398,115.07367835022204,282.42955550921187,333.4302951679014
1771946506.7142963,-4.9650748013537385,134.3560359268028,1.737177695135456,-18.14995661284437,-84.5412893258183,349.686573625129,-495.65174623436536,-34.1616691194802,46.87232301736495,20.412759707474578,-52.12944569004869,52.238870993376125,389.4997776714766,229.13325635064405,9.680229575030364,57.22784386772524,-12.391894213027248,12.785759367552423,-34.44277376540165,448.91620338488633,203.430232104726,-45.81429680019255,81.96825232165814,-9.491699368414386,163.6595787853459,-33.996283775509724,151.34151958191663,-365.05546807038513
1771946506.7181933,-4.309457835519653,130.68945568740529,0.6860372312212603,-35.366470611186806,-83.90909231397892,-210.69628864333873,337.55683323945584,-32.61674590007941,44.35982455907089,25.608681246344634,-66.7791691832642,138.52199253251118,282.0797785007477,-277.9610825189794,7.597663574016012,46.73769315272353,-19.988316859508586,10.153401491996359,29.111153682818724,298.1736295297781,-259.318510631833,-43.907502665199154,80.99979411287138,10.325524432449644,153.21053323129604,-147.46241589117642,-249.6467090220568,303.8064663194924
1771946506.7221682,-3.598171656527601,124.1610543620327,-0.3221586148916276,-37.9695220319597,-21.77273094767403,-460.7091671576253,-264.76327957522204,-30.917283436316424,40.21405172768734,28.696703421326347,-55.157899317193355,120.9024697806374,-195.16160041303334,200.55333994381314,5.420637836710434,35.61955768149691,-26.900509685028965,7.425853630485764,61.34951781484819,-206.7475741934376,199.41518752953453,-41.74879718286553,78.27476588225657,28.95074553686572,105.82226433787093,-148.46932676489743,-345.6184490959191,-234.43890713494545
1771946506.7260654,-2.8353311148649416,114.93547144369974,-1.1957964101029648,-26.98973032775072,53.288180005662234,-23.107489303954466,96.22963974838403,-29.070098149228166,34.509254087754066,29.58370357561394,-30.62362754464021,26.03463221262571,-435.3202834287121,-51.644352479596854,3.157500006897761,24.10353511058603,-32.71606381765888,7.516234898237027,44.932228186089944,-428.41434728508676,-33.8669009660906,-39.35486134221411,73.84313647786371,45.0941984063351,45.44413173544352,-47.11134767346532,47.34495004629829,-3.4082984791710853
1771946506.7299623,-2.025010311568561,103.23879167395447,-1.8656764325059438,-9.05587929649737,85.16531911230051,458.5473091066275,247.93904664289784,-27.08327934622112,27.368445160742272,28.358832480985342,-7.429333825006954,-69.4349967553433,-128.16233343552983,-105.97325990259357,0.8173357759556796,12.41780850324196,-37.049734832535826,11.498719337010078,1.9199071166902812,-127.20236567820008,-135.94787879655755,-36.74350156263203,67.79201016380915,57.681556676466094,-6.0240909421989945,74.37274182437692,418.75916946838447,299.4132116233772
1771946506.7338595,-1.1712321098817549,89.35256793508935,-2.290314602689187,7.3422999093729295,52.67057763242862,287.07528247112174,-420.78775758797246,-24.9661331742726,18.961158909157273,25.27071873267971,5.13901921624453,-100.66931747317908,340.2020542648537,194.24341864300922,-1.5900936401335426,0.7845990583297636,-39.56766351222649,18.21819292579272,-29.39177741301397,306.4906467123268,201.9742857003258,-33.93353129958164,60.24408523341727,65.93177930735601,-36.24714945082388,128.3201597885741,250.5075335152579,-367.098562536048
1771946506.7377567,-0.2779642627689553,73.60654591383668,-2.457870566526884,15.924239831669878,-16.26693849999804,-288.01638011253027,286.3407469496921,-22.729115458938224,9.499768780591792,20.692267821080808,5.175619588437035,-59.31262586461328,381.6183399811745,-195.02345216595248,-4.054420394625149,-10.583424136565549,-40.012098949103745,24.83294397919206,-27.979892807707067,362.2879364534786,-170.89957049534624,-30.944650906727365,51.355307868595794,69.40967910399507,-44.39541022588642,86.00760846900302,-259.84871148577054,212.0790161671241
1771946506.7416537,0.6508782751607372,56.370288609274745,-2.38464452608249,14.908953869551777,-68.18682742509405,-464.0963006361487,-66.93295266994024,-20.383753818304,-0.7655553250345067,15.07738405983238,-3.1118123128125394,10.12388639810305,-49.61287000138699,140.59494513532383,-6.5647443936516465,-21.486243285663697,-38.22485650933728,27.986918750757656,-5.078295245931827,-6.624397685241462,104.03646125905811,-27.797326378846407,41.31175210899681,68.04939286722387,-38.1670888728087,-8.348219972089277,-449.5737652549656,-28.58710891650301
1771946506.7455509,1.6114254684172156,38.043925707140204,-2.110466644976149,6.820624806148228,-65.71489381861772,-18.079005545434974,-97.69778649192925,-17.94255953675919,-11.553133802055202,8.914420698906975,-13.033022385810723,52.712210498613814,-410.11096005575683,-26.546985601047645,-9.109712254903732,-31.739087868210973,-34.16745288403174,25.0645501896933,10.624280682430674,-362.1745977364578,-4.720053139406188,-24.51266746228489,30.325778820034124,62.14749810378264,-28.22512963415277,-79.37677453592643,-69.62157318596,-114.26722783337442
1771946506.749448,2.5998395229295466,19.048273080659083,-1.6916476947465273,-3.437308280364953,-14.688113408819735,435.3966644206982,218.74022314562492,-15.418929743578191,-22.557148447472965,2.681130146557815,-19.233927830941358,46.239953550972295,-258.5912041647472,-111.93142748906777,-11.67759987076655,-41.17453465687764,-27.935742733682954,15.171474550853722,2.4386099772078254,-291.461022154632,-101.70345984631311,-21.112305504268793,18.631547800862624,52.32714109837486,-22.729157653292415,-80.51827018154104,395.2676431243323,213.92711423346452
1771946506.753345,3.612298263641223,-0.18541998284278566,-1.192434385659211,-10.945917213966002,42.97541293221598,315.87940605146156,-263.87114182211735,-12.827040494740778,-33.45590163285171,-3.194630389320688,-19.755483387513046,11.33433563562937,203.26649316151622,169.61675359994356,-14.256397556842472,-49.64413573371503,-19.766986368212415,-0.2474577622689008,-17.8228508915545,126.22507780972657,137.01597479037792,-17.61827135485362,6.479976070396969,39.476975954789665,-24.096215847759087,-24.531495635986182,364.68337060628824,-227.66521873936202
1771946506.7572422,4.6449754656497095,-19.225833347355255,-0.6760806418187124,-12.618244960172172,63.273616667524934,-187.440860349207,182.7017121133222,-10.181731443411454,-43.92073652543917,-8.365108536228956,-15.668204992627073,-14.476736733894896,403.4977593414198,-132.0648396654562,-16.83389676776838,-57.01961291996358,-10.037635225787286,-17.307484781657287,-21.83588128510679,404.00803791594427,-107.54460021312656,-14.052873613863406,-5.866748250289349,24.670756918374114,-29.020409145097908,35.274909767149545,-106.91012236023245,138.8851627456012
1771946506.7611392,5.694019089358014,-37.651787313950884,-0.19667767024364252,-8.108824424860945,33.62338640869748,-431.69878686676174,-17.48678568578102,-7.498382904581531,-53.62536790045984,-12.581668067508293,-9.182488779871084,-12.184263351120318,110.13128353453585,74.40778149381302,-19.397777414617057,-63.193668753958704,0.7492740600011335,-30.51567792235351,5.392475711151277,203.71983758396928,80.54171947198354,-10.43857748156282,-18.140972643540863,9.074914744934096,-31.33315647035567,52.50794275857733,-431.2491801740335,1.5572254217483228
1771946506.7650363,6.755528438834183,-55.062048870234264,0.20722617810768873,0.34836652463287643,-19.5226067661351,-148.04802932245437,-117.03753542365341,-4.792786231475385,-62.255356776645165,-15.701842236562365,-1.8931548163008152,5.111186082586026,-307.33691717874257,-17.35349862208573,-21.93569488031305,-68.08047179358086,11.987418998824097,-34.812215940151255,45.89285664039483,-252.99573290396756,-49.65323216822066,-6.79788441131955,-30.075571467971532,-6.147732550167879,-25.97104524092239,23.141082415754394,-230.91694165899304,-106.85521087436099
1771946506.7690086,7.825531307450116,-71.08449300369459,0.5164221572738406,9.104413935169031,-53.2649484363892,288.3185882195689,162.9010361858332,-2.081008496129207,-69.5174528566588,-17.68500458902854,5.712277489626618,9.878070282379019,-346.90603794161984,-38.668328337251424,-24.435365866245508,-71.61587660246244,23.000545532592106,-28.282255564011983,60.00554950485548,-419.6551739942125,-15.050713693483525,-3.1532127105794103,-41.40997710367196,-19.929894947411704,-11.874215836220344,-17.75955371483339,228.87785059447648,137.6915855715422
1771946506.7729058,8.899962157402832,-85.3844000141657,0.7317913542857785,14.807059245603385,-42.251447588992995,367.027021140323,-170.88141159948984,0.6207474766156132,-75.14852742561081,-18.578409631843748,13.58063719267312,-9.652091151093451,29.933060637698656,73.54592651039343,-26.884652227608285,-73.75743669682277,33.084248380691555,-14.061129277652054,22.051368349497423,-76.12839272584795,92.08609844555349,0.4732207661672574,-51.89610248868091,-31.37974942159618,7.5599210311236025,-30.944331197772406,401.07829575588414,-145.02103115118825
1771946506.776803,9.974642309964139,-97.67169668445118,0.8719332804067941,15.812668067671655,2.4262624826880117,26.797926495762365,155.28933324182648,3.2962865920288653,-78.9238270996564,-18.496262730190413,21.195451723019904,-35.770953945929485,371.0217327705855,-116.07221360514959,-29.271642009321784,-74.48426329655638,41.55360022287579,0.14172753931696933,-50.1524429341962,375.39713097911283,-150.70539772085976,4.05951764568459,-61.30400781460573,-39.842588782157975,26.30370898948275,-7.520133197204661,105.66365546591456,141.28639730735594
1771946506.7807,11.045263047268364,-107.7069802919466,0.9680061920588527,12.54141332576102,43.310354981547825,-329.47364120423117,-46.015299657655376,5.929567242186643,-80.66429572192358,-17.595032933153803,27.282567967448912,-37.29218677933523,269.0719966572355,165.53731399427002,-31.584726995483052,-73.79677482213792,47.79324766833885,5.339521701933919,-101.2173622150886,375.8414373869124,161.03385294811426,7.5842135537104385,-69.42716946244889,-44.939667366679664,38.45539296324854,25.772200571011485,-299.51851133923776,-52.34421596329074
1771946506.7845972,12.10737247096372,-115.30619824909589,1.0564970108789606,6.719148617076086,46.94644972091848,-308.7979683034918,-112.53561373107179,8.504847984150043,-80.2427364780827,-16.048375421952542,30.247164624117513,-1.0178989412769355,-164.48805675146397,-120.29399961876746,-33.81267620097983,-71.71637156868724,51.30603436171902,-3.8898652018599513,-80.50317847060629,-91.50656676278263,-102.89553555756109,11.02639187470064,-76.08721781843093,-46.58186599212183,40.467361781820266,32.999385425861746,-354.6315616427611,-91.80934439855453
1771946506.7884943,13.156366905109858,-120.34389227388257,1.170946960348189,0.22256373873260812,10.564263613856221,59.439448902700384,167.22347099183307,11.006833723686459,-77.58861731603484,-14.024778674295254,28.927227312791807,50.6015334979915,-415.43854604105616,-40.57234116867685,-35.944704820177,-68.28505658825675,51.75598869193366,-25.43117013845681,11.353882327817901,-451.05207089721887,-3.2575674929625076,14.365795502878754,-81.1380226493787,-44.958074303172545,32.13514416220293,2.859563975395408,-3.8756723970221407,150.76917921583984
1771946506.7923913,14.187487528263368,-122.75495446139318,1.3338424812690237,-5.613892624369374,-35.73138884839225,368.5292982554466,-122.05005163293667,13.420819967756886,-72.69135922366651,-11.670444664940462,23.191575588699767,73.95871742039888,-160.17536648150994,173.8929687733554,-37.97053820064616,-63.56500833238565,49.001676439044275,-48.805687863705714,112.72116642293646,-247.97108955250027,139.26690910535604,17.582936299986475,-84.46902096252342,-40.50040807801551,16.40743366644436,-39.786178174078415,358.0853317956006,-118.89643882332759
1771946506.7962885,15.1958227657704,-122.53488262907503,1.549910327712712,-9.958796065443225,-53.04283871039364,264.39061801852176,102.97925421830358,15.732833690660197,-65.60198879164061,-9.09904254393993,14.10364677975501,41.15551971319265,317.4586363118155,-182.33238857669107,-39.88047046925323,-57.63809498685567,43.11647388426999,-58.50893417561499,142.62943485137905,260.98191018168524,-264.574177299391,20.659201897183884,-86.00770261389904,-33.83035054614081,-1.6509301976278077,-54.78172068599367,314.39581239080735,106.14588126671565
1771946506.8001857,16.17631680711422,-119.73856189752408,1.801926872410492,-12.132155317298272,-25.316526072668626,-160.4014287825462,-93.10832095590408,17.929769318679863,-56.43308316246251,-6.3889648891940185,3.531842425281226,-31.805315360799884,418.86231137768067,134.25821191824846,-41.66541753572304,-50.605306453575174,34.39323241439703,-40.76669300286942,65.56359264352729,426.4544338849321,258.5766010506701,23.576959390861024,-85.72119197839177,-25.691456919476693,-16.45535573471309,-22.34376397415771,-109.75280419430706,-101.61576591652253
1771946506.8040826,17.12378447323451,-114.47763674970356,2.0498786811601035,-11.49729480017721,26.559715153062065,-424.9673773764138,-11.479606505314587,19.999518301545887,-45.3569850169142,-3.5876822335061958,-6.723654663533639,-91.83522236745816,-23.976222368304356,-108.12701588275694,-43.3169643168451,-42.58606813716851,23.332019353837676,8.725886715868715,-72.60203641660357,50.42800109700455,-91.28173853032985,26.319655424704816,-83.61688813777519,-16.875256912732482,-23.694915890320456,36.99066914012228,-433.30669149942435,5.902392334605015
1771946506.8079798,18.032932537015842,-106.91657207481629,2.2339179252499197,-7.739692928161231,60.207787170121996,-184.63818610454513,167.59924873459153,21.93109074887377,-32.6023152337805,-0.7218527918970163,-15.85104493491381,-88.6530903850133,-464.8409500279921,29.183430966315647,-44.827406113713295,-33.71739079850592,10.611040027347606,79.6211619009072,-171.4010582537971,-359.1612440511722,-96.82199826624718,28.87191211977795,-79.74215065230926,-8.147357438648955,-21.737435076964516,76.1605029307372,-240.84834376149573,157.55066120539246
1771946506.811877,18.898387456324254,-97.26753310313453,2.2810758689458357,-1.27010219312869,45.62041214178491,312.4714801184591,-228.11018056652537,23.714727670705205,-18.448859714202545,2.188891389069256,-24.250326951732955,-16.987565350863903,-303.24103719685627,197.66105612137883,-46.189784114464544,-24.15280305923265,-2.957651223421106,147.66203945231368,-150.2665303245782,-276.117144256405,257.8491352881915,31.21961827060312,-74.18304327334833,-0.1804769682360734,-12.072781555328007,59.29376437132847,279.8745262102231,-242.54051092698487
1771946506.8158343,19.71472929560037,-85.78424237359755,2.1151808504233194,6.524764262606044,-9.144438363843241,448.0869103690686,162.8758962624087,25.342002432168606,-3.2209541243810915,5.117003724332681,-32.58468754983897,74.32016093528131,279.77353444815236,-395.14816452434656,-47.39791502005698,-14.06100917074976,-16.484607725576247,182.67811607929897,-14.494720167552574,145.361634078164,-426.7678532545974,33.350015144994565,-67.06217372247856,6.499721961488952,1.3290288868139102,-7.0133394892702805,481.58770460580297,185.12169590093478
1771946506.8197317,20.47653142162762,-72.75499555103072,1.6689404092030047,13.27218628575134,-61.93332891524669,4.190886114329059,-74.86810568999681,26.805910075992948,12.72046456344269,8.013547940734863,-40.13530039723224,116.67468162812395,495.193518958157,280.4276081811315,-48.44641484689223,-3.624215989598819,-29.067355501948608,161.5664466127714,141.60758324893285,316.8509004307492,401.01714035057347,35.25177613570328,-58.535692490357775,11.551508346361826,13.326675292107376,-75.31024645587549,58.94004068152097,-79.12788785720169
1771946506.823629,21.17840541018763,-58.49503538540495,0.8967597818769331,15.93282084613349,-68.78499780059876,-473.70362876918693,-21.63285907657821,28.10094319835308,28.98692961291249,10.79856066151965,-43.84766511514248,74.58377337221778,25.008706042297753,21.613707622748688,-49.33071704469619,6.963920088950511,-39.85753971408058,80.58171712139647,201.79441223860118,43.964216214169255,28.268951674379384,36.915079463087125,-48.78953556995277,14.833927213132476,19.05248097187778,-92.41559827829244,-472.5371938442202,-33.218750837153564
1771946506.827526,21.81505050319615,-43.33849383750333,-0.21336470362699314,11.700108861033154,-19.94707550179729,-334.38746543242524,217.30574242421244,29.22315313855656,45.17239427914721,13.357076068979437,-39.3247187300885,-24.56933752924877,-481.16740809815434,-186.99700102249554,-50.04708512774401,17.500764466439705,-48.1252975192618,-39.607190055185605,116.38034800869562,-238.27629602246483,-573.5292533287738,38.33167313685818,-38.03501411283929,16.40284630496411,15.300693104854341,-41.33264569301739,-388.7766647041387,231.12804240928898
1771946506.8314228,22.381306871912862,-27.63011719979261,-1.6305876361670752,-0.4182779357945665,49.622845524593295,265.842114754692,-386.64811139670036,30.170195394249305,60.86378851967935,15.541865796535804,-23.633667623989346,-108.771225967439,-299.0225025785187,324.2896783598215,-50.59262001276999,27.777618104164063,-53.31536765154638,-159.78584678242137,-56.560816187425814,-129.73321204294626,715.8337666679528,39.49493141490556,-26.50386857502737,16.48743832542268,1.8846920970180228,43.36265622098719,231.74737532602083,-396.4793040762437
1771946506.83532,22.872211829983925,-11.716988945890787,-3.276154184490677,-17.935298922577452,85.50795065365192,506.1240952708253,254.31180095158211,30.94135837003661,75.65189347348519,17.183042786224817,1.8181865349471975,-115.08575255064494,308.5718112552612,-557.9245162483295,-50.965262214045886,37.583080550702434,-55.09002411952208,-237.30039799524877,-191.63553898714443,162.08158961480916,-331.3199607703663,40.3999020010143,-14.442916765591171,15.45016792879949,-17.37063683363334,99.91842657421451,540.6973569163499,251.73809611860466
1771946506.8392172,23.28305800977524,4.059540002571205,-5.023754935049411,-34.44810105071932,56.49523689915186,38.33206710048893,61.862940706907125,31.53757474797125,89.14223419485143,18.10373955007606,30.492657207118302,-37.77617079376884,452.17945375903247,381.35715202437405,-51.16378903103758,46.706847572483035,-53.3549840721266,-243.7799329861004,-189.37968561216562,168.36692499190147,-276.7878875524429,41.04334320272389,-2.1084340233949863,13.73485862285399,-34.91721622975958,85.66580501167127,93.62478412567582,78.78132567841257
1771946506.843114,23.609452420558846,19.371514879726707,-6.705986957758723,-41.53704265501453,-18.92592283077993,-474.0834719831238,-209.2187430488305,31.961414917982623,100.96568840195275,18.14020940812603,52.927458661809794,66.6272930116451,-72.91070430206726,433.12382506773156,-51.18780691471385,54.94390306208183,-48.26590521629296,-177.18931604196248,-51.34728348562274,-118.88820305015871,687.640023175943,41.42375027865558,10.239591891548246,11.808466308886489,-41.85613271266882,9.683392683125655,-475.51884662075804,-223.16054778654566
1771946506.847011,23.847375283893864,33.911453153111296,-8.126944592399264,-32.70686945243806,-84.47183646521474,-289.5656718493057,296.5595200932566,32.21706207465435,110.7885151798282,17.164025959802526,60.92091236109429,121.6178453598513,-476.97360314487787,-972.9028900063234,-51.03773930410562,62.099036558399,-40.21481848102788,-62.49962968504279,120.92590935521169,-237.39198543568503,-596.6302374736383,41.54137028248688,22.34318967368586,10.102698928626504,-31.98603144549863,-73.41201649523816,-345.9477356002554,294.1941646986883
1771946506.8509085,23.99323756317593,47.39867407180675,-9.080225964283082,-7.410776549750855,-88.67224414521954,310.7366213712699,-510.5560055903122,32.310268822353116,118.32152367621728,15.103661088084237,51.4669240969067,88.006896497818,-158.6462892984958,498.757538795336,-50.71481035319867,67.99158896229277,-29.79766209112338,59.252731539994244,202.41570179465626,32.318662385928256,100.06758202485038,41.39820483365875,33.95198133416853,8.96154898529398,-5.605422137654602,-103.91205148917545,277.28271884996485,-499.37623964809313
1771946506.8548057,24.043936112135317,59.58474801502976,-9.370923141952625,27.324979400693884,-25.49089321272086,425.76954171787787,369.8830489218629,32.24829541517317,123.32812697095525,11.962651255239253,28.373491335625165,-7.508309075790434,396.10867380241797,305.2546111655501,-50.22102508663245,72.46030231160859,-17.765804629926276,148.1879355015751,137.6717921022356,307.47579632758243,328.2135007025017,40.99800034916033,44.82847985293913,8.600147526068156,29.294012929074857,-60.93018477874444,460.2936380096982,360.2144915280844
1771946506.858703,23.996905345531314,70.25795907472516,-8.839550334142693,58.9845125525869,59.31316697380199,-108.80511735896633,410.0812358999184,32.03983003530286,125.63105842507086,7.831817774040476,0.6917691630120559,-93.70186363495272,354.25248498026485,-530.5735267492141,-49.55914659836288,75.36812718789147,-4.965886098020393,180.97474218826656,-20.444754537083128,152.50686786953833,-412.32807036212733,40.34622533396975,54.75299093228139,9.07916519944918,59.58477003457799,23.14165676177505,-54.645968733872394,415.38397064994876
1771946506.8626442,23.850164333176018,79.24670351248363,-7.385423956368175,74.60527741538199,102.10229997515393,-466.409273777175,-953.8423109489883,31.69489177220599,125.11756568566979,2.893561094718774,-21.35305375667056,-108.8417387713882,-218.0861923580279,353.4649451194395,-48.732670909362,76.60682561071246,7.72668332483848,157.66612838723967,-154.11249976999062,-259.85575695720206,316.95369298079703,39.450034397722014,63.52801529593235,10.297399113412546,72.37403333715628,87.63803031230337,-465.1262530032414,-953.3905276072171
1771946506.8665414,23.602358284302646,86.4217783378563,-4.986795829779322,66.45511657861853,69.89799165058312,-94.54259579885769,490.6557028197959,31.22471723803299,121.74294074630355,-2.5829523802151346,-30.929064005476054,-45.763090759514355,-472.8035040795546,-242.34502345280242,-47.74580001785068,76.10119945281166,19.47474701234407,97.92920811265714,-170.23196107948763,-356.2316371124135,-186.38222577212136,38.31821879507339,70.98206450402621,12.003352115499617,60.71293476754585,88.34641012707907,-144.5556559730154,485.31486660172544
1771946506.8704383,23.252793508140673,91.69754700662102,-1.7151022225104273,35.70150605527314,-14.04296851243494,433.73232136045414,312.7945535981128,30.641632037514576,115.53229166180068,-8.25593657944711,-27.298480980323998,45.48705431726576,-41.433312139152086,80.82413228526143,-46.60341354542495,73.812774282999,29.541213228284093,29.875706227064228,-66.84324053176036,33.31809436559004,-36.6374992616882,36.961143464799,76.97282231815929,13.824703474567032,26.972972328789055,28.38212537661156,401.12332635792654,321.57880540281474
1771946506.8743355,22.801465060298977,95.03200106462783,2.258947314022894,-7.680024113234763,-87.63085027606951,299.06369466804296,-524.210741448578,29.95890855143578,106.58051014536393,-13.733688228546475,-15.30439723016974,97.54063115649824,449.574345444003,244.57081757097,-45.31103927024011,69.74277489517846,37.34053966323383,-22.37590575988322,72.198639641709,411.18378702992027,278.49316536866877,35.3906707168446,81.38960340936906,15.312756353693034,-17.745081654544833,-46.62372865464092,324.257713057614,-535.7890110669921
1771946506.8782327,22.249076410126193,96.42576646329269,6.669068439257463,-48.83894399009333,-96.94331968917855,-306.5450293089483,322.6313100830829,29.19061166837363,95.05043747293207,-18.604129430793154,-2.214054162488703,76.14800582936154,309.8060970175708,-426.8944065514778,-43.87482277339878,63.93424096957348,42.4758557997975,-46.89881564435735,145.50111302607164,269.9079083973132,-341.97031275008663,33.62007087973881,84.15508080226276,15.997396100757712,-58.03572094206028,-83.5873602633995,-261.84725505049414,327.15589524704745
1771946506.88213,21.59705062439747,95.92013114447307,11.167628455927934,-74.06758510291468,-36.52462288974868,-470.4854322660059,-211.10102774117644,28.35143424917079,81.16927855776339,-22.468690812310015,6.013752011384974,2.903404646053421,-250.13476346577002,290.58140649169894,-42.30149637284184,56.473149943743884,44.759114826786266,-45.5082426041246,109.46813285594966,-224.84558900462173,212.29194957476759,31.663920405857315,85.22627301038582,15.446956216795675,-80.47129304221433,-60.10948244559503,-466.21413519084854,-198.01680337781443
1771946506.8860269,20.84753274614661,93.59419530434977,15.350090071832163,-76.08134629602347,47.732563849719526,63.12830542259828,86.43200821219098,27.456524279931394,65.22336064520356,-24.977482527566,6.970792647128782,-64.89876776663617,-461.3293067893969,-40.104677881238764,-40.5983474322609,47.48843992293566,44.21330181309324,-29.61199004858922,3.7477259880103744,-444.9362750762508,-23.000200931851936,29.537988132247143,84.59480059601724,13.326775718976704,-78.77686124908081,2.002385065803668,25.66690633938303,67.95219612147396
1771946506.889924,20.003383198565658,89.56126558556485,18.788236656125243,-56.21743934924891,94.39707041311436,519.2938419929878,189.10264203777194,26.52130585308504,47.551377428275416,-25.86243847156319,1.816375446832361,-79.20976881375363,-63.24369679556731,-126.52327827429069,-38.773186012247045,37.15085754835715,41.05740175021491,-13.281122148407396,-87.47810660652877,-111.86056600476756,-133.64425094879144,27.25911055689877,82.28643816126127,9.450199613690375,-55.54306734369722,55.79364891828543,494.2021250045654,192.59121786337286
1771946506.8938212,19.068162145191994,83.96462850896316,21.069658135126957,-22.984646121336336,72.48240252781774,242.35160540507974,-364.15051788664806,25.561296256031767,28.53629907146177,-24.96518777791933,-6.208905496462087,-35.56749652972499,397.3557359496245,207.8667276148766,-36.83431172744512,25.67059196311858,35.67637549837653,-6.754360078976056,-102.62968276086983,355.65499045581805,214.82461594950348,24.845057093460724,78.36000074170907,3.8163352852238144,-20.077508389269333,64.64385572582273,263.50076584553085,-355.5501081597706
1771946506.8977184,18.046104837933722,76.97284771215975,21.840062664362616,11.787349526560972,2.343596651364505,-369.89346581192666,299.4765259981998,24.591921505957227,8.596161826435422,-22.256809561103086,-13.529848031624123,27.867983520766675,336.529387086959,-238.6196556708944,-34.79047962616451,13.293694244905208,28.5796494250719,-12.758549695446714,-44.598113262326564,382.17929952368235,-206.85040096901508,22.31438635490839,72.905614113811,-3.369998294262907,16.012512259949215,27.392262613598366,-333.5749223466313,292.66703394376174
1771946506.9016154,16.942088133922994,68.77473517918396,20.8443580717677,37.25359469353733,-62.890000069734704,-470.08777749340163,-128.24886478156512,23.628332668873387,-11.826022607977958,-17.84732015848486,-17.448919487266938,62.742894056899985,-134.632241168842,181.14835067655292,-32.650864902645125,0.2973209751952638,20.352484788348793,-26.640475240172815,31.21524370357847,-51.62614790911259,122.56026553251462,19.686294639073658,66.04242781554336,-11.699085677537157,43.16292366773729,-24.105287234404663,-471.6196059879555,-123.9175195829936
1771946506.9055126,15.761588547763045,59.574148413684675,17.96220630340835,46.84858408281907,-78.70659228102454,52.97650021448853,-62.81388217678617,22.685225290266974,-32.2729774548006,-11.983650769596931,-16.696689417884667,47.29044696781522,-415.3837407435298,-17.362895467494724,-30.425026240185545,-13.016119260045866,11.604994757579355,-39.72297970123453,66.69361563323461,-409.38975658438653,12.753502497408483,16.980457939795972,57.91583761143811,-20.57890173989518,56.45051607770781,-50.99187136960581,11.545612756231758,-67.15996920051973
1771946506.909443,14.510632370149166,49.58476227479082,13.233938926267214,39.91742619513978,-40.474531407866536,481.5854287711546,236.6360092306938,21.77666426114339,-52.284216116314354,-5.035905863218002,-11.478039070026133,-0.4410617092595229,-183.73382410531084,-140.10777517075144,-28.122867545892486,-26.32579763709555,2.923503729678224,-43.98049674154053,45.36172996590604,-269.0150452482218,-124.51473031487173,14.216868934487852,48.694289568096934,-29.278366007833483,56.00476015125626,-36.35557505467206,456.5146193682027,236.9870781095336
1771946506.91334,13.195738497885293,39.0249556078413,6.8733406252214975,21.496601633582024,18.020570635298782,278.5211801951251,-296.57236133234153,20.91591641321502,-71.40716025124163,2.527244982493109,-3.139025632756347,-40.51850880998702,252.95012482900827,175.33234886050082,-25.754597805932377,-39.30011861007006,-5.171581274349384,-35.71027147225574,-2.395967891925397,183.06182269860574,140.8034408684509,11.415670471052957,38.565740282418645,-36.98808600552685,45.67982414477723,4.099802655467404,311.9934480293743,-291.97394142519005
1771946506.9172373,11.823854714734592,28.112940077692475,-0.7351655227099975,0.28522711354445973,54.2355669243259,-251.51438967782283,202.3897488321271,20.11529304053392,-89.20803947251508,10.172191770105211,6.399942671872887,-43.66810040938375,372.2384007330161,-145.23916434352952,-23.33068880624223,-51.60500561681714,-12.258127477983903,-16.672213827206043,-31.94795661464011,404.1316605880149,-107.39851089546693,8.596987120370294,27.733847996995994,-42.89356557902439,30.788202500872163,36.2360978293689,-194.64001428833788,195.8097778542998
1771946506.9211345,10.402288282342496,17.062243414471048,-9.056031032894435,-14.705092568358886,48.933624550549816,-437.9269488261068,-24.009984629146476,19.386004386396735,-105.28230020130437,17.340337947588647,15.163584019022002,-12.423994225852525,51.67673375167097,124.62194995698793,-20.8618305290373,-62.91260233548982,-18.032786984473443,7.30385367559065,-23.512690039668637,145.03150573333158,88.03830687587552,5.780756419797327,16.413968718079783,-46.254411098585024,15.823030868015165,34.71221920111694,-435.78269037056094,-18.985574459492277
1771946506.9250314,8.938631842329384,6.077642187939819,-17.438305386777074,-17.673420052867353,15.827231756586004,-94.39842643159864,-135.647433758003,18.738027958080192,-119.26426645589285,23.491104339211038,21.35690568638989,24.14431906102247,-320.76111155115143,-41.57776815673831,-18.358884108376973,-72.91015180980234,-22.31890514838171,29.02838355459638,5.189958252722917,-278.0914052250701,-39.98117168486165,2.986561510292908,4.829030379769984,-46.482177794405224,3.093253595645506,2.4723544486546274,-165.2534956939217,-132.62903054692276
1771946506.9289286,7.440685743982033,-4.648380265698717,-25.16542873707586,-8.274001915118275,-15.491481407488445,331.3646540070376,201.83010685904418,18.179992368135718,-130.83581594579758,28.144416120842013,23.425188813570447,35.77922176513856,-312.33092949304176,-112.81814042616618,-15.832832274263671,-81.30880083199983,-25.06237391495098,42.56746031873678,20.2690023441359,-369.4952940764384,-52.273244066299746,0.23346691833171498,-6.7946442306567585,-43.20927244387223,-7.189253577347815,-32.05993320782209,269.6341836527973,189.94919465851
1771946506.9328258,5.916377959555271,-14.938597159417569,-31.515404393972183,8.378573695672957,-25.759159237899386,350.2585226490846,-177.59465019513456,17.719078230702596,-139.73386069232228,30.919141336724945,20.33441449869298,15.255848362610848,64.10797709614012,182.21802514911653,-13.294727248048709,-87.8520691853712,-26.317133248565607,44.96097448159834,5.211065579635313,-23.96589406478014,109.80217507358779,-2.4601407857538775,-18.23149928863389,-36.34181959296733,-15.67156696652625,-37.951533897575445,386.24425501433734,-169.3517352581578
1771946506.936723,4.373682748803444,-24.633392508534076,-35.82637710783563,23.880874713260223,-18.533392404644122,-26.96283144279773,111.5760448454818,17.360937425051294,-145.75645281336116,31.564293102929874,12.251638105332557,-17.388439152425548,369.9878567694788,-116.36456333636849,-10.755636113635903,-92.32372416385601,-26.222926602540852,36.877928399135634,-23.9049982545614,356.5268010170653,-111.87090797590511,-5.076705796593618,-29.26083146853616,-26.090583935020938,-22.55066891430633,-7.474249667833352,78.13017733371277,120.15741913149719
1771946506.9406202,2.820539233801024,-33.59249861292326,-37.56175962742983,29.9686910336651,-10.416383805296434,-359.69362463355804,-17.04927669799284,17.10963177101048,-148.76737248105934,29.980421225617135,1.1946970008553124,-32.843127533641905,239.67234463790984,45.10416752655875,-8.226583793043693,-94.55481074625175,-24.978487680630106,22.237862216357712,-34.387117744774834,318.09690721437966,106.25868031342495,-7.599647776725684,-39.670743451266326,-12.975826842371967,-27.263307055183116,35.71321769020252,-313.73941967017464,-41.67451831051567
1771946506.9445171,1.264771063360451,-41.69612969230429,-36.36867745563036,21.9905691992472,-10.870910677455761,-281.3175887421427,-87.23043706565987,16.967591881555336,-148.6990946146491,26.229447832069674,-9.120434101768895,-17.406239532557976,-188.77799158326343,-29.979795375068072,-5.718493867778577,-94.42960603102286,-22.813527838135848,6.817250499600722,-8.986293905140032,-114.10913403966215,-85.72016204181807,-10.013496946038833,-49.2619138223723,2.195789261138898,-29.31873188442569,53.80269319628219,-362.6400962028174,-66.08956529150312
1771946506.9484143,-0.2859916479507384,-48.845543291180185,-32.12371457692357,1.2991785239149192,-12.092475762773958,117.78473667210348,141.79974717770386,16.93559670270128,-145.55407186258662,20.532172255330497,-14.58971893002308,15.569836036629194,-405.969155379813,0.5296325648329328,-3.2421275685074584,-91.89029172180516,-19.962700195343825,-3.8968445393873568,35.27655744298203,-430.0346549313918,11.924239263342733,-12.30401812174288,-57.85113523809155,18.381636306817455,-29.33971022511481,25.78014413629091,-0.3334366936834459,151.46267411269218
1771946506.9523115,-1.8243869691359633,-54.9630781693213,-24.960762882371732,-24.42574496563318,0.9715145631214567,391.81002821910215,-133.50406184944762,17.01277400877234,-139.40431321726317,13.253690463498497,-12.658966103711943,36.89179164979284,-124.35934117319803,83.5292954418726,-0.8080213063620595,-86.94017005404996,-16.644180952375585,-6.858921405531448,59.357182761830586,-219.14141834786403,102.48650384424424,-14.458322392635232,-65.27457638703193,34.37773663519261,-29.127154023088234,-32.05029740818411,379.6749289894073,-174.2498468034191
1771946506.956409,-3.3433913544220193,-59.991732339973446,-15.27715977453844,-43.59099507306663,30.241448023883404,218.9539011250558,102.70493764642227,17.196621851128473,-130.389280245436,4.877944946772786,-3.8051479818837644,26.247494960800086,335.11316156810807,-164.76261337381575,1.5735768196005588,-79.64528673206644,-13.044715905987223,-2.6582785403237437,36.134546066348854,291.9920309189923,-194.06881081310536,-16.464965285111948,-71.39072722941764,48.91203894053326,-30.382029236136354,-74.50101786648078,327.8138641936988,140.57451707980644
1771946506.9603062,-4.836384472303924,-63.894356244633244,-3.7161310457228383,-45.59711698326742,54.915716661658834,-224.24304631951577,-61.111342932246345,17.483050644374757,-118.71216584113019,-4.026543871486281,8.27784804557275,-9.858689459099516,387.98848625195063,169.85580687087082,3.892771005243314,-70.13436882183058,-9.312038660124085,4.802769791172616,-23.05268158510976,455.45586388991757,200.9632420373404,-18.314030465665255,-76.08299032987084,60.74888875152287,-32.87777259635738,-61.799226844126935,-121.94410566837799,-76.62694073603413
1771946506.9642034,-6.297207822636391,-66.65254262751739,8.874319885190607,-26.518519834361665,45.570178684270374,-425.09091377833886,-8.503316050766125,17.866445249322307,-104.63466184427482,-12.847074994477268,17.881893390115753,-42.14295824840464,-68.88673163477354,-101.55334657064121,6.140081566979566,-58.597034317678265,-5.554587559111043,9.940566690398127,-73.48789834925368,21.280375237436314,-125.8679789652272,-19.997198184229305,-79.26188296058012,68.79590100488299,-33.415292378874604,5.541412416513204,-436.7713147889232,-12.678720046634893
1771946506.9681003,-7.720216374959575,-68.26529669750191,21.503707324750447,7.327947257238482,-7.092591603474633,-119.912979731943,112.95488623684378,18.33974612549877,-88.47035969933687,-20.970198494080186,19.37521807367872,-42.074074190365444,-458.8412791358789,-6.97825176987182,8.306507882900734,-45.28028067851082,-1.847536869211112,7.7244838606038,-71.87394767682476,-467.32525780106505,-8.36341210970735,-21.507797798820196,-80.86681538598604,72.20387372267274,-26.490251979143206,80.74905045032645,-217.55846216742506,160.86348778701299
1771946506.9719975,-9.10032256331088,-68.74756874844887,33.118044158012694,40.50122706456051,-74.50054063008228,352.49650011995715,-209.4813028778099,18.89454838929015,-70.57696141131127,-27.8249369998997,9.514850295630557,-6.162016337975471,-244.5525907227262,168.59054744404438,10.383589694396816,-30.483310081001825,1.7565865028737369,-4.1924222305071055,-13.179889133136289,-341.07304740259815,211.663747797864,-22.840843875902056,-80.86741168225724,70.45064028685339,-6.699780770221965,103.00489170847499,269.51317137466435,-312.1415303307725
1771946506.9758947,-10.433032123064176,-68.12872724075046,42.68918432691105,54.711219549143095,-104.05187791396484,414.07658542329,198.85886418595132,19.521217391376045,-51.34750647693262,-32.92266325267195,-10.693578970373476,39.21734441312851,313.1092420610324,-312.77284704971413,12.36346600297256,-14.550798753894572,5.21492070628821,-23.991022890292623,61.58690273405805,259.28646732527363,-370.01751769279997,-23.993055558727587,-79.26434160639016,63.400840640349045,27.900976930314872,46.084902364861094,404.92854724189203,270.2950082078547
1771946506.979792,-11.714471422301756,-66.45104304999647,49.30688065572578,37.853851629771135,-59.59852457008769,-38.13113447823567,-62.07668048644445,20.209019184572814,-31.200844388884835,-35.89085408112171,-35.374213854105065,57.54160169081282,450.6035167422472,261.9329210585835,14.238930761220479,2.1352339806460856,8.481323832787506,-45.43763297230543,95.12235708874775,511.4690912170244,274.1464831375235,-24.962859112408537,-76.08963520988542,51.33542966834958,72.81256038341276,-55.20946694037251,26.252605969142834,-10.774294833376695
1771946506.983689,-12.941406074994466,-63.76824451425699,52.26525239827702,-8.488868289337738,42.23384416074554,-458.262593129147,-77.64390124880539,20.946264005766672,-10.571600805688457,-36.498493263131984,-55.140624461276865,31.474362050938915,-41.722197457742524,-47.171168574322245,16.00348450212126,19.164756100591504,11.495733440514938,-59.48024602880291,58.74248694982156,48.86251494169791,-6.164676798299195,-25.75037373811998,-71.4064552614239,34.94719791245602,116.0734011003231,-125.78040841156428,-351.83201924660494,-197.46902369406305
1771946506.9875865,-14.111250714061415,-60.144188454025354,51.13545737857901,-67.13203297060306,133.4043283582211,-312.2975483903382,153.48251509716195,21.720460694579604,10.100103108188163,-34.67157996746609,-60.50062348395036,-21.734516736506812,-477.3387111862876,-128.90595162934255,17.651381029125083,36.110012339354,14.177680001239583,-57.732485231266296,-23.349556047752614,-479.2564497569885,-172.75315651579322,-26.35738087935413,-65.30830603077925,15.301452887521245,140.61858691523597,-106.52967184746504,-240.54716811295486,242.0660693202807
1771946506.9914834,-15.222069887250875,-55.651676216888,45.817242687682054,-110.71634209089234,140.16981093644563,225.38328085298332,-213.27181476952373,22.518479843016458,30.378915229085983,-30.49794781453445,-46.128737034662784,-62.01623137515852,-227.3438815367354,320.0297826817001,19.177668335189647,52.53650063544292,16.425166856985133,-36.66788973198059,-90.7948361150395,-313.77463632412673,343.81286752431345,-26.78727735556895,-57.917661832202086,-6.2359576975907745,130.30424104670192,-3.6352355784178916,162.20313242190178,-301.1455263560423
1771946506.9953806,-16.27257015969,-50.37142789251075,36.56364995098055,-113.00883282485555,42.39745078853756,471.2248148454855,230.74622297579612,23.326723384425275,49.84424185091813,-24.221354290838597,-13.903561452385658,-57.159920729953456,350.4898652864,-566.587180755543,20.578223003948427,68.01434002941117,18.119351521727747,-0.3481350761021886,-92.72666510994564,299.781884786005,-577.0723784519083,-27.04501280211021,-49.38400643368657,-28.098185952349574,77.83914945857876,110.30795009363617,283.05613205715355,333.1526068597641
1771946506.9992778,-17.262083657722105,-44.39121288225147,23.97535787060193,-61.72657937222328,-101.13454538700402,117.50857920408546,-133.00848689879436,24.131298240886313,68.09971284253169,-16.22551196869906,27.078067706182804,-8.591300720327375,408.39371573269904,406.34049021662815,21.849777413459112,82.1297186686204,19.134631774085324,40.188980280465245,-26.95386052599294,456.6851013833982,378.0963213645852,-27.137012072571576,-39.88128526352797,-48.63686403208326,-9.0646582100437,148.47293822066237,-2.521092621375753,-46.58560254528797
1771946507.0032744,-18.190543423714963,-37.80512073802111,8.963782029028554,32.88439149551516,-187.69484388478173,-360.94394070463346,-59.339649419576205,24.918191557915414,84.78188944590369,-7.0093536844721065,63.76209720997682,48.4156452286035,-140.07023717418724,366.99562770303277,22.989939100832366,94.49610279637737,19.352954964829475,71.04192541522019,57.99978873472399,-66.01312250560262,440.44854990644274,-27.07108342551439,-29.604785226867854,-66.25198613865565,-107.2304195068862,77.20539435792604,-229.46692061605626,-477.8570865911071
1771946507.0071716,-19.058451045904732,-30.712942782946847,-7.315106388470276,138.6066130884827,-145.55330780348834,-344.9688365218875,306.33620188374266,25.67344501749828,99.56800421630189,2.844690189822805,84.20032801890588,71.01448817263724,-476.685281056181,-933.1617126130867,23.997201706002187,104.76488940255797,18.68053440181457,81.21870090366401,99.66458399302354,-476.30876789212783,-972.3704282041317,-26.85631344025896,-18.767470980282333,-79.52152907717876,-184.89607279588978,-54.56615167624579,-65.8101494436907,730.6888099104174
1771946507.0110688,-19.866837108349024,-23.219623830822577,-23.551499521633595,212.38875026813105,6.735118750773333,102.42520210065513,-507.57042679431726,26.383325774606483,112.18255228068656,12.707298306168749,82.12639043847976,41.56804679682681,-95.8532510908524,561.1451588251335,24.870947044110714,112.6351978175965,17.06475741549344,67.30906363564358,68.66470044409107,-160.81332049814944,504.2470276979527,-26.502949710036017,-7.595821951599802,-87.31993257226915,-213.8161193801844,-149.5721002348823,197.18138905948163,-409.3568097547568
1771946507.014966,-20.617215113758853,-15.434735850989947,-38.38981555218151,218.44439757200985,165.77222806709284,355.49207836697303,394.2822938011751,27.03449168477967,122.40258838298645,21.941476633560054,59.12450819540593,-18.507559700439312,433.1284169670166,209.88709076926742,25.611438040277186,117.86251822489768,14.508950545352151,34.89348061176775,-10.09796406467388,395.9353739054416,294.1659889106529,-26.022272491676507,3.6747681446511873,-88.91529575738282,-181.34360940488614,-135.75777631907064,116.99361801726822,-257.18912013601664
1771946507.0188632,-21.31152965883221,-7.4719219069081975,-50.54503483544546,145.4182301629066,215.18607732712834,108.75046517439633,116.09147822979132,27.61414863237432,130.06162289071838,29.942085846106856,23.5787494573751,-64.7836590239047,316.81593108249587,-527.3171746358329,26.21980244140192,120.26596589132606,11.082832896169128,-3.91113961693353,-77.65518693594458,353.4506624386376,-535.9571818329765,-25.426456665035293,14.80494836847477,-84.03678228131554,-96.67687428820625,-22.317739036307213,-196.31447670313787,733.6687155422412
1771946507.0227604,-21.952099729911655,0.5517419918350324,-58.917126250308236,13.990722113828445,112.83903255594856,-232.04567632833624,-619.8680419912456,28.110197931341283,135.0520508732263,36.17346059381924,-13.05998281876194,-63.47580660978465,-275.9312117989098,426.7052496329817,26.698007385490254,119.73392768413363,6.926917490517282,-35.64171492989157,-86.01019800237277,-221.94498648454223,371.2971116725391,-24.728425554287984,25.556623708123933,-72.90612423108286,12.074718324053975,106.36568396792273,-231.67080146417308,-619.673291866766
1771946507.0266576,-22.541557991300003,8.516518270798661,-62.693160046472805,-129.76194525303916,-73.4064126772411,-181.68602540504426,680.2871477887071,28.51137198904501,137.3260910918249,40.20308504527559,-40.950305653707076,-16.73241611568354,-470.11947952537736,-274.1498871537886,27.048825092916285,116.22793179690045,2.2497680367384865,-51.0217273706711,-33.02801350553864,-473.60583397356174,-240.72951069989335,-23.941698360478114,35.698305609086184,-56.23006321300542,109.00033225094045,155.0101096941912,125.3509347235973,71.31033508500468
1771946507.0305548,-23.082786885002516,16.300959775920326,-61.42743766996491,-233.0090875830312,-211.69605306788574,124.41447495990515,-294.82271697114675,28.80735669009729,136.89525474818987,41.72954024567768,-55.255400162412776,39.80948773071037,19.662125064915937,50.71544153721191,27.275790143712044,109.78462118877155,-2.6821891195572927,-48.22970078396992,38.68365234671197,-33.91033851017455,61.41110354118657,-23.080233122739994,45.01046602209656,-35.15380397158389,164.65344930837986,89.92421436568546,364.7289069635786,342.1517852241012
1771946507.034452,-23.578852325857373,23.783081657419046,-55.09164046075782,-258.4011897163611,-202.09814111365918,184.3089746272448,-270.70862836468933,28.988899215126555,133.82840451625,40.6032300199068,-56.7547400649174,64.82113302913737,484.88567666323706,247.80631239669222,27.383148970171977,100.51576346629209,-7.561757796929969,-32.4727532678641,76.17727616049136,456.74175929752914,242.54835698116327,-22.158267233872635,53.29075081460756,-11.1787957244589,166.92015744605584,-36.83710503746532,86.23570291497333,-375.1069833091658
1771946507.0383492,-24.03293581274902,30.841779142215383,-44.08949355903742,-199.53463925162558,-50.897169757771415,-82.5906785065119,682.4631964302625,29.04790023190616,128.24850094211934,36.83870728695596,-49.811787193967284,42.40633905173039,265.9268714985284,-385.7417790806437,27.375802300860094,88.60628280690027,-12.06363771676161,-12.480039708416692,55.955605229677474,303.7145800903736,-401.20866597338875,-21.19015755477808,60.35890441258579,13.948883448563636,123.7688610689043,-129.61786693634156,-368.8818598767781,288.04747046422926
1771946507.0422463,-24.44826587750177,37.3584994709107,-29.23354751385606,-82.57820575411503,133.36932341737025,-223.25659889250335,-613.5533143271281,28.977489618333852,120.32816557818796,30.61776534226145,-39.2816066660604,-7.490852433898311,-318.32186708966384,292.9501046789251,27.259241378257713,74.31035250879502,-15.870668146310251,3.8655677719107238,-1.2013182688255806,-264.20566716478464,287.6848705874623,-20.190222094419923,66.06126050047475,38.370832571441376,57.38271153399037,-123.12305418787363,-355.8284962994573,-213.66149743127207
1771946507.0461435,-24.828049917472704,43.21915608142659,-11.685111287186727,46.24735575774578,219.76595372721457,23.98669181644449,107.99881579005744,28.772085142004208,110.28421844296189,22.28284047114989,-28.189250954789813,-46.48990706316171,-458.55446526455296,-106.06886236623811,27.03947888552168,57.94563957751406,-18.701183963419556,12.45229874735795,-49.73107420473061,-463.1926863530167,-70.47626577762057,-19.17258508906432,70.27466262536738,60.25890652584539,-6.634775588112088,-29.731842996760957,153.71302590849388,6.297527899518722
1771946507.0501285,-25.17540756392447,48.3162526117062,7.1382022922879855,140.9485799363352,150.6389847251167,293.50786485680146,337.7402645838267,28.42743381893153,98.37137067283501,12.32069747949969,-17.09723977412531,-48.051933003887086,14.651380729497511,-90.50524837182115,26.722975652131385,39.88584389133912,-20.334794117172645,13.416758718816435,-55.6206944803439,-48.189328694130545,-111.6924701088935,-18.151027192274146,72.90969191039348,77.95678363172672,-49.494534364998806,75.15277050709537,491.1811558363132,260.87034954688414
1771946507.0540257,-25.49330679147238,52.55116549262603,25.679769603394682,174.13539285749042,-18.562626872062623,135.37217918874262,-418.7062232836336,27.940635949679454,84.87526980655785,1.3368329587682195,-4.939989818037815,-16.31868908209557,449.00127386849783,239.68592882442528,26.316564310826593,20.551721335027448,-20.63394938333043,9.704780101727586,-20.567382320483247,408.5251478550974,229.76401119303839,-17.138842395235198,73.91309596159087,90.10927781973542,-64.67670070903826,114.74293098611693,193.48926568243147,-337.86743167896236
1771946507.0579228,-25.784503945448197,55.836518564705955,42.37609731166701,145.48198598845588,-163.73953673213708,-273.7026856971098,321.7568598059328,27.310152053934544,70.10510406991858,-9.978474432752524,9.454860200680208,20.41266329506319,288.7813383622614,-272.82674170903107,25.82737111478942,0.400820823655706,-19.559007686638843,4.962885631350996,23.343244400640394,328.22049966955734,-257.5524565122455,-16.148703190030293,73.26933402312967,95.76909599266652,-57.39569316564106,68.5314621052627,-361.18310671097043,230.01212069685965
1771946507.06182,-26.051488745375917,58.09857230272358,55.79227011207908,77.71632572979226,-185.14523605175862,-343.62329294447596,-199.73569184315213,26.535793122623833,54.38597401564491,-20.891017018621767,25.90557002196678,34.45949661331047,-223.79094150545686,196.8526505258159,25.262737117475695,-20.0838011307694,-17.175094312338587,1.7982176903828295,41.607541614759384,-148.68555605709443,174.2676593431293,-15.192535319576216,71.00117893753934,94.47251781883699,-39.61603605721175,-18.39481087488335,-456.0116868630042,-82.05435197573804
1771946507.0657172,-26.29643515173839,59.279543527697406,64.74865662270095,3.7053517263923976,-77.92816476424451,73.09497768472318,-28.61087549438797,25.618694826241214,38.05123628588446,-30.668432772189817,42.06017303946529,20.43477060237067,-430.6855804457987,-49.076541394826435,24.630139915956576,-40.40559742580133,-13.649824090150142,0.9180655005233201,24.206499894020876,-414.97802535971294,-8.657129474718625,-14.281403242737143,67.16934528789699,86.27793387897188,-23.487910344371063,-77.25550969243396,22.273094158227785,-86.7674287545812
1771946507.0696146,-26.521158824757848,59.339767727034534,68.42741238594523,-48.29456859820294,70.97959822972324,432.4969370171129,283.764639392454,24.5612765607431,21.43501558437609,-38.62841183535348,53.690303734029584,-3.5715363322992855,-104.78930812460536,-134.2094647504285,23.937117174156015,-60.06696771292922,-9.241823802793345,1.2874396543972462,-9.359294852538277,-174.43976240341888,-143.3338363144422,-13.425407241071737,61.87114285815429,71.76410880337119,-16.029064217981436,-70.79921206645442,458.32889572657643,240.2160999645148
1771946507.0735118,-26.727081785403758,58.25961483717197,66.44895667956501,-64.67096319454615,153.0197326116935,236.32337591474027,-346.54505682243826,23.36718643138199,4.865066655140295,-44.18641721434747,56.221021704816835,-14.633947160181418,327.18759088603866,251.15995789060065,23.191193136832226,-78.58179277291137,-4.280884769110466,1.1594490452755566,-28.861812585064985,252.91851770151825,188.5143293391593,-12.633592935053109,55.23818351215153,51.98819904732532,-16.991016480524586,-16.934057415979257,317.05113894858135,-264.64767684703617
1771946507.077409,-26.915204774848917,56.04107149019422,58.91115633605159,-48.650208844919725,118.65726166172173,-278.4744122047298,220.18077969591687,22.04123343274016,-11.343851975742043,-46.899715575571925,46.93562178821016,-6.063221099522224,352.5653894951837,-213.94000819597073,22.399809278797708,-95.48774004986987,0.8585950286712106,-0.5577311374704101,-19.078658244635783,366.6315812700535,-145.75857903139357,-11.913873831687381,47.433197498689076,28.406705889905,-20.451409562136234,34.244799334513885,-199.9068329822034,153.38205209889307
1771946507.0813062,-27.0860876524322,52.70890934319048,46.38720886266968,-15.463261171266176,7.686199249198142,-450.16396411837576,-50.33800171481132,20.58930819562782,-26.89595525668864,-46.50442095026099,26.697884953692636,7.847086727392888,-34.4347032282981,69.21895786084119,21.5702601142866,-110.358021269063,5.788537905295446,-3.4414424529860295,8.641490801872292,58.571271410294976,83.28817458146857,-11.272967345685986,38.64604219662288,2.7654451366907895,-19.047102311230816,45.63928944262298,-450.19111795482354,-2.7241435621663426
1771946507.0852034,-27.239837979055803,48.311369864367464,29.881886337086993,16.164830254826594,-89.47999445084795,-60.72502044083558,-111.17935422714676,19.018293782841248,-41.51964955702344,-42.94239346845371,0.15590548443752933,7.279910595921758,-371.4133862139451,62.13162086736905,20.709635064209454,-122.81229793401869,10.139683872161317,-5.8275638060724,27.48202627462851,-307.8734868906143,-7.997189967587762,-10.716344522940673,29.08901151469296,-23.032958891686395,-8.52151769235571,20.578692621926553,-152.6855810712374,-118.89742100097133
1771946507.0891006,-27.376107755007077,42.920309253983476,10.749539480212128,32.21727019440481,-104.61199852286391,399.0158964149722,235.53773931469786,17.335968138890443,-54.971908977596854,-36.375236954058956,-25.71887041446557,-11.851128106879633,-273.00502170675423,-102.44855155824338,19.824767172800613,-132.52645236354292,13.592679117408116,-6.03721082058171,18.866479066864173,-321.28006169795015,-67.96334501110563,-10.24819349661055,18.991575581417575,-47.07379129856851,9.815711612023607,-8.169524462270605,309.1062641882781,182.00221360575125
1771946507.0929978,-27.494098154243492,36.630761743885564,-9.419279529778917,28.16773105806246,-40.398169047628286,369.3657914161948,-250.75645998591364,15.550899895628731,-67.0417565872663,-27.183320477626303,-43.95110975279111,-31.114875141513057,145.03311426453374,79.22724354165207,18.922189358557794,-139.24097072923635,15.904887425164302,-3.603386956939753,-11.093319353218503,34.93959927745001,101.01876201124716,-9.871396561327403,8.594696409168597,-67.57596692134979,29.8335975363708,-13.378979997836305,385.64221595618994,-176.17092934742098
1771946507.096972,-27.59257200104853,29.55989535298887,-28.932850908888888,9.010366924399577,40.08311593040445,-96.24301060131509,138.0398002693667,13.672339261667302,-77.55282695113108,-15.948699926360293,-49.67965632455416,-25.29207897924415,401.1631748864078,-86.38447894429927,18.008098736308696,-142.76772053882715,16.930442218793402,0.46435230896195295,-36.06153649202432,363.6070618074128,-110.85469090771366,-9.587520645370144,-1.855124231436551,-83.02747599509327,43.79299621411055,1.7504356314924,7.331534487610655,103.90981015728661
1771946507.1008692,-27.669873623632103,21.84535187061224,-46.14323766557345,-14.694373081361956,69.86886641579001,-434.44684004821136,27.86907361816711,11.710105678415932,-86.36501599607753,-3.421986701370639,-41.49903943674695,11.860367478468662,189.0223816750105,124.20938488486976,17.088329350738487,-142.99494744364847,16.63167875184908,4.520317271011332,-31.51049551239443,277.7248044809613,126.15283560909465,-9.396820848219187,-12.111902602640551,-92.30008348347336,46.0992805363375,10.993665233425963,-367.64286637914194,12.301814221069723
1771946507.1047664,-27.723955581091616,13.642982128831719,-59.58843458506775,-32.34338520790724,32.423560070212815,-260.5079646142985,-132.73596989868463,9.674473853779078,-93.37525175774972,9.525486587431468,-22.00735166941797,55.45888878472224,-259.20232928744,-83.79412237885569,16.168333456121008,-139.89036313533094,15.080890001145958,7.466014096058348,3.463720686099651,-151.983422732557,-93.04778806120794,-9.298256572275777,-21.936172725230108,-94.73442107123385,35.767195589353754,-4.3184586582766515,-304.31092848777104,-96.63705298437254
1771946507.1086638,-27.75241163423386,5.124007005602579,-68.11915998820155,-37.59643269966722,-29.453811337371885,206.7647905255138,133.57610773413265,7.576059725788469,-98.51744303620272,21.961531576517142,2.4087556543524173,65.37503888500527,-414.72999388773525,-44.19607077157624,15.253171304170806,-133.50224528329178,12.45226446912163,9.325269062587696,42.85235615766848,-428.04248449718597,-18.143061192253917,-9.289519643961787,-31.100767641748178,-90.18890728243689,16.760601875320337,-32.541319919113675,115.85546671379579,98.96434276393812
1771946507.112561,-27.752515261384424,-3.5283475383170333,-70.9990359208128,-29.81382150532628,-54.5795498003754,428.65984640862234,-111.79311941538715,5.42570785624339,-101.76168191331016,32.96110735252999,22.827978776168777,20.73188434972804,-70.94046822295778,140.02373711856717,14.347509259500514,-123.95852080968004,9.004798777802213,10.859259940098037,53.063253442795556,-186.06872152550486,136.0283718504069,-9.367073735499767,-39.39623089374328,-79.04874400800963,-3.6352735713102575,-40.42831558632917,401.48733374703636,-90.56941295415177
1771946507.1164582,-27.721263006811984,-12.122677213591386,-67.96922995915986,-12.857303128582751,-18.099965326962224,159.8114062227543,119.07042309684543,3.2343816703640162,-103.11279088673888,41.67756503987283,30.355643012068967,-55.39211678804864,376.15974771353626,-148.44553523928676,13.455625910969559,-111.46385502310159,5.057833357054504,12.615339137309148,20.615363158483913,316.22463732430384,-186.39615978964525,-9.526204370183292,-46.63572137888046,-62.19435059310561,-17.724700688056068,-6.906778660024885,216.6008903509389,121.6593494054893
1771946507.1203554,-27.65542194833408,-20.463609260634026,-59.27176996679646,7.208522263992636,46.31409957478361,-291.7738889615198,-76.10628529955446,1.0130578264080217,-102.60831616837815,47.41156705396937,19.596477163391274,-105.79924728429519,375.92034442616176,113.88483097666554,12.581425664226419,-96.29482055964313,0.9615471127383711,14.085823173918062,-34.076633581906236,445.0751905110126,166.6356222148692,-9.761078781454312,-52.6592930783716,-40.93176137442958,-20.667546507665726,49.925084457635826,-231.73642493649248,-102.97691083549155
1771946507.1242526,-27.55158054690691,-28.356303091076423,-45.62940316182354,24.042452440105745,75.52741189212362,-412.98396306125557,-49.08171541575882,-1.2273741495017774,-100.3160746756044,49.671877991511074,-8.237008689545135,-81.71748430207654,-91.24436196905138,-74.64384484149173,11.728459112554695,-78.79326984993122,-2.934796381621789,13.465952810821403,-69.57615166025742,-6.893538437612392,-110.14575989638374,-10.064814861775563,-57.337451644144885,-16.89047642882575,-12.924912373766531,81.17211233030818,-419.9490427070834,-15.826315853835702
1771946507.1281495,-27.40620210733867,-35.61113727430915,-28.183724373962697,32.16276068254975,33.20626970956294,-57.24932014959516,150.6423940436719,-3.4762059524458664,-96.33136260337778,48.22249142355182,-44.17687895001338,13.257122902990147,-453.74588999569363,19.07268611516803,10.899949336893206,-59.35808063844507,-6.313869353464957,8.223010168919867,-54.950464261360665,-476.2185633403713,0.6643392332272148,-10.42955838880323,-60.57391187830798,8.103211706998326,-0.6372217628197537,48.50805733911868,-109.99827832990789,138.05064653892094
1771946507.132047,-27.21568007612431,-42.04846910282307,-8.397003955445909,27.800359128308923,-54.2454357503002,376.205881826996,-161.43436695970036,-5.722997401668999,-90.77392862588236,43.11134617208076,-73.34269433467995,115.88556301938421,-251.9687131692847,100.5437932690586,10.098823193321858,-38.43548456456825,-8.917679383895665,-3.5254468391586844,4.0640137145079,-321.40466810082563,202.00662341101722,-10.846567693346461,-62.307503838740764,32.16748240349961,6.734786521972276,-36.03235534704485,350.12817550934733,-179.1710742635493
1771946507.135944,-26.97639444312394,-47.50334701131885,12.07362944375636,10.006461720318498,-114.34596325136773,377.36294358022303,129.22417773842812,-7.957655366648881,-83.78480633712097,34.67715887362709,-79.6867872868203,145.29789368143338,261.81455184828997,-254.80385037092165,9.327746570285994,-16.50822390202455,-10.568834671990968,-21.192215627303355,66.02072840282626,277.5528554982664,-365.2308008312631,-11.306304953467636,-62.513200247964456,53.509770677266836,0.8957970241730031,-110.00775502790384,406.54387844429635,157.464956343236
1771946507.1398413,-26.684768564950637,-51.83005294796984,31.518549481186703,-18.123774831259578,-87.29563133516709,-74.54006387735734,-94.20374548811826,-10.170504093919682,-75.52308997543058,23.53257120333704,-52.41351341187941,66.61948090852025,432.3036209163622,279.5132095569683,8.58916249973148,5.916188672394182,-11.183784425369419,-40.4161304245057,83.40706027954688,501.5718395206099,266.1426491787013,-11.798533331148242,-61.20226253144732,70.56372915934335,-20.574951063140702,-107.05161532894073,-35.11403722380444,-109.03611424746857
1771946507.1438055,-26.337325750199653,-54.90635064203233,48.32199333067224,-48.8874592531549,19.980458642005708,-448.6321656149965,16.21603623646119,-12.352346509111227,-66.16272510693842,10.523758811984996,8.046824974553271,-73.87437660702773,53.472007157290655,-113.08590839582946,7.885330897935534,28.317808953488694,-10.776949955107451,-53.53752087076011,39.468875002939,25.8607820677374,-2.169340662335722,-12.312419169604519,-58.42152542329389,82.10765954236416,-51.60124748353225,-15.025752140710479,-453.6181870333109,12.931128148105953
1771946507.1477027,-25.93074494397207,-56.6373168376136,61.09957301744047,-70.93734633793835,130.9212605972755,-281.0860100585693,149.63142917604554,-14.494516241382803,-55.88937139000187,-3.331277403412715,87.12486286598272,-175.07773156623253,-363.5576209273446,-92.24488701256152,7.218368646311225,50.176885105179515,-9.455561007080659,-52.465106781237246,-36.597582132210086,-479.51774959645115,-162.44994423159312,-12.836638438298063,-54.251859999396224,87.35519322287246,-78.60502881352123,104.37589463028313,-322.77263604153285,165.1018564970465
1771946507.1516,-25.461914864299956,-56.95863712731573,68.8149295798479,-72.20611621398525,154.89042210044695,232.89516173685732,-308.773414151992,-16.58892024153572,-44.89737815140568,-16.92150032279755,158.55767418993887,-154.87965036429293,-282.237698553789,264.8858022046922,6.59028873191026,70.98644697329975,-7.405908107670808,-32.97634863863743,-89.44996785428962,-287.7628915262772,330.4970183554154,-13.359486590426997,-48.805872765433946,86.01122362813037,-85.17528923453553,157.1937365080825,213.46643685478148,-327.7924799975531
1771946507.155497,-24.927986005643614,-55.83925680001807,70.86543209621993,-44.481443953830194,60.455770574809875,451.64979642045796,275.50662619600433,-18.628071971828348,-33.38689697830142,-29.13270847012618,192.80090224159164,-16.855440762131746,145.79964167598214,-435.87684003052533,6.003037222315842,90.26454397366254,-4.872531641076885,1.903951814680932,-78.72230246050353,314.7452035539502,-578.4865303358932,-13.868991019650567,-42.22491455092093,78.28886988602257,-59.021524391050995,91.8237486234502,484.65954962577956,285.73772823875174
1771946507.1593945,-24.326420012638927,-53.28328957173465,67.12962681743505,11.630633379005623,-92.44755402653367,102.21310143729221,-62.95760244914969,-20.605115280108187,-21.56114086845271,-38.94118106469669,169.08460409338062,144.53818851845094,323.6217012069307,410.34541414699737,5.458526894666594,107.56582485568602,-2.132522336367231,41.75214376050176,-10.339103311045795,434.97604878512016,388.01330604313245,-14.353025353208634,-34.67548683074193,64.88636656118356,1.2101499250823669,-53.13390298031997,144.96765897405427,-59.33913216035195
1771946507.1632917,-23.65503598869502,-49.33110186226197,57.97259054533966,83.5797936187568,-191.364504854498,-352.99624848182714,-128.54016867554793,-22.51383922986704,-9.623787427207583,-45.50307395837518,86.03510523368637,209.7985880592749,48.772264502215464,20.918831817111794,4.958666364226489,122.49216968845943,0.5324556106197585,72.42456551718392,66.59850999666227,-97.65087414787135,441.11303697936944,-14.799424844875293,-26.3451433414265,46.92598764911357,82.18198339484361,-170.9337708925787,-361.2057090594902,-141.7352031298927
1771946507.167189,-22.912053315513443,-44.0595067223308,44.20912494816494,148.12109637929868,-155.57457039939075,-326.68351024964466,274.30204895902926,-24.348684287017374,2.223486441156622,-48.23152595459145,-34.746501032503744,124.56106703555153,-241.85275118146998,-575.6162463821612,4.505383616065575,134.70210918549873,2.863638032228033,81.9628049893323,95.88262175154365,-472.24608038228877,-978.3006163833838,-15.196102104471832,-17.43799082563338,25.860169884442133,157.74305294181872,-166.80155733295186,-379.6818377779385,294.7693357298272
1771946507.171086,-22.096130555093243,-37.58102024908337,27.0284924181216,178.2604269158734,-1.668333027453969,106.8311112892696,-437.8118014618236,-26.104740323398456,13.783359308576282,-46.85414820247274,-155.03858390474613,-55.12688972842996,-138.7742955804552,729.7804960110899,4.100642981703874,143.91879948762522,4.6494689050470415,65.88474788291909,56.189622623325555,-122.07200501731272,494.70888139859267,-15.531162352379784,-8.169895358934545,3.3526440585097323,197.27776912091568,-34.82985758640765,79.26759192584811,-455.5258706774204
1771946507.1749833,-21.206400037281252,-30.0421553521028,7.887786650822709,154.3482166325616,162.77758599391575,339.09570392399866,393.3545496666481,-27.77773691226447,24.865136134488804,-41.444994437283974,-234.33051887987764,-200.23004061413945,157.87538424642162,-346.5207859183816,3.746454801787388,149.93636045703138,5.744468041275807,29.356406645520323,-22.981021260206102,418.1011592758908,308.8548476718413,-15.793017373853203,1.2364983848049143,-18.855616903686233,178.29010173455745,131.32476346510404,377.10896152091686,386.57558840440674
1771946507.1788805,-20.242497807845847,-21.62075280046114,-11.61625631451102,74.64209210284905,216.4987731356577,90.5683790145853,63.245894281442276,-29.36402642805683,35.28696315873548,-32.427163172072774,-245.92594685543168,-203.51883223986536,176.29843240276043,-273.5392541964531,3.444877220249163,152.6244300208954,6.080984444064664,-14.778443049299744,-83.59984338839449,326.92146511979047,-525.1003125733107,-15.970497379203602,10.55682781634237,-39.08463951535388,97.94935987234516,206.53583721703166,145.84483721011622,93.67068146648502
1771946507.1827776,-19.204588672163315,-12.522375879522638,-29.885402853595878,-40.45105117740309,115.88574461559742,-226.9493527272031,-600.3243600171405,-30.860560559213333,44.878010369178526,-20.544707901900075,-187.4439010266408,-60.63625531845127,-105.23531251991277,697.6886203949933,3.1980097543458723,151.9308346687362,5.67290862202118,-51.26374033717499,-82.54577150484559,-263.36366861597884,343.79811618317103,-16.05295999997005,19.57004823803681,-55.84661247470912,-22.502748455331695,130.36585527715172,-228.46567123816632,-623.1906479154475
1771946507.1866748,-18.0933860730313,-2.9758210949671398,-45.45568529084209,-153.92867081004917,-69.7261443353044,-154.4960287896854,708.9513539175323,-32.26486098673765,53.48063608090807,-6.805305164296425,-80.96080857621482,125.0976996593013,-235.35200986792188,-611.5424421975537,3.00797850982583,147.8823262818362,4.61123590799433,-68.59730158924516,-23.085038969087496,-474.75446576599774,-236.94226403959553,-16.03039561774654,28.0633441157257,-67.95935734585501,-143.9082474554177,-44.0561952440993,-211.35271134409606,707.535200334898
1771946507.190637,-16.910166509757207,6.772176903374437,-57.11884093726357,-226.15262970572292,-207.39529666234532,140.43782910342375,-315.28596645934994,-33.57498513936437,60.95253577985964,7.602111919866505,36.949354617913215,219.0318820859985,15.16308680734348,112.00231086468149,2.8769131541414352,140.5833865529664,3.052177895475774,-63.22902039070236,49.12497861601834,6.171523110651868,85.48294320655107,-15.893528150535332,35.836823351781305,-74.63303339576363,-224.16159294446624,-188.2828526436374,104.17618427975714,-300.55816885219866
1771946507.1945343,-15.656778207354124,16.462941709371663,-64.01896885769969,-231.1771753795499,-198.36506749897256,163.06538511216613,-282.77341520702174,-34.78948807461368,67.16886339825693,21.40808174946381,130.2462394011008,155.17271445701863,289.37708698254454,324.59444814192443,2.80691596988879,130.21314979314505,1.199222765391714,-39.979793315101716,81.5071684848167,484.39066010677004,223.66809421298635,-15.633910384215794,42.707909222689125,-75.52331348513796,-235.46476538258977,-195.507554536015,194.45049229413425,-302.2296139795212
1771946507.1984315,-14.33564382254224,25.832421325605683,-65.71638115289485,-167.75488660372176,-50.619170421715815,-119.47613899723628,696.7840169289847,-35.90738162228562,72.02429936753092,33.373116058151105,176.43234558507706,-16.025698203825986,160.0547367844161,-421.9766437281347,2.800023464487952,117.020541227094,-0.7189209076043848,-8.95406218538056,53.664933542262766,284.6634894433496,-402.3371724016766,-15.24401298480143,48.515350254023886,-70.74716333623411,-175.81005744479273,-61.32525835134205,-64.89680318074858,714.8184641441653
1771946507.2023287,-12.94975711828577,34.61816596082726,-62.21376688791723,-59.70824457054897,128.27586110719386,-226.3324206705077,-604.9578881504723,-36.92809193365813,75.43502778909975,42.39823232792637,172.09108301544612,-167.64878789887004,-230.02782994866124,340.9388089186187,2.85816115349686,101.31777089600233,-2.4722359836016645,19.037729977460746,-9.51323956269252,-301.2446543306344,300.8724884808853,-14.717306453182447,53.12277255524917,-60.860583972966545,-69.28915587309693,113.99010212622018,-221.40434131749134,-605.206228938108
1771946507.206226,-11.502673716110964,42.566535177613126,-53.94332099651195,54.47410812288022,211.58840937794275,65.58137153046192,88.26807575037378,-37.85141649502803,77.34057591775591,47.625513404129634,129.79873484309655,-192.26712510140365,-342.3100733800613,-212.29379586800846,2.983092311918001,83.47236318905306,-3.852799055549735,36.247915502204826,-59.322190924627776,-470.1321173285681,-90.1929727191265,-14.048335448459516,56.421703188574924,-46.800943488671386,44.74324202294285,202.43287027181233,18.156447577448606,67.4278775839207
1771946507.2101233,-9.998496208448108,49.43993258195098,-41.71706840944794,137.73065336543016,145.52878100899014,328.5748066075773,339.33522205608057,-38.677481522830846,77.70546263941601,48.51936649462645,69.61742755292344,-80.07415084676765,7.128416641704427,-38.925203240494355,3.176361689265255,63.89793767306138,-4.695428153179378,39.723077585360826,-61.101571926503794,-21.348385217416745,-99.49264569328788,-13.232785068311385,58.33399833852437,-29.799529136947385,128.2953603976726,143.9729822467199,295.36066802933965,360.31259943948925
1771946507.2140205,-8.44185404656322,55.02385332887039,-26.645888582119614,168.59160460389327,-15.509847857095084,113.94488996537888,-391.7061522873268,-39.40670052287383,76.52059768489733,44.92071057562257,10.296069186040626,78.9453142541817,375.5050828351848,326.8444300969945,3.4392353531604005,43.04398616534187,-4.893664109939817,31.093230084626146,-18.82605430952934,430.8022196895307,245.93241134222978,-12.26753880298099,58.81361753594714,-11.27241831864691,159.31784468802633,-12.135215171052598,137.61392628679053,-397.2051814133552
1771946507.2179177,-6.837878681421563,59.133525066057835,-10.03540970203224,147.24359031346856,-153.9670627432405,-328.56915575102926,293.62779709668405,-40.039734698337014,73.8043696000685,37.06862490679333,-35.94868397186935,167.21132304232768,275.4412925072701,-393.3582338920029,3.7726379294154713,21.384912500964376,-4.409685550096192,15.15019074524705,31.290230526361828,320.46009440274656,-289.1365808527359,-11.150727946959481,57.847695864746235,7.3005258504343775,137.95668343336231,-149.23378092904198,-284.04918315517943,286.66395238886156
1771946507.2218149,-5.192174415338589,61.61992730851453,6.7312400408570365,91.81979910419305,-176.90802263218433,-359.3763786452938,-205.68431698266716,-40.57745579898674,69.60335902976715,25.586844821308258,-64.20481990338884,128.07597932656805,-180.79441202832652,192.8624793365402,4.177088569712181,-0.5913846066715424,-3.277386747466125,-2.11112926282525,51.03707704894177,-170.94312071567296,180.16777686623493,-9.881772250151716,55.45688020665043,24.497928501677738,82.78614832184441,-172.46010668862826,-355.25106162653424,-192.01264225988072
1771946507.225712,-3.5107853603898485,62.374986849635576,22.31300201844803,28.110523965847047,-79.64382989019207,121.11460926588384,6.79746542465097,-41.02091187192357,63.99261596717896,11.43564444819568,-74.81614613926557,3.031715915881777,-422.8465033956121,57.56847824491384,4.652637048013929,-22.395097916133896,-1.5985209858936646,-15.480089309223134,29.403277583529935,-422.6494242729722,16.98254326440421,-8.46141155242658,51.69491217919748,39.06999970725851,20.26345911915084,-75.64635652437178,81.40958543278184,-8.44579662638599
1771946507.2296095,-1.8001588596947211,61.33576595363176,35.52213839261457,-21.61157235294414,59.2009451802261,481.92944364493803,255.78491863693534,-41.371296205737956,57.07544528721077,-4.167190777757644,-70.7983131692951,-107.33552419183647,-145.97734082245663,-169.18191804248403,5.1988014695580445,-43.5459787839373,0.46753813152572,-22.00159033240267,-11.576731739299879,-161.61194301501075,-160.93948397247323,-6.891728133010054,46.64745773044355,50.033084025094944,-26.797206343832347,62.108586927977015,454.04010273094633,262.58584774385815
1771946507.233507,-0.06710573176741014,58.487484782259465,45.417670174148626,-45.80517596912,141.4694323253902,219.25574178554837,-348.37422958969415,-41.62991960901587,48.98265283359408,-19.849729636133233,-56.13840671336327,-123.92132865784804,312.16598144562914,157.31398460152099,5.814509127317431,-63.58440339298731,2.719292211006879,-21.42262261980505,-37.04370383930952,267.53620749868264,178.81652646299602,-5.176159542966287,40.43020041391186,56.738169417791134,-46.74900661948428,141.58283882832268,241.30011540957608,-339.48626392942526
1771946507.2374525,1.681242296458291,53.86525013950411,51.37347910551071,-45.032552058080675,120.08838118915803,-339.94468088574644,243.20130429360026,-41.798186075851255,39.87121342562296,-34.20472825740447,-35.16505563524284,-46.82199728353947,393.71844746752686,-143.7938001627669,6.498042018424615,-82.08177137130394,4.9322933415505625,-15.538567274518536,-27.98734126309712,365.24596947814877,-136.824182132617,-3.319501736205557,33.18623266642282,58.9083595594583,-40.637958297669655,116.24280380950815,-297.568388960869,223.89321750018837
1771946507.2413497,3.437477643730577,47.554399433395254,53.116143674069114,-28.543015839084674,24.892445569585384,-470.9982587763507,-72.54507268436426,-41.87757185609405,29.922332535699585,-45.913549307306454,-12.446037780540076,52.45952204025409,0.2984460349681561,136.05671999197514,7.246988445761815,-98.64999253886441,6.88013011617455,-6.98828172501893,4.650575334536522,43.713627070152825,94.60002388813282,-1.327902323839286,25.08279760778964,56.64320184106493,-18.73137095546849,18.407013595503845,-465.58900178959146,-59.44707214604162
1771946507.2452466,5.193964169721028,39.68941040689897,50.73052726251994,-8.633223454177898,-69.2858409873718,-11.941150247991136,-101.92577885064779,-41.86960791740188,19.338886136130828,-53.864198431723004,7.440266239050267,93.49277739903722,-394.01884538870456,-36.02722822749242,8.058202024813152,-112.94984564182413,8.35525256736189,1.7230948323712494,30.752476902793354,-317.26933776761564,-14.296524575139658,0.7911562459738981,16.307452282731916,50.390771146251325,5.3672321804691565,-74.72000259077119,-52.80039501862994,-96.19974372904808
1771946507.249144,6.942886524989457,30.451371065626603,44.63413984980639,4.612709045031186,-101.40947949980787,447.1562107051613,232.01836778004045,-41.77586572624222,8.342238953644808,-57.25290101300178,20.658277308787365,51.31515976542023,-315.78347532729185,-113.95930743385667,8.927769322992479,-124.69802518210646,9.187757319890308,8.617909982815311,26.949661510065454,-311.572337123017,-89.15041674286397,3.0288837830480717,7.063740030051874,40.8912511438271,20.352535857508826,-102.25347314257073,412.1613696883926,216.7099185945242
1771946507.2530413,8.676301377735196,20.064048157796435,35.52406513923604,6.418538284500401,-63.68431620336083,347.4315699543033,-252.0958435153571,-41.59794620260533,-2.83154057907619,-55.65998794966401,25.3263035431756,-28.320403420507127,141.99850632570977,160.0347317348182,9.850987258165807,-133.6727283889586,9.260522137060887,12.333602897557784,-3.66539105637375,53.64084748311806,124.95923636257625,5.375219873898077,-2.4335265961079324,29.098168794341472,20.724979178902526,-59.37124167323103,365.6679070855609,-245.6669272504563
1771946507.2569385,10.386190323013789,8.788635739011347,24.302537833458555,-2.3703352429520717,3.545515169350338,-154.8492454963006,165.90448354456123,-41.337471658912584,-13.936031388467148,-49.093050759459246,22.54356753483295,-72.07656223937796,431.37840861989287,-111.59528544543815,10.822351234782841,-139.71767399086315,8.519480257310942,12.34691551003239,-33.99327144028316,365.8992403277105,-103.57601041071126,7.818881890440244,-11.963260180357038,16.085217220539114,7.4258376730532865,10.049776505143262,-103.19974227880401,165.92914444091818
1771946507.2608356,12.064514286629622,-3.082692500276546,11.98888593134709,-17.156270774442607,49.95899004278357,-441.78240711233076,-17.514939660718053,-40.99608052691199,-24.71932033025862,-37.99317330535153,16.2641297137974,-42.550541933664654,203.09315212139268,82.50701532975698,11.835554793386127,-142.74448684958224,6.978312342428781,9.340553774162958,-35.62921076953,255.71520641477704,96.51632765584486,10.347423489287136,-21.303249437494298,2.9476079660923418,-13.948890896346382,54.41177127142142,-422.03307271393675,-11.665249661098695
1771946507.2647328,13.703269273406873,-15.23426355591396,-0.37360053022018086,-32.199802624319915,52.526391256234255,-205.43194910708533,-133.3744474465292,-40.57542467283391,-34.92929605584601,-23.203291609748938,11.45819717637352,30.844807051092587,-272.72772830382695,-54.95600985608978,12.88350133095704,-142.73342571441262,4.7173619185801465,5.239690006174044,-3.5076952634885235,-171.903759678363,-73.98371517364173,12.947303566330518,-30.235340081251664,-9.29294446471655,-36.003172368132724,52.54791250883363,-246.28549101649358,-134.7344530651587
1771946507.2686305,15.29454333660463,-27.335219130238837,-11.807299876197902,-42.54688762574582,24.62350787770334,240.83886222515272,196.9532563517368,-40.077169069098694,-44.31927970424375,-5.901079986466543,11.161253637788265,78.53518152576056,-423.20631664044544,-30.636218381072936,13.958328254286249,-139.73247335652803,1.8771018374590607,2.5228530614565714,37.905340657119694,-415.61984531200955,-14.794026975450938,15.603965587540678,-38.55051621635919,-19.771184428968088,-51.98457593126049,21.120000627079634,187.56633767660404,177.52078676834145
1771946507.2725277,16.83057462253381,-39.04843572074355,-21.478602880137593,-44.756906393615346,-3.986794287672933,389.4446447949693,-151.7222208900083,-39.50299354465929,-52.653876206575916,12.498085778505788,14.136039657260346,52.042068254037616,-60.57180849984393,120.9378373420304,15.051443750113513,-133.8548482952558,-1.3530570649244145,2.994126917533761,53.05828947570548,-151.87818826407832,120.83620406677159,18.30192712353652,-46.0537550017384,-27.8422485423752,-57.0965049089596,-8.060280446178249,392.0643465670405,-126.99492893764234
1771946507.2764246,18.303810281550998,-50.03980190232163,-28.758660872874724,-36.9920770275462,-14.654227063225287,105.37743716052545,79.14101509518166,-38.8545963174603,-59.714912558324265,30.459854963516182,14.936286072226405,-31.83924162293864,380.05232824530026,-148.04249571870506,16.153576154980072,-125.27503524145084,-4.74946708746265,6.6874568294221435,24.69439903818974,327.08357565105644,-171.17428426322266,21.024879276137543,-52.568534054769884,-33.121651131002274,-48.99805192734947,-16.81773644205427,164.7477591165221,81.49025490445334
1771946507.2803218,19.706965979074326,-59.987589785725866,-33.26220883464714,-19.329604258226116,-11.257913999020445,-281.4865824954175,-29.198441509601963,-38.13369903635858,-65.30731544127507,46.461111916557506,6.8771632872319195,-101.99051752420016,358.4203013702394,120.8243015623882,17.25483566584449,-114.2234668564119,-8.071088330924361,11.516713890140805,-29.475427837357067,412.65694123555954,157.4443761632016,23.755795544343005,-57.9408811951633,-35.4988486676816,-28.21370973818302,-11.08640422733737,-238.39570379575304,-62.37827720972427
1771946507.2842724,21.033085713533747,-68.59165050863959,-34.862401366765184,5.556481091098093,-9.260797428586654,-355.28810158182756,-29.37553926375882,-37.34205309376225,-69.26477004508855,59.120384950387006,-13.409514671023011,-91.78227750224383,-104.48239745826825,-76.34876333983705,18.344787879805033,-100.98002097026205,-11.077038186817344,13.855748657423105,-67.76546887125635,-43.6439672205322,-107.82409648087905,26.477049567444947,-62.042868608313825,-35.124500229332384,1.3874652797785085,-7.974610608628406,-385.28789516341953,0.2569080457083841
1771946507.2881696,22.275601627551843,-75.582164387398,-33.68192610118408,32.15001155028094,-16.09666951005375,-34.639710335160174,117.7151631584543,-36.4814469744977,-71.45499460815493,67.3170928042619,-42.29955324413991,2.0290972453170193,-436.63233337528425,17.350027093000453,19.412538434464853,-85.86652326013024,-13.543468234078839,9.887281384629006,-56.52999912130735,-466.5882744276778,5.5383768466272585,29.170541087374428,-64.77546837024178,-32.37402806160882,32.74547160338554,-15.006754924768185,-102.59579105229315,125.2159975433352
1771946507.2920668,23.42839344190397,-80.72768607566933,-30.062827963075875,53.233381111876305,-22.529239198413844,341.16343306123673,-188.80985581448346,-35.55371438357263,-71.78446178051733,70.2892020930163,-68.63508253213936,110.35260229596446,-223.0081456040938,101.00225513219844,20.446827848826974,-69.23846484869053,-15.278567003128137,-2.574333401231481,1.310467496507698,-273.66806274478193,186.74795166776732,31.817829349216606,-66.07070404938007,-27.792239725825556,57.228237339721446,-21.969079134855605,321.80465032597135,-222.4050376390823
1771946507.2959642,24.48584704282307,-83.84224364793654,-24.519291629880666,62.43424132554258,-12.896555001401799,342.184812949356,167.17118918580414,-34.56074288767536,-70.20239996859884,67.70072770573503,-77.24010043708026,143.56438250017112,262.08663342185196,-253.72336690693004,21.436135501259198,-51.47615791219045,-16.13475524854699,-22.283787629350766,64.93191207581444,301.545299888186,-345.65670876533846,34.40027299664928,-65.89305349714975,-22.02540599470296,67.62067504254135,-12.430322852767146,397.9013768295656,185.1103012233853
1771946507.2998614,25.44291165367872,-84.79127644631052,-17.678927866250145,56.99248392134358,16.010872491660948,-73.30569368477352,-50.85112370039556,-33.504482842419314,-66.70391646721123,59.673122147091796,-55.631661495169986,64.77027802767766,399.5186406360161,275.3987984925974,22.36879149172985,-32.97556083686629,-16.017470066559596,-43.68333672823865,84.86446742074631,468.0226946296314,260.04900018103604,36.899175356256535,-64.2400794062189,-15.748147718097547,61.16110907966022,16.704549401310526,-13.673858437125554,-41.83335064885912
1771946507.3037586,26.295154968762954,-83.49622796024568,-10.21878952127054,39.155517826581836,46.25645922148281,-438.41993279744486,-72.3440576009087,-32.386956438680464,-61.33209911905615,46.77774216212141,-1.4225522541017117,-74.89535252814683,28.638278722794528,-103.11756833904305,23.23309493637205,-14.139007312809204,-14.890281655564415,-57.97790236259619,41.63108904939613,-22.65456114626257,-14.707720204548613,39.29593389185448,-61.142284895066716,-9.592687735482576,40.89893463670547,46.926598411783075,-452.3498029790016,-81.57049814430982
1771946507.3076558,27.03881562280351,-79.93764601101721,-2.802376504069636,15.34474561665768,50.5404191292862,-277.3601496245768,148.18557081131,-31.210266737556736,-54.17897327967185,29.989981577147777,73.08730291882674,-170.53404917916401,-347.47583722866574,-97.67873053304417,24.01743708639892,4.633930147437188,-12.77640293808724,-56.4853469589597,-36.563594169518076,-478.90568028065815,-143.9524606532355,41.57219255756105,-56.66221042999475,-4.087470670321926,14.485452560886571,50.71216056133113,-345.94933568436204,149.21370335652614
1771946507.3115532,27.670852372399025,-74.15668311273129,3.9766784438009513,-6.514344919855412,16.264193391837736,261.91822956191606,-184.9254558935843,-29.976606555151996,-45.385215348741056,10.609018588330455,142.33923667967971,-143.71099996702006,-244.092668505536,246.9059216918654,24.71042757880186,22.955222822342332,-9.756900387474033,-35.09123330896282,-92.59011695944606,-238.7570217588573,313.87503530195306,43.70999574601606,-50.89280627735042,0.38907292570903584,-9.055574186190041,15.79574449464831,229.29566106277457,-194.94247915272487
1771946507.3154504,28.18898933592125,-66.25493489031963,9.63961764783734,-20.239740111017056,-38.85491406549081,497.6069552964148,171.6322414848177,-28.688267040070528,-35.13855349840195,-9.849862657261362,176.0440183025395,-6.419432864550268,158.25705356549432,-404.4871041222733,25.301022082786375,40.45661207960898,-5.966078708717155,2.5663783327882284,-82.91667625562428,346.9378324644011,-569.3069079123469,45.691942470159375,-43.95513203657604,3.6355934825276184,-23.03376209686436,-39.73271913306064,542.2295250024662,186.47068570266993
1771946507.3193476,28.591756587305206,-56.392602346728005,13.853062682597157,-23.836718660285637,-75.4176931810657,79.52702923201493,-101.05421025555093,-27.347645803226886,-23.67082096599086,-29.78103015336794,152.30761590199216,143.28383595914977,293.5301895525935,406.4133329089288,25.778649553299438,56.79709804904005,-1.5845933813131834,45.32198305642256,-11.724281636122841,408.49369044611734,400.93228169955825,47.50133933604606,-35.99545116354787,5.633786630017089,-25.65701190172443,-76.53362519048342,139.44584401346953,-99.11601274701162
1771946507.3232448,28.878525372836084,-44.7850121367447,16.443449818300913,-20.136494103556373,-61.4970099991952,-468.39022461253893,-26.466855336313607,-25.957254507238154,-11.253666460687043,-47.62144821991617,69.57170180591602,193.45028869956502,12.551115848904983,-14.351604047893316,26.13333723838618,71.66953385621191,3.1691514699046164,78.49522670074829,70.35183743177282,-145.5440008635276,409.05384734080565,49.1223508071547,-27.181802267362766,6.533543971954235,-20.424449150425982,-62.923058655172454,-472.53622354109996,-44.199028372329394
1771946507.3271422,29.04953724112546,-31.697575903895526,17.395497161376284,-15.233818123663918,-0.1624148982193738,-392.6361188274647,231.25559029658632,-24.51972584981675,1.8070323995063635,-61.979334850506,-49.09821876334381,103.74551456633468,-237.5511075887362,-541.7726569851457,26.355831563562123,84.80619692502553,8.048830149838638,89.93698474095793,103.12030142286211,-477.00119243897547,-959.2829298049305,50.540145257566394,-17.70013933834082,6.61971766646073,-14.130231609636784,-1.725158160520021,-451.20692543433603,247.4068409171319
1771946507.331155,29.105926414759747,-17.439314521913136,16.836330563100212,-15.166852741363241,68.07591346772989,227.2297345139537,-384.3884508216359,-23.037819847430107,15.177965169049749,-71.7474933225289,-162.84389310076295,-62.1787322921247,-95.90876135705918,731.5783937410949,26.43771307783112,95.98324115484853,12.790878358200567,75.24228634111488,61.9130889405363,-79.52349530388308,506.22425403805846,51.741035336095536,-7.750140358058784,6.264765912379064,-13.173669098904542,67.39144251788098,195.27806963616663,-389.7626221148685
1771946507.3350525,29.04973474461186,-2.3551154468123796,15.0081345159201,-22.289017582276895,92.8637020771017,529.704934185748,252.67132973416898,-21.514429270153432,28.506265644430908,-76.19169097753195,-228.98886216100286,-183.47153180273293,185.81610513118733,-372.16120965949943,26.371503771652883,105.02396855943759,17.125800132881867,39.68846258919107,-23.54126720339747,447.8739066263576,285.6469001948479,52.71261116880362,2.4592110469876083,5.872905351001106,-19.805098869548043,94.56800462597238,564.4551198233542,244.90640580404403
1771946507.3389494,28.88391857849637,13.183070039341432,12.233044253807709,-33.37767748608309,52.24251287560824,81.82600506196722,53.65321741965693,-19.952584056979127,41.42830071179005,-75.00672835053531,-221.24829913736124,-172.59344093278563,148.46706316614203,-250.05220145808212,26.15076521642655,111.80089394158169,20.789976935816867,-4.0148088522921554,-91.13286534185394,303.33325620089255,-509.7248594139363,53.44386491126707,12.71416312791899,5.822150240698133,-30.39315846025645,56.818463677818016,131.91306916240958,69.61839679325544
1771946507.3428469,28.612346897067074,28.785850539760162,8.874409391220633,-40.93483343551483,-28.187962743329965,-468.8335030746719,-210.13396420900528,-18.35545458360506,53.57916225953742,-68.33576619413805,-141.6359687684991,-40.14360026307713,-158.760375138746,687.5591402046161,25.77018612454174,116.23661018127663,23.537908748677772,-41.17451551531449,-92.64688989470845,-305.783551814031,337.44613837153815,53.925305176799654,22.800745135297856,6.410713730564036,-37.07618820884888,-22.728965253931044,-470.92847297161643,-220.62585114375395
1771946507.346744,28.23979015978021,44.056575779544666,5.298536413302182,-37.31832883575767,-91.6991750925557,-322.1398279222345,310.7072374446102,-16.726353748824902,64.60261707297393,-56.751782087724195,-20.20196675458078,115.10164299412199,-242.32198523396383,-619.0774324091947,25.225658121898544,118.30349444653824,25.154795254822943,-61.21947549698292,-29.0873049542982,-475.12057500149206,-240.8981123646137,54.1490599559001,32.509224893961886,7.813693566595768,-32.24825904102338,-89.36428811945774,-369.1968343585451,310.9483219634468
1771946507.3506413,27.771899436138835,58.601795881012855,1.840589549223951,-19.42167443001708,-91.65333747033924,288.7771214750906,-516.9290064779583,-15.068737961931676,74.16123880831557,-41.20339826820644,97.55542392250798,181.80478958620847,73.82130964143174,134.38125001722938,24.514338749956377,118.02232586602896,25.469261788494713,-61.51689250456408,51.50068627473992,49.35766720292826,103.15167063585527,54.10896678229957,41.63837953560704,10.054823924399772,-13.381223901316492,-95.64936770018367,262.6196352786752,-513.5820143409485
1771946507.354539,27.215175510703407,72.04171040377916,-1.2224379540782062,8.91572636273169,-26.71403655188871,443.5427504371742,363.90839220779174,-13.386207221294583,81.94642326936675,-22.930438327209256,169.8597855330484,118.18203690501704,340.4337065257583,308.77182516127044,23.63470091577185,115.4599108064192,24.365851114847562,-47.176932829473905,91.16424044171232,509.6872977367783,202.95600989774772,53.80064902734894,49.99949347483753,12.996456194429191,14.771470898459738,-36.165179597624906,470.7894857501102,356.49185955219576
1771946507.358436,26.576927725234356,84.02031720519504,-3.6897752925114724,38.25059634825889,57.14464078255232,-77.44304278779943,409.7391685362065,-11.682504540119842,87.68797550318638,-3.357139774763711,175.5707816156177,-21.46532183008941,127.14839865112579,-432.24801678444845,22.586568167270045,110.72583184394487,21.796663229382695,-27.382974956532745,64.94555696277588,253.31246157304307,-397.54440311105554,53.221577292889336,57.420007661568,16.348995679150505,42.017627519223176,47.87815920262986,-36.84565071655654,423.3955231198964
1771946507.362333,25.865222405452506,94.21497785402025,-5.445153315531096,57.88464125036205,100.0357162325276,-466.8753539353452,-949.3352489700311,-9.961514966895708,91.16295648669723,16.027262795991554,121.3160916506717,-132.85236705703795,-313.25683667166163,355.63872221648893,21.371135334086343,103.96845156396101,17.791281384180305,-10.597357095608444,-3.0509415700754667,-348.3089207540596,314.25209221466054,52.37111497090631,63.74675539427962,19.69897076661251,57.6120118992485,97.96685532358357,-466.48402682133326,-957.5630382402954
1771946507.3662305,25.088820863195796,102.34513240100479,-6.455601485838391,60.86791454548582,72.07414320875048,-129.63646900218993,507.21734336129487,-8.22726435621355,92.20348911038062,33.79001340135695,36.29910876423817,-141.38248037092032,-362.244904563358,-191.4526188750853,19.99097428986422,95.37031344615185,12.463931023818146,-1.1720431589212623,-61.09400698896306,-465.9135295894551,-103.10872058617163,51.2505472010489,68.84873342273708,22.552958817150728,55.50247355874433,80.1182247255861,-166.62325775864562,499.7826024708968
1771946507.3701277,24.25710715273728,108.17992101996583,-6.762000320002837,47.11872145750147,-5.171045731528793,412.0209703829591,283.1197511783296,-6.483917912090528,90.70324676175098,48.667923415374105,-41.85894922094398,-53.30625387223018,87.68218825206138,-66.61412601436713,18.450024844834193,85.14308893696156,6.016724988039447,1.4131725073620163,-70.12885138011396,33.4574897710847,-95.05822455206642,49.863092673024404,72.61937197787721,24.392928095143297,37.202391556991394,8.637854429269694,387.5002592177357,298.3199295121539
1771946507.3740249,23.38000594227058,111.54450150137399,-6.463357007350143,23.172817492168768,-75.48094753539061,326.268682027503,-526.4989769738817,-4.73577841894538,86.62238095463393,59.662682855411234,-83.20786117681489,57.52652197287972,451.22214821440406,278.36024651647335,16.753571008227397,73.52222111407814,-1.262116764098288,1.0538929345294432,-30.96750995400112,464.20204914745125,232.74855350027772,48.21389793663579,74.97828198305706,24.737329629131228,10.873782660988171,-65.18172503126897,344.1554519046512,-536.0390101425867
1771946507.378026,22.467891032004406,112.32488873060304,-5.697227147980278,-1.2352218128556403,-89.79409154627704,-262.5247411984199,367.688721513615,-2.9872840231931623,79.99068560807574,66.11086088765819,-76.5595242708821,111.28893845887121,237.97625120720554,-299.2172610126957,14.908203036860609,60.76141069661752,-9.006000086916893,2.4638761060954137,21.221152740989734,284.77002355936963,-270.64631957874974,46.310014087007495,75.87247126354538,23.201601743906043,-12.865070990988356,-90.49756582916919,-227.33099380545235,366.89199053533144
1771946507.3819234,21.53148524274808,110.47118478565255,-4.61885681033771,-17.919762770058078,-41.301051188695546,-472.9735000855387,-251.3572440375207,-1.2430053945857653,70.90884444552617,67.72353347201872,-31.781041677795738,80.79970772342193,-283.514384918137,217.41181267978902,12.921765838074968,47.12708077245074,-16.78422110262312,8.729180746187502,47.754390138319444,-233.01427810146598,200.77743760141328,44.16035591967736,75.27703439996466,19.551701541392934,-26.177853739103707,-52.76714903143622,-465.51680893469853,-243.59880712315015
1771946507.3858206,20.581752607468452,105.99911474747333,-3.3814776792474968,-23.753369473274518,31.86706024924025,9.716828856609302,76.72837267735078,0.4923579684930534,59.54766427144413,64.59332487194862,26.455846703522777,3.335971691141854,-447.3832733881514,-105.94871286187026,10.803294468916208,32.89294429898244,-24.122833597480156,19.80030995061159,36.02685632622399,-431.81354892532846,-45.19950094968505,41.77564389763744,73.19533253756236,13.7448556956628,-27.447015721849937,17.729470460946764,-19.16289151554349,68.54756088484754
1771946507.3897178,19.629783970585496,98.9898311639814,-2.1198026648870845,-21.151011300977004,76.81674019318673,485.79193268235423,242.45409667558462,2.2139826206425597,46.145258819914325,57.16960338299979,70.06767053564506,-57.35643942036198,-59.26678496912618,-101.41201547371966,8.562937671150774,18.33478400946669,-30.531560116839824,32.41940771013266,4.683430013369509,-104.14304055632527,-138.96346535052396,39.168329490250926,69.65868853521489,5.9528657303321,-21.092932274627895,69.73468455833064,458.095963358124,247.79474608062748
1771946507.3936152,18.68667721339971,89.58799748618027,-0.9382057997761488,-15.643175655042764,64.86536863363892,280.38703620831114,-410.6465797491979,3.916927646230503,31.002212341947544,46.20534781155353,79.24576531455872,-63.025234596664724,384.2460089518139,313.17277205737514,6.211870557185321,3.725537545447066,-35.53549935186167,41.535267468314146,-16.965915644242422,322.6221041401317,241.0183426909124,36.35250460825461,64.7256286490928,-3.4350985091162767,-14.15149740692831,68.62208926304383,290.4911008787024,-412.78975489312165
1771946507.3975124,17.763413419135567,77.9982073556703,0.09560253788030655,-12.338512167814644,10.069659254028961,-306.48240301569854,287.3801585308927,5.596143167846149,14.474816236247968,32.681545722378,49.897486838395935,-24.697942953032065,351.5685468444021,-298.2623337674132,3.762197677996077,-10.669238584186795,-38.70971612495752,42.59917274786275,-15.358063928082101,351.72322305623385,-201.36594165074786,33.34379600678247,58.480705432661004,-13.831369259945712,-11.884191900263003,20.000587840153543,-270.61899475390504,281.5881956291875
1771946507.40141,16.87073041370714,64.47984220388498,0.95130262599673,-13.379635928242887,-44.782231276781395,-468.5815404021464,-65.77709402276491,7.246481325972997,-3.0334657657401776,17.716701140319458,-5.8229496325536285,16.063626390710006,-86.67001108677212,65.24318959154002,1.2268477762968917,-24.595472979546525,-39.71423288316762,33.6185254085003,-1.776940556813939,-23.474650531400783,77.78777218324605,30.159245705711374,51.03293897656548,-24.489404891438785,-15.004262494081333,-37.02072926315854,-455.57188376709735,-51.90317331600612
1771946507.405307,16.01899525696557,49.34051273936582,1.6316556739880883,-17.44127279123005,-61.7110875217615,-14.373689726928552,-101.81482378070906,8.862710191492347,-21.082089175818464,2.469991134928005,-65.64182711849085,26.878625226370747,-398.1658418466092,127.48780547826134,-1.380538398603475,-37.814217570667324,-38.32654298698033,15.988148972170068,2.3947073399888015,-361.06590378487573,44.01010797237288,26.817178675684687,42.51391508392193,-34.56123821112033,-19.791261632477045,-60.437834725244336,-45.60082066936557,-107.74169525724413
1771946507.4092045,15.218077357523551,32.92826808291888,2.1642590311897107,-20.96624679813147,-34.18919256981545,433.4169512125002,207.26354952907224,10.43953111518284,-39.20480830047576,-11.953241470915831,-106.86747491497975,9.554724918435825,-240.52054980073012,-133.64042547190317,-4.045725748646337,-50.10480395734997,-34.46860076173941,-6.086118783585612,-10.733803343583672,-280.9276301456276,-109.12732028249494,23.33705920460995,33.075578521557404,-43.16804002465375,-20.577628204349185,-36.304403591624734,398.9055865755279,194.29870666002085
1771946507.4131017,14.477223909715448,15.62278781213897,2.5908305916644054,-20.156343472020822,12.000450131899878,314.89971778043656,-244.449288881495,11.971600032217687,-56.92202904278849,-24.585627041527992,-115.23740880131979,-8.458051378706442,178.89595721928094,65.39486561178339,-6.754006422832311,-61.267517480607204,-28.225365263050346,-26.976275297124648,-25.932932568634737,125.45162418003751,106.71753207677071,19.739337457699026,22.887756683058964,-49.47772116022675,-13.026558395159691,12.667816534508658,329.739355962499,-228.4129613197577
1771946507.4169989,13.804939330707526,-2.174203135677458,2.955649809405931,-12.82115469055423,41.54778817102208,-176.27197153445752,189.86586731807705,13.453553178778577,-73.75378518794562,-34.66487778984793,-89.34676255302024,-4.358229495850874,380.4054855757606,-68.53967090730933,-9.49032381115377,-71.12580300765426,-19.85241172868158,-41.12437244011749,-19.24898198127494,396.20860056585707,-87.20132749641883,16.045287796102258,12.135444882495273,-52.78266590860803,3.390587440228121,46.2526048875615,-126.12061697628707,191.2544680521357
1771946507.4208963,13.208870358578556,-20.04903827245668,3.294752821395294,0.49273402832138924,36.540007084090256,-419.9718965225884,-51.694344181683896,14.880037546445392,-89.23296541751613,-41.679127937659175,-39.56312298662656,17.363604222010782,147.98740791130103,100.98727172852533,-12.239397456500873,-79.52802893775365,-9.770863426425286,-44.405602298898586,15.934592897517026,207.724461275042,83.4524481563816,12.276840473751534,1.0158807979041355,-52.57047042235429,24.71269423717798,38.38001462492907,-406.38258114977515,-67.74932006938263
1771946507.4248862,12.695698469292346,-37.58646150677291,3.6272770203536453,16.46032370383482,7.075127561813064,-156.262709450884,-103.55515088745838,16.245746245213613,-102.91840706239437,-45.38802724862502,17.13368900282502,30.166224158748342,-251.99031745867543,-50.872075176105106,-14.985847485667323,-86.34884520951756,1.4511186037980361,-35.48208158359084,55.95525813068002,-240.59177753814492,-56.770464596568516,8.456408405504297,-10.264566767083458,-48.58097630497842,43.8697816185478,-2.800912185246559,-207.992215983759,-90.44214587297174
1771946507.4287837,12.271041243822914,-54.37995197958461,3.950005262005597,30.132729032810957,-20.393416379412994,266.00873909168314,193.4943937867313,17.545458810022854,-114.40747253409933,-45.8194662689683,63.68455965525864,12.675877668962409,-365.97550254349187,-42.95571665381578,-17.71431722519359,-91.49017598682086,13.129905092107544,-16.975063734356798,62.31245924583897,-421.22929432363117,-11.223451759333637,4.606710758882647,-21.49367095973435,-40.84392042176738,53.62980168677453,-41.662546533258215,216.259749042335,194.20013943127233
1771946507.4326808,11.939364229525351,-70.04175023671037,4.235713562218158,36.8834685371817,-25.52976018403826,360.02936369156487,-202.7354340379459,18.774086366269913,-123.34773557185126,-43.24403367807231,88.39589180020494,-27.810044289935146,-51.46677685105164,86.72447303943392,-20.409592724045897,-94.88188841271021,24.509439276106704,4.337924817016132,15.872909047017345,-93.91392260845875,87.82533981758581,0.7505951282556982,-32.45675878341439,-29.69309144782222,49.84957459947132,-43.67719248607454,388.0959466528149,-213.73842753731202
1771946507.4365785,11.703904703276518,-84.21232581884543,4.43543578370503,34.23444719976525,-9.013209354011742,46.288150334956335,146.0207706878929,19.926721432859793,-129.44742741502915,-38.13119332569629,87.85563077629105,-57.89786747744554,340.78267554579986,-104.9631128068599,-23.056717992540865,-96.4821764917023,34.81300450063456,19.198377621103866,-59.150469478438076,367.071212047843,-147.03110424942756,-3.0891399903693446,-42.940238750464104,-15.754860329465588,33.38197471076956,-4.082175556738149,122.16839392465627,158.00804418747106
1771946507.4404757,11.566608603324879,-96.56904446130662,4.484287885281249,22.67103055138638,10.855492858429484,-308.507796681101,-17.214224100460513,20.998691971951573,-132.4843274551876,-31.092560686166273,66.88566455692286,-46.06471545561162,337.2945605416591,126.61511242833681,-25.64110490267966,-96.27769457768423,43.29998312529753,19.45663762705175,-106.03862969038721,391.21903864832666,158.51179732657977,-6.889920750795968,-52.735219031313136,0.08883981219821216,9.505019796551004,46.092038373313386,-288.21681149420516,-28.399765842393442
1771946507.444373,11.528081776101722,-106.83381658812638,4.310095951636022,5.226916250279577,15.414860799439525,-312.7966010357166,-121.84081383745145,21.985619122614413,-132.31282713439816,-22.818445410668627,35.869344430084766,7.518326875997693,-90.78978443404421,-94.61244771043278,-28.148636848304843,-94.28346789958901,49.32316036806299,2.2979893710840984,-78.34168612498841,-73.22700682166567,-102.68774001046468,-10.629569883126555,-61.641185914756534,16.76076390080045,-14.871994386817475,63.00381064799688,-379.64414531742864,-113.2041041585504
1771946507.44827,11.587556557263369,-114.77953762946727,3.843779083944047,-13.616683264573272,1.7926574232133796,38.529835888662,162.36532694004148,22.883477922093466,-128.86894758976035,-14.013962442551545,6.484073315747249,65.92449360814216,-434.4544632504716,-0.4647135173317034,-30.565765390005406,-90.54259767121098,52.3817921578393,-26.97271634042252,17.545117491856,-455.34519646397797,5.7491313313117915,-14.286473364665312,-69.4697053845562,33.06742556752019,-34.557011444794654,25.848391193932937,-28.185749482066203,170.75461620852593
1771946507.4521673,11.742874529247523,-120.23516514592316,3.0302658387580124,-29.008596968571805,-15.291065552829332,358.1739089598359,-118.89811884002792,23.68866022506034,-122.173149265854,-5.340527148128487,-12.587203393087783,82.02314993233465,-237.87547912476091,98.17882863923305,-32.879599204178454,-85.12576629882669,52.16575359958792,-55.35471395296582,117.42027927253503,-267.87410832208445,124.39138535563396,-17.839740268559883,-76.04810292797202,47.79082265577014,-47.942968902398746,-42.45528429187864,374.91892133183694,-147.0404935958294
1771946507.4560647,11.99048606263649,-123.08931706897405,1.838678887284726,-36.57007098968792,-17.19519544349795,272.440774016479,87.92886693891076,24.39803893862836,-112.3308346995671,2.632463356039243,-18.379548757800265,36.83281233134795,287.2165481572332,-168.47287209419162,-35.07798475702916,-78.13053587418861,48.58662172915508,-66.32025737779857,142.56484019160493,252.96374217309943,-262.4760950890201,-21.26935434555442,-81.22306911326142,59.78538683537946,-56.36316767952017,-88.54336183913196,342.9052190417997,110.73384037039541
1771946507.459962,12.325466994617976,-123.29231757343335,0.27060928023038927,-33.2972271522884,1.1790449366545557,-149.49167891755076,-69.23974168829828,25.009032568352595,-99.5305128273122,9.462357423319348,-13.937484607948926,-41.60379486243744,462.83867134493954,196.22147094929895,-37.149578266135514,-69.68042227909635,41.7924880999642,-46.71073517754601,62.01675808347206,438.6571571065526,274.29210345481204,-24.5563160412849,-84.86413073411674,68.07207880932191,-61.53949296226698,-69.13089483583356,-110.43187894390101,-77.00935822182613
1771946507.463859,12.741552565830927,-120.85666006987654,-1.634490765761379,-18.708095443697786,25.22727058936143,-421.5513016626192,-3.9142776843416067,25.519668937051218,-84.03966205894109,14.85259583303108,-6.3704003982962725,-96.11657463589775,22.935548019261635,-152.56153037645203,-39.08390867768966,-59.92371835110396,32.16457592786047,6.049066882760897,-75.64244174039958,63.931219697052235,-105.13385053967879,-27.68277378280162,-86.86691903814422,71.92159684779924,-62.86542886225399,11.225246543747852,-439.61250470277923,3.0285180525349786
1771946507.4677565,13.231188523368653,-115.85589947082325,-3.7974676602875714,4.194424443428144,31.9343796137176,-184.22132683411755,128.86711346689827,25.92864684224096,-66.19839684124803,18.656554858380392,-3.610172441135852,-83.26651380980877,-469.2949522783499,12.622669702742558,-40.87143152631621,-49.03203231976824,20.29525467472955,79.66525525722524,-171.19599707493933,-360.77963569999486,-98.07392931986452,-30.632143484139156,-87.15615841374478,70.91941685954842,-56.308281018202834,96.7972293212756,-226.85008792446226,147.89521347805365
1771946507.4717364,13.785599064857236,-108.42202800441596,-6.101498804109981,28.964400127064394,10.170124485633393,311.1910093139925,-218.14805792766077,26.235394378091144,-46.41110606196405,20.86730631295153,-10.969521957169524,-8.306820090247662,-333.81409271682503,215.77443964775452,-42.50357363278949,-37.198502325394024,6.948670488911412,148.57592886026444,-147.71233520071166,-286.6820015669511,264.473527894071,-33.38921535975395,-85.6882925151579,65.0067790533201,-35.86977664719356,119.16158881696832,265.9944688922335,-299.21324467432976
1771946507.4756336,14.39487102742102,-98.7414297574874,-8.397955455895033,47.23997125320174,-27.02376882262261,439.13933948124753,193.09952466637287,26.44012263165402,-25.136290307977827,21.595984451771898,-28.503434338118975,76.05491102420102,267.7761989585758,-380.80408351975774,-43.972768664918185,-24.635645697160502,-6.993213858910138,182.42114084112148,-12.909793785468219,140.65085390966186,-429.85145281370717,-35.940247319810894,-82.45366140360039,54.49366640759512,2.6665673555930263,51.23744391318904,411.26119833757116,267.372449455886
1771946507.479531,15.048053446539416,-87.04954702867313,-10.515710447854627,51.41250029464631,-49.99283760730319,-6.96992956258045,-78.71727818430976,26.543873431628608,-2.8748778711195406,21.042325541781615,-50.15700694123724,107.84240286052126,502.2599104803865,278.3266622852181,-45.27248368452024,-11.572804384318422,-20.595012049752217,158.97040370974057,139.97963240402527,320.7789134631081,406.120400628302,-38.273044425935346,-77.47814286629804,40.04213007848973,57.18665032176567,-65.49509388793369,34.608917521228655,-39.41361044324569
1771946507.4834282,15.733271373888266,-73.62442429133971,-12.27320139446787,37.47476850020634,-35.83954267967003,-470.1842344573728,-56.9008025376436,26.548559790923978,19.842655320349063,19.461368110189472,-65.50974600830028,62.50281165596701,29.05805904144459,-10.65674916287676,-46.39723692662231,1.746844285428963,-32.93756741797202,75.9212216970119,198.20708416585904,48.62807421209154,19.870439964995956,-40.37702405838802,-70.82417297210394,22.620819956211534,116.3017219952677,-145.98785888170698,-354.17747114691934,-158.66164112117139
1771946507.4873257,16.437852665708064,-58.779321943993544,-13.492317920633694,7.038385929816402,10.606243425886527,-315.7978618646118,209.0267214966371,26.456997694041725,42.47000156266061,17.13026881597297,-64.0713733696531,-27.830406784339107,-480.56272162279885,-164.8199504833468,-47.342607152678866,15.069730743899607,-43.18712492569345,-44.72440803072244,114.59474058611313,-237.58418855352076,-573.161258818213,-42.243266565805705,-62.59106516035458,3.4340604189444566,160.48733667374458,-124.32257602546693,-254.44299548784258,249.86403040224207
1771946507.4912229,17.148466298223127,-42.85461232315033,-14.01302428230465,-32.19536283078678,56.58333596522388,276.2959758295633,-316.129365683525,26.272927968315017,64.45918960610229,14.318744186124542,-40.5981912743398,-97.77942422489728,-290.6373779264957,340.88170111878765,-48.10523494805083,28.13579515185974,-50.65821927115296,-163.1085731745864,-53.874545453812566,-130.87327049253543,727.674982914806,-43.864551271688214,-52.91455499153506,-16.16895562586094,168.37822920959792,-7.41769990205515,154.6862552192883,-356.7976593302617
1771946507.4951203,17.851270591921164,-26.209185266381493,-13.707571955966085,-67.94420116097366,64.78753739166953,494.6424241933181,233.43978951782427,26.001027113690842,85.27481059096884,11.265866200131146,1.2301329832122985,-97.27154129873574,316.76102007673103,-585.4528761011622,-48.68281632115854,40.68283593035351,-54.86494606699507,-236.8915624124117,-185.83337355151127,161.14327715604642,-343.1370657962656,-45.23537784577802,-41.96551053135456,-34.79750940558494,126.5181560244655,124.04321814733886,297.18657003250024,363.185183855745
1771946507.4990177,18.532069538407733,-9.211599441059224,-12.493197318253955,-86.90838446929396,23.515920629263178,21.343020136820446,-23.933089539935928,25.646906091782327,104.40790664804774,8.164920578929015,49.06784495070836,-28.295536727604365,443.81326450875537,392.162870604036,-49.074088972862455,52.4512715175803,-55.556261483794,-238.85930599414957,-185.25765668824684,166.74306824586154,-275.552991545752,-46.35197321394026,-29.94776626870767,-51.12674609170278,38.11937818379502,172.46596708553676,19.149431079268048,-11.463475877106617
1771946507.502915,19.176475271424934,7.768782561747074,-10.342318284439914,-79.6837834204255,-40.76162655054746,-476.19812226179675,-132.02462326005053,25.21709618038051,121.38913733219853,5.156908154875459,86.43796337487974,57.71270921674467,-90.94852614439121,435.74845290958746,-49.27881167698004,63.18925707956417,-52.732363476403954,-168.5489583161582,-53.19818535850731,-120.71397261192581,693.8251930234655,-47.21228432861668,-17.095060155559292,-64.00020861746094,-74.30673231334228,97.18605099821579,-231.5161078793639,-521.8726842822457
1771946507.506812,19.77007463818299,24.370443349809417,-7.2894192379236875,-45.23709139351586,-80.56061830023326,-280.8380192879687,337.35647979396043,24.719021135736238,135.8008607464111,2.3321740868290743,99.56352245463536,99.03939745734779,-480.4544898914513,-983.6457295451908,-49.29773733524812,72.65807055984116,-46.640909483301584,-52.34685945423746,113.37994058357471,-236.27863486665845,-604.2572123208533,-47.81595721856158,-3.6670775826507063,-72.51897097126214,-175.1852057937726,-51.56165414056449,-95.27544596677909,722.7263522679581
1771946507.5107095,20.298597781812557,40.24792484827054,-3.434031717951381,7.373853384068796,-63.06439605179765,316.42626273923423,-601.5336721061651,24.160955119190497,147.2877998322103,-0.26128343087560635,83.30156250284573,69.02775921819719,-141.94027171878366,515.022733583848,-49.1325804106044,80.63765493734756,-37.753648163287785,67.97009872690401,194.56039421903085,36.79608801146539,107.81850416820102,-48.164302806201285,10.055367132773101,-76.10993878102964,-229.2341351149479,-166.9536618658023,177.58239156627042,-375.18854640807467
1771946507.514607,20.748086592936897,55.07940618243919,1.0605318148011467,61.48865596709685,2.896072906278401,429.1923296855763,389.4669858663022,23.55196611739794,155.5660083455154,-2.6049515735084126,43.45704027200974,-6.422565967906269,411.06680118986543,301.60172852134457,-48.78597956837679,86.9321782842281,-26.725797823779637,152.74709267723972,136.10653771225304,310.02599403651107,324.6853912801072,-48.260250078513174,23.775951371294745,-74.56766781904322,-216.16955537731428,-164.2533589425029,137.7679468974715,-256.98381897324856
1771946507.5185757,21.10506082662643,68.5734666013078,5.972770327704707,98.92942287102922,70.74559372321502,-103.10659421218155,453.4585693405714,22.90184485966235,160.42990279354623,-4.694887203475463,-5.570442556864872,-70.86080695816128,348.84110088461586,-548.444065712618,-48.26145643344335,91.37545254448555,-14.342010386964185,179.80890913203612,-13.373579177109631,148.38904288421978,-419.00026500833326,-48.10828734824159,37.18917418326855,-68.06635153676402,-139.78938397253827,-44.56965583826187,-158.7849241994173,701.9420372862171
1771946507.522473,21.35667966520667,80.47488227854748,11.032739695659671,107.08637921281826,89.8181819355018,-468.9561434632948,-979.217897567217,22.221019500217423,161.75718417410818,-6.5272918957671,-46.788937024912244,-80.26156712536147,-234.92538048899598,363.7535936761578,-47.56337137212747,93.83603800658945,-1.4538646062890475,150.93827178463292,-142.86534718885102,-266.77585289193684,327.61069532171024,-47.714392531371686,49.98726955093213,-57.14123499845528,-26.885972855830722,105.35519841878187,-228.6547158719957,-612.6402009671294
1771946507.5263703,21.490896584588143,90.56933862717479,15.935555744007768,83.82191760777724,43.93295811078906,-112.99422471859758,490.4721695999231,21.520456618731927,159.51153566279208,-8.086853026209338,-67.55760298294837,-33.767406798297266,-479.1108767605711,-221.6539054511952,-46.69687712039606,94.22185451039638,11.085567376646276,87.53287442542207,-163.26056927831536,-356.5264525490828,-187.8990685210632,-47.08595356464331,61.86754492813704,-42.6413777954858,83.71308171668717,177.64445393355732,86.70982378030997,106.26041476843437
1771946507.5302677,21.49660553202692,98.68697623274177,20.358066733195027,38.0796013663511,-34.97530790762357,419.58267747108266,299.86648053168204,20.811549392009827,153.74304738816596,-9.339592053128094,-64.2500785853873,29.715785453953963,-31.5395742590045,62.81150451815786,-45.667870942114114,92.48412229926542,22.484479658861666,18.836743536472845,-70.19150681770675,41.745099700361514,-41.30521080666601,-46.23168026261387,72.53995879034427,-25.65815829015698,156.89114831766153,123.0083762793205,336.11932543637846,314.7268497480918
1771946507.5341651,21.363776590288367,104.7047260894198,23.977933994513972,-13.96300073827527,-89.63309662602562,314.33002557297095,-511.9592967965886,20.105994049786624,144.58638396596842,-10.23124624321528,-42.57757085919428,63.775783219967884,460.612511162956,219.19464400434882,-44.482945878302594,88.62046387891327,32.06728303981977,-30.904439689840626,59.99351535220751,417.9642484036796,274.6838574369683,-45.1615090344312,81.73472869730293,-7.435950789626092,174.4805184279203,-14.67829890690464,107.54825040329422,-393.3026368279102
1771946507.5380623,21.083579475741445,108.547426956462,26.494200959322363,-55.468885864078835,-80.02734011399006,-275.5252985437611,346.4638300859899,19.41565592306261,132.2567721586776,-10.691408900595102,-13.84442744799917,48.991160366013695,308.6087142548062,-390.4724189479675,-43.149341570064124,82.67701262931335,39.317529192989355,-50.6869127235719,132.9816482845567,265.06937218264176,-334.6043551403635,-43.88650191466511,89.20974719662341,10.727174100311863,140.23608309825266,-133.8872051331567,-327.4293454020666,321.46952994895184
1771946507.5419598,20.648493427242,110.18775381058732,27.648291458824374,-75.35446838773342,-13.466376733210733,-465.1779045748291,-250.9377631893092,18.75242656355559,117.04394416281305,-10.64285375999054,10.534708646308927,3.6461801238783513,-258.6578756610755,306.13115270053004,-41.67489507059052,74.74939483308502,43.905862115331814,-43.94278691466907,106.19560477627672,-235.92666976549623,222.62758468438102,-42.41874130157908,94.75757789356621,27.58019980931526,75.1891275668491,-152.06778810419746,-352.1095296040705,-219.16754641684054
1771946507.545857,20.052402282875473,109.6450202500425,27.244260817423307,-71.73853344120721,61.024623467806485,32.71173562666462,95.38875448745257,18.128073606687103,99.30422626906363,-10.014753453844374,23.44089274419429,-34.86979308799941,-464.294471478566,-91.66081713258458,-40.06799195750372,64.98247990732966,45.7015441325672,-23.76298210187346,12.971593053015209,-447.3302102940832,-46.12642407600174,-40.77122168048711,98.21180772833614,42.01294491992005,6.7377701512169805,-64.33520229156811,116.81132348124487,-6.731406160902685
1771946507.5497544,19.2906737615218,106.98294710696622,25.167029784091444,-51.1296588978858,89.69893095925993,492.62213335524007,215.97268561433717,17.554085263247714,79.45101152216908,-8.757948583651702,23.712902780577707,-40.55679241651084,-59.34716673074602,-116.30900024591494,-38.337517916519644,53.5688281818951,44.76766524697136,-5.334224059932404,-71.77435300138352,-101.93910697113843,-130.6807402179811,-38.95773950540322,99.45254252367538,53.13530319768645,-42.776870237332886,58.55631928146137,468.0976413704223,265.31050202715767
1771946507.5536518,18.360222146481348,102.3065132201239,21.397275943434355,-24.27684591091587,54.000607114371775,253.63299753305594,-393.71679162950136,17.041511503910286,57.9438960973531,-6.860100053779844,15.09568487555285,-16.469469066751987,398.78681834152513,251.8583733311696,-36.492810840436775,40.7458043596943,41.34160944315996,0.9106915448536236,-91.74764361116378,364.3862455353482,239.3393738589499,-36.992782343476684,98.41085048116226,60.335858916240134,-63.14175558546094,127.53419230370231,214.9663578179501,-338.61322963218646
1771946507.557549,17.259553752594055,95.7580228115449,16.021669696055707,-1.1652591062103288,-17.0214301243651,-338.68848054807927,305.76218087092707,16.600804109537243,35.276790592350245,-4.3585011270056295,3.6090621344219027,12.463140088769013,333.56385970658187,-269.45037116109614,-34.54361341186351,26.791365696738968,35.803573494334046,-7.1119612221599295,-46.88860138175919,378.0979252470215,-226.31397503425669,-34.89141831427835,95.07198306336936,63.3157752149445,-57.112116296668354,101.1101891292933,-330.36046711808666,236.78063582204172
1771946507.5614464,15.988794792852316,87.512537986903,9.237252774981895,12.439740668076825,-70.44894624636188,-460.0606817490214,-113.54572194598782,16.2416578184072,11.965339111095933,-1.3485360925501384,-5.322341920670643,22.64110964200931,-133.16437937394065,167.37078651606953,-32.500026098093265,12.018575981956424,28.636807086691206,-23.723769943397723,16.76543222175909,-62.01025498790827,117.85819522834673,-32.66918673355559,89.47723504781911,62.09614061691148,-36.157606272332295,10.197998689902578,-460.4604922165071,-85.28014888577445
1771946507.565489,14.549701531439577,77.77283408248024,1.3489817384828864,15.895186048656111,-69.95544877342813,35.210561137724135,-76.5111368467037,15.972854854489505,-11.46600841405096,2.0137844320176144,-8.915736091185344,10.540652626591003,-408.0524596572299,3.0985063598236495,-30.37246043668074,-3.231060769508906,20.383708000503535,-39.39306069058756,50.11710105375455,-411.7285648877883,24.46042336026875,-30.341990708562484,81.72434431352978,56.99933288803352,-13.907663825612124,-72.72899248407855,-6.670864834473636,-86.54989835847701
1771946507.5693862,12.94565285965243,66.76403860430517,-7.240204454185673,12.504600728589116,-21.40526206522554,465.0011182107266,234.33502042523313,15.80211517863621,-34.49692163812292,5.516157393297544,-7.58950031609442,-7.564130131451238,-183.2325023713867,-149.96360169976705,-28.17159241508806,-18.59531049721508,11.601943026740335,-45.737971204370474,38.623632839442365,-261.5482952826544,-130.94940852238477,-27.92599228432849,71.96637465265036,48.60719168413563,-0.2529303432159615,-91.43756797117342,448.6647429212333,234.0481764120249
1771946507.5732837,11.181625628855658,54.72811090816571,-16.046992879230448,7.353294739289931,35.08642171433247,280.34227202394726,-289.6510252615999,15.7359548269712,-56.62377018182701,8.901391928327422,-3.9251125478388524,-12.469886694546991,240.88120808628756,195.04640764571852,-25.90831568230171,-33.69978692579775,2.8243911555764076,-39.130871406394725,5.867232759091057,188.9612561261315,150.2395989022252,-25.437510639223493,60.40906949963153,37.70067788150263,1.7636241753026096,-44.51454467574342,337.3183625558444,-268.0390620188219
1771946507.577181,9.264153249889292,41.91831076044734,-24.532647085202107,5.062411222542828,58.346297456271145,-244.1056777338169,209.11036560022887,15.779554647160436,-77.37153284980937,11.88529400190338,-0.6801591068431698,0.28507465372894847,363.24234201717803,-153.73662276636716,-23.59369431721907,-48.16718616974886,-5.4740224152079735,-21.473284068901403,-14.258082815575817,401.25526031054716,-114.75759550790596,-22.892923747686417,47.30671014247741,25.1870834213047,-4.497789690798026,21.94674969774746,-180.70478180998307,179.2406644981682
1771946507.5810783,7.201268266866288,28.593791276323532,-32.134360795488575,8.043184819436167,37.149749246056636,-437.0583311233202,-38.269110737480105,15.936641621487635,-96.30473577375815,14.179684787247627,0.9147921183867079,17.033994290762305,61.263645251640355,79.2068892719606,-21.238914916734757,-61.62693904292594,-12.900515916791957,1.5634745346576207,-8.853226337871135,138.73796696349464,75.08532099983891,-20.308573821968903,32.95655834401223,12.021642069628758,-12.469631058107478,56.25694386313179,-455.2818168733667,-21.398510925728036
1771946507.5849755,5.002429834876123,15.014436260624018,-38.301446221283136,15.700950759067439,-4.901086552626562,-91.7021430369675,-135.08442970626746,16.209384821978023,-113.03715331383052,15.518574553925093,1.5097846258348753,19.003649710551397,-303.3582196324232,15.191749721285593,-18.855237812569534,-73.72502036729847,-19.158688749541685,23.321024462469087,6.389701022840868,-279.35667129705706,-16.84402897633243,-17.700676708660673,17.692008951872936,-0.8694677542635885,-16.341976465098117,41.08909004978676,-171.84171380254568,-134.63650772348237
1771946507.5888731,2.678437227853998,1.4360434323536828,-42.534198682603034,24.865815773600747,-32.27175910203775,341.3995703137072,219.76341866776963,16.598307906062793,-127.24004505947637,15.685075909143471,2.559279731839108,0.021657922554279122,-310.69174173032377,-91.77979726472287,-16.453947246671003,-84.13363964192762,-24.0529355844546,38.45531193375873,7.10259130847769,-364.83635395971095,-54.016163732775986,-15.085235293643775,1.8746204656351704,-12.658235155681767,-13.697981365138814,0.7665687622412096,296.62911544351766,207.73854656128177
1771946507.5927706,0.2413306374873658,-11.894066522255704,-44.42279919925466,31.261059443407145,-27.452879964450705,351.39717726129544,-198.05998140482805,17.102219909900455,-138.64874682895768,14.53643780043571,4.811172232782722,-26.41855853304239,47.888676057169846,103.88120813863081,-14.046300346135794,-92.56053030601515,-27.484146199199227,44.13765215379114,-13.064357781522245,-19.298134521665073,91.05169674587819,-12.477956899981487,-14.114771678391202,-22.670621426387175,-5.804049006928985,-25.563582511613813,389.31626213363296,-183.72773507253484
1771946507.5966678,-2.29571938756006,-24.740958240459808,-43.68330471886983,31.299148363173334,-2.896619675950262,-46.615095218097935,115.46402280220829,17.718165888169352,-147.06748285782535,12.024628747429349,7.606192047364076,-37.11155323380305,357.1740409062726,-95.42194308584011,-11.643474782726086,-98.75755701350788,-29.438567678753707,40.34339677940597,-34.50656018540714,355.5258171928646,-104.97241851255548,-9.894174635907834,-29.885624120322426,-30.425150774071206,3.9334040817828915,-18.92469483065846,26.361518289673256,108.49034836449002
1771946507.6005652,-4.91853242512043,-36.885473061806834,-40.18767650463448,23.41070396520249,13.724766244178234,-378.384390329884,2.2072824973864402,18.441398675087694,-152.37231917848993,8.210189856878404,9.459192796854078,-18.51001274690882,243.85846200634984,103.4781005489514,-9.256515094019763,-102.52837238016367,-29.972192607778886,29.557496153386836,-30.073001313689183,311.57629101963045,115.95560357104404,-7.348772620263497,-45.047678221792914,-35.65217315658515,11.96558979503348,6.1743684397018495,-346.2816258280471,1.1905393249324936
1771946507.6044626,-7.612047045558083,-48.12708990027884,-33.98494636250409,8.555960386056096,6.58682444180831,-268.3054685848618,-112.73478095153209,19.265372739600938,-154.51223213376844,3.267595749562695,9.319259351099662,20.08152808096843,-176.24381298218486,-64.11256197401784,-6.896277749805481,-103.73487565621731,-29.193204430031795,15.956217949364156,6.966872164171408,-119.03171122740183,-82.82256533675941,-4.856114960181584,-59.22110086915107,-38.293569469549624,15.945152685048972,19.185535544713126,-306.28484393144066,-109.85486351058589
1771946507.6083598,-10.360456435549295,-58.28626070337095,-25.311041778898048,-9.946156389396547,-13.493839012404955,152.45462824578738,146.34878493482213,20.181760819909865,-153.50831855679237,-2.5189353691461682,7.448855662840748,50.9105214964609,-398.2401035059744,-39.09091480499364,-4.573375126411087,-102.30225430328184,-27.24485695113241,4.054166824492491,51.625895305693504,-425.7491082680268,-6.514157160348813,-2.42997831018279,-72.04648931799082,-38.48446843604869,15.185117369721532,4.079951853187846,81.95028508463868,143.41926996763442
1771946507.612313,-13.147349130293744,-67.2062425585113,-14.585484460666171,-27.097970202032982,-20.049467829351414,402.02632940113455,-117.32179630233105,21.18049374781599,-149.45122400033654,-8.769417211804889,5.276170242971446,47.86305832426762,-124.29692529775794,117.79417933095074,-2.298118602313333,-98.2224248214078,-24.290730979527737,-2.8779501442874538,64.94747311496718,-208.55174628949015,101.83248667860052,-0.08348784532941325,-83.19445680902221,-36.52009971237078,10.58051098462468,-24.94366330909405,371.15675118530623,-115.33982027899933
1771946507.6162105,-15.9558532391192,-74.75446310025042,-2.394105885382397,-37.51579084193742,1.8918242188597272,185.9154067371445,91.3509688327377,22.249823575462912,-142.49691207616377,-15.031227756574541,4.351655274018119,7.701597235311951,328.567016548188,-132.82498110179597,-0.08046104977250716,-91.55573140427258,-20.503676966448058,-4.008933116601667,27.593278741243683,295.2985475550506,-165.7547452417187,2.1709434639791927,-92.37452608969474,-32.8120833847788,4.268399455101477,-36.578567681141585,232.16444755184898,97.41423499439719
1771946507.6201077,-18.768782599102284,-80.82346659026217,10.54198305920574,-37.41775419067636,37.52716094248498,-259.5232490244486,-56.785057425752704,23.37640977624018,-132.8609407648437,-20.809948408124615,5.062499480932738,-44.2834078922623,375.81976331163105,126.19876123175415,2.070060902454023,-82.43080961593004,-16.059016027045022,-1.2392102372339948,-39.34428817577032,444.4821248105135,183.0440759870019,4.321672323431256,-99.34307664921712,-27.83915103209111,-1.0029179009522464,-12.544861343663058,-185.17175810240565,-69.54305721298142
1771946507.624005,-21.56878332258574,-85.33149381500469,23.409765750785954,-26.764940759634364,51.58911116986521,-413.9485274021477,-22.587298404064097,24.54542793528979,-120.81144879319673,-25.6057493022355,5.858651117316123,-70.32993134803881,-77.1751332833711,-110.32001124171688,4.144384342203274,-71.0425753967159,-11.131829910000503,1.513957012462028,-86.23734227746918,8.611763317636793,-140.28254988013626,6.357879342878331,-103.9101169859126,-22.097458182391932,-2.8200950136259313,32.52353470125088,-399.969440587496,-23.908766500899617
1771946507.6279025,-24.338479232221985,-88.2227500975844,35.3574954662012,-10.297158518431926,20.02262183482675,-74.66532701831376,116.97666538443572,25.740700017165146,-106.66108495149474,-28.95261494236379,3.5787338535854927,-47.77407046391304,-449.3063312494094,28.593459071766617,6.133976700911117,-57.64835464547725,-5.897511887353138,-0.18317607228708446,-72.80636760911219,-463.90658274343474,12.423788588489524,8.26962001036181,-105.94468506298251,-16.055294704771907,-0.07660395271784745,60.44997758641227,-134.69150421361502,142.2769959866105
1771946507.6318,-27.06061474346093,-89.46741345043671,45.554119938498594,3.7268513227489097,-42.89329892056771,371.641414774187,-172.37606503316496,26.944845007278055,-90.75813470645727,-30.457370465602974,-4.921380253697509,12.006814290512771,-221.8021344830701,156.48228341202002,8.030890909029154,-42.56222336418194,-0.5342547909338095,-9.321335510578509,-2.414814780023914,-324.22584302094936,208.2462169621827,10.047872354939411,-105.37871830015261,-10.116196804748235,6.488884245771263,41.849229120510884,320.17073471765855,-195.8621198147603
1771946507.6356971,-29.71819387344258,-89.06142993050578,53.250619171500745,7.128948187241073,-88.57576407502513,380.2595146864006,159.16795105740616,28.13944843721412,-73.47711205395656,-29.835380356441817,-20.33782701024955,68.70989959146199,321.7116357072292,-318.2980879575541,9.827818422085599,-26.147682011906117,4.774115672976838,-25.520111803003267,76.2000823388815,267.6216910554506,-372.8979775138125,11.68458115170022,-102.20927826546372,-4.593317796180747,14.412085566952797,-15.814390095140729,395.5270177988067,161.40504651220903
1771946507.6395946,-32.2946141923677,-87.02613532391995,57.838463931359776,-3.7301956974470794,-71.23672938244631,-80.03219689352314,-88.63180545875376,29.305248996124632,-55.20909070998002,-26.93996007139801,-39.01092770608367,80.63644933510963,429.0994329767673,261.664654906471,11.518139400489396,-8.80883952224879,9.836559738906397,-44.00398322611726,103.79503422391451,499.7709360575443,271.9231889842119,13.172698421654319,-96.49906260724764,0.30344828074634167,20.143639475842118,-69.86617606653616,-44.42028804994746,-86.4574314940647
1771946507.643492,-34.77379464383046,-83.40773103138461,58.9003446396491,-24.924680392799782,9.970487182715786,-451.1160099145794,-10.09725067152147,30.422340123749066,-36.35204699866263,-21.782948636848673,-53.12950393673907,35.65834644886234,-69.71382334762524,-51.886807736137925,13.09596925132271,9.01966952664274,14.455842643883907,-56.53042194851252,56.342016847122046,32.50295592587664,-9.204564597671666,14.506219913385253,-88.37518520035287,4.467535144344615,20.003102892694606,-75.03328337463772,-452.12881072623236,-22.966938502953116
1771946507.6473892,-37.14029624097844,-78.27662824714368,56.2486938378405,-45.20667274351875,100.834113388252,-264.96471237694874,147.2549901937983,31.470384226750834,-17.3014762517988,-14.54449483813552,-53.73066217625422,-37.541828803135175,-474.65638695929954,-109.21864504684392,14.556200702472829,26.88376964108052,18.433045120625042,-54.64074648725162,-34.36554813147987,-479.0490611239389,-159.92411664498417,15.68021722980793,-78.02625338338885,7.884275450244349,11.422545805645981,-21.515321421497482,-266.24176701237207,209.33093464968846
1771946507.6512866,-39.37943473605011,-71.72666018292259,49.948314560749346,-49.97256659238269,128.37163901480616,248.36088895036906,-286.23739413493905,32.428836981429775,1.5584747639530436,-5.5708601445194095,-35.38493206502914,-87.87696582971974,-194.82036308859674,311.37359126027496,15.89454061018076,44.32173331797678,21.57586133028988,-34.1107985935757,-102.67904727867209,-298.50820501024054,336.4021634116526,16.690865243293334,-65.69781807843287,10.610433422995156,-5.5813659071762896,53.51797147905515,292.52227530547384,-355.96961909568137
1771946507.655184,-41.477384495438464,-63.874149023843394,40.32057732568499,-27.810153215694488,59.31071095793375,437.2801209003588,271.09326520233805,33.277179050321,19.863143315285203,4.640112705693792,-0.01891210656654407,-78.07102443140897,371.03392930630145,-586.4040904126147,17.10754077030636,60.87635270036432,23.71032264728644,1.7845438662464939,-97.92142529941339,309.5915059981194,-583.7712182595071,17.535464389322414,-51.68631804397974,12.74797235369787,-27.267901532450427,92.61010349428916,455.6069255781318,243.84068459954102
1771946507.6591203,-43.421272973853114,-54.85680311427389,27.928077268097667,22.795073288607696,-66.09381932762109,72.42569260416975,-67.7387813661904,33.99515240341506,37.27456946115559,15.465329382387141,42.54054194764681,-12.686359701101146,389.9193869160597,421.6227444074071,18.192622054850723,76.10715740331389,24.69494492366247,42.394137189785944,-22.853257176792503,449.98642106138516,386.4698797099675,18.21245735640421,-36.33168191213712,14.415742964172239,-46.40673448833006,63.126807574373544,-22.906939639920367,29.495493627160823
1771946507.6630175,-45.19926531870291,-44.83241028600944,13.540242136321972,89.67129819691165,-156.81481104454255,-354.5115357483676,-135.31110669549497,34.562998301707715,53.48764891915335,26.193171088750585,77.96410339482553,63.342615272071974,-172.085872283058,388.8016823383915,19.14809121835941,89.60233566266848,24.435758462535485,73.61988339465096,67.9571447338396,-78.28848050976465,441.91904756481296,18.721439649424514,-20.008788613928772,15.722771505359248,-54.59486928786345,-15.304826903223015,-466.740385835146,-179.22250322013087
1771946507.666915,-46.800638724851325,-33.977285526192375,-1.9179838159979024,148.7664155184473,-138.32553325475078,-294.9726930847655,266.41692412240417,34.9616939265291,68.2351102146419,36.06844500820522,93.24181938994583,95.9689698754061,-479.93622327936004,-958.1483570425459,19.97314976612202,100.99002010812369,22.900328081884993,83.87873931870705,108.80121730149402,-478.8220025354185,-975.5083210186323,19.063163522875406,-3.1180166444049955,16.746422433626453,-46.0781863875813,-84.15498171052357,-227.79249295563596,300.51658133959614
1771946507.6708124,-48.21584623187412,-22.48442682831922,-17.43074092830237,172.3156326261049,-13.841454375519518,127.16897533782173,-402.00062561107615,35.173184662834174,81.2912491011837,44.34275984213761,82.18022652106345,61.14619057583351,-69.76634353620578,535.7387870670199,20.667894396730876,109.94861515734463,20.128766296979663,69.1953647768972,71.51895770614713,-153.40633038003617,496.87182164458443,19.239534829084924,13.924864683361323,17.517963028492904,-21.164448628837214,-90.79712734141422,343.4695103784361,-522.9254470719552
1771946507.6747098,-49.43656975907778,-10.56133378660505,-31.964260850932913,140.97498917192132,130.94893168905273,321.48748061806543,382.63942205896404,35.180609144567164,92.47439740521538,50.3270876535366,48.063740136450114,-16.8995248867697,450.5800440702845,260.2354161823998,21.233308707147163,116.21586942790663,16.23990481892143,35.01093575151353,-14.613905556433087,402.18536236551375,304.70012357439316,19.25360235259015,30.699192617729807,18.01705038307801,12.876342359211892,-29.695431330094955,392.520386805957,375.737338752246
1771946507.678607,-50.45576230917801,1.57255036579284,-44.542558125328625,54.61741590773435,188.25297453048847,64.01339079947384,18.272510877749056,34.96851429581812,101.64814620526437,53.44303252642905,2.3001023008218686,-82.44083884011586,305.962431793818,-526.0501284369276,21.671246022229163,119.59643156470285,11.431197617631568,-6.114106052358342,-86.11642316104809,352.7902816233094,-531.9592200823952,19.109539198907402,46.790018058770066,18.175511612944756,44.26280514774808,52.84636907980933,-155.97137477617397,393.81280666106755
1771946507.6825044,-51.267679388659936,13.688802168014586,-54.3197258511819,-64.07240661920824,110.14506251827723,-227.7529787153141,-559.3961013830536,34.52305775214223,108.72138303557283,53.26929728728423,-40.33795079699024,-88.56886179643094,-293.18023887625844,372.5018119921266,21.984403370904577,119.96767013246915,5.971538592306797,-39.85433809553353,-93.02229649568568,-225.59116014714505,354.13518355320747,18.812615823939613,61.7985419260558,17.88963440649905,61.49620534556456,94.44405998568429,-467.49686085551474,-936.1872500896775
1771946507.6864018,-51.867899751331414,25.55340215194704,-60.64291769574126,-176.24535548446505,-51.42227606557252,-139.24515684425887,726.3122047489383,33.83219525587063,113.64723896311013,49.580027580858406,-67.66006120075355,-31.610060608280865,-470.42132316300973,-245.36260516726148,22.17628681046667,117.28358718872838,0.18692642174260574,-56.04235959937663,-34.600112260547135,-475.8765108518045,-231.1780308799936,18.369164371208804,75.35210783101493,17.039161392601784,58.271622640593876,64.78539875506131,-59.832409426471884,503.48369202946634
1771946507.6902993,-52.25333559505579,36.93053841368591,-63.10078887716225,-241.77230065871817,-180.02107561100453,146.08073186417545,-356.5803104976082,32.88585087489316,116.42107238989259,42.372106297717416,-74.37315501521519,46.12979221906007,27.793669380221303,74.62146108874506,22.25116849537567,111.5767092803321,-5.560286651723594,-52.35194203853341,42.98177333970654,-35.01776676983001,68.47923880340547,17.786534108641302,87.1134937341916,15.510394599450988,36.24719690966175,-11.660261501732514,453.21513456862544,276.21176334173407
1771946507.6941965,-52.42223239237616,47.58680713647768,-61.553346417534115,-235.8895455834333,-180.84111591888416,163.33398957546652,-267.1412927685982,31.676068137958584,117.07763994654628,31.879043736605116,-62.88321147779341,87.77450966721591,485.06390362863834,226.44707458405347,22.21403604652118,102.95789613531957,-10.897066335466215,-34.11723860126035,83.33457690945271,456.6629210906193,232.3769411835066,17.073037879442882,96.78926747088647,13.220338945067704,4.372933546261487,-75.77232414630139,287.0190544689746,-506.18828304516217
1771946507.698094,-52.374158648932664,57.29576268844921,-56.140729458718,-159.83553752710634,-52.26646455571445,-110.67754869036378,702.4734563354331,30.19714038891571,115.68761973830955,18.569833315307484,-40.73570296804563,64.15903687889758,264.67749849349116,-392.63481283980514,22.070534878111037,91.61406412737668,-15.468169272869146,-10.810473654063308,61.57131146299446,306.598265775789,-399.01425440949123,16.23788960483015,104.13699904088966,10.138691824411957,-24.991342733660822,-80.15024509752686,-323.14015303066395,342.81847154764165
1771946507.701991,-52.10998604695173,65.84274243742465,-47.27025828323893,-40.4004060769713,112.27701837488641,-225.5188644474418,-621.4594544956881,28.445718880977065,112.35365927849715,3.1319981943196624,-16.59280180421686,-4.850717519217395,-310.34379348307135,290.80560436828466,21.82690422189218,77.80387805975614,-18.964877632563617,8.57317056212449,-0.2845939952544644,-259.7909658556702,288.01364416648784,15.291133034672109,108.97115623393265,6.304731250901063,-41.37887887675009,-24.87090398864549,-472.48569827668865,-247.05048966812373
1771946507.7060027,-51.63186061118676,73.02986374720973,-35.58297755938094,81.38228189451065,194.00606598626385,38.78734170473558,121.2535940034296,26.42089740776091,107.20612094211708,-13.560986349900883,3.0512228148137237,-66.17010287934772,-454.90828970810355,-87.62411421909952,21.489907701151875,61.85152058842254,-21.15127987622322,18.808041922201785,-53.72204732852695,-463.1519902638234,-68.3881333134487,14.243562122933412,111.16754813314482,1.83673307254878,-40.373868500389975,44.847934977634665,66.55557822519172,102.08928321382967
1771946507.7099,-50.9431656967014,78.68106521713865,-21.902686853693112,166.99347786307482,136.75475166800985,303.431199526474,320.5211111243925,24.124272588114206,100.39869181116148,-30.496692835336145,15.272440423969096,-74.31268303766615,-0.8710021914713154,-87.18896110619448,21.06675944380099,44.138702051610174,-21.885479660875454,19.278457521909946,-61.86623617928095,-54.26532978045985,-111.03373267624815,13.10663355149707,110.66622084761178,-3.067616978587705,-24.7215003845921,75.70385811645122,519.7886796032706,209.11426137342536
1771946507.713797,-50.04847770914116,82.64704347193894,-7.171923492394232,194.8472444781479,-13.478641624131875,137.67631902669328,-428.74865817168956,21.559979228425302,92.10401167717644,-46.58294973565445,20.410923314430395,-25.841402795001706,434.4004065265455,218.96268725098048,20.565046831420315,25.0951219173818,-21.133492179745524,12.801767904322844,-25.259405751765588,403.57538796329567,225.20283321430057,11.892372020833237,107.4727499554868,-8.140352202135091,-2.2649414585395604,47.58138138526221,246.9953704665038,-398.1100591802339
1771946507.7176948,-48.95351549950705,84.80992276278715,7.619603807027151,166.18708246467776,-145.91369244900983,-274.0505074896056,350.9413135271766,18.7347004459626,82.50945290499172,-60.716101722962804,20.847009865121326,39.04726724013346,304.2733805733876,-273.6429457838296,19.992651024187026,5.187634402599908,-18.97421861935876,3.621821126342551,22.890333539576186,331.4112310195141,-255.39206665664594,10.61326901717083,101.65791467951084,-13.06136711033233,17.78332280832739,-13.345546402126125,-360.8326438160575,309.87536082352847
1771946507.7215922,-47.66508431838557,85.08748851830879,21.508129126594646,100.89312817670076,-168.58659620287204,-350.31393051146426,-207.56110020804843,15.657652476520166,71.81316072975906,-71.85435170544046,19.54262466088287,68.83086444015184,-195.07103110700632,202.9485752841927,19.35766640218082,-15.091595471541297,-15.594711232254461,-4.42320936258478,45.433768881686625,-141.16421335012444,173.9246767826807,9.282175900838828,93.3557798830287,-17.48402049052143,28.31986789637583,-58.18706040865007,-471.11073709516955,-107.10984766426803
1771946507.7254896,-46.19101510687754,83.43681751325651,33.62454490448835,26.586173327864987,-73.73145198198682,61.07768733162594,-45.96177153135969,12.34054435650456,60.22043492268038,-79.09158392813829,18.774407398148067,41.44313989460957,-435.53100169404047,-25.213448438975117,18.668320069634483,-35.23763273332506,-11.275864467283663,-9.057349908815388,29.797772978133914,-412.9677817835237,-5.225554456397612,7.912192322413604,82.76025218558134,-21.065771491060914,26.411860566393266,-54.72485645686,39.09720238118394,-86.98747240775394
1771946507.729387,-44.5400998079161,79.85714524415228,43.253352064927526,-33.04037235484187,62.58993276128195,429.7390909366387,298.0702026292017,8.79751296854128,47.94050527462906,-81.72668151834442,19.414289100199426,-18.631503034376642,-143.6622273888779,-143.41736625447112,17.932892592995504,-54.74567882992368,-6.369596561514136,-9.87129284570551,-5.459446105477905,-180.15331667043174,-143.70444934239435,6.516551102384867,70.12021351142047,-23.500796869948207,13.735927986821128,-10.679509727653087,473.8443163486882,241.1222251069159
1771946507.7332842,-42.72202333060442,74.39182474180268,49.87750536339155,-65.6140814927524,141.95569213774007,248.8650170648174,-348.61590009512776,5.0450342253284814,35.183724487360955,-79.32327281816336,21.0074218206018,-60.61197935227549,311.46114577624405,194.0627034066576,17.159641148558826,-73.12400235060426,-1.2694326557584974,-7.8061866068134975,-28.919832263609504,247.34779093329905,178.88199720493844,5.108500777246602,55.73336771433872,-24.55123596718071,-4.361934010066624,36.05263989746901,287.31196403692763,-285.73808733196995
1771946507.7371817,-40.74729275792415,67.12925096152787,53.20618346247715,-71.27555664496974,116.06518158468587,-266.6431035772868,213.78351922013783,1.1018113966537362,22.159173362128026,-71.75511584392224,22.496111501088848,-49.082776342922664,389.0463576613403,-162.82363978736316,16.356726200443976,-89.90655329978277,3.6229159858714595,-4.171679105518372,-22.830697530267596,367.80275990004105,-138.4164612876632,3.701187052649937,39.93896370110985,-24.073757915742938,-20.876088894907816,49.70806739465044,-241.74313086711553,186.0761750057568
1771946507.741079,-38.62716430835435,58.20265166573972,53.184091328588075,-58.881730111969595,15.882528089442681,-452.5663651657529,-32.03616817362977,-3.011358232613452,9.072646311352562,-59.23297593696941,22.971782351719394,6.385689456189403,4.301243128992067,125.1305801884099,15.53214272102833,-104.66493037649224,7.93193548496689,0.14091466999832705,3.7190179003932884,63.873589880919454,92.80065783030447,2.307534459765824,23.10958234083012,-22.03853193505089,-29.716870278556577,24.090126184131414,-439.7985571959205,-10.289751514276597
1771946507.7449763,-36.373568448409095,47.78867848121083,49.98253476607914,-40.06441447672508,-79.752661736219,-68.43028963130467,-124.67050289558577,-7.271737006220842,-3.8750374065109603,-42.30985178993342,21.835230815198628,58.2367209726072,-387.40738025955204,-42.43943786732843,14.693656848917596,-117.01938946859417,11.340462408407802,4.715200124220015,24.49147073929872,-305.1548003553559,-21.111861232474123,0.9401295837818464,5.642194022837747,-18.538369191058823,-27.95804854449997,-15.98626352900683,-96.10568240939544,-130.05258728777792
1771946507.748874,-33.99903345676419,36.104768345232976,43.97403172891635,-23.969150687919146,-106.43779219022005,396.4894461341922,212.4272842573892,-11.654819275847066,-16.48946803601901,-21.862717674347447,18.346637021966128,60.0338105909536,-321.2676247465442,-98.7661314082716,13.848748784015447,-126.64860755666726,13.616581319149082,9.04361910910012,19.50232339605968,-323.4155525853301,-75.2804732849427,-0.3888927247957691,-12.051292380650205,-13.786734567424556,-16.770475856201887,-37.75321809271882,337.6584552464247,175.292561783093
1771946507.7528715,-31.516607697393884,23.40528380913088,35.693501211606296,-14.503369971136793,-57.969512184178214,364.51657760971113,-211.52445525846082,-16.13452075918367,-28.583907146362076,0.9494881260568789,11.208960307935937,6.467471938029215,131.06491725830057,182.71077735720561,13.004562625554804,-133.29794919586107,14.632714355062435,12.06631144059012,-7.541273557128456,31.165233793406745,121.14391753373161,-1.6679587710231076,-29.55376114030309,-8.104413004269022,-0.6299347851422918,-27.20053356865982,345.6845404195947,-165.6092241756033
1771946507.756769,-28.939780849192623,9.976479829434814,25.789997453881668,-10.584799740434761,18.325985861005638,-106.06604908100587,147.46930716050284,-20.683382978458923,-39.98046371293992,24.750176090666162,-1.1252370049169378,-59.35759864538328,432.91505505677327,-151.4456247200743,12.167863726287967,-136.78602279631616,14.375076819609651,12.479211109994628,-32.09037367609964,362.23933912561114,-111.71775378501663,-2.886159758718293,-46.45267276930297,-1.8957462901565871,14.694515025654395,2.260325180827692,-50.9239203940149,137.07797196139492
1771946507.7606664,-26.28240431530573,-3.869615469840972,14.97347847172684,-8.577240246903449,64.6179311347975,-428.4405193731352,-27.922888586728533,-25.272790791286784,-50.511270295327,48.028504484826826,-19.361573769219284,-79.64146028083715,216.94463505902138,81.41901404213353,11.345003956782456,-137.00936019137382,12.942581927157931,9.711767093679402,-29.643014492377823,279.9230409929044,102.01334075494607,-4.033348622074648,-62.34967314230741,4.383589682381683,24.326322632089457,24.181264193232046,-367.7401057300629,-41.55376025877807
1771946507.7645638,-23.5586109809027,-17.802279057763478,3.9611940459288384,-5.231237844352067,56.34530088966256,-230.23909710607072,-117.20331025302913,-29.873200948619434,-60.019737522494296,69.23699223799251,-42.1119444440962,-30.904549468150112,-260.4833344520551,-29.61402068924348,10.541895086404374,-133.9451033647552,10.535287326879239,4.737908726977288,2.3415107646529965,-148.69501624756728,-75.86187950182892,-5.1002287672369135,-76.86981079451427,10.264430026396825,25.784606151677092,22.33185818594563,-243.95881796099061,-106.67798406224206
1771946507.7684612,-20.782734437197377,-31.47996630594546,-6.572037173250142,0.5277632067826753,13.701965042077216,224.01794339175572,190.60449831543323,-34.454379521259746,-68.36195055825745,86.89706939661504,-65.26442936844909,52.33745089735094,-420.85722122639294,-22.80366697908107,9.763990332377533,-127.65163447072746,7.433492483796803,-0.09288365210793238,39.91555028803823,-427.5983127675076,-6.073445535849692,-6.078433608745027,-89.6701564540773,15.304153579024772,19.508308503033703,2.7615367118046548,159.014664142885,179.60711406615977
1771946507.772359,-17.969227781543125,-44.55878326652924,-16.03606825036761,7.636293603368238,-22.85192222972086,395.9781308313023,-156.99710047683234,-38.985645946650116,-75.4082510347288,99.70527132225615,-82.40355874735492,101.6562773903055,-75.40808908328111,105.38204030839583,9.016274000880479,-118.26713822913399,3.9695162353523763,-2.2592230100028132,50.50830481067054,-189.3406882296054,112.27379159635608,-6.960595895802177,-100.4476355528485,19.125194550399577,8.46892847638987,-14.27291597590827,369.23155035468454,-138.78006765898598
1771946507.776256,-15.132582133954665,-56.70133573032829,-23.957537314223433,14.143924493158586,-28.29376696538964,108.93091806535728,82.19470596212211,-43.436121406118694,-81.04502425845308,106.63226007457102,-86.29455184631561,70.20047731137329,343.95309636893086,-194.62162229201547,8.3032590041538,-106.00613906853089,0.4949069478545457,-0.5835295322672034,19.996905488155306,313.4380079037951,-178.80650670011306,-7.740405978383288,-108.94590545198398,21.448403473938644,-3.003265491186291,-13.78521424349601,148.227918844479,71.88226509430996
1771946507.7801535,-12.287245037636447,-67.58571284492547,-30.000312815450183,18.45578637981578,-9.793314630913281,-290.4627347004513,-7.513826853357414,-47.77497926401438,-85.17668595953081,107.00691054812589,-71.20361608181615,-24.959078098525936,333.4253145363742,197.19547778512856,7.6289918617333266,-91.15410827714142,-2.6537150954380975,3.832810545363103,-32.86440641760324,446.9793327939358,177.13578442986034,-8.412658321893469,-114.96113292195619,22.11806146182615,-10.942604448868517,0.8890215005453347,-247.884982885494,-18.603935567410577
1771946507.7840507,-9.447538909878398,-76.91434940480708,-33.97386910727758,19.793686064499973,6.340409319199939,-352.71917327790914,-61.631312130078534,-51.97169534991779,-87.7278360959139,100.57837806282261,-35.556668369115506,-110.89654977115232,-61.30395436698452,-83.96767680286756,6.99706460874053,-74.06028697956796,-5.186854685492145,7.752135686922521,-67.9475215661351,-2.627759390518766,-122.2123619557355,-8.973285712191393,-118.34655282311142,21.116104688357776,-13.409349623805511,12.661431561777789,-361.8100794564038,-38.87668706532837
1771946507.787948,-6.62757970407847,-84.42250487519449,-35.830258288357676,18.036420920387652,2.4111240928953084,-13.070668531267502,104.40295141783257,-55.9962958997667,-88.64551975507504,87.55036660977777,16.035201170206026,-114.95273130951698,-340.8439703649527,-39.827176377042356,6.410632887738202,-55.12891661227707,-6.8892462246994866,7.032338016843024,-54.28062227237067,-475.9877024857805,4.534389869224409,-9.419380719568961,-119.01571590521633,18.56411317942349,-11.195807100229285,8.002050013518675,-50.12032127795269,90.9665183078258
1771946507.7918456,-3.841195977379003,-89.88610024568729,-35.651251791424855,13.570692993778536,-14.231395106847051,350.4513941525142,-120.2503317666671,-59.819600989163824,-87.9015085825682,68.58367761310595,72.68189796184215,-25.61418261010646,-199.3822608356042,155.76849573330512,5.872439406754527,-34.809108289014766,-7.639236035237673,-1.3639710534488794,3.613211798812237,-326.1196503055378,204.84892526047523,-9.749204153311585,-116.94436270518608,14.712756521118832,-7.029738947980214,-9.289975625410676,340.27058599804803,-124.89625252765717
1771946507.795743,-1.1018486412465713,-93.12866628250114,-33.62790150200501,7.439743944043818,-20.134560743521245,319.0472192383275,121.90660384908534,-63.413461333220184,-85.49449299868257,44.76541011607879,119.8712870447436,92.65438455114727,135.5707580786098,-347.5801432559561,5.384841869047697,-13.58361592691215,-7.4185780993831445,-17.220351788069888,65.49844754660432,274.7519745172346,-370.26826280624556,-9.962180449868503,-112.17089144411791,9.91955807071619,-3.6815350010899732,-20.945800961607034,343.0415504666917,135.6312292666141
1771946507.7997332,1.5774482335999518,-94.027177556151,-30.03516417579526,1.450229723785425,-0.7314910380342329,-99.99782879208524,-89.36042275446077,-66.75098642518896,-81.45205802906547,17.545731122812576,144.27269472251925,146.555064417243,255.39918773870014,434.39882525528736,4.949844381385269,8.043194634275423,-6.311738977170294,-35.84064786685554,83.91043549304858,505.40906344753387,269.123845122679,-10.05888016104522,-104.79541919595121,4.616933528844914,-2.209888395448354,-11.704627717196193,-81.0895503583997,-100.3588501562671
1771946507.8036306,4.18420512463492,-92.51657424447131,-25.204324652980304,-2.2509668279593344,32.387015604860146,-431.69272386843477,1.0956708628959209,-69.80676212212794,-75.83230471634809,-11.354259593770092,138.57288851596064,88.24866056358273,79.48238496777674,-90.11228789866547,4.569131238358619,29.557867965639527,-4.494864521860283,-48.917719380996544,40.88008090656855,31.14839864737961,-0.8513015117002833,-10.040989897945682,-94.9774657844013,-0.7266171180685801,-1.5166900646942716,14.418792954973966,-442.4399869769817,4.750609041197539
1771946507.807528,6.706532814745496,-88.59280741870735,-19.495762761283714,-2.140116742816843,48.89104645002608,-247.48374368239442,122.75320595187296,-72.5570559056144,-68.72497454088047,-40.057594122845146,103.90156410043619,-42.88721610260275,-125.23265678569541,-493.6258306764538,4.244101913594491,50.45054873820473,-2.215599177345631,-47.87216284159453,-35.74821165160392,-480.83389049837496,-166.31405443528973,-9.911270236402508,-82.93231824524317,-5.648621069703784,0.5687288212968435,34.89938103548208,-269.09439110251685,128.20748929081236
1771946507.8114254,9.13321569971802,-82.31428333451579,-13.27419096940989,1.722506365571446,26.69597599463691,275.00424018888873,-214.1865383169281,-74.98000812037884,-60.251936145589454,-66.66137307265305,48.73285184286342,-147.20429914487778,-136.08339698981362,670.1856989142001,3.975906096841198,70.22751291936692,0.23414211026353068,-28.444416507449418,-90.7024154513363,-294.37242497056025,333.13859201112086,-9.673502238186193,-68.92616073081648,-9.734170455567108,5.493335737404152,27.683999970958862,272.39749343505724,-226.15090240066485
1771946507.8153229,11.453782072678491,-73.80162772020928,-6.887918183890248,7.340601273507292,-24.949093296021953,482.83334425750047,205.62858997112,-77.05580755588198,-50.56690317438478,-89.37201347924685,-14.756883005641974,-141.82339827038345,-13.941080421338905,-251.33969304864362,3.765477669081855,88.42322195527532,2.5496555043364446,5.967724688955576,-82.00489917841162,312.2848501692622,-576.4535769413486,-9.332423420577184,-53.270080764671455,-12.653044669282714,12.620159935348985,-7.383445528398127,501.02877312147876,213.095611646591
1771946507.8192203,13.658570722471275,-63.235740336806444,-0.6530449159668062,11.258121052043071,-68.0618494738583,62.30990816160113,-113.3112725015919,-78.76684984426818,-39.85427070226923,-106.63549242705714,-74.58775745366412,-27.285085043965978,55.94158930401699,-226.89633515187916,3.6135665497012823,104.61159624682965,4.445971502840828,44.500021032792695,-13.457060618394252,440.53653707523125,380.05906214325756,-8.893654196271735,-36.313086928972446,-14.18897589151504,19.020911865606028,-44.458597261999245,77.05632470005828,-109.42798011243352
1771946507.8231175,15.738793127368833,-50.85416050785309,5.157161495271666,9.71826654655854,-64.84710217649649,-470.74292549934876,-26.211355217893118,-80.09787732939314,-28.326985833510932,-117.25236831807747,-121.21198251715555,110.39491774189409,25.413346673643193,331.77382235296534,3.5207673698907196,118.416225889279,5.688106417294372,72.93908104843483,66.54027592868279,-91.74272598276342,449.096415468664,-8.36361595504027,-18.434293792901087,-14.258336851653816,20.502792818224997,-50.956634042246236,-477.7655473674992,-34.8532714188264
1771946507.8270152,17.6865905247996,-36.94581385686781,10.3180547229173,0.2546281863917506,-10.328412706769212,-389.04875829656726,231.68699055798592,-81.03609930090147,-16.22340433219106,-120.4683321681261,-147.78186842155452,165.6354478637333,0.5462252934333581,-267.4363170939901,3.4875439765206036,129.51926577221798,6.115963558496725,79.88530953282437,100.00269192545771,-474.2587375810554,-975.1204129240151,-7.7494420437617695,-0.03444627604945679,-12.9165005421917,13.540560907294276,-15.6526770719163,-409.10481786992466,237.77309234717484
1771946507.8309126,19.495085158399153,-21.84425842578533,14.655363667823258,-16.64136659453726,59.16687392364106,230.04811090493195,-387.69829181780614,-81.57129175618249,-3.8031275524272163,-116.03282179319004,-149.70228513420236,95.73885466570724,44.54121337128927,317.24643016175577,3.5142488986585505,137.66879907675388,5.661361360326034,61.92326837297455,62.320893997724895,-129.02316427345042,478.96812344948756,-7.058882954133191,18.473031790581064,-10.35125878368038,-2.500212765017377,38.39922486710898,221.56415143383586,-390.8363390129482
1771946507.83481,21.158424999419424,-5.919594290553841,18.043996455112808,-36.4963112307786,91.17506288655504,540.0003111175556,267.6488276345818,-81.6958761240897,8.658139997936772,-104.22068246511596,-125.02479754124951,-45.55752685554069,66.32888688049303,-265.4159750273534,3.6011370956838844,142.68449650486,4.355482414984644,25.298267312854385,-19.26926412191247,415.83258443726754,321.8344931618782,-6.300207095626016,36.67127042480024,-6.863893294680099,-23.83937875706662,69.1680508868596,554.185634364077,265.7899408999339
1771946507.8387074,22.671821212318413,10.430756745260203,20.40506247807314,-51.48429428340584,57.770943608903224,95.93154835697743,28.819317130595604,-81.40497664061793,20.87462486417218,-85.81477567766724,-76.08828657634132,-150.1755207260453,-36.48886919357394,-164.68755182583791,3.748373495222817,144.4614457081868,2.3260214029881094,-16.696625542474884,-85.80327859347832,331.7507283717955,-521.1043325792186,-5.482098616132813,54.14926635642064,-2.839656701605929,-42.64358338231392,48.821150587608166,115.94166844272384,38.212050404193015
1771946507.8426049,24.031577636304384,26.792158388232643,21.702189143215247,-53.24392023771631,-20.469570063653485,-474.6094045303973,-201.29006625263568,-80.69645631302272,32.55727666677382,-62.050576995190085,-11.16385754426117,-139.89438385331414,-171.96986278847123,636.0309645291528,3.956034009618732,142.97207475975657,-0.21564258097461095,-49.42650096732777,-90.1512874771059,-258.8092921386264,328.2150764008847,-4.613553782264547,70.51107238131196,1.2895768163127417,-49.857413137500664,-11.818613125949401,-474.286823512062,-211.76915960843854
1771946507.8467555,25.235111624552303,42.74348275709767,21.937979731233824,-37.04319711584622,-87.5453390625928,-352.0091754678688,340.0246377502218,-79.57093166115176,43.421140402901386,-34.526895617705236,55.874684117450784,-25.970622283789226,-119.80308932016816,-564.1527920469398,4.224099922915818,138.26614449441854,-2.9959154331466995,-63.02601100668994,-31.225190101673206,-476.10203723295365,-225.81964572342324,-3.7037774040884623,85.3846625830595,5.086992826150674,-39.610518887652475,-68.71989830014918,-372.928293545047,341.26774235018553
1771946507.850653,26.280965695185685,57.86815784435542,21.151132291724178,-5.111512015382884,-93.45828479163089,271.50154283765966,-557.3440605128308,-78.03176668469888,53.193092851945224,-5.089620808603717,108.92483557232127,102.0406575198121,140.61184547973753,19.29008771334428,4.552445760036227,130.46883561585273,-5.706899308554497,-55.97944026772715,46.540162542909975,2.5205724392129976,84.20263674657495,-2.7620807092339534,98.43028056080058,8.152942510711599,-12.901557831193292,-77.53051561009597,256.08051389013104,-547.4557406412583
1771946507.8545504,27.16880954211741,71.76523625502853,19.414362797436308,33.08087349483396,-32.40113176714688,468.8092109641381,364.3876542774601,-76.08504675131985,61.619695756596286,24.30239621782118,135.1209756003706,147.6453941213299,300.1599621385685,373.65641069844,4.940820933413252,119.77700510044176,-8.037916322669098,-34.58396088125149,87.19298194109341,484.06141171011404,221.29590444079037,-1.7977820011132282,109.34808873991159,10.163515661443379,21.791510222104694,-28.65787873920996,480.0066399374428,351.83460076484135
1771946507.8584478,27.899432011374596,84.06017743020588,16.832905933615606,64.23544252635858,52.04367280212919,-37.780836154050434,448.1043818049799,-73.73953329994315,68.47489730269795,51.71878390335233,129.73694273446662,81.36740501642389,86.54550950193212,-369.6799831274323,5.388825589381218,106.45373098260671,-9.707484597231872,-9.010977910323392,64.3952767349932,286.23918067877645,-397.1962246018092,-0.8201113963913675,117.88495031093969,10.901935377221667,51.707630265472,43.58891132877726,-14.125039915025143,452.3430075279858
1771946507.8623452,28.474722719201615,94.41504010334177,13.54306878294283,76.82712511397071,99.06024684581719,-466.63446434126837,-975.2660669796102,-71.00660037313946,73.56730433003207,75.39534417471283,97.81448668732233,-40.21819826258046,-300.23404555997536,256.6346503643347,5.895881191114746,90.82130512111418,-10.492574687598953,11.563686776477551,-1.1359379732637274,-302.28816289956336,286.6194903219178,0.16187912090349338,123.8401923223178,10.279784817878092,65.33354065519433,85.96623408462364,-462.818273724153,-968.8368358271621
1771946507.8662426,28.897643124568912,102.53779650428501,9.71013969884898,66.15803217465086,75.62323901244666,-170.98573924518314,497.0485257878594,-67.90015402057156,76.7467516252697,93.857342674987,51.58954368912101,-122.50408980952457,-358.2969105753246,-165.34131876386468,6.46119652573685,73.25287031114146,-10.252267932387158,22.232744566097224,-59.66093119832007,-472.0228454615551,-73.27161254156853,1.1393992208218133,127.07021998158362,8.34602586831532,57.51467259216854,66.55652250785653,-193.16586471566632,488.33704507524357
1771946507.87014,29.172187056414238,108.19050409995616,5.5249301904943815,36.44053153625465,0.2399983514128235,384.31042238437357,305.4027040212773,-64.43653558977044,77.90991076240586,106.01904866570071,5.201334527779571,-107.1892803053384,50.084555221877565,-39.23453815521757,7.083729999314281,54.162930101123585,-8.943504098492978,22.948942988129964,-70.57186903845339,-18.53230420687744,-95.90746787332935,2.103996404617687,127.49187764056093,5.282922815643902,31.68795130208721,-0.8227022797950392,366.4545545238864,310.2874608336192
1771946507.8740375,29.303330879431268,111.19610243699115,1.1983463160199344,-1.0606678942488945,-71.97366834893263,346.84821036707496,-537.8451019568982,-60.6344099067466,77.00470723695271,111.25224383271554,-30.497338470061898,-14.000940971177714,439.51851111568106,283.6575130582967,7.76214922747559,33.9969849020132,-6.627392938240612,17.015069738955667,-31.124056802629767,436.3393953034808,215.09999982735786,3.0476241072431365,125.08447946108149,1.3892231837655724,-1.7706924962973658,-66.9701851950443,358.99214418874703,-541.0107724573634
1771946507.8779352,29.296973648648198,111.44364066962326,-3.0463712349146967,-32.975714354470284,-90.6128875961846,-225.7520394862647,364.26148924545805,-56.51463937556878,74.03334951546668,109.41904701599223,-50.74056208103446,80.21469674034975,295.3231547889231,-338.4153519903141,8.494789007337495,13.220565175881303,-3.4654974676778583,8.815056884438214,24.90364223070808,319.5784342139,-262.92984649536487,3.9627011713626294,119.89046149603918,-2.9478476822467323,-30.27730825963957,-84.29301019786139,-199.5272970520207,364.5674054610882
1771946507.8818326,29.159867784521012,108.89178521376884,-6.983761617132587,-49.52876023905122,-46.03150074235646,-467.9246533478097,-236.93607673807475,-52.10014505725328,69.05381667606567,100.86736216923926,-56.66493233910084,104.54022370128028,-229.30732790823268,195.943474146404,9.279608793993768,-7.692057973857183,0.29352278833926826,1.895665513953431,55.36090016268505,-179.7510422512558,191.86113371253018,4.842162334586542,112.014637054012,-7.289161686194506,-44.56971144583394,-41.911761190872404,-464.5334474469887,-229.01907076347067
1771946507.88573,28.89954099451336,103.57050531906987,-10.398250846645551,-48.22315582604937,26.223379652440848,-14.7086073347932,67.60373441222794,-47.41575577498621,62.17970211824206,86.39029873362259,-53.03809582857601,47.543195701302906,-479.7154220567616,-5.867799776182487,10.114150850188098,-28.269201521025924,4.335598057850108,-2.066228701786597,41.59304889547398,-427.8491625361792,-18.272215748955773,5.679499586044652,101.6220681532295,-11.185401517712245,-42.31998454487,27.58583940444183,-40.35309916528569,55.36665475614744
1771946507.8896277,28.52421032478414,95.58088466774377,-13.097517132350308,-33.81765698627425,74.00279304454305,469.8260831387933,230.65078298171758,-42.488046236526586,53.57836743345921,67.15377605144793,-45.32379410015374,-39.121504045795966,-141.22040458882017,-142.87803273986808,10.995500299791933,-48.05285854038039,8.309179996312794,-3.282726296106706,-0.1128669192795765,-154.69669267781367,-144.72950825155715,6.468794433335101,88.9345959093523,-14.219996802639123,-28.145103133325144,73.82043258726756,450.035925160099,236.42698985184396
1771946507.8935995,28.0426893238817,85.09305748459622,-14.926075760263306,-14.98638885429801,66.98116815909296,286.71847446569865,-395.5286188788268,-37.34516511692544,43.467419609654364,44.59895865630245,-37.27870001435489,-85.87366498763792,360.40896250497013,213.4351393648284,11.920248353159048,-66.60927580970615,11.856774763726566,-3.0175393892006896,-34.422641112501765,278.0047041100364,192.6718287409212,7.204741251211527,74.22610074041201,-16.04926033753204,-10.373579733470834,66.09109502180888,301.2378826519171,-390.57228017379816
1771946507.8974974,27.464289377909342,72.34231765217889,-15.777844174970642,0.18870023166379743,16.083157809644117,-297.6559453445782,297.5853613865031,-32.01665404577928,32.109583112886575,20.327975014768,-29.84642847304978,-60.44284326171453,413.889607673209,-200.02198537789022,12.884459945184398,-83.53876909054092,14.647129616621381,-2.404550126857635,-35.923568252177795,365.21513315233466,-154.98725059784687,7.882661994344472,57.8165896967077,-16.435974380436193,3.3338074005654765,14.147034409554587,-267.22476588692444,284.45139451134884
1771946507.9013948,26.79871638113759,57.623498790350254,-15.60637407861977,7.477863396264892,-38.5784208345463,-468.73807733389776,-88.04447904807007,-26.533258478807173,19.806094194127763,-4.017583410456122,-21.661668007921346,10.238846265105648,-20.28063712860901,123.27580172664881,13.88364694358818,-98.48454878947715,16.40510214476819,-1.6887654712758708,-7.9822937676692405,34.15752371405101,100.93688260874924,8.498512695105727,40.065233728543426,-15.273291870933354,9.128771119696006,-42.00584993563837,-463.89759172614833,-74.0461439697205
1771946507.9052925,26.055964030926386,41.28377074421401,-14.431508092555655,7.285778895244802,-59.40949539385883,-12.043541012337771,-103.26125223937643,-20.926731456564962,6.888797039281974,-26.875658814825222,-10.849193478450998,65.84070711364906,-405.2250585976971,7.994277249672103,14.912747990993587,-111.14035827518273,16.93650268219987,-0.4114703533766827,22.428934717099686,-322.93940167240726,-14.926774388946232,9.048882329361922,21.362501766608666,-12.596715123186305,7.672702304213419,-63.401036844921805,-40.740469507635844,-105.74224929418341
